element,eq_plastic_strain,von_mises_Pa
0,0,1556284.2757035436
1,0,2587810.8599853688
2,0,2808975.3592663724
3,0,2809848.708862585
4,0,3013568.9886065917
5,0,3558998.5555654597
6,0,4133726.3058784562
7,0,4397703.1301116357
8,0,4244256.2704067454
9,0,3817597.7904227632
10,0,3366657.7755379491
11,0,3113860.4580472736
12,0,3163031.1717598168
13,0,3500647.1790106222
14,0,4060759.1902508922
15,0,4764580.5295762895
16,0,5535523.8297284134
17,0,6307287.5738293445
18,0,7025703.7463399395
19,0,7642905.9580804342
20,0,8107218.8482769569
21,0,8359800.7028721254
22,0,8344975.8225271497
23,0,8024263.9282004572
24,0,7390052.816386424
25,0,6462915.3642651727
26,0,5273049.4952954631
27,0,3856021.9702387275
28,0,2320200.8989296039
29,0,1297970.9000866152
30,0,2174858.1730372701
31,0,3571618.5711377473
32,0,4675133.0296404352
33,0,5348186.3833977636
34,0,5684768.1503243595
35,0,5840787.5678343643
36,0,5825652.6556007499
37,0,5479291.3767396286
38,0,4579062.4682019381
39,0,2573417.1515792846
40,0,2469301.8110898836
41,0,2543008.2068754714
42,0,1973559.9371587222
43,0,1777832.354616645
44,0,2109580.6392515325
45,0,2890305.5844551777
46,0,3686094.9098038175
47,0,4126586.6736550033
48,0,4063889.881407558
49,0,3630317.2013963098
50,0,3248896.8166518812
51,0,3297269.605434116
52,0,3786652.8609940079
53,0,4541650.7729160013
54,0,5456163.3566505145
55,0,6468396.3479609378
56,0,7509594.8261977322
57,0,8510838.2618920337
58,0,9416828.0499400496
59,0,10185945.913481228
60,0,10785232.240829371
61,0,11172424.542486025
62,0,11281309.070091743
63,0,11048304.146318659
64,0,10436992.354060231
65,0,9436744.9252617359
66,0,8049932.1574235084
67,0,6278812.4262141623
68,0,4152642.0195111907
69,0,1959235.4226658856
70,0,1687872.8067314865
71,0,3437966.8284004736
72,0,4790743.1207874883
73,0,5454559.9040286504
74,0,5623967.5286134826
75,0,5609878.4063794808
76,0,5577896.7167056361
77,0,5512392.8947796216
78,0,5571102.042383722
79,0,4574112.1093664085
80,0,2381983.496770245
81,0,1573753.9436058907
82,0,671820.62139118253
83,0,1206139.7141671143
84,0,1865577.54832374
85,0,2429246.6209492898
86,0,2863517.2281021029
87,0,2948910.3494315487
88,0,2616008.6036434756
89,0,2396051.9639524338
90,0,3013837.9696214497
91,0,4099383.8088305993
92,0,5096655.4284919519
93,0,5963758.0665136343
94,0,6816960.7785051856
95,0,7725456.6164343618
96,0,8680589.5669238064
97,0,9629161.0849835947
98,0,10514626.69238982
99,0,11299211.973214861
100,0,11946142.599267907
101,0,12409052.720972653
102,0,12631809.127277683
103,0,12535787.817011124
104,0,12060389.968545409
105,0,11219882.135406611
106,0,10053024.21111948
107,0,8546236.5344924163
108,0,6695504.9737375863
109,0,4600980.6909771999
110,0,2985316.5045694858
111,0,3047307.1731431843
112,0,3804341.0296918629
113,0,4130623.2019107179
114,0,4100426.3843286955
115,0,4074618.3166956692
116,0,4206629.6540677957
117,0,4542074.5263928911
118,0,5476215.3775305413
119,0,5451481.2219946338
120,0,1956674.4573040721
121,0,747449.14429019345
122,0,1354335.5387769192
123,0,2547935.7908737408
124,0,3310366.7865027455
125,0,3512599.5531782447
126,0,3158589.6470256085
127,0,2508810.2809013557
128,0,2678093.4831426288
129,0,4547080.6919365125
130,0,6602925.3334338395
131,0,8056617.7751904558
132,0,9220577.0907146838
133,0,10266003.47505245
134,0,11225991.290161336
135,0,12089447.562170649
136,0,12845849.61404608
137,0,13483397.599436821
138,0,13981240.490846138
139,0,14323857.553200813
140,0,14531031.597624404
141,0,14642549.463109355
142,0,14639484.310486013
143,0,14425822.629069824
144,0,13976628.109522996
145,0,13347116.782194857
146,0,12519247.768763939
147,0,11476011.899829654
148,0,10197037.724268379
149,0,8678647.902695151
150,0,6760035.4856999116
151,0,5021196.4940364221
152,0,4202433.0841459949
153,0,3830891.8146984135
154,0,3600382.0936796195
155,0,3514301.4553080564
156,0,3606902.7673040256
157,0,4097991.2511263234
158,0,5435740.095252783
159,0,5731909.1387741426
160,0,2250469.5520004849
161,0,1475636.9102332552
162,0,2600316.5227395808
163,0,3848997.6872232901
164,0,4627550.8570804857
165,0,4505844.6813836154
166,0,3084099.0243877298
167,0,2189487.8945107735
168,0,7051171.5891317185
169,0,12314143.943909051
170,0,13732863.883332172
171,0,14007901.035489878
172,0,14410396.549344311
173,0,14796529.60475448
174,0,15235765.35385365
175,0,15805696.639313269
176,0,16542195.038962198
177,0,17417281.094956592
178,0,18390538.638635226
179,0,19349430.127729118
180,0,20051910.446942225
181,0,20231145.955689058
182,0,19914766.929019604
183,0,19375997.371695649
184,0,18784808.189580645
185,0,18110573.376588989
186,0,17231572.753341932
187,0,16139612.138703471
188,0,15012840.804014167
189,0,14244552.984282246
190,0,13624580.567758018
191,0,10548676.469852583
192,0,6929708.8228565734
193,0,5277573.3579765465
194,0,4177244.2380822441
195,0,3550460.0423582648
196,0,3339491.1797701633
197,0,3747262.0892542168
198,0,5250352.6909166388
199,0,5615383.7484780801
200,0,3692711.4183552964
201,0,3088152.7155527896
202,0,3888610.7573783789
203,0,4832385.7579321777
204,0,5259574.8665285492
205,0,4266071.2040896863
206,0,2322133.530758529
207,0,9740954.6717932913
208,0,20259970.156942327
209,0.0010334313352099779,25074360.17527549
210,0.002519767669507701,25202905.098875824
211,0.004201142200765012,26780788.978320856
212,0.0059331232657371729,29048608.277768057
213,0.0076017146131681619,31188794.827988215
214,0.0091347305781027226,33107545.475052558
215,0.01047549291676538,34833721.815589853
216,0.011582779795867523,36473763.880890004
217,0.012418967361556104,38082963.667687885
218,0.012953535406555991,39580831.769914106
219,0.013188939363912095,41122460.510961033
220,0.013309323213445284,40820734.454055928
221,0.013259626746212559,39809152.134516723
222,0.012883619476918603,38840798.726713128
223,0.012185124879689627,37815067.161149696
224,0.011203704056128963,36414830.033967406
225,0.0099595302608001517,34366649.55524905
226,0.0084778453308315908,31577725.915666718
227,0.0068044545486965965,28297282.172299709
228,0.0050053117209905105,25093872.984480817
229,0.0032091617213958422,23321049.162676875
230,0.0015878811736546919,24130206.767833646
231,0.0003289608952926704,26023444.891791854
232,0,18479047.196886331
233,0,11156566.522846363
234,0,6369043.6737876218
235,0,4131474.4459424005
236,0,3187393.5832285271
237,0,3398325.5807299032
238,0,4906722.3868173212
239,0,5271016.4225618774
240,0,5588363.6199431233
241,0,4934598.0335674491
242,0,5336162.6916781235
243,0,5884629.9319158085
244,0,5888383.5450290395
245,0,5037689.4748786017
246,0,13834653.443623317
247,0,29034841.480530325
248,0.00061959909688003663,36956260.983353071
249,0.0019729337851475365,36201619.251833059
250,0.003577631856528631,32393354.939126384
251,0.005352018537343379,28334690.344547257
252,0.0072108433221305538,25219126.259012301
253,0.0090837822511566583,23070160.031890467
254,0.010888243598597865,21898986.129429288
255,0.012534609221276544,21788418.760447871
256,0.013933296740710603,22484896.541438319
257,0.015009252217601965,23770012.977743659
258,0.015709827610488097,25622815.09647356
259,0.016008228996802779,27664682.97505239
260,0.016016330613797879,29989433.707260557
261,0.015851950719397236,31904763.460531268
262,0.015359514016965876,33782792.873588458
263,0.014516054794782714,35370117.399502695
264,0.01334027454220715,35751389.659827314
265,0.011880129128266076,34953917.186432317
266,0.010195065205433614,33631455.837724559
267,0.0083567188538196165,32559171.919427898
268,0.0064570015580794849,32434791.975843884
269,0.0045690289951582207,34015746.378421612
270,0.0027992969782945709,37204588.36126788
271,0.0012532746318694016,41208241.197144516
272,0.00026225311868380042,40755058.23105368
273,0,24962773.320099179
274,0,11743432.272159491
275,0,5711616.7505312031
276,0,3359850.6904089656
277,0,2951801.4410530459
278,0,4249791.1958568878
279,0,4753187.1309988238
280,0,7617668.6847144105
281,0,7039331.5929192239
282,0,7316763.3632161813
283,0,8013387.0878826408
284,0,9498709.5928445533
285,0,13432446.650606899
286,0,29669261.706020538
287,0.00057667987212681074,43974377.59108372
288,0.0011583812326045123,46490955.651221618
289,0.0018691027186609188,46628560.422049843
290,0.0024270477506788068,45970937.357889608
291,0.0028439050637803129,46166631.362048812
292,0.0031715486785387484,48129476.307085559
293,0.0034152650231504926,51012135.022366568
294,0.0035777612143086095,53014919.208753511
295,0.0036809896605424063,52555897.941622101
296,0.0037406180946457012,50306922.03668458
297,0.0037614732197171655,46568383.146345288
298,0.0037689139131615642,41400269.217914097
299,0.0038390606245240714,34740415.048692822
300,0.0038390606245240432,26700869.248156797
301,0.0037689139131615477,18467047.839601189
302,0.0037614732197171724,11226172.905629056
303,0.0037669255951958227,9215844.9284727462
304,0.0037777726190976833,16369728.358531373
305,0.0037911189741299156,25332863.870577179
306,0.0038198387309191749,32722078.17963006
307,0.0038221814605234497,37858143.456539504
308,0.003707734936607936,41500415.116481788
309,0.0034072196970912701,44064941.850560546
310,0.0028537402283743498,45692445.945788823
311,0.0021437064444409354,46280915.291214965
312,0.001344529098859792,48418434.9138344
313,0.00030226004556833426,41663738.339070119
314,0,20068970.565578375
315,0,8815791.1997932494
316,0,4567561.9575502304
317,0,2510906.1169612962
318,0,3053873.2344498471
319,0,4064871.4132901509
320,0,9788024.3322067969
321,0,9584663.9618807677
322,0,10158515.124056866
323,0,12015086.672257643
324,0,16349362.984507822
325,0,26197775.343761623
326,0.0006195990968800478,39397927.452535704
327,0.0011583812326044719,47218161.697112918
328,0.0015507219437097114,47817578.895736538
329,0.0019132929852146449,49854200.383858062
330,0.0021874516251416962,52329909.413807474
331,0.0023640810955354932,55115875.951391168
332,0.0024607713058357765,58046798.554215863
333,0.0024920822049812,60347982.147784956
334,0.0024830703757730984,61227839.124848075
335,0.0024167521639595975,60429382.588647164
336,0.0023110032197199357,57758393.170050092
337,0.002220602757930519,53662395.610227175
338,0.0022745979506470231,48654356.336369701
339,0.002337422772637399,43266180.496671118
340,0.0023374227726373469,38045724.01497744
341,0.0022745979506470291,33663821.761586808
342,0.0023703704507363342,31674575.428862594
343,0.0026736412006987194,34224547.890287109
344,0.0029635996933214679,39121578.54998406
345,0.0032187249177237694,43511470.930317223
346,0.0033966144422627673,46615925.65810357
347,0.0034803468087464921,48159188.792461738
348,0.0034879475107389047,48530436.588879168
349,0.0033835195175174661,47898817.757435076
350,0.0031170283045341991,46673069.875460535
351,0.0027634014699997413,45185156.436059617
352,0.0022561387787019055,46032134.842090756
353,0.0014164599654968892,42049866.684363015
354,0.00048850587588935093,27463262.460400179
355,0,13658106.749414179
356,0,7287633.3686235705
357,0,3346321.9505518759
358,0,1891197.2802978442
359,0,3587809.2128080269
360,0,12200569.365989927
361,0,12647748.802828752
362,0,13683954.220517892
363,0,16909844.59713221
364,0,23781973.288752537
365,0.0010334313352100141,33152739.020353016
366,0.0019729337851475022,40290585.095316917
367,0.0018691027186608727,46635672.742433645
368,0.001913292985214667,49198385.416519985
369,0.0020023589644090145,52221376.057081759
370,0.0021470103100160085,55961981.773160443
371,0.002319900829072484,59156167.378671817
372,0.0025183991793485895,61057399.888484493
373,0.0027327809750405086,61490515.067229949
374,0.0029447697706032785,60782053.156573981
375,0.0031360879300497404,59465708.109553605
376,0.0032999552735160716,58077034.963268369
377,0.0034359917121408404,57337416.779135555
378,0.003535302808147896,57833381.288658239
379,0.0035773161342710635,59249777.40607582
380,0.0035773161342709868,60442429.787644632
381,0.0036295206055897544,59955660.907366656
382,0.0036477279041145579,59743788.058829986
383,0.0036495298695553599,59921549.352931567
384,0.003648266578845654,60450883.90604046
385,0.0036147460386138472,61598013.259010017
386,0.0036214217179414017,61371195.519772254
387,0.0036106385011882166,59592037.216816649
388,0.0035647801965295882,56793551.639454916
389,0.0034862367662593305,53403194.043620244
390,0.0033782948957424047,49882288.187206782
391,0.0032977475236782741,46484896.964274608
392,0.0031306174092495978,45210761.552857436
393,0.0032025983793561763,36167248.563656986
394,0.0019748594420564247,21922707.240783982
395,0,17614774.5457737
396,0,10922133.790243691
397,0,6161806.804122922
398,0,3745895.5733809592
399,0,4350811.0306068799
400,0,14868258.656393569
401,0,15982438.533288179
402,0,17414580.798202068
403,0,21332496.471300229
404,0,27357192.619843263
405,0.0025197676695077336,35185716.43956051
406,0.0035776318565286201,37974070.711218834
407,0.002427047750678753,42341407.060151719
408,0.002187451625141756,48389988.677172415
409,0.0021470103100160024,52866730.016800627
410,0.0021842114208180173,58012757.375747412
411,0.0023441603191857083,60999177.451269589
412,0.0026222747567345981,61363217.121900164
413,0.0030413042379786419,59894312.214621134
414,0.0035949878711790547,58093744.880277514
415,0.0042026016388190665,57036719.918095335
416,0.0047999405792476376,57795242.546546258
417,0.005340378729015033,61092103.648503698
418,0.0057404008385700932,67010389.610305741
419,0.005919727038951386,74135416.64443247
420,0.0061290488941440017,77633414.965754926
421,0.0062077208480072459,79973847.52585043
422,0.0061017505262188493,79266679.269598186
423,0.0058507494157519846,77557895.389296755
424,0.0054683984623274647,76493544.310115203
425,0.005010191914059341,75782426.152008638
426,0.0045469393922380865,74397124.264272004
427,0.0042272261634152359,70253907.964364052
428,0.0040033177655798471,65042819.617343776
429,0.0038505426309188525,59771779.209766455
430,0.0037981511645257008,54633218.997701272
431,0.0038384253957043759,49297748.24792476
432,0.0039435945689437063,45079549.47431948
433,0.0053544180834802137,31461100.602134977
434,0.0039498480170265301,18811355.832624346
435,0,19434982.239175417
436,0,14563066.371546295
437,0,9930389.7106369454
438,0,7339867.5617692526
439,0,6608413.9489964545
440,0,17673506.075658083
441,0,19202680.033568088
442,0,20852679.220351685
443,0,24402694.905662287
444,0,29259300.742110126
445,0.0042011422007650527,38640267.394842423
446,0.0053520185373433418,35621574.175027125
447,0.0028439050637802344,36214791.611830719
448,0.0023640810955355691,45709192.348349325
449,0.002319900829072419,51013267.520645484
450,0.00234416031918574,56290036.930922501
451,0.0026187450475661823,57752730.519183293
452,0.0031618821624213719,55890684.99630627
453,0.0039114840308975612,52611654.677378751
454,0.0048658004620914779,50016354.62200997
455,0.0059359738952519513,49891118.930956401
456,0.0070788493283215695,53329713.23185198
457,0.0080532808654967657,60873434.048314355
458,0.0087652883478958644,72243644.596208528
459,0.00923500399779747,84422835.617567599
460,0.0095527996276209438,90191361.151173681
461,0.009645916583677628,92804527.68442589
462,0.0094546883200628106,90848447.070300683
463,0.0089158028236570493,89348430.025337636
464,0.0081094199092305464,87967957.951506793
465,0.0072143827248390717,86569650.688907534
466,0.0062809488716545269,84291199.387063593
467,0.0054941907966321755,78515931.505143106
468,0.0049155764708916994,72040209.068655968
469,0.0045154744290069986,66342095.592070028
470,0.0043235562018669816,60756985.594583705
471,0.0043431924193210077,54004654.231603563
472,0.0046083403596591088,46970523.684071399
473,0.0077977028642263512,28766546.137181111
474,0.0062623332516751782,20245093.14825711
475,0,21268401.878096443
476,0,17750651.567718208
477,0,13775804.586835332
478,0,11276746.753240915
479,0,9686344.8063694276
480,0,20438649.957923543
481,0,22038312.657267898
482,0,23621143.736070082
483,0,26581990.429535486
484,0,31008861.975310672
485,0.0059331232657372172,42456117.702883311
486,0.0072108433221304844,33970718.049086608
487,0.0031715486785386382,31058463.824501459
488,0.0024607713058358302,42426849.427440107
489,0.0025183991793485514,47064788.933061168
490,0.0026222747567345309,51192007.6885245
491,0.0031618821624212474,50671719.562429957
492,0.0040387424735200241,47341960.430222765
493,0.005212828707084052,42928415.108702205
494,0.0067726830038213701,40380477.641792476
495,0.0085796816011568487,41524531.000848562
496,0.010397990865714423,47601509.077984795
497,0.012028331998074343,59650370.005454272
498,0.013265153165914909,76202847.616208732
499,0.014133591821809509,90828689.941543221
500,0.014674987810468018,99264913.612141848
501,0.014846206323998291,99312809.675159737
502,0.014474340680516262,97993127.694659993
503,0.013605211661326878,97427003.677432269
504,0.012246617383782608,96802437.262702316
505,0.010570125051611323,95452808.163510114
506,0.0088802635261084235,92050583.450398654
507,0.0074361712778940716,84804422.008205816
508,0.0062722337173259255,77550017.604341567
509,0.0054170392224726673,72066847.532518372
510,0.0049784402068930233,66663671.509887978
511,0.0048360678402610711,59251736.731350169
512,0.0051674330833620819,50574011.953058258
513,0.010440527548360232,28188304.179040048
514,0.008743311760150101,24822477.533062275
515,0,23267167.96325371
516,0,20588531.966652337
517,0,17254251.565151576
518,0,15049075.223393695
519,0,13102141.348693149
520,0,23018432.325344354
521,0,24359478.247799512
522,0,25739640.269782998
523,0,28194772.992565874
524,0,32318488.807783067
525,0.0076017146131682018,45653521.807654098
526,0.0090837822511566305,32704795.089390937
527,0.0034152650231503824,28628616.873480983
528,0.0024920822049812226,38983083.781351089
529,0.0027327809750404696,41545190.74488245
530,0.0030413042379786245,43843642.142758533
531,0.0039114840308977182,41853573.011391543
532,0.0052128287070844275,37976202.630723
533,0.0069075283353205487,33992123.044604816
534,0.0091947429439726402,32932799.953489397
535,0.011804458464340009,36541064.756010391
536,0.014683824692536989,44387544.011281542
537,0.017180430637582539,58230483.986459263
538,0.019024286922955099,79954473.653383806
539,0.020535143485864785,94737723.547156677
540,0.021308837427798918,104021124.74439226
541,0.02162036246248128,106427189.78426389
542,0.021282802440809611,107477152.1495343
543,0.019973368227736633,108167471.55003883
544,0.017819925127910523,107549861.66987814
545,0.015296379448527414,105448389.2548485
546,0.012524065242991753,100108115.84576136
547,0.010118696075755686,91169718.168263748
548,0.0081161540114493801,83225310.369390815
549,0.006627058222948571,77464918.137468055
550,0.0057153092769896743,71828973.168882042
551,0.0052992324502760318,63851971.048547193
552,0.0056185110379892511,54328942.952945672
553,0.013200997397643615,29435263.569741126
554,0.01125233321745203,30384093.626346871
555,0,25038115.239991631
556,0,22947957.378568456
557,0,20228891.183745801
558,0,18402908.145747993
559,0,16587047.880970107
560,0,25318007.234304994
561,0,26179188.001311876
562,0,27304646.012378979
563,0,29333140.125426173
564,0,33113887.213590864
565,0.0091347305781028058,48123335.903543517
566,0.010888243598597754,31748758.459855799
567,0.0035777612143085033,28512814.727261651
568,0.0024830703757730962,35200863.830494061
569,0.0029447697706031844,35105318.485404275
570,0.0035949878711789315,36093843.68916408
571,0.004865800462091229,34099819.725808181
572,0.00677268300382175,31726698.224575344
573,0.0091947429439730392,30936768.317904849
574,0.012339206537777207,34181356.243343115
575,0.016116047424225136,40908623.864870161
576,0.020235389959116726,47494160.227489978
577,0.023924419767489741,60233668.966171816
578,0.027501933615991892,79661173.969912082
579,0.030096525298156866,96810669.585381299
580,0.031401621823572395,104354121.66313779
581,0.031853683609762123,109646641.27682483
582,0.031192866821115346,115418196.6714851
583,0.029549762725581109,119326031.12955169
584,0.026404033028862628,120599252.76604341
585,0.022188149856710925,117429496.70478977
586,0.017765588068759108,109074227.70427397
587,0.013764855851174311,98977358.963803753
588,0.010485620984454306,90163524.371141359
589,0.0080997472072697647,83233890.84961158
590,0.0064629986105378028,76081401.956267923
591,0.005671553738349093,66977970.593929186
592,0.0059294940998267801,56871591.191551454
593,0.015955917063983482,31739019.882119749
594,0.013684611536828149,35840655.410772413
595,0,26290563.259619437
596,0,24762085.280646406
597,0,22628582.24376598
598,0,21251290.568670005
599,0,19961636.407159276
600,0,27284055.029164355
601,0,27559686.494480707
602,0,28412229.722985771
603,0,30074847.317868132
604,0,33451865.308353487
605,0.010475492916765444,49916073.685672931
606,0.012534609221276458,31258910.945335697
607,0.0036809896605423113,29281685.03002964
608,0.0024167521639595936,30878448.374807563
609,0.003136087930049573,28278215.157038443
610,0.0042026016388190639,29187340.420160975
611,0.0059359738952526183,29392417.972849801
612,0.0085796816011572147,30941688.258045293
613,0.011804458464339732,35456964.003339559
614,0.01611604742422609,43637007.029486634
615,0.021108616250631974,53023556.313776396
616,0.026767123377514215,60319053.181478046
617,0.033564577359298804,67198070.250288665
618,0.039897471530165936,80736313.675299078
619,0.044132421021293868,91857403.842912495
620,0.046915950833040135,100407729.08987471
621,0.047848716047969003,116202469.08042705
622,0.046520655285617642,129632028.04943427
623,0.043363589375293596,133716114.29493599
624,0.03878090127766954,133465096.68633454
625,0.032313255648419026,130563809.03861424
626,0.024904243875193882,120835702.94385163
627,0.018567411513389222,108984104.97840959
628,0.01343057900205253,97618168.180485725
629,0.0097891952569587465,88319147.310738325
630,0.0071347385593547759,79029019.741361812
631,0.0059006385706553864,67990845.96661061
632,0.0060691232164651289,57254917.769782297
633,0.018549268247233196,34272396.872066177
634,0.015924528517104769,40663699.602119379
635,0,27051022.82680922
636,0,26024430.102505349
637,0,24463352.258403435
638,0,23576030.84119907
639,0,23078943.977318723
640,0,28884858.904748764
641,0,28568549.872808374
642,0,29158282.052706201
643,0,30507302.470838308
644,0,33470913.293024123
645,0.011582779795867582,51159182.25198026
646,0.013933296740710571,31139693.423699524
647,0.0037406180946455967,30037687.766057327
648,0.0023110032197199409,26028391.327416487
649,0.0032999552735158946,21631121.36272458
650,0.0047999405792476611,24305385.226803798
651,0.0070788493283214177,28485246.011661831
652,0.010397990865714943,34694710.683020607
653,0.0146838246925368,43776297.676435061
654,0.020235389959116987,56116471.737462178
655,0.026767123377515835,69751940.884682819
656,0.036532442348614011,79252200.611936241
657,0.047408251551174035,84828509.223766789
658,0.061060762196912928,92585205.165983647
659,0.073485645636919492,103473398.9063271
660,0.079458240145437939,106008931.5928109
661,0.077899382589926236,116171129.06569996
662,0.072980541026212625,146298020.68770903
663,0.068081575464353325,154974589.30521017
664,0.05904757619645469,152020152.62864661
665,0.047246270754449933,145820020.94639051
666,0.03454571898917657,133878712.21200299
667,0.024753595375160052,113750145.64278094
668,0.017148599388708215,99054261.149098858
669,0.011789979542764267,88649549.857133374
670,0.0078063448314977949,79196774.364886418
671,0.0059858805746383871,66699816.745596237
672,0.0060947445485333178,54429570.556778394
673,0.020813467099056758,36353898.310329556
674,0.017861895338303502,44626319.906639054
675,0,27428000.507002283
676,0,26812917.223752685
677,0,25783982.785578962
678,0,25391102.408630509
679,0,25797588.285342652
680,0,30099984.825847793
681,0,29266070.04968727
682,0,29630402.819758624
683,0,30725915.019632075
684,0,33321454.15135093
685,0.012418967361556139,51968802.117756873
686,0.015009252217601901,31141014.380636826
687,0.0037614732197170241,30400276.203684762
688,0.0022229619258043636,20952007.57462744
689,0.0034359917121407342,15653198.187072508
690,0.0053403787290155066,22052430.036096476
691,0.0080532808654968542,30035944.599680189
692,0.012028331998074895,40001419.861528493
693,0.017180430637581873,52211609.50449641
694,0.023924419767488707,68442771.944878131
695,0.033528142028943976,86567584.995586291
696,0.047347527091155292,101510084.23781224
697,0.066171930697368264,114566927.46026193
698,0.1027746426316944,130095101.23601036
699,0.15075583027044734,146630455.32141659
700,0.1624367123669461,147374519.37125087
701,0.14860001025589623,133009975.93658018
702,0.13137805638727493,140801793.75780955
703,0.12375606148962057,89782055.086347133
704,0.10451208957154295,129328335.28067964
705,0.069030092422593156,165633836.42738426
706,0.047206753531231126,137436818.9980801
707,0.031872148506363586,110601352.30780122
708,0.02124981256169808,92463540.126219362
709,0.01374555455926829,81006057.958605304
710,0.0084451339802459318,76087744.680840775
711,0.0059624435234727014,62370000.171830975
712,0.0059907003288259524,47546546.885599129
713,0.022592943986210326,37702561.054265544
714,0.019386894164109103,47660888.827396594
715,0,27541199.395386875
716,0,27235835.937893324
717,0,26668210.966279574
718,0,26720100.652523883
719,0,27982389.745096605
720,0,30916403.67552435
721,0,29701284.321149781
722,0,29901923.849829953
723,0,30816630.517042283
724,0,33140829.498313949
725,0.012953535406556048,52444931.86907775
726,0.015709827610487993,31023876.757717025
727,0.0037689139131615052,30384365.600374065
728,0.002275714122508331,16313006.889978519
729,0.0035353028081477,10940121.890850309
730,0.0057404008385694028,21719367.211598881
731,0.0087652883478959026,32234946.690609414
732,0.013265153165914543,44509718.77628047
733,0.018955067636650447,58546515.318488479
734,0.027121542699941336,77797111.47874257
735,0.03921585813734578,97908613.941773579
736,0.060019123087032743,119142105.07179886
737,0.10153767350452021,147641479.13300747
738,0.19463329670663906,177968229.03637004
739,0.28450270217459472,200985098.86880824
740,0.30208159184337796,206146618.42389965
741,0.27614138357623219,196762907.85360569
742,0.2610284309517113,189605553.40058333
743,0.2428197447936703,128302691.52041394
744,0.21177784102831895,147797463.84920928
745,0.12454179020870065,157762249.34968847
746,0.063068065874919699,133501724.04950985
747,0.03974888140219536,106079390.25784701
748,0.024557268102953871,85264579.213154584
749,0.015384170723275718,73988329.063326955
750,0.0090748598493198829,68796346.936992556
751,0.0059428184861268826,56693196.178253971
752,0.0057871817380690214,37172277.474949799
753,0.023770190246967523,38388361.250523828
754,0.020395024765006157,49692793.913566887
755,0,27501559.675495837
756,0,27422429.142394219
757,0,27196312.380830336
758,0,27589135.814601593
759,0,29514154.994561594
760,0,31326474.714523207
761,0,29909316.135692604
762,0,30025077.945397608
763,0,30843410.282061059
764,0,33028171.926890418
765,0.0131746314419325,52673368.222019687
766,0.016008228996802681,30883994.41597091
767,0.0038390606245239994,30308528.379560675
768,0.0023384658779198085,13274931.662349729
769,0.0035773161342710067,8155155.2950866772
770,0.0059145141867359844,22005025.05174917
771,0.0091255801493767986,33688137.214203477
772,0.01379805211339988,46940915.502760261
773,0.019845893835304867,61931510.63361574
774,0.028782498603683777,82297793.721557572
775,0.041996145817195164,101624481.13979214
776,0.069415635239594251,128287933.01459858
777,0.14325279879253786,170222688.23434907
778,0.27305649996384851,202633094.89364353
779,0.33546563460887535,227168130.0028303
780,0.35811100283358438,227601665.45279163
781,0.36156459851182216,236237323.35180795
782,0.3421178096963019,234203317.63690743
783,0.31890934111807184,219184879.02817997
784,0.28544026262290367,141840626.28009793
785,0.18117712133820005,183519650.68091646
786,0.081956779301549376,131472770.62590741
787,0.045709310602537301,102920467.83496317
788,0.026406443703967841,80905231.003987059
789,0.01641473625569272,70595378.052231476
790,0.0093846525799767353,63851934.041831195
791,0.0058995594920778736,52834234.996882483
792,0.005588513861222698,27271305.895683955
793,0.024272857858114529,38572459.974860258
794,0.020822139747562033,50745924.568413183
795,0,27438986.113731325
796,0,27480965.128505282
797,0,27440752.42944432
798,0,28017727.582983565
799,0,30304035.27311689
800,0,31326474.392169591
801,0,29909315.784325335
802,0,30025077.634018727
803,0,30843410.007073794
804,0,33028171.674341761
805,0.013174631441932518,52673368.047913313
806,0.016008228996802851,30883994.219707761
807,0.0038390606245239712,30308528.991944578
808,0.0023384658779197929,13274933.435548462
809,0.003577316134271041,8155157.0688316738
810,0.005914514186736065,22005025.307816345
811,0.0091255801493766997,33688137.162425026
812,0.013798052113399548,46940915.39016483
813,0.019845893835304419,61931510.750505023
814,0.028782498603683915,82297793.998275802
815,0.04199614581719633,101624481.92095803
816,0.069415635239594972,128287934.3295297
817,0.14325279879253724,170222689.54304746
818,0.27305649996384501,202633096.453924
819,0.33546563460887563,227168134.09751341
820,0.35811100283358438,227601676.97412395
821,0.36156459851182132,236237345.1410864
822,0.34211780969630184,234203324.85568908
823,0.3189093411180714,219184893.14881825
824,0.28544026262290567,141840631.92524031
825,0.18117712133819977,183519639.78504089
826,0.081956779301549001,131472748.60897247
827,0.045709310602536433,102920443.54792303
828,0.026406443703968233,80905218.975464851
829,0.016414736255692914,70595371.925486937
830,0.0093846525799765306,63851931.082251556
831,0.0058995594920778684,52834232.210368387
832,0.0055885138612227032,27271301.708265372
833,0.024272857858114453,38572459.909119517
834,0.020822139747562037,50745925.063829809
835,0,27438987.235278431
836,0,27480966.220843095
837,0,27440753.557381701
838,0,28017728.731417939
839,0,30304036.224749405
840,0,30916402.71771758
841,0,29701283.279983856
842,0,29901922.926471431
843,0,30816629.70032024
844,0,33140828.748324089
845,0.012953535406556057,52444931.350739479
846,0.015709827610488135,31023876.179338496
847,0.0037689139131614623,30384367.322595265
848,0.0022757141225083371,16313011.012675053
849,0.0035353028081476982,10940125.864336682
850,0.0057404008385699189,21719368.081000812
851,0.0087652883478959338,32234946.576103896
852,0.013265153165914987,44509718.519066617
853,0.018955067636649992,58546515.502365448
854,0.027121542699938328,77797112.312388182
855,0.039215858137347008,97908615.987468258
856,0.060019123087033714,119142108.40782063
857,0.1015376735045183,147641482.30547854
858,0.19463329670663648,177968232.57058498
859,0.28450270217459833,200985105.69422451
860,0.30208159184337785,206146643.43794602
861,0.27614138357623214,196762964.15913406
862,0.26102843095171124,189605636.19694173
863,0.24281974479367033,128302699.70556749
864,0.21177784102831951,147797476.49632853
865,0.12454179020870174,157762163.3447603
866,0.063068065874919879,133501637.50736454
867,0.03974888140219509,106079330.95814283
868,0.024557268102953032,85264547.120874196
869,0.015384170723275617,73988314.979880691
870,0.0090748598493196417,68796338.561945811
871,0.005942818486126788,56693189.171129368
872,0.0057871817380690882,37172268.944371246
873,0.023770190246967457,38388361.093114369
874,0.020395024765006084,49692795.344799571
875,0,27501562.922604069
876,0,27422432.316408679
877,0,27196315.674252786
878,0,27589139.180581186
879,0,29514157.797730636
880,0,30099983.259933587
881,0,29266068.356049921
882,0,29630401.31546744
883,0,30725913.684785459
884,0,33321452.926962677
885,0.012418967361556161,51968801.26178918
886,0.015009252217602064,31141013.433339123
887,0.003761473219717008,30400278.761770625
888,0.0022229619258046767,20952012.462529819
889,0.0034359917121407485,15653202.730172722
890,0.0053403787290153435,22052431.737525746
891,0.008053280865496764,30035944.643232666
892,0.012028331998075023,40001419.541308016
893,0.017180430637582535,52211609.605606325
894,0.023924419767490306,68442772.951731712
895,0.033528142028944746,86567587.454422265
896,0.047347527091155937,101510087.65860477
897,0.066171930697369083,114566931.11513418
898,0.10277464263169452,130095103.17366536
899,0.1507558302704497,146630460.81334335
900,0.16243671236694682,147374528.56047291
901,0.14860001025589661,133010044.13731308
902,0.1313780563872754,140801896.30401379
903,0.12375606148962087,89782123.021998912
904,0.10451208957154177,129328328.18256728
905,0.069030092422591546,165633750.1950579
906,0.047206753531231563,137436689.92293635
907,0.031872148506362531,110601271.06946346
908,0.02124981256169841,92463505.428604826
909,0.01374555455926817,81006040.985098705
910,0.008445133980245741,76087733.774711177
911,0.005962443523472586,62369991.194435321
912,0.0059907003288260175,47546537.370220013
913,0.022592943986210312,37702560.7924053
914,0.01938689416410911,47660891.124600023
915,0,27541204.435582511
916,0,27235840.912284657
917,0,26668216.172838498
918,0,26720106.012460582
919,0,27982394.251878362
920,0,28884856.774903636
921,0,28568547.584343787
922,0,29158280.015184257
923,0,30507300.653483737
924,0,33470911.628956664
925,0.011582779795867621,51159181.066371493
926,0.013933296740710678,31139692.148426317
927,0.003740618094645546,30037690.886062041
928,0.0023110032197199352,26028396.14528833
929,0.0032999552735161058,21631125.790087763
930,0.0047999405792476611,24305387.736214049
931,0.0070788493283217889,28485246.693921302
932,0.010397990865714286,34694710.528948285
933,0.014683824692537031,43776297.634309709
934,0.020235389959117028,56116472.67130813
935,0.026767123377515026,69751942.338979602
936,0.036532442348613886,79252203.141340122
937,0.047408251551174049,84828509.782523826
938,0.061060762196913261,92585207.721166462
939,0.073485645636918479,103473396.67088878
940,0.079458240145437384,106008933.13064517
941,0.077899382589925473,116171158.78101194
942,0.072980541026212764,146298122.45225224
943,0.068081575464351993,154974612.83633816
944,0.059047576196454593,152019895.10950178
945,0.047246265998741988,145819816.16818106
946,0.034545718989176522,133878567.14075702
947,0.024753595375159858,113750058.91800252
948,0.017148599388708323,99054243.884377569
949,0.011789979542764659,88649531.400695786
950,0.0078063448314980126,79196764.997180998
951,0.0059858805746383957,66699807.180065781
952,0.0060947445485333811,54429561.615748696
953,0.020813467099056734,36353897.984774426
954,0.017861895338303506,44626323.016638398
955,0,27428006.900904451
956,0,26812923.603225928
957,0,25783989.544838037
958,0,25391109.431350216
959,0,25797594.271819398
960,0,27284052.394398242
961,0,27559683.683497384
962,0,28412227.21112588
963,0,30074845.061235532
964,0,33451863.245364703
965,0.010475492916765474,49916072.182555035
966,0.012534609221276586,31258909.422085244
967,0.0036809896605422688,29281688.472268276
968,0.002416752163959611,30878452.765217349
969,0.0031360879300495049,28278219.231854916
970,0.004202601638819207,29187343.410933744
971,0.0059359738952522306,29392419.600516647
972,0.0085796816011573761,30941688.927656371
973,0.011804458464340226,35456964.118806735
974,0.016116047424225254,43637008.021900833
975,0.021108616250632106,53023556.444554433
976,0.026767123377515117,60319055.664644852
977,0.033564577359297534,67198067.250383168
978,0.039897471530166304,80736321.420762345
979,0.044132421021293923,91857396.260449216
980,0.046915950833040537,100407752.41833444
981,0.047848716047969232,116202419.08573414
982,0.046520655285617066,129632114.79537216
983,0.043363594227936147,133716523.32003874
984,0.038780909212126326,133464866.64097895
985,0.03231324080178008,130563626.03279524
986,0.024904243875193723,120835695.22931728
987,0.018567411513389087,108984038.61967869
988,0.013430579002052767,97618167.623491213
989,0.0097891952569588731,88319132.511973396
990,0.0071347385593548383,79029013.306603208
991,0.0059006385706553187,67990837.316311359
992,0.0060691232164649823,57254910.26956708
993,0.018549268247233196,34272396.878146254
994,0.015924528517104703,40663703.489127353
995,0,27051030.137474757
996,0,26024437.464602478
997,0,24463360.164862156
998,0,23576039.139101092
999,0,23078951.170448642
1000,0,25318004.166104358
1001,0,26179184.748526108
1002,0,27304643.090545945
1003,0,29333137.476208296
1004,0,33113884.794192165
1005,0.0091347305781027972,48123334.100526594
1006,0.010888243598597875,31748756.808795702
1007,0.0035777612143085111,28512818.23337866
1008,0.0024830703757731244,35200867.665430591
1009,0.0029447697706030422,35105322.125650406
1010,0.003594987871179082,36093846.799100749
1011,0.0048658004620913261,34099822.138349071
1012,0.0067726830038212756,31726700.128366891
1013,0.0091947429439725066,30936769.726425793
1014,0.012339206537777536,34181357.814362951
1015,0.016116047424225885,40908624.74829565
1016,0.020235389959116563,47494162.669757135
1017,0.023924419767489949,60233668.790856637
1018,0.027501933615990997,79661180.712434947
1019,0.030096525298157782,96810666.445354819
1020,0.031401621823571993,104354137.12017177
1021,0.031853683609761416,109646559.39585476
1022,0.031192866821115533,115418107.12660083
1023,0.029549762725580766,119325963.70239609
1024,0.026404037299920361,120599316.55993734
1025,0.022188149856710571,117429631.45681973
1026,0.017765588068758525,109074306.48651615
1027,0.013764855851174406,98977358.546028376
1028,0.01048562098445411,90163528.668240592
1029,0.0080997472072696104,83233884.744248345
1030,0.0064629986105378861,76081397.988105819
1031,0.0056715537383490444,66977964.199687921
1032,0.0059294940998266439,56871585.301274359
1033,0.015955917063983492,31739020.757497478
1034,0.013684611536828116,35840660.102162808
1035,0,26290571.086409561
1036,0,24762093.243035272
1037,0,22628590.896570582
1038,0,21251299.752273716
1039,0,19961644.511593938
1040,0,23018428.905261498
1041,0,24359474.636835855
1042,0,25739637.003284838
1043,0,28194769.998690404
1044,0,32318486.075490016
1045,0.0076017146131682157,45653519.739091486
1046,0.0090837822511567155,32704793.472864538
1047,0.0034152650231503829,28628620.130172569
1048,0.0024920822049812434,38983087.050574385
1049,0.0027327809750405242,41545193.959893718
1050,0.003041304237978595,43843645.137530729
1051,0.0039114840308976471,41853575.784516156
1052,0.0052128287070843894,37976205.370050013
1053,0.0069075283353202416,33992125.946743071
1054,0.0091947429439727009,32932803.088935792
1055,0.011804458464340115,36541067.917551033
1056,0.01468382469253606,44387547.323908985
1057,0.017180430637581755,58230487.823977716
1058,0.019024286922954964,79954477.959484965
1059,0.02053514348586527,94737727.749924049
1060,0.021308837427799068,104021118.80418195
1061,0.021620362462480777,106427153.05308455
1062,0.021282802440809639,107477139.91171335
1063,0.019973368227736942,108167538.08940025
1064,0.017819925127909659,107549975.97327693
1065,0.015296379448527615,105448561.68046264
1066,0.012524065242991387,100108212.92644249
1067,0.010118696075755404,91169748.656795129
1068,0.0081161540114492777,83225322.126264244
1069,0.0066270582229485692,77464919.149692729
1070,0.0057153092769897402,71828971.292589292
1071,0.0052992324502760405,63851967.222755015
1072,0.0056185110379891141,54328938.492508993
1073,0.013200997397643577,29435265.252116416
1074,0.011252333217452002,30384099.245990701
1075,0,25038123.206427537
1076,0,22947965.619154084
1077,0,20228900.214146741
1078,0,18402917.867899667
1079,0,16587056.602199474
1080,0,20438646.275610358
1081,0,22038308.771326821
1082,0,23621140.189410184
1083,0,26581987.142606508
1084,0,31008858.978669528
1085,0.0059331232657372215,42456115.440452926
1086,0.0072108433221305676,33970716.658326186
1087,0.0031715486785386586,31058466.560707316
1088,0.0024607713058358042,42426852.19177717
1089,0.0025183991793484759,47064791.758426219
1090,0.0026222747567343865,51192010.461173706
1091,0.0031618821624212236,50671722.315166786
1092,0.0040387424735199434,47341963.360537276
1093,0.0052128287070841196,42928418.464789249
1094,0.0067726830038211594,40380481.641271077
1095,0.0085796816011570465,41524535.580399826
1096,0.010397990865714203,47601513.887523279
1097,0.012028331998074787,59650375.147203065
1098,0.013265153165914402,76202852.453591347
1099,0.014133591821809515,90828693.708481401
1100,0.014674987810467366,99264911.396647066
1101,0.014846206323997566,99312817.047545716
1102,0.014474340680515748,97993143.462529585
1103,0.013605211661326628,97427019.916175559
1104,0.012246617383782174,96802468.808963329
1105,0.010570125051610814,95452840.224149376
1106,0.0088802635261078459,92050630.252835765
1107,0.0074361712778939111,84804455.328186691
1108,0.0062722337173258674,77550031.041144982
1109,0.0054170392224726378,72066852.678277016
1110,0.0049784402068930216,66663671.21723216
1111,0.004836067840261052,59251734.689246431
1112,0.0051674330833619388,50574008.596940354
1113,0.010440527548360234,28188305.860780429
1114,0.0087433117601500906,24822484.022387844
1115,0,23267175.736237522
1116,0,20588540.187574584
1117,0,17254260.641527601
1118,0,15049085.202134766
1119,0,13102150.408928892
1120,0,17673502.228613082
1121,0,19202675.955813944
1122,0,20852675.459953696
1123,0,24402691.390053533
1124,0,29259297.544484906
1125,0.0042011422007650614,38640265.085251912
1126,0.0053520185373434016,35621573.226307735
1127,0.0028439050637802531,36214793.809010856
1128,0.002364081095535563,45709194.722894274
1129,0.002319900829072389,51013270.048157148
1130,0.0023441603191856849,56290039.490732446
1131,0.002618745047566335,57752733.120734349
1132,0.0031618821624211937,55890687.796610169
1133,0.0039114840308978709,52611657.895708613
1134,0.0048658004620913504,50016358.547349557
1135,0.0059359738952525238,49891123.644636951
1136,0.0070788493283219173,53329718.564045966
1137,0.0080532808654967848,60873439.686730072
1138,0.0087652883478956719,72243650.138594702
1139,0.0092350039977977718,84422840.468505472
1140,0.0095527996276206888,90191368.067220509
1141,0.0096459165836772255,92804535.068144083
1142,0.0094546883200630049,90848457.184932947
1143,0.0089158028236570302,89348451.961641058
1144,0.0081094199092308309,87967987.19685176
1145,0.0072143827248389901,86569685.563993439
1146,0.0062809488716545044,84291224.612208933
1147,0.005494190796632035,78515950.019646049
1148,0.0049155764708917757,72040220.855795994
1149,0.004515474429006963,66342100.334233008
1150,0.0043235562018669373,60756986.39639429
1151,0.0043431924193209756,54004652.771299481
1152,0.0046083403596589518,46970520.970408157
1153,0.0077977028642263451,28766546.886428587
1154,0.0062623332516751678,20245099.709868308
1155,0,21268409.113143962
1156,0,17750659.41782764
1157,0,13775813.36909857
1158,0,11276756.776034083
1159,0,9686353.9283991568
1160,0,14868254.754244916
1161,0,15982434.351637207
1162,0,17414576.896022387
1163,0,21332492.823834389
1164,0,27357189.341279861
1165,0.0025197676695077349,35185714.361006059
1166,0.0035776318565286622,37974070.432082206
1167,0.002427047750678769,42341408.925257117
1168,0.0021874516251417695,48389990.821881898
1169,0.0021470103100159886,52866732.367302142
1170,0.0021842114208180117,58012759.799540132
1171,0.0023441603191857261,60999179.903762303
1172,0.002622274756734599,61363219.707919106
1173,0.0030413042379786224,59894315.120013677
1174,0.0035949878711789706,58093748.367882065
1175,0.0042026016388190058,57036724.20122388
1176,0.0047999405792476168,57795247.668162204
1177,0.0053403787290149662,61092109.404761449
1178,0.0057404008385698721,67010395.764315866
1179,0.0059197270389512802,74135423.452160493
1180,0.0061290488941440078,77633422.661810711
1181,0.0062077208480071028,79973857.634303808
1182,0.0061017505262188146,79266691.75924556
1183,0.005850749415752139,77557906.633156165
1184,0.0054683984623275861,76493555.819422036
1185,0.0050101919140591797,75782436.827001661
1186,0.0045469393922382912,74397136.646626517
1187,0.0042272261634152325,70253917.935812056
1188,0.0040033177655799234,65042825.78006766
1189,0.0038505426309189041,59771782.202175878
1190,0.0037981511645257164,54633219.320825629
1191,0.0038384253957044097,49297746.725475743
1192,0.0039435945689435805,45079546.722345971
1193,0.0053544180834802346,31461099.763169833
1194,0.0039498480170265284,18811360.204441894
1195,0,19434988.424921717
1196,0,14563073.285688413
1197,0,9930397.7127807532
1198,0,7339877.4462422421
1199,0,6608422.6906123841
1200,0,12200565.541237077
1201,0,12647744.619764682
1202,0,13683950.249481261
1203,0,16909840.933983896
1204,0,23781970.128889434
1205,0.0010334313352100054,33152737.568254866
1206,0.0019729337851475555,40290585.658638567
1207,0.001869102718660892,46635674.557606623
1208,0.0019132929852147022,49198387.518076681
1209,0.0020023589644090089,52221378.37194559
1210,0.0021470103100159998,55961984.177560411
1211,0.0023199008290724485,59156169.77249819
1212,0.0025183991793486173,61057402.310074806
1213,0.002732780975040594,61490517.6543708
1214,0.0029447697706034208,60782056.139291629
1215,0.003136087930049727,59465711.736772723
1216,0.0032999552735165283,58077039.445761353
1217,0.0034359917121410287,57337422.212502383
1218,0.0035353028081480603,57833387.639113687
1219,0.0035773161342714933,59249784.723734133
1220,0.0035773161342711399,60442438.268730946
1221,0.0036295206055897114,59955669.893839113
1222,0.003647727904114766,59743796.661300562
1223,0.0036495298695553165,59921557.663425252
1224,0.0036482665788455117,60450891.012627527
1225,0.0036147460386137444,61598019.728085414
1226,0.0036214217179413983,61371199.934682757
1227,0.0036106385011880843,59592040.346923709
1228,0.0035647801965295383,56793553.788893797
1229,0.0034862367662592845,53403194.786393836
1230,0.0033782948957423288,49882287.584670067
1231,0.0032977475236782528,46484894.937011801
1232,0.0031306174092494837,45210758.407431901
1233,0.0032025983793561785,36167245.67182716
1234,0.0019748594420564217,21922707.59109864
1235,0,17614778.641980261
1236,0,10922138.666163836
1237,0,6161813.052769321
1238,0,3745904.721353271
1239,0,4350817.9792384654
1240,0,9788020.74920284
1241,0,9584659.9047779217
1242,0,10158511.146412613
1243,0,12015083.008909304
1244,0,16349360.020445645
1245,0,26197774.62195424
1246,0.00061959909688005983,39397929.00981538
1247,0.0011583812326044904,47218163.877915911
1248,0.0015507219437097355,47817581.168024175
1249,0.0019132929852147143,49854202.797187366
1250,0.002187451625141812,52329911.914858691
1251,0.002364081095535616,55115878.417273514
1252,0.0024607713058358749,58046800.944485329
1253,0.0024920822049812746,60347984.514309436
1254,0.002483070375773173,61227841.613918506
1255,0.0024167521639596504,60429385.410232812
1256,0.0023110032197200306,57758396.594762303
1257,0.0022206027579308729,53662399.93411012
1258,0.0022745979506468769,48654361.860411614
1259,0.0023374227726371422,43266187.335554428
1260,0.0023374227726371496,38045731.902127109
1261,0.002274597950646857,33663829.951889433
1262,0.0023703704507364058,31674581.969541747
1263,0.0026736412006989232,34224551.07704512
1264,0.0029635996933216999,39121579.218097478
1265,0.0032187249177240552,43511470.265659451
1266,0.003396614442263047,46615925.245982096
1267,0.0034803468087467667,48159188.477928527
1268,0.003487947510739151,48530436.012945592
1269,0.0033835195175176318,47898816.845997363
1270,0.003117028304534281,46673068.254377633
1271,0.0027634014699996993,45185153.706901439
1272,0.0022561387787019189,46032130.696873635
1273,0.0014164599654969015,42049861.79485292
1274,0.00048850587588934876,27463259.656167991
1275,0,13658107.013591984
1276,0,7287634.5228149844
1277,0,3346323.6547744055
1278,0,1891198.8483161149
1279,0,3587811.3621108178
1280,0,7617665.5316991601
1281,0,7039327.8016317133
1282,0,7316759.4016218493
1283,0,8013383.2740302831
1284,0,9498706.4991855025
1285,0,13432446.833288414
1286,0,29669264.380969755
1287,0.00057667987212677875,43974380.472665608
1288,0.0011583812326044509,46490958.231859647
1289,0.0018691027186608657,46628562.914708517
1290,0.0024270477506787382,45970939.946787775
1291,0.0028439050637802349,46166633.957410082
1292,0.0031715486785386365,48129478.765634239
1293,0.0034152650231503777,51012137.315161526
1294,0.0035777612143084764,53014921.446253099
1295,0.0036809896605422329,52555900.31370946
1296,0.003740618094645533,50306924.811679393
1297,0.0037614732197169855,46568386.637842119
1298,0.003768913913161399,41400273.750545859
1299,0.0038390606245239057,34740420.919967666
1300,0.0038390606245239699,26700876.587869193
1301,0.0037689139131614757,18467056.360529214
1302,0.0037614732197169976,11226181.589167442
1303,0.0037669255951956982,9215847.1904532257
1304,0.0037777726190974972,16369725.649175726
1305,0.0037911189741296849,25332860.496574383
1306,0.0038198387309189776,32722074.845832724
1307,0.0038221814605232675,37858140.687314294
1308,0.0037077349366077894,41500412.921189815
1309,0.0034072196970911534,44064939.742147595
1310,0.0028537402283742509,45692443.450227566
1311,0.0021437064444408795,46280911.537254311
1312,0.0013445290988597983,48418429.196037002
1313,0.00030226004556833941,41663731.483496204
1314,0,20068964.311425224
1315,0,8815786.8749262709
1316,0,4567557.7485337909
1317,0,2510900.2167935725
1318,0,3053867.2027432881
1319,0,4064869.1297917836
1320,0,5588361.1015579272
1321,0,4934594.6178093199
1322,0,5336158.7507256344
1323,0,5884625.9182829503
1324,0,5888379.9805968702
1325,0,5037688.9899276439
1326,0,13834656.711231066
1327,0,29034844.691151015
1328,0.00061959909688004541,36956263.376703829
1329,0.0019729337851475152,36201620.859949648
1330,0.0035776318565286119,32393355.756158311
1331,0.0053520185373433183,28334690.411131572
1332,0.0072108433221304818,25219125.659426335
1333,0.0090837822511566114,23070158.888597183
1334,0.010888243598597738,21898984.606929116
1335,0.012534609221276459,21788417.081302736
1336,0.013933296740710505,22484894.989885967
1337,0.015009252217601847,23770011.867446363
1338,0.015709827610487979,25622814.753777612
1339,0.016008228996802609,27664683.581709009
1340,0.016016330613797699,29989435.19746026
1341,0.015851950719397042,31904765.848453596
1342,0.015359514016965722,33782796.206926405
1343,0.014516054794782565,35370121.245610021
1344,0.013340274542207008,35751393.695787378
1345,0.01188012912826595,34953921.43093247
1346,0.010195065205433512,33631460.038838983
1347,0.0083567188538195159,32559175.409448292
1348,0.0064570015580794294,32434794.061628047
1349,0.0045690289951581756,34015746.634253442
1350,0.0027992969782945488,37204586.412003987
1351,0.001253274631869401,41208236.991342992
1352,0.00026225311868382009,40755051.658613868
1353,0,24962765.428124145
1354,0,11743424.09854929
1355,0,5711609.3073824821
1356,0,3359842.9120674906
1357,0,2951793.3681002683
1358,0,4249784.0886173546
1359,0,4753182.7264433755
1360,0,3692709.8603526456
1361,0,3088149.7586144521
1362,0,3888606.9179812018
1363,0,4832381.8340495462
1364,0,5259571.1375806741
1365,0,4266068.3215866629
1366,0,2322135.9232895402
1367,0,9740956.8196818754
1368,0,20259970.498250436
1369,0.0010334313352100056,25074359.28953103
1370,0.0025197676695077266,25202903.027533729
1371,0.0042011422007650458,26780786.132542197
1372,0.0059331232657372033,29048605.085377999
1373,0.0076017146131681706,31188791.564644538
1374,0.0091347305781027625,33107542.298107989
1375,0.010475492916765413,34833718.826879017
1376,0.011582779795867594,36473761.165825702
1377,0.01241896736155614,38082961.3248519
1378,0.012953535406556011,39580829.920570947
1379,0.013188939363912112,41122459.307493471
1380,0.013309323213445329,40820734.187486522
1381,0.013259626746212613,39809152.916833237
1382,0.012883619476918618,38840800.596835703
1383,0.012185124879689637,37815070.113344699
1384,0.01120370405612902,36414833.960574523
1385,0.0099595302608001535,34366654.187915578
1386,0.0084778453308316203,31577731.003117099
1387,0.0068044545486966191,28297287.42936499
1388,0.0050053117209905374,25093877.779101595
1389,0.0032091617213958583,23321052.455992363
1390,0.0015878811736547138,24130207.517400809
1391,0.00032896089529267609,26023442.89305253
1392,0,18479041.326292261
1393,0,11156558.334762603
1394,0,6369035.3704763055
1395,0,4131466.8395536738
1396,0,3187385.9864652934
1397,0,3398317.969224853
1398,0,4906715.3019446246
1399,0,5271011.2087771427
1400,0,2250469.7066865386
1401,0,1475634.8085541558
1402,0,2600312.9762094151
1403,0,3848994.0998555347
1404,0,4627547.3550516339
1405,0,4505841.4897368224
1406,0,3084096.2840492511
1407,0,2189483.9057067181
1408,0,7051168.5410944885
1409,0,12314140.242544381
1410,0,13732859.722688843
1411,0,14007896.92092423
1412,0,14410392.719508922
1413,0,14796526.204829277
1414,0,15235762.526058769
1415,0,15805694.488419076
1416,0,16542193.61852924
1417,0,17417280.417878192
1418,0,18390538.705063529
1419,0,19349430.928524639
1420,0,20051911.982398745
1421,0,20231148.315096594
1422,0,19914770.188704506
1423,0,19376001.515230749
1424,0,18784813.180621997
1425,0,18110579.199931424
1426,0,17231579.276432373
1427,0,16139619.094817344
1428,0,15012847.802277977
1429,0,14244559.334948966
1430,0,13624584.913987031
1431,0,10548676.696866563
1432,0,6929703.7202670425
1433,0,5277565.3591138367
1434,0,4177236.6144900541
1435,0,3550453.3624202786
1436,0,3339484.4881589068
1437,0,3747255.2946421565
1438,0,5250346.1169759398
1439,0,5615378.5605166098
1440,0,1956676.3821495241
1441,0,747450.91423163959
1442,0,1354332.7233398547
1443,0,2547932.7344578383
1444,0,3310363.6833918141
1445,0,3512596.6798913106
1446,0,3158587.2723698532
1447,0,2508807.9204118173
1448,0,2678089.1815656726
1449,0,4547075.4906514203
1450,0,6602919.9740228122
1451,0,8056612.953636257
1452,0,9220573.187297985
1453,0,10266000.578049686
1454,0,11225989.372699182
1455,0,12089446.544817531
1456,0,12845849.406569889
1457,0,13483398.125191914
1458,0,13981241.702639179
1459,0,14323859.435449498
1460,0,14531034.166482868
1461,0,14642552.754003165
1462,0,14639488.373387089
1463,0,14425827.473886184
1464,0,13976633.692526873
1465,0,13347123.031915804
1466,0,12519254.588270238
1467,0,11476019.106533563
1468,0,10197044.938268881
1469,0,8678654.2809179537
1470,0,6760039.1913489914
1471,0,5021195.0333556263
1472,0,4202426.5351030258
1473,0,3830883.8820586302
1474,0,3600374.7793191429
1475,0,3514294.8949290947
1476,0,3606896.5460061254
1477,0,4097985.265923786
1478,0,5435734.3691076227
1479,0,5731904.5697589302
1480,0,2381985.4006410534
1481,0,1573756.4751115039
1482,0,671821.86693142855
1483,0,1206138.3501145695
1484,0,1865575.7694697627
1485,0,2429245.2370738396
1486,0,2863516.6084400117
1487,0,2948910.1875283425
1488,0,2616007.7576163607
1489,0,2396048.9509600517
1490,0,3013833.5446586208
1491,0,4099379.4429698386
1492,0,5096651.7584049022
1493,0,5963755.3394570453
1494,0,6816959.0719703417
1495,0,7725455.8788641868
1496,0,8680589.6735159215
1497,0,9629161.9102275148
1498,0,10514628.154498087
1499,0,11299214.047604199
1500,0,11946145.309379635
1501,0,12409056.116731675
1502,0,12631813.248297645
1503,0,12535792.670221951
1504,0,12060395.520393642
1505,0,11219888.313916484
1506,0,10053030.893795984
1507,0,8546243.5201458484
1508,0,6695511.8607956953
1509,0,4600986.3869683724
1510,0,2985317.6604875498
1511,0,3047301.9002410918
1512,0,3804333.7724093418
1513,0,4130615.7853900613
1514,0,4100419.3297013482
1515,0,4074611.8180777468
1516,0,4206623.7887573373
1517,0,4542069.3096029172
1518,0,5476210.6684124665
1519,0,5451477.6005981173
1520,0,2469303.1553759375
1521,0,2543010.2764791399
1522,0,1973562.5280800394
1523,0,1777835.1172498029
1524,0,2109582.8727808376
1525,0,2890307.3086295552
1526,0,3686096.4710910632
1527,0,4126588.2060444891
1528,0,4063891.2694941103
1529,0,3630318.0746488692
1530,0,3248896.8216167465
1531,0,3297269.0207659523
1532,0,3786652.460973369
1533,0,4541651.0956961866
1534,0,5456164.5033633299
1535,0,6468398.1891837986
1536,0,7509597.1857029088
1537,0,8510841.0086992346
1538,0,9416831.1261698697
1539,0,10185949.329440525
1540,0,10785236.053049231
1541,0,11172428.824488109
1542,0,11281313.884334816
1543,0,11048309.520721445
1544,0,10436998.276462806
1545,0,9436751.3537163381
1546,0,8049939.0310018286
1547,0,6278819.6591300173
1548,0,4152649.4474138375
1549,0,1959241.9395008706
1550,0,1687869.1673785318
1551,0,3437960.3381253285
1552,0,4790736.2669983748
1553,0,5454553.0449948395
1554,0,5623960.8447485352
1555,0,5609872.1507550925
1556,0,5577891.1756763756
1557,0,5512388.2583928807
1558,0,5571098.2981078885
1559,0,4574109.5925732106
1560,0,1556284.9270983553
1561,0,2587812.2366956086
1562,0,2808977.3830966814
1563,0,2809851.1349987136
1564,0,3013571.1655768813
1565,0,3558999.996066967
1566,0,4133727.0969574447
1567,0,4397703.5344473226
1568,0,4244256.5204146663
1569,0,3817598.0808360507
1570,0,3366658.2835847549
1571,0,3113861.370407674
1572,0,3163032.6523494027
1573,0,3500649.2493665805
1574,0,4060761.7206323608
1575,0,4764583.3315798715
1576,0,5535526.7510639196
1577,0,6307290.5422017081
1578,0,7025706.7743769651
1579,0,7642909.1254476802
1580,0,8107222.2698450293
1581,0,8359804.4907288887
1582,0,8344980.0542438868
1583,0,8024268.6334831156
1584,0,7390057.9805958671
1585,0,6462920.9412673684
1586,0,5273055.4285024162
1587,0,3856028.2196872737
1588,0,2320207.3644938655
1589,0,1297974.6543115031
1590,0,2174855.8089778167
1591,0,3571614.6526112128
1592,0,4675128.5125979306
1593,0,5348181.4848856442
1594,0,5684763.0672674775
1595,0,5840782.6397582162
1596,0,5825648.285939143
1597,0,5479287.8601322118
1598,0,4579059.9835616406
1599,0,2573415.923849572
1600,0,462389.9114370523
1601,0,691356.25077861093
1602,0,960144.3727087765
1603,0,2043390.4888436294
1604,0,3580292.5262854542
1605,0,5206949.3637900837
1606,0,6636889.3041583914
1607,0,7712821.9905037368
1608,0,8451701.2982212398
1609,0,8998533.932935033
1610,0,9502137.7674521767
1611,0,10036233.263276564
1612,0,10596935.977513446
1613,0,11158124.471342104
1614,0,11707988.084612645
1615,0,12253261.683392623
1616,0,12800867.417469716
1617,0,13343854.990711009
1618,0,13855602.368885828
1619,0,14291289.007062424
1620,0,14592193.490833938
1621,0,14697971.391277531
1622,0,14562979.36710964
1623,0,14169247.827176446
1624,0,13536503.96500366
1625,0,12712484.440376861
1626,0,11757174.251930963
1627,0,10735587.309663655
1628,0,9727652.5589839239
1629,0,8823931.7729147207
1630,0,8079239.2549365992
1631,0,7440950.0922385203
1632,0,6738177.9441804411
1633,0,5796118.8239468504
1634,0,4587330.1168004991
1635,0,3289056.6739737093
1636,0,2232171.1676792637
1637,0,1682769.2133688831
1638,0,1450703.0632765354
1639,0,777107.92596963001
1640,0,725618.74514181924
1641,0,953488.10810465855
1642,0,2028990.5431257226
1643,0,3365943.19298296
1644,0,4693225.7585126525
1645,0,5951690.1349362638
1646,0,7103233.3223594557
1647,0,8103892.4477232322
1648,0,8936009.6498962697
1649,0,9695311.6845587436
1650,0,10496070.848967459
1651,0,11308166.380862268
1652,0,12053742.10433463
1653,0,12691694.469412873
1654,0,13243660.449656388
1655,0,13744343.447368426
1656,0,14216298.698899738
1657,0,14665664.195833148
1658,0,15085053.683683757
1659,0,15451037.126412397
1660,0,15727020.26545706
1661,0,15863142.43663051
1662,0,15803658.290800955
1663,0,15513300.663890211
1664,0,14987442.366290459
1665,0,14251348.249911087
1666,0,13338438.255948104
1667,0,12273974.200179987
1668,0,11083808.92148196
1669,0,9855476.2591626439
1670,0,8722830.3437062148
1671,0,7735902.4909576494
1672,0,6763413.4721051017
1673,0,5656105.9503005063
1674,0,4419914.8149874611
1675,0,3160656.3844457329
1676,0,2013603.6303751233
1677,0,1230356.0143166366
1678,0,1464977.5074957532
1679,0,1452238.7094520193
1680,0,1099860.3081836118
1681,0,2106332.5105088218
1682,0,3862060.5483066719
1683,0,5520413.6691791276
1684,0,6964354.8634543335
1685,0,8087928.618907392
1686,0,8869606.7115622573
1687,0,9423193.9418669045
1688,0,10092230.087670902
1689,0,11063681.969953006
1690,0,12185453.743553111
1691,0,13264028.192785542
1692,0,14103627.469989903
1693,0,14719876.401072964
1694,0,15200263.439803017
1695,0,15609915.244171815
1696,0,15986819.858134862
1697,0,16349193.927614877
1698,0,16698231.595004139
1699,0,17026116.20375406
1700,0,17306572.338681318
1701,0,17481769.254976984
1702,0,17473176.433735806
1703,0,17226335.320364535
1704,0,16744911.511761721
1705,0,16064135.063493853
1706,0,15213926.915767753
1707,0,14176768.624991287
1708,0,12920058.389164776
1709,0,11440601.941477945
1710,0,9935032.298005037
1711,0,8648553.8428424411
1712,0,7724519.9735918511
1713,0,6999973.14490656
1714,0,6151448.5003553303
1715,0,5062172.9548657658
1716,0,3766813.0076731611
1717,0,2361268.1971607134
1718,0,1231385.9495221907
1719,0,1683403.1642146681
1720,0,2340975.8183071087
1721,0,3693616.8530554301
1722,0,5756455.8558021402
1723,0,7732904.2459302703
1724,0,9474696.7009738628
1725,0,10771070.681645039
1726,0,11431803.925605711
1727,0,11605773.838514414
1728,0,11802877.383567424
1729,0,12873146.231747661
1730,0,14554223.37856167
1731,0,15780130.618897224
1732,0,16563149.498924671
1733,0,17135550.807828054
1734,0,17585029.582143061
1735,0,17956320.104468096
1736,0,18288843.205879625
1737,0,18610482.276538998
1738,0,18925718.646628272
1739,0,19219603.851306196
1740,0,19459639.590402164
1741,0,19630471.828397505
1742,0,19672251.244182345
1743,0,19435244.302512426
1744,0,18898627.160985906
1745,0,18183165.293068018
1746,0,17333587.168997113
1747,0,16350153.868088568
1748,0,15161414.772542529
1749,0,13617501.525899155
1750,0,11598934.623043483
1751,0,9964374.2608330771
1752,0,9379178.4982949607
1753,0,9091110.4873788692
1754,0,8433362.9594068136
1755,0,7222424.2723998846
1756,0,5633524.1823094971
1757,0,3832178.0017264886
1758,0,2069805.5718524011
1759,0,2247122.1710589114
1760,0,4146040.6502308953
1761,0,5399380.7910059299
1762,0,7563884.6075362405
1763,0,9810949.4491193518
1764,0,12001458.449052323
1765,0,13608382.540731145
1766,0,14212341.287910895
1767,0,14468091.919739859
1768,0,16631282.802208379
1769,0,19518565.061432123
1770,0,20849873.689604118
1771,0,21567102.939058822
1772,0,22101686.896356996
1773,0,22515894.550875839
1774,0,22803825.449841898
1775,0,22993743.032729063
1776,0,23138340.150325645
1777,0,23309253.338546172
1778,0,23544589.712430123
1779,0,23791019.372714143
1780,0,24017872.948415935
1781,0,24111087.378071923
1782,0,23886157.716285829
1783,0,23397866.629106008
1784,0,22854794.340872008
1785,0,22289720.786142729
1786,0,21562779.739394743
1787,0,20669686.507676665
1788,0,19706311.445093472
1789,0,18632663.206628282
1790,0,17034384.847041365
1791,0,14087263.874972386
1792,0,11581430.863159491
1793,0,11251401.104906052
1794,0,10769465.773783745
1795,0,9346206.4896224681
1796,0,7317984.5122782337
1797,0,5235021.2024972057
1798,0,3316357.0264228564
1799,0,3376784.380298492
1800,0,6200921.293977174
1801,0,7142585.3142761663
1802,0,9145562.8594397772
1803,0,11503277.677811736
1804,0,13938015.854730058
1805,0,15889996.022456808
1806,0,16655794.607247265
1807,0,21282739.311594844
1808,0.00015988769585523202,33904879.386507891
1809,0.00091468803381863082,40069038.770534769
1810,0.0018032864071139054,40697800.051159456
1811,0.0028309066857126245,42089854.929813176
1812,0.0040849176057748396,43510308.217715956
1813,0.0053836473886123351,44539408.756370895
1814,0.0066383183236565025,45113658.712063149
1815,0.0077773095334838114,45295771.182738408
1816,0.0087414793541643002,45234458.397201262
1817,0.0094852895137125179,45072322.772153638
1818,0.0099738503348263258,44899937.617795989
1819,0.010181401633682443,44623337.376256384
1820,0.010181401633682445,44112940.226165146
1821,0.0099738503348263518,43311768.720445894
1822,0.0094852895137125387,42352182.606645331
1823,0.0087414793541643193,41571421.819235124
1824,0.0077773095334838279,40952842.401034012
1825,0.0066383183236565033,40021217.237177588
1826,0.0053836473886123507,38593090.33578188
1827,0.0040849176057748491,36840206.131823435
1828,0.0028309066857126297,35134157.661502175
1829,0.0018032864071139067,34173626.414351597
1830,0.00091468803381863125,34371944.452616341
1831,0.0001598876958552388,29209076.095706839
1832,0,17427579.844872277
1833,0,13008541.981718171
1834,0,12488417.532142686
1835,0,10814846.473412458
1836,0,8617476.5088086817
1837,0,6447873.7372553116
1838,0,4718305.0470632473
1839,0,4842811.799690594
1840,0,8268632.1490527298
1841,0,8884545.2474984284
1842,0,10464664.009255156
1843,0,12592509.747726576
1844,0,14900074.06875365
1845,0,16932083.369061127
1846,0,19957219.1264259
1847,0.00011540458116149262,34686303.701322734
1848,0.0011535900304057061,45203515.638073489
1849,0.0027548866568270197,45411479.357065186
1850,0.0046728395718052072,45694678.898700811
1851,0.0068466571152163234,45513160.972671121
1852,0.0091672305457321471,44895899.302669108
1853,0.011492287553383175,43688496.467045799
1854,0.013707372763021556,42054857.309976146
1855,0.015713980036676872,40182952.624241285
1856,0.017412991860648402,38329657.209964581
1857,0.018726736084364978,36711961.360937245
1858,0.019588085306650148,35466244.764802277
1859,0.019955635489616683,34570826.854333758
1860,0.019955635489616617,33992749.691003069
1861,0.019588085306650082,33769435.954793639
1862,0.018726736084364887,34219261.894658454
1863,0.017412991860648364,34995172.291998558
1864,0.01571398003667681,35271208.518125795
1865,0.013751464421354075,34471903.180606261
1866,0.011563746701383531,33550601.108727977
1867,0.0092190803000895358,32890988.835091315
1868,0.0068466571152162817,32572446.848654814
1869,0.0046728395718051664,32597676.161354229
1870,0.0027548866568269997,33582522.535984866
1871,0.0011535900304056907,35603012.699664041
1872,0.00011540458116150435,28693841.935539097
1873,0,15726884.449784528
1874,0,12918743.199262975
1875,0,11299953.617261562
1876,0,9324731.5045057405
1877,0,7442053.1856417162
1878,0,6166184.0926209912
1879,0,6353484.638318439
1880,0,10243551.333330154
1881,0,10641210.684432067
1882,0,11711331.277041649
1883,0,13368344.820587737
1884,0,15767915.947485832
1885,0,21679520.641067591
1886,0.00011540458116147346,34831218.018319048
1887,0.00075674387236877015,51157198.72501079
1888,0.0014958885091025183,56587054.872141525
1889,0.002272281084787896,55239221.137282282
1890,0.0029320662991630616,53113218.023562141
1891,0.0035327671002586747,51207309.990415581
1892,0.0040898797800518879,49095376.550807655
1893,0.0046110673381783984,46461408.781174675
1894,0.0050925340679808424,43474252.414127648
1895,0.0055359623047480785,40411470.989922434
1896,0.0059270756252393095,37711554.279518731
1897,0.0062434030383914322,35593693.83478035
1898,0.0064637442962647571,34151593.404518537
1899,0.0065661972566952564,33596487.696198493
1900,0.0065661972566951046,34257924.049985595
1901,0.0064637442962646244,36083782.910756126
1902,0.0062434030383913472,38103237.373840809
1903,0.0059270756252392054,39536909.362136051
1904,0.0055359623047479952,40257275.032483272
1905,0.0050925340679806872,40407839.367479734
1906,0.0046110673381783134,40134327.962362677
1907,0.0040898797800518558,39598334.903429009
1908,0.0035327671002586308,39271039.901898198
1909,0.002932066299163036,39321138.908343449
1910,0.00227228108478788,40368973.385160394
1911,0.0014948646154437611,42151330.134627379
1912,0.00075623389616968754,40424397.689589106
1913,0.00011540458116149466,28394217.28505547
1914,0,17091643.028541461
1915,0,11725396.725894038
1916,0,9760227.3162045013
1917,0,8420694.5136256684
1918,0,7613001.076457547
1919,0,7780399.3671426885
1920,0,12178361.605356915
1921,0,12477858.567388086
1922,0,13341382.082085639
1923,0,14607682.244171074
1924,0,18677799.771771654
1925,0.00015988769585522841,34644357.590360463
1926,0.0011535900304057043,46125368.088285826
1927,0.0014985091359667722,57344287.726799369
1928,0.0018935677636062217,59586032.523867212
1929,0.0022697229418249089,57943120.105568349
1930,0.0026239543528058349,54760525.957988903
1931,0.0029753998613449412,50526184.141485706
1932,0.0033111780773996537,45444092.954739772
1933,0.0036316366274622134,39678830.866004534
1934,0.0039314566987037475,33762117.282661997
1935,0.004220751589689477,28266988.256006435
1936,0.0044935411371445459,23858681.790089399
1937,0.004732571385643685,21113166.505675446
1938,0.0048960629688344932,20407523.456875432
1939,0.0049637793871886932,21640849.880199153
1940,0.0049637793871885562,24520246.33501789
1941,0.0048960629688344108,28392658.640335277
1942,0.0047325713856435784,32597993.195954438
1943,0.0044935411371445121,36185946.271421269
1944,0.0042624738642652394,38084874.01343587
1945,0.0040051593446430471,39240854.851569071
1946,0.0037011193110923365,40066724.46472279
1947,0.0033451697749351588,40841779.13927909
1948,0.0029753998613448939,41406173.117785074
1949,0.0026239543528057971,41771118.518832237
1950,0.0022697229418248755,41996250.879063338
1951,0.0018893911794423466,41843430.335112944
1952,0.0014948646154437589,41555748.481611863
1953,0.0011535900304056827,34853573.505674154
1954,0.00015988769585523449,28860055.448405921
1955,0,14480083.464778451
1956,0,10848759.886895711
1957,0,9783875.5417502746
1958,0,9134780.318520559
1959,0,9196993.6599908229
1960,0,14204543.723877227
1961,0,14504007.168517478
1962,0,15492832.985051306
1963,0,16928940.538887039
1964,0,22086715.519686475
1965,0.00091468803381860968,41470447.23711554
1966,0.0027548866568270465,46843228.247580312
1967,0.0022725075582141928,56638165.348111294
1968,0.0022725570860440713,58782925.758352987
1969,0.0023480306675115674,58437729.887890272
1970,0.0025938273191120748,55907127.655199371
1971,0.0029057236582310151,50855235.020123802
1972,0.0032503136912831812,44287565.160418257
1973,0.0036611455389251321,36916785.37499015
1974,0.0041210711274807443,29555879.340111911
1975,0.0046207290427943823,22998753.841554746
1976,0.0051052243011705314,18004857.021974314
1977,0.0055231216918431338,15184628.759564163
1978,0.005817747060119594,15203651.809610179
1979,0.0059379078225554162,18249821.923945442
1980,0.00593790782255545,23437626.417732242
1981,0.005817747060119477,29320525.524220109
1982,0.0055445063040577558,34542417.793032095
1983,0.0052668930503755665,36447628.904726602
1984,0.0048937702460912051,37322863.436315879
1985,0.0044358875366800219,38248242.723144159
1986,0.0039518016148247436,39579595.673606284
1987,0.003454700920059357,41472769.163696617
1988,0.0029845976884551868,43511995.226303361
1989,0.0025938273191120423,43802375.866705455
1990,0.002343406633883553,43152748.389925934
1991,0.0022697229418248204,40409961.812450655
1992,0.0022722810847878431,38850485.624137878
1993,0.0028067881350866009,31977548.533038534
1994,0.0009146880338186319,34078476.008194692
1995,0,17544200.516492214
1996,0,13128458.472233469
1997,0,11695744.577751616
1998,0,10918755.742711106
1999,0,10799525.973958381
2000,0,16394913.265482718
2001,0,16731330.582470315
2002,0,17829903.777027745
2003,0,19561744.410705272
2004,0,23936826.396821
2005,0.001803499159834911,42386587.828279391
2006,0.0046728395718052297,47180734.409596644
2007,0.0029320662991630733,54836072.651384503
2008,0.00262654619028003,56148235.136192165
2009,0.0025998338827189489,56319040.924825273
2010,0.0026190432921692911,54443367.202034138
2011,0.002844564568144377,49183440.309767962
2012,0.0031268758065742981,41645767.896322444
2013,0.0035576224128533378,32902370.010295179
2014,0.0040964338080573129,24344362.114813421
2015,0.0047459406220003719,17525977.476774149
2016,0.0054147789018012486,13741038.515287215
2017,0.0060080056658660614,13885637.019810654
2018,0.0064101126963535043,17022646.376798205
2019,0.0065725781429286966,22306204.703264534
2020,0.0065725781429283644,29438215.368059386
2021,0.0064285649694779227,36717785.492373787
2022,0.0062706496542508823,39225780.950384259
2023,0.0059051945909412481,40711000.508927897
2024,0.0053731792608699008,41202602.978186309
2025,0.0047566988858150066,40944941.560309261
2026,0.0041385613219120368,40662979.226786956
2027,0.0035399202033527264,41425260.962469302
2028,0.0030168633973182367,43585798.233043194
2029,0.0026163157256795621,44168592.449049689
2030,0.0025938273191120041,42606929.667789541
2031,0.0026239543528057004,38569292.036412291
2032,0.0029320662991629818,36847554.298907734
2033,0.0050818055976555518,29322189.079124048
2034,0.0018848630112783518,33404888.719793469
2035,0,19219261.122649934
2036,0,15635013.975989282
2037,0,13961336.946811784
2038,0,13052596.233240953
2039,0,12742713.200194942
2040,0,18713715.230720323
2041,0,18983360.70807761
2042,0,19997063.246505272
2043,0,21466056.707825676
2044,0,25074097.440144729
2045,0.0028309066857126371,43907381.766531549
2046,0.0068466571152163589,46895322.551796742
2047,0.003532811813630435,53057404.539055467
2048,0.0029771268765692686,52357622.234776534
2049,0.0029122295477724738,51726546.80691772
2050,0.0028479562032834404,49648618.529827796
2051,0.0031192057869003243,43903165.353647478
2052,0.0034671505567953377,35761461.609918147
2053,0.0040416400491820083,26486834.362342574
2054,0.0047976905512116521,18546698.381946143
2055,0.0057184868731410491,14644162.526938364
2056,0.0066859583539492368,15838961.990532218
2057,0.0075964413007060718,19583291.385400444
2058,0.0082228728395408578,24813473.97506332
2059,0.0084785170761090302,31475113.044777647
2060,0.0086282299092261591,39535657.03894338
2061,0.0086900051931191342,42457706.600213125
2062,0.008489639058980477,44100874.898917057
2063,0.0079210967655157678,45093964.993451521
2064,0.0071543185939939571,45368041.024370939
2065,0.0062026052152157219,44044215.452490233
2066,0.0052285793690713782,42200834.029765986
2067,0.0042483902056243217,41174929.355825573
2068,0.0034741190655575944,42145064.139973015
2069,0.0028445645681443952,42548758.417655028
2070,0.0029057236582310207,41558703.5589367
2071,0.0029753998613447075,36249902.132663801
2072,0.0035327671002585216,35639971.04181613
2073,0.0077587816624197573,27113039.26465572
2074,0.0032766230588062947,33435785.065140557
2075,0,20307697.492987938
2076,0,17686428.941531785
2077,0,16248138.465127397
2078,0,15413440.846946165
2079,0,15038008.888520207
2080,0,21047567.174015742
2081,0,21069769.64677538
2082,0,21761039.196056809
2083,0,22774652.641977113
2084,0,25970942.138088875
2085,0.0040849176057748578,45342029.380409971
2086,0.009167230545732194,46055759.738028832
2087,0.0040902320321221436,50974804.417882107
2088,0.003311178077399419,47688643.213581651
2089,0.0032559804375584512,45637792.764829069
2090,0.0031313294478538581,42751062.089564286
2091,0.0034671505567950589,36391017.336107522
2092,0.003886999273199587,28196610.284138132
2093,0.0046700490747222465,20018073.78551631
2094,0.0056920086745088925,15235147.818227818
2095,0.0070644710187085366,16303416.635609414
2096,0.008499160101510788,20814244.40908917
2097,0.0098032307651807465,27218590.068870097
2098,0.010837001514289683,33900174.097435839
2099,0.011663198763898021,40266303.197367929
2100,0.0119273420156382,42911242.620030895
2101,0.012048136852862242,42138518.14609658
2102,0.011744816610525304,43631913.491423897
2103,0.010897087505788602,46823219.187559545
2104,0.009658668621311494,48487188.000891492
2105,0.008169733515992152,47904014.032722518
2106,0.0067036893468487482,45518704.654184699
2107,0.0052455345725084153,44100805.326508731
2108,0.0041187432030774873,44504518.153507456
2109,0.0031694274357570258,43974958.679523177
2110,0.0032503136912832012,41812783.193984181
2111,0.0033111780773994368,35034185.641916648
2112,0.0041165926045278051,35299959.311137028
2113,0.010715256382832205,25437075.226835664
2114,0.0048947979050306114,33951972.375901401
2115,0,21257403.30751903
2116,0,19370855.017755192
2117,0,18318910.233921006
2118,0,17792166.045091223
2119,0,17582695.401927494
2120,0,23271547.117599275
2121,0,22889830.953845613
2122,0,23141056.5334424
2123,0,23734291.253944341
2124,0,26621922.587856688
2125,0.0053836473886123603,46270596.109311566
2126,0.011492287553383235,44568195.152894922
2127,0.0046111424435342774,48349047.400187187
2128,0.0036316366274619402,42253754.447025098
2129,0.0036642373534943066,38727941.498418339
2130,0.0035587207357573184,34716595.586463504
2131,0.0040416400491820456,27627305.175793566
2132,0.0046700490747226178,20142121.802784279
2133,0.0057735171118691014,14148179.654624894
2134,0.0072793089706649043,13247030.905672316
2135,0.0092162821190349565,17077967.016475614
2136,0.01130487662846973,24689843.843614839
2137,0.013566089130197778,33864902.282857329
2138,0.015544347959904972,40589655.40333809
2139,0.016821342855953277,43548269.974694096
2140,0.01747884913366168,40670896.180550359
2141,0.017668000933044457,39228386.439604379
2142,0.017011886618661456,40434174.456632294
2143,0.015539624520835696,44760778.085108064
2144,0.013702850925858582,49051002.168361984
2145,0.011384388048228732,50370390.349534847
2146,0.0090807981058928493,48996752.956893563
2147,0.0068218955444954901,48583115.181205384
2148,0.0051414161609531746,50277070.048404016
2149,0.0037013477336400465,50628766.079083934
2150,0.0036611455389250484,44991534.857593298
2151,0.0036960472992977351,35477305.558006845
2152,0.0047772505249804057,35589788.000126794
2153,0.013790437913997837,24596063.241162851
2154,0.0066269012033651773,34377141.421918444
2155,0,22006492.640025929
2156,0,20713487.599055197
2157,0,20101473.052879971
2158,0,20033062.547951221
2159,0,20228246.21303612
2160,0,25287256.121307977
2161,0,24431547.434634604
2162,0,24212611.876431573
2163,0,24415235.918085974
2164,0,26994478.231713951
2165,0.0066383183236565207,46678241.90679644
2166,0.01370737276302164,42617659.40314576
2167,0.0050925340679808372,45313359.487111971
2168,0.0039314566987033979,36533382.317375124
2169,0.0041210711274806662,31795405.412555199
2170,0.0040964338080572453,26696783.644843481
2171,0.0047976905512119661,19457863.029542822
2172,0.0056920086745090911,13896113.683912093
2173,0.0072793089706651585,10972869.66897884
2174,0.0092189227379621975,12516614.584246645
2175,0.011883079696510028,17354454.828993477
2176,0.015065720927996837,28605174.6497344
2177,0.018591905781695086,38813029.441471361
2178,0.021639801643272949,42756444.83105012
2179,0.024337622381927382,43284273.193910286
2180,0.025327133382514667,39890602.552654095
2181,0.025438171626907955,35497115.454338253
2182,0.024532370719707573,35866768.118373394
2183,0.022155604501361365,44966874.70139496
2184,0.019068369760470535,54417858.05435276
2185,0.015644070760214204,56447969.664882414
2186,0.012215721436011536,55888942.331525698
2187,0.0088540469087893415,55148966.532807194
2188,0.0064119048849853658,58458350.073143363
2189,0.0044544011561165721,59967739.449945807
2190,0.0042347433086197678,51835274.110026561
2191,0.0042630647004495816,35996790.828942068
2192,0.0054505867915797769,35909738.5289279
2193,0.016809926374517236,24630310.677316409
2194,0.0083462294823483107,34526650.665181302
2195,0,22426139.368516196
2196,0,21702365.545415659
2197,0,21566189.439488176
2198,0,22050541.802049063
2199,0,22826668.073476855
2200,0,27030599.919791453
2201,0,25704660.581661701
2202,0,25032002.074224733
2203,0,24861554.403106555
2204,0,27136597.903332204
2205,0.0077773095334838227,46687552.346235164
2206,0.015713980036676952,40439430.728222415
2207,0.0055359623047481141,42140395.784096278
2208,0.0042207515896891317,31131208.17557621
2209,0.0046207290427942331,25353481.088203389
2210,0.0047459406220001976,19659197.01314152
2211,0.0057184868731411723,13292379.7839144
2212,0.0070644710187093059,11512666.308412479
2213,0.009216282119035038,11713316.820630431
2214,0.011883079696510271,13458851.517083885
2215,0.015661542836263195,17208516.266893275
2216,0.020085701539836399,29999593.898523457
2217,0.02562365887028905,42095653.474857293
2218,0.031970280914208872,45555450.054831527
2219,0.036204754844632488,46778002.677516252
2220,0.03862252253786299,42753965.234970592
2221,0.039463951540286632,36432037.863525823
2222,0.036146730705751862,28996598.942833435
2223,0.032017052687893163,35764203.23497539
2224,0.028055321372428672,54935813.237715945
2225,0.022405528140587435,68675763.006134242
2226,0.016707601181630276,66218296.584853739
2227,0.011531484364265517,64453293.035943568
2228,0.008113423295962062,68535656.39290531
2229,0.0056494601592782731,68323202.118336871
2230,0.0052350894124444988,56709984.53349378
2231,0.0049225713983306208,37573210.742395885
2232,0.0061118046828664849,35260541.198691636
2233,0.019617952766347854,24337667.248330999
2234,0.0099472111919040856,33842098.430156201
2235,0,22562698.960583661
2236,0,22346502.523722559
2237,0,22718570.168959703
2238,0,23791598.803320199
2239,0,25242906.504370645
2240,0,28460126.641363584
2241,0,26717207.636598364
2242,0,25639130.909323573
2243,0,25128267.284201521
2244,0,27125395.55835684
2245,0.0087414793541643211,46475550.431025252
2246,0.017412991860648472,38300850.473398842
2247,0.0059270756252393373,39147295.894822083
2248,0.0044935411371441695,26598070.71135347
2249,0.0051052243011704005,19773570.464779671
2250,0.0054147789018009493,14149953.345178239
2251,0.0066859583539496227,10672456.5033959
2252,0.0084991601015112217,13221200.194701931
2253,0.011304876628469199,15463831.794023102
2254,0.015065720927997319,17138340.928868786
2255,0.02008570153983634,18950846.34299729
2256,0.027372000326706548,27148241.645228628
2257,0.036923019150404315,40880498.161991261
2258,0.047727763676924245,48783222.000850119
2259,0.055735163873141563,54659402.619804792
2260,0.060429015182070014,49753109.569948502
2261,0.059789592329370374,42854964.039818317
2262,0.055324508353945215,47719540.322331481
2263,0.047951894583561111,69124643.620384946
2264,0.04209951724907119,82416933.818609372
2265,0.033388163732725386,78305294.876339972
2266,0.023344170912191896,82928214.790900841
2267,0.015860056596083315,83812915.779199123
2268,0.010843613441541364,79356101.245269403
2269,0.0072923881794087512,74086740.452938929
2270,0.0063682032735021708,58340896.921955474
2271,0.0056054715613302018,37832171.401733726
2272,0.0067126648331558127,33100333.268481225
2273,0.022065428449364332,23071825.604009435
2274,0.011336932565350065,33233346.920088541
2275,0,22505049.072054245
2276,0,22713850.020960853
2277,0,23580476.035504062
2278,0,25221607.574536286
2279,0,27352555.248940811
2280,0,29549453.545335568
2281,0,27472702.580755141
2282,0,26066301.252313752
2283,0,25269309.620065093
2284,0,27044105.140281439
2285,0.0094852895137125248,46164091.585196063
2286,0.018726736084365016,36464172.776819974
2287,0.0062434030383915371,36563525.409353063
2288,0.0047325713856430961,23378081.200386792
2289,0.0055231216918427807,15416752.299004897
2290,0.0060080056658659408,10747159.680795589
2291,0.007596441300705678,11282963.042749155
2292,0.0098032307651808853,16619409.770686544
2293,0.013436754135480952,19709459.043332301
2294,0.018376932096239886,22685734.752776325
2295,0.02541817294485672,24756366.735354014
2296,0.036646803996718588,27541639.893761545
2297,0.050803193477665348,30148882.599720608
2298,0.07795718376044132,38617225.333728053
2299,0.11844016587273604,56853676.294783354
2300,0.13296190552441522,54603161.089719787
2301,0.123310025108401,52445164.443239599
2302,0.11008180133182535,62443013.097535402
2303,0.10006917745745522,61000642.033616506
2304,0.079985356213143205,89829712.919248044
2305,0.049903505758713163,113476625.62242448
2306,0.033065212403099259,105098329.69864748
2307,0.021514600236020805,94433094.875708535
2308,0.014435169900353218,86703569.923328251
2309,0.0091331932109393124,75904479.734712467
2310,0.007454619979194989,57939258.194791235
2311,0.0062180991224165165,36853919.658142738
2312,0.007208930007322048,29524300.754885163
2313,0.024004059622205146,21624106.073941566
2314,0.012433129972579136,32784367.645702519
2315,0,22386321.455849398
2316,0,22874265.316045914
2317,0,24190283.330447696
2318,0,26312754.079276878
2319,0,29046023.394338749
2320,0,30282409.68166969
2321,0,27974784.542987738
2322,0,26335707.543653935
2323,0,25337226.344795506
2324,0,26949447.350386377
2325,0.0099738503348263639,45895174.114408568
2326,0.019588085306650259,35167244.594024554
2327,0.0064637442962647753,34599944.673627019
2328,0.0048960629688340751,21522560.439086106
2329,0.0058177470601193911,12468191.041501272
2330,0.0064101126963535659,9474581.725225471
2331,0.008222872839541092,13004644.948316524
2332,0.010720694720788695,19490448.19866335
2333,0.014918703271476867,23286765.665089343
2334,0.020764488294905289,27966778.765387315
2335,0.030482682878467636,35124782.239522532
2336,0.044690394192982895,44845924.212231852
2337,0.074987413811088324,38473086.213333286
2338,0.16444290673918247,44567810.399286367
2339,0.23729801865879674,82249478.758299574
2340,0.25687823745980959,83918762.111911923
2341,0.23950097470488629,68851256.917897925
2342,0.22332831101579764,97389522.872612417
2343,0.208723583172404,74977931.251293674
2344,0.17646587316538123,109218963.35150552
2345,0.10018826340102457,102365214.19354944
2346,0.047506110195259049,105275791.41284473
2347,0.027845123039051681,94620331.688738734
2348,0.017664656601546702,85471154.528210342
2349,0.010739300113753408,73448860.055213258
2350,0.0082868464480518288,57585375.506238028
2351,0.0066509018902964042,35300345.510237679
2352,0.0075616857972021544,26542962.236552641
2353,0.025295668727163177,20345354.686776202
2354,0.013164291979571269,32543383.963825122
2355,0,22259007.050008189
2356,0,22918180.220518626
2357,0,24576506.753356051
2358,0,27048799.96677741
2359,0,30231185.765658237
2360,0,30650505.668731295
2361,0,28225705.986013528
2362,0,26464539.804202948
2363,0,25365633.189769331
2364,0,26886660.864187341
2365,0.01018140163368245,45757366.569219567
2366,0.019955635489616763,34502768.10936331
2367,0.006566197256695298,33512097.909571685
2368,0.0049637793871881927,20755902.429158568
2369,0.0059379078225553468,11011512.700949794
2370,0.006572578142928321,9292824.9796617124
2371,0.008448623209387161,14235028.315253144
2372,0.011149639749604588,20973633.030104075
2373,0.015503963479063233,25279052.077969737
2374,0.02228665846777499,31110677.220222738
2375,0.032502995601525607,43443655.01031623
2376,0.050307213383092714,61211148.998500779
2377,0.11142923494980865,81147616.493538901
2378,0.22930428388013213,121259343.99298982
2379,0.26049783536804577,167667378.19405058
2380,0.28056082314741337,161904217.30436587
2381,0.30848330110124467,145491494.34433988
2382,0.28680158650446019,152750396.22862533
2383,0.26900790003094516,142868875.69322956
2384,0.23294483485790349,114511624.86203967
2385,0.14627476039729886,120598659.19240558
2386,0.06322066001210748,86978108.746957749
2387,0.032938451734906608,89874803.572064623
2388,0.019391489183461133,83418014.986606479
2389,0.011669196054491083,71407149.749089509
2390,0.0086635887419550979,57512908.648957603
2391,0.0068365711437898546,33904113.191022828
2392,0.00772798386374515,25086219.462112978
2393,0.025851993208082163,19591969.33289535
2394,0.013477321460546018,32479921.939383525
2395,0,22169306.10464811
2396,0,22919713.595478434
2397,0,24762810.131482329
2398,0,27419306.90653405
2399,0,30841415.187653475
2400,0,30650505.478717733
2401,0,28225705.849514291
2402,0,26464539.716594573
2403,0,25365633.147173807
2404,0,26886660.858546413
2405,0.010181401633682443,45757366.562951431
2406,0.019955635489616642,34502768.120763786
2407,0.0065661972566952208,33512097.901093218
2408,0.0049637793871881667,20755902.34979587
2409,0.0059379078225553668,11011512.423694048
2410,0.0065725781429282967,9292824.381967254
2411,0.0084486232093868054,14235027.999089267
2412,0.011149639749604406,20973632.880005039
2413,0.015503963479063613,25279052.301154561
2414,0.022286658467774421,31110677.926916875
2415,0.032502995601526211,43443656.190076038
2416,0.050307213383093463,61211150.990600035
2417,0.11142923494981043,81147618.275833637
2418,0.22930428388013141,121259347.31084524
2419,0.26049783536804599,167667385.96112853
2420,0.28056082314741454,161904232.65973854
2421,0.30848330110124483,145491511.56988838
2422,0.28680158650445969,152750397.32189798
2423,0.26900790003094593,142868881.30139536
2424,0.23294483485790518,114511633.26745887
2425,0.14627476039729723,120598646.40550916
2426,0.063220660012107702,86978096.936667159
2427,0.032938451734905998,89874797.795402691
2428,0.019391489183461459,83418007.728978842
2429,0.01166919605449088,71407145.182022303
2430,0.008663588741955287,57512906.199984938
2431,0.0068365711437897185,33904111.960789278
2432,0.0077279838637458291,25086219.498902228
2433,0.025851993208082191,19591969.464775898
2434,0.013477321460546043,32479922.138868976
2435,0,22169306.386398215
2436,0,22919713.890159305
2437,0,24762810.462618466
2438,0,27419307.289671201
2439,0,30841415.633531846
2440,0,30282409.116528574
2441,0,27974784.135991387
2442,0,26335707.280905884
2443,0,25337226.214503247
2444,0,26949447.329489257
2445,0.0099738503348263466,45895174.094541326
2446,0.019588085306650127,35167244.624244235
2447,0.0064637442962646894,34599944.645892434
2448,0.0048960629688341271,21522560.188417323
2449,0.0058177470601194006,12468190.309396045
2450,0.0064101126963530949,9474580.0212670714
2451,0.0082228728395409151,13004643.852300253
2452,0.010720694720787682,19490447.739628859
2453,0.014918703271477124,23286766.274734721
2454,0.020764488294904442,27966780.761456847
2455,0.03048268287846715,35124785.903438784
2456,0.044690394192983207,44845930.604721643
2457,0.074987413811088338,38473091.28060732
2458,0.16444290673918185,44567817.209530644
2459,0.23729801865879802,82249497.752983421
2460,0.25687823745980864,83918799.659549758
2461,0.23950097470488563,68851302.538657814
2462,0.22332831101579773,97389541.634879753
2463,0.20872358317240419,74977959.906676933
2464,0.17646587316537871,109219031.60300064
2465,0.10018826340102364,102365134.46131158
2466,0.04750611019525855,105275772.39631747
2467,0.027845123039051518,94620313.107256278
2468,0.017664656601546497,85471134.803143278
2469,0.010739300113753182,73448847.763268441
2470,0.0082868464480519034,57585368.650070116
2471,0.0066509018902962715,35300342.0528697
2472,0.0075616857972028084,26542962.016109794
2473,0.025295668727163118,20345354.881284937
2474,0.013164291979571289,32543384.516382433
2475,0,22259007.857480284
2476,0,22918181.082450952
2477,0,24576507.727671921
2478,0,27048801.095844999
2479,0,30231187.076805353
2480,0,29549452.61965597
2481,0,27472701.910744928
2482,0,26066300.814714465
2483,0,25269309.394887745
2484,0,27044105.092195164
2485,0.0094852895137125092,46164091.547556832
2486,0.018726736084364929,36464172.816303745
2487,0.0062434030383913593,36563525.355359182
2488,0.0047325713856431438,23378080.76888008
2489,0.0055231216918429386,15416751.316530524
2490,0.0060080056658659096,10747157.333649082
2491,0.00759644130070594,11282960.850636464
2492,0.0098032307651813432,16619408.93093436
2493,0.013436754135480771,19709459.835209396
2494,0.018376932096239508,22685737.933502618
2495,0.02541817294485715,24756373.061308324
2496,0.036646803996718942,27541648.147790659
2497,0.050803193477668145,30148885.392612737
2498,0.077957183760443305,38617222.007057726
2499,0.11844016587273684,56853675.84766259
2500,0.13296190552441395,54603159.871154621
2501,0.12331002510840118,52445155.391513236
2502,0.11008180133182383,62443026.299530089
2503,0.10006917745745472,61000730.794695064
2504,0.079985356213144176,89829711.5736624
2505,0.049903505758712455,113476628.2311286
2506,0.033065212403099183,105098314.44441082
2507,0.021514600236020115,94433054.189135119
2508,0.014435169900353565,86703541.281940714
2509,0.0091331932109393072,75904463.151107743
2510,0.0074546199791951252,57939248.513353236
2511,0.0062180991224163804,36853914.484535962
2512,0.0072089300073226838,29524299.698545288
2513,0.024004059622205094,21624105.96021153
2514,0.01243312997257914,32784368.449597243
2515,0,22386322.691772498
2516,0,22874266.681471512
2517,0,24190284.895568863
2518,0,26312755.895887505
2519,0,29046025.496244024
2520,0,28460125.379122525
2521,0,26717206.715930492
2522,0,25639130.297598574
2523,0,25128266.95295829
2524,0,27125395.463910919
2525,0.0087414793541643072,46475550.366817459
2526,0.017412991860648395,38300850.503359854
2527,0.0059270756252392488,39147295.798642963
2528,0.0044935411371441122,26598070.12816241
2529,0.0051052243011704143,19773569.423528519
2530,0.0054147789018008912,14149950.966684673
2531,0.0066859583539494458,10672453.421457427
2532,0.0084991601015109303,13221198.576518446
2533,0.011304876628469346,15463832.679375842
2534,0.015065720927997239,17138345.191497482
2535,0.020085701539837086,18950854.394038215
2536,0.027372000326707249,27148247.915929973
2537,0.036923019150403809,40880498.849103995
2538,0.047727763676923808,48783221.842214562
2539,0.055735163873140162,54659399.371496156
2540,0.06042901518206955,49753109.401094645
2541,0.059789592329370235,42854981.445702255
2542,0.055324508353945256,47719542.085898064
2543,0.047951894583561354,69124562.198810384
2544,0.042099517249070899,82416991.311148614
2545,0.033388163732725067,78305393.766570389
2546,0.023344170912192062,82928093.315939024
2547,0.015860056596083149,83812861.359492645
2548,0.010843613441541358,79356072.339782298
2549,0.0072923881794085248,74086722.059076831
2550,0.0063682032735024605,58340887.424816258
2551,0.0056054715613301376,37832164.920893982
2552,0.0067126648331564398,33100331.325895105
2553,0.02206542844936429,23071824.991843063
2554,0.011336932565350056,33233347.855967682
2555,0,22505050.618599012
2556,0,22713851.799032744
2557,0,23580478.11600139
2558,0,25221609.99123079
2559,0,27352558.031412911
2560,0,27030598.35391571
2561,0,25704659.427386988
2562,0,25032001.289887644
2563,0,24861553.951680169
2564,0,27136597.737339091
2565,0.0077773095334838001,46687552.240857922
2566,0.015713980036676897,40439430.721780688
2567,0.005535962304748023,42140395.625507593
2568,0.0042207515896890476,31131207.510360207
2569,0.0046207290427943302,25353480.094012558
2570,0.0047459406220002383,19659194.973811105
2571,0.005718486873141776,13292376.824653439
2572,0.0070644710187085843,11512663.919259518
2573,0.00921628211903479,11713317.516112896
2574,0.011883079696510174,13458856.761175362
2575,0.015661542836264572,17208524.484373968
2576,0.02008570153983678,29999600.757377163
2577,0.025623658870289945,42095655.874933682
2578,0.031970280914209719,45555454.872619167
2579,0.036204754844632224,46778004.125607021
2580,0.038622522537863614,42753979.62807852
2581,0.039463951540286812,36432097.911908798
2582,0.036146730705751466,28996578.813763376
2583,0.032017052687893108,35764061.495748319
2584,0.028055321372428513,54936025.435618453
2585,0.02240552814058671,68675838.477591559
2586,0.016707601181630324,66218201.22696624
2587,0.011531484364265354,64453239.562943369
2588,0.0081134232959620585,68535636.004252419
2589,0.0056494601592780675,68323185.65591149
2590,0.0052350894124446783,56709976.597535022
2591,0.0049225713983304976,37573204.088632941
2592,0.0061118046828671111,35260538.586812846
2593,0.01961795276634782,24337666.267854445
2594,0.0099472111919041029,33842099.360217012
2595,0,22562700.707705066
2596,0,22346504.630779844
2597,0,22718572.674939815
2598,0,23791601.717982452
2599,0,25242909.83632737
2600,0,25287254.293179523
2601,0,24431546.068257146
2602,0,24212610.922247019
2603,0,24415235.330843013
2604,0,26994477.96480925
2605,0.0066383183236565215,46678241.738538392
2606,0.013707372763021535,42617659.329701446
2607,0.0050925340679807652,45313359.247784026
2608,0.0039314566987033806,36533381.642565042
2609,0.0041210711274805517,31795404.511592042
2610,0.0040964338080571785,26696782.025454946
2611,0.0047976905512118655,19457860.752490439
2612,0.0056920086745087459,13896111.35022426
2613,0.0072793089706651628,10972869.808565065
2614,0.0092189227379620847,12516619.665963719
2615,0.011883079696509988,17354462.766535163
2616,0.015065720927997758,28605182.915411763
2617,0.018591905781695808,38813035.748121105
2618,0.021639801643272637,42756454.537193984
2619,0.024337622381927496,43284283.29729367
2620,0.02532713338251533,39890627.899351992
2621,0.02543817162690791,35497181.744929627
2622,0.024532370719707406,35866750.95133213
2623,0.022155604501360421,44966861.332358316
2624,0.019068369760470341,54418038.471477017
2625,0.015644070760214474,56448094.389877737
2626,0.012215721436010886,55888956.474443257
2627,0.0088540469087888523,55148946.861526035
2628,0.0064119048849856173,58458338.478813723
2629,0.004454401156116383,59967727.704597168
2630,0.0042347433086200436,51835267.201239064
2631,0.0042630647004495009,35996785.142831601
2632,0.0054505867915802244,35909735.617897473
2633,0.016809926374517205,24630309.587108836
2634,0.0083462294823483177,34526651.485047109
2635,0,22426141.256378692
2636,0,21702367.919266261
2637,0,21566192.282825116
2638,0,22050545.109063994
2639,0,22826671.81686068
2640,0,23271545.076647591
2641,0,22889829.401138958
2642,0,23141055.414044656
2643,0,23734290.515435681
2644,0,26621922.189177845
2645,0.0053836473886123551,46270595.850637093
2646,0.011492287553383157,44568194.98003003
2647,0.0046111424435342331,48349047.065534376
2648,0.0036316366274618777,42253753.80373273
2649,0.0036642373534942966,38727940.733325467
2650,0.0035587207357571588,34716594.355972037
2651,0.0040416400491819849,27627303.583626747
2652,0.0046700490747223974,20142119.988731615
2653,0.0057735171118689825,14148179.224300336
2654,0.0072793089706654109,13247034.460803632
2655,0.009216282119034986,17077973.951613691
2656,0.011304876628469221,24689852.658300728
2657,0.013566089130198021,33864912.033387549
2658,0.015544347959905032,40589667.719985627
2659,0.016821342855953526,43548285.93076127
2660,0.017478849133661767,40670920.827693686
2661,0.017668000933043645,39228413.591792621
2662,0.017011886618662018,40434190.220373519
2663,0.015539624520836409,44760801.320471399
2664,0.013702850925858092,49051054.895564348
2665,0.011384388048227709,50370472.154426031
2666,0.0090807981058927539,48996791.259491064
2667,0.0068218955444947285,48583119.735183023
2668,0.0051414161609532431,50277062.916932188
2669,0.0037013477336398184,50628758.331696652
2670,0.0036611455389251508,44991528.359907076
2671,0.0036960472992976323,35477301.096442334
2672,0.004777250524980836,35589785.320422947
2673,0.013790437913997826,24596062.292870529
2674,0.0066269012033651833,34377142.145805441
2675,0,22006494.670935638
2676,0,20713490.19994517
2677,0,20101476.160604581
2678,0,20033066.14508079
2679,0,20228250.231033739
2680,0,21047564.97754389
2681,0,21069767.937871765
2682,0,21761037.918936521
2683,0,22774651.738904264
2684,0,25970941.578443632
2685,0.0040849176057748578,45342029.002234772
2686,0.0091672305457321298,46055759.435715295
2687,0.0040902320321221236,50974803.974305876
2688,0.0033111780773993527,47688642.611495838
2689,0.0032559804375583441,45637792.138349198
2690,0.0031313294478536604,42751061.226598121
2691,0.0034671505567950506,36391016.296981491
2692,0.0038869992731988966,28196609.099979218
2693,0.0046700490747222049,20018073.125326183
2694,0.0056920086745084605,15235149.491254156
2695,0.0070644710187091741,16303421.607437912
2696,0.0084991601015110326,20814251.606181741
2697,0.0098032307651809581,27218599.259778116
2698,0.010837001514289585,33900185.10104198
2699,0.01166319876389788,40266316.99000746
2700,0.011927342015637872,42911257.769097663
2701,0.012048136852861543,42138531.883650787
2702,0.011744816610524688,43631935.735092886
2703,0.010897087505787623,46823243.414112337
2704,0.0096586686213107446,48487207.477716193
2705,0.0081697335159912482,47904032.120684803
2706,0.0067036893468482243,45518728.4851574
2707,0.0052455345725079721,44100811.475988947
2708,0.004118743203076986,44504513.773368552
2709,0.0031694274357571338,43974952.080106832
2710,0.0032503136912833035,41812777.695786953
2711,0.0033111780773993913,35034181.971185565
2712,0.0041165926045281928,35299957.202840231
2713,0.010715256382832198,25437074.53534063
2714,0.0048947979050306218,33951973.111215606
2715,0,21257405.529171001
2716,0,19370857.824426241
2717,0,18318913.550117314
2718,0,17792169.835970137
2719,0,17582699.558543112
2720,0,18713712.943900347
2721,0,18983358.878335532
2722,0,19997061.823801547
2723,0,21466055.631598599
2724,0,25074096.694050558
2725,0.0028309066857126327,43907381.24514354
2726,0.0068466571152163104,46895322.094613105
2727,0.003532811813630406,53057403.977718107
2728,0.0029771268765692279,52357621.650346868
2729,0.0029122295477724516,51726546.297945529
2730,0.0028479562032833559,49648617.974398419
2731,0.0031192057869002883,43903164.775293902
2732,0.0034671505567950541,35761460.983987741
2733,0.0040416400491820196,26486833.904826842
2734,0.0047976905512122116,18546698.881096154
2735,0.0057184868731414368,14644165.135746587
2736,0.0066859583539495178,15838966.725600407
2737,0.0075964413007055141,19583297.306633592
2738,0.008222872839541099,24813481.173740882
2739,0.0084785170761088307,31475121.66000529
2740,0.0086282299092262198,39535667.270438135
2741,0.0086900051931194846,42457719.17840755
2742,0.008489639058980529,44100886.352476597
2743,0.0079210967655159881,45093979.986114897
2744,0.0071543185939940985,45368063.78833653
2745,0.0062026052152157774,44044239.080052987
2746,0.0052285793690714268,42200846.190001935
2747,0.0042483902056243174,41174934.192119762
2748,0.0034741190655577735,42145061.66713205
2749,0.0028445645681444711,42548753.596373133
2750,0.0029057236582311213,41558699.415667556
2751,0.0029753998613446754,36249899.288046762
2752,0.0035327671002588152,35639969.504891738
2753,0.0077587816624197581,27113038.858336885
2754,0.0032766230588063086,33435785.941861887
2755,0,20307699.957007408
2756,0,17686431.947760843
2757,0,16248141.939340895
2758,0,15413444.737513784
2759,0,15038013.040314803
2760,0,16394910.961263565
2761,0,16731328.673723899
2762,0,17829902.228517022
2763,0,19561743.161292076
2764,0,23936825.44498409
2765,0.0018034991598349156,42386587.146191314
2766,0.004672839571805195,47180733.786098748
2767,0.0029320662991630399,54836071.984162167
2768,0.0026265461902799927,56148234.547261968
2769,0.0025998338827188804,56319040.504840225
2770,0.0026190432921692828,54443366.895711042
2771,0.0028445645681443566,49183440.130533159
2772,0.0031268758065742461,41645767.825270787
2773,0.0035576224128532558,32902370.137534317
2774,0.00409643380805709,24344362.656879772
2775,0.0047459406220001204,17525978.901024915
2776,0.0054147789018009615,13741041.180562869
2777,0.0060080056658660076,13885640.57766589
2778,0.0064101126963533022,17022650.460278343
2779,0.0065725781429289152,22306210.31017882
2780,0.0065725781429288969,29438223.266139533
2781,0.0064285649694781092,36717795.985065594
2782,0.0062706496542506551,39225794.778889611
2783,0.0059051945909412108,40711015.564940922
2784,0.0053731792608700188,41202616.58294338
2785,0.0047566988858151801,40944953.731521107
2786,0.0041385613219119908,40662989.912276059
2787,0.003539920203352755,41425265.319453657
2788,0.0030168633973181899,43585798.002856463
2789,0.0026163157256795825,44168590.064427286
2790,0.0025938273191120596,42606927.17835243
2791,0.0026239543528056384,38569290.147659026
2792,0.0029320662991631718,36847553.28454864
2793,0.0050818055976555475,29322189.027588841
2794,0.0018848630112783546,33404889.886946164
2795,0,19219263.857311238
2796,0,15635017.170385627
2797,0,13961340.520962059
2798,0,13052600.118281273
2799,0,12742717.186844127
2800,0,14204541.481569394
2801,0,14504005.228722073
2802,0,15492831.337233765
2803,0,16928939.13207487
2804,0,22086714.355235875
2805,0.00091468803381860686,41470446.369850896
2806,0.002754886656827011,46843227.462074272
2807,0.0022725075582141424,56638164.590384476
2808,0.0022725570860439841,58782925.134639055
2809,0.0023480306675114815,58437729.47749608
2810,0.0025938273191123025,55907127.431241818
2811,0.0029057236582312571,50855234.982257783
2812,0.0032503136912835334,44287565.294389442
2813,0.0036611455389254947,36916785.716917396
2814,0.0041210711274809603,29555879.972942755
2815,0.0046207290427945731,22998754.884170305
2816,0.0051052243011708324,18004858.68111781
2817,0.0055231216918433714,15184631.202107659
2818,0.0058177470601198274,15203655.262092078
2819,0.005937907822555764,18249827.03276293
2820,0.0059379078225554934,23437633.899508603
2821,0.0058177470601195316,29320535.296290074
2822,0.005544506304057885,34542429.072666928
2823,0.005266893050375733,36447641.547260188
2824,0.0048937702460911305,37322877.029104717
2825,0.0044358875366802041,38248254.524845503
2826,0.0039518016148248044,39579603.25509239
2827,0.0034547009200594056,41472773.129653409
2828,0.002984597688455241,43511996.172715828
2829,0.0025938273191120709,43802375.272699766
2830,0.0023434066338836458,43152747.355439149
2831,0.0022697229418248343,40409960.925142482
2832,0.0022722810847879949,38850485.180171125
2833,0.00280678813508661,31977548.949011039
2834,0.00091468803381863407,34078477.623153001
2835,0,17544203.510236606
2836,0,13128461.823146839
2837,0,11695748.174086921
2838,0,10918759.501167864
2839,0,10799529.61906236
2840,0,12178359.504757993
2841,0,12477856.644059511
2842,0,13341380.361861652
2843,0,14607680.706002994
2844,0,18677798.383763559
2845,0.00015988769585522682,34644356.504232809
2846,0.001153590030405697,46125367.147560321
2847,0.0014985091359667614,57344286.899769895
2848,0.0018935677636062163,59586031.864358865
2849,0.0022697229418248144,57943119.695088692
2850,0.0026239543528055837,54760525.801571272
2851,0.0029753998613446346,50526184.259891927
2852,0.0033111780773993527,45444093.373879582
2853,0.0036316366274618053,39678831.631206557
2854,0.0039314566987032678,33762118.427595966
2855,0.0042207515896889427,28266989.803788163
2856,0.004493541137144042,23858683.740320627
2857,0.0047325713856430493,21113168.89783464
2858,0.0048960629688338904,20407526.501803342
2859,0.0049637793871880288,21640854.086085953
2860,0.0049637793871880999,24520252.31318555
2861,0.0048960629688339832,28392666.674752112
2862,0.004732571385643038,32598002.710821327
2863,0.0044935411371441105,36185956.259285681
2864,0.0042624738642648794,38084883.18411649
2865,0.0040051593446426594,39240862.68120598
2866,0.0037011193110920004,40066730.534999765
2867,0.0033451697749348965,40841782.920955814
2868,0.0029753998613446225,41406175.152558327
2869,0.002623954352805595,41771119.391506821
2870,0.0022697229418248196,41996251.188952371
2871,0.0018893911794423868,41843430.478299506
2872,0.0014948646154437552,41555748.751496762
2873,0.0011535900304056889,34853574.633543938
2874,0.00015988769585523766,28860057.635035947
2875,0,14480086.696414152
2876,0,10848763.328231245
2877,0,9783879.0788295604
2878,0,9134783.8398776036
2879,0,9196996.7995682806
2880,0,10243549.444110833
2881,0,10641208.810253544
2882,0,11711329.510424633
2883,0,13368343.159385357
2884,0,15767914.371045355
2885,0,21679519.282766216
2886,0.00011540458116150298,34831216.893463023
2887,0.00075674387236886393,51157197.789878666
2888,0.0014958885091026948,56587054.125581719
2889,0.0022722810847879359,55239220.589666978
2890,0.0029320662991630382,53113217.670009926
2891,0.003532767100258623,51207309.829915501
2892,0.0040898797800518498,49095376.596467644
2893,0.0046110673381783065,46461409.074549995
2894,0.0050925340679807349,43474253.028933041
2895,0.0055359623047479762,40411472.03092584
2896,0.0059270756252391725,37711555.905782193
2897,0.0062434030383913359,35593696.229170442
2898,0.006463744296264607,34151596.713605389
2899,0.0065661972566951254,33596491.991432041
2900,0.0065661972566953102,34257929.298951216
2901,0.0064637442962647241,36083788.908388838
2902,0.0062434030383914331,38103243.747294188
2903,0.0059270756252393598,39536915.622021988
2904,0.0055359623047480837,40257280.816478826
2905,0.0050925340679808502,40407844.14835345
2906,0.0046110673381784192,40134331.469221406
2907,0.0040898797800519625,39598337.346721299
2908,0.0035327671002586725,39271041.584051214
2909,0.0029320662991630863,39321140.111226559
2910,0.0022722810847879316,40368974.300889671
2911,0.0014948646154438038,42151330.956550837
2912,0.00075623389616967702,40424398.752751917
2913,0.00011540458116149284,28394219.137867507
2914,0,17091645.735572219
2915,0,11725400.08073796
2916,0,9760230.7472565565
2917,0,8420697.9335362185
2918,0,7613004.3134717783
2919,0,7780401.8907492775
2920,0,8268630.5242473586
2921,0,8884543.439186573
2922,0,10464662.214933831
2923,0,12592507.978473926
2924,0,14900072.345281588
2925,0,16932081.755220938
2926,0,19957217.758910857
2927,0.00011540458116149869,34686302.551573202
2928,0.0011535900304057046,45203514.711890675
2929,0.0027548866568270526,45411478.65905232
2930,0.0046728395718052271,45694678.39771162
2931,0.0068466571152163407,45513160.657251313
2932,0.009167230545732194,44895899.1818446
2933,0.011492287553383227,43688496.570840448
2934,0.01370737276302162,42054857.704115152
2935,0.015713980036676907,40182953.416631661
2936,0.017412991860648465,38329658.540544301
2937,0.018726736084365009,36711963.36335019
2938,0.019588085306650252,35466247.507050313
2939,0.019955635489616732,34570830.287051983
2940,0.019955635489616617,33992753.664480627
2941,0.01958808530665012,33769440.252683602
2942,0.018726736084364922,34219266.206863396
2943,0.017412991860648368,34995176.226669706
2944,0.015713980036676855,35271211.808582313
2945,0.013751464421354101,34471905.872683801
2946,0.011563746701383576,33550603.291635435
2947,0.0092190803000895619,32890990.62570408
2948,0.0068466571152162948,32572448.408029988
2949,0.0046728395718051898,32597677.622032098
2950,0.0027548866568270301,33582524.004982695
2951,0.0011535900304056911,35603014.285354272
2952,0.00011540458116148067,28693843.794898275
2953,0,15726886.801862989
2954,0,12918746.311268961
2955,0,11299956.975885805
2956,0,9324734.8700142447
2957,0,7442056.4690763019
2958,0,6166187.0657663234
2959,0,6353486.4872852331
2960,0,6200919.9755500816
2961,0,7142583.5932847122
2962,0,9145561.0716595408
2963,0,11503275.852507312
2964,0,13938014.032301215
2965,0,15889994.260833098
2966,0,16655792.999720974
2967,0,21282737.948112715
2968,0.0001598876958552273,33904878.257057376
2969,0.00091468803381860209,40069037.886701643
2970,0.0018032864071138698,40697799.411643647
2971,0.0028309066857126293,42089854.518853664
2972,0.0040849176057748604,43510308.035943232
2973,0.0053836473886123568,44539408.815986462
2974,0.006638318323656512,45113659.042439438
2975,0.0077773095334838227,45295771.834155321
2976,0.0087414793541643176,45234459.432920262
2977,0.0094852895137125266,45072324.249769628
2978,0.0099738503348263518,44899939.561265372
2979,0.010181401633682455,44623339.756872855
2980,0.010181401633682445,44112942.95483651
2981,0.0099738503348263622,43311771.652079821
2982,0.009485289513712537,42352185.596790731
2983,0.0087414793541643193,41571424.756078847
2984,0.0077773095334838218,40952845.195431434
2985,0.0066383183236565094,40021219.796716608
2986,0.0053836473886123637,38593092.639640324
2987,0.0040849176057748534,36840208.234711431
2988,0.0028309066857126319,35134159.623054333
2989,0.0018032864071138815,34173628.327495322
2990,0.00091468803381861445,34371946.467682101
2991,0.00015988769585522795,29209078.306683239
2992,0,17427582.385216024
2993,0,13008544.993502565
2994,0,12488420.804288656
2995,0,10814849.764047932
2996,0,8617479.747499302
2997,0,6447876.8439345425
2998,0,4718307.7645503366
2999,0,4842812.9196821041
3000,0,4146039.6821822673
3001,0,5399379.2031225646
3002,0,7563882.8909691805
3003,0,9810947.6401410829
3004,0,12001456.59395046
3005,0,13608380.714841077
3006,0,14212339.567595208
3007,0,14468090.326957593
3008,0,16631281.377677282
3009,0,19518563.862982042
3010,0,20849872.701296587
3011,0,21567102.179096822
3012,0,22101686.379686188
3013,0,22515894.297926348
3014,0,22803825.488369878
3015,0,22993743.40164452
3016,0,23138340.896523368
3017,0,23309254.505139776
3018,0,23544591.32002937
3019,0,23791021.406809319
3020,0,24017875.35871831
3021,0,24111090.085589167
3022,0,23886160.618053406
3023,0,23397869.632073626
3024,0,22854797.340527829
3025,0,22289723.714713886
3026,0,21562782.570831418
3027,0,20669689.269127123
3028,0,19706314.19522072
3029,0,18632666.028541811
3030,0,17034387.788337816
3031,0,14087266.975771107
3032,0,11581433.985003471
3033,0,11251404.263654828
3034,0,10769468.973383153
3035,0,9346209.6459349673
3036,0,7317987.5311910622
3037,0,5235024.0304884752
3038,0,3316359.398229518
3039,0,3376784.6695360187
3040,0,2340975.2724635615
3041,0,3693615.4760153024
3042,0,5756454.2883522138
3043,0,7732902.5212509409
3044,0,9474694.8695929032
3045,0,10771068.824000157
3046,0,11431802.132787528
3047,0,11605772.153549032
3048,0,11802875.765830113
3049,0,12873144.68835018
3050,0,14554221.989538467
3051,0,15780129.43037172
3052,0,16563148.537529904
3053,0,17135550.09753909
3054,0,17585029.150876012
3055,0,17956319.985190164
3056,0,18288843.434717607
3057,0,18610482.886362277
3058,0,18925719.658609714
3059,0,19219605.26967122
3060,0,19459641.400988329
3061,0,19630473.998551097
3062,0,19672253.727772381
3063,0,19435247.03249047
3064,0,18898630.067010894
3065,0,18183168.315871224
3066,0,17333590.270466916
3067,0,16350157.025524806
3068,0,15161417.988406416
3069,0,13617504.801331399
3070,0,11598937.898453871
3071,0,9964377.3842806127
3072,0,9379181.5100871883
3073,0,9091113.5472570658
3074,0,8433366.0392051917
3075,0,7222427.2302796179
3076,0,5633526.9052376989
3077,0,3832180.4208836923
3078,0,2069807.3102934605
3079,0,2247121.5538269896
3080,0,1099860.3452546215
3081,0,2106331.4639189658
3082,0,3862059.1987960264
3083,0,5520412.0792728011
3084,0,6964353.0931851985
3085,0,8087926.7578886393
3086,0,8869604.8432661537
3087,0,9423192.0955183264
3088,0,10092228.240725726
3089,0,11063680.121545468
3090,0,12185451.945350582
3091,0,13264026.522695553
3092,0,14103625.99541047
3093,0,14719875.177239826
3094,0,15200262.518099396
3095,0,15609914.674897281
3096,0,15986819.689247476
3097,0,16349194.200312963
3098,0,16698232.337487413
3099,0,17026117.425131675
3100,0,17306574.026190516
3101,0,17481771.376125976
3102,0,17473178.940016881
3103,0,17226338.154992003
3104,0,16744914.605894925
3105,0,16064138.34002365
3106,0,15213930.302868461
3107,0,14176772.067625653
3108,0,12920061.836424768
3109,0,11440605.325958071
3110,0,9935035.5294149406
3111,0,8648556.8852284402
3112,0,7724522.8872663444
3113,0,6999976.0374346487
3114,0,6151451.3690415742
3115,0,5062175.6638986645
3116,0,3766815.3813307798
3117,0,2361270.0547535
3118,0,1231386.2740349043
3119,0,1683402.0216898688
3120,0,725619.22440099402
3121,0,953487.91996941983
3122,0,2028989.5431683832
3123,0,3365941.8184938254
3124,0,4693224.1277613407
3125,0,5951688.3443936715
3126,0,7103231.4375752583
3127,0,8103890.4854576448
3128,0,8936007.5939191841
3129,0,9695309.533739144
3130,0,10496068.653876742
3131,0,11308164.236269234
3132,0,12053740.119467884
3133,0,12691692.746520394
3134,0,13243659.078887315
3135,0,13744342.507452056
3136,0,14216298.256069843
3137,0,14665664.300819131
3138,0,15085054.367187057
3139,0,15451038.394758409
3140,0,15727022.098628789
3141,0,15863144.789811756
3142,0,15803661.098673915
3143,0,15513303.844322013
3144,0,14987445.828903606
3145,0,14251351.903672513
3146,0,13338442.012143748
3147,0,12273977.969795527
3148,0,11083812.609842885
3149,0,9855479.7570647188
3150,0,8722833.5494823139
3151,0,7735905.3689375436
3152,0,6763416.0883582952
3153,0,5656108.4130321639
3154,0,4419917.1690248521
3155,0,3160658.533436046
3156,0,2013605.2556748514
3157,0,1230356.315145883
3158,0,1464976.3272910381
3159,0,1452237.7707316272
3160,0,462390.12248480093
3161,0,691356.735444583
3162,0,960144.42933962902
3163,0,2043389.927436257
3164,0,3580291.5148778502
3165,0,5206947.9671000009
3166,0,6636887.5567921167
3167,0,7712819.920268151
3168,0,8451698.9385768995
3169,0,8998531.3421111405
3170,0,9502135.0452689044
3171,0,10036230.549221104
3172,0,10596933.434087597
3173,0,11158122.265004428
3174,0,11707986.369149255
3175,0,12253260.586376302
3176,0,12800867.030623732
3177,0,13343855.364772759
3178,0,13855603.513368992
3179,0,14291290.893419709
3180,0,14592196.05742575
3181,0,14697974.549323549
3182,0,14562983.008029427
3183,0,14169251.83188875
3184,0,13536508.211853543
3185,0,12712488.810599459
3186,0,11757178.631579308
3187,0,10735591.584887236
3188,0,9727656.6039769389
3189,0,8823935.4446188267
3190,0,8079242.4141238928
3191,0,7440952.6519751968
3192,0,6738179.8892717473
3193,0,5796120.1650862359
3194,0,4587330.8312040903
3195,0,3289056.6710348497
3196,0,2232170.3805066771
3197,0,1682768.0028464629
3198,0,1450702.1035167368
3199,0,777107.54272899707
3200,0,502801.48572471464
3201,0,1682335.9073952786
3202,0,3276042.1842358122
3203,0,5230906.3571626842
3204,0,7417886.8961696886
3205,0,9609538.8223173954
3206,0,11604047.334667662
3207,0,13318394.141232884
3208,0,14802249.966582667
3209,0,16176839.886161506
3210,0,17543483.751813035
3211,0,18908786.716062538
3212,0,20211628.580474988
3213,0,21383719.785960186
3214,0,22385790.74277265
3215,0,23214436.077160768
3216,0,23881683.033641964
3217,0,24398367.029408716
3218,0,24764639.34067148
3219,0,24967084.963353936
3220,0,24979743.754938006
3221,0,24775203.138653059
3222,0,24332961.490641836
3223,0,23653570.070925459
3224,0,22763310.187569533
3225,0,21701916.040690333
3226,0,20515533.068454221
3227,0,19251789.874740351
3228,0,17968323.834657613
3229,0,16727499.137972621
3230,0,15566717.035524081
3231,0,14455665.60334011
3232,0,13268848.951649025
3233,0,11857230.619366944
3234,0,10138915.364350934
3235,0,8159032.2722859774
3236,0,6077972.8517484721
3237,0,4094716.5818671728
3238,0,2338128.322739793
3239,0,796241.75244074606
3240,0,1671227.400839916
3241,0,3591182.628282194
3242,0,5688791.5878705615
3243,0,7901341.6230916297
3244,0,9978274.5657487102
3245,0,11803450.567467196
3246,0,13407958.901943559
3247,0,14833292.805367256
3248,0,16181805.247781171
3249,0,17560326.518405702
3250,0,18979646.387603715
3251,0,20366439.9240623
3252,0,21612480.816776663
3253,0,22663988.721848305
3254,0,23538013.112893
3255,0,24263300.566819746
3256,0,24860589.15026623
3257,0,25336029.066387936
3258,0,25684297.256505176
3259,0,25889690.708897091
3260,0,25931624.32840804
3261,0,25779056.709139492
3262,0,25416873.496252842
3263,0,24846039.032581598
3264,0,24090313.633753717
3265,0,23198309.144112863
3266,0,22202989.631392822
3267,0,21118866.332766611
3268,0,19943884.377268974
3269,0,18708452.853303924
3270,0,17482215.771017887
3271,0,16305846.88862746
3272,0,15162878.77254256
3273,0,13943616.967437647
3274,0,12516491.607811671
3275,0,10811321.470852261
3276,0,8782618.6028516963
3277,0,6565897.0695356354
3278,0,4487133.7942567207
3279,0,2339602.4818043993
3280,0,3179516.9398566233
3281,0,5584280.1946405368
3282,0,7911712.9127437752
3283,0,10389771.478480112
3284,0,12739983.115595104
3285,0,14710684.605804129
3286,0,16169632.434010856
3287,0,17326245.94168745
3288,0,18476240.490862492
3289,0,19794170.605160277
3290,0,21263830.483343735
3291,0,22620191.089873899
3292,0,23712033.938093644
3293,0,24582845.172963288
3294,0,25311304.282415818
3295,0,25951136.64742722
3296,0,26523917.619773176
3297,0,27033349.336754773
3298,0,27464535.822885364
3299,0,27791422.140462663
3300,0,27971258.523591664
3301,0,27962043.18844264
3302,0,27697592.871065363
3303,0,27188422.297803376
3304,0,26499956.856368706
3305,0,25687682.245323636
3306,0,24818126.977187235
3307,0,23884246.490877531
3308,0,22839091.25309968
3309,0,21633473.56629758
3310,0,20351012.566946011
3311,0,19194243.313858759
3312,0,18151056.970845897
3313,0,17063979.230051767
3314,0,15654984.821272178
3315,0,13698018.394101147
3316,0,11333439.118710293
3317,0,8844892.1019077208
3318,0,6584709.0721965069
3319,0,4103948.8742173472
3320,0,4998106.4559616521
3321,0,7685062.9415099602
3322,0,10302350.45772136
3323,0,13175990.715161053
3324,0,16031337.974043472
3325,0,18549977.799547054
3326,0,20324170.906435069
3327,0,21078019.797738213
3328,0,21443248.318752274
3329,0,22395062.163850393
3330,0,23581869.500981648
3331,0,24520353.885448638
3332,0,25192411.426059406
3333,0,25760856.87605508
3334,0,26301429.067420822
3335,0,26834807.020019844
3336,0,27389495.091257561
3337,0,27970426.061852328
3338,0,28545547.740385253
3339,0,29063336.740281504
3340,0,29472765.756006204
3341,0,29682741.714212682
3342,0,29632109.081853546
3343,0,29191397.109360974
3344,0,28442695.621489547
3345,0,27652812.2417317
3346,0,26898569.380036309
3347,0,26213429.747847565
3348,0,25541869.040879309
3349,0,24754147.339472488
3350,0,23766759.597700313
3351,0,22850697.054389048
3352,0,22419845.8066549
3353,0,21632683.692945775
3354,0,19802858.024614282
3355,0,17213764.397976659
3356,0,14301004.865293406
3357,0,11406478.341116363
3358,0,8864625.5255790055
3359,0,6119044.7080732668
3360,0,7040271.6396987895
3361,0,9650475.6564927679
3362,0,12571249.772692366
3363,0,15951571.011754578
3364,0,19719130.016124319
3365,0,23252254.292625997
3366,0,25823274.823159397
3367,0,27182898.994132441
3368,0,28801347.594232745
3369,0,29629289.330373637
3370,0,29648971.002338655
3371,0,29409397.340861011
3372,0,29333876.2694695
3373,0,29448906.89910312
3374,0,29695268.951000713
3375,0,30075517.789650314
3376,0,30620067.272110216
3377,0,31380652.567672141
3378,0,32313285.399214759
3379,0,33264487.338788364
3380,0,34121954.340228811
3381,0,34646735.896153562
3382,0,34563557.579758115
3383,0,33913037.333911099
3384,0,33029697.360140037
3385,0,32173714.740406845
3386,0,31452976.739586961
3387,0,30991989.904858131
3388,0,30874133.388700183
3389,0,31089917.045684334
3390,0,31359069.46279807
3391,0,30865154.583603639
3392,0,29203804.519535054
3393,0,27666642.879322492
3394,0,24906072.371760827
3395,0,21219115.081711836
3396,0,17336247.800674457
3397,0,13897489.925565053
3398,0,11010217.699128268
3399,0,8278777.0391497137
3400,0,9128659.2917256989
3401,0,11379783.903521067
3402,0,14449927.029392071
3403,0,18360035.816650145
3404,0,23114032.820784956
3405,0,28677221.978696343
3406,0,33297391.261641942
3407,0.0003820789282036396,42661935.450796522
3408,0.0016286713688510193,38037915.842578366
3409,0.00344532422257574,28611745.65446417
3410,0.0056711265322559254,24029287.818862747
3411,0.0081192360918930489,21082910.72937135
3412,0.01071289458248624,18778241.728015594
3413,0.013327809772507375,17096826.56491835
3414,0.015852046220049352,16019720.412423881
3415,0.018152865256881843,15503442.157489905
3416,0.020121776644359508,15473977.895659696
3417,0.021647695613382454,15865669.233717371
3418,0.022659451416116853,16555640.489800451
3419,0.023088694223844401,17218908.06815321
3420,0.023088694223844453,17594624.631825179
3421,0.022659451416116895,17772839.983858436
3422,0.021647695613382482,18198146.554656975
3423,0.020121776644359518,19696569.552322656
3424,0.018152865256881864,21678996.01471594
3425,0.015872746811439794,22641126.950974658
3426,0.013372867756330339,23534665.890983403
3427,0.010744966711200619,24752233.626952171
3428,0.0081192360918930697,26096492.354847476
3429,0.0056711265322559341,27353436.646039046
3430,0.0034453242225757465,30811840.870811574
3431,0.0016286713688510317,40174053.240699127
3432,0.0003820789282036467,45239722.45357544
3433,0,35790230.883748569
3434,0,30833960.620511986
3435,0,25017292.858065508
3436,0,20061586.916101739
3437,0,16010995.184847662
3438,0,12882565.549998853
3439,0,10407905.912681093
3440,0,11110159.099732039
3441,0,12921131.555750135
3442,0,15790250.080964811
3443,0,19937445.086068124
3444,0,25435249.056134861
3445,0,33026727.415671278
3446,0.00028024498026205048,47034111.814833306
3447,0.0016741991505223653,48827208.962831602
3448,0.0036665780612834312,37848791.928890802
3449,0.0058972916018784956,31412122.707940124
3450,0.0087987891303869213,26630174.193860181
3451,0.011872390259729936,22619390.838946898
3452,0.0150763581006141,19155387.859121069
3453,0.018282766772208105,16451559.012755355
3454,0.021376568552671019,14644538.854852097
3455,0.024196683283283612,13855787.826525224
3456,0.026609225344200814,14022243.968690362
3457,0.028482458269047901,14866220.116971331
3458,0.029714865752362509,16094822.4216727
3459,0.030240538729515931,17370570.736414276
3460,0.030240538729515643,18310880.113212213
3461,0.029714865752362297,19270148.115699772
3462,0.028482458269047661,21877946.747561913
3463,0.026674678388569968,23356882.580700524
3464,0.024408298042484206,23657677.177765109
3465,0.02167830322536653,24473335.170119409
3466,0.018608941912935557,26176156.062667221
3467,0.015361829918469672,28722055.778895181
3468,0.012070333765554993,31687186.914281424
3469,0.0088879562823666134,34831879.43937657
3470,0.0058972916018784471,37788399.034308948
3471,0.0036665780612834707,41563073.691274412
3472,0.0016741991505223824,51818934.330996156
3473,0.00028024498026205991,49992573.641374789
3474,0,35828144.032763101
3475,0,27847951.064365946
3476,0,21979407.768177066
3477,0,17577172.78105906
3478,0,14514328.11763246
3479,0,12366347.725231284
3480,0,12941272.672343967
3481,0,14328197.655893333
3482,0,16795313.997504782
3483,0,20405612.068886541
3484,0,26380761.235491008
3485,0.00038207892820363336,42201362.769721486
3486,0.001674199150522346,48762799.799293444
3487,0.0031750164442791266,51752983.566034183
3488,0.0046945190380831428,48310588.54512167
3489,0.0057402927313575857,45609772.143124692
3490,0.0067889847617285202,42963608.523533568
3491,0.0075753529317739224,40380446.680473223
3492,0.0082102781504423215,37890714.701453298
3493,0.008711722206448622,35542761.148035571
3494,0.0091198682571478965,33467266.1799911
3495,0.0094502827781970441,31597541.803500734
3496,0.0097163489115845332,30149015.748571057
3497,0.0099129423345491099,29055916.600593399
3498,0.010041193151890716,28081580.344545133
3499,0.010085608761262957,27258422.680102758
3500,0.010085608761262773,27391555.082197037
3501,0.010041193151890525,29566615.089798775
3502,0.0099650972694396885,31289110.321424209
3503,0.0098877394007020371,32177333.110813212
3504,0.0096964707520519385,33830434.383451857
3505,0.0093976103831654688,36710701.484523773
3506,0.0089967205236274831,40271342.891707189
3507,0.0084831165248869227,44121505.188288681
3508,0.00781850413238026,48035391.871574245
3509,0.00697995816806052,51578128.440632589
3510,0.0058600109689356849,53902745.198053606
3511,0.0047595194374251137,55668873.338488899
3512,0.0031750164442791752,57248139.759884946
3513,0.0016741991505223673,52572878.201605022
3514,0.00038207892820363927,45425624.668574385
3515,0,29385639.158330958
3516,0,22800815.82996197
3517,0,18791994.490429293
3518,0,15964565.107469087
3519,0,14121253.962171897
3520,0,14694877.27397301
3521,0,15711361.091296773
3522,0,17766260.733647134
3523,0,20453311.746015515
3524,0,27471476.866139326
3525,0.0016286713688510124,37569438.646153793
3526,0.0036665780612834468,37889828.886625677
3527,0.0046945190380832565,48439644.110694513
3528,0.0057212754387373516,49643909.402354874
3529,0.00623664417334181,49348474.506548978
3530,0.0067151194275383687,48464272.764496893
3531,0.0071450518120733655,46925043.294581361
3532,0.0075131276544367969,45352145.847011842
3533,0.0077909052285549821,43637936.52249331
3534,0.0080051892634175944,41930042.407843299
3535,0.0081537271404747338,40054738.625952832
3536,0.0082686590917821299,37915586.629183821
3537,0.008347957899931216,35522811.808216698
3538,0.0083941052752564589,33208875.692667812
3539,0.008408065078458201,31359088.822200481
3540,0.0084155746357766834,30352903.066066653
3541,0.0085082662653814672,29004502.189359941
3542,0.008601811760323843,27658163.199226286
3543,0.0086417786996421109,28465458.115103979
3544,0.0085961835007503339,31379945.10843743
3545,0.0084852528102807353,35665833.323101781
3546,0.0082759144933740748,40540085.672286056
3547,0.0079811545672197077,45691934.376387089
3548,0.0075756690594158613,50679207.799167074
3549,0.00708807383266214,55261466.318797335
3550,0.0065297681019736396,58593807.156468034
3551,0.0059308132142448997,59603636.193234712
3552,0.0048200829197306656,57707716.832410432
3553,0.0036665780612834308,45344711.794189565
3554,0.0016286713688510163,41433207.578546174
3555,0,30907795.088733576
3556,0,23181381.841871697
3557,0,19909507.163675979
3558,0,17353845.628592573
3559,0,15756959.70992364
3560,0,16494379.644295312
3561,0,17179738.795905676
3562,0,18897050.218183842
3563,0,21031407.281315472
3564,0,27715308.8193493
3565,0.003445324222575714,28339593.360257018
3566,0.0058972916018785095,31481998.55463545
3567,0.0057402927313576326,45698631.614091054
3568,0.00623664417334164,49116638.319393538
3569,0.0063650603520442571,51031305.098941222
3570,0.0066980282703750444,51365149.866598018
3571,0.0069718084408328801,50279862.069169067
3572,0.0072683655647031997,48814403.809937522
3573,0.0075492302426883847,46800764.67498555
3574,0.0078431282791914057,44745779.281035684
3575,0.0081347840842912432,42445605.251898631
3576,0.0084126250671961479,40793762.119409136
3577,0.0086492451589893372,39798366.462080315
3578,0.0088074384051669233,39232452.445062339
3579,0.0089627908546573744,37844395.2293199
3580,0.0091134405551399761,34991511.892336421
3581,0.0091710656003864098,31153000.589847855
3582,0.0091916253107973724,29118941.65978685
3583,0.0091023164651680092,29993977.951393377
3584,0.0089262005837390766,32689370.252548322
3585,0.008668820009307578,36636553.758560278
3586,0.0083495709039418161,41455689.982646026
3587,0.0079971274084292346,46959473.324397653
3588,0.0076106691101893199,52633799.532135114
3589,0.0072491968308058497,58035412.53204789
3590,0.0068440387813798898,61352251.776966631
3591,0.0066210761521065479,61420057.783428617
3592,0.0060302366652903268,58940652.218697205
3593,0.0061218015410404447,43369280.678723484
3594,0.0034863149650551733,34741327.997322172
3595,0,30851767.052975703
3596,0,23814251.754009012
3597,0,21063031.145740569
3598,0,18771924.920279883
3599,0,17414822.113591935
3600,0,18421538.103374537
3601,0,18739327.600788742
3602,0,20171743.266071972
3603,0,21748546.657291297
3604,0,27136377.462281641
3605,0.0056711265322558933,24055238.867962029
3606,0.0087987891303869404,26596072.128066882
3607,0.0067889847617285844,42677547.325125962
3608,0.0067151194275381814,47396447.952701204
3609,0.0066980282703750487,50532575.778121799
3610,0.0068368990235711637,52067111.587884843
3611,0.0070289362612713227,51655968.872471832
3612,0.0073463769006691425,50587119.332088172
3613,0.0076836103617443858,48440180.609555312
3614,0.0081059767744046385,45908559.228356771
3615,0.0085509937593467936,43537639.354117185
3616,0.0090115371176336632,42607543.657105662
3617,0.0094854898854386856,43270296.774057545
3618,0.0099159898241052997,42026219.57451611
3619,0.010296297536226897,37856535.599344969
3620,0.010481377510096932,31552052.6507691
3621,0.010571680614989016,26850766.724476866
3622,0.010653265193197729,25374040.399376351
3623,0.010495626821601243,26002978.060444359
3624,0.010146235700122542,27946785.841351341
3625,0.0096933286067972923,31340248.392725855
3626,0.0091279597564974529,36250987.21867507
3627,0.0085979441768044302,42839207.890149467
3628,0.0080508120662547977,49979249.947662957
3629,0.0076868491454392222,57080465.770919509
3630,0.0073494008779439795,61373768.087323584
3631,0.0073075376710004213,61233914.751160644
3632,0.0073095257338158812,57942339.811282873
3633,0.0094469429204826587,40694808.985954225
3634,0.0059998432881831001,31148916.796563093
3635,0,29724611.899416186
3636,0,24263556.419593427
3637,0,22202600.269726828
3638,0,20217479.013527308
3639,0,19198644.620741069
3640,0,20446705.210884795
3641,0,20306087.976446584
3642,0,21313738.035800647
3643,0,22132072.302569408
3644,0,26213485.039998487
3645,0.0081192360918930211,21369272.095371116
3646,0.011872390259729988,22280081.558468442
3647,0.007575352931773984,39284033.987045527
3648,0.0071450518120731547,44375727.563516058
3649,0.0069718084408329026,47982371.484276488
3650,0.0070289362612713973,50006583.476673171
3651,0.0072552831350842853,49735373.702840745
3652,0.007657133687373364,48638961.423284478
3653,0.0081405652443255396,46057175.085281484
3654,0.0087639232882297038,43424507.384522453
3655,0.0094481706179453482,42254831.789816342
3656,0.01023710089686824,45308012.232954651
3657,0.01113980513051754,46505868.876937181
3658,0.012046176419758903,43633872.099659346
3659,0.012578956002805118,37922204.153692752
3660,0.012978661073992153,32632641.644130442
3661,0.013163698946630558,29718736.223552983
3662,0.013133030731910125,28557887.993708499
3663,0.012854165106219857,28437054.345446728
3664,0.012247238343728883,29477534.183878422
3665,0.011428118380469142,30844418.973025054
3666,0.010483534454624835,34163985.070726
3667,0.0095827272659967707,39595126.88160523
3668,0.0087690959806560418,47206194.964969672
3669,0.0082207054440386167,55149324.819678217
3670,0.0078666964584048742,60270130.670810468
3671,0.0079589439626714335,59880402.867114879
3672,0.0083426748209814872,56329545.242298231
3673,0.013109735532659187,37980750.662403427
3674,0.0088610373315940495,28043170.309355292
3675,0,28314153.09484487
3676,0,24327468.598495599
3677,0,23088715.586207338
3678,0,21627624.490988929
3679,0,21106415.838255972
3680,0,22460337.982889954
3681,0,21754718.331984483
3682,0,22159138.960930172
3683,0,22160776.473288573
3684,0,25324299.501366522
3685,0.010712894582486183,19354016.220151488
3686,0.01507635810061413,18388869.25027613
3687,0.0082102781504424203,35442943.201692946
3688,0.007513127654436633,40508370.473610178
3689,0.0072683655647032691,44315116.475294337
3690,0.0073463769006690029,46476006.109977707
3691,0.0076571336873731393,46260477.283956215
3692,0.0082317158930982938,44957037.009727314
3693,0.00893435985614628,42509347.777237631
3694,0.0098786534900473268,40435741.753383189
3695,0.010959755521258427,44465602.370390594
3696,0.012455778482148492,48498012.547183312
3697,0.01404167495135456,46709481.528612055
3698,0.015297059538650503,42605873.93427819
3699,0.016543386488676804,37834335.377858572
3700,0.017176560269315366,34270608.139948644
3701,0.017463461033084816,31749951.390299503
3702,0.017517292358044195,31297914.296829343
3703,0.016852262745377454,31832551.180201169
3704,0.015678219319622676,31572272.452131737
3705,0.014248257107718357,31922554.581407312
3706,0.012592983409614586,33787230.081061274
3707,0.011140083224809574,38205570.16301962
3708,0.0097789509335234181,45262053.325073987
3709,0.0089603763505515712,53367826.663267344
3710,0.0084397972664729884,58655682.356075473
3711,0.0086010057805340785,57476491.930099048
3712,0.0092466101909084216,53932355.211897872
3713,0.017061179300290542,35619541.550655067
3714,0.011980432163135445,25549834.702066544
3715,0,26822090.873208269
3716,0,24004987.831073064
3717,0,23644441.644787114
3718,0,22898352.918037154
3719,0,23062823.155858196
3720,0,24339027.235265736
3721,0,23004191.26348919
3722,0,22736457.737377815
3723,0,21984783.272756267
3724,0,24471042.365758821
3725,0.01332780977250732,18118541.348569326
3726,0.018282766772208144,15252492.61225001
3727,0.0087117222064487417,31239053.784875005
3728,0.0077909052285546473,35771287.044238701
3729,0.0075492302426884489,39511498.930338785
3730,0.0076836103617443753,41287728.243618548
3731,0.0081405652443257114,40946149.794287585
3732,0.0089343598561464378,39531148.8274104
3733,0.009930548830641716,37763072.97314626
3734,0.011319052825479093,39726563.937293552
3735,0.013014672797213937,48204078.675672866
3736,0.015452016609977394,49176203.089518778
3737,0.017722875368797065,46321813.354154088
3738,0.020156794680817734,42496923.723655999
3739,0.021749348290979006,38695425.927394487
3740,0.023232670801651412,35293334.913749784
3741,0.023884597732457984,33193445.957023118
3742,0.023540212960172346,31487146.118287604
3743,0.022482786040057698,30767082.416398305
3744,0.020439576694602116,32674171.374622684
3745,0.017987595131149069,34117527.740364194
3746,0.015324416506437821,35699132.135271259
3747,0.012933737872754342,39628264.701255336
3748,0.010969463741309807,46145798.636821643
3749,0.0097096036671008076,52983455.405072078
3750,0.0090132880357006798,57078133.63299112
3751,0.0091810517271778379,53961338.000449352
3752,0.010040250416131264,50650575.494859993
3753,0.021152437425216112,33601498.741704978
3754,0.015220362369790071,23856208.10439549
3755,0,25159459.51603511
3756,0,23351714.182820931
3757,0,23897146.551792365
3758,0,23973339.712734357
3759,0,24962225.820248511
3760,0,25989541.153394293
3761,0,24040716.220020574
3762,0,23113915.14566179
3763,0,21679046.480257627
3764,0,23574978.697614387
3765,0.015852046220049303,17643854.301396422
3766,0.021376568552671085,13126518.937514083
3767,0.0091198682571479589,26896433.90484342
3768,0.0080051892634172613,30497127.010658331
3769,0.0078431282791913814,34211135.73835218
3770,0.008105976774404897,35338364.158496507
3771,0.0087639232882296882,35139370.712377906
3772,0.0098786534900477084,34258785.999013364
3773,0.011319052825479285,34707638.929383762
3774,0.013280818780014431,41921673.890380636
3775,0.016068556003804024,52790911.787473269
3776,0.019352833199215658,50833219.433962956
3777,0.023381906257924027,47735853.659974545
3778,0.026957709992823604,44548727.709306315
3779,0.030784745362069113,41378541.488720737
3780,0.032403870455281876,37007980.635682508
3781,0.033300181502551041,31967028.965049136
3782,0.033080934789040728,32280489.06471052
3783,0.030538574242539474,35334124.71300479
3784,0.027064122156732349,34321571.826406024
3785,0.023043517588566882,32355845.189612944
3786,0.018736500435254478,37089571.960459746
3787,0.015246230976741762,42163365.465109177
3788,0.012306005643259791,49308573.536425531
3789,0.010610701050926877,53889797.695553601
3790,0.0096107744230642597,55101981.45595634
3791,0.0097238873341025257,49255557.860932782
3792,0.010741235500495461,46762994.583661668
3793,0.025238700121021564,31950638.699182149
3794,0.018449502787549206,23160194.003907543
3795,0,23288151.589915525
3796,0,22427285.888342943
3797,0,23895243.439883664
3798,0,24844090.754106522
3799,0,26709120.891626809
3800,0,27364009.546244618
3801,0,24869251.097595334
3802,0,23343557.130247273
3803,0,21279310.862394996
3804,0,22631256.498979963
3805,0.018152865256881756,17791778.398000538
3806,0.024196683283283758,12186763.233039532
3807,0.009450282778197136,22625739.350244522
3808,0.0081537271404743296,24916646.254531287
3809,0.0081347840842912397,28653093.861030847
3810,0.0085509937593469861,29183497.454064619
3811,0.0094481706179454835,29610336.838322103
3812,0.0109597555212586,30381431.802423526
3813,0.012870812497376267,34005397.535376005
3814,0.015706508577958699,45321172.737707354
3815,0.019213294127516281,57088308.429505803
3816,0.02464450182555469,55588822.649721853
3817,0.029654814525518925,53192016.827616431
3818,0.036720921989886933,51740032.723405115
3819,0.042719817191833161,49252616.686658077
3820,0.047231728936979522,44541603.864133403
3821,0.049853410753910324,38556951.197856613
3822,0.046712806338046531,30694472.939012855
3823,0.04231785165439373,26720648.000326049
3824,0.03559240329382287,27213237.278605223
3825,0.028962183214165164,36124296.861296199
3826,0.022726136478746002,36873148.381151229
3827,0.017531804563549511,45804627.147246115
3828,0.013666639722516487,54229618.692016043
3829,0.011496221299447499,54380044.605138965
3830,0.010292320192730678,52270172.54405947
3831,0.010208755032086465,43612846.527884364
3832,0.011346290847351575,42603919.736378796
3833,0.029086958774807135,30745514.849107947
3834,0.021494250548087446,23428905.415128436
3835,0,21286504.900473315
3836,0,21321953.705267165
3837,0,23710291.179942373
3838,0,25516869.915849853
3839,0,28235530.617514905
3840,0,28446561.616447277
3841,0,25500511.560322382
3842,0,23459299.95005342
3843,0,20845118.509866625
3844,0,21692154.043164309
3845,0.020121776644359417,18314731.726769064
3846,0.026609225344200925,12210048.319532869
3847,0.0097163489115846477,18768274.430643599
3848,0.0082686590917817639,19353006.058496669
3849,0.0084126250671960768,23629962.617659304
3850,0.0090115371176335678,23534429.244483802
3851,0.010153749062175917,25903688.55543121
3852,0.012111703263654794,28831181.918529637
3853,0.014648848418502221,35256670.888059832
3854,0.018222084333807381,47553893.688883975
3855,0.023630513575397246,62450195.89230115
3856,0.028690612503000843,62473066.259417608
3857,0.039059299261121005,61457641.304838724
3858,0.051162494569295523,65689106.66001343
3859,0.058903829778222123,65870212.013146527
3860,0.064042038915085781,60023267.085761145
3861,0.067761449355420708,46434879.335258193
3862,0.06444376453776815,32980144.97374266
3863,0.055032256000363114,32399489.734636784
3864,0.047046007209146486,35213626.50951352
3865,0.037226281932958391,29162973.009801757
3866,0.026293638171807746,40328553.632437453
3867,0.019486093961341617,54869755.391414784
3868,0.015085340269045202,57851279.665153295
3869,0.012607970868092309,53205095.326596618
3870,0.011078990651438218,48948837.333066426
3871,0.010696052112898711,38197782.600814588
3872,0.011838816107822562,38456700.842467658
3873,0.032478276925086494,29995910.744970933
3874,0.02418305332894824,24316090.199523993
3875,0,19294253.695664939
3876,0,20197559.331693638
3877,0,23417367.590998586
3878,0,26012777.968604885
3879,0,29495109.508291766
3880,0,29240551.884059355
3881,0,25948173.287200041
3882,0,23498646.2332123
3883,0,20437134.230871651
3884,0,20865280.296126474
3885,0.021647695613382357,18964444.737034686
3886,0.028482458269048043,12762527.392675215
3887,0.0099129423345491741,15580388.999754438
3888,0.0083479578999307649,14226301.44183935
3889,0.0086492451589891359,19443523.804043561
3890,0.0093896885812609233,19275790.828809921
3891,0.01077920629231763,24061639.593808431
3892,0.013112536227273524,29478263.014521081
3893,0.016174917624960126,37089120.854926027
3894,0.020967561887539711,48184440.44780688
3895,0.02659579303140604,64669734.123319149
3896,0.036642253975062704,70795337.18391715
3897,0.049943130396483702,74431951.961604863
3898,0.057376319538307116,78691335.177216321
3899,0.10013936387194469,86580567.942448929
3900,0.12220869985295892,91246096.695089981
3901,0.1194723085669237,67810192.576354146
3902,0.11459346694339323,44253892.63371294
3903,0.10077301447052671,60410031.16269929
3904,0.074694937664971345,57825732.137275234
3905,0.043880286142650542,39956851.388779797
3906,0.030582716970154557,62307794.235353887
3907,0.021981802407158673,62436478.738035917
3908,0.016799739601182757,61159434.080320105
3909,0.01380931182661875,53395048.887336262
3910,0.011928697695675616,46318310.371993385
3911,0.01112556491608861,34022648.331178807
3912,0.012212004043183877,34934211.283974342
3913,0.035175811898492233,29546971.439186309
3914,0.026323960766216629,25457376.625310134
3915,0,17597331.285057832
3916,0,19195510.867301419
3917,0,23107103.717748825
3918,0,26354613.514737274
3919,0,30459637.806873281
3920,0,29758150.573905498
3921,0,26230880.052431941
3922,0,23497765.605799932
3923,0,20121258.458159234
3924,0,20239009.866074111
3925,0.022659451416116739,19523342.042273752
3926,0.029714865752362676,13362253.076132892
3927,0.010041193151890766,13225907.871908357
3928,0.0083941052752559749,10068322.129438456
3929,0.0088074384051667568,16368437.90394406
3930,0.0096039161643982594,16753974.055793988
3931,0.011256283745820902,23938081.323897425
3932,0.013749939122185837,30345789.439960133
3933,0.017401675162147249,39110862.884176448
3934,0.022580798115718326,47865655.346273854
3935,0.030205084867984809,62425487.014542527
3936,0.042691905398002258,74949199.280589208
3937,0.049670374384451849,76183921.428386062
3938,0.14064674928111484,96542143.351238489
3939,0.2175040698228527,106908252.03038038
3940,0.23831176705369192,110789717.71126263
3941,0.2223406462100759,93323043.220302731
3942,0.20888059474023971,76912907.068991229
3943,0.20113287728467052,28650256.270115472
3944,0.16009867141070527,100045777.64782198
3945,0.085812750902272472,75689800.955517903
3946,0.038408994289489407,68862057.56312792
3947,0.025590542240060531,67231182.084881812
3948,0.018686839722599984,67996795.210975274
3949,0.014850307150371589,55232072.015547492
3950,0.01259638686882341,45459463.773815818
3951,0.011447497502662369,32198705.684881374
3952,0.012455078068556362,32020037.521236647
3953,0.036979763459773857,29344433.450583864
3954,0.027772966234044641,26472359.546210788
3955,0,16341779.014540175
3956,0,18464448.631771468
3957,0,22848455.076481149
3958,0,26569103.937636353
3959,0,31110617.429360922
3960,0,30012978.05076009
3961,0,26365785.595196627
3962,0,23490325.526636526
3963,0,19943351.017144453
3964,0,19905026.131635889
3965,0.02308869422384437,19836825.741945818
3966,0.030240538729516046,13736708.731152331
3967,0.010085608761263009,11958038.939101618
3968,0.0084080650784575661,7397379.2970953379
3969,0.0088430498840911774,14834867.835447127
3970,0.0096872111582102221,15603676.376819141
3971,0.011364035132353716,24190559.791448142
3972,0.014094209524512954,31233935.574365944
3973,0.017499583843279654,39821777.508236624
3974,0.023684971829220986,47412085.632008538
3975,0.030950979686938832,59080121.149423435
3976,0.043841682703921914,74118813.902144089
3977,0.082860937432918225,72721834.174279094
3978,0.1993270199801854,90413492.225972787
3979,0.2122675928561282,87187255.215769902
3980,0.22627421924547905,100979832.02866806
3981,0.27646588071370687,98630177.770493075
3982,0.23869539229011927,85762429.093162879
3983,0.23356219951781498,55386364.780894615
3984,0.19280511873918793,123198106.16064604
3985,0.12322473832662234,101443153.36838418
3986,0.050590682527938143,63711568.40606264
3987,0.029687621523450988,65389641.686877109
3988,0.019261369264586596,76509136.339951381
3989,0.015467873729365048,54558824.287021592
3990,0.01280843555505367,46690557.271711126
3991,0.011600319819314576,31544725.269374456
3992,0.012533071987569089,30417994.917113915
3993,0.03775958521518815,29194093.026727349
3994,0.028393485767044698,27092929.125442859
3995,0,15688158.631853256
3996,0,18072625.762268394
3997,0,22706311.123654924
3998,0,26670793.149389662
3999,0,31438787.921289943
4000,0,30012977.936635301
4001,0,26365785.544650536
4002,0,23490325.528676406
4003,0,19943351.062207755
4004,0,19905026.18544466
4005,0.023088694223844349,19836825.58034509
4006,0.03024053872951581,13736708.547036517
4007,0.010085608761262887,11958038.990294157
4008,0.0084080650784575679,7397379.348763085
4009,0.0088430498840912034,14834867.736536581
4010,0.009687211158210262,15603676.13433568
4011,0.01136403513235372,24190559.587804388
4012,0.014094209524512511,31233935.534645405
4013,0.017499583843279484,39821777.555295162
4014,0.02368497182922058,47412086.177176684
4015,0.030950979686939193,59080121.811413363
4016,0.043841682703921608,74118814.484223023
4017,0.082860937432919946,72721833.682621956
4018,0.19932701998018507,90413491.694270059
4019,0.21226759285612817,87187257.861960918
4020,0.22627421924547939,100979835.00508119
4021,0.27646588071370648,98630170.914813057
4022,0.23869539229011885,85762421.202807635
4023,0.23356219951781382,55386340.720299155
4024,0.19280511873918879,123198138.79662393
4025,0.12322473832662105,101443135.27716088
4026,0.050590682527938441,63711576.200310081
4027,0.029687621523449888,65389648.918909661
4028,0.019261369264586572,76509132.688598439
4029,0.015467873729365143,54558819.621984087
4030,0.012808435555053749,46690555.746164881
4031,0.011600319819314437,31544724.077166636
4032,0.012533071987570064,30417994.46382099
4033,0.03775958521518815,29194093.273340728
4034,0.028393485767044691,27092929.332429837
4035,0,15688158.864124181
4036,0,18072625.743344471
4037,0,22706311.081919685
4038,0,26670793.150035352
4039,0,31438788.025981102
4040,0,29758150.236075386
4041,0,26230879.904332902
4042,0,23497765.61435638
4043,0,20121258.595801048
4044,0,20239010.033052024
4045,0.022659451416116763,19523341.579722807
4046,0.029714865752362422,13362252.557299346
4047,0.010041193151890674,13225908.041254662
4048,0.008394105275255961,10068322.282734256
4049,0.0088074384051668279,16368437.691115102
4050,0.0096039161643982837,16753973.431819988
4051,0.011256283745821124,23938080.801103659
4052,0.013749939122185523,30345789.167292282
4053,0.017401675162147686,39110863.25057812
4054,0.022580798115718,47865656.548224054
4055,0.030205084867984396,62425488.741548218
4056,0.042691905398003036,74949201.141599655
4057,0.049670374384452778,76183921.003458977
4058,0.14064674928111254,96542140.818830997
4059,0.21750406982285192,106908245.59561737
4060,0.23831176705369295,110789702.66425489
4061,0.22234064621007454,93323005.457003534
4062,0.20888059474024015,76912904.204635009
4063,0.20113287728466994,28650338.918990981
4064,0.16009867141070544,100045873.24960209
4065,0.08581275090227275,75689725.064829886
4066,0.03840899428948949,68862106.229523972
4067,0.025590542240060136,67231197.727778926
4068,0.018686839722599734,67996783.385654882
4069,0.01485030715037121,55232061.521330222
4070,0.012596386868823707,45459460.607665539
4071,0.011447497502662236,32198703.746725287
4072,0.012455078068557378,32020036.787077922
4073,0.036979763459773864,29344434.247198537
4074,0.027772966234044696,26472360.168432243
4075,0,16341779.5593202
4076,0,18464448.531381406
4077,0,22848454.932419371
4078,0,26569103.926686611
4079,0,31110617.726892252
4080,0,29240551.335945465
4081,0,25948173.051611394
4082,0,23498646.255010139
4083,0,20437134.466193575
4084,0,20865280.591520146
4085,0.021647695613382343,18964444.040854663
4086,0.028482458269047817,12762526.646352159
4087,0.0099129423345490787,15580389.318027146
4088,0.0083479578999307025,14226301.725711212
4089,0.0086492451589891706,19443523.651335564
4090,0.0093896885812610655,19275790.150164999
4091,0.010779206292318003,24061638.83931607
4092,0.013112536227273252,29478262.59639471
4093,0.016174917624960268,37089121.371541232
4094,0.020967561887540759,48184442.173546091
4095,0.026595793031406346,64669736.59342555
4096,0.036642253975063287,70795339.516085595
4097,0.049943130396483723,74431952.822315484
4098,0.05737631953830806,78691334.173921838
4099,0.10013936387194534,86580562.598268032
4100,0.12220869985295929,91246084.946487397
4101,0.11947230856692381,67810152.622309312
4102,0.11459346694339444,44253842.609657347
4103,0.10077301447052793,60410079.76535996
4104,0.074694937664972053,57825781.170632154
4105,0.043880286142649848,39956840.530897886
4106,0.030582716970154813,62307878.361643091
4107,0.021981802407158635,62436466.709383637
4108,0.016799739601182914,61159421.54337617
4109,0.013809311826618525,53395041.765008703
4110,0.011928697695675798,46318309.525840662
4111,0.011125564916088482,34022648.696895778
4112,0.012212004043184859,34934211.484058671
4113,0.035175811898492351,29546972.774560783
4114,0.026323960766216629,25457377.652342625
4115,0,17597331.756544098
4116,0,19195510.581539016
4117,0,23107103.421073325
4118,0,26354613.459049825
4119,0,30459638.251858428
4120,0,28446560.87969207
4121,0,25500511.252705716
4122,0,23459299.993788045
4123,0,20845118.847239256
4124,0,21692154.481295843
4125,0.020121776644359379,18314730.910878129
4126,0.026609225344200686,12210047.5508467
4127,0.0097163489115845852,18768274.923837077
4128,0.0082686590917816789,19353006.538352657
4129,0.0084126250671960404,23629962.691669453
4130,0.0090115371176335609,23534428.859112918
4131,0.010153749062176047,25903687.868855055
4132,0.012111703263654515,28831181.519218907
4133,0.014648848418502692,35256671.448108718
4134,0.018222084333807752,47553895.882433064
4135,0.023630513575397277,62450198.945519172
4136,0.028690612503000968,62473069.719880834
4137,0.039059299261119701,61457643.748016551
4138,0.051162494569295752,65689110.465313375
4139,0.058903829778221818,65870209.541442469
4140,0.064042038915085864,60023281.011488967
4141,0.067761449355420278,46434893.586236179
4142,0.064443764537768441,32980014.441406123
4143,0.055032256000362566,32399455.518046565
4144,0.04704600720914652,35213615.596696399
4145,0.037226281932957322,29163059.370605506
4146,0.026293638171806896,40328617.618211217
4147,0.019486093961341829,54869735.216328837
4148,0.01508534026904546,57851283.303683594
4149,0.012607970868091883,53205100.149677455
4150,0.011078990651438398,48948841.289277315
4151,0.010696052112898454,38197786.501878627
4152,0.011838816107823457,38456702.28594961
4153,0.032478276925086515,29995912.343456075
4154,0.02418305332894825,24316091.476575937
4155,0,19294253.712402262
4156,0,20197558.737882402
4157,0,23417367.084494185
4158,0,26012777.825332187
4159,0,29495110.03824275
4160,0,27364008.649859
4161,0,24869250.737211119
4162,0,23343557.204217009
4163,0,21279311.300525371
4164,0,22631257.085998379
4165,0.018152865256881718,17791777.611972965
4166,0.024196683283283577,12186762.715645399
4167,0.0094502827781971031,22625740.034274511
4168,0.0081537271404743244,24916646.984776337
4169,0.0081347840842910957,28653094.296507191
4170,0.0085509937593469844,29183497.539789394
4171,0.0094481706179455425,29610336.667306088
4172,0.01095975552125826,30381431.618799143
4173,0.01287081249737634,34005398.377914116
4174,0.015706508577958946,45321175.197808929
4175,0.019213294127517048,57088312.188371263
4176,0.024644501825556327,55588827.330183059
4177,0.029654814525519168,53192020.831102028
4178,0.036720921989886489,51740040.633723997
4179,0.042719817191833279,49252616.408539571
4180,0.047231728936979869,44541633.527005911
4181,0.049853410753910352,38556974.247705691
4182,0.04671280633804642,30694402.531428859
4183,0.042317851654393328,26720771.047083836
4184,0.035592403293822829,27213369.182497874
4185,0.028962183214164799,36124322.52158533
4186,0.022726136478746238,36873223.03486187
4187,0.01753180456354899,45804617.962749951
4188,0.013666639722516702,54229634.539864816
4189,0.011496221299447518,54380056.292516716
4190,0.010292320192731012,52270179.608618051
4191,0.010208755032086238,43612851.831966944
4192,0.011346290847352348,42603921.635962687
4193,0.029086958774807183,30745516.127411012
4194,0.021494250548087439,23428906.63591503
4195,0,21286504.224523205
4196,0,21321952.718977068
4197,0,23710290.423115838
4198,0,25516869.646148596
4199,0,28235531.166591708
4200,0,25989540.132838026
4201,0,24040715.828340404
4202,0,23113915.255699348
4203,0,21679047.009575751
4204,0,23574979.425226424
4205,0.015852046220049293,17643853.701052923
4206,0.021376568552670911,13126518.889648588
4207,0.0091198682571478965,26896434.778093208
4208,0.0080051892634171902,30497128.052968837
4209,0.0078431282791912027,34211136.601925172
4210,0.0081059767744047165,35338364.878765434
4211,0.0087639232882297784,35139371.257129848
4212,0.0098786534900474361,34258786.575590745
4213,0.01131905282547953,34707640.175187454
4214,0.013280818780014251,41921676.765559949
4215,0.016068556003804722,52790916.22923895
4216,0.019352833199215321,50833225.092876047
4217,0.023381906257924395,47735859.774537794
4218,0.026957709992823983,44548737.388748311
4219,0.030784745362068128,41378547.54392197
4220,0.032403870455281682,37008010.230334304
4221,0.033300181502551172,31967056.350410398
4222,0.033080934789041228,32280482.824898727
4223,0.030538574242539626,35334194.099507488
4224,0.027064122156732283,34321618.769372933
4225,0.023043517588566285,32355861.176631797
4226,0.018736500435254724,37089599.829967767
4227,0.015246230976742063,42163358.161404498
4228,0.012306005643259798,49308586.576680049
4229,0.010610701050926997,53889806.22814595
4230,0.0096107744230644922,55101987.525443211
4231,0.0097238873341024025,49255561.462275535
4232,0.010741235500496148,46762995.780479662
4233,0.025238700121021605,31950639.058326259
4234,0.018449502787549213,23160194.796226304
4235,0,23288150.187886793
4236,0,22427284.494130224
4237,0,23895242.425607827
4238,0,24844090.333840538
4239,0,26709121.40145579
4240,0,24339026.131556302
4241,0,23004190.862474445
4242,0,22736457.886093229
4243,0,21984783.875299532
4244,0,24471043.2095307
4245,0.01332780977250728,18118541.045888592
4246,0.018282766772208022,15252493.051663386
4247,0.0087117222064486584,31239054.825693011
4248,0.007790905228554623,35771288.404867277
4249,0.0075492302426884341,39511500.251265839
4250,0.007683610361744404,41287729.616064258
4251,0.008140565244325472,40946151.19525855
4252,0.0089343598561463355,39531150.382826343
4253,0.0099305488306417455,37763075.110488892
4254,0.0113190528254792,39726567.387102976
4255,0.013014672797214501,48204083.847790167
4256,0.015452016609977989,49176209.806680925
4257,0.017722875368797103,46321821.546279542
4258,0.02015679468081813,42496934.274561062
4259,0.021749348290978868,38695438.946160428
4260,0.023232670801652058,35293356.831677519
4261,0.023884597732458043,33193468.071313694
4262,0.02354021296017204,31487153.22621154
4263,0.022482786040058156,30767086.392982192
4264,0.020439576694601801,32674199.80042889
4265,0.017987595131148299,34117550.996929385
4266,0.015324416506438043,35699118.842741676
4267,0.012933737872754187,39628256.903971955
4268,0.010969463741309497,46145798.072127134
4269,0.0097096036671006063,52983456.815220043
4270,0.009013288035700737,57078135.029263295
4271,0.0091810517271776765,53961338.426115416
4272,0.010040250416131736,50650575.129078545
4273,0.021152437425216108,33601497.966057695
4274,0.015220362369790059,23856208.18301516
4275,0,25159457.518871218
4276,0,23351712.441890012
4277,0,23897145.307339661
4278,0,23973339.137726616
4279,0,24962226.244354203
4280,0,22460336.841693249
4281,0,21754717.942094419
4282,0,22159139.147491544
4283,0,22160777.125923198
4284,0,25324300.423311997
4285,0.01071289458248618,19354016.240445722
4286,0.015076358100613984,18388870.034798786
4287,0.0082102781504423874,35442944.368041664
4288,0.0075131276544365081,40508372.124573156
4289,0.0072683655647031702,44315118.245697588
4290,0.0073463769006688641,46476008.148439653
4291,0.0076571336873732555,46260479.570314191
4292,0.0082317158930979694,44957039.683671914
4293,0.0089343598561461603,42509351.065124325
4294,0.0098786534900474968,40435746.129627243
4295,0.01095975552125858,44465608.37847361
4296,0.012455778482149037,48498020.101564236
4297,0.014041674951354857,46709490.88964358
4298,0.015297059538650818,42605885.054928124
4299,0.016543386488676648,37834349.812997259
4300,0.017176560269314883,34270623.24705179
4301,0.017463461033084465,31749963.239878628
4302,0.017517292358043987,31297930.263111148
4303,0.016852262745376753,31832564.716222659
4304,0.015678219319622669,31572274.148339264
4305,0.014248257107717698,31922552.795558374
4306,0.012592983409614259,33787228.295434833
4307,0.011140083224809284,38205560.390705347
4308,0.0097789509335232325,45262044.589763038
4309,0.0089603763505513162,53367821.445132807
4310,0.008439797266473037,58655679.114913091
4311,0.0086010057805340229,57476489.320039526
4312,0.0092466101909088848,53932353.214462645
4313,0.017061179300290587,35619539.833324365
4314,0.011980432163135442,25549834.034056328
4315,0,26822088.504028443
4316,0,24004985.857493877
4317,0,23644440.223610155
4318,0,22898352.201568838
4319,0,23062823.458326805
4320,0,20446704.081635453
4321,0,20306087.614377614
4322,0,21313738.25453363
4323,0,22132072.979734574
4324,0,26213485.99892744
4325,0.0081192360918930125,21369272.380953573
4326,0.01187239025972989,22280082.510400128
4327,0.0075753529317739553,39284035.20870854
4328,0.0071450518120731226,44375729.400539391
4329,0.006971808440832979,47982373.609353684
4330,0.0070289362612714077,50006586.069229022
4331,0.0072552831350841838,49735376.764394142
4332,0.007657133687373344,48638965.091308929
4333,0.008140565244325642,46057179.515934743
4334,0.0087639232882300612,43424512.889684416
4335,0.0094481706179456258,42254838.659369148
4336,0.010237100896868634,45308020.643517882
4337,0.011139805130517667,46505878.704417698
4338,0.012046176419758923,43633883.482017264
4339,0.012578956002805303,37922216.64670182
4340,0.012978661073992368,32632653.928264964
4341,0.013163698946630539,29718747.619265493
4342,0.013133030731910704,28557897.189356033
4343,0.012854165106220387,28437064.898821384
4344,0.012247238343728843,29477548.31573566
4345,0.01142811838046873,30844430.10424393
4346,0.01048353445462478,34163985.826272167
4347,0.0095827272659967291,39595120.236661687
4348,0.0087690959806561025,47206186.316825643
4349,0.008220705444038752,55149317.318020232
4350,0.00786669645840502,60270125.086662881
4351,0.0079589439626713693,59880398.535572246
4352,0.0083426748209818932,56329542.222296692
4353,0.013109735532659225,37980748.408654109
4354,0.0088610373315940322,28043169.142540749
4355,0,28314150.591252446
4356,0,24327466.522564877
4357,0,23088714.055459831
4358,0,21627623.657355133
4359,0,21106415.98931906
4360,0,18421537.038369086
4361,0,18739327.280653585
4362,0,20171743.502904337
4363,0,21748547.327515718
4364,0,27136378.421312928
4365,0.005671126532255889,24055239.344701316
4366,0.0087987891303868797,26596073.104585547
4367,0.0067889847617285445,42677548.518510439
4368,0.0067151194275381302,47396449.85993728
4369,0.0066980282703749958,50532578.156143837
4370,0.0068368990235711871,52067114.626305781
4371,0.0070289362612712984,51655972.601121873
4372,0.0073463769006688398,50587123.887094922
4373,0.0076836103617442487,48440186.11274685
4374,0.0081059767744043609,45908565.817107551
4375,0.0085509937593468786,43537647.167763516
4376,0.0090115371176334759,42607552.695619427
4377,0.0094854898854384948,43270306.959074207
4378,0.0099159898241048348,42026230.650840744
4379,0.010296297536226772,37856547.227904193
4380,0.010481377510096779,31552064.516650178
4381,0.010571680614989037,26850778.415316492
4382,0.010653265193197734,25374052.416104198
4383,0.010495626821601116,26002990.319060847
4384,0.010146235700122639,27946796.327438608
4385,0.0096933286067972975,31340254.743878707
4386,0.009127959756497472,36250988.564584263
4387,0.0085979441768043261,42839204.374879785
4388,0.008050812066254848,49979243.754780516
4389,0.0076868491454392934,57080459.112582542
4390,0.0073494008779440021,61373762.411748171
4391,0.0073075376710004082,61233910.109786421
4392,0.0073095257338161267,57942336.578575507
4393,0.0094469429204826448,40694806.589062661
4394,0.0059998432881830967,31148915.387054957
4395,0,29724609.456655081
4396,0,24263554.361559656
4397,0,22202598.700124361
4398,0,20217478.090084519
4399,0,19198644.593406808
4400,0,16494378.69727906
4401,0,17179738.534937985
4402,0,18897050.454837807
4403,0,21031407.905167643
4404,0,27715309.738793232
4405,0.003445324222575707,28339593.995611258
4406,0.005897291601878467,31481999.519116808
4407,0.0057402927313576022,45698632.707564473
4408,0.0062366441733417389,49116640.119535506
4409,0.0063650603520441903,51031307.486702047
4410,0.0066980282703752222,51365153.025916591
4411,0.0069718084408331889,50279866.051872529
4412,0.0072683655647035232,48814408.753366292
4413,0.0075492302426887811,46800770.669797555
4414,0.0078431282791916017,44745786.398059137
4415,0.0081347840842914427,42445613.457780503
4416,0.0084126250671965989,40793771.285127312
4417,0.008649245158989698,39798376.341758244
4418,0.0088074384051671332,39232462.773961231
4419,0.0089627908546578219,37844405.758830212
4420,0.009113440555140186,34991522.379319973
4421,0.0091710656003863161,31153011.020907093
4422,0.0091916253107974938,29118952.155544139
4423,0.0091023164651681011,29993988.164368983
4424,0.008926200583739153,32689379.298540585
4425,0.0086688200093077428,36636560.08047431
4426,0.0083495709039418109,41455692.370506003
4427,0.0079971274084293387,46959471.991633177
4428,0.0076106691101893659,52633795.790392101
4429,0.0072491968308058671,58035407.827243127
4430,0.0068440387813797233,61352247.260997161
4431,0.0066210761521064854,61420053.872653887
4432,0.0060302366652905167,58940649.399817802
4433,0.0061218015410404681,43369278.401838616
4434,0.0034863149650551676,34741326.416275486
4435,0,30851764.790331319
4436,0,23814249.813926145
4437,0,21063029.60518999
4438,0,18771923.925261851
4439,0,17414821.884174667
4440,0,14694876.496522209
4441,0,15711360.911359036
4442,0,17766260.962663919
4443,0,20453312.289706185
4444,0,27471477.715195488
4445,0.0016286713688510081,37569439.373560198
4446,0.0036665780612834403,37889829.839600183
4447,0.0046945190380832166,48439645.13212721
4448,0.0057212754387373291,49643911.080152944
4449,0.006236644173341588,49348476.864829518
4450,0.0067151194275380868,48464276.022210822
4451,0.007145051812073042,46925047.562372915
4452,0.0075131276544364708,45352151.257756852
4453,0.0077909052285545111,43637943.126570866
4454,0.0080051892634170913,41930050.164525703
4455,0.0081537271404741336,40054747.372690924
4456,0.0082686590917815869,37915596.08064983
4457,0.0083479578999305637,35522821.613727555
4458,0.0083941052752556904,33208885.523543958
4459,0.0084080650784574204,31359098.514796946
4460,0.0084155746357759617,30352912.576247856
4461,0.0085082662653806988,29004511.396785881
4462,0.0086018117603232323,27658172.009961158
4463,0.008641778699641665,28465466.464823309
4464,0.0085961835007497614,31379952.287281159
4465,0.0084852528102802669,35665838.461982116
4466,0.0082759144933736602,40540088.151084334
4467,0.0079811545672193954,45691934.20964466
4468,0.0075756690594155733,50679205.702040493
4469,0.0070880738326619102,55261463.224131867
4470,0.0065297681019736518,58593803.958507471
4471,0.0059308132142449708,59603633.263477869
4472,0.00482008291973065,57707714.552302055
4473,0.0036665780612834416,45344709.659044012
4474,0.0016286713688510167,41433205.893249333
4475,0,30907793.042454351
4476,0,23181380.093360823
4477,0,19909505.698815122
4478,0,17353844.567970265
4479,0,15756959.262528302
4480,0,12941272.106710434
4481,0,14328197.576980272
4482,0,16795314.218921825
4483,0,20405612.52547814
4484,0,26380761.9421915
4485,0.00038207892820364242,42201363.473688006
4486,0.0016741991505223896,48762800.673256308
4487,0.0031750164442792251,51752984.515075222
4488,0.0046945190380833224,48310589.857846394
4489,0.0057402927313576274,45609773.961993352
4490,0.0067889847617285549,42963611.098652668
4491,0.0075753529317739163,40380450.176991418
4492,0.0082102781504423926,37890719.248558521
4493,0.0087117222064486601,35542766.81480372
4494,0.0091198682571478427,33467272.962774199
4495,0.0094502827781970267,31597549.579832725
4496,0.0097163489115845263,30149024.289669871
4497,0.0099129423345490509,29055925.585263755
4498,0.010041193151890577,28081589.421698954
4499,0.010085608761262799,27258431.51797102
4500,0.010085608761262958,27391563.407746915
4501,0.010041193151890768,29566622.720011339
4502,0.0099650972694398897,31289117.064358059
4503,0.0098877394007023164,32177338.766349062
4504,0.0096964707520521189,33830438.900578842
4505,0.0093976103831657325,36710704.689911827
4506,0.0089967205236276861,40271344.641916141
4507,0.008483116524887091,44121505.492251635
4508,0.0078185041323803953,48035391.030833244
4509,0.0069799581680606137,51578126.91111102
4510,0.0058600109689357725,53902743.405039899
4511,0.0047595194374251389,55668871.533276744
4512,0.0031750164442791609,57248137.998917252
4513,0.0016741991505223712,52572876.375188306
4514,0.00038207892820364448,45425623.139538579
4515,0,29385637.420729913
4516,0,22800814.288047459
4517,0,18791993.123522155
4518,0,15964563.986988898
4519,0,14121253.295955654
4520,0,11110158.771847561
4521,0,12921131.584409289
4522,0,15790250.288770949
4523,0,19937445.448732901
4524,0,25435249.595694207
4525,0,33026728.12166182
4526,0.00028024498026205677,47034112.556772836
4527,0.0016741991505223805,48827209.956135266
4528,0.0036665780612834716,37848793.260163203
4529,0.0058972916018785095,31412124.352043379
4530,0.0087987891303869335,26630176.254984334
4531,0.011872390259729968,22619393.475726102
4532,0.015076358100614105,19155391.219070982
4533,0.018282766772208123,16451563.281703446
4534,0.021376568552671036,14644544.234971358
4535,0.024196683283283688,13855794.358323488
4536,0.026609225344200821,14022251.439004574
4537,0.028482458269047946,14866228.118436133
4538,0.029714865752362568,16094830.480896384
4539,0.030240538729516042,17370578.440079555
4540,0.030240538729515796,18310887.183304716
4541,0.029714865752362398,19270154.259090189
4542,0.028482458269047776,21877951.651733935
4543,0.026674678388570055,23356886.068923686
4544,0.024408298042484247,23657679.369193092
4545,0.02167830322536661,24473336.198409144
4546,0.018608941912935648,26176156.119037036
4547,0.015361829918469756,28722055.157772355
4548,0.012070333765555018,31687185.889586154
4549,0.0088879562823666585,34831878.207951039
4550,0.0058972916018784809,37788397.669774286
4551,0.0036665780612834516,41563072.115986742
4552,0.0016741991505223538,51818932.709972486
4553,0.00028024498026205672,49992572.219247691
4554,0,35828142.549057595
4555,0,27847949.635927565
4556,0,21979406.434592277
4557,0,17577171.528481413
4558,0,14514326.956262069
4559,0,12366346.858615031
4560,0,9128659.2047677189
4561,0,11379784.024473503
4562,0,14449927.212222207
4563,0,18360036.082925417
4564,0,23114033.221822828
4565,0,28677222.560441397
4566,0,33297392.050868653
4567,0.00038207892820363607,42661936.261742219
4568,0.0016286713688510083,38037916.722901493
4569,0.003445324222575688,28611746.501966432
4570,0.0056711265322558725,24029288.642625075
4571,0.0081192360918929882,21082911.625054564
4572,0.010712894582486136,18778242.766189251
4573,0.013327809772507276,17096827.846775036
4574,0.015852046220049258,16019722.124242539
4575,0.018152865256881708,15503444.505717443
4576,0.020121776644359348,15473981.023552038
4577,0.021647695613382305,15865673.126588173
4578,0.022659451416116704,16555644.950362265
4579,0.023088694223844249,17218912.800837748
4580,0.023088694223844304,17594629.307845019
4581,0.022659451416116732,17772844.255437914
4582,0.021647695613382339,18198150.136584934
4583,0.020121776644359372,19696572.224243574
4584,0.018152865256881701,21678997.757994309
4585,0.015872746811439652,22641127.88726265
4586,0.013372867756330209,23534666.13466078
4587,0.010744966711200492,24752233.308400601
4588,0.0081192360918929968,26096491.617221277
4589,0.0056711265322558846,27353435.594328266
4590,0.0034453242225757066,30811839.578918315
4591,0.0016286713688510057,40174051.829123192
4592,0.00038207892820363586,45239721.092399314
4593,0,35790229.515293516
4594,0,30833959.381562125
4595,0,25017291.687305279
4596,0,20061585.789348837
4597,0,16010994.063392688
4598,0,12882564.388029037
4599,0,10407904.887509746
4600,0,7040271.7703892728
4601,0,9650475.8425657768
4602,0,12571249.929319961
4603,0,15951571.205524309
4604,0,19719130.318950802
4605,0,23252254.784777354
4606,0,25823275.561661132
4607,0,27182900.015873536
4608,0,28801348.889568001
4609,0,29629290.837894287
4610,0,29648972.772239126
4611,0,29409399.448519323
4612,0,29333878.823688373
4613,0,29448910.010668166
4614,0,29695272.719407842
4615,0,30075522.287639543
4616,0,30620072.506588113
4617,0,31380658.441104677
4618,0,32313291.694135517
4619,0,33264493.754165944
4620,0,34121960.535224743
4621,0,34646741.540130273
4622,0,34563562.394292571
4623,0,33913041.121175334
4624,0,33029700.000731945
4625,0,32173716.227456
4626,0,31452977.179017365
4627,0,30991989.5002787
4628,0,30874132.39416562
4629,0,31089915.714123659
4630,0,31359068.010708291
4631,0,30865153.158139437
4632,0,29203803.223733149
4633,0,27666641.731604844
4634,0,24906071.331030328
4635,0,21219114.111515027
4636,0,17336246.846767042
4637,0,13897488.936060201
4638,0,11010216.581747046
4639,0,8278775.921304347
4640,0,4998106.7482199874
4641,0,7685063.171545078
4642,0,10302350.608122399
4643,0,13175990.879167022
4644,0,16031338.234935774
4645,0,18549978.227372296
4646,0,20324171.551104307
4647,0,21078020.679195549
4648,0,21443249.466906067
4649,0,22395063.637762219
4650,0,23581871.322650008
4651,0,24520356.079854295
4652,0,25192414.053098559
4653,0,25760860.01126029
4654,0,26301432.771553598
4655,0,26834811.318982504
4656,0,27389499.957481105
4657,0,27970431.396356236
4658,0,28545553.371185504
4659,0,29063342.441175096
4660,0,29472771.273540296
4661,0,29682746.801432021
4662,0,29632113.532392424
4663,0,29191400.782252107
4664,0,28442698.448067106
4665,0,27652814.20829561
4666,0,26898570.539430514
4667,0,26213430.212401129
4668,0,25541868.960304614
4669,0,24754146.870069306
4670,0,23766758.878807377
4671,0,22850696.19903522
4672,0,22419844.89307268
4673,0,21632682.775314327
4674,0,19802857.137146063
4675,0,17213763.543001465
4676,0,14301004.021487145
4677,0,11406477.454548253
4678,0,8864624.4807717744
4679,0,6119043.5944086937
4680,0,3179517.3066493147
4681,0,5584280.4703677101
4682,0,7911713.1015069969
4683,0,10389771.673505807
4684,0,12739983.383794604
4685,0,14710684.996482905
4686,0,16169632.975957401
4687,0,17326246.654993676
4688,0,18476241.410416268
4689,0,19794171.783355441
4690,0,21263831.970236953
4691,0,22620192.923670791
4692,0,23712036.168029569
4693,0,24582847.861234736
4694,0,25311307.484014954
4695,0,25951140.390022919
4696,0,26523921.886441305
4697,0,27033354.054450318
4698,0,27464540.860951964
4699,0,27791427.320947085
4700,0,27971263.642857607
4701,0,27962048.043740891
4702,0,27697597.285300594
4703,0,27188426.138547916
4704,0,26499960.040209156
4705,0,25687684.741503064
4706,0,24818128.799781095
4707,0,23884247.691722587
4708,0,22839091.910533372
4709,0,21633473.773341995
4710,0,20351012.420422282
4711,0,19194242.900311038
4712,0,18151056.360898618
4713,0,17063978.488681801
4714,0,15654984.012374969
4715,0,13698017.56707974
4716,0,11333438.293147366
4717,0,8844891.2545762081
4718,0,6584708.0937254848
4719,0,4103947.8807729962
4720,0,1671227.7449727862
4721,0,3591182.9997539776
4722,0,5688791.8984319819
4723,0,7901341.9336394519
4724,0,9978274.9012034386
4725,0,11803450.935168285
4726,0,13407959.304020373
4727,0,14833293.256562607
4728,0,16181805.790665966
4729,0,17560327.220219038
4730,0,18979647.327106193
4731,0,20366441.178563379
4732,0,21612482.458309274
4733,0,22663990.820454158
4734,0,23538015.730244357
4735,0,24263303.740758982
4736,0,24860592.879810754
4737,0,25336033.301544264
4738,0,25684301.896286152
4739,0,25889695.608799808
4740,0,25931629.31559347
4741,0,25779061.602722429
4742,0,25416878.128407661
4743,0,24846043.262613747
4744,0,24090317.357022136
4745,0,23198312.29428383
4746,0,22202992.180886719
4747,0,21118868.288078964
4748,0,19943885.771742981
4749,0,18708453.737678256
4750,0,17482216.200971559
4751,0,16305846.915801395
4752,0,15162878.448067613
4753,0,13943616.354176987
4754,0,12516490.792534402
4755,0,10811320.549221195
4756,0,8782617.6526735667
4757,0,6565896.1260965616
4758,0,4487132.8010959625
4759,0,2339601.7143367231
4760,0,502801.65441262163
4761,0,1682336.2424498154
4762,0,3276042.558048307
4763,0,5230906.7025230322
4764,0,7417887.1551042981
4765,0,9609538.9651160315
4766,0,11604047.363717271
4767,0,13318394.087589521
4768,0,14802249.889223583
4769,0,16176839.868099498
4770,0,17543483.894459542
4771,0,18908787.131485105
4772,0,20211629.38456488
4773,0,21383721.090207972
4774,0,22385792.642971087
4775,0,23214438.640032787
4776,0,23881686.284358621
4777,0,24398370.943155602
4778,0,24764643.840343624
4779,0,24967089.924081612
4780,0,24979749.014899045
4781,0,24775208.514335759
4782,0,24332966.794037506
4783,0,23653575.126703911
4784,0,22763314.846778244
4785,0,21701920.189836856
4786,0,20515536.631820232
4787,0,19251792.810997229
4788,0,17968326.130043089
4789,0,16727500.800228894
4790,0,15566718.090591567
4791,0,14455666.094942901
4792,0,13268848.942229429
4793,0,11857230.187442584
4794,0,10138914.605076676
4795,0,8159031.2973953802
4796,0,6077971.7975315303
4797,0,4094715.5990136792
4798,0,2338127.5471955705
4799,0,796241.40194395033
4800,0,1601964.9955769917
4801,0,3754487.5085480828
4802,0,6213749.8489066968
4803,0,8915020.3101288602
4804,0,11740781.870594908
4805,0,14481346.996579228
4806,0,17000598.104049694
4807,0,19283575.152487371
4808,0,21415910.813031554
4809,0,23526637.769562867
4810,0,25683779.188295715
4811,0,27840660.605746523
4812,0,29879615.45305384
4813,0,31683563.215314791
4814,0,33182606.60345421
4815,0,34358947.95320648
4816,0,35221875.952820815
4817,0,35789289.681619011
4818,0,36076512.914690003
4819,0,36094064.701393269
4820,0,35845432.654917516
4821,0,35333430.735661127
4822,0,34564684.642417967
4823,0,33557067.13678316
4824,0,32338097.372115191
4825,0,30940682.814446818
4826,0,29402659.322747938
4827,0,27768791.587679375
4828,0,26107741.886243649
4829,0,24506258.052694689
4830,0,23030667.323544774
4831,0,21668985.809087671
4832,0,20289247.204172391
4833,0,18690392.463267852
4834,0,16709559.678672364
4835,0,14291126.524859933
4836,0,11517094.709920935
4837,0,8583541.9942040388
4838,0,5615748.789351427
4839,0,2596516.4952712278
4840,0,3635804.8887713114
4841,0,6492778.9063505828
4842,0,9408155.6881533694
4843,0,12516377.207941152
4844,0,15402502.224044295
4845,0,17899473.664791752
4846,0,20024723.097217023
4847,0,21879709.881663173
4848,0,23717476.633185923
4849,0,25662845.946601622
4850,0,27696595.971139211
4851,0,29705655.900360998
4852,0,31543029.948171511
4853,0,33132545.319859717
4854,0,34479629.48047436
4855,0,35603434.139480159
4856,0,36512707.558371529
4857,0,37197766.701593652
4858,0,37641960.6363784
4859,0,37822222.968545087
4860,0,37721687.020436928
4861,0,37327144.251788899
4862,0,36645953.812508009
4863,0,35711308.961763278
4864,0,34585988.213766269
4865,0,33334712.379026387
4866,0,31996522.524989318
4867,0,30595729.093176164
4868,0,29141264.42699359
4869,0,27684310.7018659
4870,0,26318495.601987064
4871,0,25092204.198223438
4872,0,23962109.313455541
4873,0,22733719.252389174
4874,0,21063105.719762467
4875,0,18775829.049453344
4876,0,15834155.521370716
4877,0,12450869.213220675
4878,0,9196862.0265430082
4879,0,5612617.7607225338
4880,0,5791086.4978712881
4881,0,9090553.1343595143
4882,0,11975012.641425755
4883,0,15299293.587124495
4884,0,18584076.104104076
4885,0,21407930.782866139
4886,0,23601346.528296571
4887,0,25353345.097757809
4888,0,26826009.723414235
4889,0,28366239.225108769
4890,0,30062778.011672966
4891,0,31639344.666056372
4892,0,32952755.270162586
4893,0,34068209.287417851
4894,0,35074853.849917181
4895,0,36020168.226207145
4896,0,36904142.546440624
4897,0,37702960.100594215
4898,0,38362351.972913936
4899,0,38828121.764866501
4900,0,39043007.025530875
4901,0,38960614.420889691
4902,0,38552420.23991628
4903,0,37859990.941027373
4904,0,36965507.16931022
4905,0,35975890.247623295
4906,0,34998935.565159798
4907,0,34044905.481721327
4908,0,33065170.88267605
4909,0,31976830.262497544
4910,0,30815511.532504078
4911,0,29760310.789222911
4912,0,28704818.646993164
4913,0,27277466.146839228
4914,0,25261949.077095546
4915,0,22437356.632763762
4916,0,18995633.164950538
4917,0,15442940.802639959
4918,0,12464344.1745432
4919,0,8580136.3103921171
4920,0,7999839.9721222958
4921,0,11707365.327600291
4922,0,14869521.905860882
4923,0,18673381.309868425
4924,0,22645237.640736092
4925,0,26430105.314102933
4926,0,29227202.162310328
4927,0,30638927.405401625
4928,0,31477857.613687344
4929,0,32429245.227339175
4930,0,33390574.421315249
4931,0,34238652.281056084
4932,0,35018460.315027192
4933,0,35854330.473536648
4934,0,36790693.373106904
4935,0,37804922.933152936
4936,0,38892323.769576102
4937,0,40003555.01874382
4938,0,41055294.477292039
4939,0,41937532.267509587
4940,0,42550812.084083863
4941,0,42787610.543087766
4942,0,42502039.736188434
4943,0,41698778.456230022
4944,0,40631569.01540447
4945,0,39596969.207768761
4946,0,38741150.770495974
4947,0,38133141.345381945
4948,0,37724141.63148085
4949,0,37385240.376600206
4950,0,36960085.787927546
4951,0,36344344.323689468
4952,0,35593205.558655821
4953,0,34181243.412722409
4954,0,31291437.596620921
4955,0,27301912.514553759
4956,0,23079288.879540626
4957,0,19064507.821975131
4958,0,15900403.532618182
4959,0,11530619.410178501
4960,0,10181045.288029647
4961,0,13941558.201838456
4962,0,17600592.713184368
4963,0,22127145.532389317
4964,0,27541325.671855323
4965,0,32967129.458834313
4966,0,37546324.302073799
4967,0,39330917.789504148
4968,0,39454886.908442333
4969,0,38486641.267225333
4970,0,37181984.451364972
4971,0,36051564.775321692
4972,0,35409780.206214465
4973,0,35278684.32060574
4974,0,35557631.34245263
4975,0,36255810.844250783
4976,0,37355868.870374501
4977,0,38856013.230926447
4978,0,40575017.2296414
4979,0,42246245.627953775
4980,0,43678238.023670666
4981,0,44519603.210044824
4982,0,44678003.391199715
4983,0,43948974.452218466
4984,0,42769130.376447655
4985,0,41813240.610035345
4986,0,41271842.703637749
4987,0,41312428.515497863
4988,0,41957674.800143987
4989,0,43236477.931609519
4990,0,44937398.987349518
4991,0,46290522.419145174
4992,0,46263872.577464722
4993,0,44196514.372553252
4994,0,39133445.199007913
4995,0,33252087.031530827
4996,0,27437442.813722569
4997,0,22631026.045095582
4998,0,18938834.781178866
4999,0,14353012.522303063
5000,0,12191400.628028598
5001,0,15666906.190996094
5002,0,19756914.807917506
5003,0,25290326.916679446
5004,0,32375159.80096003
5005,0,41509296.760769129
5006,0.00013837596026424159,49128593.838257484
5007,0.0015386221426217821,40105179.390989736
5008,0.0037745058386287433,24690700.369513918
5009,0.0069476355405932366,21314262.551301911
5010,0.010745086294581352,23853829.136953529
5011,0.014987366602978707,27773863.626085564
5012,0.01943175987683872,31950171.085205607
5013,0.023918290085685197,35728588.045778595
5014,0.028205814432150714,38848859.617788889
5015,0.032109280427625252,41133340.015896387
5016,0.035420151847352276,42509044.739519745
5017,0.037988300841136843,42906579.170760371
5018,0.039672306888795125,42255335.872241266
5019,0.040381866330100984,40412105.031524658
5020,0.040381866330101018,37358931.5830613
5021,0.039672306888795209,33402210.496128384
5022,0.037988300841136947,28722643.469747584
5023,0.035492026573237814,26179562.995527551
5024,0.032385673662448655,25656824.260421038
5025,0.02861284254650406,24597549.438289668
5026,0.024382156491787734,23043619.397950612
5027,0.019867722402941893,21366901.757108573
5028,0.015330507256073402,20232903.837637976
5029,0.01095467091923355,20931339.51854679
5030,0.0070128881156280342,24591560.808630601
5031,0.0037745058386287602,32991422.662243564
5032,0.0015386221426217928,49589172.279627487
5033,0.00013837596026424609,57865196.937153138
5034,0,49274903.150431044
5035,0,39311239.267114013
5036,0,31592029.156899564
5037,0,25608277.384467885
5038,0,21352725.67327074
5039,0,16862458.909475762
5040,0,13973645.3078532
5041,0,16972284.31463341
5042,0,21181488.95894118
5043,0,27380780.651209719
5044,0,36249707.191135921
5045,0.00013837596026424295,48486299.822924659
5046,0.0011842683759587071,51091569.5839388
5047,0.0033990994289581013,37062351.016258828
5048,0.0061213557976711221,28017829.946337052
5049,0.0094532345480744535,26246926.210414998
5050,0.013589333354151864,27821901.031495593
5051,0.018011178511756359,30361926.213171173
5052,0.022543181695023767,33399062.467870161
5053,0.027077187050376213,36467885.758665815
5054,0.031404539262775116,39258825.397770129
5055,0.035348569849435144,41524396.207991078
5056,0.038701426825628098,43065239.369133443
5057,0.04130383416515971,43821897.224162854
5058,0.043006590384011993,43771172.285845324
5059,0.043734093168106059,43040767.756494172
5060,0.043734093168105712,41202522.637163565
5061,0.043006590384011639,37973785.463577375
5062,0.041365070123450545,34791008.729751013
5063,0.039042160432857881,33296439.466646649
5064,0.035958409446609885,31804268.637024824
5065,0.032181574821559839,30330162.322213337
5066,0.027918447720561221,28935023.128547754
5067,0.023340461003521294,28025462.284261901
5068,0.018680044378138888,28174244.810588397
5069,0.014077000936526772,29741811.697044462
5070,0.009741971316550144,32824697.279342692
5071,0.0063096521163095937,38774687.48511
5072,0.0034248694934991357,49768390.676465414
5073,0.0011842683759587143,62428156.246298075
5074,0.00013837596026424474,58125423.978265248
5075,0,44548583.540536419
5076,0,34614912.63596011
5077,0,27751529.804099813
5078,0,23151714.293617371
5079,0,18982224.640916847
5080,0,15582723.304239286
5081,0,18029115.442800324
5082,0,22084300.303020079
5083,0,28009633.508747689
5084,0,37136147.469358899
5085,0.0015386221426217648,38476853.766223237
5086,0.0033990994289580783,35803532.361707292
5087,0.0058553747091427905,31479328.955363762
5088,0.0080695447128929076,29006295.541597977
5089,0.0097623151841670051,29623455.749595527
5090,0.010917521319575817,32387338.650911186
5091,0.011770925995808151,36064232.075178556
5092,0.01236760826334647,39819830.323704578
5093,0.012805074426865308,43337451.84815485
5094,0.013086111928477166,46215424.307274446
5095,0.013315155997107505,48206220.278910808
5096,0.013454352058487712,49239671.9038473
5097,0.013535718699210192,49190870.432037905
5098,0.013565860036643163,47831507.539977051
5099,0.013556580815729097,45109147.791423887
5100,0.013661186862147113,40179441.220922142
5101,0.01383656510213762,33673399.465698503
5102,0.013968735919003203,28430960.363763224
5103,0.014057847636762247,24753374.106221069
5104,0.014027702324456945,23086078.76588501
5105,0.013874004291225943,23449988.769821454
5106,0.013626199363302956,25686047.15309938
5107,0.013196736559503972,28788741.79630623
5108,0.012587353681822349,32275441.122413389
5109,0.01167906785620404,35209130.814919107
5110,0.010429029911271972,37811872.228690721
5111,0.0085892032484652936,40828748.950149097
5112,0.0061733333677051125,46011309.532993056
5113,0.0034663658095645698,51332981.414731123
5114,0.0015386221426217763,50710368.007321924
5115,0,46807011.761585645
5116,0,36058265.005228482
5117,0,29216860.682562735
5118,0,24476992.359547891
5119,0,20763995.400259607
5120,0,17149533.664673634
5121,0,19116144.587165464
5122,0,22640614.08931271
5123,0,27926815.93632853
5124,0,36198468.530009292
5125,0.0037745058386287399,20940540.972083919
5126,0.0061213557976711498,24363510.039309535
5127,0.0080695447128930394,26995391.50045963
5128,0.0094347823783001317,29658373.420365218
5129,0.010311319195553162,33036438.037671573
5130,0.011127896457101371,36960626.444488913
5131,0.011753820091918389,41642438.639093898
5132,0.012209198234117815,46251164.711060524
5133,0.012531917268550437,50880181.990120448
5134,0.012710736609507452,54817328.328756258
5135,0.012777619143832198,57848693.052971326
5136,0.012765249425386893,59315913.331056431
5137,0.012711486965743365,59265164.85663791
5138,0.012722766189631522,56176236.368916638
5139,0.012854256012364148,49488005.188881151
5140,0.013041436303297894,41118529.035646588
5141,0.013281782504755693,33753625.171240211
5142,0.013486614025677923,28961213.35557624
5143,0.013684744464315064,26243728.712816529
5144,0.013800163281668443,25806486.720465355
5145,0.013793520265400223,27276607.751993947
5146,0.013642522617655257,30343580.629874591
5147,0.013318230450160303,33698547.913365655
5148,0.012836869721414309,37172365.438928187
5149,0.012145028620241411,39572710.585475132
5150,0.011265339779008164,41335845.053545058
5151,0.010271778189408758,41991436.778143868
5152,0.0087394233767070072,42736438.846526593
5153,0.0064981621718780309,41798086.040816329
5154,0.0038783647718848772,34948467.611508392
5155,0,46775731.815738536
5156,0,36613624.752819695
5157,0,30161774.031388666
5158,0,25629086.633233149
5159,0,22355280.59059057
5160,0,18814881.794794034
5161,0,20350675.342914537
5162,0,23175440.272639193
5163,0,27761515.980555128
5164,0,34113458.838509746
5165,0.0069476355405932045,15769821.488423839
5166,0.0094532345480744899,19744074.916624919
5167,0.0097623151841670763,24647865.952359196
5168,0.010311319195553025,29992043.140386846
5169,0.01056921545599945,35395332.21909754
5170,0.010809174267687778,39637770.85230267
5171,0.011071369079589947,44731151.23392541
5172,0.011296916865008519,49720801.960221916
5173,0.011530218645059131,55016646.484216981
5174,0.011703357268357611,59857934.601406299
5175,0.011852737964873869,63817465.854050688
5176,0.012058638112730863,65565193.390758239
5177,0.012324027483082044,62012416.507536925
5178,0.012575064303673843,54270724.298258036
5179,0.012759074509725347,45153747.521774784
5180,0.013009761800810092,36241977.637391448
5181,0.013200743355317155,29411836.162968047
5182,0.013367979891716205,24765671.01890013
5183,0.013475887296869314,23002483.711302504
5184,0.013501303152324713,23641189.603735872
5185,0.013389751744578557,26123478.158779379
5186,0.01320663858965725,29966492.645236522
5187,0.012900290793812857,34149807.764154963
5188,0.012599988732498192,38534637.178616188
5189,0.01222939641046742,41585007.400730893
5190,0.011902017887913768,44109191.011411041
5191,0.011467885050140406,43900042.735175624
5192,0.010802829831875815,42541631.801052377
5193,0.010216165464217929,36680291.785299644
5194,0.007454442831630193,25840348.974908065
5195,0,44779570.552838109
5196,0,36642052.104112878
5197,0,30860351.847886201
5198,0,26757263.997948457
5199,0,23925442.644399833
5200,0,20633369.366646554
5201,0,21694539.616187882
5202,0,23790348.556127571
5203,0,27433268.627511118
5204,0,31569250.921534661
5205,0.01074508629458132,18422358.178634193
5206,0.013589333354151903,18997269.36735636
5207,0.010917521319575983,23082097.898261104
5208,0.011127896457101162,29281694.171074785
5209,0.010809174267687941,34840272.308571771
5210,0.010967930334128392,38622310.629027762
5211,0.011222843893915686,43596791.746347003
5212,0.011561844157062755,48581924.32225655
5213,0.011939177649568923,54085967.859695219
5214,0.012336615263121208,59480637.965403847
5215,0.012791620262212334,64218017.894404508
5216,0.013383585831926377,62831642.302470326
5217,0.013978098528791231,55673747.655200362
5218,0.014490190092575912,46839713.813757777
5219,0.015009692516927787,37874234.669208646
5220,0.015293496248508658,30006160.194727395
5221,0.015494051281422847,23999291.928457271
5222,0.015710998209919922,21040361.640667312
5223,0.015757880358261808,20291649.570219871
5224,0.01556923558807686,21436817.148249596
5225,0.015156574653919291,23923411.401382644
5226,0.01461173821959153,27873029.894196711
5227,0.014001984696741399,32419761.540903352
5228,0.013423630590228219,37598363.945882469
5229,0.012926292483024548,41699541.231120758
5230,0.012607532933335018,45602587.286888167
5231,0.012691389548351866,45733807.972257592
5232,0.012377361984340756,44010979.58870241
5233,0.015044153588835056,33553374.682616554
5234,0.011880006539926468,22305261.912801456
5235,0,41807462.830338143
5236,0,36040042.964777716
5237,0,31303492.46543888
5238,0,27850604.517568573
5239,0,25559129.821716145
5240,0,22530995.322719909
5241,0,23019407.939092916
5242,0,24234036.91623956
5243,0,26787537.441254456
5244,0,29032231.846838415
5245,0.014987366602978664,23504235.266334549
5246,0.018011178511756425,20343288.017971419
5247,0.011770925995808361,21673056.932908546
5248,0.011753820091918074,27994688.374429204
5249,0.011071369079590186,33768468.881830513
5250,0.011222843893915655,37502962.51374644
5251,0.011563541604649853,42875123.122983702
5252,0.012033771425464673,48264748.824587055
5253,0.01263402031882398,54233826.198094323
5254,0.013272301872850913,60298666.086684711
5255,0.014149528953141553,62331096.777289353
5256,0.015236002967555793,56243971.131803535
5257,0.01627417138501739,48096722.401332736
5258,0.017225429056915948,39875556.350125
5259,0.017956657666639245,32535367.670597978
5260,0.018695751737855443,27153141.993130166
5261,0.019124049157633726,25198891.095617384
5262,0.019310180956713458,25028817.32909948
5263,0.019122787033294269,25744825.133569449
5264,0.018585522635616289,27082953.55116016
5265,0.017726522501946413,28945359.699500374
5266,0.016729816624476999,31190503.84652013
5267,0.015585399625470476,34369920.658991247
5268,0.014659735158250342,38518139.383951105
5269,0.013845110614139325,42556694.389524408
5270,0.013429618010596816,47018407.464596704
5271,0.01380454269755073,47209087.12929114
5272,0.013690534519452152,45242128.093510211
5273,0.020395186825439563,30004701.691957146
5274,0.016996701568354443,21349862.701434746
5275,0,38616988.706433766
5276,0,34877598.505151697
5277,0,31256284.279826891
5278,0,28791456.084197402
5279,0,27209858.05194968
5280,0,24353755.815281622
5281,0,24152335.791118961
5282,0,24318964.87751846
5283,0,25819781.365617722
5284,0,26683665.129540499
5285,0.019431759876838667,29359205.896127749
5286,0.022543181695023864,23474532.690967649
5287,0.012367608263346685,20297287.928958558
5288,0.012209198234117492,25541508.084448077
5289,0.011296916865008739,31068138.785404816
5290,0.011561844157062526,34574564.526395746
5291,0.01203377142546461,40278089.571424052
5292,0.012769025344048996,46056731.167203434
5293,0.013655835787491102,52621271.654921621
5294,0.0147072465607279,58781707.799540706
5295,0.016313209968299169,55811988.144476503
5296,0.017843983631444457,48527321.346407689
5297,0.019574223357184149,41372633.484720707
5298,0.021268399675270062,35563280.386649162
5299,0.022867865302270231,31326113.797472771
5300,0.023863841549388622,29866049.526094582
5301,0.024332458204562618,30265277.122207489
5302,0.024632163676020901,31767380.041861273
5303,0.024276726260299114,33845760.688020214
5304,0.023281293286128872,34916337.605024152
5305,0.021644943106909949,36011202.3374089
5306,0.019762179060855221,37041175.565719925
5307,0.017913490920967907,38788369.617478363
5308,0.016260955113316339,40851920.077139646
5309,0.015024026489243546,43936185.881833889
5310,0.014298301788417371,47974279.26806324
5311,0.014810856821075972,47779264.722178385
5312,0.014780125791979586,45619536.673093252
5313,0.02607651108902705,26282521.383372169
5314,0.02252871855166972,22624840.299096975
5315,0,35227894.987151965
5316,0,33201287.30810881
5317,0,30642490.234090604
5318,0,29424377.789341051
5319,0,28748768.249049451
5320,0,25946198.898855638
5321,0,24971499.046564769
5322,0,24049212.000167213
5323,0,24620685.840810336
5324,0,24431441.878122378
5325,0.023918290085685141,35032274.852926776
5326,0.027077187050376282,27439309.28112692
5327,0.012805074426865605,19524043.611033026
5328,0.012531917268550106,22891094.39497539
5329,0.011530218645059378,27996614.819208331
5330,0.011939177649568974,31524941.015666023
5331,0.012634020318824001,38115594.420752823
5332,0.013655835787491404,44804660.844711632
5333,0.014916629730495365,52114645.590568028
5334,0.016722616376829241,56667319.63761504
5335,0.018839192408643766,50515067.178883299
5336,0.021807602101031161,44565305.767070815
5337,0.024666961313980666,39831869.512948945
5338,0.027240494404313479,35974405.239228383
5339,0.029856219369071381,34263647.001134016
5340,0.032118598248980043,34340317.847927913
5341,0.033186000096273142,36072518.430172719
5342,0.0333360586402884,38464355.69216454
5343,0.032128269301427384,40709576.48952233
5344,0.029731696930182128,42185461.046341792
5345,0.026807901449740327,43769087.114073224
5346,0.023731628128800215,44171091.674712449
5347,0.020577188423087877,44995584.327270687
5348,0.018197077412375036,45379363.534098409
5349,0.016282753733776991,46478904.869830415
5350,0.015212026107388494,48716400.947360665
5351,0.01571551883961109,47262286.391166121
5352,0.015732706440874687,44831255.367134146
5353,0.031963660828636609,23516135.548134953
5354,0.028291197662528147,26065427.392512269
5355,0,31517915.975985043
5356,0,31007899.304066155
5357,0,29514133.455838177
5358,0,29660189.408615053
5359,0,30038824.938983057
5360,0,27211975.745437689
5361,0,25448833.05716671
5362,0,23493416.778066911
5363,0,23250349.083314322
5364,0,22102859.625634596
5365,0.028205814432150634,40286184.001178637
5366,0.03140453926277522,31587585.607223839
5367,0.013086111928477315,19766651.730873078
5368,0.012710736609507015,20230458.586373672
5369,0.011703357268358035,24371957.896482237
5370,0.012336615263121123,28278339.865137063
5371,0.013272301872850941,36099197.567119569
5372,0.014657991258974884,44586652.352650128
5373,0.016472656990244274,53845967.168848522
5374,0.018941289122965159,55295131.319367655
5375,0.022729453044266115,50855186.162790552
5376,0.026255162305782672,46962088.496866897
5377,0.030866904698782581,43142884.705476724
5378,0.036433748025385224,41682626.088930666
5379,0.041169411648419814,41437491.665340401
5380,0.044092227777354623,40833459.358368047
5381,0.045189578386597443,41458541.958478972
5382,0.045079423088604027,45953860.222029805
5383,0.042611784458186086,48015154.353361644
5384,0.038826927079867984,49203251.888541147
5385,0.033622956946335068,49045266.081585631
5386,0.028343018670772952,51120194.236863509
5387,0.02389384569614398,52171183.460002556
5388,0.020203706027652677,51049323.802928172
5389,0.017665109347965165,49552920.668763742
5390,0.016016919758231503,48442127.609155141
5391,0.016468788060201387,45242963.475470945
5392,0.016488804953479961,42971834.564828217
5393,0.037785059518841757,22999911.792917002
5394,0.033979278717382683,31054446.741649643
5395,0,27428604.596318014
5396,0,28360567.672487907
5397,0,27951089.704447582
5398,0,29495566.905824434
5399,0,30995242.994044907
5400,0,28130985.788650658
5401,0,25614373.028869469
5402,0,22729448.856987063
5403,0,21736739.8225439
5404,0,19673765.68600104
5405,0.032109280427625189,44903095.887741812
5406,0.035348569849435282,35454588.124032848
5407,0.013315155997107598,21058417.714203831
5408,0.012777619143831647,18188097.522338029
5409,0.01185273796487459,20740012.966088451
5410,0.012733524859493845,25658949.310995512
5411,0.013920369560918048,35320309.888944641
5412,0.015796639005858728,45837857.909523875
5413,0.018010215077072244,58260287.728219628
5414,0.022051155424258062,58843647.619020611
5415,0.026320810360824735,56516713.289159201
5416,0.033325438064146007,54050441.835214116
5417,0.040566959581786868,52660014.118448369
5418,0.048002657288928316,52720039.58063937
5419,0.057490105593814372,53809376.670033246
5420,0.063923449570577093,54201201.553236991
5421,0.066936041522700371,55843455.69999291
5422,0.064513332206238311,52606673.931819752
5423,0.058659460702632393,55352601.007392451
5424,0.050182274236633781,50291660.690387107
5425,0.041702534273641269,54078598.31378065
5426,0.034021475618841258,55986668.926967829
5427,0.027072973201056345,61102489.53771966
5428,0.022284443311160945,59520164.276589081
5429,0.018920431775703756,52543419.323446497
5430,0.01682072562911514,47124233.849569626
5431,0.017059769614126696,41477623.354361631
5432,0.017092636902246106,40458854.18223083
5433,0.043267223052580149,24997850.480321225
5434,0.03933018062712778,36710280.849193297
5435,0,23146236.238670543
5436,0,25363335.295582663
5437,0,26089672.322559074
5438,0,28984459.558680192
5439,0,31607020.390186425
5440,0,28738053.089270193
5441,0,25540103.212853655
5442,0,21844431.735028315
5443,0,20176232.707139328
5444,0,17187826.70539581
5445,0.035420151847352213,48806828.239229992
5446,0.038701426825628264,38800588.263316691
5447,0.013454352058487834,23200432.212429177
5448,0.012765249425386361,16836789.605866108
5449,0.011937205483888644,17578035.295908727
5450,0.0130736430426886,24045825.146521736
5451,0.014549707986627794,35978420.803702831
5452,0.016752682858083717,49040675.921987697
5453,0.019987525759534996,63629472.922175981
5454,0.024395028406710741,65722450.274771437
5455,0.031919644764583463,65631198.165849835
5456,0.038061202118633022,64494581.453086957
5457,0.04926561020290128,63991961.176354691
5458,0.06645029531301655,67278875.488824472
5459,0.077695825564304932,70360359.378568292
5460,0.087042550082153072,71776003.705558866
5461,0.090110968569679858,68510191.235017344
5462,0.088861287691136395,68209008.765920594
5463,0.080365231543164495,50931103.054236561
5464,0.068799035871478675,53936487.183874354
5465,0.052690020718509999,56415055.629480414
5466,0.038435003421127267,66568997.792811438
5467,0.029881712368136432,76463591.615597159
5468,0.023976097611343079,67741703.672061577
5469,0.020230053282040597,56558454.128551558
5470,0.017476599011333537,44846075.654806845
5471,0.017530649433162973,36462521.083467163
5472,0.017490380312197146,37134724.050214328
5473,0.048068507446456674,28465508.138156291
5474,0.044007905696178462,42306421.070803717
5475,0,18807171.822951205
5476,0,22275083.024389494
5477,0,24102897.345045589
5478,0,28246901.955250837
5479,0,31921902.294772036
5480,0,29098303.948206764
5481,0,25326400.328651719
5482,0,20968463.028753012
5483,0,18707727.894009952
5484,0,14846903.387863204
5485,0.037988300841136836,51838115.727343194
5486,0.041303834165159897,41439797.76001589
5487,0.01353571869921035,25522567.438917261
5488,0.012711486965742733,16436679.124707801
5489,0.011989870567653374,14807108.636730872
5490,0.01331061900861619,23874826.197528187
5491,0.015098968710970009,37646589.920866415
5492,0.017566716962146321,52768588.984269962
5493,0.021676546924762584,69816726.24166739
5494,0.026934113368233731,74394915.363317937
5495,0.036324906956470504,75785023.901925951
5496,0.045249514917651945,77605262.52659376
5497,0.066468244831035611,79220495.343082771
5498,0.070416556588938417,78754887.524084032
5499,0.12407875239912375,87358073.392274275
5500,0.15239120255332661,98315284.21810165
5501,0.15297803375050223,84488102.958837062
5502,0.1654382092487261,77741039.56951575
5503,0.14546946919052156,93176159.061028421
5504,0.11503906570639158,71095381.457530752
5505,0.065147788259614842,51688485.670922339
5506,0.044035877731953714,89346270.703190893
5507,0.031975457137606675,85125619.745013371
5508,0.025923345179407788,78263759.763395101
5509,0.021198481818588178,60425844.539159544
5510,0.018185967147231318,43064084.678424455
5511,0.01786688677316178,31135244.131687231
5512,0.017762020365779549,32800838.990145076
5513,0.051879679276336743,32091371.040807284
5514,0.047734449915449506,47104481.05667749
5515,0,14855132.397181086
5516,0,19367583.397221204
5517,0,22244873.843547683
5518,0,27442844.409720737
5519,0,32028390.424145576
5520,0,29284431.047171734
5521,0,25092544.580093291
5522,0,20251580.096243966
5523,0,17544237.130001128
5524,0,12910081.617149824
5525,0.039672306888795091,53927894.778654046
5526,0.043006590384012187,43261470.183063522
5527,0.013565860036643273,27462267.111028492
5528,0.012644800717086076,16556285.074798854
5529,0.011989053301070798,12841401.810138552
5530,0.01344244812446177,24407862.083540622
5531,0.015385103276557488,39688868.978857897
5532,0.018255292957732139,56346453.118990093
5533,0.022339878029780724,74177932.438909099
5534,0.029701263814770826,81779633.62109682
5535,0.037944533828373386,86536419.860159531
5536,0.054686508830293197,91168136.3446922
5537,0.061405852758619719,89627923.08795166
5538,0.15356053379548287,105992390.49851862
5539,0.21025217361062329,121239268.74507844
5540,0.23308528711953552,122322235.04812178
5541,0.24795149616793624,103028013.40556479
5542,0.2410528687703315,95854681.070940286
5543,0.2362310536152438,68096437.232907876
5544,0.19535206242496306,109051042.82091731
5545,0.10514225270421095,70478902.095959917
5546,0.049323601536721134,83518866.953082979
5547,0.033532121143884971,100149126.0712162
5548,0.027222210481309531,83844156.202502877
5549,0.021879614467234333,63968607.122399084
5550,0.018638045548449146,43462244.243389875
5551,0.018091525632414247,27775157.500397839
5552,0.017895170813589118,27680577.564743835
5553,0.054414261995459408,35087767.076384813
5554,0.050233282203439505,50556170.662747003
5555,0,11608742.124514898
5556,0,17048032.832515288
5557,0,20778114.436143719
5558,0,26763060.669962022
5559,0,32025190.34122422
5560,0,29359404.446586739
5561,0,24943952.84019183
5562,0,19845262.461801242
5563,0,16893605.781077586
5564,0,11771679.716960626
5565,0.040381866330100942,54988364.864291556
5566,0.043734093168106142,44187497.059176967
5567,0.013556580815729158,28554622.614927262
5568,0.012597373195784892,16700004.147613768
5569,0.01190004891016783,11797025.770341171
5570,0.013528187013710953,25010410.936125703
5571,0.015365018933353883,40731139.484466895
5572,0.018533317788424337,59016261.245725587
5573,0.022656951589522675,76045258.135894328
5574,0.030314724703576868,87198550.451387241
5575,0.039799996474035565,92155268.070590898
5576,0.055743839936479238,101990077.92843562
5577,0.094572644551229587,102495659.22679898
5578,0.17741853107320102,125608133.4769616
5579,0.19167899654504175,123756093.90007642
5580,0.21458443602702468,127439176.94785129
5581,0.26134002175330984,114391369.08738473
5582,0.23763773987883147,89264373.928289488
5583,0.23462448961634572,138435143.41407982
5584,0.19776323853509042,102993951.81503844
5585,0.1379329109453741,123483756.12555429
5586,0.05875786184578758,50875843.141635768
5587,0.038080960063046926,104015494.19454579
5588,0.02683317622821579,76894291.441564426
5589,0.022549216919988808,67844841.403408825
5590,0.018490869675445432,44587143.274512321
5591,0.01818338713099826,26203444.546436332
5592,0.0178417608282114,24180502.587944228
5593,0.055508752836527675,36689905.962060839
5594,0.051295086607536171,52349261.595843285
5595,0,9675669.4966780916
5596,0,15731453.470626367
5597,0,19964139.165743873
5598,0,26372744.501021847
5599,0,31998998.600556627
5600,0,29359404.34822036
5601,0,24943952.721303128
5602,0,19845262.348633271
5603,0,16893605.633833963
5604,0,11771679.324764986
5605,0.040381866330100893,54988364.594132088
5606,0.043734093168105843,44187496.780359142
5607,0.013556580815729028,28554622.471723955
5608,0.012597373195784706,16700004.146646047
5609,0.011900048910167434,11797025.923350237
5610,0.013528187013710892,25010410.9049826
5611,0.015365018933353817,40731139.452914514
5612,0.018533317788423945,59016261.285074525
5613,0.02265695158952204,76045258.216276333
5614,0.030314724703577354,87198550.796657279
5615,0.03979999647403526,92155268.507688373
5616,0.055743839936480064,101990078.27109875
5617,0.094572644551230156,102495658.56941868
5618,0.17741853107320138,125608130.71660773
5619,0.19167899654504075,123756087.58206972
5620,0.21458443602702501,127439169.65922797
5621,0.26134002175330928,114391353.56383851
5622,0.23763773987883033,89264381.22286652
5623,0.23462448961634555,138435125.97996476
5624,0.19776323853509012,102994021.61493465
5625,0.13793291094537485,123483741.47574252
5626,0.058757861845787657,50875847.584163666
5627,0.038080960063046891,104015487.21441188
5628,0.026833176228216005,76894287.302728996
5629,0.022549216919988846,67844836.048863292
5630,0.018490869675445033,44587140.045131221
5631,0.018183387130998162,26203437.136987735
5632,0.017841760828211109,24180496.211161397
5633,0.055508752836527724,36689904.496570587
5634,0.051295086607536233,52349261.375374943
5635,0,9675671.6378316469
5636,0,15731454.027947778
5637,0,19964139.338670112
5638,0,26372744.52422414
5639,0,31998998.516240332
5640,0,29284430.760892771
5641,0,25092544.242759515
5642,0,20251579.787825037
5643,0,17544236.744436912
5644,0,12910080.616919959
5645,0.039672306888795042,53927893.985634826
5646,0.04300659038401182,43261469.373107366
5647,0.01356586003664324,27462266.716753341
5648,0.012644800717085996,16556285.134570764
5649,0.011989053301070179,12841402.267013058
5650,0.013442448124461919,24407862.070531752
5651,0.015385103276557057,39688868.944461308
5652,0.018255292957732115,56346453.190870345
5653,0.022339878029781282,74177932.819557071
5654,0.029701263814770715,81779634.401193634
5655,0.037944533828373456,86536421.137967482
5656,0.054686508830292822,91168137.642064616
5657,0.061405852758619921,89627922.670243353
5658,0.15356053379548285,105992387.38657451
5659,0.21025217361062473,121239257.19830312
5660,0.23308528711953591,122322207.82425499
5661,0.24795149616793558,103027964.57431306
5662,0.241052868770331,95854694.72975491
5663,0.23623105361524549,68096513.541257575
5664,0.19535206242496245,109051129.85331361
5665,0.10514225270420953,70478819.588793278
5666,0.049323601536721273,83518828.545418382
5667,0.033532121143884361,100149090.42132688
5668,0.027222210481309603,83844147.054708287
5669,0.02187961446723475,63968596.684412748
5670,0.018638045548449146,43462235.607998013
5671,0.018091525632414163,27775141.564502507
5672,0.017895170813588875,27680563.416160151
5673,0.054414261995459526,35087763.315370776
5674,0.050233282203439485,50556170.146030247
5675,0,11608746.972408753
5676,0,17048034.132344265
5677,0,20778114.80856093
5678,0,26763060.672623441
5679,0,32025190.064170826
5680,0,29098303.499377187
5681,0,25326399.825540151
5682,0,20968462.607675578
5683,0,18707727.404008746
5684,0,14846902.156045299
5685,0.037988300841136781,51838114.46072007
5686,0.041303834165159654,41439796.496838763
5687,0.013535718699210287,25522566.919660818
5688,0.012711486965742754,16436679.41004831
5689,0.011989870567652976,14807109.50995863
5690,0.01331061900861615,23874826.410795294
5691,0.015098968710970046,37646590.04576394
5692,0.017566716962145724,52768589.208156228
5693,0.021676546924763538,69816726.906346962
5694,0.026934113368233599,74394916.453382701
5695,0.036324906956472267,75785025.85196124
5696,0.045249514917651071,77605264.718945369
5697,0.066468244831036069,79220496.792713404
5698,0.070416556588940041,78754888.235423759
5699,0.12407875239912414,87358074.976308495
5700,0.15239120255332594,98315280.289094999
5701,0.15297803375050018,84488069.595359892
5702,0.1654382092487249,77741050.467182204
5703,0.1454694691905212,93176255.541698456
5704,0.11503906570639258,71095489.546723321
5705,0.065147788259614717,51688416.323395208
5706,0.044035877731953374,89346209.563766643
5707,0.031975457137606404,85125583.846757889
5708,0.025923345179407788,78263759.951875314
5709,0.021198481818588001,60425841.412034623
5710,0.018185967147230753,43064077.394761927
5711,0.01786688677316154,31135230.150400009
5712,0.017762020365779476,32800825.432037961
5713,0.051879679276336903,32091366.263298217
5714,0.047734449915449548,47104480.679271996
5715,0,14855137.335504796
5716,0,19367584.671365775
5717,0,22244874.057853356
5718,0,27442844.222033449
5719,0,32028389.889916856
5720,0,28738052.516620267
5721,0,25540102.618789744
5722,0,21844431.308040757
5723,0,20176232.268931393
5724,0,17187825.574304976
5725,0.035420151847352158,48806826.582208581
5726,0.038701426825627994,38800586.680287778
5727,0.013454352058487769,23200431.798985064
5728,0.012765249425386224,16836790.402196325
5729,0.011937205483888361,17578036.722567998
5730,0.01307364304268855,24045825.944788095
5731,0.014549707986627696,35978421.368205957
5732,0.016752682858083647,49040676.626382172
5733,0.019987525759535479,63629473.906767517
5734,0.024395028406711535,65722451.766710058
5735,0.031919644764583935,65631200.477208652
5736,0.038061202118633022,64494584.419315539
5737,0.049265610202901142,63991964.962468773
5738,0.066450295313014454,67278879.287829056
5739,0.07769582556430546,70360366.720537543
5740,0.087042550082152878,71776025.302050069
5741,0.090110968569679414,68510193.168246701
5742,0.088861287691134466,68209027.723175704
5743,0.08036523154316505,50931275.699943878
5744,0.068799035871479286,53936508.936109476
5745,0.052690020718509326,56414927.609139912
5746,0.038435003421127059,66568973.736484364
5747,0.029881712368136346,76463607.369581923
5748,0.023976097611343176,67741718.443728596
5749,0.020230053282040434,56558463.971800111
5750,0.017476599011333357,44846075.953743093
5751,0.017530649433162709,36462514.416519634
5752,0.017490380312197042,37134715.05978816
5753,0.048068507446456743,28465503.613726076
5754,0.04400790569617849,42306421.278129838
5755,0,18807175.307702959
5756,0,22275083.567107771
5757,0,24102897.01543067
5758,0,28246901.36704763
5759,0,31921901.419948306
5760,0,28130985.140543915
5761,0,25614372.428919144
5762,0,22729448.531176548
5763,0,21736739.571043473
5764,0,19673764.887652125
5765,0.032109280427625182,44903093.957729973
5766,0.03534856984943506,35454586.412075587
5767,0.013315155997107512,21058417.776921578
5768,0.012777619143831591,18188099.131013848
5769,0.011852737964874181,20740015.161452547
5770,0.012733524859493753,25658951.023487926
5771,0.013920369560917988,35320311.417983338
5772,0.015796639005858919,45837859.403580368
5773,0.01801021507707231,58260289.625063948
5774,0.022051155424258454,58843649.724958383
5775,0.026320810360824849,56516716.10084641
5776,0.033325438064146541,54050445.359567776
5777,0.040566959581786625,52660018.580928594
5778,0.048002657288928642,52720043.86627914
5779,0.057490105593814865,53809382.989253491
5780,0.063923449570577787,54201217.562081464
5781,0.066936041522700745,55843438.185487576
5782,0.064513332206238214,52606732.68750111
5783,0.058659460702632171,55352772.003958516
5784,0.050182274236633927,50291614.822779894
5785,0.041702534273641234,54078449.233944073
5786,0.034021475618841668,55986706.765413493
5787,0.02707297320105707,61102530.411841236
5788,0.022284443311160931,59520188.172404304
5789,0.018920431775703711,52543436.258801833
5790,0.016820725629115053,47124240.196050718
5791,0.017059769614126447,41477622.581095703
5792,0.017092636902245953,40458849.458944872
5793,0.043267223052580163,24997846.720912721
5794,0.03933018062712778,36710281.771436892
5795,0,23146237.614436224
5796,0,25363334.68408981
5797,0,26089671.158733554
5798,0,28984458.381914575
5799,0,31607019.095004704
5800,0,27211975.07678679
5801,0,25448832.538215231
5802,0,23493416.646917552
5803,0,23250349.116951883
5804,0,22102859.294239029
5805,0.028205814432150627,40286181.949636884
5806,0.031404539262775019,31587584.022883404
5807,0.013086111928477237,19766652.69028648
5808,0.012710736609506983,20230461.199598987
5809,0.011703357268357582,24371960.938430719
5810,0.012336615263121117,28278342.759602651
5811,0.013272301872851049,36099200.348804422
5812,0.014657991258974898,44586655.244659305
5813,0.016472656990244323,53845970.422744118
5814,0.01894128912296494,55295135.003283799
5815,0.022729453044266171,50855190.329583585
5816,0.026255162305783494,46962092.960263692
5817,0.030866904698783289,43142890.123433009
5818,0.036433748025384939,41682630.872097738
5819,0.041169411648419363,41437495.765704282
5820,0.044092227777354435,40833464.661909506
5821,0.045189578386597332,41458527.047639824
5822,0.045079423088604499,45953900.518393226
5823,0.042611784458185774,48015212.381924324
5824,0.03882692707986779,49203202.722160369
5825,0.033622956946334027,49045243.370274961
5826,0.028343018670772498,51120238.473404877
5827,0.023893845696143529,52171210.405579105
5828,0.020203706027652667,51049345.814831004
5829,0.01766510934796528,49552935.777156919
5830,0.016016919758231492,48442134.372434951
5831,0.016468788060201269,45242964.151230067
5832,0.01648880495347985,42971831.473181486
5833,0.03778505951884184,22999907.902257983
5834,0.033979278717382669,31054447.958176196
5835,0,27428603.799502682
5836,0,28360565.755320795
5837,0,27951087.557792246
5838,0,29495565.008747701
5839,0,30995241.21800372
5840,0,25946198.268986251
5841,0,24971498.691888243
5842,0,24049212.139745366
5843,0,24620686.219550345
5844,0,24431442.079084057
5845,0.023918290085685096,35032272.877282724
5846,0.027077187050376102,27439308.18114854
5847,0.012805074426865598,19524045.784358062
5848,0.012531917268549962,22891098.051971145
5849,0.011530218645059152,27996618.833037186
5850,0.011939177649569021,31524945.178088039
5851,0.012634020318824039,38115598.761168398
5852,0.013655835787491178,44804665.48369094
5853,0.014916629730495385,52114650.902915306
5854,0.016722616376829005,56667325.701236643
5855,0.01883919240864414,50515074.041110806
5856,0.021807602101030773,44565313.535402298
5857,0.024666961313980211,39831877.81124761
5858,0.027240494404313725,35974413.585408598
5859,0.029856219369071929,34263654.238358922
5860,0.032118598248979779,34340324.294992864
5861,0.033186000096273122,36072521.502087742
5862,0.033336058640287297,38464358.189423777
5863,0.032128269301427675,40709578.706149213
5864,0.029731696930181999,42185493.835829213
5865,0.026807901449740164,43769130.24806276
5866,0.023731628128800607,44171107.63216579
5867,0.020577188423087603,44995593.214012533
5868,0.018197077412375324,45379373.866814725
5869,0.016282753733776831,46478911.780532882
5870,0.015212026107388464,48716402.888855733
5871,0.015715518839610906,47262284.481011994
5872,0.01573270644087453,44831251.108896956
5873,0.03196366082863665,23516129.889585782
5874,0.028291197662528123,26065427.761840008
5875,0,31517913.258914035
5876,0,31007896.135386895
5877,0,29514130.306758888
5878,0,29660186.723253988
5879,0,30038822.646572351
5880,0,24353755.28605881
5881,0,24152335.675707452
5882,0,24318965.344927408
5883,0,25819782.121525344
5884,0,26683665.875852752
5885,0.019431759876838657,29359204.26567727
5886,0.022543181695023708,23474532.544183519
5887,0.012367608263346739,20297291.28437487
5888,0.012209198234117494,25541512.65523072
5889,0.011296916865008531,31068143.713928811
5890,0.011561844157062604,34574569.883237183
5891,0.012033771425464825,40278095.404814541
5892,0.012769025344048576,46056737.651424073
5893,0.013655835787491157,52621279.082838766
5894,0.014707246560728394,58781716.446109183
5895,0.016313209968298867,55811998.218542047
5896,0.017843983631444422,48527332.809395269
5897,0.019574223357184221,41372646.700892687
5898,0.0212683996752695,35563294.764145821
5899,0.022867865302270248,31326128.078222815
5900,0.023863841549388823,29866060.56174105
5901,0.024332458204562733,30265283.142007943
5902,0.024632163676020613,31767385.587528072
5903,0.024276726260298764,33845769.722688414
5904,0.02328129328612865,34916352.395769894
5905,0.021644943106909273,36011216.926083706
5906,0.01976217906085492,37041181.594024107
5907,0.01791349092096748,38788368.994931109
5908,0.016260955113315975,40851917.603735581
5909,0.015024026489243449,43936182.802294947
5910,0.014298301788417168,47974274.443718165
5911,0.014810856821075779,47779258.393842697
5912,0.014780125791979406,45619529.74836804
5913,0.026076511089027123,26282513.329021268
5914,0.022528718551669689,22624838.255096197
5915,0,35227890.752439566
5916,0,33201283.067721553
5917,0,30642486.155108422
5918,0,29424374.305206895
5919,0,28748765.428911541
5920,0,22530994.956900828
5921,0,23019408.122981686
5922,0,24234037.743906897
5923,0,26787538.58645891
5924,0,29032233.125509165
5925,0.014987366602978646,23504234.399276331
5926,0.018011178511756345,20343289.364592519
5927,0.011770925995808375,21673061.224242724
5928,0.011753820091918077,27994693.67872566
5929,0.011071369079590039,33768474.669686012
5930,0.011222843893915617,37502969.000890218
5931,0.011563541604649945,42875130.405325308
5932,0.012033771425464747,48264757.074410968
5933,0.012634020318824114,54233835.659967571
5934,0.013272301872851109,60298677.008944735
5935,0.014149528953142164,62331109.378984883
5936,0.01523600296755628,56243985.726300284
5937,0.016274171385017609,48096738.974583134
5938,0.01722542905691599,39875574.842417642
5939,0.017956657666639501,32535386.7509684
5940,0.018695751737855225,27153158.163378358
5941,0.019124049157634007,25198903.321800172
5942,0.019310180956713597,25028827.496846426
5943,0.019122787033294456,25744835.849248979
5944,0.018585522635616261,27082963.033876136
5945,0.017726522501946066,28945365.247874189
5946,0.016729816624477267,31190503.301253684
5947,0.015585399625470437,34369913.822136112
5948,0.014659735158250685,38518129.29221417
5949,0.013845110614139441,42556684.116386697
5950,0.013429618010596868,47018397.166799635
5951,0.013804542697550661,47209076.962379821
5952,0.013690534519452058,45242118.554878734
5953,0.020395186825439622,30004691.763118345
5954,0.016996701568354457,21349857.222685751
5955,0,38616983.379285596
5956,0,34877593.424944051
5957,0,31256279.39990966
5958,0,28791451.842232328
5959,0,27209854.715950321
5960,0,20633369.22604657
5961,0,21694540.14269682
5962,0,23790349.738760401
5963,0,27433270.14797898
5964,0,31569252.697744999
5965,0.010745086294581298,18422358.695750896
5966,0.013589333354151819,18997272.388339389
5967,0.010917521319576007,23082102.682816532
5968,0.011127896457101133,29281699.902060539
5969,0.010809174267687724,34840278.703113541
5970,0.010967930334128356,38622317.958805561
5971,0.0112228438939155,43596800.129835196
5972,0.011561844157062561,48581933.920410134
5973,0.011939177649568894,54085978.851582043
5974,0.012336615263121024,59480650.516010635
5975,0.012791620262212396,64218032.142561376
5976,0.013383585831926016,62831658.350214548
5977,0.013978098528791071,55673765.506879777
5978,0.014490190092575744,46839733.071285285
5979,0.015009692516928005,37874254.51187975
5980,0.015293496248508606,30006179.500124611
5981,0.015494051281422692,23999308.87224824
5982,0.015710998209920019,21040375.164186016
5983,0.015757880358261672,20291659.227758203
5984,0.015569235588076802,21436822.707499847
5985,0.015156574653918974,23923411.293580156
5986,0.014611738219591464,27873023.250723895
5987,0.014001984696741174,32419750.783362318
5988,0.013423630590228086,37598351.0548447
5989,0.012926292483024611,41699528.110475622
5990,0.012607532933334952,45602574.608821772
5991,0.012691389548351755,45733795.9693809
5992,0.012377361984340692,44010968.64223589
5993,0.015044153588835077,33553363.854327314
5994,0.011880006539926507,22305253.664924093
5995,0,41807456.789539121
5996,0,36040037.275493897
5997,0,31303486.956442617
5998,0,27850599.606899925
5999,0,25559126.008261874
6000,0,18814881.936837398
6001,0,20350676.243397541
6002,0,23175441.772665963
6003,0,27761517.826070189
6004,0,34113461.04873316
6005,0.0069476355405931915,15769824.066600839
6006,0.0094532345480744413,19744079.203415092
6007,0.0097623151841671439,24647870.84588173
6008,0.010311319195552995,29992049.042662043
6009,0.010569215455999393,35395339.042491093
6010,0.010809174267687911,39637778.833224885
6011,0.011071369079590197,44731160.457741939
6012,0.011296916865008701,49720812.52213905
6013,0.01153021864505941,55016658.48361142
6014,0.011703357268357868,59857948.104034767
6015,0.011852737964874406,63817480.889601566
6016,0.012058638112731194,65565209.876118831
6017,0.012324027483082452,62012434.20595327
6018,0.01257506430367418,54270742.717247501
6019,0.012759074509725545,45153765.956617229
6020,0.013009761800810298,36241995.104931056
6021,0.013200743355317521,29411851.485866565
6022,0.013367979891715856,24765683.014318496
6023,0.013475887296869259,23002491.630758915
6024,0.013501303152324591,23641192.818382241
6025,0.013389751744578503,26123476.258570686
6026,0.013206638589657201,29966486.09157823
6027,0.012900290793812542,34149797.640022218
6028,0.012599988732498093,38534624.962494493
6029,0.012229396410467388,41584994.581684053
6030,0.011902017887913627,44109178.443363681
6031,0.011467885050140427,43900030.831424512
6032,0.010802829831875714,42541620.951345362
6033,0.010216165464217964,36680281.040576987
6034,0.0074544428316301948,25840339.661448613
6035,0,44779564.071457162
6036,0,36642046.015630551
6037,0,30860345.922986735
6038,0,26757258.549674135
6039,0,23925438.42405846
6040,0,17149534.133759368
6041,0,19116145.875359602
6042,0,22640615.869119886
6043,0,27926818.029298943
6044,0,36198471.087378554
6045,0.0037745058386287247,20940544.696370233
6046,0.0061213557976711429,24363514.616398353
6047,0.0080695447128929787,26995396.309963182
6048,0.0094347823783001179,29658379.351621684
6049,0.010311319195552983,33036445.100462031
6050,0.011127896457101091,36960634.824058414
6051,0.011753820091917925,41642448.342494473
6052,0.012209198234117428,46251175.736379042
6053,0.012531917268549872,50880194.336305097
6054,0.01271073660950682,54817341.963237248
6055,0.012777619143831435,57848707.886628076
6056,0.012765249425386073,59315929.168440908
6057,0.012711486965742539,59265181.352998838
6058,0.012722766189630601,56176253.004404753
6059,0.012854256012363141,49488021.178159274
6060,0.013041436303296974,41118543.327216491
6061,0.013281782504754782,33753636.668446504
6062,0.013486614025676991,28961221.438790798
6063,0.01368474446431441,26243733.362646781
6064,0.013800163281667806,25806488.085845623
6065,0.013793520265399662,27276605.875049185
6066,0.01364252261765477,30343575.342006568
6067,0.013318230450159913,33698539.605614886
6068,0.012836869721413933,37172355.009883426
6069,0.012145028620241152,39572699.218622416
6070,0.011265339779008138,41335833.720445745
6071,0.010271778189408731,41991425.985569179
6072,0.0087394233767069639,42736428.977393925
6073,0.0064981621718780257,41798076.271354295
6074,0.003878364771884885,34948459.017225496
6075,0,46775725.091234311
6076,0,36613618.49032294
6077,0,30161767.908179976
6078,0,25629080.819547649
6079,0,22355276.068210363
6080,0,15582724.117178524
6081,0,18029117.090092655
6082,0,22084302.310594015
6083,0,28009635.785271764
6084,0,37136150.18541725
6085,0.0015386221426217797,38476857.057130262
6086,0.0033990994289581408,35803536.426141843
6087,0.0058553747091429093,31479333.456341669
6088,0.0080695447128930915,29006301.278955482
6089,0.0097623151841671474,29623462.742593162
6090,0.010917521319576079,32387346.983961862
6091,0.011770925995808434,36064241.624941096
6092,0.012367608263346846,39819840.971302934
6093,0.012805074426865761,43337463.529077731
6094,0.013086111928477188,46215436.930773139
6095,0.013315155997107435,48206233.717079677
6096,0.013454352058487678,49239685.931671776
6097,0.013535718699210232,49190884.75460209
6098,0.013565860036643075,47831521.752413534
6099,0.013556580815729,45109161.395331509
6100,0.013661186862147078,40179453.459949218
6101,0.013836565102137559,33673409.101472363
6102,0.013968735919003212,28430966.591639061
6103,0.014057847636762516,24753377.201681409
6104,0.014027702324457166,23086079.460679874
6105,0.01387400429122581,23449987.332494039
6106,0.013626199363302947,25686043.426544871
6107,0.013196736559503864,28788735.740282323
6108,0.012587353681822315,32275433.133705158
6109,0.011679067856203991,35209121.688886479
6110,0.01042902991127195,37811862.865228802
6111,0.008589203248465278,40828739.875624426
6112,0.0061733333677051021,46011301.172976248
6113,0.0034663658095645659,51332973.229222059
6114,0.0015386221426217823,50710360.737289034
6115,0,46807005.141959831
6116,0,36058258.77275119
6117,0,29216854.567265179
6118,0,24476986.396606509
6119,0,20763990.711367421
6120,0,13973646.441177797
6121,0,16972286.229386233
6122,0,21181491.089788377
6123,0,27380783.018471092
6124,0,36249709.894159928
6125,0.00013837596026424002,48486302.867621571
6126,0.0011842683759587188,51091573.150578126
6127,0.0033990994289581273,37062355.654408373
6128,0.006121355797671188,28017835.950403344
6129,0.0094532345480744986,26246932.926142719
6130,0.01358933335415191,27821907.899473026
6131,0.018011178511756407,30361933.053462788
6132,0.022543181695023836,33399069.25301674
6133,0.027077187050376261,36467892.674799621
6134,0.031404539262775207,39258832.659416772
6135,0.035348569849435213,41524403.987095781
6136,0.038701426825628202,43065247.709500656
6137,0.041303834165159821,43821906.021184549
6138,0.043006590384012083,43771181.275606975
6139,0.043734093168106142,43040776.574932888
6140,0.043734093168105871,41202530.788095601
6141,0.043006590384011827,37973792.435059592
6142,0.04136507012345067,34791013.363488972
6143,0.039042160432857985,33296441.155344047
6144,0.035958409446610037,31804268.251389299
6145,0.032181574821559991,30330160.512638275
6146,0.027918447720561297,28935020.02565252
6147,0.023340461003521395,28025457.648724411
6148,0.018680044378138937,28174238.430892639
6149,0.014077000936526852,29741803.86154129
6150,0.00974197131655021,32824688.746382602
6151,0.0063096521163095824,38774679.126415804
6152,0.0034248694934991214,49768383.060911179
6153,0.001184268375958716,62428149.384856679
6154,0.00013837596026424612,58125417.568718843
6155,0,44548577.29752139
6156,0,34614906.627031617
6157,0,27751523.917615928
6158,0,23151708.423568763
6159,0,18982219.941995602
6160,0,12191402.013783826
6161,0,15666908.227491522
6162,0,19756916.936576512
6163,0,25290329.245005623
6164,0,32375162.40681522
6165,0,41509299.732672215
6166,0.00013837596026424002,49128597.162175894
6167,0.0015386221426217756,40105183.396926686
6168,0.0037745058386287251,24690705.596783221
6169,0.0069476355405931663,21314267.761940297
6170,0.010745086294581273,23853833.485175442
6171,0.014987366602978619,27773867.186191887
6172,0.019431759876838636,31950174.101575367
6173,0.023918290085685082,35728590.850137338
6174,0.028205814432150561,38848862.445358291
6175,0.032109280427625071,41133343.01692687
6176,0.035420151847352095,42509047.952376112
6177,0.037988300841136656,42906582.560851894
6178,0.03967230688879491,42255339.313557543
6179,0.040381866330100734,40412108.324351892
6180,0.040381866330100748,37358934.50858099
6181,0.039672306888794986,33402212.912145123
6182,0.037988300841136718,28722645.160180699
6183,0.035492026573237544,26179563.410472639
6184,0.032385673662448405,25656823.795277372
6185,0.028612842546503862,24597548.6242854
6186,0.024382156491787519,23043618.189505629
6187,0.019867722402941733,21366899.634829331
6188,0.015330507256073284,20232900.014227755
6189,0.010954670919233467,20931333.725289375
6190,0.0070128881156279761,24591553.847477231
6191,0.0037745058386287238,32991415.557997517
6192,0.0015386221426217732,49589165.817017257
6193,0.00013837596026424316,57865190.858180873
6194,0,49274897.191532314
6195,0,39311233.513845444
6196,0,31592023.574953064
6197,0,25608271.921591196
6198,0,21352720.134293824
6199,0,16862454.366882049
6200,0,10181046.818043469
6201,0,13941560.211822951
6202,0,17600594.739996478
6203,0,22127147.734901007
6204,0,27541328.170538381
6205,0,32967132.322755784
6206,0,37546327.578282967
6207,0,39330921.456580289
6208,0,39454890.877928197
6209,0,38486645.469108462
6210,0,37181989.005610242
6211,0,36051569.885618597
6212,0,35409786.138046898
6213,0,35278691.335831776
6214,0,35557639.638203226
6215,0,36255820.490873285
6216,0,37355879.75019002
6217,0,38856025.008305781
6218,0,40575029.382966295
6219,0,42246257.543360904
6220,0,43678249.079461284
6221,0,44519612.853416607
6222,0,44678011.193979651
6223,0,43948980.123609856
6224,0,42769133.833359428
6225,0,41813241.932070658
6226,0,41271842.12544141
6227,0,41312426.382567167
6228,0,41957671.471233748
6229,0,43236473.72411377
6230,0,44937394.136646494
6231,0,46290517.089370228
6232,0,46263867.012324192
6233,0,44196508.799963817
6234,0,39133439.752427667
6235,0,33252081.77461528
6236,0,27437437.7696613
6237,0,22631021.128184561
6238,0,18938829.759910803
6239,0,14353008.302495452
6240,0,7999841.5087763369
6241,0,11707367.198307987
6242,0,14869523.782268206
6243,0,18673383.386200853
6244,0,22645240.040779725
6245,0,26430108.111778401
6246,0,29227205.346470766
6247,0,30638930.924537517
6248,0,31477861.478290111
6249,0,32429249.505342044
6250,0,33390579.186032746
6251,0,34238657.659024596
6252,0,35018466.47628098
6253,0,35854337.578105986
6254,0,36790701.516171589
6255,0,37804932.112782277
6256,0,38892333.859295979
6257,0,40003565.752810329
6258,0,41055305.466798246
6259,0,41937543.047481015
6260,0,42550822.165614754
6261,0,42787619.476997539
6262,0,42502047.167252451
6263,0,41698784.15507143
6264,0,40631572.888816707
6265,0,39596971.293882087
6266,0,38741151.210773133
6267,0,38133140.351535015
6268,0,37724139.442928113
6269,0,37385237.219787851
6270,0,36960081.866087571
6271,0,36344339.837198734
6272,0,35593200.686661124
6273,0,34181238.343259126
6274,0,31291432.562649991
6275,0,27301907.699629284
6276,0,23079284.335389268
6277,0,19064503.482896838
6278,0,15900399.145023417
6279,0,11530615.678992776
6280,0,5791087.8932751641
6281,0,9090554.8047568426
6282,0,11975014.388049597
6283,0,15299295.597333509
6284,0,18584078.468640152
6285,0,21407933.538792867
6286,0,23601349.672087103
6287,0,25353348.606177848
6288,0,26826013.598877162
6289,0,28366243.527442407
6290,0,30062782.814418096
6291,0,31639350.042218618
6292,0,32952761.322781518
6293,0,34068216.131622396
6294,0,35074861.563511714
6295,0,36020176.809054747
6296,0,36904151.895221092
6297,0,37702970.000812382
6298,0,38362362.113120623
6299,0,38828131.76901985
6300,0,39043016.498063199
6301,0,38960622.988395646
6302,0,38552427.59427508
6303,0,37859996.871745527
6304,0,36965511.566560797
6305,0,35975893.095344186
6306,0,34998936.92283012
6307,0,34044905.459389552
6308,0,33065169.616866209
6309,0,31976827.909923259
6310,0,30815508.274982896
6311,0,29760306.818119057
6312,0,28704814.164448325
6313,0,27277461.400890738
6314,0,25261944.32887321
6315,0,22437352.097612608
6316,0,18995628.973600905
6317,0,15442936.962180752
6318,0,12464340.461816754
6319,0,8580133.2208714727
6320,0,3635805.9978502789
6321,0,6492780.408811369
6322,0,9408157.4382613897
6323,0,12516379.298303323
6324,0,15402504.673192991
6325,0,17899476.457914598
6326,0,20024726.198580097
6327,0,21879713.261993099
6328,0,23717480.30642736
6329,0,25662849.973090153
6330,0,27696600.440560605
6331,0,29705660.910430819
6332,0,31543035.5971471
6333,0,33132551.700398311
6334,0,34479636.65593414
6335,0,35603442.112448469
6336,0,36512716.248212457
6337,0,37197775.937339969
6338,0,37641970.16649425
6339,0,37822232.485160589
6340,0,37721696.191558577
6341,0,37327152.758377276
6342,0,36645961.379003875
6343,0,35711315.373383865
6344,0,34585993.328041457
6345,0,33334716.123676285
6346,0,31996524.885737862
6347,0,30595730.097290765
6348,0,29141264.134022467
6349,0,27684309.202377867
6350,0,26318493.019391846
6351,0,25092200.696591072
6352,0,23962105.11422845
6353,0,22733714.634419095
6354,0,21063100.993670471
6355,0,18775824.498624075
6356,0,15834151.36390863
6357,0,12450865.581257913
6358,0,9196858.8767457362
6359,0,5612615.4676322183
6360,0,1601965.6018609507
6361,0,3754488.6480177199
6362,0,6213751.3546356643
6363,0,8915022.1009843443
6364,0,11740783.877589364
6365,0,14481349.169667305
6366,0,17000600.425102167
6367,0,19283577.638317809
6368,0,21415913.514949787
6369,0,23526640.767581698
6370,0,25683782.581338402
6371,0,27840664.501104064
6372,0,29879619.957156826
6373,0,31683568.421873506
6374,0,33182612.576150686
6375,0,34358954.706179343
6376,0,35221883.435345657
6377,0,35789297.771872267
6378,0,36076521.423741356
6379,0,36094073.386741206
6380,0,35845441.241456591
6381,0,35333438.939873166
6382,0,34564692.197014615
6383,0,33557073.812830113
6384,0,32338102.992967531
6385,0,30940687.261951916
6386,0,29402662.535610501
6387,0,27768793.554267749
6388,0,26107742.636582963
6389,0,24506257.655359488
6390,0,23030665.886937376
6391,0,21668983.483392376
6392,0,20289244.179625466
6393,0,18690388.961224657
6394,0,16709555.94017694
6395,0,14291122.798230024
6396,0,11517091.243845683
6397,0,8583539.0201037042
6398,0,5615746.5278454246
6399,0,2596515.3021216448
