element,eq_plastic_strain,von_mises_Pa
0,0,0
1,0,0
2,0,0
3,0,0
4,0,0
5,0,0
6,0,0
7,0,0
8,0,0
9,0,0
10,0,0
11,0,0
12,0,0
13,0,0
14,0,0
15,0,0
16,0,0
17,0,0
18,0,0
19,0,0
20,0,0
21,0,0
22,0,0
23,0,0
24,0,0
25,0,0
26,0,0
27,0,0
28,0,0
29,0,0
30,0,0
31,0,0
32,0,0
33,0,0
34,0,0
35,0,0
36,0,0
37,0,0
38,0,0
39,0,0
40,0,0
41,0,0
42,0,0
43,0,0
44,0,0
45,0,0
46,0,0
47,0,0
48,0,0
49,0,0
50,0,0
51,0,0
52,0,0
53,0,0
54,0,0
55,0,0
56,0,0
57,0,0
58,0,0
59,0,0
60,0,0
61,0,0
62,0,0
63,0,0
64,0,0
65,0,0
66,0,0
67,0,0
68,0,0
69,0,0
70,0,0
71,0,0
72,0,0
73,0,0
74,0,0
75,0,0
76,0,0
77,0,0
78,0,0
79,0,0
80,0,0
81,0,0
82,0,0
83,0,0
84,0,0
85,0,0
86,0,0
87,0,0
88,0,0
89,0,0
90,0,0
91,0,0
92,0,0
93,0,0
94,0,0
95,0,0
96,0,0
97,0,0
98,0,0
99,0,0
100,0,0
101,0,0
102,0,0
103,0,0
104,0,0
105,0,0
106,0,0
107,0,0
108,0,0
109,0,0
110,0,0
111,0,0
112,0,0
113,0,0
114,0,0
115,0,0
116,0,0
117,0,0
118,0,0
119,0,0
120,0,0
121,0,0
122,0,0
123,0,0
124,0,0
125,0,0
126,0,0
127,0,0
128,0,0
129,0,0
130,0,0
131,0,0
132,0,0
133,0,0
134,0,0
135,0,0
136,0,0
137,0,0
138,0,0
139,0,0
140,0,0
141,0,0
142,0,0
143,0,0
144,0,0
145,0,0
146,0,0
147,0,0
148,0,0
149,0,0
150,0,0
151,0,0
152,0,0
153,0,0
154,0,0
155,0,0
156,0,0
157,0,0
158,0,0
159,0,0
160,0,0
161,0,0
162,0,0
163,0,0
164,0,0
165,0,0
166,0,0
167,0,0
168,0,0
169,0,0
170,0,0
171,0,0
172,0,0
173,0,0
174,0,0
175,0,0
176,0,0
177,0,0
178,0,0
179,0,0
180,0,0
181,0,0
182,0,0
183,0,0
184,0,0
185,0,0
186,0,0
187,0,0
188,0,0
189,0,0
190,0,0
191,0,0
192,0,0
193,0,0
194,0,0
195,0,0
196,0,0
197,0,0
198,0,0
199,0,0
200,0,0
201,0,0
202,0,0
203,0,0
204,0,0
205,0,6473636.4781567501
206,0,5511512.2044943692
207,0,14915187.407739207
208,0,32449436.655499458
209,0.0010334313352099779,40860217.071816213
210,0.002519767669507701,35132227.541034415
211,0.004201142200765012,28441099.836736582
212,0.0059331232657371729,23663069.328479715
213,0.0076017146131681619,21118832.573894188
214,0.0091347305781027226,20408163.40091303
215,0.01047549291676538,20822148.004634794
216,0.011582779795867523,22000517.093996909
217,0.012418967361556104,23995033.875897475
218,0.012953535406555991,26881990.598279245
219,0.013188939363912095,30982875.591749776
220,0.013309323213445284,33876187.372205362
221,0.013259626746212559,36287679.229221098
222,0.012883619476918603,38715006.314253941
223,0.012185124879689627,40659597.954957299
224,0.011203704056128963,42101101.303107969
225,0.0099595302608001517,43449608.872415736
226,0.0084778453308315908,45076640.154750317
227,0.0068044545486965965,47287776.35894116
228,0.0050053117209905105,50124988.758125439
229,0.0032091617213958422,53324840.462850474
230,0.0015878811736546919,55310572.109649986
231,0.0003289608952926704,47917032.154354215
232,0,25419254.893184748
233,0,9175412.0267454796
234,0,5784991.1313685393
235,0,0
236,0,0
237,0,0
238,0,0
239,0,0
240,0,0
241,0,0
242,0,0
243,0,0
244,0,0
245,0,5547792.2382692005
246,0,18541770.919779841
247,0,36566259.145416774
248,0.00061959909688003663,47451786.70634044
249,0.0019729337851475365,47713004.571026862
250,0.003577631856528631,42656606.794692755
251,0.005352018537343379,36101818.721358761
252,0.0072108433221305538,30412651.153176337
253,0.0090837822511566583,26127389.717064653
254,0.010888243598597865,23368189.227560926
255,0.012534609221276544,22289014.281860802
256,0.013933296740710603,22734644.907039117
257,0.015009252217601965,24620654.145134922
258,0.015709827610488097,27718743.019623157
259,0.016008228996802779,31751934.258794766
260,0.016016330613797879,36564199.499446236
261,0.015851950719397236,41540526.867366396
262,0.015359514016965876,46908729.67261035
263,0.014516054794782714,52025769.661476761
264,0.01334027454220715,55880308.717943281
265,0.011880129128266076,58367067.779190734
266,0.010195065205433614,60030124.467359118
267,0.0083567188538196165,61353592.794424027
268,0.0064570015580794849,62639633.24403657
269,0.0045690289951582207,64043826.290446676
270,0.0027992969782945709,64388166.661124676
271,0.0012532746318694016,62464014.914959945
272,0.00026225311868380042,53312459.113544084
273,0,29736468.623838186
274,0,9283712.5743232369
275,0,0
276,0,0
277,0,0
278,0,0
279,0,0
280,0,0
281,0,0
282,0,0
283,0,0
284,0,0
285,0,14418387.391725605
286,0,36215163.73666551
287,0.00057667987212681074,53387444.414347716
288,0.0011583812326045123,54794434.26813522
289,0.0018691027186609188,53070220.187575586
290,0.0024270477506788068,50531217.942453176
291,0.0028439050637803129,48790539.110052161
292,0.0031715486785387484,49128341.844019555
293,0.0034152650231504926,50860809.2181575
294,0.0035777612143086095,52032139.348335475
295,0.0036809896605424063,50845330.397753723
296,0.0037406180946457012,48056132.920668349
297,0.0037614732197171655,43931585.668717869
298,0.0037689139131615642,38546070.488959111
299,0.0038390606245240714,31995730.461386632
300,0.0038390606245240432,25119337.794591747
301,0.0037689139131615477,20954464.014760103
302,0.0037614732197171724,22434471.940565441
303,0.0037669255951958227,29453825.670192961
304,0.0037777726190976833,39540024.926643528
305,0.0037911189741299156,49406205.189010642
306,0.0038198387309191749,56896089.97508055
307,0.0038221814605234497,61674193.147905238
308,0.003707734936607936,64685083.76956933
309,0.0034072196970912701,66544797.834226578
310,0.0028537402283743498,67456118.607427478
311,0.0021437064444409354,67284525.737227261
312,0.001344529098859792,66578786.714578636
313,0.00030226004556833426,53835632.274636738
314,0,25448511.661875635
315,0,0
316,0,0
317,0,0
318,0,0
319,0,0
320,0,0
321,0,0
322,0,0
323,0,0
324,0,0
325,0,31250973.373658035
326,0.0006195990968800478,46170045.023422651
327,0.0011583812326044719,53936398.485665917
328,0.0015507219437097114,54714424.263486437
329,0.0019132929852146449,55035454.176036492
330,0.0021874516251416962,55749807.303055905
331,0.0023640810955354932,57057299.973544404
332,0.0024607713058357765,59227880.138117105
333,0.0024920822049812,61422017.593702905
334,0.0024830703757730984,62666839.670847356
335,0.0024167521639595975,62511827.894276917
336,0.0023110032197199357,60590449.457145147
337,0.002220602757930519,57281923.446506791
338,0.0022745979506470231,53180073.589452773
339,0.002337422772637399,49044384.605759747
340,0.0023374227726373469,45533435.33707688
341,0.0022745979506470291,43660679.576379128
342,0.0023703704507363342,45179796.055805691
343,0.0026736412006987194,51013428.778430365
344,0.0029635996933214679,58254598.737675577
345,0.0032187249177237694,64120157.809379488
346,0.0033966144422627673,67875982.353914753
347,0.0034803468087464921,69509707.634228528
348,0.0034879475107389047,69842218.441551998
349,0.0033835195175174661,69531063.613769054
350,0.0031170283045341991,68846813.548439994
351,0.0027634014699997413,68100207.215877742
352,0.0022561387787019055,66591022.467135705
353,0.0014164599654968892,61845819.754185796
354,0.00048850587588935093,47718584.843583621
355,0,0
356,0,0
357,0,0
358,0,0
359,0,0
360,0,0
361,0,0
362,0,0
363,0,0
364,0,0
365,0.0010334313352100141,38489371.602279834
366,0.0019729337851475022,44988183.192526639
367,0.0018691027186608727,50751396.386645503
368,0.001913292985214667,53528772.699820295
369,0.0020023589644090145,55694510.116213225
370,0.0021470103100160085,58533411.999563679
371,0.002319900829072484,60893541.911841586
372,0.0025183991793485895,62482028.190533698
373,0.0027327809750405086,63173601.405572519
374,0.0029447697706032785,63288111.520203426
375,0.0031360879300497404,63189580.333096102
376,0.0032999552735160716,63203678.818584785
377,0.0034359917121408404,63814107.787587322
378,0.003535302808147896,65408179.842955589
379,0.0035773161342710635,67425718.499716252
380,0.0035773161342709868,68850568.350944132
381,0.0036295206055897544,68810697.640161812
382,0.0036477279041145579,69573279.293206334
383,0.0036495298695553599,71394110.054980606
384,0.003648266578845654,73814299.161920503
385,0.0036147460386138472,76579738.958580777
386,0.0036214217179414017,77492219.619610503
387,0.0036106385011882166,76496314.898439303
388,0.0035647801965295882,74461917.229020506
389,0.0034862367662593305,72147280.884571135
390,0.0033782948957424047,69775921.70896855
391,0.0032977475236782741,67677595.730835766
392,0.0031306174092495978,65540590.533753954
393,0.0032025983793561763,61070545.809843332
394,0.0019748594420564247,51481158.083668515
395,0,0
396,0,0
397,0,0
398,0,0
399,0,0
400,0,0
401,0,0
402,0,0
403,0,0
404,0,0
405,0.0025197676695077336,31100395.864209272
406,0.0035776318565286201,37805980.812468156
407,0.002427047750678753,45919208.707124323
408,0.002187451625141756,51762912.994660445
409,0.0021470103100160024,55890923.275904112
410,0.0021842114208180173,60608955.62761905
411,0.0023441603191857083,63149985.815011762
412,0.0026222747567345981,63404647.977934435
413,0.0030413042379786419,62281255.897890553
414,0.0035949878711790547,61345557.266114287
415,0.0042026016388190665,61563286.60253232
416,0.0047999405792476376,63748545.393717267
417,0.005340378729015033,68282641.618711621
418,0.0057404008385700932,74934659.444277853
419,0.005919727038951386,82226374.191725612
420,0.0061290488941440017,85570636.671508074
421,0.0062077208480072459,87898466.3020446
422,0.0061017505262188493,87581139.999416426
423,0.0058507494157519846,86783879.4117724
424,0.0054683984623274647,86760111.828763798
425,0.005010191914059341,87121476.966340572
426,0.0045469393922380865,86763111.689533651
427,0.0042272261634152359,83570402.181055307
428,0.0040033177655798471,79450954.554090351
429,0.0038505426309188525,75496692.616994485
430,0.0037981511645257008,71670740.229935244
431,0.0038384253957043759,67982505.306988508
432,0.0039435945689437063,64246758.043859571
433,0.0053544180834802137,58001761.154308736
434,0.0039498480170265301,46340456.201568417
435,0,0
436,0,0
437,0,0
438,0,0
439,0,0
440,0,0
441,0,0
442,0,0
443,0,0
444,0,0
445,0.0042011422007650527,22881095.035692673
446,0.0053520185373433418,28360434.5805001
447,0.0028439050637802344,41161715.685686633
448,0.0023640810955355691,49604819.419864967
449,0.002319900829072419,54534072.353512242
450,0.00234416031918574,59446006.729651324
451,0.0026187450475661823,60616454.398962311
452,0.0031618821624213719,58691667.150817744
453,0.0039114840308975612,55694971.700549647
454,0.0048658004620914779,53859665.355272539
455,0.0059359738952519513,54909776.402757406
456,0.0070788493283215695,59579003.6498743
457,0.0080532808654967657,67934870.990142494
458,0.0087652883478958644,79519777.056988358
459,0.00923500399779747,91405357.17672807
460,0.0095527996276209438,96876575.474544048
461,0.009645916583677628,99166273.642962053
462,0.0094546883200628106,97519509.869318679
463,0.0089158028236570493,96368136.562743306
464,0.0081094199092305464,95493361.955100164
465,0.0072143827248390717,94714652.8784917
466,0.0062809488716545269,93163779.290271267
467,0.0054941907966321755,88282900.495948166
468,0.0049155764708916994,82928814.068731517
469,0.0045154744290069986,78449382.800343826
470,0.0043235562018669816,73980158.335487172
471,0.0043431924193210077,69204555.610197827
472,0.0046083403596591088,63986199.580255523
473,0.0077977028642263512,53857920.898547605
474,0.0062623332516751782,39443415.128897764
475,0,0
476,0,0
477,0,0
478,0,0
479,0,0
480,0,0
481,0,0
482,0,0
483,0,0
484,0,0
485,0.0059331232657372172,18455910.594135806
486,0.0072108433221304844,18998478.518544175
487,0.0031715486785386382,38571679.120369822
488,0.0024607713058358302,47736174.876899213
489,0.0025183991793485514,51797749.679184362
490,0.0026222747567345309,55558044.120559141
491,0.0031618821624212474,54907309.667921059
492,0.0040387424735200241,51667503.720489584
493,0.005212828707084052,47683097.886614464
494,0.0067726830038213701,46011521.807874911
495,0.0085796816011568487,48320357.943416461
496,0.010397990865714423,55205344.630690746
497,0.012028331998074343,67251550.496328428
498,0.013265153165914909,83121750.927475452
499,0.014133591821809509,96813445.329459041
500,0.014674987810468018,104477905.88011211
501,0.014846206323998291,104343623.4633694
502,0.014474340680516262,102964562.37026195
503,0.013605211661326878,102441469.39512748
504,0.012246617383782608,101881362.23828101
505,0.010570125051611323,100761595.18336844
506,0.0088802635261084235,97900159.930439293
507,0.0074361712778940716,91483503.686127543
508,0.0062722337173259255,85304631.036297724
509,0.0054170392224726673,80939231.608792752
510,0.0049784402068930233,76405379.436343059
511,0.0048360678402610711,71176599.628374219
512,0.0051674330833620819,64931676.293625437
513,0.010440527548360232,49754166.913486801
514,0.008743311760150101,33290695.804833837
515,0,0
516,0,0
517,0,0
518,0,0
519,0,0
520,0,0
521,0,0
522,0,0
523,0,0
524,0,0
525,0.0076017146131682018,19895533.845436439
526,0.0090837822511566305,10455609.180495637
527,0.0034152650231503824,38297351.471543588
528,0.0024920822049812226,45800275.099865206
529,0.0027327809750404696,48093422.31619291
530,0.0030413042379786245,50540688.285718597
531,0.0039114840308977182,49072816.224017099
532,0.0052128287070844275,46017895.818598405
533,0.0069075283353205487,43207592.435335055
534,0.0091947429439726402,43458991.967486218
535,0.011804458464340009,47966721.428686917
536,0.014683824692536989,55728148.456877179
537,0.017180430637582539,68181363.732257903
538,0.019024286922955099,87662767.456633732
539,0.020535143485864785,100718970.06718481
540,0.021308837427798918,108382726.69099465
541,0.02162036246248128,110022101.02821444
542,0.021282802440809611,110307366.1390001
543,0.019973368227736633,110444578.36750224
544,0.017819925127910523,109708103.8879586
545,0.015296379448527414,107942801.49487339
546,0.012524065242991753,103363621.99782611
547,0.010118696075755686,95594554.938594386
548,0.0081161540114493801,89069317.608269513
549,0.006627058222948571,84498155.072645485
550,0.0057153092769896743,79487443.944073454
551,0.0052992324502760318,73574545.986493856
552,0.0056185110379892511,66146334.706192195
553,0.013200997397643615,45975878.059090741
554,0.01125233321745203,29316618.1081728
555,0,0
556,0,0
557,0,0
558,0,0
559,0,0
560,0,0
561,0,0
562,0,0
563,0,0
564,0,0
565,0.0091347305781028058,25059522.676214788
566,0.010888243598597754,5018658.435057478
567,0.0035777612143085033,38616528.682630189
568,0.0024830703757730962,43207369.300818026
569,0.0029447697706031844,44244437.779703245
570,0.0035949878711789315,46815205.336116284
571,0.004865800462091229,46739668.57623224
572,0.00677268300382175,46330314.744089596
573,0.0091947429439730392,47233843.648107417
574,0.012339206537777207,51344788.948963314
575,0.016116047424225136,58268709.712163582
576,0.020235389959116726,64283633.603149049
577,0.023924419767489741,74782205.3825863
578,0.027501933615991892,90565375.967618376
579,0.030096525298156866,104820566.63529658
580,0.031401621823572395,110165794.57108682
581,0.031853683609762123,113088108.70268469
582,0.031192866821115346,116530566.83572988
583,0.029549762725581109,118875859.15779422
584,0.026395569632904934,119929331.94177997
585,0.022188149856710925,117153815.8082286
586,0.017765588068759108,110723919.27060747
587,0.013764855851174311,103253450.43835205
588,0.010485620984454306,96783002.986536488
589,0.0080997472072697647,91411758.210157752
590,0.0064629986105378028,84488820.331166789
591,0.005671553738349093,76549549.842023581
592,0.0059294940998267801,66829555.49038139
593,0.015955917063983482,42506064.736100197
594,0.013684611536828149,28101239.130148083
595,0,0
596,0,0
597,0,0
598,0,0
599,0,0
600,0,0
601,0,0
602,0,0
603,0,0
604,0,0
605,0.010475492916765444,30966942.835965384
606,0.012534609221276458,8532668.3429005481
607,0.0036809896605423113,38083325.095918082
608,0.0024167521639595936,39622862.854935192
609,0.003136087930049573,40982781.221097559
610,0.0042026016388190639,45674004.82098946
611,0.0059359738952526183,49034960.300638936
612,0.0085796816011572147,52802875.404603839
613,0.011804458464339732,58352956.457258821
614,0.01611604742422609,66716841.479546197
615,0.021108616250631974,75897831.951163128
616,0.026767123377514215,82517908.660881042
617,0.033564577359298804,87606256.908385277
618,0.039897471530165936,97379366.939986795
619,0.044132421021293868,105458158.29518779
620,0.046915950833040135,111338725.12593341
621,0.047848716047969003,123049092.39191024
622,0.046520655285617642,130423784.04253303
623,0.043310280817143831,130741238.37652333
624,0.038777793039177624,129661957.46623264
625,0.03230404850842699,128347739.66020533
626,0.024904243875193882,123362290.06546339
627,0.018567411513389222,116752265.03908175
628,0.01343057900205253,109351612.74213934
629,0.0097891952569587465,101859114.17288853
630,0.0071347385593547759,92170431.506888762
631,0.0059006385706553864,80272350.345997706
632,0.0060691232164651289,66670821.873192422
633,0.018549268247233196,39119579.60510505
634,0.015924528517104769,28889830.591923337
635,0,0
636,0,0
637,0,0
638,0,0
639,0,0
640,0,0
641,0,0
642,0,0
643,0,0
644,0,0
645,0.011582779795867582,36215619.990759395
646,0.013933296740710571,14344129.990296066
647,0.0037406180946455967,36499058.170753546
648,0.0023110032197199409,35029502.669818595
649,0.0032999552735158946,38975295.75905706
650,0.0047999405792476611,47225020.060706884
651,0.0070788493283214177,54580901.786396548
652,0.010397990865714943,62467214.458125249
653,0.0146838246925368,72259791.478524953
654,0.020235389959116987,84911853.013829902
655,0.026767123377515835,98187213.644568846
656,0.036532442348614011,106795850.01034953
657,0.047408251551174035,110659066.51299155
658,0.061060762196912928,115598747.0831386
659,0.073485645636919492,123895189.11592758
660,0.079458240145437939,124838449.01823874
661,0.077899382589926236,132596903.92918067
662,0.072980541026212625,153723594.85042152
663,0.068081575464353325,150943656.15946674
664,0.05904757619645469,145152255.45424369
665,0.047232591797677019,144055266.76081431
666,0.03454571898917657,141322495.99000156
667,0.024753595375160052,130056276.74453259
668,0.017148599388708215,120578158.40791544
669,0.011789979542764267,111824371.38604102
670,0.0078063448314977949,100844427.10952421
671,0.0059858805746383871,84802701.708722487
672,0.0060947445485333178,65456698.875384964
673,0.020813467099056758,35804077.823163226
674,0.017861895338303502,30481205.119950365
675,0,0
676,0,0
677,0,0
678,0,0
679,0,0
680,0,0
681,0,0
682,0,0
683,0,0
684,0,0
685,0.012418967361556139,40290419.663439125
686,0.015009252217601901,19214301.857584238
687,0.0037614732197170241,34166484.962494865
688,0.0022229619258043636,29747656.098425101
689,0.0034359917121407342,38265662.355056949
690,0.0053403787290155066,50391440.896815553
691,0.0080532808654968542,60851894.321656309
692,0.012028331998074895,72324026.081195801
693,0.017180430637581873,85635456.587586626
694,0.023924419767488707,102698692.98984471
695,0.033528142028943976,121052911.71491627
696,0.047347527091155292,134576411.58034316
697,0.066171930697368264,145039144.72719151
698,0.1027746426316944,157437535.08058918
699,0.15075583027044734,171321640.80257216
700,0.1624367123669461,170620661.1965178
701,0.14860001025589623,156584235.17342499
702,0.13137805638727493,163648200.83612272
703,0.12375606148962057,101166392.10471869
704,0.10451208957154295,128211069.99841072
705,0.069030092422593156,168414760.50059554
706,0.047206753531231126,155059927.43952477
707,0.031872148506363586,139054943.96222946
708,0.02124981256169808,125974013.18923104
709,0.01374555455926829,115789729.37732683
710,0.0084451339802459318,107825008.89176257
711,0.0059624435234727014,88715427.258276939
712,0.0059907003288259524,62950308.988096997
713,0.022592943986210326,32742689.796053104
714,0.019386894164109103,32115533.583967917
715,0,0
716,0,0
717,0,0
718,0,0
719,0,0
720,0,0
721,0,0
722,0,0
723,0,0
724,0,0
725,0.012953535406556048,43024920.03140156
726,0.015709827610487993,22411937.254119374
727,0.0037689139131615052,31772868.157358937
728,0.002275714122508331,24616302.812313728
729,0.0035353028081477,38463922.529784672
730,0.0057404008385694028,53566067.711565122
731,0.0087652883478959026,66072338.742346831
732,0.013265153165914543,80128546.371081322
733,0.018955067636650447,95834594.758348912
734,0.027121542699941336,116468084.87832949
735,0.03921585813734578,137738858.29164395
736,0.060019123087032743,157368678.51589775
737,0.10153767350452021,182434273.4878822
738,0.19463329670663906,209248793.28128463
739,0.28450270217459472,228562199.43210191
740,0.30208159184337796,232332595.11676401
741,0.27614138357623219,224173509.8937678
742,0.2610284309517113,219073533.48899966
743,0.2428197447936703,156986844.12489006
744,0.21177784102831895,159652903.90477499
745,0.12454179020870065,174985113.0431183
746,0.063068065874919699,166902779.14550442
747,0.03974888140219536,147080436.379071
748,0.024557268102953871,130426624.91783313
749,0.015384170723275718,118279502.12630129
750,0.0090748598493198829,109681423.69359584
751,0.0059428184861268826,91315591.782475248
752,0.0057871817380690214,59681470.769623116
753,0.023770190246967523,30314750.784385618
754,0.020395024765006157,33287584.772511613
755,0,0
756,0,0
757,0,0
758,0,0
759,0,0
760,0,0
761,0,0
762,0,0
763,0,0
764,0,0
765,0.0131746314419325,44399903.48765368
766,0.016008228996802681,24041428.410252839
767,0.0038390606245239994,30291178.278371274
768,0.0023384658779198085,21186348.691813238
769,0.0035773161342710067,38816826.546109155
770,0.0059145141867359844,55478020.351251833
771,0.0091255801493767986,69064035.35518457
772,0.01379805211339988,84266798.176358268
773,0.019845893835304867,101461399.60764624
774,0.028782498603683777,123277682.94579296
775,0.041996145817195164,144524740.07461947
776,0.069415635239594251,169637364.63270035
777,0.14325279879253786,208265768.77368397
778,0.27305649996384851,236882932.64335856
779,0.33546563460887535,256463085.76363567
780,0.35811100283358438,256084929.13723248
781,0.36156459851182216,266687860.20703936
782,0.3421178096963019,266754137.86848447
783,0.31890934111807184,253917647.68230549
784,0.28544026262290367,156038449.98361999
785,0.18117712133820005,207398642.52417758
786,0.081956779301549376,174760331.10918847
787,0.045709310602537301,152500288.94777489
788,0.026406443703967841,132608940.84109297
789,0.01641473625569272,120032123.08832209
790,0.0093846525799767353,110141006.67169355
791,0.0058995594920778736,92861484.954959661
792,0.005588513861222698,57187390.163609423
793,0.024272857858114529,28876087.008140005
794,0.020822139747562033,33911227.784749471
795,0,0
796,0,0
797,0,0
798,0,0
799,0,0
800,0,0
801,0,0
802,0,0
803,0,0
804,0,0
805,0.013174631441932518,44399903.48765412
806,0.016008228996802851,24041428.41025231
807,0.0038390606245239712,30291178.278373361
808,0.0023384658779197929,21186348.691811603
809,0.003577316134271041,38816826.546110705
810,0.005914514186736065,55478020.351256788
811,0.0091255801493766997,69064035.355191767
812,0.013798052113399548,84266798.176349044
813,0.019845893835304419,101461399.60764889
814,0.028782498603683915,123277682.94579907
815,0.04199614581719633,144524740.07462195
816,0.069415635239594972,169637364.63270739
817,0.14325279879253724,208265768.77369991
818,0.27305649996384501,236882932.64343107
819,0.33546563460887563,256463085.76372081
820,0.35811100283358438,256084929.13731533
821,0.36156459851182132,266687860.20707116
822,0.34211780969630184,266754137.86853668
823,0.3189093411180714,253917647.68229529
824,0.28544026262290567,156038449.98364094
825,0.18117712133819977,207398642.52418607
826,0.081956779301549001,174760331.10918701
827,0.045709310602536433,152500288.94777492
828,0.026406443703968233,132608940.84109336
829,0.016414736255692914,120032123.08832169
830,0.0093846525799765306,110141006.67169504
831,0.0058995594920778684,92861484.9549606
832,0.0055885138612227032,57187390.163610883
833,0.024272857858114453,28876087.008137435
834,0.020822139747562037,33911227.784749895
835,0,0
836,0,0
837,0,0
838,0,0
839,0,0
840,0,0
841,0,0
842,0,0
843,0,0
844,0,0
845,0.012953535406556057,43024920.031402104
846,0.015709827610488135,22411937.254118834
847,0.0037689139131614623,31772868.157357872
848,0.0022757141225083371,24616302.812312849
849,0.0035353028081476982,38463922.529787332
850,0.0057404008385699189,53566067.711563289
851,0.0087652883478959338,66072338.742350087
852,0.013265153165914987,80128546.371100679
853,0.018955067636649992,95834594.758337259
854,0.027121542699938328,116468084.878317
855,0.039215858137347008,137738858.29164395
856,0.060019123087033714,157368678.51590249
857,0.1015376735045183,182434273.48793611
858,0.19463329670663648,209248793.28123376
859,0.28450270217459833,228562199.43202999
860,0.30208159184337785,232332595.11673141
861,0.27614138357623214,224173509.89376891
862,0.26102843095171124,219073533.48898554
863,0.24281974479367033,156986844.12488672
864,0.21177784102831951,159652903.90482819
865,0.12454179020870174,174985113.04312721
866,0.063068065874919879,166902779.14550826
867,0.03974888140219509,147080436.37906906
868,0.024557268102953032,130426624.91783163
869,0.015384170723275617,118279502.12630023
870,0.0090748598493196417,109681423.69359428
871,0.005942818486126788,91315591.782473862
872,0.0057871817380690882,59681470.769621991
873,0.023770190246967457,30314750.784383956
874,0.020395024765006084,33287584.772511538
875,0,0
876,0,0
877,0,0
878,0,0
879,0,0
880,0,0
881,0,0
882,0,0
883,0,0
884,0,0
885,0.012418967361556161,40290419.663439564
886,0.015009252217602064,19214301.85758372
887,0.003761473219717008,34166484.962492593
888,0.0022229619258046767,29747656.0984229
889,0.0034359917121407485,38265662.355057895
890,0.0053403787290153435,50391440.896817543
891,0.008053280865496764,60851894.321661197
892,0.012028331998075023,72324026.081207454
893,0.017180430637582535,85635456.587589517
894,0.023924419767490306,102698692.98984626
895,0.033528142028944746,121052911.71493094
896,0.047347527091155937,134576411.58032089
897,0.066171930697369083,145039144.72715729
898,0.10277464263169452,157437535.08055329
899,0.1507558302704497,171321640.80255023
900,0.16243671236694682,170620661.1964756
901,0.14860001025589661,156584235.17338547
902,0.1313780563872754,163648200.83611137
903,0.12375606148962087,101166392.10474409
904,0.10451208957154177,128211069.99844298
905,0.069030092422591546,168414760.50060597
906,0.047206753531231563,155059927.43952277
907,0.031872148506362531,139054943.96222699
908,0.02124981256169841,125974013.1892314
909,0.01374555455926817,115789729.37732637
910,0.008445133980245741,107825008.89175868
911,0.005962443523472586,88715427.258277148
912,0.0059907003288260175,62950308.988097578
913,0.022592943986210312,32742689.796052314
914,0.01938689416410911,32115533.583967887
915,0,0
916,0,0
917,0,0
918,0,0
919,0,0
920,0,0
921,0,0
922,0,0
923,0,0
924,0,0
925,0.011582779795867621,36215619.99075947
926,0.013933296740710678,14344129.990296185
927,0.003740618094645546,36499058.170749702
928,0.0023110032197199352,35029502.669816449
929,0.0032999552735161058,38975295.759057678
930,0.0047999405792476611,47225020.060704373
931,0.0070788493283217889,54580901.786401726
932,0.010397990865714286,62467214.458120987
933,0.014683824692537031,72259791.47852096
934,0.020235389959117028,84911853.01382786
935,0.026767123377515026,98187213.644537345
936,0.036532442348613886,106795850.01030542
937,0.047408251551174049,110659066.51298523
938,0.061060762196913261,115598747.08315036
939,0.073485645636918479,123895189.11594599
940,0.079458240145437384,124838449.01824507
941,0.077899382589925473,132596903.92917778
942,0.072980541026212764,153723594.85041413
943,0.068081575464351993,150943656.15944901
944,0.059047576196454593,145152255.45425054
945,0.04723259179767627,144055266.76080164
946,0.034545718989176522,141322495.98999429
947,0.024753595375159858,130056276.74453133
948,0.017148599388708323,120578158.40791951
949,0.011789979542764659,111824371.3860407
950,0.0078063448314980126,100844427.10952558
951,0.0059858805746383957,84802701.708722576
952,0.0060947445485333811,65456698.875384375
953,0.020813467099056734,35804077.823164426
954,0.017861895338303506,30481205.119950894
955,0,0
956,0,0
957,0,0
958,0,0
959,0,0
960,0,0
961,0,0
962,0,0
963,0,0
964,0,0
965,0.010475492916765474,30966942.835965723
966,0.012534609221276586,8532668.3429009356
967,0.0036809896605422688,38083325.095919907
968,0.002416752163959611,39622862.854933664
969,0.0031360879300495049,40982781.221098326
970,0.004202601638819207,45674004.820986398
971,0.0059359738952522306,49034960.300640218
972,0.0085796816011573761,52802875.404602468
973,0.011804458464340226,58352956.457261711
974,0.016116047424225254,66716841.47952763
975,0.021108616250632106,75897831.951153994
976,0.026767123377515117,82517908.660854533
977,0.033564577359297534,87606256.908384785
978,0.039897471530166304,97379366.939982593
979,0.044132421021293923,105458158.2951947
980,0.046915950833040537,111338725.1259304
981,0.047848716047969232,123049092.39191355
982,0.046520655285617066,130423784.04253313
983,0.043310280817143283,130741238.37652543
984,0.038777793039177673,129661957.46623169
985,0.03230404850842631,128347739.66019519
986,0.024904243875193723,123362290.06546502
987,0.018567411513389087,116752265.03908639
988,0.013430579002052767,109351612.74214087
989,0.0097891952569588731,101859114.17288458
990,0.0071347385593548383,92170431.506889716
991,0.0059006385706553187,80272350.345997661
992,0.0060691232164649823,66670821.873191714
993,0.018549268247233196,39119579.605104238
994,0.015924528517104703,28889830.591923151
995,0,0
996,0,0
997,0,0
998,0,0
999,0,0
1000,0,0
1001,0,0
1002,0,0
1003,0,0
1004,0,0
1005,0.0091347305781027972,25059522.676214844
1006,0.010888243598597875,5018658.4350572126
1007,0.0035777612143085111,38616528.682630315
1008,0.0024830703757731244,43207369.300819673
1009,0.0029447697706030422,44244437.779706143
1010,0.003594987871179082,46815205.336116947
1011,0.0048658004620913261,46739668.576232605
1012,0.0067726830038212756,46330314.744086549
1013,0.0091947429439725066,47233843.648115531
1014,0.012339206537777536,51344788.948961034
1015,0.016116047424225885,58268709.712157831
1016,0.020235389959116563,64283633.603144743
1017,0.023924419767489949,74782205.382566407
1018,0.027501933615990997,90565375.967624664
1019,0.030096525298157782,104820566.63529551
1020,0.031401621823571993,110165794.57108429
1021,0.031853683609761416,113088108.70268984
1022,0.031192866821115533,116530566.83573574
1023,0.029549762725580766,118875859.15779689
1024,0.026395569632905388,119929331.94178124
1025,0.022188149856710571,117153815.80822989
1026,0.017765588068758525,110723919.27060926
1027,0.013764855851174406,103253450.43836114
1028,0.01048562098445411,96783002.986536801
1029,0.0080997472072696104,91411758.210152149
1030,0.0064629986105378861,84488820.331161857
1031,0.0056715537383490444,76549549.842025012
1032,0.0059294940998266439,66829555.490382127
1033,0.015955917063983492,42506064.736099392
1034,0.013684611536828116,28101239.130147859
1035,0,0
1036,0,0
1037,0,0
1038,0,0
1039,0,0
1040,0,0
1041,0,0
1042,0,0
1043,0,0
1044,0,0
1045,0.0076017146131682157,19895533.845436431
1046,0.0090837822511567155,10455609.180495623
1047,0.0034152650231503829,38297351.471544288
1048,0.0024920822049812434,45800275.099865012
1049,0.0027327809750405242,48093422.316192895
1050,0.003041304237978595,50540688.285717249
1051,0.0039114840308976471,49072816.224014163
1052,0.0052128287070843894,46017895.81859605
1053,0.0069075283353202416,43207592.435335502
1054,0.0091947429439727009,43458991.967484437
1055,0.011804458464340115,47966721.428687103
1056,0.01468382469253606,55728148.456883602
1057,0.017180430637581755,68181363.732260883
1058,0.019024286922954964,87662767.456635877
1059,0.02053514348586527,100718970.06718272
1060,0.021308837427799068,108382726.69100161
1061,0.021620362462480777,110022101.0282127
1062,0.021282802440809639,110307366.13899912
1063,0.019973368227736942,110444578.36750051
1064,0.017819925127909659,109708103.8879617
1065,0.015296379448527615,107942801.49487555
1066,0.012524065242991387,103363621.99782458
1067,0.010118696075755404,95594554.938602418
1068,0.0081161540114492777,89069317.608271062
1069,0.0066270582229485692,84498155.072643161
1070,0.0057153092769897402,79487443.944074243
1071,0.0052992324502760405,73574545.986493811
1072,0.0056185110379891141,66146334.706192158
1073,0.013200997397643577,45975878.059089951
1074,0.011252333217452002,29316618.108172823
1075,0,0
1076,0,0
1077,0,0
1078,0,0
1079,0,0
1080,0,0
1081,0,0
1082,0,0
1083,0,0
1084,0,0
1085,0.0059331232657372215,18455910.594135582
1086,0.0072108433221305676,18998478.518544354
1087,0.0031715486785386586,38571679.120369479
1088,0.0024607713058358042,47736174.876898967
1089,0.0025183991793484759,51797749.679185271
1090,0.0026222747567343865,55558044.120557576
1091,0.0031618821624212236,54907309.667918436
1092,0.0040387424735199434,51667503.720492907
1093,0.0052128287070841196,47683097.88661404
1094,0.0067726830038211594,46011521.807875887
1095,0.0085796816011570465,48320357.943413235
1096,0.010397990865714203,55205344.630693384
1097,0.012028331998074787,67251550.496328726
1098,0.013265153165914402,83121750.927473724
1099,0.014133591821809515,96813445.32946074
1100,0.014674987810467366,104477905.8801157
1101,0.014846206323997566,104343623.46336897
1102,0.014474340680515748,102964562.37026271
1103,0.013605211661326628,102441469.39512813
1104,0.012246617383782174,101881362.23827904
1105,0.010570125051610814,100761595.18336625
1106,0.0088802635261078459,97900159.930439636
1107,0.0074361712778939111,91483503.686127931
1108,0.0062722337173258674,85304631.036297128
1109,0.0054170392224726378,80939231.608790725
1110,0.0049784402068930216,76405379.436341926
1111,0.004836067840261052,71176599.628375605
1112,0.0051674330833619388,64931676.293625273
1113,0.010440527548360234,49754166.913486093
1114,0.0087433117601500906,33290695.804834139
1115,0,0
1116,0,0
1117,0,0
1118,0,0
1119,0,0
1120,0,0
1121,0,0
1122,0,0
1123,0,0
1124,0,0
1125,0.0042011422007650614,22881095.035692316
1126,0.0053520185373434016,28360434.580499988
1127,0.0028439050637802531,41161715.685686179
1128,0.002364081095535563,49604819.419865541
1129,0.002319900829072389,54534072.353511058
1130,0.0023441603191856849,59446006.72965204
1131,0.002618745047566335,60616454.39895878
1132,0.0031618821624211937,58691667.150818273
1133,0.0039114840308978709,55694971.70054774
1134,0.0048658004620913504,53859665.355272137
1135,0.0059359738952525238,54909776.402756251
1136,0.0070788493283219173,59579003.649872378
1137,0.0080532808654967848,67934870.990142807
1138,0.0087652883478956719,79519777.056988642
1139,0.0092350039977977718,91405357.176729336
1140,0.0095527996276206888,96876575.474545583
1141,0.0096459165836772255,99166273.64296332
1142,0.0094546883200630049,97519509.86931774
1143,0.0089158028236570302,96368136.562743053
1144,0.0081094199092308309,95493361.955098048
1145,0.0072143827248389901,94714652.878492802
1146,0.0062809488716545044,93163779.290273339
1147,0.005494190796632035,88282900.495948523
1148,0.0049155764708917757,82928814.068733349
1149,0.004515474429006963,78449382.800342157
1150,0.0043235562018669373,73980158.335485876
1151,0.0043431924193209756,69204555.610197738
1152,0.0046083403596589518,63986199.580255143
1153,0.0077977028642263451,53857920.898547761
1154,0.0062623332516751678,39443415.128897905
1155,0,0
1156,0,0
1157,0,0
1158,0,0
1159,0,0
1160,0,0
1161,0,0
1162,0,0
1163,0,0
1164,0,0
1165,0.0025197676695077349,31100395.864209291
1166,0.0035776318565286622,37805980.81246835
1167,0.002427047750678769,45919208.707124323
1168,0.0021874516251417695,51762912.994660258
1169,0.0021470103100159886,55890923.275905319
1170,0.0021842114208180117,60608955.627617598
1171,0.0023441603191857261,63149985.815010861
1172,0.002622274756734599,63404647.977934361
1173,0.0030413042379786224,62281255.897892252
1174,0.0035949878711789706,61345557.266113333
1175,0.0042026016388190058,61563286.602532245
1176,0.0047999405792476168,63748545.393717676
1177,0.0053403787290149662,68282641.618708834
1178,0.0057404008385698721,74934659.444278419
1179,0.0059197270389512802,82226374.191725358
1180,0.0061290488941440078,85570636.671509743
1181,0.0062077208480071028,87898466.302043125
1182,0.0061017505262188146,87581139.999414936
1183,0.005850749415752139,86783879.411772817
1184,0.0054683984623275861,86760111.828762725
1185,0.0050101919140591797,87121476.966340095
1186,0.0045469393922382912,86763111.689534724
1187,0.0042272261634152325,83570402.181056991
1188,0.0040033177655799234,79450954.554092243
1189,0.0038505426309189041,75496692.616994321
1190,0.0037981511645257164,71670740.229935825
1191,0.0038384253957044097,67982505.306988165
1192,0.0039435945689435805,64246758.04385978
1193,0.0053544180834802346,58001761.154308572
1194,0.0039498480170265284,46340456.201568492
1195,0,0
1196,0,0
1197,0,0
1198,0,0
1199,0,0
1200,0,0
1201,0,0
1202,0,0
1203,0,0
1204,0,0
1205,0.0010334313352100054,38489371.602279924
1206,0.0019729337851475555,44988183.192526296
1207,0.001869102718660892,50751396.386645332
1208,0.0019132929852147022,53528772.699819878
1209,0.0020023589644090089,55694510.116212957
1210,0.0021470103100159998,58533411.999563403
1211,0.0023199008290724485,60893541.91184175
1212,0.0025183991793486173,62482028.19053404
1213,0.002732780975040594,63173601.405572563
1214,0.0029447697706034208,63288111.520201199
1215,0.003136087930049727,63189580.333095573
1216,0.0032999552735165283,63203678.818585359
1217,0.0034359917121410287,63814107.787590913
1218,0.0035353028081480603,65408179.842954747
1219,0.0035773161342714933,67425718.4997143
1220,0.0035773161342711399,68850568.350943714
1221,0.0036295206055897114,68810697.640162617
1222,0.003647727904114766,69573279.293207511
1223,0.0036495298695553165,71394110.054982781
1224,0.0036482665788455117,73814299.161918536
1225,0.0036147460386137444,76579738.958581433
1226,0.0036214217179413983,77492219.61960949
1227,0.0036106385011880843,76496314.898438394
1228,0.0035647801965295383,74461917.229019478
1229,0.0034862367662592845,72147280.884570882
1230,0.0033782948957423288,69775921.708969831
1231,0.0032977475236782528,67677595.730835944
1232,0.0031306174092494837,65540590.533754028
1233,0.0032025983793561785,61070545.809843473
1234,0.0019748594420564217,51481158.083668642
1235,0,0
1236,0,0
1237,0,0
1238,0,0
1239,0,0
1240,0,0
1241,0,0
1242,0,0
1243,0,0
1244,0,0
1245,0,31250973.373657942
1246,0.00061959909688005983,46170045.023422457
1247,0.0011583812326044904,53936398.48566623
1248,0.0015507219437097355,54714424.263486952
1249,0.0019132929852147143,55035454.176036954
1250,0.002187451625141812,55749807.30305694
1251,0.002364081095535616,57057299.973544925
1252,0.0024607713058358749,59227880.138117567
1253,0.0024920822049812746,61422017.593702458
1254,0.002483070375773173,62666839.670847893
1255,0.0024167521639596504,62511827.894277342
1256,0.0023110032197200306,60590449.457145423
1257,0.0022206027579308729,57281923.446509346
1258,0.0022745979506468769,53180073.589452289
1259,0.0023374227726371422,49044384.605759487
1260,0.0023374227726371496,45533435.337078385
1261,0.002274597950646857,43660679.576379307
1262,0.0023703704507364058,45179796.055806614
1263,0.0026736412006989232,51013428.778430276
1264,0.0029635996933216999,58254598.737675168
1265,0.0032187249177240552,64120157.809380211
1266,0.003396614442263047,67875982.353914723
1267,0.0034803468087467667,69509707.634227589
1268,0.003487947510739151,69842218.441552252
1269,0.0033835195175176318,69531063.613770247
1270,0.003117028304534281,68846813.548441172
1271,0.0027634014699996993,68100207.215878248
1272,0.0022561387787019189,66591022.467136174
1273,0.0014164599654969015,61845819.754186071
1274,0.00048850587588934876,47718584.843583696
1275,0,0
1276,0,0
1277,0,0
1278,0,0
1279,0,0
1280,0,0
1281,0,0
1282,0,0
1283,0,0
1284,0,0
1285,0,14418387.39172552
1286,0,36215163.736665279
1287,0.00057667987212677875,53387444.414347313
1288,0.0011583812326044509,54794434.268134251
1289,0.0018691027186608657,53070220.187574424
1290,0.0024270477506787382,50531217.942452602
1291,0.0028439050637802349,48790539.110051207
1292,0.0031715486785386365,49128341.844018325
1293,0.0034152650231503777,50860809.218156658
1294,0.0035777612143084764,52032139.348335095
1295,0.0036809896605422329,50845330.397753328
1296,0.003740618094645533,48056132.920668669
1297,0.0037614732197169855,43931585.66871886
1298,0.003768913913161399,38546070.48895964
1299,0.0038390606245239057,31995730.461388007
1300,0.0038390606245239699,25119337.794592626
1301,0.0037689139131614757,20954464.014759663
1302,0.0037614732197169976,22434471.940564215
1303,0.0037669255951956982,29453825.670191232
1304,0.0037777726190974972,39540024.926641531
1305,0.0037911189741296849,49406205.189009324
1306,0.0038198387309189776,56896089.975079492
1307,0.0038221814605232675,61674193.147904754
1308,0.0037077349366077894,64685083.769569188
1309,0.0034072196970911534,66544797.834226221
1310,0.0028537402283742509,67456118.607427567
1311,0.0021437064444408795,67284525.73722744
1312,0.0013445290988597983,66578786.71457874
1313,0.00030226004556833941,53835632.27463644
1314,0,25448511.661875531
1315,0,0
1316,0,0
1317,0,0
1318,0,0
1319,0,0
1320,0,0
1321,0,0
1322,0,0
1323,0,0
1324,0,0
1325,0,5547792.2382691549
1326,0,18541770.919779822
1327,0,36566259.145416938
1328,0.00061959909688004541,47451786.706340596
1329,0.0019729337851475152,47713004.571027026
1330,0.0035776318565286119,42656606.79469274
1331,0.0053520185373433183,36101818.721359178
1332,0.0072108433221304818,30412651.153176915
1333,0.0090837822511566114,26127389.717064843
1334,0.010888243598597738,23368189.227561358
1335,0.012534609221276459,22289014.281861126
1336,0.013933296740710505,22734644.907038301
1337,0.015009252217601847,24620654.145133298
1338,0.015709827610487979,27718743.01962325
1339,0.016008228996802609,31751934.258796651
1340,0.016016330613797699,36564199.499445729
1341,0.015851950719397042,41540526.867367372
1342,0.015359514016965722,46908729.672610894
1343,0.014516054794782565,52025769.661477543
1344,0.013340274542207008,55880308.71794381
1345,0.01188012912826595,58367067.779190183
1346,0.010195065205433512,60030124.467359014
1347,0.0083567188538195159,61353592.794424549
1348,0.0064570015580794294,62639633.244036883
1349,0.0045690289951581756,64043826.290447116
1350,0.0027992969782945488,64388166.661124989
1351,0.001253274631869401,62464014.914960265
1352,0.00026225311868382009,53312459.113544285
1353,0,29736468.623838287
1354,0,9283712.5743232351
1355,0,0
1356,0,0
1357,0,0
1358,0,0
1359,0,0
1360,0,0
1361,0,0
1362,0,0
1363,0,0
1364,0,0
1365,0,6473636.4781567398
1366,0,5511512.2044943925
1367,0,14915187.407739136
1368,0,32449436.655499727
1369,0.0010334313352100056,40860217.071816184
1370,0.0025197676695077266,35132227.541034266
1371,0.0042011422007650458,28441099.836736344
1372,0.0059331232657372033,23663069.328479595
1373,0.0076017146131681706,21118832.573893964
1374,0.0091347305781027625,20408163.400912322
1375,0.010475492916765413,20822148.004634101
1376,0.011582779795867594,22000517.093996834
1377,0.01241896736155614,23995033.875897288
1378,0.012953535406556011,26881990.598278806
1379,0.013188939363912112,30982875.591750178
1380,0.013309323213445329,33876187.372205302
1381,0.013259626746212613,36287679.229220539
1382,0.012883619476918618,38715006.314253747
1383,0.012185124879689637,40659597.954957172
1384,0.01120370405612902,42101101.30310788
1385,0.0099595302608001535,43449608.872415558
1386,0.0084778453308316203,45076640.154750094
1387,0.0068044545486966191,47287776.358940609
1388,0.0050053117209905374,50124988.758125484
1389,0.0032091617213958583,53324840.462850198
1390,0.0015878811736547138,55310572.109649882
1391,0.00032896089529267609,47917032.15435452
1392,0,25419254.893184941
1393,0,9175412.0267455112
1394,0,5784991.1313685328
1395,0,0
1396,0,0
1397,0,0
1398,0,0
1399,0,0
1400,0,0
1401,0,0
1402,0,0
1403,0,0
1404,0,0
1405,0,0
1406,0,0
1407,0,0
1408,0,0
1409,0,0
1410,0,0
1411,0,0
1412,0,0
1413,0,0
1414,0,0
1415,0,0
1416,0,0
1417,0,0
1418,0,0
1419,0,0
1420,0,0
1421,0,0
1422,0,0
1423,0,0
1424,0,0
1425,0,0
1426,0,0
1427,0,0
1428,0,0
1429,0,0
1430,0,0
1431,0,0
1432,0,0
1433,0,0
1434,0,0
1435,0,0
1436,0,0
1437,0,0
1438,0,0
1439,0,0
1440,0,0
1441,0,0
1442,0,0
1443,0,0
1444,0,0
1445,0,0
1446,0,0
1447,0,0
1448,0,0
1449,0,0
1450,0,0
1451,0,0
1452,0,0
1453,0,0
1454,0,0
1455,0,0
1456,0,0
1457,0,0
1458,0,0
1459,0,0
1460,0,0
1461,0,0
1462,0,0
1463,0,0
1464,0,0
1465,0,0
1466,0,0
1467,0,0
1468,0,0
1469,0,0
1470,0,0
1471,0,0
1472,0,0
1473,0,0
1474,0,0
1475,0,0
1476,0,0
1477,0,0
1478,0,0
1479,0,0
1480,0,0
1481,0,0
1482,0,0
1483,0,0
1484,0,0
1485,0,0
1486,0,0
1487,0,0
1488,0,0
1489,0,0
1490,0,0
1491,0,0
1492,0,0
1493,0,0
1494,0,0
1495,0,0
1496,0,0
1497,0,0
1498,0,0
1499,0,0
1500,0,0
1501,0,0
1502,0,0
1503,0,0
1504,0,0
1505,0,0
1506,0,0
1507,0,0
1508,0,0
1509,0,0
1510,0,0
1511,0,0
1512,0,0
1513,0,0
1514,0,0
1515,0,0
1516,0,0
1517,0,0
1518,0,0
1519,0,0
1520,0,0
1521,0,0
1522,0,0
1523,0,0
1524,0,0
1525,0,0
1526,0,0
1527,0,0
1528,0,0
1529,0,0
1530,0,0
1531,0,0
1532,0,0
1533,0,0
1534,0,0
1535,0,0
1536,0,0
1537,0,0
1538,0,0
1539,0,0
1540,0,0
1541,0,0
1542,0,0
1543,0,0
1544,0,0
1545,0,0
1546,0,0
1547,0,0
1548,0,0
1549,0,0
1550,0,0
1551,0,0
1552,0,0
1553,0,0
1554,0,0
1555,0,0
1556,0,0
1557,0,0
1558,0,0
1559,0,0
1560,0,0
1561,0,0
1562,0,0
1563,0,0
1564,0,0
1565,0,0
1566,0,0
1567,0,0
1568,0,0
1569,0,0
1570,0,0
1571,0,0
1572,0,0
1573,0,0
1574,0,0
1575,0,0
1576,0,0
1577,0,0
1578,0,0
1579,0,0
1580,0,0
1581,0,0
1582,0,0
1583,0,0
1584,0,0
1585,0,0
1586,0,0
1587,0,0
1588,0,0
1589,0,0
1590,0,0
1591,0,0
1592,0,0
1593,0,0
1594,0,0
1595,0,0
1596,0,0
1597,0,0
1598,0,0
1599,0,0
1600,0,0
1601,0,0
1602,0,0
1603,0,0
1604,0,0
1605,0,0
1606,0,0
1607,0,0
1608,0,0
1609,0,0
1610,0,0
1611,0,0
1612,0,0
1613,0,0
1614,0,0
1615,0,0
1616,0,0
1617,0,0
1618,0,0
1619,0,0
1620,0,0
1621,0,0
1622,0,0
1623,0,0
1624,0,0
1625,0,0
1626,0,0
1627,0,0
1628,0,0
1629,0,0
1630,0,0
1631,0,0
1632,0,0
1633,0,0
1634,0,0
1635,0,0
1636,0,0
1637,0,0
1638,0,0
1639,0,0
1640,0,0
1641,0,0
1642,0,0
1643,0,0
1644,0,0
1645,0,0
1646,0,0
1647,0,0
1648,0,0
1649,0,0
1650,0,0
1651,0,0
1652,0,0
1653,0,0
1654,0,0
1655,0,0
1656,0,0
1657,0,0
1658,0,0
1659,0,0
1660,0,0
1661,0,0
1662,0,0
1663,0,0
1664,0,0
1665,0,0
1666,0,0
1667,0,0
1668,0,0
1669,0,0
1670,0,0
1671,0,0
1672,0,0
1673,0,0
1674,0,0
1675,0,0
1676,0,0
1677,0,0
1678,0,0
1679,0,0
1680,0,0
1681,0,0
1682,0,0
1683,0,0
1684,0,0
1685,0,0
1686,0,0
1687,0,0
1688,0,0
1689,0,0
1690,0,0
1691,0,0
1692,0,0
1693,0,0
1694,0,0
1695,0,0
1696,0,0
1697,0,0
1698,0,0
1699,0,0
1700,0,0
1701,0,0
1702,0,0
1703,0,0
1704,0,0
1705,0,0
1706,0,0
1707,0,0
1708,0,0
1709,0,0
1710,0,0
1711,0,0
1712,0,0
1713,0,0
1714,0,0
1715,0,0
1716,0,0
1717,0,0
1718,0,0
1719,0,0
1720,0,0
1721,0,0
1722,0,0
1723,0,0
1724,0,0
1725,0,0
1726,0,0
1727,0,0
1728,0,0
1729,0,0
1730,0,0
1731,0,0
1732,0,0
1733,0,0
1734,0,0
1735,0,0
1736,0,0
1737,0,0
1738,0,0
1739,0,0
1740,0,0
1741,0,0
1742,0,0
1743,0,0
1744,0,0
1745,0,0
1746,0,0
1747,0,0
1748,0,0
1749,0,0
1750,0,0
1751,0,0
1752,0,0
1753,0,0
1754,0,0
1755,0,0
1756,0,0
1757,0,0
1758,0,0
1759,0,0
1760,0,0
1761,0,0
1762,0,0
1763,0,0
1764,0,0
1765,0,0
1766,0,0
1767,0,0
1768,0,0
1769,0,0
1770,0,0
1771,0,0
1772,0,0
1773,0,0
1774,0,0
1775,0,0
1776,0,0
1777,0,0
1778,0,0
1779,0,0
1780,0,0
1781,0,0
1782,0,0
1783,0,0
1784,0,0
1785,0,0
1786,0,0
1787,0,0
1788,0,0
1789,0,0
1790,0,0
1791,0,0
1792,0,0
1793,0,0
1794,0,0
1795,0,0
1796,0,0
1797,0,0
1798,0,0
1799,0,0
1800,0,0
1801,0,0
1802,0,0
1803,0,0
1804,0,0
1805,0,11459659.075198455
1806,0,18090591.617182966
1807,0,23223866.547363743
1808,0.00015988769585523202,34820897.09544
1809,0.00091468803381863082,41443281.757765964
1810,0.0018032864071139054,42457092.356797367
1811,0.0028309066857126245,44963386.53648185
1812,0.0040849176057748396,47482418.755141921
1813,0.0053836473886123351,49319258.202721514
1814,0.0066383183236565025,50355493.272644848
1815,0.0077773095334838114,50604418.454412125
1816,0.0087414793541643002,50238231.440632939
1817,0.0094852895137125179,49482677.627233982
1818,0.0099738503348263258,48503751.501773171
1819,0.010181401633682443,47316926.795363329
1820,0.010181401633682445,46098076.350325719
1821,0.0099738503348263518,44666941.099386834
1822,0.0094852895137125387,42830220.163863309
1823,0.0087414793541643193,41018525.726092085
1824,0.0077773095334838279,39700543.813922077
1825,0.0066383183236565033,38356023.110150553
1826,0.0053836473886123507,36475180.343141891
1827,0.0040849176057748491,34261450.639816873
1828,0.0028309066857126297,32263124.937730741
1829,0.0018032864071139067,31287884.234617941
1830,0.00091468803381863125,32775391.678306095
1831,0.0001598876958552388,28835498.07482354
1832,0,19914026.446849737
1833,0,17174483.173117992
1834,0,11557178.120245431
1835,0,0
1836,0,0
1837,0,0
1838,0,0
1839,0,0
1840,0,0
1841,0,0
1842,0,0
1843,0,0
1844,0,0
1845,0,18168677.905238986
1846,0,24099605.149217185
1847,0.00011540458116149262,38337045.306110583
1848,0.0011535900304057061,49891269.735909715
1849,0.0027548866568270197,51236848.651207849
1850,0.0046728395718052072,52191489.389456183
1851,0.0068466571152163234,52708228.51847259
1852,0.0091672305457321471,52558054.290902436
1853,0.011492287553383175,51663783.118201636
1854,0.013707372763021556,50180587.639465824
1855,0.015713980036676872,48305620.403953366
1856,0.017412991860648402,46306996.482301235
1857,0.018726736084364978,44449478.797607623
1858,0.019588085306650148,42940672.165773831
1859,0.019955635489616683,41774207.994826518
1860,0.019955635489616617,40807698.69012896
1861,0.019588085306650082,39977062.962103665
1862,0.018726736084364887,39329224.84625192
1863,0.017412991860648364,38802316.636197589
1864,0.01571398003667681,37991459.219234765
1865,0.013751464421354075,36554101.598450214
1866,0.011563746701383531,35615282.948892385
1867,0.0092190803000895358,35369981.219910502
1868,0.0068466571152162817,35553433.756426327
1869,0.0046728395718051664,35669818.265600696
1870,0.0027548866568269997,36435650.125658423
1871,0.0011535900304056907,37661586.023338877
1872,0.00011540458116150435,30972818.440792892
1873,0,21316666.931286648
1874,0,17250223.193900459
1875,0,0
1876,0,0
1877,0,0
1878,0,0
1879,0,0
1880,0,0
1881,0,0
1882,0,0
1883,0,0
1884,0,0
1885,0,23370622.156409305
1886,0.00011540458116147346,38542960.174042426
1887,0.00075674387236877015,52881438.268977925
1888,0.0014958885091025183,59617066.285564847
1889,0.002272281084787896,59393594.857392892
1890,0.0029320662991630616,57559953.065040804
1891,0.0035327671002586747,55546399.406081788
1892,0.0040898797800518879,52910734.243873641
1893,0.0046110673381783984,49575812.168457501
1894,0.0050925340679808424,45742553.593643747
1895,0.0055359623047480785,41789207.523870178
1896,0.0059270756252393095,38191889.184866749
1897,0.0062434030383914322,35195074.054200567
1898,0.0064637442962647571,33018807.862723619
1899,0.0065661972566952564,32016890.525291704
1900,0.0065661972566951046,32394474.012460444
1901,0.0064637442962646244,33819213.388413846
1902,0.0062434030383913472,35461890.788918652
1903,0.0059270756252392054,36873667.452522263
1904,0.0055359623047479952,38180261.393832356
1905,0.0050925340679806872,39477330.672569439
1906,0.0046110673381783134,40673588.399378709
1907,0.0040898797800518558,41578889.619560257
1908,0.0035327671002586308,42372856.905288883
1909,0.002932066299163036,42686686.847856343
1910,0.00227228108478788,43156443.693360418
1911,0.0014948646154437611,43347476.102067947
1912,0.00075623389616968754,40199348.254844777
1913,0.00011540458116149466,31515322.645427242
1914,0,19566179.228009485
1915,0,0
1916,0,0
1917,0,0
1918,0,0
1919,0,0
1920,0,0
1921,0,0
1922,0,0
1923,0,0
1924,0,0
1925,0.00015988769585522841,35105667.604320444
1926,0.0011535900304057043,50282069.984881841
1927,0.0014985091359667722,59792160.326039307
1928,0.0018935677636062217,62011975.231542401
1929,0.0022697229418249089,60787021.198605068
1930,0.0026239543528058349,57777428.37105535
1931,0.0029753998613449412,53460000.329276063
1932,0.0033111780773996537,47962627.608062699
1933,0.0036316366274622134,41605196.799320608
1934,0.0039314566987037475,35005726.399812125
1935,0.004220751589689477,28812863.920633532
1936,0.0044935411371445459,23729658.604022227
1937,0.004732571385643685,20476083.565909058
1938,0.0048960629688344932,19534018.511901099
1939,0.0049637793871886932,20816661.83330182
1940,0.0049637793871885562,23856590.2234171
1941,0.0048960629688344108,27917700.713077158
1942,0.0047325713856435784,32319369.197898097
1943,0.0044935411371445121,36564298.603394903
1944,0.0042624738642652394,39446682.996460311
1945,0.0040051593446430471,41531078.968615599
1946,0.0037011193110923365,43053198.4170729
1947,0.0033451697749351588,44161638.661722466
1948,0.0029753998613448939,44741874.882251725
1949,0.0026239543528057971,44777259.569649786
1950,0.0022697229418248755,44514131.252527386
1951,0.0018893911794423466,43354015.718954168
1952,0.0014948646154437589,42530097.715129815
1953,0.0011535900304056827,37108279.372037247
1954,0.00015988769585523449,27554335.551226053
1955,0,0
1956,0,0
1957,0,0
1958,0,0
1959,0,0
1960,0,0
1961,0,0
1962,0,0
1963,0,0
1964,0,0
1965,0.00091468803381860968,42068688.302479446
1966,0.0027548866568270465,51984078.52064728
1967,0.0022725075582141928,59940540.108438253
1968,0.0022725570860440713,61085669.160776533
1969,0.0023480306675115674,60382637.827271111
1970,0.0025938273191120748,57560804.356875211
1971,0.0029057236582310151,52470651.398795485
1972,0.0032503136912831812,45860378.195165254
1973,0.0036611455389251321,38530295.002485253
1974,0.0041210711274807443,31606837.565305084
1975,0.0046207290427943823,26109738.641670067
1976,0.0051052243011705314,23029936.583430462
1977,0.0055231216918431338,22185085.526827313
1978,0.005817747060119594,23332131.52776783
1979,0.0059379078225554162,25943321.284865577
1980,0.00593790782255545,30026922.48435929
1981,0.005817747060119477,34867816.237139493
1982,0.0055445063040577558,39922148.541435808
1983,0.0052668930503755665,42245979.462424167
1984,0.0048937702460912051,43461122.80666966
1985,0.0044358875366800219,44439002.96480833
1986,0.0039518016148247436,45486617.901119761
1987,0.003454700920059357,46756376.338223852
1988,0.0029845976884551868,48029276.577062145
1989,0.0025938273191120423,47516452.677616104
1990,0.002343406633883553,46477737.465736672
1991,0.0022697229418248204,43175691.562170371
1992,0.0022722810847878431,41686421.861304656
1993,0.0028067881350866009,34574024.522372
1994,0.0009146880338186319,30255019.235534824
1995,0,0
1996,0,0
1997,0,0
1998,0,0
1999,0,0
2000,0,0
2001,0,0
2002,0,0
2003,0,0
2004,0,0
2005,0.001803499159834911,43788468.598991707
2006,0.0046728395718052297,53565032.544634923
2007,0.0029320662991630733,58673712.708480865
2008,0.00262654619028003,58571094.173422009
2009,0.0025998338827189489,57863502.163749233
2010,0.0026190432921692911,55140689.838003039
2011,0.002844564568144377,49752738.426532656
2012,0.0031268758065742981,42491885.471412286
2013,0.0035576224128533378,34596626.030362837
2014,0.0040964338080573129,28027097.549000639
2015,0.0047459406220003719,24592168.423538756
2016,0.0054147789018012486,24457060.167059913
2017,0.0060080056658660614,26528753.137376152
2018,0.0064101126963535043,29535736.222523533
2019,0.0065725781429286966,33315800.674908753
2020,0.0065725781429283644,38582623.651358791
2021,0.0064285649694779227,44917453.988786213
2022,0.0062706496542508823,47416447.52581957
2023,0.0059051945909412481,49095693.312129855
2024,0.0053731792608699008,49763911.206229493
2025,0.0047566988858150066,49615929.85474845
2026,0.0041385613219120368,49110312.736548163
2027,0.0035399202033527264,49240208.046399601
2028,0.0030168633973182367,50345650.610563301
2029,0.0026163157256795621,49960474.442240275
2030,0.0025938273191120041,47951776.021057874
2031,0.0026239543528057004,43371593.790142417
2032,0.0029320662991629818,41405535.086460941
2033,0.0050818055976555518,32595753.184121143
2034,0.0018848630112783518,27456287.116714604
2035,0,0
2036,0,0
2037,0,0
2038,0,0
2039,0,0
2040,0,0
2041,0,0
2042,0,0
2043,0,0
2044,0,0
2045,0.0028309066857126371,47200980.603457518
2046,0.0068466571152163589,54807504.144168288
2047,0.003532811813630435,57313416.791841008
2048,0.0029771268765692686,54877060.614831597
2049,0.0029122295477724738,53224710.363950476
2050,0.0028479562032834404,50056415.954819135
2051,0.0031192057869003243,44301700.969804682
2052,0.0034671505567953377,36949930.297947779
2053,0.0040416400491820083,29560257.466824435
2054,0.0047976905512116521,25201240.893520612
2055,0.0057184868731410491,25124925.598196175
2056,0.0066859583539492368,28075614.092739914
2057,0.0075964413007060718,31813027.396380514
2058,0.0082228728395408578,35890946.969456434
2059,0.0084785170761090302,40861019.613014057
2060,0.0086282299092261591,47670258.724474013
2061,0.0086900051931191342,50412468.157545805
2062,0.008489639058980477,52206720.662018195
2063,0.0079210967655157678,53296903.748099081
2064,0.0071543185939939571,53816408.972740129
2065,0.0062026052152157219,52947389.071695186
2066,0.0052285793690713782,51564174.096440166
2067,0.0042483902056243217,50721199.050559901
2068,0.0034741190655575944,51251764.552410237
2069,0.0028445645681443952,50910426.876047753
2070,0.0029057236582310207,49547994.986759774
2071,0.0029753998613447075,43409329.128727548
2072,0.0035327671002585216,42076450.432701148
2073,0.0077587816624197573,31590879.835578471
2074,0.0032766230588062947,27752779.872231439
2075,0,0
2076,0,0
2077,0,0
2078,0,0
2079,0,0
2080,0,0
2081,0,0
2082,0,0
2083,0,0
2084,0,0
2085,0.0040849176057748578,50801866.112872556
2086,0.009167230545732194,55378782.862389579
2087,0.0040902320321221436,55362745.558076605
2088,0.003311178077399419,50041591.941256382
2089,0.0032559804375584512,47029766.312638208
2090,0.0031313294478538581,43126047.754172109
2091,0.0034671505567950589,37094463.931080736
2092,0.003886999273199587,30477553.803334646
2093,0.0046700490747222465,25067004.983324911
2094,0.0056920086745088925,23784634.754131392
2095,0.0070644710187085366,26209474.750756811
2096,0.008499160101510788,30407555.799166154
2097,0.0098032307651807465,35724357.503807046
2098,0.010837001514289683,40954588.411719494
2099,0.011663198763898021,46229410.834009387
2100,0.0119273420156382,48597319.617495477
2101,0.012048136852862242,48092417.206783272
2102,0.011744816610525304,49552232.328969508
2103,0.010897087505788602,52722189.587945946
2104,0.009658668621311494,54673993.604891568
2105,0.008169733515992152,54771029.716025986
2106,0.0067036893468487482,53393377.172281951
2107,0.0052455345725084153,53021279.409719542
2108,0.0041187432030774873,54138705.132153369
2109,0.0031694274357570258,53737699.3876113
2110,0.0032503136912832012,51423393.728421219
2111,0.0033111780773994368,44209867.457120866
2112,0.0041165926045278051,43189711.111113109
2113,0.010715256382832205,30921531.070552438
2114,0.0048947979050306114,29278006.434743624
2115,0,0
2116,0,0
2117,0,0
2118,0,0
2119,0,0
2120,0,0
2121,0,0
2122,0,0
2123,0,0
2124,0,0
2125,0.0053836473886123603,53846461.114000209
2126,0.011492287553383235,55128184.797356509
2127,0.0046111424435342774,52644189.762301892
2128,0.0036316366274619402,44266437.937969647
2129,0.0036642373534943066,39900455.375865549
2130,0.0035587207357573184,35315335.475107692
2131,0.0040416400491820456,29246001.896820135
2132,0.0046700490747226178,24314067.15217464
2133,0.0057735171118691014,21312173.029679187
2134,0.0072793089706649043,21539484.907195732
2135,0.0092162821190349565,24160662.29380605
2136,0.01130487662846973,29687163.718754541
2137,0.013566089130197778,37182980.383057073
2138,0.015544347959904972,43118394.691588379
2139,0.016821342855953277,46195447.663945727
2140,0.01747884913366168,43753326.970975995
2141,0.017668000933044457,42808364.057439841
2142,0.017011886618661456,43963927.927127309
2143,0.015539624520835696,47753657.570562214
2144,0.013702850925858582,51801083.346777022
2145,0.011384388048228732,53710307.037232079
2146,0.0090807981058928493,53792135.674328707
2147,0.0068218955444954901,55325406.582168505
2148,0.0051414161609531746,58794279.090762228
2149,0.0037013477336400465,60310343.246674262
2150,0.0036611455389250484,55048750.499425903
2151,0.0036960472992977351,45885703.564202711
2152,0.0047772505249804057,44284181.125384524
2153,0.013790437913997837,30800452.816761099
2154,0.0066269012033651773,31459874.999132656
2155,0,0
2156,0,0
2157,0,0
2158,0,0
2159,0,0
2160,0,0
2161,0,0
2162,0,0
2163,0,0
2164,0,0
2165,0.0066383183236565207,56111803.595971711
2166,0.01370737276302164,54154440.283900283
2167,0.0050925340679808372,49269712.794313453
2168,0.0039314566987033979,38096355.330201045
2169,0.0041210711274806662,32838321.60057627
2170,0.0040964338080572453,28355160.377249364
2171,0.0047976905512119661,23711869.581599828
2172,0.0056920086745090911,21945148.987512983
2173,0.0072793089706651585,20771185.11875651
2174,0.0092189227379621975,20449479.204605624
2175,0.011883079696510028,21164001.53598028
2176,0.015065720927996837,27942952.602604635
2177,0.018591905781695086,37008227.274867982
2178,0.021639801643272949,41557652.434243657
2179,0.024337622381927382,43409439.99420324
2180,0.025327133382514667,41116390.577989995
2181,0.025438171626907955,37529430.645185396
2182,0.024532370719707573,37189954.059788018
2183,0.022155604501361365,44123910.369048946
2184,0.019068369760470535,52714792.844185032
2185,0.015644070760214204,55653092.726853907
2186,0.012215721436011536,57238457.008655936
2187,0.0088540469087893415,59610905.774839044
2188,0.0064119048849853658,65785785.338093407
2189,0.0044544011561165721,69399181.456694365
2190,0.0042347433086197678,62141734.914169163
2191,0.0042630647004495816,47371104.737669647
2192,0.0054505867915797769,44917650.012448713
2193,0.016809926374517236,30884907.759253222
2194,0.0083462294823483107,33849827.499461032
2195,0,0
2196,0,0
2197,0,0
2198,0,0
2199,0,0
2200,0,0
2201,0,0
2202,0,0
2203,0,0
2204,0,0
2205,0.0077773095334838227,57534396.248425342
2206,0.015713980036676952,52664086.158042453
2207,0.0055359623047481141,45629692.131769024
2208,0.0042207515896891317,32217500.930859599
2209,0.0046207290427942331,26832636.908387411
2210,0.0047459406220001976,24291796.210695259
2211,0.0057184868731411723,23140705.675595265
2212,0.0070644710187093059,24935720.114752162
2213,0.009216282119035038,24939045.299282111
2214,0.011883079696510271,23459878.802553743
2215,0.015661542836263195,20076679.900601204
2216,0.020085701539836399,24493538.443258401
2217,0.02562365887028905,35509176.57566455
2218,0.031970280914208872,41398604.719119936
2219,0.036204754844632488,44898446.718255915
2220,0.03862252253786299,42441679.361703135
2221,0.039463951540286632,37682437.361691251
2222,0.036146730705751862,30030768.858670298
2223,0.032017052687893163,31192893.713135462
2224,0.028055321372428672,48626139.722402751
2225,0.022405528140587435,63858840.631667681
2226,0.016707601181630276,65343517.220702358
2227,0.011531484364265517,68285774.71067369
2228,0.008113423295962062,76562073.889176294
2229,0.0056494601592782731,79161465.448175296
2230,0.0052350894124444988,68787282.131925195
2231,0.0049225713983306208,50614050.187261224
2232,0.0061118046828664849,44486147.440890409
2233,0.019617952766347854,30503990.44442359
2234,0.0099472111919040856,35693461.849508703
2235,0,0
2236,0,0
2237,0,0
2238,0,0
2239,0,0
2240,0,0
2241,0,0
2242,0,0
2243,0,0
2244,0,0
2245,0.0087414793541643211,58228889.484272167
2246,0.017412991860648472,50969142.391943954
2247,0.0059270756252393373,42166194.283409528
2248,0.0044935411371441695,27303463.093579747
2249,0.0051052243011704005,23138481.257431772
2250,0.0054147789018009493,24395521.988281701
2251,0.0066859583539496227,27510426.626355983
2252,0.0084991601015112217,31445677.45047795
2253,0.011304876628469199,32729403.61805851
2254,0.015065720927997319,31473402.988791727
2255,0.02008570153983634,26689821.502935421
2256,0.027372000326706548,20756324.241962038
2257,0.036923019150404315,30163572.84542837
2258,0.047727763676924245,41801625.643584922
2259,0.055735163873141563,51777070.972903974
2260,0.060429015182070014,47948082.422117047
2261,0.059789592329370374,44180788.023461692
2262,0.055324508353945215,52258526.012074448
2263,0.047951894583561111,64863439.642136559
2264,0.04209951724907119,72345330.792753205
2265,0.033388163732725386,71806948.652406171
2266,0.023344170912191896,82626212.867032275
2267,0.015860056596083315,90713626.853711367
2268,0.010843613441541364,91469778.3081889
2269,0.0072923881794087512,89009523.02864711
2270,0.0063682032735021708,74244879.613658369
2271,0.0056054715613302018,54035542.536995746
2272,0.0067126648331558127,43127368.568129875
2273,0.022065428449364332,29553357.271748543
2274,0.011336932565350065,37374643.003467694
2275,0,0
2276,0,0
2277,0,0
2278,0,0
2279,0,0
2280,0,0
2281,0,0
2282,0,0
2283,0,0
2284,0,0
2285,0.0094852895137125248,58388379.309491061
2286,0.018726736084365016,49428706.201226838
2287,0.0062434030383915371,39185629.123922259
2288,0.0047325713856430961,23918574.16842518
2289,0.0055231216918427807,22116486.195937838
2290,0.0060080056658659408,27547679.744520981
2291,0.007596441300705678,33193279.16010388
2292,0.0098032307651808853,38787431.341068469
2293,0.013436754135480952,41061257.710742742
2294,0.018376932096239886,41797276.913222559
2295,0.02541817294485672,40876377.330456823
2296,0.036646803996718588,33479037.693436507
2297,0.050803193477665348,21509299.973370429
2298,0.07795718376044132,32244980.57364988
2299,0.11844016587273604,57742731.386125743
2300,0.13296190552441522,56446008.600076579
2301,0.123310025108401,55173484.858944461
2302,0.11008180133182535,77559611.246728078
2303,0.10006917745745522,68256593.894311875
2304,0.079985356213143205,85421852.51342845
2305,0.049903505758713163,109005148.64009131
2306,0.033065212403099259,109662309.06819789
2307,0.021514600236020805,108858683.98891708
2308,0.014435169900353218,105710649.14434341
2309,0.0091331932109393124,97060982.484235778
2310,0.007454619979194989,79079815.144821301
2311,0.0062180991224165165,57273668.16408468
2312,0.007208930007322048,41432247.284924373
2313,0.024004059622205146,28506037.991715182
2314,0.012433129972579136,38787251.835546665
2315,0,0
2316,0,0
2317,0,0
2318,0,0
2319,0,0
2320,0,0
2321,0,0
2322,0,0
2323,0,0
2324,0,0
2325,0.0099738503348263639,58282371.779954419
2326,0.019588085306650259,48307774.193834007
2327,0.0064637442962647753,36938735.251835212
2328,0.0048960629688340751,22094926.432043653
2329,0.0058177470601193911,22877147.736447185
2330,0.0064101126963535659,31116450.354855102
2331,0.008222872839541092,38151138.044474259
2332,0.010720694720788695,44654939.3211798
2333,0.014918703271476867,48028036.526217215
2334,0.020764488294905289,51173596.200309381
2335,0.030482682878467636,57715218.640501112
2336,0.044690394192982895,64024468.602106303
2337,0.074987413811088324,55895051.999351181
2338,0.16444290673918247,65467820.320064127
2339,0.23729801865879674,106155352.9539659
2340,0.25687823745980959,108438092.31594914
2341,0.23950097470488629,90242325.835169479
2342,0.22332831101579764,121315500.46628563
2343,0.208723583172404,96248808.862050444
2344,0.17646587316538123,111451399.33084008
2345,0.10018826340102457,104505085.17262891
2346,0.047506110195259049,122710512.29922599
2347,0.027845123039051681,118344513.88389845
2348,0.017664656601546702,112344328.02196942
2349,0.010739300113753408,100725646.32659724
2350,0.0082868464480518288,83817226.796108693
2351,0.0066509018902964042,59774992.911576316
2352,0.0075616857972021544,40523324.317991808
2353,0.025295668727163177,27627979.757451355
2354,0.013164291979571269,39815851.335362531
2355,0,0
2356,0,0
2357,0,0
2358,0,0
2359,0,0
2360,0,0
2361,0,0
2362,0,0
2363,0,0
2364,0,0
2365,0.01018140163368245,58160026.256900497
2366,0.019955635489616763,47747093.188237257
2367,0.006566197256695298,35712022.810217358
2368,0.0049637793871881927,21398373.773978941
2369,0.0059379078225553468,23750232.226535566
2370,0.006572578142928321,33259127.514770593
2371,0.008448623209387161,41005771.639683187
2372,0.011149639749604588,47769464.099894613
2373,0.015503963479063233,51943893.220657222
2374,0.02228665846777499,56728533.342217781
2375,0.032502995601525607,69286924.025416449
2376,0.050307213383092714,85725595.113785207
2377,0.11142923494980865,105608670.35748838
2378,0.22930428388013213,149028764.86796951
2379,0.26049783536804577,196601519.1567584
2380,0.28056082314741337,191338552.22523054
2381,0.30848330110124467,176846253.6134505
2382,0.28680158650446019,183837093.18826428
2383,0.26900790003094516,171578824.9856298
2384,0.23294483485790349,116073533.37270774
2385,0.14627476039729886,125224974.282593
2386,0.06322066001210748,115156003.90006204
2387,0.032938451734906608,121173722.91250312
2388,0.019391489183461133,115175402.28869295
2389,0.011669196054491083,102529590.57516307
2390,0.0086635887419550979,86761022.370157778
2391,0.0068365711437898546,61016966.946920753
2392,0.00772798386374515,40419801.562421143
2393,0.025851993208082163,27111262.135497499
2394,0.013477321460546018,40372173.353661582
2395,0,0
2396,0,0
2397,0,0
2398,0,0
2399,0,0
2400,0,0
2401,0,0
2402,0,0
2403,0,0
2404,0,0
2405,0.010181401633682443,58160026.256900631
2406,0.019955635489616642,47747093.188237585
2407,0.0065661972566952208,35712022.810213275
2408,0.0049637793871881667,21398373.773977794
2409,0.0059379078225553668,23750232.226542842
2410,0.0065725781429282967,33259127.514770597
2411,0.0084486232093868054,41005771.639686607
2412,0.011149639749604406,47769464.099893846
2413,0.015503963479063613,51943893.220657386
2414,0.022286658467774421,56728533.342207059
2415,0.032502995601526211,69286924.025421828
2416,0.050307213383093463,85725595.113752678
2417,0.11142923494981043,105608670.35748971
2418,0.22930428388013141,149028764.8679482
2419,0.26049783536804599,196601519.15667802
2420,0.28056082314741454,191338552.22519386
2421,0.30848330110124483,176846253.61343578
2422,0.28680158650445969,183837093.18827829
2423,0.26900790003094593,171578824.9856385
2424,0.23294483485790518,116073533.37271377
2425,0.14627476039729723,125224974.28260653
2426,0.063220660012107702,115156003.90009843
2427,0.032938451734905998,121173722.91250746
2428,0.019391489183461459,115175402.2886961
2429,0.01166919605449088,102529590.57516351
2430,0.008663588741955287,86761022.370156407
2431,0.0068365711437897185,61016966.946919978
2432,0.0077279838637458291,40419801.562422894
2433,0.025851993208082191,27111262.135494545
2434,0.013477321460546043,40372173.353661716
2435,0,0
2436,0,0
2437,0,0
2438,0,0
2439,0,0
2440,0,0
2441,0,0
2442,0,0
2443,0,0
2444,0,0
2445,0.0099738503348263466,58282371.779954284
2446,0.019588085306650127,48307774.193833858
2447,0.0064637442962646894,36938735.251834601
2448,0.0048960629688341271,22094926.432042651
2449,0.0058177470601194006,22877147.736458927
2450,0.0064101126963530949,31116450.354852196
2451,0.0082228728395409151,38151138.044474788
2452,0.010720694720787682,44654939.321180761
2453,0.014918703271477124,48028036.526226155
2454,0.020764488294904442,51173596.200304963
2455,0.03048268287846715,57715218.640479282
2456,0.044690394192983207,64024468.602077536
2457,0.074987413811088338,55895051.999320216
2458,0.16444290673918185,65467820.320066467
2459,0.23729801865879802,106155352.95396471
2460,0.25687823745980864,108438092.31594342
2461,0.23950097470488563,90242325.835164562
2462,0.22332831101579773,121315500.46629356
2463,0.20872358317240419,96248808.862068266
2464,0.17646587316537871,111451399.33081156
2465,0.10018826340102364,104505085.1725788
2466,0.04750611019525855,122710512.2992447
2467,0.027845123039051518,118344513.88390277
2468,0.017664656601546497,112344328.02196886
2469,0.010739300113753182,100725646.32659744
2470,0.0082868464480519034,83817226.796108872
2471,0.0066509018902962715,59774992.91157461
2472,0.0075616857972028084,40523324.317994982
2473,0.025295668727163118,27627979.757449366
2474,0.013164291979571289,39815851.335363366
2475,0,0
2476,0,0
2477,0,0
2478,0,0
2479,0,0
2480,0,0
2481,0,0
2482,0,0
2483,0,0
2484,0,0
2485,0.0094852895137125092,58388379.309491158
2486,0.018726736084364929,49428706.201226488
2487,0.0062434030383913593,39185629.123927228
2488,0.0047325713856431438,23918574.168426938
2489,0.0055231216918429386,22116486.195938502
2490,0.0060080056658659096,27547679.744516443
2491,0.00759644130070594,33193279.16010182
2492,0.0098032307651813432,38787431.341070853
2493,0.013436754135480771,41061257.710741095
2494,0.018376932096239508,41797276.913214721
2495,0.02541817294485715,40876377.330454625
2496,0.036646803996718942,33479037.693435818
2497,0.050803193477668145,21509299.973390397
2498,0.077957183760443305,32244980.573595479
2499,0.11844016587273684,57742731.386084624
2500,0.13296190552441395,56446008.600057751
2501,0.12331002510840118,55173484.858907945
2502,0.11008180133182383,77559611.24674204
2503,0.10006917745745472,68256593.894328341
2504,0.079985356213144176,85421852.513415277
2505,0.049903505758712455,109005148.64006825
2506,0.033065212403099183,109662309.06820427
2507,0.021514600236020115,108858683.98893341
2508,0.014435169900353565,105710649.14434078
2509,0.0091331932109393072,97060982.484238684
2510,0.0074546199791951252,79079815.144821137
2511,0.0062180991224163804,57273668.164088763
2512,0.0072089300073226838,41432247.284930184
2513,0.024004059622205094,28506037.9917145
2514,0.01243312997257914,38787251.835547008
2515,0,0
2516,0,0
2517,0,0
2518,0,0
2519,0,0
2520,0,0
2521,0,0
2522,0,0
2523,0,0
2524,0,0
2525,0.0087414793541643072,58228889.484272316
2526,0.017412991860648395,50969142.391945481
2527,0.0059270756252392488,42166194.283411682
2528,0.0044935411371441122,27303463.093579937
2529,0.0051052243011704143,23138481.257436007
2530,0.0054147789018008912,24395521.988279589
2531,0.0066859583539494458,27510426.626359187
2532,0.0084991601015109303,31445677.450479187
2533,0.011304876628469346,32729403.618050765
2534,0.015065720927997239,31473402.988785673
2535,0.020085701539837086,26689821.502933402
2536,0.027372000326707249,20756324.241964743
2537,0.036923019150403809,30163572.845431209
2538,0.047727763676923808,41801625.643579565
2539,0.055735163873140162,51777070.972936079
2540,0.06042901518206955,47948082.422137856
2541,0.059789592329370235,44180788.02348984
2542,0.055324508353945256,52258526.012063876
2543,0.047951894583561354,64863439.642139152
2544,0.042099517249070899,72345330.792750672
2545,0.033388163732725067,71806948.65240629
2546,0.023344170912192062,82626212.867032096
2547,0.015860056596083149,90713626.853709564
2548,0.010843613441541358,91469778.308187246
2549,0.0072923881794085248,89009523.028644383
2550,0.0063682032735024605,74244879.613659129
2551,0.0056054715613301376,54035542.536999881
2552,0.0067126648331564398,43127368.568132631
2553,0.02206542844936429,29553357.27174893
2554,0.011336932565350056,37374643.003467254
2555,0,0
2556,0,0
2557,0,0
2558,0,0
2559,0,0
2560,0,0
2561,0,0
2562,0,0
2563,0,0
2564,0,0
2565,0.0077773095334838001,57534396.248425625
2566,0.015713980036676897,52664086.158041552
2567,0.005535962304748023,45629692.131763816
2568,0.0042207515896890476,32217500.930855986
2569,0.0046207290427943302,26832636.908381887
2570,0.0047459406220002383,24291796.21069466
2571,0.005718486873141776,23140705.675610106
2572,0.0070644710187085843,24935720.114753701
2573,0.00921628211903479,24939045.299274124
2574,0.011883079696510174,23459878.802554604
2575,0.015661542836264572,20076679.900602359
2576,0.02008570153983678,24493538.443253521
2577,0.025623658870289945,35509176.575640947
2578,0.031970280914209719,41398604.719068877
2579,0.036204754844632224,44898446.718238421
2580,0.038622522537863614,42441679.3616971
2581,0.039463951540286812,37682437.361690141
2582,0.036146730705751466,30030768.858676158
2583,0.032017052687893108,31192893.713158906
2584,0.028055321372428513,48626139.722409919
2585,0.02240552814058671,63858840.631673887
2586,0.016707601181630324,65343517.220701836
2587,0.011531484364265354,68285774.710676774
2588,0.0081134232959620585,76562073.889176354
2589,0.0056494601592780675,79161465.448176906
2590,0.0052350894124446783,68787282.131923333
2591,0.0049225713983304976,50614050.187262893
2592,0.0061118046828671111,44486147.440891609
2593,0.01961795276634782,30503990.444424473
2594,0.0099472111919041029,35693461.84950839
2595,0,0
2596,0,0
2597,0,0
2598,0,0
2599,0,0
2600,0,0
2601,0,0
2602,0,0
2603,0,0
2604,0,0
2605,0.0066383183236565215,56111803.595971875
2606,0.013707372763021535,54154440.283898734
2607,0.0050925340679807652,49269712.794314086
2608,0.0039314566987033806,38096355.330196612
2609,0.0041210711274805517,32838321.600570809
2610,0.0040964338080571785,28355160.37725186
2611,0.0047976905512118655,23711869.581595913
2612,0.0056920086745087459,21945148.987514991
2613,0.0072793089706651628,20771185.118766155
2614,0.0092189227379620847,20449479.204608146
2615,0.011883079696509988,21164001.535971876
2616,0.015065720927997758,27942952.602596287
2617,0.018591905781695808,37008227.27483806
2618,0.021639801643272637,41557652.434251346
2619,0.024337622381927496,43409439.994231783
2620,0.02532713338251533,41116390.577963933
2621,0.02543817162690791,37529430.64513994
2622,0.024532370719707406,37189954.059814706
2623,0.022155604501360421,44123910.369072035
2624,0.019068369760470341,52714792.844187766
2625,0.015644070760214474,55653092.7268546
2626,0.012215721436010886,57238457.008651219
2627,0.0088540469087888523,59610905.774844892
2628,0.0064119048849856173,65785785.338098377
2629,0.004454401156116383,69399181.456697747
2630,0.0042347433086200436,62141734.914165832
2631,0.0042630647004495009,47371104.737669013
2632,0.0054505867915802244,44917650.012449652
2633,0.016809926374517205,30884907.759252239
2634,0.0083462294823483177,33849827.499460556
2635,0,0
2636,0,0
2637,0,0
2638,0,0
2639,0,0
2640,0,0
2641,0,0
2642,0,0
2643,0,0
2644,0,0
2645,0.0053836473886123551,53846461.114000142
2646,0.011492287553383157,55128184.797356136
2647,0.0046111424435342331,52644189.762301393
2648,0.0036316366274618777,44266437.937965259
2649,0.0036642373534942966,39900455.375865303
2650,0.0035587207357571588,35315335.475110598
2651,0.0040416400491819849,29246001.896820821
2652,0.0046700490747223974,24314067.152167376
2653,0.0057735171118689825,21312173.02969557
2654,0.0072793089706654109,21539484.907204039
2655,0.009216282119034986,24160662.293807462
2656,0.011304876628469221,29687163.718758885
2657,0.013566089130198021,37182980.383054838
2658,0.015544347959905032,43118394.691619039
2659,0.016821342855953526,46195447.663976401
2660,0.017478849133661767,43753326.970971458
2661,0.017668000933043645,42808364.057441384
2662,0.017011886618662018,43963927.927143447
2663,0.015539624520836409,47753657.570566103
2664,0.013702850925858092,51801083.346779265
2665,0.011384388048227709,53710307.037230678
2666,0.0090807981058927539,53792135.674326971
2667,0.0068218955444947285,55325406.582178399
2668,0.0051414161609532431,58794279.090763979
2669,0.0037013477336398184,60310343.246669739
2670,0.0036611455389251508,55048750.49942372
2671,0.0036960472992976323,45885703.564202465
2672,0.004777250524980836,44284181.125382729
2673,0.013790437913997826,30800452.816760164
2674,0.0066269012033651833,31459874.999132909
2675,0,0
2676,0,0
2677,0,0
2678,0,0
2679,0,0
2680,0,0
2681,0,0
2682,0,0
2683,0,0
2684,0,0
2685,0.0040849176057748578,50801866.112872407
2686,0.0091672305457321298,55378782.862388581
2687,0.0040902320321221236,55362745.558075711
2688,0.0033111780773993527,50041591.941259511
2689,0.0032559804375583441,47029766.31263689
2690,0.0031313294478536604,43126047.754168987
2691,0.0034671505567950506,37094463.931080848
2692,0.0038869992731988966,30477553.803336892
2693,0.0046700490747222049,25067004.983331513
2694,0.0056920086745084605,23784634.754137609
2695,0.0070644710187091741,26209474.750767607
2696,0.0084991601015110326,30407555.799162544
2697,0.0098032307651809581,35724357.503801972
2698,0.010837001514289585,40954588.411709853
2699,0.01166319876389788,46229410.83400514
2700,0.011927342015637872,48597319.6174585
2701,0.012048136852861543,48092417.206773035
2702,0.011744816610524688,49552232.328985333
2703,0.010897087505787623,52722189.5879438
2704,0.0096586686213107446,54673993.604893371
2705,0.0081697335159912482,54771029.716036111
2706,0.0067036893468482243,53393377.172289684
2707,0.0052455345725079721,53021279.409731567
2708,0.004118743203076986,54138705.132160962
2709,0.0031694274357571338,53737699.387606077
2710,0.0032503136912833035,51423393.728416547
2711,0.0033111780773993913,44209867.457118854
2712,0.0041165926045281928,43189711.111109339
2713,0.010715256382832198,30921531.070552606
2714,0.0048947979050306218,29278006.434743688
2715,0,0
2716,0,0
2717,0,0
2718,0,0
2719,0,0
2720,0,0
2721,0,0
2722,0,0
2723,0,0
2724,0,0
2725,0.0028309066857126327,47200980.603457354
2726,0.0068466571152163104,54807504.144167826
2727,0.003532811813630406,57313416.791841142
2728,0.0029771268765692279,54877060.614832059
2729,0.0029122295477724516,53224710.363953941
2730,0.0028479562032833559,50056415.954821631
2731,0.0031192057869002883,44301700.969806157
2732,0.0034671505567950541,36949930.29794725
2733,0.0040416400491820196,29560257.466822896
2734,0.0047976905512122116,25201240.893522095
2735,0.0057184868731414368,25124925.598204128
2736,0.0066859583539495178,28075614.092740126
2737,0.0075964413007055141,31813027.396377534
2738,0.008222872839541099,35890946.969457164
2739,0.0084785170761088307,40861019.613010876
2740,0.0086282299092262198,47670258.72447861
2741,0.0086900051931194846,50412468.157552391
2742,0.008489639058980529,52206720.662009455
2743,0.0079210967655159881,53296903.748081915
2744,0.0071543185939940985,53816408.972725123
2745,0.0062026052152157774,52947389.071691491
2746,0.0052285793690714268,51564174.096441351
2747,0.0042483902056243174,50721199.050554223
2748,0.0034741190655577735,51251764.552404337
2749,0.0028445645681444711,50910426.876045808
2750,0.0029057236582311213,49547994.986755364
2751,0.0029753998613446754,43409329.128730752
2752,0.0035327671002588152,42076450.432700962
2753,0.0077587816624197581,31590879.835578363
2754,0.0032766230588063086,27752779.872231591
2755,0,0
2756,0,0
2757,0,0
2758,0,0
2759,0,0
2760,0,0
2761,0,0
2762,0,0
2763,0,0
2764,0,0
2765,0.0018034991598349156,43788468.59899158
2766,0.004672839571805195,53565032.544635221
2767,0.0029320662991630399,58673712.708479747
2768,0.0026265461902799927,58571094.173421837
2769,0.0025998338827188804,57863502.16375006
2770,0.0026190432921692828,55140689.838002995
2771,0.0028445645681443566,49752738.426532075
2772,0.0031268758065742461,42491885.471414842
2773,0.0035576224128532558,34596626.030354679
2774,0.00409643380805709,28027097.548994079
2775,0.0047459406220001204,24592168.423542358
2776,0.0054147789018009615,24457060.16705342
2777,0.0060080056658660076,26528753.137365881
2778,0.0064101126963533022,29535736.222522661
2779,0.0065725781429289152,33315800.674903765
2780,0.0065725781429288969,38582623.651358925
2781,0.0064285649694781092,44917453.988786764
2782,0.0062706496542506551,47416447.52582112
2783,0.0059051945909412108,49095693.312128216
2784,0.0053731792608700188,49763911.206226677
2785,0.0047566988858151801,49615929.854750283
2786,0.0041385613219119908,49110312.736540489
2787,0.003539920203352755,49240208.046393514
2788,0.0030168633973181899,50345650.610565186
2789,0.0026163157256795825,49960474.442240968
2790,0.0025938273191120596,47951776.021057092
2791,0.0026239543528056384,43371593.790141545
2792,0.0029320662991631718,41405535.086460888
2793,0.0050818055976555475,32595753.184121311
2794,0.0018848630112783546,27456287.116714533
2795,0,0
2796,0,0
2797,0,0
2798,0,0
2799,0,0
2800,0,0
2801,0,0
2802,0,0
2803,0,0
2804,0,0
2805,0.00091468803381860686,42068688.302479275
2806,0.002754886656827011,51984078.520647466
2807,0.0022725075582141424,59940540.108438529
2808,0.0022725570860439841,61085669.160776488
2809,0.0023480306675114815,60382637.827271909
2810,0.0025938273191123025,57560804.356874116
2811,0.0029057236582312571,52470651.398790941
2812,0.0032503136912835334,45860378.19516585
2813,0.0036611455389254947,38530295.002489738
2814,0.0041210711274809603,31606837.565306935
2815,0.0046207290427945731,26109738.641660657
2816,0.0051052243011708324,23029936.583435826
2817,0.0055231216918433714,22185085.526827689
2818,0.0058177470601198274,23332131.527784869
2819,0.005937907822555764,25943321.284871943
2820,0.0059379078225554934,30026922.484357018
2821,0.0058177470601195316,34867816.237141684
2822,0.005544506304057885,39922148.541436501
2823,0.005266893050375733,42245979.462425426
2824,0.0048937702460911305,43461122.80667384
2825,0.0044358875366802041,44439002.964804821
2826,0.0039518016148248044,45486617.901113249
2827,0.0034547009200594056,46756376.338222399
2828,0.002984597688455241,48029276.577060483
2829,0.0025938273191120709,47516452.677615121
2830,0.0023434066338836458,46477737.465738967
2831,0.0022697229418248343,43175691.562170155
2832,0.0022722810847879949,41686421.861304775
2833,0.00280678813508661,34574024.522372156
2834,0.00091468803381863407,30255019.235534921
2835,0,0
2836,0,0
2837,0,0
2838,0,0
2839,0,0
2840,0,0
2841,0,0
2842,0,0
2843,0,0
2844,0,0
2845,0.00015988769585522682,35105667.604320519
2846,0.001153590030405697,50282069.984881878
2847,0.0014985091359667614,59792160.326038793
2848,0.0018935677636062163,62011975.23154211
2849,0.0022697229418248144,60787021.198604971
2850,0.0026239543528055837,57777428.371055201
2851,0.0029753998613446346,53460000.329276182
2852,0.0033111780773993527,47962627.608064242
2853,0.0036316366274618053,41605196.799323037
2854,0.0039314566987032678,35005726.399812184
2855,0.0042207515896889427,28812863.920637652
2856,0.004493541137144042,23729658.604025591
2857,0.0047325713856430493,20476083.5659073
2858,0.0048960629688338904,19534018.511899415
2859,0.0049637793871880288,20816661.833301008
2860,0.0049637793871880999,23856590.223410647
2861,0.0048960629688339832,27917700.713072419
2862,0.004732571385643038,32319369.197900176
2863,0.0044935411371441105,36564298.603394628
2864,0.0042624738642648794,39446682.996452466
2865,0.0040051593446426594,41531078.968614914
2866,0.0037011193110920004,43053198.417071283
2867,0.0033451697749348965,44161638.661719583
2868,0.0029753998613446225,44741874.882249914
2869,0.002623954352805595,44777259.569648199
2870,0.0022697229418248196,44514131.252525851
2871,0.0018893911794423868,43354015.718953751
2872,0.0014948646154437552,42530097.715129256
2873,0.0011535900304056889,37108279.372036785
2874,0.00015988769585523766,27554335.551225986
2875,0,0
2876,0,0
2877,0,0
2878,0,0
2879,0,0
2880,0,0
2881,0,0
2882,0,0
2883,0,0
2884,0,0
2885,0,23370622.156409349
2886,0.00011540458116150298,38542960.174042799
2887,0.00075674387236886393,52881438.26897797
2888,0.0014958885091026948,59617066.285565048
2889,0.0022722810847879359,59393594.857392974
2890,0.0029320662991630382,57559953.065041415
2891,0.003532767100258623,55546399.406083696
2892,0.0040898797800518498,52910734.24387376
2893,0.0046110673381783065,49575812.168458298
2894,0.0050925340679807349,45742553.593646243
2895,0.0055359623047479762,41789207.523871377
2896,0.0059270756252391725,38191889.184864245
2897,0.0062434030383913359,35195074.054197758
2898,0.006463744296264607,33018807.86272331
2899,0.0065661972566951254,32016890.525295217
2900,0.0065661972566953102,32394474.012460481
2901,0.0064637442962647241,33819213.388411425
2902,0.0062434030383914331,35461890.788919821
2903,0.0059270756252393598,36873667.452520691
2904,0.0055359623047480837,38180261.39383357
2905,0.0050925340679808502,39477330.672571294
2906,0.0046110673381784192,40673588.399382122
2907,0.0040898797800519625,41578889.619560927
2908,0.0035327671002586725,42372856.905289859
2909,0.0029320662991630863,42686686.847857289
2910,0.0022722810847879316,43156443.693360761
2911,0.0014948646154438038,43347476.102068365
2912,0.00075623389616967702,40199348.254845783
2913,0.00011540458116149284,31515322.645427551
2914,0,19566179.228009578
2915,0,0
2916,0,0
2917,0,0
2918,0,0
2919,0,0
2920,0,0
2921,0,0
2922,0,0
2923,0,0
2924,0,0
2925,0,18168677.905238934
2926,0,24099605.149217136
2927,0.00011540458116149869,38337045.306110598
2928,0.0011535900304057046,49891269.735909671
2929,0.0027548866568270526,51236848.651207753
2930,0.0046728395718052271,52191489.389456399
2931,0.0068466571152163407,52708228.51847323
2932,0.009167230545732194,52558054.290903628
2933,0.011492287553383227,51663783.118201867
2934,0.01370737276302162,50180587.63946604
2935,0.015713980036676907,48305620.40395274
2936,0.017412991860648465,46306996.482301034
2937,0.018726736084365009,44449478.797608383
2938,0.019588085306650252,42940672.165773146
2939,0.019955635489616732,41774207.994826905
2940,0.019955635489616617,40807698.690128833
2941,0.01958808530665012,39977062.962106444
2942,0.018726736084364922,39329224.846251704
2943,0.017412991860648368,38802316.636200108
2944,0.015713980036676855,37991459.219235003
2945,0.013751464421354101,36554101.598451063
2946,0.011563746701383576,35615282.94889389
2947,0.0092190803000895619,35369981.219911255
2948,0.0068466571152162948,35553433.756425768
2949,0.0046728395718051898,35669818.26560057
2950,0.0027548866568270301,36435650.125658222
2951,0.0011535900304056911,37661586.023338914
2952,0.00011540458116148067,30972818.440793116
2953,0,21316666.931286667
2954,0,17250223.193900455
2955,0,0
2956,0,0
2957,0,0
2958,0,0
2959,0,0
2960,0,0
2961,0,0
2962,0,0
2963,0,0
2964,0,0
2965,0,11459659.075198449
2966,0,18090591.617182899
2967,0,23223866.547363613
2968,0.0001598876958552273,34820897.09543962
2969,0.00091468803381860209,41443281.757765785
2970,0.0018032864071138698,42457092.356797375
2971,0.0028309066857126293,44963386.53648182
2972,0.0040849176057748604,47482418.755141884
2973,0.0053836473886123568,49319258.202721111
2974,0.006638318323656512,50355493.272644222
2975,0.0077773095334838227,50604418.454411797
2976,0.0087414793541643176,50238231.440632723
2977,0.0094852895137125266,49482677.627233639
2978,0.0099738503348263518,48503751.501772888
2979,0.010181401633682455,47316926.795363605
2980,0.010181401633682445,46098076.350325763
2981,0.0099738503348263622,44666941.099387325
2982,0.009485289513712537,42830220.163863271
2983,0.0087414793541643193,41018525.726091854
2984,0.0077773095334838218,39700543.813922524
2985,0.0066383183236565094,38356023.110150389
2986,0.0053836473886123637,36475180.343141496
2987,0.0040849176057748534,34261450.639816761
2988,0.0028309066857126319,32263124.937730469
2989,0.0018032864071138815,31287884.234617788
2990,0.00091468803381861445,32775391.678306088
2991,0.00015988769585522795,28835498.074823283
2992,0,19914026.446849551
2993,0,17174483.173117973
2994,0,11557178.120245431
2995,0,0
2996,0,0
2997,0,0
2998,0,0
2999,0,0
3000,0,0
3001,0,0
3002,0,0
3003,0,0
3004,0,0
3005,0,0
3006,0,0
3007,0,0
3008,0,0
3009,0,0
3010,0,0
3011,0,0
3012,0,0
3013,0,0
3014,0,0
3015,0,0
3016,0,0
3017,0,0
3018,0,0
3019,0,0
3020,0,0
3021,0,0
3022,0,0
3023,0,0
3024,0,0
3025,0,0
3026,0,0
3027,0,0
3028,0,0
3029,0,0
3030,0,0
3031,0,0
3032,0,0
3033,0,0
3034,0,0
3035,0,0
3036,0,0
3037,0,0
3038,0,0
3039,0,0
3040,0,0
3041,0,0
3042,0,0
3043,0,0
3044,0,0
3045,0,0
3046,0,0
3047,0,0
3048,0,0
3049,0,0
3050,0,0
3051,0,0
3052,0,0
3053,0,0
3054,0,0
3055,0,0
3056,0,0
3057,0,0
3058,0,0
3059,0,0
3060,0,0
3061,0,0
3062,0,0
3063,0,0
3064,0,0
3065,0,0
3066,0,0
3067,0,0
3068,0,0
3069,0,0
3070,0,0
3071,0,0
3072,0,0
3073,0,0
3074,0,0
3075,0,0
3076,0,0
3077,0,0
3078,0,0
3079,0,0
3080,0,0
3081,0,0
3082,0,0
3083,0,0
3084,0,0
3085,0,0
3086,0,0
3087,0,0
3088,0,0
3089,0,0
3090,0,0
3091,0,0
3092,0,0
3093,0,0
3094,0,0
3095,0,0
3096,0,0
3097,0,0
3098,0,0
3099,0,0
3100,0,0
3101,0,0
3102,0,0
3103,0,0
3104,0,0
3105,0,0
3106,0,0
3107,0,0
3108,0,0
3109,0,0
3110,0,0
3111,0,0
3112,0,0
3113,0,0
3114,0,0
3115,0,0
3116,0,0
3117,0,0
3118,0,0
3119,0,0
3120,0,0
3121,0,0
3122,0,0
3123,0,0
3124,0,0
3125,0,0
3126,0,0
3127,0,0
3128,0,0
3129,0,0
3130,0,0
3131,0,0
3132,0,0
3133,0,0
3134,0,0
3135,0,0
3136,0,0
3137,0,0
3138,0,0
3139,0,0
3140,0,0
3141,0,0
3142,0,0
3143,0,0
3144,0,0
3145,0,0
3146,0,0
3147,0,0
3148,0,0
3149,0,0
3150,0,0
3151,0,0
3152,0,0
3153,0,0
3154,0,0
3155,0,0
3156,0,0
3157,0,0
3158,0,0
3159,0,0
3160,0,0
3161,0,0
3162,0,0
3163,0,0
3164,0,0
3165,0,0
3166,0,0
3167,0,0
3168,0,0
3169,0,0
3170,0,0
3171,0,0
3172,0,0
3173,0,0
3174,0,0
3175,0,0
3176,0,0
3177,0,0
3178,0,0
3179,0,0
3180,0,0
3181,0,0
3182,0,0
3183,0,0
3184,0,0
3185,0,0
3186,0,0
3187,0,0
3188,0,0
3189,0,0
3190,0,0
3191,0,0
3192,0,0
3193,0,0
3194,0,0
3195,0,0
3196,0,0
3197,0,0
3198,0,0
3199,0,0
3200,0,0
3201,0,0
3202,0,0
3203,0,0
3204,0,0
3205,0,0
3206,0,0
3207,0,0
3208,0,0
3209,0,0
3210,0,0
3211,0,0
3212,0,0
3213,0,0
3214,0,0
3215,0,0
3216,0,0
3217,0,0
3218,0,0
3219,0,0
3220,0,0
3221,0,0
3222,0,0
3223,0,0
3224,0,0
3225,0,0
3226,0,0
3227,0,0
3228,0,0
3229,0,0
3230,0,0
3231,0,0
3232,0,0
3233,0,0
3234,0,0
3235,0,0
3236,0,0
3237,0,0
3238,0,0
3239,0,0
3240,0,0
3241,0,0
3242,0,0
3243,0,0
3244,0,0
3245,0,0
3246,0,0
3247,0,0
3248,0,0
3249,0,0
3250,0,0
3251,0,0
3252,0,0
3253,0,0
3254,0,0
3255,0,0
3256,0,0
3257,0,0
3258,0,0
3259,0,0
3260,0,0
3261,0,0
3262,0,0
3263,0,0
3264,0,0
3265,0,0
3266,0,0
3267,0,0
3268,0,0
3269,0,0
3270,0,0
3271,0,0
3272,0,0
3273,0,0
3274,0,0
3275,0,0
3276,0,0
3277,0,0
3278,0,0
3279,0,0
3280,0,0
3281,0,0
3282,0,0
3283,0,0
3284,0,0
3285,0,0
3286,0,0
3287,0,0
3288,0,0
3289,0,0
3290,0,0
3291,0,0
3292,0,0
3293,0,0
3294,0,0
3295,0,0
3296,0,0
3297,0,0
3298,0,0
3299,0,0
3300,0,0
3301,0,0
3302,0,0
3303,0,0
3304,0,0
3305,0,0
3306,0,0
3307,0,0
3308,0,0
3309,0,0
3310,0,0
3311,0,0
3312,0,0
3313,0,0
3314,0,0
3315,0,0
3316,0,0
3317,0,0
3318,0,0
3319,0,0
3320,0,0
3321,0,0
3322,0,0
3323,0,0
3324,0,0
3325,0,0
3326,0,0
3327,0,0
3328,0,0
3329,0,0
3330,0,0
3331,0,0
3332,0,0
3333,0,0
3334,0,0
3335,0,0
3336,0,0
3337,0,0
3338,0,0
3339,0,0
3340,0,0
3341,0,0
3342,0,0
3343,0,0
3344,0,0
3345,0,0
3346,0,0
3347,0,0
3348,0,0
3349,0,0
3350,0,0
3351,0,0
3352,0,0
3353,0,0
3354,0,0
3355,0,0
3356,0,0
3357,0,0
3358,0,0
3359,0,0
3360,0,0
3361,0,0
3362,0,0
3363,0,0
3364,0,0
3365,0,0
3366,0,0
3367,0,0
3368,0,0
3369,0,0
3370,0,0
3371,0,0
3372,0,0
3373,0,0
3374,0,0
3375,0,0
3376,0,0
3377,0,0
3378,0,0
3379,0,0
3380,0,0
3381,0,0
3382,0,0
3383,0,0
3384,0,0
3385,0,0
3386,0,0
3387,0,0
3388,0,0
3389,0,0
3390,0,0
3391,0,0
3392,0,0
3393,0,0
3394,0,0
3395,0,0
3396,0,0
3397,0,0
3398,0,0
3399,0,0
3400,0,0
3401,0,0
3402,0,0
3403,0,0
3404,0,0
3405,0,17552346.818708565
3406,0,32454902.735167801
3407,0.0003820789282036396,50886100.567538753
3408,0.0016286713688510193,52388526.730960198
3409,0.00344532422257574,47383665.746336177
3410,0.0056711265322559254,43851706.048008606
3411,0.0081192360918930489,40107020.112526998
3412,0.01071289458248624,36803142.725891925
3413,0.013327809772507375,34360808.613658018
3414,0.015852046220049352,32796507.584596433
3415,0.018152865256881843,31993269.63717857
3416,0.020121776644359508,31784281.309363842
3417,0.021647695613382454,32085061.995758597
3418,0.022659451416116853,32882292.061352085
3419,0.023088694223844401,34095366.832470581
3420,0.023088694223844453,35752769.723977931
3421,0.022659451416116895,37754327.79316666
3422,0.021647695613382482,39649014.322578445
3423,0.020121776644359518,42116544.591388136
3424,0.018152865256881864,44912603.474179804
3425,0.015872746811439794,46462299.1324334
3426,0.013372867756330339,47720171.578403719
3427,0.010744966711200619,49047071.097501762
3428,0.0081192360918930697,50250449.709699415
3429,0.0056711265322559341,50963997.10352046
3430,0.0034453242225757465,52244557.322947599
3431,0.0016286713688510317,55709971.122228198
3432,0.0003820789282036467,53224522.903263055
3433,0,34166875.789604589
3434,0,18525977.820807923
3435,0,0
3436,0,0
3437,0,0
3438,0,0
3439,0,0
3440,0,0
3441,0,0
3442,0,0
3443,0,0
3444,0,0
3445,0,32516134.553818066
3446,0.00028024498026205048,53400700.333565049
3447,0.0016741991505223653,58864775.84522856
3448,0.0036665780612834312,53881493.95653256
3449,0.0058972916018784956,49850043.378199428
3450,0.0087987891303869213,45443949.387796156
3451,0.011872390259729936,40881560.277443118
3452,0.0150763581006141,36933536.218888402
3453,0.018282766772208105,33910994.074927807
3454,0.021376568552671019,31935897.6219768
3455,0.024196683283283612,30973004.160264838
3456,0.026609225344200814,30795884.387667757
3457,0.028482458269047901,31260712.15796268
3458,0.029714865752362509,32278241.344462432
3459,0.030240538729515931,33893998.956369951
3460,0.030240538729515643,36096558.159243397
3461,0.029714865752362297,38988230.81707032
3462,0.028482458269047661,43081133.917962946
3463,0.026674678388569968,45549773.24984207
3464,0.024408298042484206,46214757.56440004
3465,0.02167830322536653,46975447.156795599
3466,0.018608941912935557,48781389.29763034
3467,0.015361829918469672,51567981.909410641
3468,0.012070333765554993,54831168.938654579
3469,0.0088879562823666134,57982645.987375893
3470,0.0058972916018784471,59883737.334628478
3471,0.0036665780612834707,60256894.950259969
3472,0.0016741991505223824,62822990.708965741
3473,0.00028024498026205991,56532878.522227265
3474,0,34542957.348498277
3475,0,0
3476,0,0
3477,0,0
3478,0,0
3479,0,0
3480,0,0
3481,0,0
3482,0,0
3483,0,0
3484,0,0
3485,0.00038207892820363336,50960697.095306791
3486,0.001674199150522346,58896969.647881351
3487,0.0031750164442791266,61234826.521099113
3488,0.0046945190380831428,59334397.071907006
3489,0.0057402927313575857,56068992.87158744
3490,0.0067889847617285202,51776011.299889378
3491,0.0075753529317739224,47277706.246473357
3492,0.0082102781504423215,43034363.899164133
3493,0.008711722206448622,39292752.758520171
3494,0.0091198682571478965,36118600.34764982
3495,0.0094502827781970441,33440040.403902389
3496,0.0097163489115845332,31302785.115425099
3497,0.0099129423345491099,29626265.309121467
3498,0.010041193151890716,28566980.948107328
3499,0.010085608761262957,28498967.719598696
3500,0.010085608761262773,30271486.638667841
3501,0.010041193151890525,34586468.516691044
3502,0.0099650972694396885,38695535.478562534
3503,0.0098877394007020371,41675063.162187763
3504,0.0096964707520519385,44632666.287400246
3505,0.0093976103831654688,48230979.844041497
3506,0.0089967205236274831,52430875.68878977
3507,0.0084831165248869227,56944076.204683602
3508,0.00781850413238026,61670836.502711311
3509,0.00697995816806052,66029570.216449052
3510,0.0058600109689356849,68835982.469100371
3511,0.0047595194374251137,70381612.322348893
3512,0.0031750164442791752,69175245.719654158
3513,0.0016741991505223673,64095763.131002799
3514,0.00038207892820363927,54489745.617643096
3515,0,0
3516,0,0
3517,0,0
3518,0,0
3519,0,0
3520,0,0
3521,0,0
3522,0,0
3523,0,0
3524,0,0
3525,0.0016286713688510124,52414475.032390058
3526,0.0036665780612834468,53746644.708802678
3527,0.0046945190380832565,59030349.670192428
3528,0.0057212754387373516,57140534.277528152
3529,0.00623664417334181,54338173.644275859
3530,0.0067151194275383687,50402349.053196877
3531,0.0071450518120733655,46505138.781977132
3532,0.0075131276544367969,42955663.164912499
3533,0.0077909052285549821,40027943.498908147
3534,0.0080051892634175944,37524107.293110467
3535,0.0081537271404747338,35231719.935278468
3536,0.0082686590917821299,32743796.497331418
3537,0.008347957899931216,30397698.110480197
3538,0.0083941052752564589,28560760.834824368
3539,0.008408065078458201,28529742.045355991
3540,0.0084155746357766834,30859373.170938104
3541,0.0085082662653814672,33426428.807420734
3542,0.008601811760323843,35051803.278678395
3543,0.0086417786996421109,37453375.495399743
3544,0.0085961835007503339,40757626.166298658
3545,0.0084852528102807353,44843722.433592744
3546,0.0082759144933740748,49346541.807531379
3547,0.0079811545672197077,54264251.521251924
3548,0.0075756690594158613,59543490.752280422
3549,0.00708807383266214,64803480.639739089
3550,0.0065297681019736396,69539473.311736822
3551,0.0059308132142448997,71976642.055145741
3552,0.0048200829197306656,71657454.211681351
3553,0.0036665780612834308,64526466.107407168
3554,0.0016286713688510163,59010192.827543534
3555,0,0
3556,0,0
3557,0,0
3558,0,0
3559,0,0
3560,0,0
3561,0,0
3562,0,0
3563,0,0
3564,0,0
3565,0.003445324222575714,47273577.244134471
3566,0.0058972916018785095,49466993.235043898
3567,0.0057402927313576326,55252046.713813454
3568,0.00623664417334164,53648475.935913734
3569,0.0063650603520442571,52488887.61293716
3570,0.0066980282703750444,49954024.96415621
3571,0.0069718084408328801,47528713.064934872
3572,0.0072683655647031997,45140452.95170828
3573,0.0075492302426883847,43050945.566273831
3574,0.0078431282791914057,41158965.657465257
3575,0.0081347840842912432,39411950.917749606
3576,0.0084126250671961479,38567953.599917196
3577,0.0086492451589893372,38684903.842244908
3578,0.0088074384051669233,40037232.719039008
3579,0.0089627908546573744,40930272.319985248
3580,0.0091134405551399761,41080898.073554412
3581,0.0091710656003864098,40265158.497313552
3582,0.0091916253107973724,40782813.520743415
3583,0.0091023164651680092,42608564.119771913
3584,0.0089262005837390766,45252621.847803153
3585,0.008668820009307578,48086325.02146177
3586,0.0083495709039418161,51493641.800688609
3587,0.0079971274084292346,55353545.075275362
3588,0.0076106691101893199,60035230.34647838
3589,0.0072491968308058497,64860684.369729578
3590,0.0068440387813798898,69110538.043333948
3591,0.0066210761521065479,71245290.85310939
3592,0.0060302366652903268,72140565.007052884
3593,0.0061218015410404447,65780635.647391036
3594,0.0034863149650551733,58708779.145075001
3595,0,0
3596,0,0
3597,0,0
3598,0,0
3599,0,0
3600,0,0
3601,0,0
3602,0,0
3603,0,0
3604,0,0
3605,0.0056711265322558933,43452033.82043349
3606,0.0087987891303869404,44680520.056003734
3607,0.0067889847617285844,50109332.352290988
3608,0.0067151194275381814,48581836.754731111
3609,0.0066980282703750487,48853221.784909561
3610,0.0068368990235711637,47347481.779581398
3611,0.0070289362612713227,46126113.839338638
3612,0.0073463769006691425,44789928.702526368
3613,0.0076836103617443858,43581347.062173933
3614,0.0081059767744046385,42407373.879173413
3615,0.0085509937593467936,42129559.660837598
3616,0.0090115371176336632,43554064.718395568
3617,0.0094854898854386856,46868202.067464858
3618,0.0099159898241052997,48083814.67156104
3619,0.010296297536226897,47048583.148689792
3620,0.010481377510096932,44347731.947332174
3621,0.010571680614989016,43194194.461842954
3622,0.010653265193197729,43804992.955051012
3623,0.010495626821601243,45281493.223824359
3624,0.010146235700122542,46582995.146900065
3625,0.0096933286067972923,48169519.0354838
3626,0.0091279597564974529,50265206.586904354
3627,0.0085979441768044302,53276360.782162048
3628,0.0080508120662547977,57496091.761770688
3629,0.0076868491454392222,62356418.749315113
3630,0.0073494008779439795,66802702.028856397
3631,0.0073075376710004213,68221920.080307886
3632,0.0073095257338158812,68853010.009539142
3633,0.0094469429204826587,63539451.740593761
3634,0.0059998432881831001,56566476.659592293
3635,0,0
3636,0,0
3637,0,0
3638,0,0
3639,0,0
3640,0,0
3641,0,0
3642,0,0
3643,0,0
3644,0,0
3645,0.0081192360918930211,39189518.158005983
3646,0.011872390259729988,39526035.055190526
3647,0.007575352931773984,44366741.383047849
3648,0.0071450518120731547,42910598.766101487
3649,0.0069718084408329026,44665678.53375145
3650,0.0070289362612713973,44062524.563371167
3651,0.0072552831350842853,44115519.764120497
3652,0.007657133687373364,43932622.066020519
3653,0.0081405652443255396,43777646.361402631
3654,0.0087639232882297038,44146906.833521128
3655,0.0094481706179453482,46620267.629553445
3656,0.01023710089686824,52561796.031835407
3657,0.01113980513051754,56105179.674952537
3658,0.012046176419758903,55561708.623051651
3659,0.012578956002805118,52125321.329301216
3660,0.012978661073992153,49651993.880835772
3661,0.013163698946630558,49053319.779665604
3662,0.013133030731910125,49689662.537683398
3663,0.012854165106219857,50235527.831989497
3664,0.012247238343728883,51487542.512818851
3665,0.011428118380469142,51884716.517010652
3666,0.010483534454624835,52869606.551266722
3667,0.0095827272659967707,54145603.915319271
3668,0.0087690959806560418,57158450.68916133
3669,0.0082207054440386167,60841417.166795291
3670,0.0078666964584048742,64649308.004955657
3671,0.0079589439626714335,64693431.535116144
3672,0.0083426748209814872,64525197.042550527
3673,0.013109735532659187,59848100.924834348
3674,0.0088610373315940495,52387664.775619552
3675,0,0
3676,0,0
3677,0,0
3678,0,0
3679,0,0
3680,0,0
3681,0,0
3682,0,0
3683,0,0
3684,0,0
3685,0.010712894582486183,35214712.59323284
3686,0.01507635810061413,34838093.299811587
3687,0.0082102781504424203,38536529.350973576
3688,0.007513127654436633,36898695.821001455
3689,0.0072683655647032691,39896613.667694621
3690,0.0073463769006690029,39881698.303362437
3691,0.0076571336873731393,41148020.619581625
3692,0.0082317158930982938,42022524.069522955
3693,0.00893435985614628,43501640.163196348
3694,0.0098786534900473268,45975537.518261641
3695,0.010959755521258427,53719758.40803165
3696,0.012455778482148492,59917766.09360832
3697,0.01404167495135456,59590634.634502642
3698,0.015297059538650503,56598832.447841264
3699,0.016543386488676804,53360150.404994152
3700,0.017176560269315366,51351148.263526134
3701,0.017463461033084816,50347388.651357211
3702,0.017517292358044195,51024487.834995776
3703,0.016852262745377454,52494532.383576266
3704,0.015678219319622676,52869157.819283374
3705,0.014248257107718357,53418106.220230818
3706,0.012592983409614586,54336055.022074915
3707,0.011140083224809574,55368663.587750316
3708,0.0097789509335234181,57439476.389890507
3709,0.0089603763505515712,59956246.631912798
3710,0.0084397972664729884,62678757.685380831
3711,0.0086010057805340785,60627074.361174099
3712,0.0092466101909084216,59493953.723221689
3713,0.017061179300290542,55707629.999375589
3714,0.011980432163135445,48027200.647136703
3715,0,0
3716,0,0
3717,0,0
3718,0,0
3719,0,0
3720,0,0
3721,0,0
3722,0,0
3723,0,0
3724,0,0
3725,0.01332780977250732,32166225.14482189
3726,0.018282766772208144,31236341.06378011
3727,0.0087117222064487417,33115263.644309599
3728,0.0077909052285546473,31067182.090441331
3729,0.0075492302426884489,35039627.771088704
3730,0.0076836103617443753,35317748.092952423
3731,0.0081405652443257114,37887156.973201424
3732,0.0089343598561464378,39960514.546987228
3733,0.009930548830641716,43473847.80089125
3734,0.011319052825479093,49623768.603504516
3735,0.013014672797213937,60274631.80494684
3736,0.015452016609977394,61974334.8013978
3737,0.017722875368797065,59533617.743883498
3738,0.020156794680817734,55962925.971243478
3739,0.021749348290979006,52760829.090415582
3740,0.023232670801651412,50122773.794024989
3741,0.023884597732457984,49006249.316741727
3742,0.023540212960172346,48201382.208518825
3743,0.022482786040057698,48101349.70641724
3744,0.020439576694602116,50916600.486297503
3745,0.017987595131149069,53363915.715577655
3746,0.015324416506437821,54930969.542830676
3747,0.012933737872754342,57095677.336223118
3748,0.010969463741309807,59623287.694385596
3749,0.0097096036671008076,60657376.127731472
3750,0.0090132880357006798,61403200.224971391
3751,0.0091810517271778379,56367088.718419597
3752,0.010040250416131264,54180145.801342897
3753,0.021152437425216112,51182457.278628074
3754,0.015220362369790071,43841686.487017609
3755,0,0
3756,0,0
3757,0,0
3758,0,0
3759,0,0
3760,0,0
3761,0,0
3762,0,0
3763,0,0
3764,0,0
3765,0.015852046220049303,30352027.842501484
3766,0.021376568552671085,29349767.529416103
3767,0.0091198682571479589,28689231.9961177
3768,0.0080051892634172613,25896218.043681704
3769,0.0078431282791913814,30420851.686960507
3770,0.008105976774404897,30748164.246507727
3771,0.0087639232882296882,34658434.415748268
3772,0.0098786534900477084,38290272.668513536
3773,0.011319052825479285,43679172.881295457
3774,0.013280818780014431,53362435.184294216
3775,0.016068556003804024,64444587.676000565
3776,0.019352833199215658,62223261.350175768
3777,0.023381906257924027,58875269.486512385
3778,0.026957709992823604,55675825.29408022
3779,0.030784745362069113,52669358.167015754
3780,0.032403870455281876,48479836.736947797
3781,0.033300181502551041,44023342.446927629
3782,0.033080934789040728,45027809.046071485
3783,0.030538574242539474,48603224.268809751
3784,0.027064122156732349,48639881.050085776
3785,0.023043517588566882,47611722.233545229
3786,0.018736500435254478,53555219.66120372
3787,0.015246230976741762,57891669.947368018
3788,0.012306005643259791,62166686.547331512
3789,0.010610701050926877,62141054.463545851
3790,0.0096107744230642597,60239726.683248386
3791,0.0097238873341025257,51771404.082470588
3792,0.010741235500495461,48954147.289428122
3793,0.025238700121021564,46337832.021548241
3794,0.018449502787549206,40028262.805416025
3795,0,0
3796,0,0
3797,0,0
3798,0,0
3799,0,0
3800,0,0
3801,0,0
3802,0,0
3803,0,0
3804,0,0
3805,0.018152865256881756,29866030.30005699
3806,0.024196683283283758,29458211.73635501
3807,0.009450282778197136,25913673.293774538
3808,0.0081537271404743296,22260959.343089513
3809,0.0081347840842912397,26779391.387717798
3810,0.0085509937593469861,27188765.741550092
3811,0.0094481706179454835,32550486.515316758
3812,0.0109597555212586,37623907.601460718
3813,0.012870812497376267,44494156.027662389
3814,0.015706508577958699,55775315.385520235
3815,0.019213294127516281,66320551.710027166
3816,0.02464450182555469,63983564.013704136
3817,0.029654814525518925,60774524.441371664
3818,0.036720921989886933,58813972.211162686
3819,0.042719817191833161,56083843.292379245
3820,0.047231728936979522,51065621.883840837
3821,0.049853410753910324,45327402.993258432
3822,0.046712806338046531,38712924.778402582
3823,0.04231785165439373,35515834.317877628
3824,0.03559240329382287,36090755.221934333
3825,0.028962183214165164,46911937.643218078
3826,0.022726136478746002,49587639.575621411
3827,0.017531804563549511,58302859.994282983
3828,0.013666639722516487,65560783.458627172
3829,0.011496221299447499,63298746.058447264
3830,0.010292320192730678,58898739.511855558
3831,0.010208755032086465,47233504.882657975
3832,0.011346290847351575,44361015.904189058
3833,0.029086958774807135,41784937.127329968
3834,0.021494250548087446,36982134.128780864
3835,0,0
3836,0,0
3837,0,0
3838,0,0
3839,0,0
3840,0,0
3841,0,0
3842,0,0
3843,0,0
3844,0,0
3845,0.020121776644359417,30451967.668940991
3846,0.026609225344200925,31147771.801815681
3847,0.0097163489115846477,25068666.333139785
3848,0.0082686590917817639,20650750.857933968
3849,0.0084126250671960768,24826649.71537609
3850,0.0090115371176335678,25161833.854749773
3851,0.010153749062175917,32181110.565956827
3852,0.012111703263654794,38071417.836301468
3853,0.014648848418502221,45477559.017076664
3854,0.018222084333807381,55834752.497767583
3855,0.023630513575397246,68381652.54364638
3856,0.028690612503000843,66770637.067660391
3857,0.039059299261121005,64187054.58233799
3858,0.051162494569295523,67551094.975389034
3859,0.058903829778222123,67188648.229907945
3860,0.064042038915085781,60228571.087598786
3861,0.067761449355420708,47407298.853077836
3862,0.06444376453776815,35437279.271251917
3863,0.055032256000363114,32389498.438640151
3864,0.047046007209146486,35218594.938570775
3865,0.037226281932958391,32718284.086794939
3866,0.026293638171807746,48194001.921121389
3867,0.019486093961341617,65031873.812208042
3868,0.015085340269045202,68009486.789370447
3869,0.012607970868092309,63136201.691102028
3870,0.011078990651438218,57164751.067607328
3871,0.010696052112898711,43716624.14658691
3872,0.011838816107822562,40904244.035615079
3873,0.032478276925086494,38196132.899754144
3874,0.02418305332894824,34912026.044548087
3875,0,0
3876,0,0
3877,0,0
3878,0,0
3879,0,0
3880,0,0
3881,0,0
3882,0,0
3883,0,0
3884,0,0
3885,0.021647695613382357,31607271.435519509
3886,0.028482458269048043,33547632.913394507
3887,0.0099129423345491741,25685718.811228678
3888,0.0083479578999307649,21067726.498101827
3889,0.0086492451589891359,24482080.841639977
3890,0.0093896885812609233,25356947.372319013
3891,0.01077920629231763,33047023.973645572
3892,0.013112536227273524,39867666.537648119
3893,0.016174917624960126,46516482.846677169
3894,0.020967561887539711,54472022.601433851
3895,0.02659579303140604,67514066.116363347
3896,0.036642253975062704,70684455.034923598
3897,0.049943130396483702,72322473.966502547
3898,0.057376319538307116,75041717.920325145
3899,0.10013936387194469,82035557.357800335
3900,0.12220869985295892,85352471.802672595
3901,0.1194723085669237,61099430.37150915
3902,0.11459346694339323,45665856.614430957
3903,0.10077301447052671,61939832.448733367
3904,0.074694937664971345,55726709.424624763
3905,0.043880286142650542,37653506.54954569
3906,0.030582716970154557,66412377.13543047
3907,0.021981802407158673,71126215.664298624
3908,0.016799739601182757,71326204.147930279
3909,0.01380931182661875,64658955.269127503
3910,0.011928697695675616,56151755.84367612
3911,0.01112556491608861,42087919.106611036
3912,0.012212004043183877,39002818.944139041
3913,0.035175811898492233,35930833.803145371
3914,0.026323960766216629,33869651.65669173
3915,0,0
3916,0,0
3917,0,0
3918,0,0
3919,0,0
3920,0,0
3921,0,0
3922,0,0
3923,0,0
3924,0,0
3925,0.022659451416116739,32754862.027217288
3926,0.029714865752362676,35694278.053671688
3927,0.010041193151890766,26809597.139693096
3928,0.0083941052752559749,22314414.991914831
3929,0.0088074384051667568,25082132.512418117
3930,0.0096039161643982594,26378523.718410347
3931,0.011256283745820902,34854321.275685079
3932,0.013749939122185837,41131985.024314567
3933,0.017401675162147249,48180575.088634394
3934,0.022580798115718326,52814774.227519125
3935,0.030205084867984809,63297444.53066761
3936,0.042691905398002258,72471936.074989945
3937,0.049670374384451849,69722533.196086392
3938,0.14064674928111484,88270558.891007274
3939,0.2175040698228527,97950306.721135035
3940,0.23831176705369192,101887190.44967902
3941,0.2223406462100759,81282812.787191868
3942,0.20888059474023971,74750523.019374862
3943,0.20113287728467052,35202334.007702596
3944,0.16009867141070527,96941605.014012918
3945,0.085812750902272472,70433081.012338787
3946,0.038408994289489407,74685578.982159391
3947,0.025590542240060531,75627093.260624111
3948,0.018686839722599984,79149270.728606477
3949,0.014850307150371589,67333401.851421446
3950,0.01259638686882341,56785459.63792824
3951,0.011447497502662369,42530465.940430529
3952,0.012455078068556362,38006129.270235218
3953,0.036979763459773857,34930254.512135722
3954,0.027772966234044641,33554607.73880811
3955,0,0
3956,0,0
3957,0,0
3958,0,0
3959,0,0
3960,0,0
3961,0,0
3962,0,0
3963,0,0
3964,0,0
3965,0.02308869422384437,33453460.226727571
3966,0.030240538729516046,36940765.793132722
3967,0.010085608761263009,27616922.079686515
3968,0.0084080650784575661,23238618.616122231
3969,0.0088430498840911774,25707775.437352899
3970,0.0096872111582102221,27325876.070364472
3971,0.011364035132353716,35878435.053003088
3972,0.014094209524512954,42442916.751996726
3973,0.017499583843279654,48585075.663369372
3974,0.023684971829220986,52151645.113094918
3975,0.030950979686938832,59614826.682058349
3976,0.043841682703921914,71039389.766905189
3977,0.082860937432918225,63066914.023740597
3978,0.1993270199801854,84639363.584740624
3979,0.2122675928561282,87468897.197209746
3980,0.22627421924547905,102130147.50405115
3981,0.27646588071370687,95291597.093968138
3982,0.23869539229011927,87380790.44374615
3983,0.23356219951781498,74025164.489833608
3984,0.19280511873918793,117370838.0362304
3985,0.12322473832662234,93833259.83417359
3986,0.050590682527938143,75056950.96439071
3987,0.029687621523450988,73798315.659538835
3988,0.019261369264586596,88217725.10526149
3989,0.015467873729365048,67238129.864655614
3990,0.01280843555505367,58770769.001480326
3991,0.011600319819314576,43197352.314306252
3992,0.012533071987569089,37681836.680983521
3993,0.03775958521518815,34615286.534953326
3994,0.028393485767044698,33589236.976167306
3995,0,0
3996,0,0
3997,0,0
3998,0,0
3999,0,0
4000,0,0
4001,0,0
4002,0,0
4003,0,0
4004,0,0
4005,0.023088694223844349,33453460.226727966
4006,0.03024053872951581,36940765.793132246
4007,0.010085608761262887,27616922.079687454
4008,0.0084080650784575679,23238618.61611975
4009,0.0088430498840912034,25707775.437354401
4010,0.009687211158210262,27325876.070366032
4011,0.01136403513235372,35878435.052986205
4012,0.014094209524512511,42442916.751994781
4013,0.017499583843279484,48585075.663356893
4014,0.02368497182922058,52151645.11308004
4015,0.030950979686939193,59614826.68203681
4016,0.043841682703921608,71039389.766931728
4017,0.082860937432919946,63066914.023702413
4018,0.19932701998018507,84639363.584681347
4019,0.21226759285612817,87468897.197127908
4020,0.22627421924547939,102130147.50399747
4021,0.27646588071370648,95291597.093920916
4022,0.23869539229011885,87380790.443765357
4023,0.23356219951781382,74025164.489856347
4024,0.19280511873918879,117370838.03622593
4025,0.12322473832662105,93833259.834161952
4026,0.050590682527938441,75056950.964384362
4027,0.029687621523449888,73798315.659557819
4028,0.019261369264586572,88217725.105272204
4029,0.015467873729365143,67238129.864654824
4030,0.012808435555053749,58770769.001482837
4031,0.011600319819314437,43197352.314319797
4032,0.012533071987570064,37681836.680984244
4033,0.03775958521518815,34615286.534952626
4034,0.028393485767044691,33589236.976167098
4035,0,0
4036,0,0
4037,0,0
4038,0,0
4039,0,0
4040,0,0
4041,0,0
4042,0,0
4043,0,0
4044,0,0
4045,0.022659451416116763,32754862.027217239
4046,0.029714865752362422,35694278.053670682
4047,0.010041193151890674,26809597.139693268
4048,0.008394105275255961,22314414.991909698
4049,0.0088074384051668279,25082132.512413736
4050,0.0096039161643982837,26378523.718422547
4051,0.011256283745821124,34854321.275676802
4052,0.013749939122185523,41131985.024307944
4053,0.017401675162147686,48180575.088629186
4054,0.022580798115718,52814774.227485947
4055,0.030205084867984396,63297444.530660786
4056,0.042691905398003036,72471936.074944675
4057,0.049670374384452778,69722533.196083561
4058,0.14064674928111254,88270558.890979975
4059,0.21750406982285192,97950306.721157163
4060,0.23831176705369295,101887190.44972804
4061,0.22234064621007454,81282812.787153229
4062,0.20888059474024015,74750523.01931268
4063,0.20113287728466994,35202334.007701434
4064,0.16009867141070544,96941605.014023617
4065,0.08581275090227275,70433081.012340918
4066,0.03840899428948949,74685578.982153744
4067,0.025590542240060136,75627093.260626286
4068,0.018686839722599734,79149270.728612661
4069,0.01485030715037121,67333401.851426825
4070,0.012596386868823707,56785459.637925878
4071,0.011447497502662236,42530465.940428734
4072,0.012455078068557378,38006129.270232275
4073,0.036979763459773864,34930254.512135014
4074,0.027772966234044696,33554607.738807827
4075,0,0
4076,0,0
4077,0,0
4078,0,0
4079,0,0
4080,0,0
4081,0,0
4082,0,0
4083,0,0
4084,0,0
4085,0.021647695613382343,31607271.435519498
4086,0.028482458269047817,33547632.913393561
4087,0.0099129423345490787,25685718.811228551
4088,0.0083479578999307025,21067726.498097744
4089,0.0086492451589891706,24482080.841638725
4090,0.0093896885812610655,25356947.372318771
4091,0.010779206292318003,33047023.9736447
4092,0.013112536227273252,39867666.537643746
4093,0.016174917624960268,46516482.846683055
4094,0.020967561887540759,54472022.601426497
4095,0.026595793031406346,67514066.116333798
4096,0.036642253975063287,70684455.034922481
4097,0.049943130396483723,72322473.966496021
4098,0.05737631953830806,75041717.920288861
4099,0.10013936387194534,82035557.357818022
4100,0.12220869985295929,85352471.802679107
4101,0.11947230856692381,61099430.371499687
4102,0.11459346694339444,45665856.614444025
4103,0.10077301447052793,61939832.448730625
4104,0.074694937664972053,55726709.424646035
4105,0.043880286142649848,37653506.549566306
4106,0.030582716970154813,66412377.135425143
4107,0.021981802407158635,71126215.66431585
4108,0.016799739601182914,71326204.147945687
4109,0.013809311826618525,64658955.269136973
4110,0.011928697695675798,56151755.843671389
4111,0.011125564916088482,42087919.106606372
4112,0.012212004043184859,39002818.944129542
4113,0.035175811898492351,35930833.803144701
4114,0.026323960766216629,33869651.656690694
4115,0,0
4116,0,0
4117,0,0
4118,0,0
4119,0,0
4120,0,0
4121,0,0
4122,0,0
4123,0,0
4124,0,0
4125,0.020121776644359379,30451967.668941543
4126,0.026609225344200686,31147771.801815744
4127,0.0097163489115845852,25068666.333141513
4128,0.0082686590917816789,20650750.85793243
4129,0.0084126250671960404,24826649.715375662
4130,0.0090115371176335609,25161833.85474709
4131,0.010153749062176047,32181110.5659495
4132,0.012111703263654515,38071417.83629933
4133,0.014648848418502692,45477559.017094091
4134,0.018222084333807752,55834752.497729488
4135,0.023630513575397277,68381652.543655559
4136,0.028690612503000968,66770637.067657337
4137,0.039059299261119701,64187054.582315914
4138,0.051162494569295752,67551094.975394845
4139,0.058903829778221818,67188648.229938179
4140,0.064042038915085864,60228571.087611727
4141,0.067761449355420278,47407298.853081942
4142,0.064443764537768441,35437279.271258354
4143,0.055032256000362566,32389498.438638091
4144,0.04704600720914652,35218594.938559003
4145,0.037226281932957322,32718284.08679913
4146,0.026293638171806896,48194001.921126284
4147,0.019486093961341829,65031873.812200733
4148,0.01508534026904546,68009486.789369136
4149,0.012607970868091883,63136201.691114761
4150,0.011078990651438398,57164751.067612663
4151,0.010696052112898454,43716624.146589197
4152,0.011838816107823457,40904244.035613559
4153,0.032478276925086515,38196132.899757974
4154,0.02418305332894825,34912026.044548728
4155,0,0
4156,0,0
4157,0,0
4158,0,0
4159,0,0
4160,0,0
4161,0,0
4162,0,0
4163,0,0
4164,0,0
4165,0.018152865256881718,29866030.300057139
4166,0.024196683283283577,29458211.736353766
4167,0.0094502827781971031,25913673.293775681
4168,0.0081537271404743244,22260959.343086317
4169,0.0081347840842910957,26779391.387714051
4170,0.0085509937593469844,27188765.741543323
4171,0.0094481706179455425,32550486.515299149
4172,0.01095975552125826,37623907.601452485
4173,0.01287081249737634,44494156.027675509
4174,0.015706508577958946,55775315.385504834
4175,0.019213294127517048,66320551.710032187
4176,0.024644501825556327,63983564.013703376
4177,0.029654814525519168,60774524.44135005
4178,0.036720921989886489,58813972.211210214
4179,0.042719817191833279,56083843.292391129
4180,0.047231728936979869,51065621.883891009
4181,0.049853410753910352,45327402.993316323
4182,0.04671280633804642,38712924.778386734
4183,0.042317851654393328,35515834.317850895
4184,0.035592403293822829,36090755.221966222
4185,0.028962183214164799,46911937.643256463
4186,0.022726136478746238,49587639.575654514
4187,0.01753180456354899,58302859.994302459
4188,0.013666639722516702,65560783.458609492
4189,0.011496221299447518,63298746.058444038
4190,0.010292320192731012,58898739.511852205
4191,0.010208755032086238,47233504.882655904
4192,0.011346290847352348,44361015.904185876
4193,0.029086958774807183,41784937.127329685
4194,0.021494250548087439,36982134.12878146
4195,0,0
4196,0,0
4197,0,0
4198,0,0
4199,0,0
4200,0,0
4201,0,0
4202,0,0
4203,0,0
4204,0,0
4205,0.015852046220049293,30352027.842501145
4206,0.021376568552670911,29349767.529416975
4207,0.0091198682571478965,28689231.99611738
4208,0.0080051892634171902,25896218.04368154
4209,0.0078431282791912027,30420851.686959397
4210,0.0081059767744047165,30748164.246510439
4211,0.0087639232882297784,34658434.415754654
4212,0.0098786534900474361,38290272.668517396
4213,0.01131905282547953,43679172.881298274
4214,0.013280818780014251,53362435.184288628
4215,0.016068556003804722,64444587.676017098
4216,0.019352833199215321,62223261.350175679
4217,0.023381906257924395,58875269.486500241
4218,0.026957709992823983,55675825.2940685
4219,0.030784745362068128,52669358.167032421
4220,0.032403870455281682,48479836.736991167
4221,0.033300181502551172,44023342.447005011
4222,0.033080934789041228,45027809.046074204
4223,0.030538574242539626,48603224.268761747
4224,0.027064122156732283,48639881.050081775
4225,0.023043517588566285,47611722.233557254
4226,0.018736500435254724,53555219.66122143
4227,0.015246230976742063,57891669.947371982
4228,0.012306005643259798,62166686.547330454
4229,0.010610701050926997,62141054.463550836
4230,0.0096107744230644922,60239726.683243774
4231,0.0097238873341024025,51771404.082470246
4232,0.010741235500496148,48954147.289431781
4233,0.025238700121021605,46337832.021548241
4234,0.018449502787549213,40028262.805415772
4235,0,0
4236,0,0
4237,0,0
4238,0,0
4239,0,0
4240,0,0
4241,0,0
4242,0,0
4243,0,0
4244,0,0
4245,0.01332780977250728,32166225.144822005
4246,0.018282766772208022,31236341.0637802
4247,0.0087117222064486584,33115263.644311495
4248,0.007790905228554623,31067182.090443961
4249,0.0075492302426884341,35039627.771090172
4250,0.007683610361744404,35317748.092954412
4251,0.008140565244325472,37887156.973202437
4252,0.0089343598561463355,39960514.546993196
4253,0.0099305488306417455,43473847.800884485
4254,0.0113190528254792,49623768.603498243
4255,0.013014672797214501,60274631.804942988
4256,0.015452016609977989,61974334.80140236
4257,0.017722875368797103,59533617.743879996
4258,0.02015679468081813,55962925.971227676
4259,0.021749348290978868,52760829.090375617
4260,0.023232670801652058,50122773.794037603
4261,0.023884597732458043,49006249.316720635
4262,0.02354021296017204,48201382.208501726
4263,0.022482786040058156,48101349.706392288
4264,0.020439576694601801,50916600.486298755
4265,0.017987595131148299,53363915.71557606
4266,0.015324416506438043,54930969.542838939
4267,0.012933737872754187,57095677.336225308
4268,0.010969463741309497,59623287.694381058
4269,0.0097096036671006063,60657376.127728082
4270,0.009013288035700737,61403200.224970162
4271,0.0091810517271776765,56367088.718417339
4272,0.010040250416131736,54180145.801345013
4273,0.021152437425216108,51182457.278629407
4274,0.015220362369790059,43841686.487017058
4275,0,0
4276,0,0
4277,0,0
4278,0,0
4279,0,0
4280,0,0
4281,0,0
4282,0,0
4283,0,0
4284,0,0
4285,0.01071289458248618,35214712.593232468
4286,0.015076358100613984,34838093.299811929
4287,0.0082102781504423874,38536529.350973204
4288,0.0075131276544365081,36898695.821002379
4289,0.0072683655647031702,39896613.667698525
4290,0.0073463769006688641,39881698.303365044
4291,0.0076571336873732555,41148020.619578704
4292,0.0082317158930979694,42022524.069518641
4293,0.0089343598561461603,43501640.163186185
4294,0.0098786534900474968,45975537.518254615
4295,0.01095975552125858,53719758.408034131
4296,0.012455778482149037,59917766.093616448
4297,0.014041674951354857,59590634.634508573
4298,0.015297059538650818,56598832.447818898
4299,0.016543386488676648,53360150.404977091
4300,0.017176560269314883,51351148.263526082
4301,0.017463461033084465,50347388.651327923
4302,0.017517292358043987,51024487.834978849
4303,0.016852262745376753,52494532.383559629
4304,0.015678219319622669,52869157.819264196
4305,0.014248257107717698,53418106.220232941
4306,0.012592983409614259,54336055.022085808
4307,0.011140083224809284,55368663.587748051
4308,0.0097789509335232325,57439476.389888182
4309,0.0089603763505513162,59956246.631913818
4310,0.008439797266473037,62678757.685379781
4311,0.0086010057805340229,60627074.361174546
4312,0.0092466101909088848,59493953.723222867
4313,0.017061179300290587,55707629.999375366
4314,0.011980432163135442,48027200.64713674
4315,0,0
4316,0,0
4317,0,0
4318,0,0
4319,0,0
4320,0,0
4321,0,0
4322,0,0
4323,0,0
4324,0,0
4325,0.0081192360918930125,39189518.158005968
4326,0.01187239025972989,39526035.055190161
4327,0.0075753529317739553,44366741.38304875
4328,0.0071450518120731226,42910598.766099982
4329,0.006971808440832979,44665678.533751793
4330,0.0070289362612714077,44062524.56336955
4331,0.0072552831350841838,44115519.764118031
4332,0.007657133687373344,43932622.06602437
4333,0.008140565244325642,43777646.361405969
4334,0.0087639232882300612,44146906.833519973
4335,0.0094481706179456258,46620267.629555479
4336,0.010237100896868634,52561796.031831287
4337,0.011139805130517667,56105179.674955122
4338,0.012046176419758923,55561708.623054966
4339,0.012578956002805303,52125321.329312965
4340,0.012978661073992368,49651993.880826928
4341,0.013163698946630539,49053319.779659435
4342,0.013133030731910704,49689662.537669033
4343,0.012854165106220387,50235527.831972778
4344,0.012247238343728843,51487542.512810998
4345,0.01142811838046873,51884716.517013155
4346,0.01048353445462478,52869606.551263914
4347,0.0095827272659967291,54145603.915314957
4348,0.0087690959806561025,57158450.689167559
4349,0.008220705444038752,60841417.166797727
4350,0.00786669645840502,64649308.004956909
4351,0.0079589439626713693,64693431.535115264
4352,0.0083426748209818932,64525197.042549357
4353,0.013109735532659225,59848100.924834117
4354,0.0088610373315940322,52387664.775619596
4355,0,0
4356,0,0
4357,0,0
4358,0,0
4359,0,0
4360,0,0
4361,0,0
4362,0,0
4363,0,0
4364,0,0
4365,0.005671126532255889,43452033.820433393
4366,0.0087987891303868797,44680520.056003913
4367,0.0067889847617285445,50109332.352291554
4368,0.0067151194275381302,48581836.754732385
4369,0.0066980282703749958,48853221.784910187
4370,0.0068368990235711871,47347481.779580988
4371,0.0070289362612712984,46126113.839336507
4372,0.0073463769006688398,44789928.702529483
4373,0.0076836103617442487,43581347.06217216
4374,0.0081059767744043609,42407373.879173823
4375,0.0085509937593468786,42129559.660840988
4376,0.0090115371176334759,43554064.718397468
4377,0.0094854898854384948,46868202.067469671
4378,0.0099159898241048348,48083814.671556376
4379,0.010296297536226772,47048583.148698941
4380,0.010481377510096779,44347731.947320387
4381,0.010571680614989037,43194194.46183648
4382,0.010653265193197734,43804992.955051132
4383,0.010495626821601116,45281493.223826319
4384,0.010146235700122639,46582995.146891505
4385,0.0096933286067972975,48169519.035475299
4386,0.009127959756497472,50265206.586902685
4387,0.0085979441768043261,53276360.782160945
4388,0.008050812066254848,57496091.761771128
4389,0.0076868491454392934,62356418.749314919
4390,0.0073494008779440021,66802702.028858759
4391,0.0073075376710004082,68221920.080307916
4392,0.0073095257338161267,68853010.009538412
4393,0.0094469429204826448,63539451.740593433
4394,0.0059998432881830967,56566476.659592316
4395,0,0
4396,0,0
4397,0,0
4398,0,0
4399,0,0
4400,0,0
4401,0,0
4402,0,0
4403,0,0
4404,0,0
4405,0.003445324222575707,47273577.244134463
4406,0.005897291601878467,49466993.235043839
4407,0.0057402927313576022,55252046.713813692
4408,0.0062366441733417389,53648475.935914271
4409,0.0063650603520441903,52488887.61293681
4410,0.0066980282703752222,49954024.964155667
4411,0.0069718084408331889,47528713.064937748
4412,0.0072683655647035232,45140452.951708183
4413,0.0075492302426887811,43050945.566271849
4414,0.0078431282791916017,41158965.657464765
4415,0.0081347840842914427,39411950.917749919
4416,0.0084126250671965989,38567953.59991388
4417,0.008649245158989698,38684903.842246637
4418,0.0088074384051671332,40037232.71903874
4419,0.0089627908546578219,40930272.319979265
4420,0.009113440555140186,41080898.073551983
4421,0.0091710656003863161,40265158.49731686
4422,0.0091916253107974938,40782813.520746216
4423,0.0091023164651681011,42608564.119773269
4424,0.008926200583739153,45252621.847800441
4425,0.0086688200093077428,48086325.021461442
4426,0.0083495709039418109,51493641.800693534
4427,0.0079971274084293387,55353545.075271942
4428,0.0076106691101893659,60035230.346478678
4429,0.0072491968308058671,64860684.369731911
4430,0.0068440387813797233,69110538.043332011
4431,0.0066210761521064854,71245290.853109881
4432,0.0060302366652905167,72140565.007052585
4433,0.0061218015410404681,65780635.647390805
4434,0.0034863149650551676,58708779.145074986
4435,0,0
4436,0,0
4437,0,0
4438,0,0
4439,0,0
4440,0,0
4441,0,0
4442,0,0
4443,0,0
4444,0,0
4445,0.0016286713688510081,52414475.032389954
4446,0.0036665780612834403,53746644.708802603
4447,0.0046945190380832166,59030349.670192897
4448,0.0057212754387373291,57140534.277528062
4449,0.006236644173341588,54338173.644274801
4450,0.0067151194275380868,50402349.053195737
4451,0.007145051812073042,46505138.781976983
4452,0.0075131276544364708,42955663.164910853
4453,0.0077909052285545111,40027943.498911262
4454,0.0080051892634170913,37524107.293112896
4455,0.0081537271404741336,35231719.935279444
4456,0.0082686590917815869,32743796.497332253
4457,0.0083479578999305637,30397698.110477597
4458,0.0083941052752556904,28560760.834823914
4459,0.0084080650784574204,28529742.045360379
4460,0.0084155746357759617,30859373.170944653
4461,0.0085082662653806988,33426428.80741851
4462,0.0086018117603232323,35051803.278681047
4463,0.008641778699641665,37453375.495403223
4464,0.0085961835007497614,40757626.166299656
4465,0.0084852528102802669,44843722.433595769
4466,0.0082759144933736602,49346541.807531439
4467,0.0079811545672193954,54264251.521253273
4468,0.0075756690594155733,59543490.752282225
4469,0.0070880738326619102,64803480.639740057
4470,0.0065297681019736518,69539473.311737418
4471,0.0059308132142449708,71976642.05514577
4472,0.00482008291973065,71657454.211681202
4473,0.0036665780612834416,64526466.107407026
4474,0.0016286713688510167,59010192.827543542
4475,0,0
4476,0,0
4477,0,0
4478,0,0
4479,0,0
4480,0,0
4481,0,0
4482,0,0
4483,0,0
4484,0,0
4485,0.00038207892820364242,50960697.09530668
4486,0.0016741991505223896,58896969.647881187
4487,0.0031750164442792251,61234826.521099046
4488,0.0046945190380833224,59334397.071906209
4489,0.0057402927313576274,56068992.871586867
4490,0.0067889847617285549,51776011.299887858
4491,0.0075753529317739163,47277706.246473089
4492,0.0082102781504423926,43034363.899162814
4493,0.0087117222064486601,39292752.75852067
4494,0.0091198682571478427,36118600.347651109
4495,0.0094502827781970267,33440040.403904196
4496,0.0097163489115845263,31302785.115421601
4497,0.0099129423345490509,29626265.30912286
4498,0.010041193151890577,28566980.94810769
4499,0.010085608761262799,28498967.719601527
4500,0.010085608761262958,30271486.638670225
4501,0.010041193151890768,34586468.516689874
4502,0.0099650972694398897,38695535.47856424
4503,0.0098877394007023164,41675063.162189007
4504,0.0096964707520521189,44632666.28740292
4505,0.0093976103831657325,48230979.844041325
4506,0.0089967205236276861,52430875.688790254
4507,0.008483116524887091,56944076.204683848
4508,0.0078185041323803953,61670836.502711795
4509,0.0069799581680606137,66029570.216449186
4510,0.0058600109689357725,68835982.469100431
4511,0.0047595194374251389,70381612.32234861
4512,0.0031750164442791609,69175245.719654635
4513,0.0016741991505223712,64095763.131002836
4514,0.00038207892820364448,54489745.6176432
4515,0,0
4516,0,0
4517,0,0
4518,0,0
4519,0,0
4520,0,0
4521,0,0
4522,0,0
4523,0,0
4524,0,0
4525,0,32516134.553817991
4526,0.00028024498026205677,53400700.333565086
4527,0.0016741991505223805,58864775.845228538
4528,0.0036665780612834716,53881493.956532784
4529,0.0058972916018785095,49850043.378199764
4530,0.0087987891303869335,45443949.387795486
4531,0.011872390259729968,40881560.277442686
4532,0.015076358100614105,36933536.218888439
4533,0.018282766772208123,33910994.074927516
4534,0.021376568552671036,31935897.621977504
4535,0.024196683283283688,30973004.160265747
4536,0.026609225344200821,30795884.387667529
4537,0.028482458269047946,31260712.157963537
4538,0.029714865752362568,32278241.34446273
4539,0.030240538729516042,33893998.956371725
4540,0.030240538729515796,36096558.159242347
4541,0.029714865752362398,38988230.817067869
4542,0.028482458269047776,43081133.917963631
4543,0.026674678388570055,45549773.249841437
4544,0.024408298042484247,46214757.564401291
4545,0.02167830322536661,46975447.156794801
4546,0.018608941912935648,48781389.297629513
4547,0.015361829918469756,51567981.909411125
4548,0.012070333765555018,54831168.938654862
4549,0.0088879562823666585,57982645.987375475
4550,0.0058972916018784809,59883737.334628291
4551,0.0036665780612834516,60256894.950259902
4552,0.0016741991505223538,62822990.708965845
4553,0.00028024498026205672,56532878.522227399
4554,0,34542957.34849827
4555,0,0
4556,0,0
4557,0,0
4558,0,0
4559,0,0
4560,0,0
4561,0,0
4562,0,0
4563,0,0
4564,0,0
4565,0,17552346.818708505
4566,0,32454902.735167649
4567,0.00038207892820363607,50886100.567538664
4568,0.0016286713688510083,52388526.730960146
4569,0.003445324222575688,47383665.746336147
4570,0.0056711265322558725,43851706.048008434
4571,0.0081192360918929882,40107020.112527013
4572,0.010712894582486136,36803142.725891799
4573,0.013327809772507276,34360808.613658272
4574,0.015852046220049258,32796507.584596884
4575,0.018152865256881708,31993269.637179308
4576,0.020121776644359348,31784281.309363864
4577,0.021647695613382305,32085061.995758761
4578,0.022659451416116704,32882292.061352044
4579,0.023088694223844249,34095366.832470395
4580,0.023088694223844304,35752769.723977879
4581,0.022659451416116732,37754327.793167084
4582,0.021647695613382339,39649014.322578184
4583,0.020121776644359372,42116544.591387793
4584,0.018152865256881701,44912603.474179454
4585,0.015872746811439652,46462299.132433489
4586,0.013372867756330209,47720171.578404464
4587,0.010744966711200492,49047071.097501829
4588,0.0081192360918929968,50250449.709699191
4589,0.0056711265322558846,50963997.103520229
4590,0.0034453242225757066,52244557.322947569
4591,0.0016286713688510057,55709971.122228086
4592,0.00038207892820363586,53224522.90326295
4593,0,34166875.78960456
4594,0,18525977.820807893
4595,0,0
4596,0,0
4597,0,0
4598,0,0
4599,0,0
4600,0,0
4601,0,0
4602,0,0
4603,0,0
4604,0,0
4605,0,0
4606,0,0
4607,0,0
4608,0,0
4609,0,0
4610,0,0
4611,0,0
4612,0,0
4613,0,0
4614,0,0
4615,0,0
4616,0,0
4617,0,0
4618,0,0
4619,0,0
4620,0,0
4621,0,0
4622,0,0
4623,0,0
4624,0,0
4625,0,0
4626,0,0
4627,0,0
4628,0,0
4629,0,0
4630,0,0
4631,0,0
4632,0,0
4633,0,0
4634,0,0
4635,0,0
4636,0,0
4637,0,0
4638,0,0
4639,0,0
4640,0,0
4641,0,0
4642,0,0
4643,0,0
4644,0,0
4645,0,0
4646,0,0
4647,0,0
4648,0,0
4649,0,0
4650,0,0
4651,0,0
4652,0,0
4653,0,0
4654,0,0
4655,0,0
4656,0,0
4657,0,0
4658,0,0
4659,0,0
4660,0,0
4661,0,0
4662,0,0
4663,0,0
4664,0,0
4665,0,0
4666,0,0
4667,0,0
4668,0,0
4669,0,0
4670,0,0
4671,0,0
4672,0,0
4673,0,0
4674,0,0
4675,0,0
4676,0,0
4677,0,0
4678,0,0
4679,0,0
4680,0,0
4681,0,0
4682,0,0
4683,0,0
4684,0,0
4685,0,0
4686,0,0
4687,0,0
4688,0,0
4689,0,0
4690,0,0
4691,0,0
4692,0,0
4693,0,0
4694,0,0
4695,0,0
4696,0,0
4697,0,0
4698,0,0
4699,0,0
4700,0,0
4701,0,0
4702,0,0
4703,0,0
4704,0,0
4705,0,0
4706,0,0
4707,0,0
4708,0,0
4709,0,0
4710,0,0
4711,0,0
4712,0,0
4713,0,0
4714,0,0
4715,0,0
4716,0,0
4717,0,0
4718,0,0
4719,0,0
4720,0,0
4721,0,0
4722,0,0
4723,0,0
4724,0,0
4725,0,0
4726,0,0
4727,0,0
4728,0,0
4729,0,0
4730,0,0
4731,0,0
4732,0,0
4733,0,0
4734,0,0
4735,0,0
4736,0,0
4737,0,0
4738,0,0
4739,0,0
4740,0,0
4741,0,0
4742,0,0
4743,0,0
4744,0,0
4745,0,0
4746,0,0
4747,0,0
4748,0,0
4749,0,0
4750,0,0
4751,0,0
4752,0,0
4753,0,0
4754,0,0
4755,0,0
4756,0,0
4757,0,0
4758,0,0
4759,0,0
4760,0,0
4761,0,0
4762,0,0
4763,0,0
4764,0,0
4765,0,0
4766,0,0
4767,0,0
4768,0,0
4769,0,0
4770,0,0
4771,0,0
4772,0,0
4773,0,0
4774,0,0
4775,0,0
4776,0,0
4777,0,0
4778,0,0
4779,0,0
4780,0,0
4781,0,0
4782,0,0
4783,0,0
4784,0,0
4785,0,0
4786,0,0
4787,0,0
4788,0,0
4789,0,0
4790,0,0
4791,0,0
4792,0,0
4793,0,0
4794,0,0
4795,0,0
4796,0,0
4797,0,0
4798,0,0
4799,0,0
4800,0,0
4801,0,0
4802,0,0
4803,0,0
4804,0,0
4805,0,0
4806,0,0
4807,0,0
4808,0,0
4809,0,0
4810,0,0
4811,0,0
4812,0,0
4813,0,0
4814,0,0
4815,0,0
4816,0,0
4817,0,0
4818,0,0
4819,0,0
4820,0,0
4821,0,0
4822,0,0
4823,0,0
4824,0,0
4825,0,0
4826,0,0
4827,0,0
4828,0,0
4829,0,0
4830,0,0
4831,0,0
4832,0,0
4833,0,0
4834,0,0
4835,0,0
4836,0,0
4837,0,0
4838,0,0
4839,0,0
4840,0,0
4841,0,0
4842,0,0
4843,0,0
4844,0,0
4845,0,0
4846,0,0
4847,0,0
4848,0,0
4849,0,0
4850,0,0
4851,0,0
4852,0,0
4853,0,0
4854,0,0
4855,0,0
4856,0,0
4857,0,0
4858,0,0
4859,0,0
4860,0,0
4861,0,0
4862,0,0
4863,0,0
4864,0,0
4865,0,0
4866,0,0
4867,0,0
4868,0,0
4869,0,0
4870,0,0
4871,0,0
4872,0,0
4873,0,0
4874,0,0
4875,0,0
4876,0,0
4877,0,0
4878,0,0
4879,0,0
4880,0,0
4881,0,0
4882,0,0
4883,0,0
4884,0,0
4885,0,0
4886,0,0
4887,0,0
4888,0,0
4889,0,0
4890,0,0
4891,0,0
4892,0,0
4893,0,0
4894,0,0
4895,0,0
4896,0,0
4897,0,0
4898,0,0
4899,0,0
4900,0,0
4901,0,0
4902,0,0
4903,0,0
4904,0,0
4905,0,0
4906,0,0
4907,0,0
4908,0,0
4909,0,0
4910,0,0
4911,0,0
4912,0,0
4913,0,0
4914,0,0
4915,0,0
4916,0,0
4917,0,0
4918,0,0
4919,0,0
4920,0,0
4921,0,0
4922,0,0
4923,0,0
4924,0,0
4925,0,0
4926,0,0
4927,0,0
4928,0,0
4929,0,0
4930,0,0
4931,0,0
4932,0,0
4933,0,0
4934,0,0
4935,0,0
4936,0,0
4937,0,0
4938,0,0
4939,0,0
4940,0,0
4941,0,0
4942,0,0
4943,0,0
4944,0,0
4945,0,0
4946,0,0
4947,0,0
4948,0,0
4949,0,0
4950,0,0
4951,0,0
4952,0,0
4953,0,0
4954,0,0
4955,0,0
4956,0,0
4957,0,0
4958,0,0
4959,0,0
4960,0,0
4961,0,0
4962,0,0
4963,0,0
4964,0,0
4965,0,0
4966,0,0
4967,0,0
4968,0,0
4969,0,0
4970,0,0
4971,0,0
4972,0,0
4973,0,0
4974,0,0
4975,0,0
4976,0,0
4977,0,0
4978,0,0
4979,0,0
4980,0,0
4981,0,0
4982,0,0
4983,0,0
4984,0,0
4985,0,0
4986,0,0
4987,0,0
4988,0,0
4989,0,0
4990,0,0
4991,0,0
4992,0,0
4993,0,0
4994,0,0
4995,0,0
4996,0,0
4997,0,0
4998,0,0
4999,0,0
5000,0,0
5001,0,0
5002,0,0
5003,0,0
5004,0,0
5005,0,23312097.711999655
5006,0.00013837596026424159,47042220.262565441
5007,0.0015386221426217821,51351617.550409138
5008,0.0037745058386287433,40864354.501766704
5009,0.0069476355405932366,33703140.382147282
5010,0.010745086294581352,29640877.674254898
5011,0.014987366602978707,29568859.600855742
5012,0.01943175987683872,33605587.522909097
5013,0.023918290085685197,39056133.59115731
5014,0.028205814432150714,44027717.176723003
5015,0.032109280427625252,47407104.89255432
5016,0.035420151847352276,48801954.226359509
5017,0.037988300841136843,48120832.373723745
5018,0.039672306888795125,45705329.095316969
5019,0.040381866330100984,42233166.096121959
5020,0.040381866330101018,38844685.857944131
5021,0.039672306888795209,36164428.571725957
5022,0.037988300841136947,35637467.797152489
5023,0.035492026573237814,36237772.810639448
5024,0.032385673662448655,35417818.305857599
5025,0.02861284254650406,34772264.923468634
5026,0.024382156491787734,34916625.039326966
5027,0.019867722402941893,36354726.525884748
5028,0.015330507256073402,39677054.292756043
5029,0.01095467091923355,44993914.613475449
5030,0.0070128881156280342,50413874.170446381
5031,0.0037745058386287602,54013529.445179172
5032,0.0015386221426217928,60401634.585741758
5033,0.00013837596026424609,52004292.248474598
5034,0,25123695.006886724
5035,0,0
5036,0,0
5037,0,0
5038,0,0
5039,0,0
5040,0,0
5041,0,0
5042,0,0
5043,0,0
5044,0,0
5045,0.00013837596026424295,47088827.072933964
5046,0.0011842683759587071,56789720.565289021
5047,0.0033990994289581013,48628730.947961524
5048,0.0061213557976711221,41392000.554698944
5049,0.0094532345480744535,35417695.622713476
5050,0.013589333354151864,30537748.36369754
5051,0.018011178511756359,27381880.956718292
5052,0.022543181695023767,27234185.001670782
5053,0.027077187050376213,29175067.5745579
5054,0.031404539262775116,31885004.206154957
5055,0.035348569849435144,34079262.727883153
5056,0.038701426825628098,35187402.034683779
5057,0.04130383416515971,35198719.223026678
5058,0.043006590384011993,34756874.362061329
5059,0.043734093168106059,34660828.475495555
5060,0.043734093168105712,35446781.934978977
5061,0.043006590384011639,37988667.045661114
5062,0.041365070123450545,38435655.517867416
5063,0.039042160432857881,36602322.790414482
5064,0.035958409446609885,35899789.651294529
5065,0.032181574821559839,36042647.631145097
5066,0.027918447720561221,37467969.417055123
5067,0.023340461003521294,40375593.419862762
5068,0.018680044378138888,44639761.743572593
5069,0.014077000936526772,50055163.170388609
5070,0.009741971316550144,55819266.419672094
5071,0.0063096521163095937,61083033.277289651
5072,0.0034248694934991357,64436044.09477099
5073,0.0011842683759587143,67317064.6756531
5074,0.00013837596026424474,52728887.593260199
5075,0,0
5076,0,0
5077,0,0
5078,0,0
5079,0,0
5080,0,0
5081,0,0
5082,0,0
5083,0,0
5084,0,0
5085,0.0015386221426217648,51308925.565424159
5086,0.0033990994289580783,48432412.177314989
5087,0.0058553747091427905,48191420.353827
5088,0.0080695447128929076,44699383.460238703
5089,0.0097623151841670051,41123307.013297044
5090,0.010917521319575817,37153537.067508541
5091,0.011770925995808151,34158536.039969623
5092,0.01236760826334647,33354117.750805512
5093,0.012805074426865308,34176785.159695491
5094,0.013086111928477166,35935658.720412806
5095,0.013315155997107505,37373133.085879669
5096,0.013454352058487712,38229479.998708829
5097,0.013535718699210192,38028833.549763463
5098,0.013565860036643163,37024921.979441918
5099,0.013556580815729097,35888032.869382381
5100,0.013661186862147113,34461921.207781307
5101,0.01383656510213762,31465457.08039226
5102,0.013968735919003203,30863636.001785424
5103,0.014057847636762247,32163738.464276657
5104,0.014027702324456945,34207277.658341512
5105,0.013874004291225943,37208959.343793832
5106,0.013626199363302956,40962897.150270395
5107,0.013196736559503972,45422280.609684974
5108,0.012587353681822349,50169605.604528256
5109,0.01167906785620404,55170232.841686361
5110,0.010429029911271972,59813263.829013564
5111,0.0085892032484652936,63475145.959794655
5112,0.0061733333677051125,66157880.47543218
5113,0.0034663658095645698,65916157.482308336
5114,0.0015386221426217763,62694251.357557163
5115,0,0
5116,0,0
5117,0,0
5118,0,0
5119,0,0
5120,0,0
5121,0,0
5122,0,0
5123,0,0
5124,0,0
5125,0.0037745058386287399,40541044.390843131
5126,0.0061213557976711498,40602447.549448989
5127,0.0080695447128930394,43830063.382721834
5128,0.0094347823783001317,41144166.880885638
5129,0.010311319195553162,38349779.01652582
5130,0.011127896457101371,35608639.746733181
5131,0.011753820091918389,34296097.191131674
5132,0.012209198234117815,35554389.970097937
5133,0.012531917268550437,38426767.578084186
5134,0.012710736609507452,42094939.000490986
5135,0.012777619143832198,45381082.817524135
5136,0.012765249425386893,47291098.192346223
5137,0.012711486965743365,48071596.533666886
5138,0.012722766189631522,46314181.715210989
5139,0.012854256012364148,41674152.304884501
5140,0.013041436303297894,36446421.156706765
5141,0.013281782504755693,33970848.127291828
5142,0.013486614025677923,33818787.556534059
5143,0.013684744464315064,34995886.08007063
5144,0.013800163281668443,36890315.113503009
5145,0.013793520265400223,39479004.865231089
5146,0.013642522617655257,42391157.119511984
5147,0.013318230450160303,45899843.503843419
5148,0.012836869721414309,49514744.393337943
5149,0.012145028620241411,53635259.336645164
5150,0.011265339779008164,57563338.570151553
5151,0.010271778189408758,61126268.31287723
5152,0.0087394233767070072,63372452.749495357
5153,0.0064981621718780309,62237484.575893171
5154,0.0038783647718848772,59110009.612352796
5155,0,0
5156,0,0
5157,0,0
5158,0,0
5159,0,0
5160,0,0
5161,0,0
5162,0,0
5163,0,0
5164,0,0
5165,0.0069476355405932045,33030273.070580393
5166,0.0094532345480744899,33850164.407511681
5167,0.0097623151841670763,38845828.195149086
5168,0.010311319195553025,36745496.228701308
5169,0.01056921545599945,35876197.585109629
5170,0.010809174267687778,35914592.892629348
5171,0.011071369079589947,37107468.179126032
5172,0.011296916865008519,40473502.475411713
5173,0.011530218645059131,44720978.106881134
5174,0.011703357268357611,49713049.054065406
5175,0.011852737964873869,54059231.361530796
5176,0.012058638112730863,56896104.145387679
5177,0.012324027483082044,54858170.611287132
5178,0.012575064303673843,49756878.141213305
5179,0.012759074509725347,44858343.805611528
5180,0.013009761800810092,42023434.042675987
5181,0.013200743355317155,41413371.193239778
5182,0.013367979891716205,42395336.433790229
5183,0.013475887296869314,43972103.115294538
5184,0.013501303152324713,45783805.667421758
5185,0.013389751744578557,47543718.777306616
5186,0.01320663858965725,48908343.232207149
5187,0.012900290793812857,50387828.5034246
5188,0.012599988732498192,51719920.873963252
5189,0.01222939641046742,53804622.445337847
5190,0.011902017887913768,55593954.341096163
5191,0.011467885050140406,57711129.325207874
5192,0.010802829831875815,59342804.220219761
5193,0.010216165464217929,56922403.874088503
5194,0.007454442831630193,52445184.452400662
5195,0,0
5196,0,0
5197,0,0
5198,0,0
5199,0,0
5200,0,0
5201,0,0
5202,0,0
5203,0,0
5204,0,0
5205,0.01074508629458132,29209865.11767723
5206,0.013589333354151903,28486267.914022177
5207,0.010917521319575983,32595838.377290376
5208,0.011127896457101162,31033638.664938476
5209,0.010809174267687941,32446191.95949645
5210,0.010967930334128392,35022097.6865995
5211,0.011222843893915686,38308735.198095441
5212,0.011561844157062755,43501226.174373619
5213,0.011939177649568923,49050892.784207225
5214,0.012336615263121208,55137981.427947767
5215,0.012791620262212334,61085848.99730216
5216,0.013383585831926377,61639464.379858531
5217,0.013978098528791231,57563722.038579069
5218,0.014490190092575912,53392548.032870606
5219,0.015009692516927787,50570607.081110932
5220,0.015293496248508658,49459010.454253346
5221,0.015494051281422847,50514138.103294753
5222,0.015710998209919922,52266651.028910585
5223,0.015757880358261808,54439787.439819746
5224,0.01556923558807686,55685512.801671527
5225,0.015156574653919291,56496257.354477286
5226,0.01461173821959153,56027950.749586269
5227,0.014001984696741399,55427258.326356821
5228,0.013423630590228219,53937826.422410063
5229,0.012926292483024548,53685255.783503138
5230,0.012607532933335018,52974474.527275056
5231,0.012691389548351866,53294458.776032142
5232,0.012377361984340756,53632822.8680121
5233,0.015044153588835056,50643039.819447808
5234,0.011880006539926468,44965891.718832068
5235,0,0
5236,0,0
5237,0,0
5238,0,0
5239,0,0
5240,0,0
5241,0,0
5242,0,0
5243,0,0
5244,0,0
5245,0.014987366602978664,31222399.40426426
5246,0.018011178511756425,26357173.107383944
5247,0.011770925995808361,26643022.851858698
5248,0.011753820091918074,25224081.212643843
5249,0.011071369079590186,28825396.770568959
5250,0.011222843893915655,34046510.082831167
5251,0.011563541604649853,39732894.739700541
5252,0.012033771425464673,47270209.830704272
5253,0.01263402031882398,54386228.88899114
5254,0.013272301872850913,62199246.105197616
5255,0.014149528953141553,66221830.250612497
5256,0.015236002967555793,63413597.388162628
5257,0.01627417138501739,60030709.445568189
5258,0.017225429056915948,57300075.735490568
5259,0.017956657666639245,55914590.691331767
5260,0.018695751737855443,56800133.772259578
5261,0.019124049157633726,58901376.738299638
5262,0.019310180956713458,61510562.800869934
5263,0.019122787033294269,63511028.458483167
5264,0.018585522635616289,65186299.902094439
5265,0.017726522501946413,65776091.393049397
5266,0.016729816624476999,64650495.02249226
5267,0.015585399625470476,62252885.051403247
5268,0.014659735158250342,58154846.515168436
5269,0.013845110614139325,55037464.424799129
5270,0.013429618010596816,51182988.979793631
5271,0.01380454269755073,49081724.909845114
5272,0.013690534519452152,47490386.683398843
5273,0.020395186825439563,43591976.247897901
5274,0.016996701568354443,38056948.289187945
5275,0,0
5276,0,0
5277,0,0
5278,0,0
5279,0,0
5280,0,0
5281,0,0
5282,0,0
5283,0,0
5284,0,0
5285,0.019431759876838667,39419205.512107685
5286,0.022543181695023864,29753173.172107436
5287,0.012367608263346685,23357927.115272287
5288,0.012209198234117492,20825734.784916051
5289,0.011296916865008739,25853792.984244406
5290,0.011561844157062526,33418221.509230781
5291,0.01203377142546461,41452927.77625332
5292,0.012769025344048996,51153934.790191226
5293,0.013655835787491102,60106393.336314991
5294,0.0147072465607279,69039156.551965222
5295,0.016313209968299169,69177258.310983136
5296,0.017843983631444457,66433182.917768694
5297,0.019574223357184149,63398950.230349302
5298,0.021268399675270062,61293629.083530694
5299,0.022867865302270231,60890865.607099101
5300,0.023863841549388622,61939842.683847837
5301,0.024332458204562618,64029155.148160137
5302,0.024632163676020901,66516597.674753703
5303,0.024276726260299114,69835039.606766209
5304,0.023281293286128872,71692858.10084109
5305,0.021644943106909949,72737255.579458863
5306,0.019762179060855221,71442615.755805194
5307,0.017913490920967907,68767903.644528151
5308,0.016260955113316339,62546166.535090163
5309,0.015024026489243546,57047011.189330943
5310,0.014298301788417371,50313282.315301381
5311,0.014810856821075972,45611336.614073686
5312,0.014780125791979586,41828704.477959365
5313,0.02607651108902705,36606409.316598393
5314,0.02252871855166972,33884416.000711657
5315,0,0
5316,0,0
5317,0,0
5318,0,0
5319,0,0
5320,0,0
5321,0,0
5322,0,0
5323,0,0
5324,0,0
5325,0.023918290085685141,50606864.301916674
5326,0.027077187050376282,37246287.109861262
5327,0.012805074426865605,24009897.294367541
5328,0.012531917268550106,18494190.437174227
5329,0.011530218645059378,23143524.33902866
5330,0.011939177649568974,32686956.121643506
5331,0.012634020318824001,43185103.269433975
5332,0.013655835787491404,55112537.207052335
5333,0.014916629730495365,65993895.626097515
5334,0.016722616376829241,74145493.865436822
5335,0.018839192408643766,71938370.60123463
5336,0.021807602101031161,69268181.930130482
5337,0.024666961313980666,66780276.145396478
5338,0.027240494404313479,64265483.533336073
5339,0.029856219369071381,63251231.45488549
5340,0.032118598248980043,63638342.967782222
5341,0.033186000096273142,65761900.097389631
5342,0.0333360586402884,68972784.396261692
5343,0.032128269301427384,72316000.850040123
5344,0.029731696930182128,74886576.2825647
5345,0.026807901449740327,77033644.751067981
5346,0.023731628128800215,76249659.121234044
5347,0.020577188423087877,73633993.886887699
5348,0.018197077412375036,66525179.159285888
5349,0.016282753733776991,58999627.194428086
5350,0.015212026107388494,49823282.078909352
5351,0.01571551883961109,42723169.26851584
5352,0.015732706440874687,37269179.52752915
5353,0.031963660828636609,31042649.49881414
5354,0.028291197662528147,34538177.773259543
5355,0,0
5356,0,0
5357,0,0
5358,0,0
5359,0,0
5360,0,0
5361,0,0
5362,0,0
5363,0,0
5364,0,0
5365,0.028205814432150634,62697285.843573503
5366,0.03140453926277522,46684379.647326693
5367,0.013086111928477315,28485228.006909054
5368,0.012710736609507015,19420980.045858581
5369,0.011703357268358035,21517527.889873154
5370,0.012336615263121123,32444619.80588644
5371,0.013272301872850941,45290191.321471833
5372,0.014657991258974884,59240142.533265591
5373,0.016472656990244274,72655409.27289027
5374,0.018941289122965159,77740074.505860597
5375,0.022729453044266115,75970531.54124105
5376,0.026255162305782672,73447598.000403866
5377,0.030866904698782581,69518363.102587551
5378,0.036433748025385224,67151386.146786526
5379,0.041169411648419814,65879035.947992347
5380,0.044092227777354623,64597329.520213529
5381,0.045189578386597443,65010537.847760841
5382,0.045079423088604027,69926903.102174938
5383,0.042611784458186086,73488600.206336588
5384,0.038826927079867984,76978829.404998109
5385,0.033622956946335068,77976091.619498551
5386,0.028343018670772952,79213344.486845061
5387,0.02389384569614398,77025065.217134401
5388,0.020203706027652677,70166284.936371982
5389,0.017665109347965165,61131983.208858535
5390,0.016016919758231503,49738713.359322488
5391,0.016468788060201387,40348093.572265975
5392,0.016488804953479961,34367411.887694813
5393,0.037785059518841757,29278805.149358444
5394,0.033979278717382683,40653130.272325695
5395,0,0
5396,0,0
5397,0,0
5398,0,0
5399,0,0
5400,0,0
5401,0,0
5402,0,0
5403,0,0
5404,0,0
5405,0.032109280427625189,74396522.257654712
5406,0.035348569849435282,56381340.451822847
5407,0.013315155997107598,34641311.12010356
5408,0.012777619143831647,22596954.275425393
5409,0.01185273796487459,20581608.639130145
5410,0.012733524859493845,32411405.71688997
5411,0.013920369560918048,47265273.610361643
5412,0.015796639005858728,63014966.325574629
5413,0.018010215077072244,79156820.025590479
5414,0.022051155424258062,82159692.474527508
5415,0.026320810360824735,80953211.297262356
5416,0.033325438064146007,77808231.22525318
5417,0.040566959581786868,74436925.413896859
5418,0.048002657288928316,71947607.696854278
5419,0.057490105593814372,70693824.004370973
5420,0.063923449570577093,69839874.163208485
5421,0.066936041522700371,71583606.449510098
5422,0.064513332206238311,69385659.257635757
5423,0.058659460702632393,74058171.828144833
5424,0.050182274236633781,71110025.264996782
5425,0.041702534273641269,76619313.151890293
5426,0.034021475618841258,78667291.151758924
5427,0.027072973201056345,81711631.69439581
5428,0.022284443311160945,75349976.341190621
5429,0.018920431775703756,64144069.768598951
5430,0.01682072562911514,50352719.333202988
5431,0.017059769614126696,38244771.792055607
5432,0.017092636902246106,33324363.506459504
5433,0.043267223052580149,32304100.596354429
5434,0.03933018062712778,50214228.383384332
5435,0,0
5436,0,0
5437,0,0
5438,0,0
5439,0,0
5440,0,0
5441,0,0
5442,0,0
5443,0,0
5444,0,0
5445,0.035420151847352213,84881610.439787552
5446,0.038701426825628264,65335193.774834797
5447,0.013454352058487834,41128518.792073533
5448,0.012765249425386361,26599899.305102155
5449,0.011937205483888644,20869080.201471813
5450,0.0130736430426886,32752510.19049935
5451,0.014549707986627794,49289647.393398657
5452,0.016752682858083717,66880341.908395596
5453,0.019987525759534996,84094111.928280711
5454,0.024395028406710741,87534156.68309404
5455,0.031919644764583463,86874236.076852202
5456,0.038061202118633022,83618185.06123136
5457,0.04926561020290128,79693205.343872681
5458,0.06645029531301655,79280290.792922392
5459,0.077695825564304932,78909453.562222391
5460,0.087042550082153072,78425916.162488416
5461,0.090110968569679858,76172233.892506331
5462,0.088861287691136395,77171771.612867862
5463,0.080365231543164495,60628802.867885031
5464,0.068799035871478675,68188308.378225714
5465,0.052690020718509999,74410217.380448416
5466,0.038435003421127267,83183876.745687664
5467,0.029881712368136432,91485506.464351133
5468,0.023976097611343079,82188663.098593071
5469,0.020230053282040597,69387773.518555537
5470,0.017476599011333537,51807414.258839421
5471,0.017530649433162973,36701447.018399142
5472,0.017490380312197146,33429176.651537091
5473,0.048068507446456674,38542401.800874114
5474,0.044007905696178462,60780615.499644347
5475,0,0
5476,0,0
5477,0,0
5478,0,0
5479,0,0
5480,0,0
5481,0,0
5482,0,0
5483,0,0
5484,0,0
5485,0.037988300841136836,93425644.097409517
5486,0.041303834165159897,72747536.380111188
5487,0.01353571869921035,46811022.790110618
5488,0.012711486965742733,30458660.470398646
5489,0.011989870567653374,21443402.426413894
5490,0.01331061900861619,33404571.589857485
5491,0.015098968710970009,51074439.195939176
5492,0.017566716962146321,69651009.403632328
5493,0.021676546924762584,88712382.288422599
5494,0.026934113368233731,93453477.711860389
5495,0.036324906956470504,93459162.094682485
5496,0.045249514917651945,92087799.866116256
5497,0.066468244831035611,89114273.895578116
5498,0.070416556588938417,84039176.319918931
5499,0.12407875239912375,88579277.990682885
5500,0.15239120255332661,97754338.652862072
5501,0.15297803375050223,84506421.137533575
5502,0.1654382092487261,80122629.69015038
5503,0.14546946919052156,97062494.932815656
5504,0.11503906570639158,76682945.377874821
5505,0.065147788259614842,60483888.90408814
5506,0.044035877731953714,102816705.47364423
5507,0.031975457137606675,96949190.780320421
5508,0.025923345179407788,94055002.281101093
5509,0.021198481818588178,74915887.112796739
5510,0.018185967147231318,54231363.941641189
5511,0.01786688677316178,35747058.329911873
5512,0.017762020365779549,33789924.16853971
5513,0.051879679276336743,45395482.699255869
5514,0.047734449915449506,70411240.048097506
5515,0,0
5516,0,0
5517,0,0
5518,0,0
5519,0,0
5520,0,0
5521,0,0
5522,0,0
5523,0,0
5524,0,0
5525,0.039672306888795091,99468490.117036507
5526,0.043006590384012187,78041016.260466218
5527,0.013565860036643273,51026112.809197515
5528,0.012644800717086076,33437611.132222582
5529,0.011989053301070798,22206962.533676617
5530,0.01344244812446177,34146314.128818169
5531,0.015385103276557488,52521093.39154496
5532,0.018255292957732139,71933079.43665947
5533,0.022339878029780724,91289918.668244854
5534,0.029701263814770826,98468684.040682837
5535,0.037944533828373386,101172538.43499175
5536,0.054686508830293197,101938445.69496563
5537,0.061405852758619719,95220877.167557836
5538,0.15356053379548287,104656346.09361498
5539,0.21025217361062329,115026799.61060272
5540,0.23308528711953552,114879922.56455514
5541,0.24795149616793624,94655309.758813918
5542,0.2410528687703315,88375860.591675222
5543,0.2362310536152438,57436130.596036069
5544,0.19535206242496306,107343671.35634325
5545,0.10514225270421095,74612857.994607165
5546,0.049323601536721134,93429237.284324124
5547,0.033532121143884971,113925468.19068028
5548,0.027222210481309531,100824072.42476843
5549,0.021879614467234333,79842174.765517801
5550,0.018638045548449146,57052428.728575416
5551,0.018091525632414247,36166531.821675226
5552,0.017895170813589118,33686890.145785809
5553,0.054414261995459408,51141750.484066121
5554,0.050233282203439505,77580735.842177123
5555,0,0
5556,0,0
5557,0,0
5558,0,0
5559,0,0
5560,0,0
5561,0,0
5562,0,0
5563,0,0
5564,0,0
5565,0.040381866330100942,102601778.56511436
5566,0.043734093168106142,80788837.134995133
5567,0.013556580815729158,53269126.681012541
5568,0.012597373195784892,35016332.474439725
5569,0.01190004891016783,22672750.975411542
5570,0.013528187013710953,34721718.230111443
5571,0.015365018933353883,53024840.209813915
5572,0.018533317788424337,73772880.230482399
5573,0.022656951589522675,91948371.500753
5574,0.030314724703576868,102510126.31045315
5575,0.039799996474035565,105089233.53017601
5576,0.055743839936479238,110785045.842903
5577,0.094572644551229587,105357858.58041133
5578,0.17741853107320102,120768938.59853075
5579,0.19167899654504175,114993618.43763356
5580,0.21458443602702468,118346545.92767999
5581,0.26134002175330984,102857022.3013709
5582,0.23763773987883147,72494457.556348711
5583,0.23462448961634572,123049885.20707963
5584,0.19776323853509042,97351658.054810598
5585,0.1379329109453741,122526938.31287713
5586,0.05875786184578758,58863118.837391533
5587,0.038080960063046926,118807781.16153072
5588,0.02683317622821579,93765859.038417161
5589,0.022549216919988808,84303627.884397209
5590,0.018490869675445432,58566727.394404709
5591,0.01818338713099826,36677612.068612628
5592,0.0178417608282114,33704148.258881181
5593,0.055508752836527675,54324225.920661099
5594,0.051295086607536171,81397173.30398196
5595,0,0
5596,0,0
5597,0,0
5598,0,0
5599,0,0
5600,0,0
5601,0,0
5602,0,0
5603,0,0
5604,0,0
5605,0.040381866330100893,102601778.56511515
5606,0.043734093168105843,80788837.13499479
5607,0.013556580815729028,53269126.681011021
5608,0.012597373195784706,35016332.474436879
5609,0.011900048910167434,22672750.975413542
5610,0.013528187013710892,34721718.230109163
5611,0.015365018933353817,53024840.209804595
5612,0.018533317788423945,73772880.230462968
5613,0.02265695158952204,91948371.500783473
5614,0.030314724703577354,102510126.31047685
5615,0.03979999647403526,105089233.53017621
5616,0.055743839936480064,110785045.84289983
5617,0.094572644551230156,105357858.58043878
5618,0.17741853107320138,120768938.59854689
5619,0.19167899654504075,114993618.43758895
5620,0.21458443602702501,118346545.92766108
5621,0.26134002175330928,102857022.30142692
5622,0.23763773987883033,72494457.556326702
5623,0.23462448961634555,123049885.20709264
5624,0.19776323853509012,97351658.054807052
5625,0.13793291094537485,122526938.31287928
5626,0.058757861845787657,58863118.837394036
5627,0.038080960063046891,118807781.16151808
5628,0.026833176228216005,93765859.038414448
5629,0.022549216919988846,84303627.884389013
5630,0.018490869675445033,58566727.394406378
5631,0.018183387130998162,36677612.068611607
5632,0.017841760828211109,33704148.258881152
5633,0.055508752836527724,54324225.920660473
5634,0.051295086607536233,81397173.303981155
5635,0,0
5636,0,0
5637,0,0
5638,0,0
5639,0,0
5640,0,0
5641,0,0
5642,0,0
5643,0,0
5644,0,0
5645,0.039672306888795042,99468490.117037013
5646,0.04300659038401182,78041016.260465398
5647,0.01356586003664324,51026112.80919873
5648,0.012644800717085996,33437611.132222533
5649,0.011989053301070179,22206962.533675242
5650,0.013442448124461919,34146314.128811471
5651,0.015385103276557057,52521093.391562842
5652,0.018255292957732115,71933079.436631441
5653,0.022339878029781282,91289918.668220192
5654,0.029701263814770715,98468684.040682703
5655,0.037944533828373456,101172538.43501069
5656,0.054686508830292822,101938445.69496049
5657,0.061405852758619921,95220877.167508647
5658,0.15356053379548285,104656346.09366582
5659,0.21025217361062473,115026799.61052203
5660,0.23308528711953591,114879922.56446214
5661,0.24795149616793558,94655309.758820355
5662,0.241052868770331,88375860.591675401
5663,0.23623105361524549,57436130.596064702
5664,0.19535206242496245,107343671.35632217
5665,0.10514225270420953,74612857.994593844
5666,0.049323601536721273,93429237.284332067
5667,0.033532121143884361,113925468.1906707
5668,0.027222210481309603,100824072.42475201
5669,0.02187961446723475,79842174.765503049
5670,0.018638045548449146,57052428.728574365
5671,0.018091525632414163,36166531.821675882
5672,0.017895170813588875,33686890.145786941
5673,0.054414261995459526,51141750.484064355
5674,0.050233282203439485,77580735.842177331
5675,0,0
5676,0,0
5677,0,0
5678,0,0
5679,0,0
5680,0,0
5681,0,0
5682,0,0
5683,0,0
5684,0,0
5685,0.037988300841136781,93425644.097410187
5686,0.041303834165159654,72747536.380112499
5687,0.013535718699210287,46811022.79011146
5688,0.012711486965742754,30458660.470399715
5689,0.011989870567652976,21443402.426417425
5690,0.01331061900861615,33404571.589856848
5691,0.015098968710970046,51074439.195949078
5692,0.017566716962145724,69651009.403651476
5693,0.021676546924763538,88712382.288393125
5694,0.026934113368233599,93453477.711836338
5695,0.036324906956472267,93459162.094675347
5696,0.045249514917651071,92087799.866125137
5697,0.066468244831036069,89114273.895615399
5698,0.070416556588940041,84039176.319930896
5699,0.12407875239912414,88579277.990752116
5700,0.15239120255332594,97754338.65293695
5701,0.15297803375050018,84506421.137582779
5702,0.1654382092487249,80122629.690196365
5703,0.1454694691905212,97062494.932840466
5704,0.11503906570639258,76682945.377876267
5705,0.065147788259614717,60483888.904144391
5706,0.044035877731953374,102816705.47364773
5707,0.031975457137606404,96949190.780315205
5708,0.025923345179407788,94055002.281088725
5709,0.021198481818588001,74915887.112805814
5710,0.018185967147230753,54231363.941645138
5711,0.01786688677316154,35747058.329912812
5712,0.017762020365779476,33789924.168542244
5713,0.051879679276336903,45395482.699256584
5714,0.047734449915449548,70411240.048098072
5715,0,0
5716,0,0
5717,0,0
5718,0,0
5719,0,0
5720,0,0
5721,0,0
5722,0,0
5723,0,0
5724,0,0
5725,0.035420151847352158,84881610.43978855
5726,0.038701426825627994,65335193.774834767
5727,0.013454352058487769,41128518.792072065
5728,0.012765249425386224,26599899.305101771
5729,0.011937205483888361,20869080.201471545
5730,0.01307364304268855,32752510.190490268
5731,0.014549707986627696,49289647.393398784
5732,0.016752682858083647,66880341.908394396
5733,0.019987525759535479,84094111.928262219
5734,0.024395028406711535,87534156.683071107
5735,0.031919644764583935,86874236.076852947
5736,0.038061202118633022,83618185.061240792
5737,0.049265610202901142,79693205.343896002
5738,0.066450295313014454,79280290.792955726
5739,0.07769582556430546,78909453.562226668
5740,0.087042550082152878,78425916.162517205
5741,0.090110968569679414,76172233.892500654
5742,0.088861287691134466,77171771.612885147
5743,0.08036523154316505,60628802.867897846
5744,0.068799035871479286,68188308.378231689
5745,0.052690020718509326,74410217.380412593
5746,0.038435003421127059,83183876.745677263
5747,0.029881712368136346,91485506.464355275
5748,0.023976097611343176,82188663.098594278
5749,0.020230053282040434,69387773.51855576
5750,0.017476599011333357,51807414.258843116
5751,0.017530649433162709,36701447.018406704
5752,0.017490380312197042,33429176.651537213
5753,0.048068507446456743,38542401.800874181
5754,0.04400790569617849,60780615.499644801
5755,0,0
5756,0,0
5757,0,0
5758,0,0
5759,0,0
5760,0,0
5761,0,0
5762,0,0
5763,0,0
5764,0,0
5765,0.032109280427625182,74396522.257655397
5766,0.03534856984943506,56381340.451822065
5767,0.013315155997107512,34641311.120102599
5768,0.012777619143831591,22596954.275426514
5769,0.011852737964874181,20581608.639127728
5770,0.012733524859493753,32411405.716892578
5771,0.013920369560917988,47265273.610364877
5772,0.015796639005858919,63014966.325574659
5773,0.01801021507707231,79156820.025591403
5774,0.022051155424258454,82159692.474521279
5775,0.026320810360824849,80953211.297257066
5776,0.033325438064146541,77808231.225271761
5777,0.040566959581786625,74436925.413921326
5778,0.048002657288928642,71947607.696810484
5779,0.057490105593814865,70693824.004354209
5780,0.063923449570577787,69839874.163164407
5781,0.066936041522700745,71583606.44950223
5782,0.064513332206238214,69385659.25767757
5783,0.058659460702632171,74058171.828153625
5784,0.050182274236633927,71110025.264976412
5785,0.041702534273641234,76619313.15185535
5786,0.034021475618841668,78667291.151738033
5787,0.02707297320105707,81711631.694391474
5788,0.022284443311160931,75349976.341204673
5789,0.018920431775703711,64144069.768593162
5790,0.016820725629115053,50352719.333202906
5791,0.017059769614126447,38244771.792060979
5792,0.017092636902245953,33324363.506462302
5793,0.043267223052580163,32304100.596353997
5794,0.03933018062712778,50214228.383384846
5795,0,0
5796,0,0
5797,0,0
5798,0,0
5799,0,0
5800,0,0
5801,0,0
5802,0,0
5803,0,0
5804,0,0
5805,0.028205814432150627,62697285.843574114
5806,0.031404539262775019,46684379.647327065
5807,0.013086111928477237,28485228.006910335
5808,0.012710736609506983,19420980.045858864
5809,0.011703357268357582,21517527.889874034
5810,0.012336615263121117,32444619.805877954
5811,0.013272301872851049,45290191.321464747
5812,0.014657991258974898,59240142.533262677
5813,0.016472656990244323,72655409.272887543
5814,0.01894128912296494,77740074.505856246
5815,0.022729453044266171,75970531.541251168
5816,0.026255162305783494,73447598.000420466
5817,0.030866904698783289,69518363.102609694
5818,0.036433748025384939,67151386.146786481
5819,0.041169411648419363,65879035.94801867
5820,0.044092227777354435,64597329.520201854
5821,0.045189578386597332,65010537.847763509
5822,0.045079423088604499,69926903.102171361
5823,0.042611784458185774,73488600.206321791
5824,0.03882692707986779,76978829.404972717
5825,0.033622956946334027,77976091.619491532
5826,0.028343018670772498,79213344.486854628
5827,0.023893845696143529,77025065.217121422
5828,0.020203706027652667,70166284.936379403
5829,0.01766510934796528,61131983.208856449
5830,0.016016919758231492,49738713.359322637
5831,0.016468788060201269,40348093.572266556
5832,0.01648880495347985,34367411.887696549
5833,0.03778505951884184,29278805.149358369
5834,0.033979278717382669,40653130.272325516
5835,0,0
5836,0,0
5837,0,0
5838,0,0
5839,0,0
5840,0,0
5841,0,0
5842,0,0
5843,0,0
5844,0,0
5845,0.023918290085685096,50606864.301917166
5846,0.027077187050376102,37246287.109861381
5847,0.012805074426865598,24009897.29436693
5848,0.012531917268549962,18494190.437172465
5849,0.011530218645059152,23143524.339025877
5850,0.011939177649569021,32686956.121648487
5851,0.012634020318824039,43185103.269430868
5852,0.013655835787491178,55112537.207053475
5853,0.014916629730495385,65993895.626090057
5854,0.016722616376829005,74145493.865427986
5855,0.01883919240864414,71938370.601230785
5856,0.021807602101030773,69268181.930121571
5857,0.024666961313980211,66780276.14542035
5858,0.027240494404313725,64265483.533355311
5859,0.029856219369071929,63251231.454891875
5860,0.032118598248979779,63638342.967803054
5861,0.033186000096273122,65761900.097404733
5862,0.033336058640287297,68972784.396271065
5863,0.032128269301427675,72316000.850056142
5864,0.029731696930181999,74886576.282572791
5865,0.026807901449740164,77033644.75107196
5866,0.023731628128800607,76249659.121228039
5867,0.020577188423087603,73633993.88688463
5868,0.018197077412375324,66525179.15927919
5869,0.016282753733776831,58999627.194427036
5870,0.015212026107388464,49823282.078907505
5871,0.015715518839610906,42723169.268516116
5872,0.01573270644087453,37269179.527527452
5873,0.03196366082863665,31042649.498812459
5874,0.028291197662528123,34538177.7732592
5875,0,0
5876,0,0
5877,0,0
5878,0,0
5879,0,0
5880,0,0
5881,0,0
5882,0,0
5883,0,0
5884,0,0
5885,0.019431759876838657,39419205.512107886
5886,0.022543181695023708,29753173.172107805
5887,0.012367608263346739,23357927.115272436
5888,0.012209198234117494,20825734.78491303
5889,0.011296916865008531,25853792.984240819
5890,0.011561844157062604,33418221.509226736
5891,0.012033771425464825,41452927.776251018
5892,0.012769025344048576,51153934.79019165
5893,0.013655835787491157,60106393.336310983
5894,0.014707246560728394,69039156.551963389
5895,0.016313209968298867,69177258.310972452
5896,0.017843983631444422,66433182.917764805
5897,0.019574223357184221,63398950.230347186
5898,0.0212683996752695,61293629.083539531
5899,0.022867865302270248,60890865.607092768
5900,0.023863841549388823,61939842.683836035
5901,0.024332458204562733,64029155.148163684
5902,0.024632163676020613,66516597.674746536
5903,0.024276726260298764,69835039.606766313
5904,0.02328129328612865,71692858.100854397
5905,0.021644943106909273,72737255.579452753
5906,0.01976217906085492,71442615.755792871
5907,0.01791349092096748,68767903.644520685
5908,0.016260955113315975,62546166.535089023
5909,0.015024026489243449,57047011.189334407
5910,0.014298301788417168,50313282.315302946
5911,0.014810856821075779,45611336.614073597
5912,0.014780125791979406,41828704.477958553
5913,0.026076511089027123,36606409.316597261
5914,0.022528718551669689,33884416.000711493
5915,0,0
5916,0,0
5917,0,0
5918,0,0
5919,0,0
5920,0,0
5921,0,0
5922,0,0
5923,0,0
5924,0,0
5925,0.014987366602978646,31222399.404264279
5926,0.018011178511756345,26357173.107383665
5927,0.011770925995808375,26643022.851857331
5928,0.011753820091918077,25224081.212643448
5929,0.011071369079590039,28825396.770569962
5930,0.011222843893915617,34046510.082830265
5931,0.011563541604649945,39732894.739703991
5932,0.012033771425464747,47270209.830700651
5933,0.012634020318824114,54386228.888990499
5934,0.013272301872851109,62199246.105201021
5935,0.014149528953142164,66221830.250607558
5936,0.01523600296755628,63413597.38815628
5937,0.016274171385017609,60030709.445565797
5938,0.01722542905691599,57300075.735495307
5939,0.017956657666639501,55914590.69133053
5940,0.018695751737855225,56800133.772273973
5941,0.019124049157634007,58901376.738301918
5942,0.019310180956713597,61510562.800873198
5943,0.019122787033294456,63511028.458496183
5944,0.018585522635616261,65186299.902111687
5945,0.017726522501946066,65776091.393055521
5946,0.016729816624477267,64650495.022490434
5947,0.015585399625470437,62252885.051398031
5948,0.014659735158250685,58154846.515170351
5949,0.013845110614139441,55037464.424798571
5950,0.013429618010596868,51182988.979792088
5951,0.013804542697550661,49081724.909844488
5952,0.013690534519452058,47490386.683399417
5953,0.020395186825439622,43591976.24789805
5954,0.016996701568354457,38056948.289187618
5955,0,0
5956,0,0
5957,0,0
5958,0,0
5959,0,0
5960,0,0
5961,0,0
5962,0,0
5963,0,0
5964,0,0
5965,0.010745086294581298,29209865.11767707
5966,0.013589333354151819,28486267.914022371
5967,0.010917521319576007,32595838.377289161
5968,0.011127896457101133,31033638.664938014
5969,0.010809174267687724,32446191.959497821
5970,0.010967930334128356,35022097.686601222
5971,0.0112228438939155,38308735.198098965
5972,0.011561844157062561,43501226.174375124
5973,0.011939177649568894,49050892.784202553
5974,0.012336615263121024,55137981.427947454
5975,0.012791620262212396,61085848.997304007
5976,0.013383585831926016,61639464.379862718
5977,0.013978098528791071,57563722.038580142
5978,0.014490190092575744,53392548.032882087
5979,0.015009692516928005,50570607.081110448
5980,0.015293496248508606,49459010.454263277
5981,0.015494051281422692,50514138.103296846
5982,0.015710998209920019,52266651.02891469
5983,0.015757880358261672,54439787.439822868
5984,0.015569235588076802,55685512.801689036
5985,0.015156574653918974,56496257.354491092
5986,0.014611738219591464,56027950.749583237
5987,0.014001984696741174,55427258.326354623
5988,0.013423630590228086,53937826.422410935
5989,0.012926292483024611,53685255.783499956
5990,0.012607532933334952,52974474.527275234
5991,0.012691389548351755,53294458.776031464
5992,0.012377361984340692,53632822.868010856
5993,0.015044153588835077,50643039.81944783
5994,0.011880006539926507,44965891.718831599
5995,0,0
5996,0,0
5997,0,0
5998,0,0
5999,0,0
6000,0,0
6001,0,0
6002,0,0
6003,0,0
6004,0,0
6005,0.0069476355405931915,33030273.070580311
6006,0.0094532345480744413,33850164.407511435
6007,0.0097623151841671439,38845828.195148908
6008,0.010311319195552995,36745496.228701033
6009,0.010569215455999393,35876197.58511015
6010,0.010809174267687911,35914592.892627895
6011,0.011071369079590197,37107468.179124273
6012,0.011296916865008701,40473502.475410134
6013,0.01153021864505941,44720978.106881395
6014,0.011703357268357868,49713049.054065049
6015,0.011852737964874406,54059231.361531161
6016,0.012058638112731194,56896104.145390123
6017,0.012324027483082452,54858170.611290686
6018,0.01257506430367418,49756878.141208641
6019,0.012759074509725545,44858343.805606134
6020,0.013009761800810298,42023434.042677179
6021,0.013200743355317521,41413371.193235703
6022,0.013367979891715856,42395336.433793545
6023,0.013475887296869259,43972103.115302831
6024,0.013501303152324591,45783805.667427026
6025,0.013389751744578503,47543718.777317651
6026,0.013206638589657201,48908343.232207298
6027,0.012900290793812542,50387828.503425032
6028,0.012599988732498093,51719920.873966381
6029,0.012229396410467388,53804622.445338979
6030,0.011902017887913627,55593954.341094963
6031,0.011467885050140427,57711129.32520698
6032,0.010802829831875714,59342804.220219702
6033,0.010216165464217964,56922403.874088228
6034,0.0074544428316301948,52445184.452400655
6035,0,0
6036,0,0
6037,0,0
6038,0,0
6039,0,0
6040,0,0
6041,0,0
6042,0,0
6043,0,0
6044,0,0
6045,0.0037745058386287247,40541044.390842937
6046,0.0061213557976711429,40602447.54944884
6047,0.0080695447128929787,43830063.382721826
6048,0.0094347823783001179,41144166.880885847
6049,0.010311319195552983,38349779.016526148
6050,0.011127896457101091,35608639.746734835
6051,0.011753820091917925,34296097.191132203
6052,0.012209198234117428,35554389.970098369
6053,0.012531917268549872,38426767.57808619
6054,0.01271073660950682,42094939.00049106
6055,0.012777619143831435,45381082.817524247
6056,0.012765249425386073,47291098.192348421
6057,0.012711486965742539,48071596.533668622
6058,0.012722766189630601,46314181.715209611
6059,0.012854256012363141,41674152.304879181
6060,0.013041436303296974,36446421.156706065
6061,0.013281782504754782,33970848.127289385
6062,0.013486614025676991,33818787.556531906
6063,0.01368474446431441,34995886.080075026
6064,0.013800163281667806,36890315.11350143
6065,0.013793520265399662,39479004.865225308
6066,0.01364252261765477,42391157.119513392
6067,0.013318230450159913,45899843.5038426
6068,0.012836869721413933,49514744.393340118
6069,0.012145028620241152,53635259.336643718
6070,0.011265339779008138,57563338.570152007
6071,0.010271778189408731,61126268.31287735
6072,0.0087394233767069639,63372452.749495789
6073,0.0064981621718780257,62237484.575892977
6074,0.003878364771884885,59110009.612352617
6075,0,0
6076,0,0
6077,0,0
6078,0,0
6079,0,0
6080,0,0
6081,0,0
6082,0,0
6083,0,0
6084,0,0
6085,0.0015386221426217797,51308925.565423988
6086,0.0033990994289581408,48432412.177314728
6087,0.0058553747091429093,48191420.353826791
6088,0.0080695447128930915,44699383.460238352
6089,0.0097623151841671474,41123307.013296179
6090,0.010917521319576079,37153537.067507453
6091,0.011770925995808434,34158536.039969586
6092,0.012367608263346846,33354117.750805099
6093,0.012805074426865761,34176785.159696251
6094,0.013086111928477188,35935658.720412895
6095,0.013315155997107435,37373133.085879311
6096,0.013454352058487678,38229479.998709314
6097,0.013535718699210232,38028833.549763627
6098,0.013565860036643075,37024921.979444116
6099,0.013556580815729,35888032.869384021
6100,0.013661186862147078,34461921.207777344
6101,0.013836565102137559,31465457.080391169
6102,0.013968735919003212,30863636.001784392
6103,0.014057847636762516,32163738.464279156
6104,0.014027702324457166,34207277.658342741
6105,0.01387400429122581,37208959.34379328
6106,0.013626199363302947,40962897.150269173
6107,0.013196736559503864,45422280.60968753
6108,0.012587353681822315,50169605.604529999
6109,0.011679067856203991,55170232.841686442
6110,0.01042902991127195,59813263.829012357
6111,0.008589203248465278,63475145.959794506
6112,0.0061733333677051021,66157880.4754318
6113,0.0034663658095645659,65916157.48230844
6114,0.0015386221426217823,62694251.357557081
6115,0,0
6116,0,0
6117,0,0
6118,0,0
6119,0,0
6120,0,0
6121,0,0
6122,0,0
6123,0,0
6124,0,0
6125,0.00013837596026424002,47088827.072933875
6126,0.0011842683759587188,56789720.565289006
6127,0.0033990994289581273,48628730.94796133
6128,0.006121355797671188,41392000.554698743
6129,0.0094532345480744986,35417695.622713298
6130,0.01358933335415191,30537748.363696981
6131,0.018011178511756407,27381880.956718154
6132,0.022543181695023836,27234185.001671061
6133,0.027077187050376261,29175067.574558601
6134,0.031404539262775207,31885004.206155695
6135,0.035348569849435213,34079262.727883808
6136,0.038701426825628202,35187402.034683958
6137,0.041303834165159821,35198719.223026656
6138,0.043006590384012083,34756874.362060808
6139,0.043734093168106142,34660828.47549583
6140,0.043734093168105871,35446781.934980519
6141,0.043006590384011827,37988667.045660846
6142,0.04136507012345067,38435655.517869622
6143,0.039042160432857985,36602322.790415637
6144,0.035958409446610037,35899789.651293673
6145,0.032181574821559991,36042647.631144494
6146,0.027918447720561297,37467969.417054072
6147,0.023340461003521395,40375593.419861704
6148,0.018680044378138937,44639761.743572675
6149,0.014077000936526852,50055163.170389026
6150,0.00974197131655021,55819266.419671953
6151,0.0063096521163095824,61083033.27728986
6152,0.0034248694934991214,64436044.094771102
6153,0.001184268375958716,67317064.675653204
6154,0.00013837596026424612,52728887.593260288
6155,0,0
6156,0,0
6157,0,0
6158,0,0
6159,0,0
6160,0,0
6161,0,0
6162,0,0
6163,0,0
6164,0,0
6165,0,23312097.711999565
6166,0.00013837596026424002,47042220.262565151
6167,0.0015386221426217756,51351617.550409079
6168,0.0037745058386287251,40864354.501766592
6169,0.0069476355405931663,33703140.382147372
6170,0.010745086294581273,29640877.674254943
6171,0.014987366602978619,29568859.600855783
6172,0.019431759876838636,33605587.522909261
6173,0.023918290085685082,39056133.591157578
6174,0.028205814432150561,44027717.176723152
6175,0.032109280427625071,47407104.892554276
6176,0.035420151847352095,48801954.22635936
6177,0.037988300841136656,48120832.373723067
6178,0.03967230688879491,45705329.095317245
6179,0.040381866330100734,42233166.096121565
6180,0.040381866330100748,38844685.857944459
6181,0.039672306888794986,36164428.571725644
6182,0.037988300841136718,35637467.797152616
6183,0.035492026573237544,36237772.810640045
6184,0.032385673662448405,35417818.305857651
6185,0.028612842546503862,34772264.923468187
6186,0.024382156491787519,34916625.039327174
6187,0.019867722402941733,36354726.5258855
6188,0.015330507256073284,39677054.292756557
6189,0.010954670919233467,44993914.613475554
6190,0.0070128881156279761,50413874.170446493
6191,0.0037745058386287238,54013529.445179105
6192,0.0015386221426217732,60401634.585741594
6193,0.00013837596026424316,52004292.248474464
6194,0,25123695.00688668
6195,0,0
6196,0,0
6197,0,0
6198,0,0
6199,0,0
6200,0,0
6201,0,0
6202,0,0
6203,0,0
6204,0,0
6205,0,0
6206,0,0
6207,0,0
6208,0,0
6209,0,0
6210,0,0
6211,0,0
6212,0,0
6213,0,0
6214,0,0
6215,0,0
6216,0,0
6217,0,0
6218,0,0
6219,0,0
6220,0,0
6221,0,0
6222,0,0
6223,0,0
6224,0,0
6225,0,0
6226,0,0
6227,0,0
6228,0,0
6229,0,0
6230,0,0
6231,0,0
6232,0,0
6233,0,0
6234,0,0
6235,0,0
6236,0,0
6237,0,0
6238,0,0
6239,0,0
6240,0,0
6241,0,0
6242,0,0
6243,0,0
6244,0,0
6245,0,0
6246,0,0
6247,0,0
6248,0,0
6249,0,0
6250,0,0
6251,0,0
6252,0,0
6253,0,0
6254,0,0
6255,0,0
6256,0,0
6257,0,0
6258,0,0
6259,0,0
6260,0,0
6261,0,0
6262,0,0
6263,0,0
6264,0,0
6265,0,0
6266,0,0
6267,0,0
6268,0,0
6269,0,0
6270,0,0
6271,0,0
6272,0,0
6273,0,0
6274,0,0
6275,0,0
6276,0,0
6277,0,0
6278,0,0
6279,0,0
6280,0,0
6281,0,0
6282,0,0
6283,0,0
6284,0,0
6285,0,0
6286,0,0
6287,0,0
6288,0,0
6289,0,0
6290,0,0
6291,0,0
6292,0,0
6293,0,0
6294,0,0
6295,0,0
6296,0,0
6297,0,0
6298,0,0
6299,0,0
6300,0,0
6301,0,0
6302,0,0
6303,0,0
6304,0,0
6305,0,0
6306,0,0
6307,0,0
6308,0,0
6309,0,0
6310,0,0
6311,0,0
6312,0,0
6313,0,0
6314,0,0
6315,0,0
6316,0,0
6317,0,0
6318,0,0
6319,0,0
6320,0,0
6321,0,0
6322,0,0
6323,0,0
6324,0,0
6325,0,0
6326,0,0
6327,0,0
6328,0,0
6329,0,0
6330,0,0
6331,0,0
6332,0,0
6333,0,0
6334,0,0
6335,0,0
6336,0,0
6337,0,0
6338,0,0
6339,0,0
6340,0,0
6341,0,0
6342,0,0
6343,0,0
6344,0,0
6345,0,0
6346,0,0
6347,0,0
6348,0,0
6349,0,0
6350,0,0
6351,0,0
6352,0,0
6353,0,0
6354,0,0
6355,0,0
6356,0,0
6357,0,0
6358,0,0
6359,0,0
6360,0,0
6361,0,0
6362,0,0
6363,0,0
6364,0,0
6365,0,0
6366,0,0
6367,0,0
6368,0,0
6369,0,0
6370,0,0
6371,0,0
6372,0,0
6373,0,0
6374,0,0
6375,0,0
6376,0,0
6377,0,0
6378,0,0
6379,0,0
6380,0,0
6381,0,0
6382,0,0
6383,0,0
6384,0,0
6385,0,0
6386,0,0
6387,0,0
6388,0,0
6389,0,0
6390,0,0
6391,0,0
6392,0,0
6393,0,0
6394,0,0
6395,0,0
6396,0,0
6397,0,0
6398,0,0
6399,0,0
