node,X,Y,Z,ux,uy,uz
0,-0.02,-0.02,-0.001,0,0,0
1,-0.018000000000000002,-0.02,-0.001,0,0,0
2,-0.016,-0.02,-0.001,0,0,0
3,-0.014,-0.02,-0.001,0,0,0
4,-0.012,-0.02,-0.001,0,0,0
5,-0.01,-0.02,-0.001,0,0,0
6,-0.0080000000000000002,-0.02,-0.001,0,0,0
7,-0.0060000000000000001,-0.02,-0.001,0,0,0
8,-0.0040000000000000001,-0.02,-0.001,0,0,0
9,-0.0019999999999999983,-0.02,-0.001,0,0,0
10,0,-0.02,-0.001,0,0,0
11,0.0019999999999999983,-0.02,-0.001,0,0,0
12,0.0040000000000000001,-0.02,-0.001,0,0,0
13,0.0060000000000000019,-0.02,-0.001,0,0,0
14,0.0080000000000000002,-0.02,-0.001,0,0,0
15,0.0099999999999999985,-0.02,-0.001,0,0,0
16,0.012,-0.02,-0.001,0,0,0
17,0.014000000000000002,-0.02,-0.001,0,0,0
18,0.016000000000000004,-0.02,-0.001,0,0,0
19,0.017999999999999999,-0.02,-0.001,0,0,0
20,0.02,-0.02,-0.001,0,0,0
21,-0.02,-0.018000000000000002,-0.001,0,0,0
22,-0.018000000000000002,-0.018000000000000002,-0.001,0,0,0
23,-0.016,-0.018000000000000002,-0.001,0,0,0
24,-0.014,-0.018000000000000002,-0.001,0,0,0
25,-0.012,-0.018000000000000002,-0.001,0,0,0
26,-0.01,-0.018000000000000002,-0.001,0,0,0
27,-0.0080000000000000002,-0.018000000000000002,-0.001,0,0,0
28,-0.0060000000000000001,-0.018000000000000002,-0.001,0,0,0
29,-0.0040000000000000001,-0.018000000000000002,-0.001,0,0,0
30,-0.0019999999999999983,-0.018000000000000002,-0.001,0,0,0
31,0,-0.018000000000000002,-0.001,0,0,0
32,0.0019999999999999983,-0.018000000000000002,-0.001,0,0,0
33,0.0040000000000000001,-0.018000000000000002,-0.001,0,0,0
34,0.0060000000000000019,-0.018000000000000002,-0.001,0,0,0
35,0.0080000000000000002,-0.018000000000000002,-0.001,0,0,0
36,0.0099999999999999985,-0.018000000000000002,-0.001,0,0,0
37,0.012,-0.018000000000000002,-0.001,0,0,0
38,0.014000000000000002,-0.018000000000000002,-0.001,0,0,0
39,0.016000000000000004,-0.018000000000000002,-0.001,0,0,0
40,0.017999999999999999,-0.018000000000000002,-0.001,0,0,0
41,0.02,-0.018000000000000002,-0.001,0,0,0
42,-0.02,-0.016,-0.001,0,0,0
43,-0.018000000000000002,-0.016,-0.001,0,0,0
44,-0.016,-0.016,-0.001,0,0,0
45,-0.014,-0.016,-0.001,0,0,0
46,-0.012,-0.016,-0.001,0,0,0
47,-0.01,-0.016,-0.001,0,0,0
48,-0.0080000000000000002,-0.016,-0.001,0,0,0
49,-0.0060000000000000001,-0.016,-0.001,0,0,0
50,-0.0040000000000000001,-0.016,-0.001,0,0,0
51,-0.0019999999999999983,-0.016,-0.001,0,0,0
52,0,-0.016,-0.001,0,0,0
53,0.0019999999999999983,-0.016,-0.001,0,0,0
54,0.0040000000000000001,-0.016,-0.001,0,0,0
55,0.0060000000000000019,-0.016,-0.001,0,0,0
56,0.0080000000000000002,-0.016,-0.001,0,0,0
57,0.0099999999999999985,-0.016,-0.001,0,0,0
58,0.012,-0.016,-0.001,0,0,0
59,0.014000000000000002,-0.016,-0.001,0,0,0
60,0.016000000000000004,-0.016,-0.001,0,0,0
61,0.017999999999999999,-0.016,-0.001,0,0,0
62,0.02,-0.016,-0.001,0,0,0
63,-0.02,-0.014,-0.001,0,0,0
64,-0.018000000000000002,-0.014,-0.001,0,0,0
65,-0.016,-0.014,-0.001,0,0,0
66,-0.014,-0.014,-0.001,-6.1657397244588045e-07,-5.9505622063174304e-07,-1.2998810572457743e-06
67,-0.012,-0.014,-0.001,-1.2964490414059936e-06,-2.0561376613328656e-06,-6.0195870752091101e-06
68,-0.01,-0.014,-0.001,-2.1012418625714088e-06,-4.5958505536277387e-06,-1.5633114432977025e-05
69,-0.0080000000000000002,-0.014,-0.001,-2.607411065406633e-06,-7.9774434295746957e-06,-2.9471721486977288e-05
70,-0.0060000000000000001,-0.014,-0.001,-2.7433965469512352e-06,-1.1843686105493044e-05,-4.4726982836073227e-05
71,-0.0040000000000000001,-0.014,-0.001,-2.471456407104138e-06,-1.5622950381746768e-05,-5.8474074800695914e-05
72,-0.0019999999999999983,-0.014,-0.001,-1.7593396582962874e-06,-1.8619684149313837e-05,-6.8267142851350298e-05
73,0,-0.014,-0.001,-7.2341138015836321e-07,-2.0065716082156138e-05,-7.2449916312174314e-05
74,0.0019999999999999983,-0.014,-0.001,4.8282710536965642e-07,-1.961833648685341e-05,-7.0332469213958706e-05
75,0.0040000000000000001,-0.014,-0.001,1.6057643582378206e-06,-1.7419516194726575e-05,-6.2125500444107736e-05
76,0.0060000000000000019,-0.014,-0.001,2.3969153496869987e-06,-1.3956020386355003e-05,-4.9122924269506195e-05
77,0.0080000000000000002,-0.014,-0.001,2.7152041852526133e-06,-9.9775912702617856e-06,-3.3509801675676222e-05
78,0.0099999999999999985,-0.014,-0.001,2.4599348127467688e-06,-6.192266086961196e-06,-1.8398671440951157e-05
79,0.012,-0.014,-0.001,1.6504551984486016e-06,-2.9875318682290815e-06,-7.3100123741023882e-06
80,0.014000000000000002,-0.014,-0.001,8.0276055350396366e-07,-8.9282832463055673e-07,-1.7124513899936642e-06
81,0.016000000000000004,-0.014,-0.001,0,0,0
82,0.017999999999999999,-0.014,-0.001,0,0,0
83,0.02,-0.014,-0.001,0,0,0
84,-0.02,-0.012,-0.001,0,0,0
85,-0.018000000000000002,-0.012,-0.001,0,0,0
86,-0.016,-0.012,-0.001,0,0,0
87,-0.014,-0.012,-0.001,-2.0619422723474141e-06,-1.2059875146001552e-06,-5.9544117346588041e-06
88,-0.012,-0.012,-0.001,-4.6566631806967232e-06,-4.5189295634585064e-06,-2.6677672900977237e-05
89,-0.01,-0.012,-0.001,-6.7369780462037625e-06,-1.0121232660907293e-05,-6.3495065813497977e-05
90,-0.0080000000000000002,-0.012,-0.001,-7.9410288000439747e-06,-1.7361452590513046e-05,-0.00011089053166452826
91,-0.0060000000000000001,-0.012,-0.001,-8.1973299976732334e-06,-2.5749012917092018e-05,-0.00016132147529712953
92,-0.0040000000000000001,-0.012,-0.001,-7.3974263942801277e-06,-3.4546047679294348e-05,-0.00020671973161025557
93,-0.0019999999999999983,-0.012,-0.001,-5.3089649941215774e-06,-4.2051501467051492e-05,-0.00023962451089011127
94,0,-0.012,-0.001,-2.0884992284402133e-06,-4.6044988079277274e-05,-0.00025440738705833694
95,0.0019999999999999983,-0.012,-0.001,1.5888814411629199e-06,-4.5435314589667252e-05,-0.00024851005340364952
96,0.0040000000000000001,-0.012,-0.001,4.9325010037692594e-06,-4.0151116558612292e-05,-0.00022266622188718836
97,0.0060000000000000019,-0.012,-0.001,7.3179634346521402e-06,-3.1928451162524349e-05,-0.00018080079799448606
98,0.0080000000000000002,-0.012,-0.001,8.398305013450962e-06,-2.268896103283102e-05,-0.00012942531420007068
99,0.0099999999999999985,-0.012,-0.001,7.943293992827414e-06,-1.4012814725291137e-05,-7.7323014573740209e-05
100,0.012,-0.012,-0.001,6.0218333475208241e-06,-6.9430562249240046e-06,-3.4205192615430796e-05
101,0.014000000000000002,-0.012,-0.001,2.9802896225120491e-06,-2.1474245975894351e-06,-8.2584808148799841e-06
102,0.016000000000000004,-0.012,-0.001,0,0,0
103,0.017999999999999999,-0.012,-0.001,0,0,0
104,0.02,-0.012,-0.001,0,0,0
105,-0.02,-0.01,-0.001,0,0,0
106,-0.018000000000000002,-0.01,-0.001,0,0,0
107,-0.016,-0.01,-0.001,0,0,0
108,-0.014,-0.01,-0.001,-4.489492193935281e-06,-1.8954714656273842e-06,-1.5314871576226413e-05
109,-0.012,-0.01,-0.001,-1.0147720383547663e-05,-6.3169294418460097e-06,-6.2848826360453974e-05
110,-0.01,-0.01,-0.001,-1.4575466381463305e-05,-1.4097280134258498e-05,-0.00013925118495894176
111,-0.0080000000000000002,-0.01,-0.001,-1.7874465536954589e-05,-2.472660872591324e-05,-0.00023377521396009888
112,-0.0060000000000000001,-0.01,-0.001,-1.9396969050753787e-05,-3.7869614934218908e-05,-0.00033446885494334012
113,-0.0040000000000000001,-0.01,-0.001,-1.8023387477928622e-05,-5.2771202838670881e-05,-0.00042717114024225591
114,-0.0019999999999999983,-0.01,-0.001,-1.3032524729385002e-05,-6.6979606280886386e-05,-0.00049650283664613953
115,0,-0.01,-0.001,-4.8213563627374252e-06,-7.5482141259601367e-05,-0.00052989810351450686
116,0.0019999999999999983,-0.01,-0.001,4.7346605656594903e-06,-7.4735595609426385e-05,-0.00052089034928149596
117,0.0040000000000000001,-0.01,-0.001,1.3133089095400218e-05,-6.5271766434837571e-05,-0.00047031963213792194
118,0.0060000000000000019,-0.01,-0.001,1.8475844182104122e-05,-5.0820861879410965e-05,-0.00038587963063515314
119,0.0080000000000000002,-0.01,-0.001,1.9953085796631166e-05,-3.5026133448767465e-05,-0.00028178957739120235
120,0.0099999999999999985,-0.01,-0.001,1.798312158068477e-05,-2.1088131045137709e-05,-0.00017519625375889345
121,0.012,-0.01,-0.001,1.358112502809223e-05,-1.0441875044941484e-05,-8.3280380802786292e-05
122,0.014000000000000002,-0.01,-0.001,6.7163676015929056e-06,-3.5751779524858566e-06,-2.2046141301785064e-05
123,0.016000000000000004,-0.01,-0.001,0,0,0
124,0.017999999999999999,-0.01,-0.001,0,0,0
125,0.02,-0.01,-0.001,0,0,0
126,-0.02,-0.0080000000000000002,-0.001,0,0,0
127,-0.018000000000000002,-0.0080000000000000002,-0.001,0,0,0
128,-0.016,-0.0080000000000000002,-0.001,0,0,0
129,-0.014,-0.0080000000000000002,-0.001,-7.6089370846523979e-06,-2.2548124921681153e-06,-2.8602149924301975e-05
130,-0.012,-0.0080000000000000002,-0.001,-1.6976241895295835e-05,-7.0998896553677731e-06,-0.00010856008815242802
131,-0.01,-0.0080000000000000002,-0.001,-2.4855695363075814e-05,-1.6588984877604517e-05,-0.00023108137425960262
132,-0.0080000000000000002,-0.0080000000000000002,-0.001,-3.1922821439022533e-05,-3.0616109041011747e-05,-0.00038093419881326493
133,-0.0060000000000000001,-0.0080000000000000002,-0.001,-3.6594457421347662e-05,-4.9311699860136494e-05,-0.00054298993194129889
134,-0.0040000000000000001,-0.0080000000000000002,-0.001,-3.528904927814059e-05,-7.1868166591926422e-05,-0.00069772271034461452
135,-0.0019999999999999983,-0.0080000000000000002,-0.001,-2.5753091822853607e-05,-9.5380641939424562e-05,-0.0008189521931814041
136,0,-0.0080000000000000002,-0.001,-9.1069248505251402e-06,-0.00011304765473390078,-0.0008813584571897966
137,0.0019999999999999983,-0.0080000000000000002,-0.001,1.0676597897971024e-05,-0.00011140537918040273,-0.00087222112361411792
138,0.0040000000000000001,-0.0080000000000000002,-0.001,2.8086028922990795e-05,-9.6149274445803476e-05,-0.00078957421532778579
139,0.0060000000000000019,-0.0080000000000000002,-0.001,3.8039074810953655e-05,-7.2691361176335407e-05,-0.00064889374239092564
140,0.0080000000000000002,-0.0080000000000000002,-0.001,3.8985069020437417e-05,-4.7712106381039868e-05,-0.00047602631904310698
141,0.0099999999999999985,-0.0080000000000000002,-0.001,3.3149442243883642e-05,-2.7284861307597386e-05,-0.00030046552556980082
142,0.012,-0.0080000000000000002,-0.001,2.4056403939031422e-05,-1.2858127190700715e-05,-0.00014760831331497461
143,0.014000000000000002,-0.0080000000000000002,-0.001,1.1561870092044509e-05,-4.5544177160295126e-06,-4.182316452870559e-05
144,0.016000000000000004,-0.0080000000000000002,-0.001,0,0,0
145,0.017999999999999999,-0.0080000000000000002,-0.001,0,0,0
146,0.02,-0.0080000000000000002,-0.001,0,0,0
147,-0.02,-0.0060000000000000001,-0.001,0,0,0
148,-0.018000000000000002,-0.0060000000000000001,-0.001,0,0,0
149,-0.016,-0.0060000000000000001,-0.001,0,0,0
150,-0.014,-0.0060000000000000001,-0.001,-1.104166366716484e-05,-2.2357763707888624e-06,-4.2970929057572855e-05
151,-0.012,-0.0060000000000000001,-0.001,-2.4536839056390438e-05,-6.8462851682139957e-06,-0.00015599741428737568
152,-0.01,-0.0060000000000000001,-0.001,-3.6933987968743091e-05,-1.6990321955635798e-05,-0.00032619992087009296
153,-0.0080000000000000002,-0.0060000000000000001,-0.001,-4.967748745425958e-05,-3.3397761284808832e-05,-0.00053547904827774384
154,-0.0060000000000000001,-0.0060000000000000001,-0.001,-5.9596484447068828e-05,-5.6734610263701927e-05,-0.00076754264469534959
155,-0.0040000000000000001,-0.0060000000000000001,-0.001,-5.9819542149666372e-05,-8.6893140904715816e-05,-0.00099959987588915493
156,-0.0019999999999999983,-0.0060000000000000001,-0.001,-4.4804763761268023e-05,-0.00011975362623583785,-0.0011939401820746543
157,0,-0.0060000000000000001,-0.001,-1.466595909598694e-05,-0.00014974956068186256,-0.0013028077556234857
158,0.0019999999999999983,-0.0060000000000000001,-0.001,2.2043765907204546e-05,-0.000150117477106586,-0.0012970020898286825
159,0.0040000000000000001,-0.0060000000000000001,-0.001,5.3212072484483034e-05,-0.00012967540809880602,-0.0011724946980053435
160,0.0060000000000000019,-0.0060000000000000001,-0.001,6.9396165122068522e-05,-9.3121403456369257e-05,-0.00095696786953895947
161,0.0080000000000000002,-0.0060000000000000001,-0.001,6.7671320518100528e-05,-5.7766922278980375e-05,-0.0006961148256238442
162,0.0099999999999999985,-0.0060000000000000001,-0.001,5.411509102261509e-05,-3.1002700372437067e-05,-0.00043783448669957415
163,0.012,-0.0060000000000000001,-0.001,3.7027700151123632e-05,-1.3701105402350171e-05,-0.00021676538210587968
164,0.014000000000000002,-0.0060000000000000001,-0.001,1.7115107198308242e-05,-4.8727953231158854e-06,-6.3310582759602038e-05
165,0.016000000000000004,-0.0060000000000000001,-0.001,0,0,0
166,0.017999999999999999,-0.0060000000000000001,-0.001,0,0,0
167,0.02,-0.0060000000000000001,-0.001,0,0,0
168,-0.02,-0.0040000000000000001,-0.001,0,0,0
169,-0.018000000000000002,-0.0040000000000000001,-0.001,0,0,0
170,-0.016,-0.0040000000000000001,-0.001,0,0,0
171,-0.014,-0.0040000000000000001,-0.001,-1.4239096209757143e-05,-1.8272346265642682e-06,-5.5529707698453452e-05
172,-0.012,-0.0040000000000000001,-0.001,-3.2012312560328373e-05,-5.5321227551636514e-06,-0.00019718674856792303
173,-0.01,-0.0040000000000000001,-0.001,-4.9694214800763658e-05,-1.4385725261034531e-05,-0.0004101052234365444
174,-0.0080000000000000002,-0.0040000000000000001,-0.001,-6.9339135740550495e-05,-2.9658651807404545e-05,-0.00067598435493790808
175,-0.0060000000000000001,-0.0040000000000000001,-0.001,-8.7008902478981972e-05,-5.3236148723214797e-05,-0.00098053279374526775
176,-0.0040000000000000001,-0.0040000000000000001,-0.001,-9.1058144003556944e-05,-8.5929404239714697e-05,-0.0012994933345158808
177,-0.0019999999999999983,-0.0040000000000000001,-0.001,-7.0729034897032983e-05,-0.0001253482742173422,-0.0015932422893016759
178,0,-0.0040000000000000001,-0.001,-2.2447318889834302e-05,-0.00015178436804043431,-0.0017799573779573028
179,0.0019999999999999983,-0.0040000000000000001,-0.001,4.1187576606902257e-05,-0.00016865652841138482,-0.0017827710359508916
180,0.0040000000000000001,-0.0040000000000000001,-0.001,9.4214655707080595e-05,-0.00014718294319066182,-0.0015979018006535538
181,0.0060000000000000019,-0.0040000000000000001,-0.001,0.00011664536628126994,-9.7419382440265109e-05,-0.0012834971025105762
182,0.0080000000000000002,-0.0040000000000000001,-0.001,0.00010736463164228304,-5.7687194233695241e-05,-0.00091358637000718188
183,0.0099999999999999985,-0.0040000000000000001,-0.001,8.0302373351907365e-05,-2.9121959196064486e-05,-0.00056595035970246591
184,0.012,-0.0040000000000000001,-0.001,5.1501017485201736e-05,-1.2173057259163648e-05,-0.00027858136875765323
185,0.014000000000000002,-0.0040000000000000001,-0.001,2.2591035587561921e-05,-4.3263131974097868e-06,-8.2164142927506047e-05
186,0.016000000000000004,-0.0040000000000000001,-0.001,0,0,0
187,0.017999999999999999,-0.0040000000000000001,-0.001,0,0,0
188,0.02,-0.0040000000000000001,-0.001,0,0,0
189,-0.02,-0.0019999999999999983,-0.001,0,0,0
190,-0.018000000000000002,-0.0019999999999999983,-0.001,0,0,0
191,-0.016,-0.0019999999999999983,-0.001,0,0,0
192,-0.014,-0.0019999999999999983,-0.001,-1.6517956100703726e-05,-1.0376157886187035e-06,-6.4030276991325542e-05
193,-0.012,-0.0019999999999999983,-0.001,-3.7752595710801346e-05,-3.1306804873380009e-06,-0.0002251505273118381
194,-0.01,-0.0019999999999999983,-0.001,-6.0500560548565281e-05,-8.3762784406520005e-06,-0.00046795110722827165
195,-0.0080000000000000002,-0.0019999999999999983,-0.001,-8.7258197300850405e-05,-1.7784934278476538e-05,-0.00077528553869981242
196,-0.0060000000000000001,-0.0019999999999999983,-0.001,-0.00011268314473179327,-3.3081400130079261e-05,-0.0011385143420999651
197,-0.0040000000000000001,-0.0019999999999999983,-0.001,-0.00012458279369685646,-5.6785187262866379e-05,-0.0015422531646135465
198,-0.0019999999999999983,-0.0019999999999999983,-0.001,-0.00010617241163368242,-8.9671903719581566e-05,-0.0019573853359191092
199,0,-0.0019999999999999983,-0.001,-4.6283685680721278e-05,-0.00010190677738998761,-0.0023418480955343995
200,0.0019999999999999983,-0.0019999999999999983,-0.001,6.1438557811366193e-05,-0.00012378276259747141,-0.0023174626976070114
201,0.0040000000000000001,-0.0019999999999999983,-0.001,0.00015155174829039521,-0.00010462591806718008,-0.0020326142148795975
202,0.0060000000000000019,-0.0019999999999999983,-0.001,0.00018213725203599591,-6.6574778155094319e-05,-0.001561293132536304
203,0.0080000000000000002,-0.0019999999999999983,-0.001,0.00015377160527881074,-3.7946713847780731e-05,-0.0010793390091955706
204,0.0099999999999999985,-0.0019999999999999983,-0.001,0.00010657922131708155,-1.8714947454018321e-05,-0.00065818074354227968
205,0.012,-0.0019999999999999983,-0.001,6.424316800252998e-05,-7.424516087439374e-06,-0.00032135991933432206
206,0.014000000000000002,-0.0019999999999999983,-0.001,2.6806004325788301e-05,-2.6199252615921367e-06,-9.4989676273640327e-05
207,0.016000000000000004,-0.0019999999999999983,-0.001,0,0,0
208,0.017999999999999999,-0.0019999999999999983,-0.001,0,0,0
209,0.02,-0.0019999999999999983,-0.001,0,0,0
210,-0.02,0,-0.001,0,0,0
211,-0.018000000000000002,0,-0.001,0,0,0
212,-0.016,0,-0.001,0,0,0
213,-0.014,0,-0.001,-1.7334738363201469e-05,-3.5738868988137285e-20,-6.7018564186949804e-05
214,-0.012,0,-0.001,-3.9817508657695942e-05,-5.7555792563068521e-20,-0.00023503850565971451
215,-0.01,0,-0.001,-6.4574559374797793e-05,-1.986485795033147e-19,-0.0004885683418282559
216,-0.0080000000000000002,0,-0.001,-9.6481861083036187e-05,-1.8453205581506404e-19,-0.00081083489562931677
217,-0.0060000000000000001,0,-0.001,-0.00013066267658395916,1.8169923476902035e-19,-0.0011968732117827606
218,-0.0040000000000000001,0,-0.001,-0.00013746687766580084,5.7513092991106511e-20,-0.0016362628969364436
219,-0.0019999999999999983,0,-0.001,-0.00011991396658480623,4.7152626588172874e-19,-0.0021996010168601988
220,0,0,-0.001,-9.1656877995204648e-05,5.4118852006991179e-19,-0.0028871652325763138
221,0.0019999999999999983,0,-0.001,6.4358398589538446e-05,-3.6294356274232997e-19,-0.0028518033705997939
222,0.0040000000000000001,0,-0.001,0.00022917457910393607,4.2590191968429569e-19,-0.0025412296895925388
223,0.0060000000000000019,0,-0.001,0.00021013922408343765,-3.5024484247112068e-19,-0.0016730714973404485
224,0.0080000000000000002,0,-0.001,0.00018388723154291376,6.3462500410969545e-20,-0.001143753232397566
225,0.0099999999999999985,0,-0.001,0.00012046973288911176,-3.9479642748181519e-20,-0.00069221107370768848
226,0.012,0,-0.001,6.8910386352614698e-05,-9.6998312430273367e-20,-0.00033643415436544034
227,0.014000000000000002,0,-0.001,2.8409343379280527e-05,-5.4532173067081164e-20,-9.9560764865792463e-05
228,0.016000000000000004,0,-0.001,0,0,0
229,0.017999999999999999,0,-0.001,0,0,0
230,0.02,0,-0.001,0,0,0
231,-0.02,0.0019999999999999983,-0.001,0,0,0
232,-0.018000000000000002,0.0019999999999999983,-0.001,0,0,0
233,-0.016,0.0019999999999999983,-0.001,0,0,0
234,-0.014,0.0019999999999999983,-0.001,-1.6517956100703777e-05,1.0376157886186493e-06,-6.4030276991325623e-05
235,-0.012,0.0019999999999999983,-0.001,-3.7752595710801468e-05,3.1306804873378387e-06,-0.00022515052731183832
236,-0.01,0.0019999999999999983,-0.001,-6.0500560548565356e-05,8.3762784406517735e-06,-0.00046795110722827176
237,-0.0080000000000000002,0.0019999999999999983,-0.001,-8.7258197300850513e-05,1.7784934278476125e-05,-0.00077528553869981264
238,-0.0060000000000000001,0.0019999999999999983,-0.001,-0.00011268314473179342,3.3081400130079295e-05,-0.0011385143420999653
239,-0.0040000000000000001,0.0019999999999999983,-0.001,-0.0001245827936968564,5.6785187262866705e-05,-0.0015422531646135469
240,-0.0019999999999999983,0.0019999999999999983,-0.001,-0.00010617241163368275,8.9671903719581851e-05,-0.0019573853359191092
241,0,0.0019999999999999983,-0.001,-4.6283685680721787e-05,0.0001019067773899873,-0.0023418480955343986
242,0.0019999999999999983,0.0019999999999999983,-0.001,6.1438557811366952e-05,0.00012378276259747103,-0.002317462697607011
243,0.0040000000000000001,0.0019999999999999983,-0.001,0.00015155174829039532,0.00010462591806717969,-0.0020326142148795971
244,0.0060000000000000019,0.0019999999999999983,-0.001,0.00018213725203599594,6.6574778155094224e-05,-0.0015612931325363058
245,0.0080000000000000002,0.0019999999999999983,-0.001,0.00015377160527881104,3.7946713847780697e-05,-0.0010793390091955713
246,0.0099999999999999985,0.0019999999999999983,-0.001,0.00010657922131708157,1.8714947454018358e-05,-0.00065818074354228001
247,0.012,0.0019999999999999983,-0.001,6.4243168002530021e-05,7.4245160874391614e-06,-0.00032135991933432233
248,0.014000000000000002,0.0019999999999999983,-0.001,2.6806004325788324e-05,2.6199252615920529e-06,-9.4989676273640422e-05
249,0.016000000000000004,0.0019999999999999983,-0.001,0,0,0
250,0.017999999999999999,0.0019999999999999983,-0.001,0,0,0
251,0.02,0.0019999999999999983,-0.001,0,0,0
252,-0.02,0.0040000000000000001,-0.001,0,0,0
253,-0.018000000000000002,0.0040000000000000001,-0.001,0,0,0
254,-0.016,0.0040000000000000001,-0.001,0,0,0
255,-0.014,0.0040000000000000001,-0.001,-1.423909620975723e-05,1.8272346265642373e-06,-5.5529707698453594e-05
256,-0.012,0.0040000000000000001,-0.001,-3.2012312560328535e-05,5.5321227551635616e-06,-0.00019718674856792335
257,-0.01,0.0040000000000000001,-0.001,-4.9694214800763848e-05,1.4385725261034284e-05,-0.00041010522343654484
258,-0.0080000000000000002,0.0040000000000000001,-0.001,-6.9339135740550752e-05,2.9658651807404315e-05,-0.00067598435493790841
259,-0.0060000000000000001,0.0040000000000000001,-0.001,-8.7008902478982283e-05,5.3236148723214716e-05,-0.0009805327937452684
260,-0.0040000000000000001,0.0040000000000000001,-0.001,-9.1058144003557378e-05,8.5929404239714575e-05,-0.0012994933345158817
261,-0.0019999999999999983,0.0040000000000000001,-0.001,-7.0729034897033485e-05,0.00012534827421734196,-0.0015932422893016765
262,0,0.0040000000000000001,-0.001,-2.2447318889834095e-05,0.00015178436804043352,-0.0017799573779573039
263,0.0019999999999999983,0.0040000000000000001,-0.001,4.1187576606902914e-05,0.00016865652841138476,-0.0017827710359508916
264,0.0040000000000000001,0.0040000000000000001,-0.001,9.4214655707080717e-05,0.00014718294319066152,-0.0015979018006535544
265,0.0060000000000000019,0.0040000000000000001,-0.001,0.00011664536628126989,9.7419382440265312e-05,-0.0012834971025105766
266,0.0080000000000000002,0.0040000000000000001,-0.001,0.00010736463164228338,5.7687194233695369e-05,-0.00091358637000718286
267,0.0099999999999999985,0.0040000000000000001,-0.001,8.0302373351907703e-05,2.9121959196064361e-05,-0.00056595035970246677
268,0.012,0.0040000000000000001,-0.001,5.1501017485201811e-05,1.2173057259163477e-05,-0.00027858136875765361
269,0.014000000000000002,0.0040000000000000001,-0.001,2.2591035587561941e-05,4.3263131974097233e-06,-8.2164142927506197e-05
270,0.016000000000000004,0.0040000000000000001,-0.001,0,0,0
271,0.017999999999999999,0.0040000000000000001,-0.001,0,0,0
272,0.02,0.0040000000000000001,-0.001,0,0,0
273,-0.02,0.0060000000000000019,-0.001,0,0,0
274,-0.018000000000000002,0.0060000000000000019,-0.001,0,0,0
275,-0.016,0.0060000000000000019,-0.001,0,0,0
276,-0.014,0.0060000000000000019,-0.001,-1.1041663667164912e-05,2.2357763707888683e-06,-4.2970929057572936e-05
277,-0.012,0.0060000000000000019,-0.001,-2.4536839056390604e-05,6.8462851682139787e-06,-0.00015599741428737592
278,-0.01,0.0060000000000000019,-0.001,-3.6933987968743362e-05,1.6990321955635757e-05,-0.00032619992087009334
279,-0.0080000000000000002,0.0060000000000000019,-0.001,-4.9677487454259925e-05,3.3397761284809002e-05,-0.00053547904827774427
280,-0.0060000000000000001,0.0060000000000000019,-0.001,-5.9596484447069154e-05,5.6734610263701975e-05,-0.00076754264469534991
281,-0.0040000000000000001,0.0060000000000000019,-0.001,-5.9819542149666609e-05,8.6893140904715843e-05,-0.00099959987588915558
282,-0.0019999999999999983,0.0060000000000000019,-0.001,-4.480476376126809e-05,0.00011975362623583741,-0.0011939401820746547
283,0,0.0060000000000000019,-0.001,-1.4665959095986925e-05,0.00014974956068186229,-0.0013028077556234863
284,0.0019999999999999983,0.0060000000000000019,-0.001,2.2043765907205075e-05,0.00015011747710658591,-0.0012970020898286825
285,0.0040000000000000001,0.0060000000000000019,-0.001,5.3212072484483793e-05,0.00012967540809880594,-0.0011724946980053432
286,0.0060000000000000019,0.0060000000000000019,-0.001,6.9396165122068997e-05,9.312140345636946e-05,-0.0009569678695389598
287,0.0080000000000000002,0.0060000000000000019,-0.001,6.7671320518100569e-05,5.7766922278980524e-05,-0.00069611482562384475
288,0.0099999999999999985,0.0060000000000000019,-0.001,5.41150910226153e-05,3.1002700372437074e-05,-0.00043783448669957475
289,0.012,0.0060000000000000019,-0.001,3.7027700151123795e-05,1.3701105402350147e-05,-0.00021676538210588009
290,0.014000000000000002,0.0060000000000000019,-0.001,1.7115107198308259e-05,4.8727953231158642e-06,-6.3310582759602133e-05
291,0.016000000000000004,0.0060000000000000019,-0.001,0,0,0
292,0.017999999999999999,0.0060000000000000019,-0.001,0,0,0
293,0.02,0.0060000000000000019,-0.001,0,0,0
294,-0.02,0.0080000000000000002,-0.001,0,0,0
295,-0.018000000000000002,0.0080000000000000002,-0.001,0,0,0
296,-0.016,0.0080000000000000002,-0.001,0,0,0
297,-0.014,0.0080000000000000002,-0.001,-7.6089370846524673e-06,2.2548124921681348e-06,-2.8602149924302043e-05
298,-0.012,0.0080000000000000002,-0.001,-1.6976241895295994e-05,7.099889655367757e-06,-0.00010856008815242825
299,-0.01,0.0080000000000000002,-0.001,-2.4855695363076031e-05,1.6588984877604517e-05,-0.00023108137425960308
300,-0.0080000000000000002,0.0080000000000000002,-0.001,-3.1922821439022743e-05,3.0616109041011734e-05,-0.0003809341988132658
301,-0.0060000000000000001,0.0080000000000000002,-0.001,-3.6594457421347946e-05,4.9311699860136223e-05,-0.00054298993194129997
302,-0.0040000000000000001,0.0080000000000000002,-0.001,-3.528904927814065e-05,7.1868166591926056e-05,-0.00069772271034461571
303,-0.0019999999999999983,0.0080000000000000002,-0.001,-2.5753091822853468e-05,9.5380641939424074e-05,-0.00081895219318140551
304,0,0.0080000000000000002,-0.001,-9.1069248505249827e-06,0.00011304765473390026,-0.00088135845718979844
305,0.0019999999999999983,0.0080000000000000002,-0.001,1.0676597897971322e-05,0.00011140537918040243,-0.00087222112361411955
306,0.0040000000000000001,0.0080000000000000002,-0.001,2.8086028922990984e-05,9.6149274445803083e-05,-0.00078957421532778688
307,0.0060000000000000019,0.0080000000000000002,-0.001,3.8039074810953947e-05,7.2691361176335163e-05,-0.00064889374239092662
308,0.0080000000000000002,0.0080000000000000002,-0.001,3.8985069020437647e-05,4.7712106381039719e-05,-0.00047602631904310801
309,0.0099999999999999985,0.0080000000000000002,-0.001,3.3149442243883845e-05,2.7284861307597328e-05,-0.00030046552556980169
310,0.012,0.0080000000000000002,-0.001,2.4056403939031571e-05,1.2858127190700713e-05,-0.00014760831331497507
311,0.014000000000000002,0.0080000000000000002,-0.001,1.1561870092044565e-05,4.5544177160295202e-06,-4.1823164528705712e-05
312,0.016000000000000004,0.0080000000000000002,-0.001,0,0,0
313,0.017999999999999999,0.0080000000000000002,-0.001,0,0,0
314,0.02,0.0080000000000000002,-0.001,0,0,0
315,-0.02,0.0099999999999999985,-0.001,0,0,0
316,-0.018000000000000002,0.0099999999999999985,-0.001,0,0,0
317,-0.016,0.0099999999999999985,-0.001,0,0,0
318,-0.014,0.0099999999999999985,-0.001,-4.4894921939352674e-06,1.8954714656273796e-06,-1.5314871576226406e-05
319,-0.012,0.0099999999999999985,-0.001,-1.0147720383547637e-05,6.3169294418459555e-06,-6.2848826360454015e-05
320,-0.01,0.0099999999999999985,-0.001,-1.4575466381463234e-05,1.4097280134258364e-05,-0.00013925118495894197
321,-0.0080000000000000002,0.0099999999999999985,-0.001,-1.7874465536954467e-05,2.4726608725912897e-05,-0.00023377521396009926
322,-0.0060000000000000001,0.0099999999999999985,-0.001,-1.9396969050753607e-05,3.786961493421821e-05,-0.00033446885494334082
323,-0.0040000000000000001,0.0099999999999999985,-0.001,-1.8023387477928456e-05,5.2771202838669845e-05,-0.00042717114024225673
324,-0.0019999999999999983,0.0099999999999999985,-0.001,-1.3032524729384933e-05,6.697960628088522e-05,-0.00049650283664614062
325,0,0.0099999999999999985,-0.001,-4.8213563627373583e-06,7.5482141259600012e-05,-0.00052989810351450784
326,0.0019999999999999983,0.0099999999999999985,-0.001,4.7346605656596004e-06,7.4735595609424813e-05,-0.00052089034928149694
327,0.0040000000000000001,0.0099999999999999985,-0.001,1.3133089095400346e-05,6.5271766434836447e-05,-0.00047031963213792287
328,0.0060000000000000019,0.0099999999999999985,-0.001,1.8475844182104109e-05,5.0820861879410131e-05,-0.00038587963063515401
329,0.0080000000000000002,0.0099999999999999985,-0.001,1.9953085796631078e-05,3.5026133448766902e-05,-0.00028178957739120295
330,0.0099999999999999985,0.0099999999999999985,-0.001,1.7983121580684648e-05,2.1088131045137451e-05,-0.00017519625375889386
331,0.012,0.0099999999999999985,-0.001,1.3581125028092179e-05,1.0441875044941409e-05,-8.3280380802786523e-05
332,0.014000000000000002,0.0099999999999999985,-0.001,6.7163676015928835e-06,3.5751779524858523e-06,-2.2046141301785101e-05
333,0.016000000000000004,0.0099999999999999985,-0.001,0,0,0
334,0.017999999999999999,0.0099999999999999985,-0.001,0,0,0
335,0.02,0.0099999999999999985,-0.001,0,0,0
336,-0.02,0.012,-0.001,0,0,0
337,-0.018000000000000002,0.012,-0.001,0,0,0
338,-0.016,0.012,-0.001,0,0,0
339,-0.014,0.012,-0.001,-2.0619422723473772e-06,1.2059875146001559e-06,-5.9544117346587855e-06
340,-0.012,0.012,-0.001,-4.6566631806966309e-06,4.5189295634584886e-06,-2.6677672900977196e-05
341,-0.01,0.012,-0.001,-6.736978046203632e-06,1.0121232660907245e-05,-6.349506581349795e-05
342,-0.0080000000000000002,0.012,-0.001,-7.9410288000437901e-06,1.7361452590512904e-05,-0.00011089053166452831
343,-0.0060000000000000001,0.012,-0.001,-8.1973299976730199e-06,2.574901291709175e-05,-0.00016132147529712964
344,-0.0040000000000000001,0.012,-0.001,-7.3974263942799812e-06,3.454604767929403e-05,-0.00020671973161025579
345,-0.0019999999999999983,0.012,-0.001,-5.3089649941214842e-06,4.2051501467051011e-05,-0.00023962451089011149
346,0,0.012,-0.001,-2.0884992284401748e-06,4.6044988079276738e-05,-0.00025440738705833726
347,0.0019999999999999983,0.012,-0.001,1.5888814411628559e-06,4.543531458966673e-05,-0.0002485100534036499
348,0.0040000000000000001,0.012,-0.001,4.9325010037691111e-06,4.0151116558611852e-05,-0.00022266622188718872
349,0.0060000000000000019,0.012,-0.001,7.3179634346519894e-06,3.1928451162524091e-05,-0.00018080079799448633
350,0.0080000000000000002,0.012,-0.001,8.3983050134508367e-06,2.2688961032830884e-05,-0.00012942531420007092
351,0.0099999999999999985,0.012,-0.001,7.9432939928273192e-06,1.4012814725291086e-05,-7.7323014573740372e-05
352,0.012,0.012,-0.001,6.0218333475207572e-06,6.9430562249240063e-06,-3.420519261543085e-05
353,0.014000000000000002,0.012,-0.001,2.9802896225120241e-06,2.1474245975894495e-06,-8.2584808148800027e-06
354,0.016000000000000004,0.012,-0.001,0,0,0
355,0.017999999999999999,0.012,-0.001,0,0,0
356,0.02,0.012,-0.001,0,0,0
357,-0.02,0.014000000000000002,-0.001,0,0,0
358,-0.018000000000000002,0.014000000000000002,-0.001,0,0,0
359,-0.016,0.014000000000000002,-0.001,0,0,0
360,-0.014,0.014000000000000002,-0.001,-6.1657397244586849e-07,5.9505622063173605e-07,-1.2998810572457675e-06
361,-0.012,0.014000000000000002,-0.001,-1.2964490414059675e-06,2.0561376613328495e-06,-6.0195870752090932e-06
362,-0.01,0.014000000000000002,-0.001,-2.1012418625713609e-06,4.5958505536277056e-06,-1.5633114432977004e-05
363,-0.0080000000000000002,0.014000000000000002,-0.001,-2.6074110654065771e-06,7.9774434295746212e-06,-2.9471721486977255e-05
364,-0.0060000000000000001,0.014000000000000002,-0.001,-2.7433965469511717e-06,1.1843686105492949e-05,-4.4726982836073233e-05
365,-0.0040000000000000001,0.014000000000000002,-0.001,-2.471456407104066e-06,1.5622950381746652e-05,-5.8474074800695914e-05
366,-0.0019999999999999983,0.014000000000000002,-0.001,-1.7593396582962349e-06,1.8619684149313681e-05,-6.8267142851350298e-05
367,0,0.014000000000000002,-0.001,-7.2341138015834394e-07,2.0065716082155969e-05,-7.2449916312174355e-05
368,0.0019999999999999983,0.014000000000000002,-0.001,4.82827105369638e-07,1.9618336486853271e-05,-7.033246921395876e-05
369,0.0040000000000000001,0.014000000000000002,-0.001,1.6057643582377654e-06,1.7419516194726456e-05,-6.2125500444107831e-05
370,0.0060000000000000019,0.014000000000000002,-0.001,2.3969153496869212e-06,1.3956020386354903e-05,-4.9122924269506303e-05
371,0.0080000000000000002,0.014000000000000002,-0.001,2.7152041852525578e-06,9.97759127026175e-06,-3.350980167567629e-05
372,0.0099999999999999985,0.014000000000000002,-0.001,2.4599348127467303e-06,6.1922660869611749e-06,-1.8398671440951198e-05
373,0.012,0.014000000000000002,-0.001,1.6504551984485819e-06,2.9875318682290853e-06,-7.3100123741024034e-06
374,0.014000000000000002,0.014000000000000002,-0.001,8.0276055350395699e-07,8.9282832463056001e-07,-1.7124513899936676e-06
375,0.016000000000000004,0.014000000000000002,-0.001,0,0,0
376,0.017999999999999999,0.014000000000000002,-0.001,0,0,0
377,0.02,0.014000000000000002,-0.001,0,0,0
378,-0.02,0.016000000000000004,-0.001,0,0,0
379,-0.018000000000000002,0.016000000000000004,-0.001,0,0,0
380,-0.016,0.016000000000000004,-0.001,0,0,0
381,-0.014,0.016000000000000004,-0.001,0,0,0
382,-0.012,0.016000000000000004,-0.001,0,0,0
383,-0.01,0.016000000000000004,-0.001,0,0,0
384,-0.0080000000000000002,0.016000000000000004,-0.001,0,0,0
385,-0.0060000000000000001,0.016000000000000004,-0.001,0,0,0
386,-0.0040000000000000001,0.016000000000000004,-0.001,0,0,0
387,-0.0019999999999999983,0.016000000000000004,-0.001,0,0,0
388,0,0.016000000000000004,-0.001,0,0,0
389,0.0019999999999999983,0.016000000000000004,-0.001,0,0,0
390,0.0040000000000000001,0.016000000000000004,-0.001,0,0,0
391,0.0060000000000000019,0.016000000000000004,-0.001,0,0,0
392,0.0080000000000000002,0.016000000000000004,-0.001,0,0,0
393,0.0099999999999999985,0.016000000000000004,-0.001,0,0,0
394,0.012,0.016000000000000004,-0.001,0,0,0
395,0.014000000000000002,0.016000000000000004,-0.001,0,0,0
396,0.016000000000000004,0.016000000000000004,-0.001,0,0,0
397,0.017999999999999999,0.016000000000000004,-0.001,0,0,0
398,0.02,0.016000000000000004,-0.001,0,0,0
399,-0.02,0.017999999999999999,-0.001,0,0,0
400,-0.018000000000000002,0.017999999999999999,-0.001,0,0,0
401,-0.016,0.017999999999999999,-0.001,0,0,0
402,-0.014,0.017999999999999999,-0.001,0,0,0
403,-0.012,0.017999999999999999,-0.001,0,0,0
404,-0.01,0.017999999999999999,-0.001,0,0,0
405,-0.0080000000000000002,0.017999999999999999,-0.001,0,0,0
406,-0.0060000000000000001,0.017999999999999999,-0.001,0,0,0
407,-0.0040000000000000001,0.017999999999999999,-0.001,0,0,0
408,-0.0019999999999999983,0.017999999999999999,-0.001,0,0,0
409,0,0.017999999999999999,-0.001,0,0,0
410,0.0019999999999999983,0.017999999999999999,-0.001,0,0,0
411,0.0040000000000000001,0.017999999999999999,-0.001,0,0,0
412,0.0060000000000000019,0.017999999999999999,-0.001,0,0,0
413,0.0080000000000000002,0.017999999999999999,-0.001,0,0,0
414,0.0099999999999999985,0.017999999999999999,-0.001,0,0,0
415,0.012,0.017999999999999999,-0.001,0,0,0
416,0.014000000000000002,0.017999999999999999,-0.001,0,0,0
417,0.016000000000000004,0.017999999999999999,-0.001,0,0,0
418,0.017999999999999999,0.017999999999999999,-0.001,0,0,0
419,0.02,0.017999999999999999,-0.001,0,0,0
420,-0.02,0.02,-0.001,0,0,0
421,-0.018000000000000002,0.02,-0.001,0,0,0
422,-0.016,0.02,-0.001,0,0,0
423,-0.014,0.02,-0.001,0,0,0
424,-0.012,0.02,-0.001,0,0,0
425,-0.01,0.02,-0.001,0,0,0
426,-0.0080000000000000002,0.02,-0.001,0,0,0
427,-0.0060000000000000001,0.02,-0.001,0,0,0
428,-0.0040000000000000001,0.02,-0.001,0,0,0
429,-0.0019999999999999983,0.02,-0.001,0,0,0
430,0,0.02,-0.001,0,0,0
431,0.0019999999999999983,0.02,-0.001,0,0,0
432,0.0040000000000000001,0.02,-0.001,0,0,0
433,0.0060000000000000019,0.02,-0.001,0,0,0
434,0.0080000000000000002,0.02,-0.001,0,0,0
435,0.0099999999999999985,0.02,-0.001,0,0,0
436,0.012,0.02,-0.001,0,0,0
437,0.014000000000000002,0.02,-0.001,0,0,0
438,0.016000000000000004,0.02,-0.001,0,0,0
439,0.017999999999999999,0.02,-0.001,0,0,0
440,0.02,0.02,-0.001,0,0,0
441,-0.02,-0.02,-0.00050000000000000001,0,0,0
442,-0.018000000000000002,-0.02,-0.00050000000000000001,0,0,0
443,-0.016,-0.02,-0.00050000000000000001,0,0,0
444,-0.014,-0.02,-0.00050000000000000001,0,0,0
445,-0.012,-0.02,-0.00050000000000000001,0,0,0
446,-0.01,-0.02,-0.00050000000000000001,0,0,0
447,-0.0080000000000000002,-0.02,-0.00050000000000000001,0,0,0
448,-0.0060000000000000001,-0.02,-0.00050000000000000001,0,0,0
449,-0.0040000000000000001,-0.02,-0.00050000000000000001,0,0,0
450,-0.0019999999999999983,-0.02,-0.00050000000000000001,0,0,0
451,0,-0.02,-0.00050000000000000001,0,0,0
452,0.0019999999999999983,-0.02,-0.00050000000000000001,0,0,0
453,0.0040000000000000001,-0.02,-0.00050000000000000001,0,0,0
454,0.0060000000000000019,-0.02,-0.00050000000000000001,0,0,0
455,0.0080000000000000002,-0.02,-0.00050000000000000001,0,0,0
456,0.0099999999999999985,-0.02,-0.00050000000000000001,0,0,0
457,0.012,-0.02,-0.00050000000000000001,0,0,0
458,0.014000000000000002,-0.02,-0.00050000000000000001,0,0,0
459,0.016000000000000004,-0.02,-0.00050000000000000001,0,0,0
460,0.017999999999999999,-0.02,-0.00050000000000000001,0,0,0
461,0.02,-0.02,-0.00050000000000000001,0,0,0
462,-0.02,-0.018000000000000002,-0.00050000000000000001,0,0,0
463,-0.018000000000000002,-0.018000000000000002,-0.00050000000000000001,0,0,0
464,-0.016,-0.018000000000000002,-0.00050000000000000001,0,0,0
465,-0.014,-0.018000000000000002,-0.00050000000000000001,0,0,0
466,-0.012,-0.018000000000000002,-0.00050000000000000001,0,0,0
467,-0.01,-0.018000000000000002,-0.00050000000000000001,0,0,0
468,-0.0080000000000000002,-0.018000000000000002,-0.00050000000000000001,0,0,0
469,-0.0060000000000000001,-0.018000000000000002,-0.00050000000000000001,0,0,0
470,-0.0040000000000000001,-0.018000000000000002,-0.00050000000000000001,0,0,0
471,-0.0019999999999999983,-0.018000000000000002,-0.00050000000000000001,0,0,0
472,0,-0.018000000000000002,-0.00050000000000000001,0,0,0
473,0.0019999999999999983,-0.018000000000000002,-0.00050000000000000001,0,0,0
474,0.0040000000000000001,-0.018000000000000002,-0.00050000000000000001,0,0,0
475,0.0060000000000000019,-0.018000000000000002,-0.00050000000000000001,0,0,0
476,0.0080000000000000002,-0.018000000000000002,-0.00050000000000000001,0,0,0
477,0.0099999999999999985,-0.018000000000000002,-0.00050000000000000001,0,0,0
478,0.012,-0.018000000000000002,-0.00050000000000000001,0,0,0
479,0.014000000000000002,-0.018000000000000002,-0.00050000000000000001,0,0,0
480,0.016000000000000004,-0.018000000000000002,-0.00050000000000000001,0,0,0
481,0.017999999999999999,-0.018000000000000002,-0.00050000000000000001,0,0,0
482,0.02,-0.018000000000000002,-0.00050000000000000001,0,0,0
483,-0.02,-0.016,-0.00050000000000000001,0,0,0
484,-0.018000000000000002,-0.016,-0.00050000000000000001,0,0,0
485,-0.016,-0.016,-0.00050000000000000001,0,0,0
486,-0.014,-0.016,-0.00050000000000000001,0,0,0
487,-0.012,-0.016,-0.00050000000000000001,0,0,0
488,-0.01,-0.016,-0.00050000000000000001,0,0,0
489,-0.0080000000000000002,-0.016,-0.00050000000000000001,0,0,0
490,-0.0060000000000000001,-0.016,-0.00050000000000000001,0,0,0
491,-0.0040000000000000001,-0.016,-0.00050000000000000001,0,0,0
492,-0.0019999999999999983,-0.016,-0.00050000000000000001,0,0,0
493,0,-0.016,-0.00050000000000000001,0,0,0
494,0.0019999999999999983,-0.016,-0.00050000000000000001,0,0,0
495,0.0040000000000000001,-0.016,-0.00050000000000000001,0,0,0
496,0.0060000000000000019,-0.016,-0.00050000000000000001,0,0,0
497,0.0080000000000000002,-0.016,-0.00050000000000000001,0,0,0
498,0.0099999999999999985,-0.016,-0.00050000000000000001,0,0,0
499,0.012,-0.016,-0.00050000000000000001,0,0,0
500,0.014000000000000002,-0.016,-0.00050000000000000001,0,0,0
501,0.016000000000000004,-0.016,-0.00050000000000000001,0,0,0
502,0.017999999999999999,-0.016,-0.00050000000000000001,0,0,0
503,0.02,-0.016,-0.00050000000000000001,0,0,0
504,-0.02,-0.014,-0.00050000000000000001,0,0,0
505,-0.018000000000000002,-0.014,-0.00050000000000000001,0,0,0
506,-0.016,-0.014,-0.00050000000000000001,0,0,0
507,-0.014,-0.014,-0.00050000000000000001,1.8884499673061341e-07,2.0573006623364938e-07,-1.2421825915105849e-06
508,-0.012,-0.014,-0.00050000000000000001,5.478525970193659e-07,8.8044308700398231e-07,-5.9365593418797596e-06
509,-0.01,-0.014,-0.00050000000000000001,1.120269510391188e-06,1.8845319064278556e-06,-1.5410560748461258e-05
510,-0.0080000000000000002,-0.014,-0.00050000000000000001,1.4282072115452484e-06,2.8427937512908936e-06,-2.9068192012930265e-05
511,-0.0060000000000000001,-0.014,-0.00050000000000000001,1.3074307915080586e-06,3.7393722956307161e-06,-4.4158811273906581e-05
512,-0.0040000000000000001,-0.014,-0.00050000000000000001,8.4900467308380401e-07,4.3207785950693311e-06,-5.7737502551908467e-05
513,-0.0019999999999999983,-0.014,-0.00050000000000000001,2.2981898459722408e-07,4.5830975335355676e-06,-6.7399425999500008e-05
514,0,-0.014,-0.00050000000000000001,-4.1214380430493156e-07,4.4877198871576829e-06,-7.1491118871859713e-05
515,0.0019999999999999983,-0.014,-0.00050000000000000001,-9.6545023744391675e-07,4.1981953954418168e-06,-6.9340582975983497e-05
516,0.0040000000000000001,-0.014,-0.00050000000000000001,-1.3753700319898938e-06,3.8412889735702146e-06,-6.1194888387940629e-05
517,0.0060000000000000019,-0.014,-0.00050000000000000001,-1.6205874235984385e-06,3.3697856102344354e-06,-4.8335232684592518e-05
518,0.0080000000000000002,-0.014,-0.00050000000000000001,-1.5947972971598732e-06,2.6626941632257017e-06,-3.2911851563263064e-05
519,0.0099999999999999985,-0.014,-0.00050000000000000001,-1.1977180752273621e-06,1.8175260406748544e-06,-1.8017580441122579e-05
520,0.012,-0.014,-0.00050000000000000001,-5.5703421176860186e-07,8.0577698779511802e-07,-7.1178846022696139e-06
521,0.014000000000000002,-0.014,-0.00050000000000000001,-1.6683799020271787e-07,1.508157644230413e-07,-1.6044962222368559e-06
522,0.016000000000000004,-0.014,-0.00050000000000000001,0,0,0
523,0.017999999999999999,-0.014,-0.00050000000000000001,0,0,0
524,0.02,-0.014,-0.00050000000000000001,0,0,0
525,-0.02,-0.012,-0.00050000000000000001,0,0,0
526,-0.018000000000000002,-0.012,-0.00050000000000000001,0,0,0
527,-0.016,-0.012,-0.00050000000000000001,0,0,0
528,-0.014,-0.012,-0.00050000000000000001,8.6033362789105828e-07,6.0016041971387892e-07,-5.8741464327934743e-06
529,-0.012,-0.012,-0.00050000000000000001,2.7160683383470233e-06,2.7834250623875696e-06,-2.677695743366029e-05
530,-0.01,-0.012,-0.00050000000000000001,4.2270943167596156e-06,5.4033097498920994e-06,-6.3877920161577737e-05
531,-0.0080000000000000002,-0.012,-0.00050000000000000001,4.8657429918073144e-06,7.7707769992367037e-06,-0.00011180995825277905
532,-0.0060000000000000001,-0.012,-0.00050000000000000001,4.4372786268927829e-06,9.4956552094567532e-06,-0.00016295495260609531
533,-0.0040000000000000001,-0.012,-0.00050000000000000001,3.0427116145592184e-06,1.002275161481037e-05,-0.00020910699727445125
534,-0.0019999999999999983,-0.012,-0.00050000000000000001,1.1234249210714036e-06,9.5588418244127201e-06,-0.0002425876476029149
535,0,-0.012,-0.00050000000000000001,-8.5885611095518103e-07,8.9140239081773615e-06,-0.00025767910288557432
536,0.0019999999999999983,-0.012,-0.00050000000000000001,-2.6323150939944525e-06,8.4538433659525478e-06,-0.00025162928864732546
537,0.0040000000000000001,-0.012,-0.00050000000000000001,-4.0683749024415427e-06,8.5829383120945472e-06,-0.00022535274103186923
538,0.0060000000000000019,-0.012,-0.00050000000000000001,-5.0172667635203442e-06,8.3924178499665334e-06,-0.00018275435738516858
539,0.0080000000000000002,-0.012,-0.00050000000000000001,-5.2375696254064723e-06,7.3057620366854812e-06,-0.00013058686737611814
540,0.0099999999999999985,-0.012,-0.00050000000000000001,-4.5494244312917175e-06,5.3354862989364737e-06,-7.7815466734635396e-05
541,0.012,-0.012,-0.00050000000000000001,-2.9354730525238329e-06,2.7649054013074586e-06,-3.4284487120700519e-05
542,0.014000000000000002,-0.012,-0.00050000000000000001,-9.1505067658460154e-07,5.1352933837196578e-07,-8.057386694272014e-06
543,0.016000000000000004,-0.012,-0.00050000000000000001,0,0,0
544,0.017999999999999999,-0.012,-0.00050000000000000001,0,0,0
545,0.02,-0.012,-0.00050000000000000001,0,0,0
546,-0.02,-0.01,-0.00050000000000000001,0,0,0
547,-0.018000000000000002,-0.01,-0.00050000000000000001,0,0,0
548,-0.016,-0.01,-0.00050000000000000001,0,0,0
549,-0.014,-0.01,-0.00050000000000000001,1.8806587446455165e-06,1.2187051153273771e-06,-1.5103714321161318e-05
550,-0.012,-0.01,-0.00050000000000000001,5.374671328585618e-06,4.367465491945805e-06,-6.3230170543548118e-05
551,-0.01,-0.01,-0.00050000000000000001,7.2355960369520263e-06,7.3322553621048802e-06,-0.00014034559181342769
552,-0.0080000000000000002,-0.01,-0.00050000000000000001,7.1878930486842006e-06,9.4372021992465951e-06,-0.00023595845230005755
553,-0.0060000000000000001,-0.01,-0.00050000000000000001,5.6080457240459682e-06,9.9285677861701756e-06,-0.00033814029716283195
554,-0.0040000000000000001,-0.01,-0.00050000000000000001,3.088124808666329e-06,8.1859637143303195e-06,-0.00043254998838527869
555,-0.0019999999999999983,-0.01,-0.00050000000000000001,4.6003861308566635e-07,4.4607553012180509e-06,-0.00050318971215910905
556,0,-0.01,-0.00050000000000000001,-1.4903082570786791e-06,1.6347218233170898e-06,-0.0005372146190018237
557,0.0019999999999999983,-0.01,-0.00050000000000000001,-2.9045178305236019e-06,1.6145616481030578e-06,-0.00052833458002218088
558,0.0040000000000000001,-0.01,-0.00050000000000000001,-4.3709807418042049e-06,4.3250395071241898e-06,-0.00047691004295272589
559,0.0060000000000000019,-0.01,-0.00050000000000000001,-5.9426351833828249e-06,6.955119135257876e-06,-0.00039085744380098017
560,0.0080000000000000002,-0.01,-0.00050000000000000001,-7.2577453586111499e-06,8.1185864317776373e-06,-0.00028497920434798388
561,0.0099999999999999985,-0.01,-0.00050000000000000001,-7.5281967778450524e-06,7.0876819247084329e-06,-0.0001768442372560424
562,0.012,-0.01,-0.00050000000000000001,-5.8309142151302236e-06,4.3152373291148602e-06,-8.3841659917953317e-05
563,0.014000000000000002,-0.01,-0.00050000000000000001,-2.1190068031891714e-06,1.0732139784406666e-06,-2.1629821552622555e-05
564,0.016000000000000004,-0.01,-0.00050000000000000001,0,0,0
565,0.017999999999999999,-0.01,-0.00050000000000000001,0,0,0
566,0.02,-0.01,-0.00050000000000000001,0,0,0
567,-0.02,-0.0080000000000000002,-0.00050000000000000001,0,0,0
568,-0.018000000000000002,-0.0080000000000000002,-0.00050000000000000001,0,0,0
569,-0.016,-0.0080000000000000002,-0.00050000000000000001,0,0,0
570,-0.014,-0.0080000000000000002,-0.00050000000000000001,2.8717703038782179e-06,1.5795617082590448e-06,-2.8225398779518045e-05
571,-0.012,-0.0080000000000000002,-0.00050000000000000001,7.8534381249461374e-06,5.1139679376707083e-06,-0.0001094620490324498
572,-0.01,-0.0080000000000000002,-0.00050000000000000001,9.531784558834629e-06,7.4505904457737056e-06,-0.00023323679985530815
573,-0.0080000000000000002,-0.0080000000000000002,-0.00050000000000000001,7.710245792267645e-06,7.8093261230558329e-06,-0.00038477343336981631
574,-0.0060000000000000001,-0.0080000000000000002,-0.00050000000000000001,3.908275195041853e-06,5.2894607410741193e-06,-0.00054933334802467553
575,-0.0040000000000000001,-0.0080000000000000002,-0.00050000000000000001,1.2629173719159293e-07,-6.1382137318067761e-07,-0.00070716019371520151
576,-0.0019999999999999983,-0.0080000000000000002,-0.00050000000000000001,-1.9371333272390013e-06,-9.6547272545546135e-06,-0.00083114273222241431
577,0,-0.0080000000000000002,-0.00050000000000000001,-1.9874983500653433e-06,-1.8327873786098475e-05,-0.00089421628683480426
578,0.0019999999999999983,-0.0080000000000000002,-0.00050000000000000001,-8.3167123719626481e-07,-1.6669924268160511e-05,-0.00088590413082247326
579,0.0040000000000000001,-0.0080000000000000002,-0.00050000000000000001,-3.1809397205711524e-07,-1.0059235912566225e-05,-0.00080180403926580917
580,0.0060000000000000019,-0.0080000000000000002,-0.00050000000000000001,-2.0870633415765124e-06,-1.8183378265375419e-06,-0.00065837332385915062
581,0.0080000000000000002,-0.0080000000000000002,-0.00050000000000000001,-5.6604013911054223e-06,4.4519270794793285e-06,-0.00048229897887501288
582,0.0099999999999999985,-0.0080000000000000002,-0.00050000000000000001,-8.6379389310741651e-06,6.3511725110631533e-06,-0.00030390170600510228
583,0.012,-0.0080000000000000002,-0.00050000000000000001,-8.1409216897199734e-06,4.6764982635016987e-06,-0.0001490576288143545
584,0.014000000000000002,-0.0080000000000000002,-0.00050000000000000001,-3.2200256789507223e-06,1.2333029037302476e-06,-4.1128169375944297e-05
585,0.016000000000000004,-0.0080000000000000002,-0.00050000000000000001,0,0,0
586,0.017999999999999999,-0.0080000000000000002,-0.00050000000000000001,0,0,0
587,0.02,-0.0080000000000000002,-0.00050000000000000001,0,0,0
588,-0.02,-0.0060000000000000001,-0.00050000000000000001,0,0,0
589,-0.018000000000000002,-0.0060000000000000001,-0.00050000000000000001,0,0,0
590,-0.016,-0.0060000000000000001,-0.00050000000000000001,0,0,0
591,-0.014,-0.0060000000000000001,-0.00050000000000000001,3.80733426504624e-06,1.5170323429375588e-06,-4.244599277114189e-05
592,-0.012,-0.0060000000000000001,-0.00050000000000000001,9.7852013767181305e-06,4.8437793489756042e-06,-0.00015757044940526121
593,-0.01,-0.0060000000000000001,-0.00050000000000000001,1.0476481857013238e-05,6.1864543626411085e-06,-0.00032975267158224473
594,-0.0080000000000000002,-0.0060000000000000001,-0.00050000000000000001,5.8356162467496626e-06,4.4453976688287991e-06,-0.00054170264415431216
595,-0.0060000000000000001,-0.0060000000000000001,-0.00050000000000000001,-1.3244750209846963e-06,-1.4784289184055697e-06,-0.00077783874162461024
596,-0.0040000000000000001,-0.0060000000000000001,-0.00050000000000000001,-6.8130459960061793e-06,-1.2703769224107512e-05,-0.0010149121311727623
597,-0.0019999999999999983,-0.0060000000000000001,-0.00050000000000000001,-6.7474544012001635e-06,-2.7310602772220617e-05,-0.0012143693452787928
598,0,-0.0060000000000000001,-0.00050000000000000001,-1.2299751157412863e-06,-4.3768125201576379e-05,-0.0013269337395715687
599,0.0019999999999999983,-0.0060000000000000001,-0.00050000000000000001,6.3066107806910641e-06,-4.3006527837675506e-05,-0.0013201478437961719
600,0.0040000000000000001,-0.0060000000000000001,-0.00050000000000000001,1.1448778922009516e-05,-3.2415817700278399e-05,-0.001192839627270615
601,0.0060000000000000019,-0.0060000000000000001,-0.00050000000000000001,9.870756695341454e-06,-1.4962995413055276e-05,-0.00097377528300944907
602,0.0080000000000000002,-0.0060000000000000001,-0.00050000000000000001,2.016671932723131e-06,-2.1248994307295012e-06,-0.00070711848414087937
603,0.0099999999999999985,-0.0060000000000000001,-0.00050000000000000001,-6.1765337294502428e-06,3.5050459761728758e-06,-0.00044389412207262215
604,0.012,-0.0060000000000000001,-0.00050000000000000001,-8.9366452115487248e-06,3.7429298816811069e-06,-0.00021942345724487586
605,0.014000000000000002,-0.0060000000000000001,-0.00050000000000000001,-4.0679938588166137e-06,8.3659398091642807e-07,-6.2321957638069851e-05
606,0.016000000000000004,-0.0060000000000000001,-0.00050000000000000001,0,0,0
607,0.017999999999999999,-0.0060000000000000001,-0.00050000000000000001,0,0,0
608,0.02,-0.0060000000000000001,-0.00050000000000000001,0,0,0
609,-0.02,-0.0040000000000000001,-0.00050000000000000001,0,0,0
610,-0.018000000000000002,-0.0040000000000000001,-0.00050000000000000001,0,0,0
611,-0.016,-0.0040000000000000001,-0.00050000000000000001,0,0,0
612,-0.014,-0.0040000000000000001,-0.00050000000000000001,4.4355307509402693e-06,1.1210031200830823e-06,-5.4869346566943206e-05
613,-0.012,-0.0040000000000000001,-0.00050000000000000001,1.062800875775686e-05,3.6631408484144787e-06,-0.00019942275650116349
614,-0.01,-0.0040000000000000001,-0.00050000000000000001,9.5971982211374341e-06,4.0872026700325356e-06,-0.00041519604401699453
615,-0.0080000000000000002,-0.0040000000000000001,-0.00050000000000000001,1.4356781318806623e-06,1.20656791809749e-06,-0.00068499234438198283
616,-0.0060000000000000001,-0.0040000000000000001,-0.00050000000000000001,-1.0521580433023386e-05,-6.4034694328537167e-06,-0.00099537166927897761
617,-0.0040000000000000001,-0.0040000000000000001,-0.00050000000000000001,-1.9621467052038772e-05,-2.1288342640321115e-05,-0.0013217816069050583
618,-0.0019999999999999983,-0.0040000000000000001,-0.00050000000000000001,-1.6524412065567902e-05,-4.0325520649078617e-05,-0.0016233469746603129
619,0,-0.0040000000000000001,-0.00050000000000000001,1.063013420128504e-06,-5.2792826794056862e-05,-0.0018199222052996276
620,0.0019999999999999983,-0.0040000000000000001,-0.00050000000000000001,2.381381154798194e-05,-6.2692970806476375e-05,-0.0018210559149031092
621,0.0040000000000000001,-0.0040000000000000001,-0.00050000000000000001,3.7672771717837157e-05,-5.2449057163554189e-05,-0.0016318700841502639
622,0.0060000000000000019,-0.0040000000000000001,-0.00050000000000000001,3.5315705944495863e-05,-2.4509926195255262e-05,-0.0013103252437724271
623,0.0080000000000000002,-0.0040000000000000001,-0.00050000000000000001,1.9077114476200191e-05,-8.3288848375886861e-06,-0.00093065243042247752
624,0.0099999999999999985,-0.0040000000000000001,-0.00050000000000000001,1.4551452431004248e-06,1.0811317577397062e-07,-0.00057515539297344918
625,0.012,-0.0040000000000000001,-0.00050000000000000001,-7.1362976459388687e-06,2.0047031445204844e-06,-0.00028251652518113243
626,0.014000000000000002,-0.0040000000000000001,-0.00050000000000000001,-4.151885364922063e-06,2.1958956021068993e-07,-8.0815968438162987e-05
627,0.016000000000000004,-0.0040000000000000001,-0.00050000000000000001,0,0,0
628,0.017999999999999999,-0.0040000000000000001,-0.00050000000000000001,0,0,0
629,0.02,-0.0040000000000000001,-0.00050000000000000001,0,0,0
630,-0.02,-0.0019999999999999983,-0.00050000000000000001,0,0,0
631,-0.018000000000000002,-0.0019999999999999983,-0.00050000000000000001,0,0,0
632,-0.016,-0.0019999999999999983,-0.00050000000000000001,0,0,0
633,-0.014,-0.0019999999999999983,-0.00050000000000000001,4.7397085194339856e-06,5.7811226702266909e-07,-6.3267902673978007e-05
634,-0.012,-0.0019999999999999983,-0.00050000000000000001,1.0627727195890971e-05,1.93896356088483e-06,-0.0002278377997077272
635,-0.01,-0.0019999999999999983,-0.00050000000000000001,7.2044024656276776e-06,1.871694356311164e-06,-0.00047405739643281047
636,-0.0080000000000000002,-0.0019999999999999983,-0.00050000000000000001,-5.0679008955734851e-06,-2.9840737658206161e-07,-0.00078646889774228526
637,-0.0060000000000000001,-0.0019999999999999983,-0.00050000000000000001,-2.1316010669198313e-05,-5.7529582254444841e-06,-0.0011574498941465641
638,-0.0040000000000000001,-0.0019999999999999983,-0.00050000000000000001,-3.483814132894435e-05,-1.7410060183944269e-05,-0.0015708685653199599
639,-0.0019999999999999983,-0.0019999999999999983,-0.00050000000000000001,-3.3410978969914825e-05,-3.3202370964325947e-05,-0.0019981919060021659
640,0,-0.0019999999999999983,-0.00050000000000000001,-8.8822015198751624e-06,-3.9952668023793732e-05,-0.0023920039521775679
641,0.0019999999999999983,-0.0019999999999999983,-0.00050000000000000001,4.9271402635689814e-05,-5.1412375088961262e-05,-0.0023714692861475126
642,0.0040000000000000001,-0.0019999999999999983,-0.00050000000000000001,8.7049524511280586e-05,-3.8429559739063443e-05,-0.0020842121215131591
643,0.0060000000000000019,-0.0019999999999999983,-0.00050000000000000001,7.888289000269972e-05,-2.0010860673748674e-05,-0.0015968600515206812
644,0.0080000000000000002,-0.0019999999999999983,-0.00050000000000000001,4.4989510563163334e-05,-8.063961440949441e-06,-0.0011011734684031528
645,0.0099999999999999985,-0.0019999999999999983,-0.00050000000000000001,1.3499850342593264e-05,-1.5140137493715225e-06,-0.00066965157146887954
646,0.012,-0.0019999999999999983,-0.00050000000000000001,-3.5288736747057756e-06,5.7010825197288692e-07,-0.00032611726350472765
647,0.014000000000000002,-0.0019999999999999983,-0.00050000000000000001,-3.6307606985056253e-06,-1.000186486102502e-07,-9.3268582739710357e-05
648,0.016000000000000004,-0.0019999999999999983,-0.00050000000000000001,0,0,0
649,0.017999999999999999,-0.0019999999999999983,-0.00050000000000000001,0,0,0
650,0.02,-0.0019999999999999983,-0.00050000000000000001,0,0,0
651,-0.02,0,-0.00050000000000000001,0,0,0
652,-0.018000000000000002,0,-0.00050000000000000001,0,0,0
653,-0.016,0,-0.00050000000000000001,0,0,0
654,-0.014,0,-0.00050000000000000001,4.8198883067055242e-06,-2.4085276553248137e-20,-6.6221209477897365e-05
655,-0.012,0,-0.00050000000000000001,1.0632369659770197e-05,-1.8908420499341063e-20,-0.0002379309414988254
656,-0.01,0,-0.00050000000000000001,6.2111255486778564e-06,-1.3209674319041241e-19,-0.0004949836461296789
657,-0.0080000000000000002,0,-0.00050000000000000001,-9.6013775171360959e-06,-2.3691078629975957e-20,-0.00082182838930739766
658,-0.0060000000000000001,0,-0.00050000000000000001,-3.2279644268320307e-05,7.306222349406765e-20,-0.0012170461034712451
659,-0.0040000000000000001,0,-0.00050000000000000001,-4.3041183471185872e-05,7.6700613676945441e-20,-0.0016710869802665171
660,-0.0019999999999999983,0,-0.00050000000000000001,-3.8628137521283888e-05,5.4643480559650189e-19,-0.0022458982595688712
661,0,0,-0.00050000000000000001,-3.4357765583588098e-05,1.9896816268797298e-19,-0.0029319436299745059
662,0.0019999999999999983,0,-0.00050000000000000001,6.0850511303367811e-05,-2.1847985362774638e-19,-0.0029069510228122973
663,0.0040000000000000001,0,-0.00050000000000000001,0.00015161861386408596,2.8519154713578881e-20,-0.0025980192587011022
664,0.0060000000000000019,0,-0.00050000000000000001,0.0001075225860484963,-3.8489531988980537e-19,-0.0017131880931935425
665,0.0080000000000000002,0,-0.00050000000000000001,6.7026908924960014e-05,1.5033756255859164e-19,-0.0011668640309572022
666,0.0099999999999999985,0,-0.00050000000000000001,2.0648543504470473e-05,6.806584134444436e-21,-0.00070347496409740829
667,0.012,0,-0.00050000000000000001,-1.8893834533271913e-06,-4.0379931783649861e-20,-0.00034145936619372038
668,0.014000000000000002,0,-0.00050000000000000001,-3.3663165464725956e-06,-4.1165603677699027e-20,-9.7735350769270833e-05
669,0.016000000000000004,0,-0.00050000000000000001,0,0,0
670,0.017999999999999999,0,-0.00050000000000000001,0,0,0
671,0.02,0,-0.00050000000000000001,0,0,0
672,-0.02,0.0019999999999999983,-0.00050000000000000001,0,0,0
673,-0.018000000000000002,0.0019999999999999983,-0.00050000000000000001,0,0,0
674,-0.016,0.0019999999999999983,-0.00050000000000000001,0,0,0
675,-0.014,0.0019999999999999983,-0.00050000000000000001,4.7397085194339644e-06,-5.7811226702270678e-07,-6.3267902673978089e-05
676,-0.012,0.0019999999999999983,-0.00050000000000000001,1.0627727195890886e-05,-1.9389635608849173e-06,-0.00022783779970772739
677,-0.01,0.0019999999999999983,-0.00050000000000000001,7.2044024656276132e-06,-1.8716943563112959e-06,-0.00047405739643281074
678,-0.0080000000000000002,0.0019999999999999983,-0.00050000000000000001,-5.0679008955736291e-06,2.9840737658169627e-07,-0.00078646889774228548
679,-0.0060000000000000001,0.0019999999999999983,-0.00050000000000000001,-2.1316010669198249e-05,5.7529582254444926e-06,-0.0011574498941465644
680,-0.0040000000000000001,0.0019999999999999983,-0.00050000000000000001,-3.4838141328944181e-05,1.7410060183944584e-05,-0.0015708685653199603
681,-0.0019999999999999983,0.0019999999999999983,-0.00050000000000000001,-3.3410978969915421e-05,3.3202370964326164e-05,-0.0019981919060021655
682,0,0.0019999999999999983,-0.00050000000000000001,-8.8822015198754369e-06,3.9952668023793569e-05,-0.0023920039521775679
683,0.0019999999999999983,0.0019999999999999983,-0.00050000000000000001,4.9271402635690051e-05,5.1412375088960998e-05,-0.0023714692861475121
684,0.0040000000000000001,0.0019999999999999983,-0.00050000000000000001,8.7049524511280545e-05,3.842955973906324e-05,-0.0020842121215131583
685,0.0060000000000000019,0.0019999999999999983,-0.00050000000000000001,7.8882890002699937e-05,2.0010860673748437e-05,-0.001596860051520683
686,0.0080000000000000002,0.0019999999999999983,-0.00050000000000000001,4.4989510563163517e-05,8.0639614409496426e-06,-0.0011011734684031535
687,0.0099999999999999985,0.0019999999999999983,-0.00050000000000000001,1.3499850342593296e-05,1.5140137493715754e-06,-0.00066965157146887987
688,0.012,0.0019999999999999983,-0.00050000000000000001,-3.5288736747057565e-06,-5.7010825197300064e-07,-0.00032611726350472787
689,0.014000000000000002,0.0019999999999999983,-0.00050000000000000001,-3.6307606985056198e-06,1.0001864861017817e-07,-9.3268582739710465e-05
690,0.016000000000000004,0.0019999999999999983,-0.00050000000000000001,0,0,0
691,0.017999999999999999,0.0019999999999999983,-0.00050000000000000001,0,0,0
692,0.02,0.0019999999999999983,-0.00050000000000000001,0,0,0
693,-0.02,0.0040000000000000001,-0.00050000000000000001,0,0,0
694,-0.018000000000000002,0.0040000000000000001,-0.00050000000000000001,0,0,0
695,-0.016,0.0040000000000000001,-0.00050000000000000001,0,0,0
696,-0.014,0.0040000000000000001,-0.00050000000000000001,4.4355307509402388e-06,-1.1210031200831128e-06,-5.4869346566943328e-05
697,-0.012,0.0040000000000000001,-0.00050000000000000001,1.0628008757756722e-05,-3.6631408484145456e-06,-0.00019942275650116381
698,-0.01,0.0040000000000000001,-0.00050000000000000001,9.5971982211373036e-06,-4.0872026700326448e-06,-0.00041519604401699491
699,-0.0080000000000000002,0.0040000000000000001,-0.00050000000000000001,1.4356781318803849e-06,-1.2065679180975883e-06,-0.00068499234438198326
700,-0.0060000000000000001,0.0040000000000000001,-0.00050000000000000001,-1.0521580433023678e-05,6.4034694328536642e-06,-0.00099537166927897804
701,-0.0040000000000000001,0.0040000000000000001,-0.00050000000000000001,-1.9621467052038985e-05,2.1288342640321013e-05,-0.0013217816069050591
702,-0.0019999999999999983,0.0040000000000000001,-0.00050000000000000001,-1.652441206556799e-05,4.0325520649078535e-05,-0.0016233469746603133
703,0,0.0040000000000000001,-0.00050000000000000001,1.063013420128764e-06,5.2792826794056218e-05,-0.0018199222052996283
704,0.0019999999999999983,0.0040000000000000001,-0.00050000000000000001,2.3813811547982679e-05,6.2692970806476565e-05,-0.001821055914903109
705,0.0040000000000000001,0.0040000000000000001,-0.00050000000000000001,3.7672771717837624e-05,5.2449057163554088e-05,-0.0016318700841502643
706,0.0060000000000000019,0.0040000000000000001,-0.00050000000000000001,3.5315705944496087e-05,2.4509926195255618e-05,-0.0013103252437724278
707,0.0080000000000000002,0.0040000000000000001,-0.00050000000000000001,1.907711447620054e-05,8.328884837588781e-06,-0.0009306524304224786
708,0.0099999999999999985,0.0040000000000000001,-0.00050000000000000001,1.4551452431006497e-06,-1.0811317577397629e-07,-0.00057515539297344983
709,0.012,0.0040000000000000001,-0.00050000000000000001,-7.1362976459388687e-06,-2.004703144520578e-06,-0.00028251652518113281
710,0.014000000000000002,0.0040000000000000001,-0.00050000000000000001,-4.151885364922085e-06,-2.1958956021074173e-07,-8.081596843816315e-05
711,0.016000000000000004,0.0040000000000000001,-0.00050000000000000001,0,0,0
712,0.017999999999999999,0.0040000000000000001,-0.00050000000000000001,0,0,0
713,0.02,0.0040000000000000001,-0.00050000000000000001,0,0,0
714,-0.02,0.0060000000000000019,-0.00050000000000000001,0,0,0
715,-0.018000000000000002,0.0060000000000000019,-0.00050000000000000001,0,0,0
716,-0.016,0.0060000000000000019,-0.00050000000000000001,0,0,0
717,-0.014,0.0060000000000000019,-0.00050000000000000001,3.8073342650461981e-06,-1.5170323429375613e-06,-4.2445992771141971e-05
718,-0.012,0.0060000000000000019,-0.00050000000000000001,9.7852013767180187e-06,-4.8437793489756152e-06,-0.00015757044940526148
719,-0.01,0.0060000000000000019,-0.00050000000000000001,1.0476481857012983e-05,-6.1864543626411271e-06,-0.00032975267158224516
720,-0.0080000000000000002,0.0060000000000000019,-0.00050000000000000001,5.8356162467493492e-06,-4.4453976688285662e-06,-0.00054170264415431281
721,-0.0060000000000000001,0.0060000000000000019,-0.00050000000000000001,-1.3244750209850817e-06,1.4784289184056997e-06,-0.00077783874162461078
722,-0.0040000000000000001,0.0060000000000000019,-0.00050000000000000001,-6.8130459960064233e-06,1.270376922410759e-05,-0.0010149121311727629
723,-0.0019999999999999983,0.0060000000000000019,-0.00050000000000000001,-6.7474544012003295e-06,2.7310602772220396e-05,-0.0012143693452787937
724,0,0.0060000000000000019,-0.00050000000000000001,-1.2299751157412869e-06,4.3768125201576284e-05,-0.0013269337395715695
725,0.0019999999999999983,0.0060000000000000019,-0.00050000000000000001,6.3066107806913487e-06,4.3006527837675574e-05,-0.0013201478437961721
726,0.0040000000000000001,0.0060000000000000019,-0.00050000000000000001,1.1448778922010289e-05,3.2415817700278433e-05,-0.001192839627270615
727,0.0060000000000000019,0.0060000000000000019,-0.00050000000000000001,9.8707566953420096e-06,1.4962995413055605e-05,-0.00097377528300944939
728,0.0080000000000000002,0.0060000000000000019,-0.00050000000000000001,2.0166719327232708e-06,2.1248994307296007e-06,-0.00070711848414088012
729,0.0099999999999999985,0.0060000000000000019,-0.00050000000000000001,-6.1765337294500717e-06,-3.5050459761728576e-06,-0.00044389412207262286
730,0.012,0.0060000000000000019,-0.00050000000000000001,-8.9366452115486469e-06,-3.7429298816810857e-06,-0.0002194234572448763
731,0.014000000000000002,0.0060000000000000019,-0.00050000000000000001,-4.0679938588166044e-06,-8.3659398091645115e-07,-6.2321957638069959e-05
732,0.016000000000000004,0.0060000000000000019,-0.00050000000000000001,0,0,0
733,0.017999999999999999,0.0060000000000000019,-0.00050000000000000001,0,0,0
734,0.02,0.0060000000000000019,-0.00050000000000000001,0,0,0
735,-0.02,0.0080000000000000002,-0.00050000000000000001,0,0,0
736,-0.018000000000000002,0.0080000000000000002,-0.00050000000000000001,0,0,0
737,-0.016,0.0080000000000000002,-0.00050000000000000001,0,0,0
738,-0.014,0.0080000000000000002,-0.00050000000000000001,2.8717703038781908e-06,-1.5795617082590439e-06,-2.8225398779518093e-05
739,-0.012,0.0080000000000000002,-0.00050000000000000001,7.8534381249460391e-06,-5.11396793767076e-06,-0.00010946204903245001
740,-0.01,0.0080000000000000002,-0.00050000000000000001,9.5317845588344935e-06,-7.4505904457737589e-06,-0.00023323679985530859
741,-0.0080000000000000002,0.0080000000000000002,-0.00050000000000000001,7.7102457922674604e-06,-7.809326123055916e-06,-0.00038477343336981701
742,-0.0060000000000000001,0.0080000000000000002,-0.00050000000000000001,3.9082751950416319e-06,-5.2894607410744302e-06,-0.0005493333480246764
743,-0.0040000000000000001,0.0080000000000000002,-0.00050000000000000001,1.2629173719151947e-07,6.138213731802002e-07,-0.00070716019371520249
744,-0.0019999999999999983,0.0080000000000000002,-0.00050000000000000001,-1.9371333272388243e-06,9.6547272545539545e-06,-0.00083114273222241561
745,0,0.0080000000000000002,-0.00050000000000000001,-1.9874983500651908e-06,1.8327873786097781e-05,-0.00089421628683480578
746,0.0019999999999999983,0.0080000000000000002,-0.00050000000000000001,-8.3167123719601928e-07,1.6669924268159891e-05,-0.00088590413082247446
747,0.0040000000000000001,0.0080000000000000002,-0.00050000000000000001,-3.1809397205698384e-07,1.0059235912565804e-05,-0.00080180403926580993
748,0.0060000000000000019,0.0080000000000000002,-0.00050000000000000001,-2.0870633415762634e-06,1.8183378265372396e-06,-0.00065837332385915127
749,0.0080000000000000002,0.0080000000000000002,-0.00050000000000000001,-5.6604013911052063e-06,-4.4519270794795513e-06,-0.00048229897887501358
750,0.0099999999999999985,0.0080000000000000002,-0.00050000000000000001,-8.6379389310740212e-06,-6.3511725110632769e-06,-0.00030390170600510299
751,0.012,0.0080000000000000002,-0.00050000000000000001,-8.1409216897199073e-06,-4.6764982635017232e-06,-0.00014905762881435488
752,0.014000000000000002,0.0080000000000000002,-0.00050000000000000001,-3.2200256789507151e-06,-1.2333029037302573e-06,-4.1128169375944398e-05
753,0.016000000000000004,0.0080000000000000002,-0.00050000000000000001,0,0,0
754,0.017999999999999999,0.0080000000000000002,-0.00050000000000000001,0,0,0
755,0.02,0.0080000000000000002,-0.00050000000000000001,0,0,0
756,-0.02,0.0099999999999999985,-0.00050000000000000001,0,0,0
757,-0.018000000000000002,0.0099999999999999985,-0.00050000000000000001,0,0,0
758,-0.016,0.0099999999999999985,-0.00050000000000000001,0,0,0
759,-0.014,0.0099999999999999985,-0.00050000000000000001,1.8806587446455301e-06,-1.2187051153273963e-06,-1.5103714321161326e-05
760,-0.012,0.0099999999999999985,-0.00050000000000000001,5.3746713285856807e-06,-4.3674654919459024e-06,-6.3230170543548199e-05
761,-0.01,0.0099999999999999985,-0.00050000000000000001,7.2355960369521627e-06,-7.3322553621051309e-06,-0.00014034559181342799
762,-0.0080000000000000002,0.0099999999999999985,-0.00050000000000000001,7.1878930486844149e-06,-9.4372021992471457e-06,-0.00023595845230005812
763,-0.0060000000000000001,0.0099999999999999985,-0.00050000000000000001,5.6080457240462122e-06,-9.9285677861711396e-06,-0.00033814029716283276
764,-0.0040000000000000001,0.0099999999999999985,-0.00050000000000000001,3.0881248086665657e-06,-8.1859637143316578e-06,-0.00043254998838527983
765,-0.0019999999999999983,0.0099999999999999985,-0.00050000000000000001,4.6003861308577832e-07,-4.4607553012194468e-06,-0.00050318971215911024
766,0,0.0099999999999999985,-0.00050000000000000001,-1.4903082570786495e-06,-1.6347218233186513e-06,-0.00053721461900182511
767,0.0019999999999999983,0.0099999999999999985,-0.00050000000000000001,-2.9045178305235671e-06,-1.6145616481047305e-06,-0.00052833458002218229
768,0.0040000000000000001,0.0099999999999999985,-0.00050000000000000001,-4.3709807418041524e-06,-4.3250395071255027e-06,-0.00047691004295272703
769,0.0060000000000000019,0.0099999999999999985,-0.00050000000000000001,-5.9426351833828935e-06,-6.9551191352588594e-06,-0.0003908574438009812
770,0.0080000000000000002,0.0099999999999999985,-0.00050000000000000001,-7.257745358611299e-06,-8.1185864317783556e-06,-0.00028497920434798464
771,0.0099999999999999985,0.0099999999999999985,-0.00050000000000000001,-7.52819677784521e-06,-7.0876819247088014e-06,-0.00017684423725604294
772,0.012,0.0099999999999999985,-0.00050000000000000001,-5.8309142151303227e-06,-4.3152373291149796e-06,-8.3841659917953601e-05
773,0.014000000000000002,0.0099999999999999985,-0.00050000000000000001,-2.1190068031892045e-06,-1.0732139784406895e-06,-2.1629821552622619e-05
774,0.016000000000000004,0.0099999999999999985,-0.00050000000000000001,0,0,0
775,0.017999999999999999,0.0099999999999999985,-0.00050000000000000001,0,0,0
776,0.02,0.0099999999999999985,-0.00050000000000000001,0,0,0
777,-0.02,0.012,-0.00050000000000000001,0,0,0
778,-0.018000000000000002,0.012,-0.00050000000000000001,0,0,0
779,-0.016,0.012,-0.00050000000000000001,0,0,0
780,-0.014,0.012,-0.00050000000000000001,8.6033362789108687e-07,-6.0016041971387628e-07,-5.8741464327934599e-06
781,-0.012,0.012,-0.00050000000000000001,2.7160683383471101e-06,-2.783425062387584e-06,-2.6776957433660256e-05
782,-0.01,0.012,-0.00050000000000000001,4.2270943167597579e-06,-5.4033097498921553e-06,-6.3877920161577723e-05
783,-0.0080000000000000002,0.012,-0.00050000000000000001,4.8657429918075109e-06,-7.7707769992368578e-06,-0.00011180995825277911
784,-0.0060000000000000001,0.012,-0.00050000000000000001,4.4372786268929879e-06,-9.4956552094570361e-06,-0.0001629549526060955
785,-0.0040000000000000001,0.012,-0.00050000000000000001,3.0427116145593637e-06,-1.0022751614810695e-05,-0.00020910699727445152
786,-0.0019999999999999983,0.012,-0.00050000000000000001,1.1234249210714951e-06,-9.5588418244132284e-06,-0.00024258764760291522
787,0,0.012,-0.00050000000000000001,-8.5885611095512131e-07,-8.9140239081779392e-06,-0.0002576791028855747
788,0.0019999999999999983,0.012,-0.00050000000000000001,-2.6323150939945109e-06,-8.4538433659531542e-06,-0.00025162928864732594
789,0.0040000000000000001,0.012,-0.00050000000000000001,-4.0683749024416875e-06,-8.5829383120950401e-06,-0.00022535274103186972
790,0.0060000000000000019,0.012,-0.00050000000000000001,-5.0172667635204992e-06,-8.392417849966862e-06,-0.00018275435738516891
791,0.0080000000000000002,0.012,-0.00050000000000000001,-5.237569625406607e-06,-7.3057620366856752e-06,-0.00013058686737611844
792,0.0099999999999999985,0.012,-0.00050000000000000001,-4.5494244312918395e-06,-5.3354862989365517e-06,-7.7815466734635572e-05
793,0.012,0.012,-0.00050000000000000001,-2.9354730525239172e-06,-2.764905401307467e-06,-3.4284487120700587e-05
794,0.014000000000000002,0.012,-0.00050000000000000001,-9.1505067658462918e-07,-5.1352933837195424e-07,-8.057386694272036e-06
795,0.016000000000000004,0.012,-0.00050000000000000001,0,0,0
796,0.017999999999999999,0.012,-0.00050000000000000001,0,0,0
797,0.02,0.012,-0.00050000000000000001,0,0,0
798,-0.02,0.014000000000000002,-0.00050000000000000001,0,0,0
799,-0.018000000000000002,0.014000000000000002,-0.00050000000000000001,0,0,0
800,-0.016,0.014000000000000002,-0.00050000000000000001,0,0,0
801,-0.014,0.014000000000000002,-0.00050000000000000001,1.8884499673062236e-07,-2.0573006623365163e-07,-1.2421825915105804e-06
802,-0.012,0.014000000000000002,-0.00050000000000000001,5.4785259701938972e-07,-8.8044308700398782e-07,-5.9365593418797528e-06
803,-0.01,0.014000000000000002,-0.00050000000000000001,1.1202695103912331e-06,-1.8845319064278576e-06,-1.5410560748461255e-05
804,-0.0080000000000000002,0.014000000000000002,-0.00050000000000000001,1.4282072115453068e-06,-2.8427937512909097e-06,-2.9068192012930268e-05
805,-0.0060000000000000001,0.014000000000000002,-0.00050000000000000001,1.3074307915081282e-06,-3.7393722956307805e-06,-4.4158811273906635e-05
806,-0.0040000000000000001,0.014000000000000002,-0.00050000000000000001,8.4900467308387876e-07,-4.3207785950693997e-06,-5.7737502551908548e-05
807,-0.0019999999999999983,0.014000000000000002,-0.00050000000000000001,2.2981898459728284e-07,-4.5830975335356938e-06,-6.7399425999500117e-05
808,0,0.014000000000000002,-0.00050000000000000001,-4.1214380430490509e-07,-4.4877198871578193e-06,-7.1491118871859835e-05
809,0.0019999999999999983,0.014000000000000002,-0.00050000000000000001,-9.6545023744392882e-07,-4.1981953954419558e-06,-6.934058297598366e-05
810,0.0040000000000000001,0.014000000000000002,-0.00050000000000000001,-1.3753700319899439e-06,-3.841288973570329e-06,-6.1194888387940791e-05
811,0.0060000000000000019,0.014000000000000002,-0.00050000000000000001,-1.6205874235985162e-06,-3.369785610234507e-06,-4.8335232684592701e-05
812,0.0080000000000000002,0.014000000000000002,-0.00050000000000000001,-1.5947972971599382e-06,-2.6626941632257381e-06,-3.2911851563263173e-05
813,0.0099999999999999985,0.014000000000000002,-0.00050000000000000001,-1.1977180752274076e-06,-1.8175260406748771e-06,-1.8017580441122647e-05
814,0.012,0.014000000000000002,-0.00050000000000000001,-5.5703421176862748e-07,-8.0577698779511198e-07,-7.1178846022696376e-06
815,0.014000000000000002,0.014000000000000002,-0.00050000000000000001,-1.6683799020272732e-07,-1.5081576442303989e-07,-1.6044962222368614e-06
816,0.016000000000000004,0.014000000000000002,-0.00050000000000000001,0,0,0
817,0.017999999999999999,0.014000000000000002,-0.00050000000000000001,0,0,0
818,0.02,0.014000000000000002,-0.00050000000000000001,0,0,0
819,-0.02,0.016000000000000004,-0.00050000000000000001,0,0,0
820,-0.018000000000000002,0.016000000000000004,-0.00050000000000000001,0,0,0
821,-0.016,0.016000000000000004,-0.00050000000000000001,0,0,0
822,-0.014,0.016000000000000004,-0.00050000000000000001,0,0,0
823,-0.012,0.016000000000000004,-0.00050000000000000001,0,0,0
824,-0.01,0.016000000000000004,-0.00050000000000000001,0,0,0
825,-0.0080000000000000002,0.016000000000000004,-0.00050000000000000001,0,0,0
826,-0.0060000000000000001,0.016000000000000004,-0.00050000000000000001,0,0,0
827,-0.0040000000000000001,0.016000000000000004,-0.00050000000000000001,0,0,0
828,-0.0019999999999999983,0.016000000000000004,-0.00050000000000000001,0,0,0
829,0,0.016000000000000004,-0.00050000000000000001,0,0,0
830,0.0019999999999999983,0.016000000000000004,-0.00050000000000000001,0,0,0
831,0.0040000000000000001,0.016000000000000004,-0.00050000000000000001,0,0,0
832,0.0060000000000000019,0.016000000000000004,-0.00050000000000000001,0,0,0
833,0.0080000000000000002,0.016000000000000004,-0.00050000000000000001,0,0,0
834,0.0099999999999999985,0.016000000000000004,-0.00050000000000000001,0,0,0
835,0.012,0.016000000000000004,-0.00050000000000000001,0,0,0
836,0.014000000000000002,0.016000000000000004,-0.00050000000000000001,0,0,0
837,0.016000000000000004,0.016000000000000004,-0.00050000000000000001,0,0,0
838,0.017999999999999999,0.016000000000000004,-0.00050000000000000001,0,0,0
839,0.02,0.016000000000000004,-0.00050000000000000001,0,0,0
840,-0.02,0.017999999999999999,-0.00050000000000000001,0,0,0
841,-0.018000000000000002,0.017999999999999999,-0.00050000000000000001,0,0,0
842,-0.016,0.017999999999999999,-0.00050000000000000001,0,0,0
843,-0.014,0.017999999999999999,-0.00050000000000000001,0,0,0
844,-0.012,0.017999999999999999,-0.00050000000000000001,0,0,0
845,-0.01,0.017999999999999999,-0.00050000000000000001,0,0,0
846,-0.0080000000000000002,0.017999999999999999,-0.00050000000000000001,0,0,0
847,-0.0060000000000000001,0.017999999999999999,-0.00050000000000000001,0,0,0
848,-0.0040000000000000001,0.017999999999999999,-0.00050000000000000001,0,0,0
849,-0.0019999999999999983,0.017999999999999999,-0.00050000000000000001,0,0,0
850,0,0.017999999999999999,-0.00050000000000000001,0,0,0
851,0.0019999999999999983,0.017999999999999999,-0.00050000000000000001,0,0,0
852,0.0040000000000000001,0.017999999999999999,-0.00050000000000000001,0,0,0
853,0.0060000000000000019,0.017999999999999999,-0.00050000000000000001,0,0,0
854,0.0080000000000000002,0.017999999999999999,-0.00050000000000000001,0,0,0
855,0.0099999999999999985,0.017999999999999999,-0.00050000000000000001,0,0,0
856,0.012,0.017999999999999999,-0.00050000000000000001,0,0,0
857,0.014000000000000002,0.017999999999999999,-0.00050000000000000001,0,0,0
858,0.016000000000000004,0.017999999999999999,-0.00050000000000000001,0,0,0
859,0.017999999999999999,0.017999999999999999,-0.00050000000000000001,0,0,0
860,0.02,0.017999999999999999,-0.00050000000000000001,0,0,0
861,-0.02,0.02,-0.00050000000000000001,0,0,0
862,-0.018000000000000002,0.02,-0.00050000000000000001,0,0,0
863,-0.016,0.02,-0.00050000000000000001,0,0,0
864,-0.014,0.02,-0.00050000000000000001,0,0,0
865,-0.012,0.02,-0.00050000000000000001,0,0,0
866,-0.01,0.02,-0.00050000000000000001,0,0,0
867,-0.0080000000000000002,0.02,-0.00050000000000000001,0,0,0
868,-0.0060000000000000001,0.02,-0.00050000000000000001,0,0,0
869,-0.0040000000000000001,0.02,-0.00050000000000000001,0,0,0
870,-0.0019999999999999983,0.02,-0.00050000000000000001,0,0,0
871,0,0.02,-0.00050000000000000001,0,0,0
872,0.0019999999999999983,0.02,-0.00050000000000000001,0,0,0
873,0.0040000000000000001,0.02,-0.00050000000000000001,0,0,0
874,0.0060000000000000019,0.02,-0.00050000000000000001,0,0,0
875,0.0080000000000000002,0.02,-0.00050000000000000001,0,0,0
876,0.0099999999999999985,0.02,-0.00050000000000000001,0,0,0
877,0.012,0.02,-0.00050000000000000001,0,0,0
878,0.014000000000000002,0.02,-0.00050000000000000001,0,0,0
879,0.016000000000000004,0.02,-0.00050000000000000001,0,0,0
880,0.017999999999999999,0.02,-0.00050000000000000001,0,0,0
881,0.02,0.02,-0.00050000000000000001,0,0,0
882,-0.02,-0.02,0,0,0,0
883,-0.018000000000000002,-0.02,0,0,0,0
884,-0.016,-0.02,0,0,0,0
885,-0.014,-0.02,0,0,0,0
886,-0.012,-0.02,0,0,0,0
887,-0.01,-0.02,0,0,0,0
888,-0.0080000000000000002,-0.02,0,0,0,0
889,-0.0060000000000000001,-0.02,0,0,0,0
890,-0.0040000000000000001,-0.02,0,0,0,0
891,-0.0019999999999999983,-0.02,0,0,0,0
892,0,-0.02,0,0,0,0
893,0.0019999999999999983,-0.02,0,0,0,0
894,0.0040000000000000001,-0.02,0,0,0,0
895,0.0060000000000000019,-0.02,0,0,0,0
896,0.0080000000000000002,-0.02,0,0,0,0
897,0.0099999999999999985,-0.02,0,0,0,0
898,0.012,-0.02,0,0,0,0
899,0.014000000000000002,-0.02,0,0,0,0
900,0.016000000000000004,-0.02,0,0,0,0
901,0.017999999999999999,-0.02,0,0,0,0
902,0.02,-0.02,0,0,0,0
903,-0.02,-0.018000000000000002,0,0,0,0
904,-0.018000000000000002,-0.018000000000000002,0,0,0,0
905,-0.016,-0.018000000000000002,0,0,0,0
906,-0.014,-0.018000000000000002,0,0,0,0
907,-0.012,-0.018000000000000002,0,0,0,0
908,-0.01,-0.018000000000000002,0,0,0,0
909,-0.0080000000000000002,-0.018000000000000002,0,0,0,0
910,-0.0060000000000000001,-0.018000000000000002,0,0,0,0
911,-0.0040000000000000001,-0.018000000000000002,0,0,0,0
912,-0.0019999999999999983,-0.018000000000000002,0,0,0,0
913,0,-0.018000000000000002,0,0,0,0
914,0.0019999999999999983,-0.018000000000000002,0,0,0,0
915,0.0040000000000000001,-0.018000000000000002,0,0,0,0
916,0.0060000000000000019,-0.018000000000000002,0,0,0,0
917,0.0080000000000000002,-0.018000000000000002,0,0,0,0
918,0.0099999999999999985,-0.018000000000000002,0,0,0,0
919,0.012,-0.018000000000000002,0,0,0,0
920,0.014000000000000002,-0.018000000000000002,0,0,0,0
921,0.016000000000000004,-0.018000000000000002,0,0,0,0
922,0.017999999999999999,-0.018000000000000002,0,0,0,0
923,0.02,-0.018000000000000002,0,0,0,0
924,-0.02,-0.016,0,0,0,0
925,-0.018000000000000002,-0.016,0,0,0,0
926,-0.016,-0.016,0,0,0,0
927,-0.014,-0.016,0,0,0,0
928,-0.012,-0.016,0,0,0,0
929,-0.01,-0.016,0,0,0,0
930,-0.0080000000000000002,-0.016,0,0,0,0
931,-0.0060000000000000001,-0.016,0,0,0,0
932,-0.0040000000000000001,-0.016,0,0,0,0
933,-0.0019999999999999983,-0.016,0,0,0,0
934,0,-0.016,0,0,0,0
935,0.0019999999999999983,-0.016,0,0,0,0
936,0.0040000000000000001,-0.016,0,0,0,0
937,0.0060000000000000019,-0.016,0,0,0,0
938,0.0080000000000000002,-0.016,0,0,0,0
939,0.0099999999999999985,-0.016,0,0,0,0
940,0.012,-0.016,0,0,0,0
941,0.014000000000000002,-0.016,0,0,0,0
942,0.016000000000000004,-0.016,0,0,0,0
943,0.017999999999999999,-0.016,0,0,0,0
944,0.02,-0.016,0,0,0,0
945,-0.02,-0.014,0,0,0,0
946,-0.018000000000000002,-0.014,0,0,0,0
947,-0.016,-0.014,0,0,0,0
948,-0.014,-0.014,0,9.67234639990536e-07,9.7950621608089165e-07,-1.4941536638619161e-06
949,-0.012,-0.014,0,2.6858473915343531e-06,4.0068261204829733e-06,-7.0561190175259151e-06
950,-0.01,-0.014,0,4.6512017548796503e-06,9.1707521622231951e-06,-1.7750714268141149e-05
951,-0.0080000000000000002,-0.014,0,5.8826344786691723e-06,1.5181394938790602e-05,-3.2703696364661798e-05
952,-0.0060000000000000001,-0.014,0,5.8145594314733263e-06,2.119766213218692e-05,-4.912514695272248e-05
953,-0.0040000000000000001,-0.014,0,4.5492231837449218e-06,2.6267174156556836e-05,-6.3868600338994736e-05
954,-0.0019999999999999983,-0.014,0,2.4339357738953309e-06,2.9778972799714496e-05,-7.4348099460968636e-05
955,0,-0.014,0,-1.2295374801624775e-07,3.1167096288899009e-05,-7.876003897293573e-05
956,0.0019999999999999983,-0.014,0,-2.6519461215911954e-06,3.0168510313687331e-05,-7.6396907063853477e-05
957,0.0040000000000000001,-0.014,0,-4.7463998546712995e-06,2.7194584860405221e-05,-6.7567843383803955e-05
958,0.0060000000000000019,-0.014,0,-6.085940420717321e-06,2.2616103324471383e-05,-5.364908806664946e-05
959,0.0080000000000000002,-0.014,0,-6.3078586373802348e-06,1.6791848456961775e-05,-3.6920632331214712e-05
960,0.0099999999999999985,-0.014,0,-5.1545378386433399e-06,1.0533228324104324e-05,-2.0671543339854394e-05
961,0.012,-0.014,0,-3.0474331371449748e-06,4.7507788768750879e-06,-8.4211827468300142e-06
962,0.014000000000000002,-0.014,0,-1.1235088399626007e-06,1.1857393023263129e-06,-1.88953302342847e-06
963,0.016000000000000004,-0.014,0,0,0,0
964,0.017999999999999999,-0.014,0,0,0,0
965,0.02,-0.014,0,0,0,0
966,-0.02,-0.012,0,0,0,0
967,-0.018000000000000002,-0.012,0,0,0,0
968,-0.016,-0.012,0,0,0,0
969,-0.014,-0.012,0,3.972439701407739e-06,2.7005326726687915e-06,-6.9919724566300775e-06
970,-0.012,-0.012,0,1.0128261623702688e-05,1.0126076592015171e-05,-2.8749630887150679e-05
971,-0.01,-0.012,0,1.5230392393019155e-05,2.0949030144093522e-05,-6.6644421284839215e-05
972,-0.0080000000000000002,-0.012,0,1.7792895346859775e-05,3.3236664426360412e-05,-0.00011562980779790173
973,-0.0060000000000000001,-0.012,0,1.7232113819047879e-05,4.5349799544719863e-05,-0.00016805629928207114
974,-0.0040000000000000001,-0.012,0,1.3601626224073132e-05,5.5359174067335757e-05,-0.00021552886829592213
975,-0.0019999999999999983,-0.012,0,7.5868717862009248e-06,6.1981061541395584e-05,-0.00025001092912651113
976,0,-0.012,0,3.55827135617445e-07,6.4700611452773099e-05,-0.00026569447567084562
977,0.0019999999999999983,-0.012,0,-6.9052492846388221e-06,6.3235452044314321e-05,-0.00025957830313954352
978,0.0040000000000000001,-0.012,0,-1.3184821102663165e-05,5.8276670860849419e-05,-0.00023267282151306128
979,0.0060000000000000019,-0.012,0,-1.7508386193355641e-05,4.9589437721820889e-05,-0.00018884284655132038
980,0.0080000000000000002,-0.012,0,-1.899004281505695e-05,3.7921044317011593e-05,-0.00013526599807939222
981,0.0099999999999999985,-0.012,0,-1.7078195737116468e-05,2.4891828993489393e-05,-8.1203688926185212e-05
982,0.012,-0.012,0,-1.193877285683711e-05,1.248539866736658e-05,-3.6642786680256215e-05
983,0.014000000000000002,-0.012,0,-5.007532817362297e-06,3.4621673394497506e-06,-9.4027055817017935e-06
984,0.016000000000000004,-0.012,0,0,0,0
985,0.017999999999999999,-0.012,0,0,0,0
986,0.02,-0.012,0,0,0,0
987,-0.02,-0.01,0,0,0,0
988,-0.018000000000000002,-0.01,0,0,0,0
989,-0.016,-0.01,0,0,0,0
990,-0.014,-0.01,0,9.0576977536478577e-06,4.6443145356552491e-06,-1.7436908470782519e-05
991,-0.012,-0.01,0,2.0917402367501171e-05,1.5093273403109489e-05,-6.5993548392656823e-05
992,-0.01,-0.01,0,2.8818569896129803e-05,2.8537459951281843e-05,-0.00014353147310705835
993,-0.0080000000000000002,-0.01,0,3.2084035958282128e-05,4.3280116038137946e-05,-0.00024004163346868289
994,-0.0060000000000000001,-0.01,0,3.049785835561301e-05,5.7534519081788249e-05,-0.00034356562048437308
995,-0.0040000000000000001,-0.01,0,2.4062749005074866e-05,6.9091804496978115e-05,-0.00043963727212726088
996,-0.0019999999999999983,-0.01,0,1.3827494648164793e-05,7.5921359444906193e-05,-0.00051170262760897027
997,0,-0.01,0,1.8321868529887729e-06,7.8551754796396352e-05,-0.00054647599472205618
998,0.0019999999999999983,-0.01,0,-1.0428458690232128e-05,7.8125899420317685e-05,-0.00053801535586571665
999,0.0040000000000000001,-0.01,0,-2.173511348174489e-05,7.3993230716320744e-05,-0.00048580209365282667
1000,0.0060000000000000019,-0.01,0,-3.021857914106515e-05,6.4707492993331517e-05,-0.0003982010926420526
1001,0.0080000000000000002,-0.01,0,-3.4281228298070199e-05,5.1198521025393274e-05,-0.00029061931389165566
1002,0.0099999999999999985,-0.01,0,-3.2790434134371108e-05,3.5144074997677171e-05,-0.00018107456079072409
1003,0.012,-0.01,0,-2.5238315455330685e-05,1.9058769092284405e-05,-8.7209382432065451e-05
1004,0.014000000000000002,-0.01,0,-1.180786568809588e-05,6.0490937908653906e-06,-2.4486921186832834e-05
1005,0.016000000000000004,-0.01,0,0,0,0
1006,0.017999999999999999,-0.01,0,0,0,0
1007,0.02,-0.01,0,0,0,0
1008,-0.02,-0.0080000000000000002,0,0,0,0
1009,-0.018000000000000002,-0.0080000000000000002,0,0,0,0
1010,-0.016,-0.0080000000000000002,0,0,0,0
1011,-0.014,-0.0080000000000000002,0,1.4874005382186266e-05,5.836078951342039e-06,-3.1837321155372241e-05
1012,-0.012,-0.0080000000000000002,0,3.3018401490335147e-05,1.7455270698014072e-05,-0.00011325876513928034
1013,-0.01,-0.0080000000000000002,0,4.3592876338471779e-05,3.1326271043392765e-05,-0.00023729399288538734
1014,-0.0080000000000000002,-0.0080000000000000002,0,4.7199094294827046e-05,4.6076089090746049e-05,-0.00038984608824380344
1015,-0.0060000000000000001,-0.0080000000000000002,0,4.4226851391166857e-05,5.9982255741845476e-05,-0.00055619579062047837
1016,-0.0040000000000000001,-0.0080000000000000002,0,3.5411319203156308e-05,7.1118610484418286e-05,-0.00071645575646301328
1017,-0.0019999999999999983,-0.0080000000000000002,0,2.1753411404168951e-05,7.6794825490559179e-05,-0.00084288390358626137
1018,0,-0.0080000000000000002,0,5.1621680963749813e-06,7.7116348761001224e-05,-0.00090700832113089081
1019,0.0019999999999999983,-0.0080000000000000002,0,-1.2283410051970332e-05,7.8557519169427406e-05,-0.00089932586302790682
1020,0.0040000000000000001,-0.0080000000000000002,0,-2.8616084826841442e-05,7.6453881546632209e-05,-0.00081407585114156298
1021,0.0060000000000000019,-0.0080000000000000002,0,-4.2126364201554958e-05,6.9286981377640014e-05,-0.00066856276876379301
1022,0.0080000000000000002,-0.0080000000000000002,0,-5.0147398454061872e-05,5.6624025232818803e-05,-0.00049003944569943217
1023,0.0099999999999999985,-0.0080000000000000002,0,-5.0115273487820942e-05,3.9827022799769759e-05,-0.00030962973859081509
1024,0.012,-0.0080000000000000002,0,-4.0557424983995984e-05,2.2295953154030491e-05,-0.00015387469127815871
1025,0.014000000000000002,-0.0080000000000000002,0,-1.9717461276317027e-05,7.4903614542388807e-06,-4.5669200557378057e-05
1026,0.016000000000000004,-0.0080000000000000002,0,0,0,0
1027,0.017999999999999999,-0.0080000000000000002,0,0,0,0
1028,0.02,-0.0080000000000000002,0,0,0,0
1029,-0.02,-0.0060000000000000001,0,0,0,0
1030,-0.018000000000000002,-0.0060000000000000001,0,0,0,0
1031,-0.016,-0.0060000000000000001,0,0,0,0
1032,-0.014,-0.0060000000000000001,0,2.0546663557261326e-05,5.7340158933132612e-06,-4.7352889120388137e-05
1033,-0.012,-0.0060000000000000001,0,4.4717783111369173e-05,1.6704679158171353e-05,-0.00016259223376320194
1034,-0.01,-0.0060000000000000001,0,5.7693203354126708e-05,2.9247637089483571e-05,-0.00033506949808099573
1035,-0.0080000000000000002,-0.0060000000000000001,0,6.141674701235304e-05,4.2233664565592783e-05,-0.00054841552693093217
1036,-0.0060000000000000001,-0.0060000000000000001,0,5.7253451159452695e-05,5.4238560737506109e-05,-0.00078712536523270048
1037,-0.0040000000000000001,-0.0060000000000000001,0,4.6822913673007146e-05,6.2989360417121918e-05,-0.0010275844317774231
1038,-0.0019999999999999983,-0.0060000000000000001,0,3.1663115724664082e-05,6.7639789202417251e-05,-0.0012309128788446501
1039,0,-0.0060000000000000001,0,1.2336775457454246e-05,6.608629108375167e-05,-0.0013466083742837115
1040,0.0019999999999999983,-0.0060000000000000001,0,-9.5109160370533761e-06,6.7568363213108774e-05,-0.0013395733889578715
1041,0.0040000000000000001,-0.0060000000000000001,0,-3.0809774618572467e-05,6.6928776833463056e-05,-0.0012102298314764521
1042,0.0060000000000000019,-0.0060000000000000001,0,-5.0373789370540863e-05,6.4439681948547624e-05,-0.00098870782888610593
1043,0.0080000000000000002,-0.0060000000000000001,0,-6.4067164120683754e-05,5.3965801960765789e-05,-0.00071811089015305835
1044,0.0099999999999999985,-0.0060000000000000001,0,-6.6465238685680766e-05,3.7916435220697739e-05,-0.0004518958481464577
1045,0.012,-0.0060000000000000001,0,-5.5478962012738242e-05,2.1314291554208696e-05,-0.00022618031789897633
1046,0.014000000000000002,-0.0060000000000000001,0,-2.7370177953052298e-05,7.0848704835094136e-06,-6.8650235353834527e-05
1047,0.016000000000000004,-0.0060000000000000001,0,0,0,0
1048,0.017999999999999999,-0.0060000000000000001,0,0,0,0
1049,0.02,-0.0060000000000000001,0,0,0,0
1050,-0.02,-0.0040000000000000001,0,0,0,0
1051,-0.018000000000000002,-0.0040000000000000001,0,0,0,0
1052,-0.016,-0.0040000000000000001,0,0,0,0
1053,-0.014,-0.0040000000000000001,0,2.5122231735612939e-05,4.4639501142504804e-06,-6.0881295381708976e-05
1054,-0.012,-0.0040000000000000001,0,5.4075567938866631e-05,1.2999976528738354e-05,-0.0002056507365238767
1055,-0.01,-0.0040000000000000001,0,6.8831536248938055e-05,2.2455197998474324e-05,-0.00042198386575855834
1056,-0.0080000000000000002,-0.0040000000000000001,0,7.2751600349872607e-05,3.2071051521737287e-05,-0.00069370452742549072
1057,-0.0060000000000000001,-0.0040000000000000001,0,6.7295828210562169e-05,4.0905419049570972e-05,-0.0010073040985778712
1058,-0.0040000000000000001,-0.0040000000000000001,0,5.4473657249147385e-05,4.5529460125841289e-05,-0.0013375104693466445
1059,-0.0019999999999999983,-0.0040000000000000001,0,3.7791169385954493e-05,4.9842622910468508e-05,-0.0016445255526176838
1060,0,-0.0040000000000000001,0,2.4060042736021743e-05,4.8007858692847367e-05,-0.0018462470994534985
1061,0.0019999999999999983,-0.0040000000000000001,0,7.0871361145276937e-06,4.826905353166133e-05,-0.00184690948653991
1062,0.0040000000000000001,-0.0040000000000000001,0,-1.9745936413195508e-05,4.6917322625804488e-05,-0.0016548786455018146
1063,0.0060000000000000019,-0.0040000000000000001,0,-4.861453076501151e-05,5.1148437921743802e-05,-0.0013303116086804587
1064,0.0080000000000000002,-0.0040000000000000001,0,-7.1621959288694715e-05,4.1845908793557962e-05,-0.00094554418484737426
1065,0.0099999999999999985,-0.0040000000000000001,0,-7.7888117047199011e-05,2.8983945000810219e-05,-0.00058610749864351818
1066,0.012,-0.0040000000000000001,0,-6.6746581170878675e-05,1.6278112823024515e-05,-0.00029141044086848633
1067,0.014000000000000002,-0.0040000000000000001,0,-3.3067750729988436e-05,5.1810932340122973e-06,-8.8663796903391245e-05
1068,0.016000000000000004,-0.0040000000000000001,0,0,0,0
1069,0.017999999999999999,-0.0040000000000000001,0,0,0,0
1070,0.02,-0.0040000000000000001,0,0,0,0
1071,-0.02,-0.0019999999999999983,0,0,0,0
1072,-0.018000000000000002,-0.0019999999999999983,0,0,0,0
1073,-0.016,-0.0019999999999999983,0,0,0,0
1074,-0.014,-0.0019999999999999983,0,2.8005897502897749e-05,2.4212603921687581e-06,-7.0018048901452623e-05
1075,-0.012,-0.0019999999999999983,0,5.9926042976700203e-05,7.0832484898618529e-06,-0.00023490258527614409
1076,-0.01,-0.0019999999999999983,0,7.4956834021481697e-05,1.2037835832984792e-05,-0.00048186750858898644
1077,-0.0080000000000000002,-0.0019999999999999983,0,7.7992342237947381e-05,1.7034550255763565e-05,-0.00079692489433202279
1078,-0.0060000000000000001,-0.0019999999999999983,0,7.2559224171071525e-05,2.2075231702671973e-05,-0.0011721108691403921
1079,-0.0040000000000000001,-0.0019999999999999983,0,6.0985060339500391e-05,2.1458527769011572e-05,-0.0015903290946965329
1080,-0.0019999999999999983,-0.0019999999999999983,0,4.5757783634578359e-05,2.6732239210183451e-05,-0.0020229680959719769
1081,0,-0.0019999999999999983,0,2.8897103228772083e-05,2.0935409796176998e-05,-0.0024182256118169807
1082,0.0019999999999999983,-0.0019999999999999983,0,3.396772322169026e-05,2.1065073993521887e-05,-0.0023994162320896749
1083,0.0040000000000000001,-0.0019999999999999983,0,1.5985353153345523e-05,2.2679910563934553e-05,-0.0021116021170513757
1084,0.0060000000000000019,-0.0019999999999999983,0,-3.5708712460220206e-05,2.9283763671952675e-05,-0.0016206458600643966
1085,0.0080000000000000002,-0.0019999999999999983,0,-6.7417876722422127e-05,2.1703449539287687e-05,-0.0011201218732504814
1086,0.0099999999999999985,-0.0019999999999999983,0,-8.0198933149095111e-05,1.5316233199935589e-05,-0.0006827927441730243
1087,0.012,-0.0019999999999999983,0,-7.2497306977587468e-05,8.5127931002067031e-06,-0.00033653827295209593
1088,0.014000000000000002,-0.0019999999999999983,0,-3.6198888194329691e-05,2.6544202465461845e-06,-0.00010207655417253341
1089,0.016000000000000004,-0.0019999999999999983,0,0,0,0
1090,0.017999999999999999,-0.0019999999999999983,0,0,0,0
1091,0.02,-0.0019999999999999983,0,0,0,0
1092,-0.02,0,0,0,0,0
1093,-0.018000000000000002,0,0,0,0,0
1094,-0.016,0,0,0,0,0
1095,-0.014,0,0,2.898356668252198e-05,-1.6205429913020016e-20,-7.3238550064801941e-05
1096,-0.012,0,0,6.203480021013368e-05,1.3557366826133784e-20,-0.00024535799608716563
1097,-0.01,0,0,7.694116360681479e-05,-6.0833383871101824e-20,-0.00050302902066347212
1098,-0.0080000000000000002,0,0,7.7989635706504257e-05,-6.1258578650112217e-21,-0.00083231998000067847
1099,-0.0060000000000000001,0,0,6.9889233939247214e-05,1.2377920736323017e-19,-0.0012325696800129474
1100,-0.0040000000000000001,0,0,5.6552080319615992e-05,4.1189436507589437e-20,-0.0016934532089785878
1101,-0.0019999999999999983,0,0,3.3814779961985919e-05,8.3232110185704788e-19,-0.0022683821811198732
1102,0,0,0,1.6952962004526616e-05,-5.3850561996057291e-20,-0.0029521125111859701
1103,0.0019999999999999983,0,0,7.1148436857387996e-05,-1.8610385051873281e-19,-0.002929344723142237
1104,0.0040000000000000001,0,0,9.5720909172915039e-05,-6.390739726750429e-20,-0.0026186312778229926
1105,0.0060000000000000019,0,0,-3.3296921177164439e-06,-4.0275283000323013e-19,-0.0017352987471260346
1106,0.0080000000000000002,0,0,-5.6176878541908309e-05,3.2759785062414186e-19,-0.0011853157515661291
1107,0.0099999999999999985,0,0,-7.9206608546891603e-05,-8.2093679489641059e-21,-0.00071708372284647699
1108,0.012,0,0,-7.4090140763391344e-05,1.6707524466802211e-20,-0.00035240721452796847
1109,0.014000000000000002,0,0,-3.7237454348992819e-05,-3.074943867412448e-20,-0.00010688278087097766
1110,0.016000000000000004,0,0,0,0,0
1111,0.017999999999999999,0,0,0,0,0
1112,0.02,0,0,0,0,0
1113,-0.02,0.0019999999999999983,0,0,0,0
1114,-0.018000000000000002,0.0019999999999999983,0,0,0,0
1115,-0.016,0.0019999999999999983,0,0,0,0
1116,-0.014,0.0019999999999999983,0,2.800589750289777e-05,-2.4212603921687835e-06,-7.0018048901452691e-05
1117,-0.012,0.0019999999999999983,0,5.9926042976700163e-05,-7.0832484898618825e-06,-0.00023490258527614428
1118,-0.01,0.0019999999999999983,0,7.4956834021481603e-05,-1.2037835832984876e-05,-0.00048186750858898671
1119,-0.0080000000000000002,0.0019999999999999983,0,7.7992342237947205e-05,-1.7034550255763815e-05,-0.000796924894332023
1120,-0.0060000000000000001,0.0019999999999999983,0,7.2559224171071592e-05,-2.2075231702671817e-05,-0.0011721108691403923
1121,-0.0040000000000000001,0.0019999999999999983,0,6.0985060339500709e-05,-2.1458527769011416e-05,-0.0015903290946965329
1122,-0.0019999999999999983,0.0019999999999999983,0,4.5757783634577695e-05,-2.6732239210183045e-05,-0.0020229680959719764
1123,0,0.0019999999999999983,0,2.8897103228771534e-05,-2.0935409796177076e-05,-0.0024182256118169803
1124,0.0019999999999999983,0.0019999999999999983,0,3.3967723221690518e-05,-2.1065073993521995e-05,-0.0023994162320896744
1125,0.0040000000000000001,0.0019999999999999983,0,1.5985353153345472e-05,-2.2679910563934875e-05,-0.0021116021170513753
1126,0.0060000000000000019,0.0019999999999999983,0,-3.570871246021963e-05,-2.9283763671952763e-05,-0.0016206458600643984
1127,0.0080000000000000002,0.0019999999999999983,0,-6.7417876722422005e-05,-2.1703449539287382e-05,-0.0011201218732504821
1128,0.0099999999999999985,0.0019999999999999983,0,-8.0198933149095192e-05,-1.5316233199935389e-05,-0.00068279274417302463
1129,0.012,0.0019999999999999983,0,-7.2497306977587454e-05,-8.5127931002067455e-06,-0.00033653827295209609
1130,0.014000000000000002,0.0019999999999999983,0,-3.6198888194329725e-05,-2.6544202465462485e-06,-0.00010207655417253354
1131,0.016000000000000004,0.0019999999999999983,0,0,0,0
1132,0.017999999999999999,0.0019999999999999983,0,0,0,0
1133,0.02,0.0019999999999999983,0,0,0,0
1134,-0.02,0.0040000000000000001,0,0,0,0
1135,-0.018000000000000002,0.0040000000000000001,0,0,0,0
1136,-0.016,0.0040000000000000001,0,0,0,0
1137,-0.014,0.0040000000000000001,0,2.5122231735612956e-05,-4.4639501142505066e-06,-6.0881295381709091e-05
1138,-0.012,0.0040000000000000001,0,5.4075567938866522e-05,-1.2999976528738388e-05,-0.000205650736523877
1139,-0.01,0.0040000000000000001,0,6.8831536248937933e-05,-2.2455197998474347e-05,-0.00042198386575855877
1140,-0.0080000000000000002,0.0040000000000000001,0,7.2751600349872471e-05,-3.2071051521737274e-05,-0.00069370452742549126
1141,-0.0060000000000000001,0.0040000000000000001,0,6.729582821056183e-05,-4.0905419049570904e-05,-0.0010073040985778717
1142,-0.0040000000000000001,0.0040000000000000001,0,5.4473657249146863e-05,-4.5529460125841282e-05,-0.001337510469346645
1143,-0.0019999999999999983,0.0040000000000000001,0,3.7791169385954364e-05,-4.9842622910468169e-05,-0.0016445255526176842
1144,0,0.0040000000000000001,0,2.4060042736021881e-05,-4.8007858692848153e-05,-0.0018462470994534993
1145,0.0019999999999999983,0.0040000000000000001,0,7.0871361145282053e-06,-4.8269053531661107e-05,-0.0018469094865399096
1146,0.0040000000000000001,0.0040000000000000001,0,-1.9745936413194996e-05,-4.69173226258044e-05,-0.001654878645501815
1147,0.0060000000000000019,0.0040000000000000001,0,-4.8614530765011253e-05,-5.114843792174347e-05,-0.0013303116086804594
1148,0.0080000000000000002,0.0040000000000000001,0,-7.162195928869443e-05,-4.1845908793557874e-05,-0.00094554418484737513
1149,0.0099999999999999985,0.0040000000000000001,0,-7.7888117047198862e-05,-2.8983945000810158e-05,-0.00058610749864351883
1150,0.012,0.0040000000000000001,0,-6.674658117087873e-05,-1.6278112823024536e-05,-0.00029141044086848677
1151,0.014000000000000002,0.0040000000000000001,0,-3.3067750729988531e-05,-5.1810932340123481e-06,-8.8663796903391422e-05
1152,0.016000000000000004,0.0040000000000000001,0,0,0,0
1153,0.017999999999999999,0.0040000000000000001,0,0,0,0
1154,0.02,0.0040000000000000001,0,0,0,0
1155,-0.02,0.0060000000000000019,0,0,0,0
1156,-0.018000000000000002,0.0060000000000000019,0,0,0,0
1157,-0.016,0.0060000000000000019,0,0,0,0
1158,-0.014,0.0060000000000000019,0,2.0546663557261316e-05,-5.7340158933132764e-06,-4.7352889120388232e-05
1159,-0.012,0.0060000000000000019,0,4.4717783111369106e-05,-1.670467915817135e-05,-0.00016259223376320224
1160,-0.01,0.0060000000000000019,0,5.7693203354126532e-05,-2.9247637089483592e-05,-0.00033506949808099622
1161,-0.0080000000000000002,0.0060000000000000019,0,6.1416747012352688e-05,-4.2233664565592505e-05,-0.00054841552693093271
1162,-0.0060000000000000001,0.0060000000000000019,0,5.7253451159452369e-05,-5.4238560737505939e-05,-0.00078712536523270113
1163,-0.0040000000000000001,0.0060000000000000019,0,4.6822913673006956e-05,-6.2989360417121782e-05,-0.0010275844317774242
1164,-0.0019999999999999983,0.0060000000000000019,0,3.1663115724664069e-05,-6.7639789202417428e-05,-0.0012309128788446509
1165,0,0.0060000000000000019,0,1.2336775457454221e-05,-6.6086291083751684e-05,-0.0013466083742837125
1166,0.0019999999999999983,0.0060000000000000019,0,-9.5109160370531457e-06,-6.756836321310853e-05,-0.0013395733889578721
1167,0.0040000000000000001,0.0060000000000000019,0,-3.0809774618571539e-05,-6.692877683346292e-05,-0.0012102298314764521
1168,0.0060000000000000019,0.0060000000000000019,0,-5.0373789370540328e-05,-6.4439681948547326e-05,-0.00098870782888610636
1169,0.0080000000000000002,0.0060000000000000019,0,-6.4067164120683578e-05,-5.3965801960765783e-05,-0.000718110890153059
1170,0.0099999999999999985,0.0060000000000000019,0,-6.6465238685680712e-05,-3.7916435220697657e-05,-0.00045189584814645851
1171,0.012,0.0060000000000000019,0,-5.5478962012738249e-05,-2.1314291554208649e-05,-0.00022618031789897679
1172,0.014000000000000002,0.0060000000000000019,0,-2.7370177953052349e-05,-7.0848704835094517e-06,-6.8650235353834676e-05
1173,0.016000000000000004,0.0060000000000000019,0,0,0,0
1174,0.017999999999999999,0.0060000000000000019,0,0,0,0
1175,0.02,0.0060000000000000019,0,0,0,0
1176,-0.02,0.0080000000000000002,0,0,0,0
1177,-0.018000000000000002,0.0080000000000000002,0,0,0,0
1178,-0.016,0.0080000000000000002,0,0,0,0
1179,-0.014,0.0080000000000000002,0,1.4874005382186254e-05,-5.8360789513420483e-06,-3.1837321155372275e-05
1180,-0.012,0.0080000000000000002,0,3.3018401490335113e-05,-1.7455270698014156e-05,-0.00011325876513928053
1181,-0.01,0.0080000000000000002,0,4.359287633847165e-05,-3.1326271043392853e-05,-0.0002372939928853877
1182,-0.0080000000000000002,0.0080000000000000002,0,4.7199094294826938e-05,-4.6076089090746198e-05,-0.00038984608824380398
1183,-0.0060000000000000001,0.0080000000000000002,0,4.4226851391166579e-05,-5.9982255741845855e-05,-0.00055619579062047902
1184,-0.0040000000000000001,0.0080000000000000002,0,3.5411319203156254e-05,-7.1118610484418909e-05,-0.00071645575646301382
1185,-0.0019999999999999983,0.0080000000000000002,0,2.1753411404169144e-05,-7.6794825490560006e-05,-0.00084288390358626245
1186,0,0.0080000000000000002,0,5.1621680963751617e-06,-7.7116348761002051e-05,-0.0009070083211308919
1187,0.0019999999999999983,0.0080000000000000002,0,-1.2283410051970141e-05,-7.8557519169428179e-05,-0.00089932586302790768
1188,0.0040000000000000001,0.0080000000000000002,0,-2.8616084826841384e-05,-7.6453881546632656e-05,-0.00081407585114156352
1189,0.0060000000000000019,0.0080000000000000002,0,-4.2126364201554633e-05,-6.9286981377640258e-05,-0.00066856276876379333
1190,0.0080000000000000002,0.0080000000000000002,0,-5.0147398454061656e-05,-5.6624025232819149e-05,-0.00049003944569943282
1191,0.0099999999999999985,0.0080000000000000002,0,-5.0115273487820813e-05,-3.9827022799769956e-05,-0.00030962973859081564
1192,0.012,0.0080000000000000002,0,-4.0557424983995991e-05,-2.2295953154030525e-05,-0.00015387469127815906
1193,0.014000000000000002,0.0080000000000000002,0,-1.9717461276317064e-05,-7.4903614542389044e-06,-4.5669200557378159e-05
1194,0.016000000000000004,0.0080000000000000002,0,0,0,0
1195,0.017999999999999999,0.0080000000000000002,0,0,0,0
1196,0.02,0.0080000000000000002,0,0,0,0
1197,-0.02,0.0099999999999999985,0,0,0,0
1198,-0.018000000000000002,0.0099999999999999985,0,0,0,0
1199,-0.016,0.0099999999999999985,0,0,0,0
1200,-0.014,0.0099999999999999985,0,9.0576977536478831e-06,-4.6443145356552813e-06,-1.7436908470782553e-05
1201,-0.012,0.0099999999999999985,0,2.0917402367501269e-05,-1.5093273403109625e-05,-6.5993548392656958e-05
1202,-0.01,0.0099999999999999985,0,2.881856989613003e-05,-2.8537459951282188e-05,-0.00014353147310705876
1203,-0.0080000000000000002,0.0099999999999999985,0,3.2084035958282426e-05,-4.3280116038138597e-05,-0.00024004163346868362
1204,-0.0060000000000000001,0.0099999999999999985,0,3.0497858355613383e-05,-5.7534519081789347e-05,-0.00034356562048437411
1205,-0.0040000000000000001,0.0099999999999999985,0,2.4062749005075201e-05,-6.9091804496979606e-05,-0.00043963727212726229
1206,-0.0019999999999999983,0.0099999999999999985,0,1.3827494648164927e-05,-7.5921359444907737e-05,-0.0005117026276089719
1207,0,0.0099999999999999985,0,1.8321868529888112e-06,-7.8551754796398141e-05,-0.00054647599472205791
1208,0.0019999999999999983,0.0099999999999999985,0,-1.0428458690232153e-05,-7.812589942031946e-05,-0.00053801535586571838
1209,0.0040000000000000001,0.0099999999999999985,0,-2.173511348174492e-05,-7.3993230716322181e-05,-0.00048580209365282819
1210,0.0060000000000000019,0.0099999999999999985,0,-3.0218579141065312e-05,-6.4707492993332642e-05,-0.00039820109264205385
1211,0.0080000000000000002,0.0099999999999999985,0,-3.4281228298070443e-05,-5.119852102539406e-05,-0.00029061931389165664
1212,0.0099999999999999985,0.0099999999999999985,0,-3.2790434134371331e-05,-3.5144074997677625e-05,-0.00018107456079072479
1213,0.012,0.0099999999999999985,0,-2.5238315455330851e-05,-1.9058769092284568e-05,-8.7209382432065817e-05
1214,0.014000000000000002,0.0099999999999999985,0,-1.1807865688095946e-05,-6.0490937908654389e-06,-2.4486921186832935e-05
1215,0.016000000000000004,0.0099999999999999985,0,0,0,0
1216,0.017999999999999999,0.0099999999999999985,0,0,0,0
1217,0.02,0.0099999999999999985,0,0,0,0
1218,-0.02,0.012,0,0,0,0
1219,-0.018000000000000002,0.012,0,0,0,0
1220,-0.016,0.012,0,0,0,0
1221,-0.014,0.012,0,3.9724397014077619e-06,-2.7005326726687907e-06,-6.9919724566300766e-06
1222,-0.012,0.012,0,1.0128261623702776e-05,-1.012607659201519e-05,-2.8749630887150673e-05
1223,-0.01,0.012,0,1.5230392393019299e-05,-2.094903014409359e-05,-6.6644421284839243e-05
1224,-0.0080000000000000002,0.012,0,1.7792895346859999e-05,-3.3236664426360602e-05,-0.00011562980779790188
1225,-0.0060000000000000001,0.012,0,1.7232113819048089e-05,-4.5349799544720147e-05,-0.00016805629928207143
1226,-0.0040000000000000001,0.012,0,1.3601626224073274e-05,-5.535917406733613e-05,-0.00021552886829592251
1227,-0.0019999999999999983,0.012,0,7.5868717862010281e-06,-6.1981061541396113e-05,-0.00025001092912651157
1228,0,0.012,0,3.558271356175e-07,-6.4700611452773695e-05,-0.00026569447567084616
1229,0.0019999999999999983,0.012,0,-6.9052492846388475e-06,-6.3235452044314971e-05,-0.00025957830313954412
1230,0.0040000000000000001,0.012,0,-1.3184821102663304e-05,-5.8276670860849995e-05,-0.00023267282151306191
1231,0.0060000000000000019,0.012,0,-1.750838619335579e-05,-4.9589437721821241e-05,-0.00018884284655132084
1232,0.0080000000000000002,0.012,0,-1.8990042815057102e-05,-3.7921044317011844e-05,-0.00013526599807939257
1233,0.0099999999999999985,0.012,0,-1.7078195737116617e-05,-2.4891828993489505e-05,-8.1203688926185402e-05
1234,0.012,0.012,0,-1.1938772856837205e-05,-1.2485398667366607e-05,-3.664278668025631e-05
1235,0.014000000000000002,0.012,0,-5.0075328173623317e-06,-3.4621673394497477e-06,-9.4027055817018291e-06
1236,0.016000000000000004,0.012,0,0,0,0
1237,0.017999999999999999,0.012,0,0,0,0
1238,0.02,0.012,0,0,0,0
1239,-0.02,0.014000000000000002,0,0,0,0
1240,-0.018000000000000002,0.014000000000000002,0,0,0,0
1241,-0.016,0.014000000000000002,0,0,0,0
1242,-0.014,0.014000000000000002,0,9.6723463999054363e-07,-9.7950621608089143e-07,-1.4941536638619146e-06
1243,-0.012,0.014000000000000002,0,2.6858473915343772e-06,-4.0068261204829682e-06,-7.056119017525921e-06
1244,-0.01,0.014000000000000002,0,4.6512017548797045e-06,-9.1707521622231816e-06,-1.7750714268141159e-05
1245,-0.0080000000000000002,0.014000000000000002,0,5.88263447866924e-06,-1.518139493879059e-05,-3.2703696364661838e-05
1246,-0.0060000000000000001,0.014000000000000002,0,5.8145594314734102e-06,-2.1197662132186957e-05,-4.9125146952722602e-05
1247,-0.0040000000000000001,0.014000000000000002,0,4.5492231837450107e-06,-2.6267174156556859e-05,-6.3868600338994858e-05
1248,-0.0019999999999999983,0.014000000000000002,0,2.4339357738954012e-06,-2.9778972799714598e-05,-7.4348099460968826e-05
1249,0,0.014000000000000002,0,-1.2295374801620669e-07,-3.1167096288899124e-05,-7.8760038972935961e-05
1250,0.0019999999999999983,0.014000000000000002,0,-2.6519461215912069e-06,-3.0168510313687463e-05,-7.6396907063853734e-05
1251,0.0040000000000000001,0.014000000000000002,0,-4.7463998546713631e-06,-2.7194584860405346e-05,-6.7567843383804199e-05
1252,0.0060000000000000019,0.014000000000000002,0,-6.0859404207174108e-06,-2.2616103324471458e-05,-5.3649088066649677e-05
1253,0.0080000000000000002,0.014000000000000002,0,-6.3078586373803237e-06,-1.6791848456961816e-05,-3.6920632331214874e-05
1254,0.0099999999999999985,0.014000000000000002,0,-5.1545378386433984e-06,-1.0533228324104356e-05,-2.0671543339854482e-05
1255,0.012,0.014000000000000002,0,-3.0474331371450125e-06,-4.7507788768750862e-06,-8.4211827468300481e-06
1256,0.014000000000000002,0.014000000000000002,0,-1.1235088399626128e-06,-1.1857393023263146e-06,-1.8895330234284787e-06
1257,0.016000000000000004,0.014000000000000002,0,0,0,0
1258,0.017999999999999999,0.014000000000000002,0,0,0,0
1259,0.02,0.014000000000000002,0,0,0,0
1260,-0.02,0.016000000000000004,0,0,0,0
1261,-0.018000000000000002,0.016000000000000004,0,0,0,0
1262,-0.016,0.016000000000000004,0,0,0,0
1263,-0.014,0.016000000000000004,0,0,0,0
1264,-0.012,0.016000000000000004,0,0,0,0
1265,-0.01,0.016000000000000004,0,0,0,0
1266,-0.0080000000000000002,0.016000000000000004,0,0,0,0
1267,-0.0060000000000000001,0.016000000000000004,0,0,0,0
1268,-0.0040000000000000001,0.016000000000000004,0,0,0,0
1269,-0.0019999999999999983,0.016000000000000004,0,0,0,0
1270,0,0.016000000000000004,0,0,0,0
1271,0.0019999999999999983,0.016000000000000004,0,0,0,0
1272,0.0040000000000000001,0.016000000000000004,0,0,0,0
1273,0.0060000000000000019,0.016000000000000004,0,0,0,0
1274,0.0080000000000000002,0.016000000000000004,0,0,0,0
1275,0.0099999999999999985,0.016000000000000004,0,0,0,0
1276,0.012,0.016000000000000004,0,0,0,0
1277,0.014000000000000002,0.016000000000000004,0,0,0,0
1278,0.016000000000000004,0.016000000000000004,0,0,0,0
1279,0.017999999999999999,0.016000000000000004,0,0,0,0
1280,0.02,0.016000000000000004,0,0,0,0
1281,-0.02,0.017999999999999999,0,0,0,0
1282,-0.018000000000000002,0.017999999999999999,0,0,0,0
1283,-0.016,0.017999999999999999,0,0,0,0
1284,-0.014,0.017999999999999999,0,0,0,0
1285,-0.012,0.017999999999999999,0,0,0,0
1286,-0.01,0.017999999999999999,0,0,0,0
1287,-0.0080000000000000002,0.017999999999999999,0,0,0,0
1288,-0.0060000000000000001,0.017999999999999999,0,0,0,0
1289,-0.0040000000000000001,0.017999999999999999,0,0,0,0
1290,-0.0019999999999999983,0.017999999999999999,0,0,0,0
1291,0,0.017999999999999999,0,0,0,0
1292,0.0019999999999999983,0.017999999999999999,0,0,0,0
1293,0.0040000000000000001,0.017999999999999999,0,0,0,0
1294,0.0060000000000000019,0.017999999999999999,0,0,0,0
1295,0.0080000000000000002,0.017999999999999999,0,0,0,0
1296,0.0099999999999999985,0.017999999999999999,0,0,0,0
1297,0.012,0.017999999999999999,0,0,0,0
1298,0.014000000000000002,0.017999999999999999,0,0,0,0
1299,0.016000000000000004,0.017999999999999999,0,0,0,0
1300,0.017999999999999999,0.017999999999999999,0,0,0,0
1301,0.02,0.017999999999999999,0,0,0,0
1302,-0.02,0.02,0,0,0,0
1303,-0.018000000000000002,0.02,0,0,0,0
1304,-0.016,0.02,0,0,0,0
1305,-0.014,0.02,0,0,0,0
1306,-0.012,0.02,0,0,0,0
1307,-0.01,0.02,0,0,0,0
1308,-0.0080000000000000002,0.02,0,0,0,0
1309,-0.0060000000000000001,0.02,0,0,0,0
1310,-0.0040000000000000001,0.02,0,0,0,0
1311,-0.0019999999999999983,0.02,0,0,0,0
1312,0,0.02,0,0,0,0
1313,0.0019999999999999983,0.02,0,0,0,0
1314,0.0040000000000000001,0.02,0,0,0,0
1315,0.0060000000000000019,0.02,0,0,0,0
1316,0.0080000000000000002,0.02,0,0,0,0
1317,0.0099999999999999985,0.02,0,0,0,0
1318,0.012,0.02,0,0,0,0
1319,0.014000000000000002,0.02,0,0,0,0
1320,0.016000000000000004,0.02,0,0,0,0
1321,0.017999999999999999,0.02,0,0,0,0
1322,0.02,0.02,0,0,0,0
