case,r_mm,target_z_mm,release_dev_mm,form_dev_mm,unload_dev_mm,sb_tot_mm,sb_rel_mm,release_dev_sd_mm
bench_cache,0.125,-3.0904,0.21302,0.32422,0.36719,-0.1112,-0.15417,0
bench_cache,0.375,-3.0904,0.1771,0.28744,0.33074,-0.11034,-0.15364,0.016972
bench_cache,0.625,-3.0904,0.14051,0.25104,0.29414,-0.11053,-0.15363,0.029328
bench_cache,0.875,-3.0904,0.10687,0.21749,0.26049,-0.11062,-0.15362,0.034665
bench_cache,1.125,-3.0904,0.076925,0.18767,0.23054,-0.11074,-0.15361,0.043026
bench_cache,1.375,-3.0904,0.043089,0.15408,0.19669,-0.11099,-0.1536,0.060211
bench_cache,1.625,-3.0904,0.015462,0.12658,0.16907,-0.11112,-0.15361,0.054362
bench_cache,1.875,-3.0904,0.0044871,0.11607,0.15811,-0.11158,-0.15362,0.052128
bench_cache,2.125,-3.0904,0.0029338,0.1151,0.15655,-0.11217,-0.15362,0.036949
bench_cache,2.375,-3.0904,0.036672,0.14965,0.19027,-0.11298,-0.1536,0.025256
bench_cache,2.625,-3.0904,0.088842,0.20254,0.2424,-0.1137,-0.15356,0.027566
bench_cache,2.875,-3.0855,0.14345,0.25804,0.29697,-0.11459,-0.15353,0.036643
bench_cache,3.125,-3.053,0.17413,0.28977,0.32762,-0.11564,-0.15349,0.042052
bench_cache,3.375,-2.9867,0.18814,0.3046,0.34156,-0.11646,-0.15342,0.031892
bench_cache,3.625,-2.8852,0.16052,0.27784,0.31393,-0.11731,-0.15341,0.032372
bench_cache,3.875,-2.754,0.10639,0.22441,0.25976,-0.11802,-0.15337,0.031542
bench_cache,4.125,-2.5717,0.00011975,0.11886,0.15344,-0.11874,-0.15332,0.041226
bench_cache,4.375,-2.3761,-0.10358,0.015774,0.049616,-0.11936,-0.1532,0.042908
bench_cache,4.625,-2.1721,-0.20903,-0.089224,-0.056063,-0.11981,-0.15297,0.043965
bench_cache,4.875,-1.9633,-0.31386,-0.19366,-0.16117,-0.1202,-0.15268,0.046842
bench_cache,5.125,-1.77,-0.40745,-0.2867,-0.25503,-0.12076,-0.15242,0.045112
bench_cache,5.375,-1.5688,-0.50971,-0.38896,-0.35769,-0.12076,-0.15203,0.051646
bench_cache,5.625,-1.3712,-0.60124,-0.47996,-0.4495,-0.12128,-0.15173,0.051799
bench_cache,5.875,-1.1786,-0.69663,-0.57507,-0.54525,-0.12156,-0.15138,0.053264
bench_cache,6.125,-0.98149,-0.80493,-0.68328,-0.65396,-0.12165,-0.15097,0.056937
bench_cache,6.375,-0.77318,-0.92199,-0.79989,-0.77151,-0.1221,-0.15047,0.052118
bench_cache,6.625,-0.56284,-1.0509,-0.9292,-0.90121,-0.12174,-0.14973,0.050723
bench_cache,6.875,-0.36567,-1.1683,-1.0462,-1.0192,-0.12205,-0.14911,0.045856
bench_cache,7.125,-0.18347,-1.2775,-1.1556,-1.1291,-0.12194,-0.14844,0.035568
bench_cache,7.375,-0.061832,-1.3308,-1.2089,-1.183,-0.12193,-0.14778,0.026457
bench_cache,7.625,-0.0073363,-1.3147,-1.1928,-1.1677,-0.12186,-0.14699,0.025874
bench_cache,7.875,0,-1.2523,-1.1305,-1.1061,-0.1218,-0.14622,0.030383
bench_cache,8.125,0,-1.1833,-1.0616,-1.0379,-0.12169,-0.14537,0.030648
bench_cache,8.375,0,-1.1259,-1.0044,-0.98144,-0.12151,-0.14446,0.029661
bench_cache,8.625,0,-1.0674,-0.94609,-0.92399,-0.12133,-0.14343,0.026424
bench_cache,8.875,0,-1.0129,-0.8921,-0.87075,-0.12079,-0.14214,0.024034
bench_cache,9.125,0,-0.96484,-0.8442,-0.82364,-0.12064,-0.1412,0.024191
bench_cache,9.375,0,-0.91241,-0.79225,-0.77257,-0.12016,-0.13983,0.023733
bench_cache,9.625,0,-0.86346,-0.74358,-0.7247,-0.11988,-0.13877,0.024941
bench_cache,9.875,0,-0.81118,-0.69186,-0.67385,-0.11932,-0.13733,0.024703
bench_cache,10.125,0,-0.76467,-0.64584,-0.62862,-0.11883,-0.13604,0.027469
bench_cache,10.375,0,-0.72566,-0.60712,-0.59078,-0.11854,-0.13488,0.029488
bench_cache,10.625,0,-0.68272,-0.56503,-0.54955,-0.11769,-0.13317,0.028113
bench_cache,10.875,0,-0.64431,-0.52716,-0.51251,-0.11715,-0.1318,0.028626
bench_cache,11.125,0,-0.6031,-0.48691,-0.47319,-0.11619,-0.12991,0.02805
bench_cache,11.375,0,-0.56609,-0.45066,-0.43777,-0.11543,-0.12833,0.030025
bench_cache,11.625,0,-0.53172,-0.41697,-0.40485,-0.11475,-0.12687,0.032462
bench_cache,11.875,0,-0.49432,-0.38061,-0.3694,-0.11371,-0.12492,0.034966
bench_cache,12.125,0,-0.46376,-0.35065,-0.34012,-0.11311,-0.12365,0.038124
bench_cache,12.375,0,-0.42929,-0.31751,-0.30784,-0.11178,-0.12145,0.036593
bench_cache,12.625,0,-0.39838,-0.28773,-0.2789,-0.11064,-0.11948,0.037006
bench_cache,12.875,0,-0.37011,-0.26073,-0.25259,-0.10938,-0.11752,0.037042
bench_cache,13.125,0,-0.34119,-0.2333,-0.22594,-0.10789,-0.11525,0.038205
bench_cache,13.375,0,-0.32068,-0.21366,-0.20682,-0.10702,-0.11386,0.041372
bench_cache,13.625,0,-0.29146,-0.18622,-0.1802,-0.10523,-0.11126,0.041539
bench_cache,13.875,0,-0.26924,-0.16512,-0.15968,-0.10412,-0.10956,0.042737
bench_cache,14.125,0,-0.24266,-0.14018,-0.13546,-0.10248,-0.10719,0.044154
bench_cache,14.375,0,-0.22261,-0.12182,-0.11765,-0.10079,-0.10496,0.042675
bench_cache,14.625,0,-0.2066,-0.10742,-0.1037,-0.099178,-0.1029,0.042372
bench_cache,14.875,0,-0.18966,-0.092427,-0.089177,-0.09723,-0.10048,0.038727
h0.625_L1_im_tp7,0.125,-3.0904,0.013735,0.14537,0.17006,-0.13164,-0.15633,0
h0.625_L1_im_tp7,0.375,-3.0904,0.0073254,0.13933,0.16395,-0.13201,-0.15662,0.0079127
h0.625_L1_im_tp7,0.625,-3.0904,0.00059484,0.1326,0.15723,-0.13201,-0.15663,0.014924
h0.625_L1_im_tp7,0.875,-3.0904,-0.013203,0.11867,0.14335,-0.13187,-0.15655,0.019235
h0.625_L1_im_tp7,1.125,-3.0904,-0.038433,0.093346,0.11809,-0.13178,-0.15653,0.023426
h0.625_L1_im_tp7,1.375,-3.0904,-0.068779,0.062869,0.087711,-0.13165,-0.15649,0.027841
h0.625_L1_im_tp7,1.625,-3.0904,-0.085339,0.045922,0.071,-0.13126,-0.15634,0.025314
h0.625_L1_im_tp7,1.875,-3.0904,-0.094255,0.036783,0.062073,-0.13104,-0.15633,0.020983
h0.625_L1_im_tp7,2.125,-3.0904,-0.088228,0.042599,0.068126,-0.13083,-0.15635,0.018042
h0.625_L1_im_tp7,2.375,-3.0904,-0.059359,0.071292,0.097078,-0.13065,-0.15644,0.016591
h0.625_L1_im_tp7,2.625,-3.0904,-0.022202,0.10817,0.1343,-0.13037,-0.1565,0.017733
h0.625_L1_im_tp7,2.875,-3.0855,0.021663,0.15176,0.17825,-0.1301,-0.15659,0.015163
h0.625_L1_im_tp7,3.125,-3.053,0.061509,0.19151,0.21816,-0.13001,-0.15665,0.012226
h0.625_L1_im_tp7,3.375,-2.9867,0.081213,0.21086,0.2379,-0.12964,-0.15669,0.0099933
h0.625_L1_im_tp7,3.625,-2.8852,0.084843,0.21466,0.2416,-0.12982,-0.15676,0.008604
h0.625_L1_im_tp7,3.875,-2.754,0.056204,0.18563,0.21294,-0.12942,-0.15674,0.015565
h0.625_L1_im_tp7,4.125,-2.5717,-0.014095,0.11549,0.14265,-0.12958,-0.15675,0.02734
h0.625_L1_im_tp7,4.375,-2.3761,-0.099307,0.030437,0.057435,-0.12974,-0.15674,0.028002
h0.625_L1_im_tp7,4.625,-2.1721,-0.18858,-0.058651,-0.031808,-0.12993,-0.15678,0.028994
h0.625_L1_im_tp7,4.875,-1.9633,-0.27894,-0.14882,-0.12226,-0.13012,-0.15668,0.02867
h0.625_L1_im_tp7,5.125,-1.77,-0.36002,-0.22981,-0.20345,-0.13021,-0.15657,0.024674
h0.625_L1_im_tp7,5.375,-1.5688,-0.44063,-0.31109,-0.28464,-0.12954,-0.15599,0.029947
h0.625_L1_im_tp7,5.625,-1.3712,-0.52074,-0.39104,-0.36497,-0.1297,-0.15577,0.031091
h0.625_L1_im_tp7,5.875,-1.1786,-0.60911,-0.47947,-0.4537,-0.12964,-0.15541,0.03043
h0.625_L1_im_tp7,6.125,-0.98149,-0.7082,-0.57881,-0.55327,-0.1294,-0.15494,0.032766
h0.625_L1_im_tp7,6.375,-0.77318,-0.81886,-0.68888,-0.66409,-0.12998,-0.15476,0.037967
h0.625_L1_im_tp7,6.625,-0.56284,-0.93821,-0.80907,-0.78432,-0.12913,-0.15389,0.03954
h0.625_L1_im_tp7,6.875,-0.36567,-1.0532,-0.92365,-0.89966,-0.12959,-0.15358,0.038476
h0.625_L1_im_tp7,7.125,-0.18347,-1.1616,-1.0323,-1.0087,-0.12927,-0.15289,0.026943
h0.625_L1_im_tp7,7.375,-0.061832,-1.2125,-1.0833,-1.0602,-0.12923,-0.1523,0.011018
h0.625_L1_im_tp7,7.625,-0.0073363,-1.1972,-1.0682,-1.0457,-0.12904,-0.15154,0.014547
h0.625_L1_im_tp7,7.875,0,-1.1381,-1.0092,-0.98737,-0.12891,-0.15076,0.019753
h0.625_L1_im_tp7,8.125,0,-1.0747,-0.94604,-0.92486,-0.12865,-0.14983,0.018711
h0.625_L1_im_tp7,8.375,0,-1.0174,-0.88884,-0.86835,-0.12852,-0.14901,0.018285
h0.625_L1_im_tp7,8.625,0,-0.96054,-0.8321,-0.81242,-0.12844,-0.14812,0.018452
h0.625_L1_im_tp7,8.875,0,-0.90671,-0.77891,-0.75987,-0.1278,-0.14684,0.015937
h0.625_L1_im_tp7,9.125,0,-0.85918,-0.73141,-0.71317,-0.12777,-0.14601,0.017116
h0.625_L1_im_tp7,9.375,0,-0.80991,-0.68254,-0.66514,-0.12737,-0.14477,0.01674
h0.625_L1_im_tp7,9.625,0,-0.76414,-0.63705,-0.62044,-0.12709,-0.1437,0.01753
h0.625_L1_im_tp7,9.875,0,-0.71785,-0.59135,-0.57561,-0.12651,-0.14225,0.017244
h0.625_L1_im_tp7,10.125,0,-0.67547,-0.54953,-0.53462,-0.12594,-0.14084,0.018386
h0.625_L1_im_tp7,10.375,0,-0.6372,-0.51124,-0.49725,-0.12596,-0.13995,0.019889
h0.625_L1_im_tp7,10.625,0,-0.59651,-0.47134,-0.45821,-0.12517,-0.1383,0.019704
h0.625_L1_im_tp7,10.875,0,-0.55984,-0.43511,-0.42281,-0.12472,-0.13703,0.020328
h0.625_L1_im_tp7,11.125,0,-0.5221,-0.39818,-0.38679,-0.12392,-0.1353,0.020246
h0.625_L1_im_tp7,11.375,0,-0.48838,-0.36512,-0.35455,-0.12326,-0.13383,0.021841
h0.625_L1_im_tp7,11.625,0,-0.457,-0.33445,-0.32464,-0.12255,-0.13236,0.022976
h0.625_L1_im_tp7,11.875,0,-0.42363,-0.30194,-0.29304,-0.1217,-0.13059,0.023539
h0.625_L1_im_tp7,12.125,0,-0.39528,-0.27439,-0.26617,-0.12089,-0.12911,0.025211
h0.625_L1_im_tp7,12.375,0,-0.36386,-0.24409,-0.23673,-0.11977,-0.12713,0.025305
h0.625_L1_im_tp7,12.625,0,-0.33516,-0.2161,-0.20958,-0.11906,-0.12558,0.027789
h0.625_L1_im_tp7,12.875,0,-0.30852,-0.19078,-0.18493,-0.11774,-0.1236,0.028973
h0.625_L1_im_tp7,13.125,0,-0.28192,-0.16526,-0.16019,-0.11666,-0.12173,0.030671
h0.625_L1_im_tp7,13.375,0,-0.26222,-0.14665,-0.14202,-0.11557,-0.1202,0.032855
h0.625_L1_im_tp7,13.625,0,-0.23699,-0.12273,-0.11886,-0.11426,-0.11813,0.032847
h0.625_L1_im_tp7,13.875,0,-0.21808,-0.1051,-0.1017,-0.11298,-0.11638,0.033377
h0.625_L1_im_tp7,14.125,0,-0.1969,-0.085402,-0.082608,-0.1115,-0.1143,0.033159
h0.625_L1_im_tp7,14.375,0,-0.179,-0.069074,-0.06676,-0.10993,-0.11224,0.033047
h0.625_L1_im_tp7,14.625,0,-0.16473,-0.05612,-0.05418,-0.10861,-0.11055,0.033183
h0.625_L1_im_tp7,14.875,0,-0.15056,-0.043745,-0.042193,-0.10681,-0.10836,0.030379
h0.625_L2_std_x05,0.125,-3.0904,0.061076,0.16629,0.18726,-0.10522,-0.12619,0
h0.625_L2_std_x05,0.375,-3.0904,0.059236,0.1646,0.18562,-0.10537,-0.12638,0.0095567
h0.625_L2_std_x05,0.625,-3.0904,0.05504,0.16041,0.18144,-0.10537,-0.1264,0.017573
h0.625_L2_std_x05,0.875,-3.0904,0.037999,0.14326,0.16432,-0.10526,-0.12633,0.021605
h0.625_L2_std_x05,1.125,-3.0904,0.0033865,0.10857,0.12969,-0.10519,-0.12631,0.026314
h0.625_L2_std_x05,1.375,-3.0904,-0.03717,0.067887,0.089103,-0.10506,-0.12627,0.032413
h0.625_L2_std_x05,1.625,-3.0904,-0.058235,0.04649,0.067921,-0.10473,-0.12616,0.030889
h0.625_L2_std_x05,1.875,-3.0904,-0.06818,0.036288,0.057926,-0.10447,-0.12611,0.027771
h0.625_L2_std_x05,2.125,-3.0904,-0.062899,0.041356,0.063217,-0.10426,-0.12612,0.025205
h0.625_L2_std_x05,2.375,-3.0904,-0.032924,0.071109,0.093225,-0.10403,-0.12615,0.022041
h0.625_L2_std_x05,2.625,-3.0904,0.0056877,0.10944,0.13187,-0.10376,-0.12619,0.02151
h0.625_L2_std_x05,2.875,-3.0855,0.050191,0.15367,0.17644,-0.10348,-0.12624,0.017983
h0.625_L2_std_x05,3.125,-3.053,0.09098,0.19432,0.21725,-0.10333,-0.12627,0.014122
h0.625_L2_std_x05,3.375,-2.9867,0.11111,0.21412,0.23742,-0.10301,-0.12631,0.011622
h0.625_L2_std_x05,3.625,-2.8852,0.11416,0.21724,0.24049,-0.10309,-0.12634,0.008514
h0.625_L2_std_x05,3.875,-2.754,0.083294,0.186,0.20961,-0.10271,-0.12632,0.0156
h0.625_L2_std_x05,4.125,-2.5717,0.0079781,0.11072,0.13423,-0.10274,-0.12626,0.02848
h0.625_L2_std_x05,4.375,-2.3761,-0.083169,0.019718,0.043109,-0.10289,-0.12628,0.029099
h0.625_L2_std_x05,4.625,-2.1721,-0.1786,-0.075488,-0.052213,-0.10311,-0.12639,0.030315
h0.625_L2_std_x05,4.875,-1.9633,-0.2737,-0.17045,-0.14739,-0.10325,-0.12631,0.029484
h0.625_L2_std_x05,5.125,-1.77,-0.35667,-0.25336,-0.23048,-0.10331,-0.1262,0.025127
h0.625_L2_std_x05,5.375,-1.5688,-0.4345,-0.33203,-0.30888,-0.10247,-0.12562,0.030624
h0.625_L2_std_x05,5.625,-1.3712,-0.5118,-0.4092,-0.38638,-0.1026,-0.12541,0.031298
h0.625_L2_std_x05,5.875,-1.1786,-0.60051,-0.49801,-0.47539,-0.1025,-0.12512,0.030289
h0.625_L2_std_x05,6.125,-0.98149,-0.70124,-0.59904,-0.57651,-0.1022,-0.12473,0.032624
h0.625_L2_std_x05,6.375,-0.77318,-0.81245,-0.7097,-0.68788,-0.10275,-0.12457,0.037457
h0.625_L2_std_x05,6.625,-0.56284,-0.93022,-0.82847,-0.80641,-0.10175,-0.12381,0.039033
h0.625_L2_std_x05,6.875,-0.36567,-1.0434,-0.94127,-0.9199,-0.10216,-0.12354,0.038225
h0.625_L2_std_x05,7.125,-0.18347,-1.1507,-1.049,-1.0278,-0.10173,-0.12295,0.026761
h0.625_L2_std_x05,7.375,-0.061832,-1.201,-1.0993,-1.0785,-0.10164,-0.12245,0.011141
h0.625_L2_std_x05,7.625,-0.0073363,-1.185,-1.0837,-1.0632,-0.10133,-0.1218,0.014696
h0.625_L2_std_x05,7.875,0,-1.1254,-1.0243,-1.0042,-0.1011,-0.12113,0.019802
h0.625_L2_std_x05,8.125,0,-1.0613,-0.96058,-0.94097,-0.10071,-0.12032,0.01883
h0.625_L2_std_x05,8.375,0,-1.0036,-0.90311,-0.88399,-0.10051,-0.11963,0.018408
h0.625_L2_std_x05,8.625,0,-0.94638,-0.84603,-0.82751,-0.10036,-0.11888,0.018545
h0.625_L2_std_x05,8.875,0,-0.89212,-0.79256,-0.77436,-0.099561,-0.11777,0.016161
h0.625_L2_std_x05,9.125,0,-0.84438,-0.74485,-0.72729,-0.099528,-0.11709,0.017382
h0.625_L2_std_x05,9.375,0,-0.79461,-0.69557,-0.67861,-0.099042,-0.116,0.017112
h0.625_L2_std_x05,9.625,0,-0.7487,-0.64994,-0.63356,-0.098766,-0.11514,0.017959
h0.625_L2_std_x05,9.875,0,-0.70196,-0.60383,-0.58809,-0.098133,-0.11387,0.017768
h0.625_L2_std_x05,10.125,0,-0.65919,-0.56163,-0.54653,-0.097555,-0.11265,0.019213
h0.625_L2_std_x05,10.375,0,-0.62078,-0.52308,-0.50882,-0.097701,-0.11196,0.021091
h0.625_L2_std_x05,10.625,0,-0.57967,-0.48274,-0.46914,-0.09693,-0.11052,0.021041
h0.625_L2_std_x05,10.875,0,-0.54286,-0.44623,-0.43335,-0.096621,-0.1095,0.021955
h0.625_L2_std_x05,11.125,0,-0.50459,-0.40868,-0.39659,-0.095913,-0.10799,0.022143
h0.625_L2_std_x05,11.375,0,-0.47054,-0.37513,-0.36378,-0.095406,-0.10675,0.024186
h0.625_L2_std_x05,11.625,0,-0.43899,-0.34409,-0.33343,-0.094904,-0.10556,0.025596
h0.625_L2_std_x05,11.875,0,-0.40504,-0.31081,-0.30103,-0.094228,-0.10402,0.026388
h0.625_L2_std_x05,12.125,0,-0.37669,-0.28297,-0.27381,-0.093715,-0.10288,0.028493
h0.625_L2_std_x05,12.375,0,-0.34463,-0.2518,-0.2435,-0.092821,-0.10113,0.028751
h0.625_L2_std_x05,12.625,0,-0.31551,-0.22308,-0.21567,-0.09243,-0.099844,0.031515
h0.625_L2_std_x05,12.875,0,-0.28861,-0.19719,-0.19041,-0.09142,-0.098202,0.03299
h0.625_L2_std_x05,13.125,0,-0.26133,-0.1707,-0.16477,-0.090634,-0.096557,0.034884
h0.625_L2_std_x05,13.375,0,-0.24197,-0.15198,-0.14649,-0.089986,-0.095476,0.037345
h0.625_L2_std_x05,13.625,0,-0.21603,-0.12706,-0.12243,-0.088967,-0.093604,0.037247
h0.625_L2_std_x05,13.875,0,-0.19744,-0.10927,-0.10512,-0.08817,-0.092313,0.037528
h0.625_L2_std_x05,14.125,0,-0.17652,-0.08947,-0.086021,-0.087047,-0.090496,0.036496
h0.625_L2_std_x05,14.375,0,-0.15929,-0.073406,-0.070506,-0.085883,-0.088783,0.035436
h0.625_L2_std_x05,14.625,0,-0.14542,-0.060488,-0.058017,-0.084927,-0.087398,0.035357
h0.625_L2_std_x05,14.875,0,-0.13082,-0.047277,-0.045279,-0.083547,-0.085545,0.03263
h0.714_L1_im_tp5,0.125,-3.0904,0.02746,0.15616,0.18236,-0.1287,-0.1549,0
h0.714_L1_im_tp5,0.375,-3.0904,0.018319,0.14758,0.17369,-0.12926,-0.15537,0.0083242
h0.714_L1_im_tp5,0.625,-3.0904,0.0084109,0.1377,0.16378,-0.12929,-0.15537,0.015204
h0.714_L1_im_tp5,0.875,-3.0904,-0.00079475,0.12824,0.15445,-0.12903,-0.15524,0.019948
h0.714_L1_im_tp5,1.125,-3.0904,-0.02651,0.10252,0.12874,-0.12903,-0.15525,0.020983
h0.714_L1_im_tp5,1.375,-3.0904,-0.056823,0.072074,0.098391,-0.1289,-0.15521,0.023473
h0.714_L1_im_tp5,1.625,-3.0904,-0.085037,0.043683,0.070151,-0.12872,-0.15519,0.024025
h0.714_L1_im_tp5,1.875,-3.0904,-0.084143,0.044266,0.070971,-0.12841,-0.15511,0.019351
h0.714_L1_im_tp5,2.125,-3.0904,-0.076213,0.052048,0.078941,-0.12826,-0.15515,0.015439
h0.714_L1_im_tp5,2.375,-3.0904,-0.054484,0.073666,0.10074,-0.12815,-0.15523,0.017318
h0.714_L1_im_tp5,2.625,-3.0904,-0.013365,0.11449,0.14194,-0.12785,-0.1553,0.016007
h0.714_L1_im_tp5,2.875,-3.0855,0.030654,0.15832,0.18602,-0.12766,-0.15536,0.012997
h0.714_L1_im_tp5,3.125,-3.053,0.065832,0.19343,0.22123,-0.1276,-0.1554,0.013402
h0.714_L1_im_tp5,3.375,-2.9867,0.09185,0.21936,0.24735,-0.12751,-0.1555,0.008203
h0.714_L1_im_tp5,3.625,-2.8852,0.090297,0.21801,0.24583,-0.12772,-0.15553,0.0094473
h0.714_L1_im_tp5,3.875,-2.754,0.057518,0.1849,0.21305,-0.12739,-0.15554,0.015516
h0.714_L1_im_tp5,4.125,-2.5717,-0.014674,0.113,0.14086,-0.12767,-0.15554,0.028049
h0.714_L1_im_tp5,4.375,-2.3761,-0.1017,0.026144,0.053804,-0.12784,-0.1555,0.028706
h0.714_L1_im_tp5,4.625,-2.1721,-0.19221,-0.064148,-0.036669,-0.12807,-0.15555,0.029141
h0.714_L1_im_tp5,4.875,-1.9633,-0.2844,-0.15613,-0.12895,-0.12827,-0.15544,0.029639
h0.714_L1_im_tp5,5.125,-1.77,-0.36619,-0.23778,-0.21085,-0.12841,-0.15535,0.026066
h0.714_L1_im_tp5,5.375,-1.5688,-0.44738,-0.31965,-0.29264,-0.12772,-0.15474,0.031036
h0.714_L1_im_tp5,5.625,-1.3712,-0.52745,-0.39955,-0.37293,-0.1279,-0.15452,0.032467
h0.714_L1_im_tp5,5.875,-1.1786,-0.61414,-0.48626,-0.45995,-0.12788,-0.15419,0.032151
h0.714_L1_im_tp5,6.125,-0.98149,-0.71375,-0.58612,-0.56005,-0.12763,-0.1537,0.03398
h0.714_L1_im_tp5,6.375,-0.77318,-0.82389,-0.69567,-0.67033,-0.12822,-0.15356,0.038528
h0.714_L1_im_tp5,6.625,-0.56284,-0.94295,-0.81557,-0.79027,-0.12738,-0.15268,0.039918
h0.714_L1_im_tp5,6.875,-0.36567,-1.0591,-0.93119,-0.90668,-0.12788,-0.1524,0.03774
h0.714_L1_im_tp5,7.125,-0.18347,-1.1658,-1.0382,-1.0141,-0.12754,-0.1517,0.027721
h0.714_L1_im_tp5,7.375,-0.061832,-1.2168,-1.0893,-1.0657,-0.12753,-0.15113,0.0115
h0.714_L1_im_tp5,7.625,-0.0073363,-1.2016,-1.0743,-1.0513,-0.12734,-0.15036,0.014835
h0.714_L1_im_tp5,7.875,0,-1.1413,-1.0141,-0.99171,-0.12722,-0.1496,0.020064
h0.714_L1_im_tp5,8.125,0,-1.0781,-0.95109,-0.9294,-0.127,-0.1487,0.018555
h0.714_L1_im_tp5,8.375,0,-1.0205,-0.89359,-0.87259,-0.12688,-0.14788,0.018532
h0.714_L1_im_tp5,8.625,0,-0.96271,-0.83585,-0.81565,-0.12687,-0.14706,0.018724
h0.714_L1_im_tp5,8.875,0,-0.90938,-0.78319,-0.76365,-0.12619,-0.14573,0.016046
h0.714_L1_im_tp5,9.125,0,-0.86117,-0.73496,-0.71622,-0.12621,-0.14495,0.017062
h0.714_L1_im_tp5,9.375,0,-0.81184,-0.68597,-0.66808,-0.12587,-0.14376,0.017096
h0.714_L1_im_tp5,9.625,0,-0.76595,-0.64034,-0.62326,-0.12561,-0.14269,0.017712
h0.714_L1_im_tp5,9.875,0,-0.71945,-0.59441,-0.57821,-0.12503,-0.14123,0.017517
h0.714_L1_im_tp5,10.125,0,-0.67682,-0.55233,-0.53697,-0.1245,-0.13985,0.018806
h0.714_L1_im_tp5,10.375,0,-0.63854,-0.51394,-0.49952,-0.1246,-0.13902,0.020367
h0.714_L1_im_tp5,10.625,0,-0.59777,-0.47394,-0.4604,-0.12383,-0.13737,0.020204
h0.714_L1_im_tp5,10.875,0,-0.56085,-0.43741,-0.42471,-0.12344,-0.13614,0.021019
h0.714_L1_im_tp5,11.125,0,-0.52304,-0.40037,-0.38861,-0.12267,-0.13443,0.020947
h0.714_L1_im_tp5,11.375,0,-0.48915,-0.3671,-0.35619,-0.12204,-0.13296,0.022771
h0.714_L1_im_tp5,11.625,0,-0.45765,-0.33625,-0.32611,-0.1214,-0.13153,0.02404
h0.714_L1_im_tp5,11.875,0,-0.42438,-0.30379,-0.29458,-0.12059,-0.1298,0.024449
h0.714_L1_im_tp5,12.125,0,-0.39568,-0.27586,-0.26735,-0.11983,-0.12833,0.026474
h0.714_L1_im_tp5,12.375,0,-0.36424,-0.24548,-0.23786,-0.11876,-0.12638,0.026575
h0.714_L1_im_tp5,12.625,0,-0.33558,-0.21746,-0.2107,-0.11813,-0.12488,0.028912
h0.714_L1_im_tp5,12.875,0,-0.30857,-0.19174,-0.18568,-0.11683,-0.12289,0.030609
h0.714_L1_im_tp5,13.125,0,-0.28219,-0.16635,-0.16109,-0.11584,-0.1211,0.031803
h0.714_L1_im_tp5,13.375,0,-0.26251,-0.14774,-0.14293,-0.11477,-0.11958,0.034219
h0.714_L1_im_tp5,13.625,0,-0.23672,-0.12319,-0.11919,-0.11354,-0.11754,0.034669
h0.714_L1_im_tp5,13.875,0,-0.21853,-0.10626,-0.10271,-0.11227,-0.11581,0.034415
h0.714_L1_im_tp5,14.125,0,-0.19706,-0.086208,-0.083302,-0.11086,-0.11376,0.034514
h0.714_L1_im_tp5,14.375,0,-0.17879,-0.069423,-0.067026,-0.10937,-0.11177,0.034756
h0.714_L1_im_tp5,14.625,0,-0.16493,-0.056801,-0.054777,-0.10812,-0.11015,0.034547
h0.714_L1_im_tp5,14.875,0,-0.15071,-0.044376,-0.042756,-0.10633,-0.10795,0.031679
h0.714_L1_im_tp5_p3,0.125,-3.0904,0.017078,0.14888,0.17497,-0.1318,-0.15789,0
h0.714_L1_im_tp5_p3,0.375,-3.0904,0.0094,0.14166,0.16767,-0.13226,-0.15827,0.0077944
h0.714_L1_im_tp5_p3,0.625,-3.0904,0.0012066,0.13349,0.1595,-0.13228,-0.15829,0.014373
h0.714_L1_im_tp5_p3,0.875,-3.0904,-0.0064062,0.12559,0.15173,-0.13199,-0.15814,0.019089
h0.714_L1_im_tp5_p3,1.125,-3.0904,-0.030262,0.10176,0.1279,-0.13202,-0.15816,0.020501
h0.714_L1_im_tp5_p3,1.375,-3.0904,-0.058464,0.073432,0.099667,-0.1319,-0.15813,0.022921
h0.714_L1_im_tp5_p3,1.625,-3.0904,-0.085177,0.04651,0.072901,-0.13169,-0.15808,0.023363
h0.714_L1_im_tp5_p3,1.875,-3.0904,-0.083956,0.047466,0.074087,-0.13142,-0.15804,0.018553
h0.714_L1_im_tp5_p3,2.125,-3.0904,-0.07529,0.055997,0.082802,-0.13129,-0.15809,0.015102
h0.714_L1_im_tp5_p3,2.375,-3.0904,-0.05384,0.077336,0.10431,-0.13118,-0.15815,0.017366
h0.714_L1_im_tp5_p3,2.625,-3.0904,-0.012865,0.11804,0.14538,-0.13091,-0.15825,0.016012
h0.714_L1_im_tp5_p3,2.875,-3.0855,0.031021,0.16175,0.18933,-0.13072,-0.15831,0.013124
h0.714_L1_im_tp5_p3,3.125,-3.053,0.066314,0.19699,0.22467,-0.13068,-0.15836,0.013445
h0.714_L1_im_tp5_p3,3.375,-2.9867,0.091207,0.22178,0.24962,-0.13057,-0.15841,0.0083393
h0.714_L1_im_tp5_p3,3.625,-2.8852,0.088506,0.21935,0.247,-0.13084,-0.15849,0.0099704
h0.714_L1_im_tp5_p3,3.875,-2.754,0.054661,0.18521,0.21317,-0.13055,-0.15851,0.01596
h0.714_L1_im_tp5_p3,4.125,-2.5717,-0.018418,0.11242,0.1401,-0.13084,-0.15851,0.028308
h0.714_L1_im_tp5_p3,4.375,-2.3761,-0.10589,0.025139,0.052607,-0.13103,-0.1585,0.028724
h0.714_L1_im_tp5_p3,4.625,-2.1721,-0.19596,-0.064698,-0.037412,-0.13126,-0.15854,0.029002
h0.714_L1_im_tp5_p3,4.875,-1.9633,-0.28817,-0.15668,-0.12971,-0.13149,-0.15846,0.029954
h0.714_L1_im_tp5_p3,5.125,-1.77,-0.36988,-0.23827,-0.21154,-0.1316,-0.15833,0.026418
h0.714_L1_im_tp5_p3,5.375,-1.5688,-0.45268,-0.32171,-0.29491,-0.13097,-0.15777,0.030566
h0.714_L1_im_tp5_p3,5.625,-1.3712,-0.53475,-0.4036,-0.3772,-0.13115,-0.15755,0.031843
h0.714_L1_im_tp5_p3,5.875,-1.1786,-0.62326,-0.49211,-0.46601,-0.13115,-0.15724,0.032083
h0.714_L1_im_tp5_p3,6.125,-0.98149,-0.7236,-0.59268,-0.56683,-0.13091,-0.15677,0.034074
h0.714_L1_im_tp5_p3,6.375,-0.77318,-0.83411,-0.70261,-0.67749,-0.1315,-0.15662,0.03869
h0.714_L1_im_tp5_p3,6.625,-0.56284,-0.95331,-0.82263,-0.79755,-0.13068,-0.15576,0.040121
h0.714_L1_im_tp5_p3,6.875,-0.36567,-1.0695,-0.93837,-0.91406,-0.13117,-0.15548,0.037936
h0.714_L1_im_tp5_p3,7.125,-0.18347,-1.1763,-1.0455,-1.0215,-0.13084,-0.15479,0.027922
h0.714_L1_im_tp5_p3,7.375,-0.061832,-1.2274,-1.0965,-1.0731,-0.13083,-0.15423,0.011888
h0.714_L1_im_tp5_p3,7.625,-0.0073363,-1.2121,-1.0815,-1.0586,-0.13064,-0.15346,0.01512
h0.714_L1_im_tp5_p3,7.875,0,-1.1517,-1.0212,-0.99899,-0.13051,-0.15271,0.020284
h0.714_L1_im_tp5_p3,8.125,0,-1.0882,-0.95795,-0.93644,-0.1303,-0.15181,0.018843
h0.714_L1_im_tp5_p3,8.375,0,-1.0304,-0.90026,-0.87944,-0.13016,-0.15098,0.018859
h0.714_L1_im_tp5_p3,8.625,0,-0.97242,-0.84228,-0.82226,-0.13014,-0.15017,0.019055
h0.714_L1_im_tp5_p3,8.875,0,-0.91874,-0.78928,-0.7699,-0.12947,-0.14884,0.016392
h0.714_L1_im_tp5_p3,9.125,0,-0.87031,-0.74084,-0.72226,-0.12947,-0.14805,0.017457
h0.714_L1_im_tp5_p3,9.375,0,-0.82063,-0.69151,-0.67378,-0.12912,-0.14685,0.01749
h0.714_L1_im_tp5_p3,9.625,0,-0.77447,-0.64563,-0.62869,-0.12884,-0.14578,0.018088
h0.714_L1_im_tp5_p3,9.875,0,-0.72761,-0.59936,-0.58329,-0.12826,-0.14432,0.017877
h0.714_L1_im_tp5_p3,10.125,0,-0.68466,-0.55696,-0.54173,-0.12771,-0.14293,0.019177
h0.714_L1_im_tp5_p3,10.375,0,-0.64612,-0.51834,-0.50404,-0.12778,-0.14208,0.020744
h0.714_L1_im_tp5_p3,10.625,0,-0.60501,-0.47802,-0.46459,-0.12699,-0.14042,0.020543
h0.714_L1_im_tp5_p3,10.875,0,-0.56781,-0.44123,-0.42864,-0.12658,-0.13917,0.021352
h0.714_L1_im_tp5_p3,11.125,0,-0.52967,-0.40388,-0.39222,-0.12579,-0.13745,0.021249
h0.714_L1_im_tp5_p3,11.375,0,-0.49549,-0.37035,-0.35953,-0.12514,-0.13596,0.023076
h0.714_L1_im_tp5_p3,11.625,0,-0.46373,-0.33927,-0.32921,-0.12446,-0.13451,0.024333
h0.714_L1_im_tp5_p3,11.875,0,-0.43016,-0.30653,-0.2974,-0.12363,-0.13276,0.024711
h0.714_L1_im_tp5_p3,12.125,0,-0.40121,-0.27838,-0.26995,-0.12283,-0.13126,0.026747
h0.714_L1_im_tp5_p3,12.375,0,-0.36947,-0.24774,-0.24019,-0.12173,-0.12929,0.026811
h0.714_L1_im_tp5_p3,12.625,0,-0.34054,-0.21949,-0.21279,-0.12105,-0.12775,0.029155
h0.714_L1_im_tp5_p3,12.875,0,-0.31328,-0.19355,-0.18755,-0.11972,-0.12573,0.030848
h0.714_L1_im_tp5_p3,13.125,0,-0.28663,-0.16794,-0.16272,-0.11869,-0.12391,0.032033
h0.714_L1_im_tp5_p3,13.375,0,-0.26676,-0.14918,-0.14441,-0.11758,-0.12235,0.034472
h0.714_L1_im_tp5_p3,13.625,0,-0.2407,-0.1244,-0.12043,-0.1163,-0.12027,0.034896
h0.714_L1_im_tp5_p3,13.875,0,-0.22231,-0.10732,-0.10381,-0.11499,-0.1185,0.034621
h0.714_L1_im_tp5_p3,14.125,0,-0.20061,-0.087084,-0.084202,-0.11352,-0.11641,0.034699
h0.714_L1_im_tp5_p3,14.375,0,-0.18213,-0.070138,-0.06776,-0.11199,-0.11437,0.034927
h0.714_L1_im_tp5_p3,14.625,0,-0.16809,-0.057398,-0.055391,-0.11069,-0.1127,0.034719
h0.714_L1_im_tp5_p3,14.875,0,-0.15369,-0.044844,-0.043237,-0.10885,-0.11046,0.031785
h0.833_L1_im_tp5,0.125,-3.0904,0.020931,0.15113,0.17845,-0.13019,-0.15752,0
h0.833_L1_im_tp5,0.375,-3.0904,0.01018,0.14124,0.16842,-0.13106,-0.15824,0.0086339
h0.833_L1_im_tp5,0.625,-3.0904,-0.0014049,0.12967,0.15684,-0.13108,-0.15824,0.015283
h0.833_L1_im_tp5,0.875,-3.0904,-0.011801,0.11923,0.14644,-0.13103,-0.15824,0.019983
h0.833_L1_im_tp5,1.125,-3.0904,-0.028681,0.10208,0.12941,-0.13076,-0.15809,0.020638
h0.833_L1_im_tp5,1.375,-3.0904,-0.0548,0.07587,0.10326,-0.13067,-0.15806,0.019766
h0.833_L1_im_tp5,1.625,-3.0904,-0.075834,0.05477,0.082243,-0.1306,-0.15808,0.01852
h0.833_L1_im_tp5,1.875,-3.0904,-0.089259,0.041181,0.068795,-0.13044,-0.15805,0.019864
h0.833_L1_im_tp5,2.125,-3.0904,-0.074724,0.055515,0.083358,-0.13024,-0.15808,0.016067
h0.833_L1_im_tp5,2.375,-3.0904,-0.047434,0.082767,0.11071,-0.1302,-0.15814,0.014879
h0.833_L1_im_tp5,2.625,-3.0904,-0.013304,0.11672,0.14489,-0.13003,-0.15819,0.018298
h0.833_L1_im_tp5,2.875,-3.0855,0.031466,0.16137,0.18975,-0.12991,-0.15829,0.014981
h0.833_L1_im_tp5,3.125,-3.053,0.073948,0.20398,0.2323,-0.13003,-0.15835,0.014604
h0.833_L1_im_tp5,3.375,-2.9867,0.093537,0.22348,0.25194,-0.12994,-0.15841,0.0092027
h0.833_L1_im_tp5,3.625,-2.8852,0.088396,0.21859,0.24687,-0.13019,-0.15847,0.0097792
h0.833_L1_im_tp5,3.875,-2.754,0.058226,0.18831,0.21669,-0.13009,-0.15846,0.01694
h0.833_L1_im_tp5,4.125,-2.5717,-0.014902,0.11553,0.14358,-0.13043,-0.15848,0.029307
h0.833_L1_im_tp5,4.375,-2.3761,-0.10293,0.027867,0.055645,-0.1308,-0.15857,0.029466
h0.833_L1_im_tp5,4.625,-2.1721,-0.19517,-0.06426,-0.036654,-0.13091,-0.15852,0.030044
h0.833_L1_im_tp5,4.875,-1.9633,-0.28758,-0.15644,-0.12917,-0.13114,-0.15841,0.030766
h0.833_L1_im_tp5,5.125,-1.77,-0.36977,-0.23847,-0.21147,-0.13129,-0.1583,0.027221
h0.833_L1_im_tp5,5.375,-1.5688,-0.45331,-0.32266,-0.29559,-0.13065,-0.15772,0.031272
h0.833_L1_im_tp5,5.625,-1.3712,-0.53748,-0.40665,-0.37999,-0.13083,-0.15749,0.032017
h0.833_L1_im_tp5,5.875,-1.1786,-0.62135,-0.49059,-0.4642,-0.13076,-0.15715,0.033526
h0.833_L1_im_tp5,6.125,-0.98149,-0.72215,-0.59157,-0.56544,-0.13059,-0.15671,0.034874
h0.833_L1_im_tp5,6.375,-0.77318,-0.8336,-0.70249,-0.6771,-0.13111,-0.15649,0.037994
h0.833_L1_im_tp5,6.625,-0.56284,-0.95195,-0.82162,-0.79626,-0.13033,-0.15569,0.040764
h0.833_L1_im_tp5,6.875,-0.36567,-1.0676,-0.93686,-0.91227,-0.13079,-0.15538,0.038835
h0.833_L1_im_tp5,7.125,-0.18347,-1.1755,-1.045,-1.0208,-0.13047,-0.15469,0.027045
h0.833_L1_im_tp5,7.375,-0.061832,-1.226,-1.0955,-1.0719,-0.13043,-0.15411,0.01137
h0.833_L1_im_tp5,7.625,-0.0073363,-1.2095,-1.0792,-1.0561,-0.13026,-0.15338,0.014317
h0.833_L1_im_tp5,7.875,0,-1.1501,-1.0199,-0.99746,-0.13013,-0.1526,0.019146
h0.833_L1_im_tp5,8.125,0,-1.0861,-0.9562,-0.93442,-0.12987,-0.15166,0.01812
h0.833_L1_im_tp5,8.375,0,-1.0269,-0.89713,-0.876,-0.1298,-0.15092,0.018339
h0.833_L1_im_tp5,8.625,0,-0.97009,-0.8404,-0.82009,-0.12969,-0.15,0.018196
h0.833_L1_im_tp5,8.875,0,-0.91591,-0.78685,-0.7672,-0.12905,-0.14871,0.01519
h0.833_L1_im_tp5,9.125,0,-0.86713,-0.73811,-0.71925,-0.12903,-0.14789,0.016805
h0.833_L1_im_tp5,9.375,0,-0.81754,-0.68887,-0.67086,-0.12867,-0.14669,0.016334
h0.833_L1_im_tp5,9.625,0,-0.77149,-0.64311,-0.62589,-0.12839,-0.1456,0.016993
h0.833_L1_im_tp5,9.875,0,-0.72435,-0.59652,-0.5802,-0.12783,-0.14416,0.016687
h0.833_L1_im_tp5,10.125,0,-0.68136,-0.55405,-0.53858,-0.12731,-0.14278,0.018087
h0.833_L1_im_tp5,10.375,0,-0.64287,-0.51556,-0.501,-0.12731,-0.14186,0.01984
h0.833_L1_im_tp5,10.625,0,-0.60185,-0.47529,-0.46163,-0.12656,-0.14023,0.019448
h0.833_L1_im_tp5,10.875,0,-0.56435,-0.43821,-0.42539,-0.12615,-0.13896,0.02075
h0.833_L1_im_tp5,11.125,0,-0.52636,-0.40099,-0.38911,-0.12538,-0.13726,0.020487
h0.833_L1_im_tp5,11.375,0,-0.49244,-0.36772,-0.35668,-0.12472,-0.13575,0.022038
h0.833_L1_im_tp5,11.625,0,-0.46055,-0.33652,-0.32628,-0.12404,-0.13428,0.023754
h0.833_L1_im_tp5,11.875,0,-0.42693,-0.30369,-0.29438,-0.12323,-0.13254,0.024081
h0.833_L1_im_tp5,12.125,0,-0.39853,-0.27611,-0.26749,-0.12243,-0.13104,0.025914
h0.833_L1_im_tp5,12.375,0,-0.36661,-0.24525,-0.23754,-0.12136,-0.12906,0.026145
h0.833_L1_im_tp5,12.625,0,-0.33761,-0.21696,-0.21012,-0.12065,-0.12749,0.028847
h0.833_L1_im_tp5,12.875,0,-0.31094,-0.19156,-0.18541,-0.11938,-0.12553,0.029906
h0.833_L1_im_tp5,13.125,0,-0.28431,-0.16599,-0.16065,-0.11832,-0.12365,0.031398
h0.833_L1_im_tp5,13.375,0,-0.26407,-0.14685,-0.14199,-0.11723,-0.12208,0.034436
h0.833_L1_im_tp5,13.625,0,-0.23915,-0.12318,-0.1191,-0.11597,-0.12005,0.03361
h0.833_L1_im_tp5,13.875,0,-0.22076,-0.10612,-0.10251,-0.11463,-0.11824,0.033584
h0.833_L1_im_tp5,14.125,0,-0.19894,-0.085762,-0.082813,-0.11318,-0.11613,0.034035
h0.833_L1_im_tp5,14.375,0,-0.18116,-0.069471,-0.067015,-0.11169,-0.11414,0.033644
h0.833_L1_im_tp5,14.625,0,-0.16731,-0.056988,-0.054913,-0.11032,-0.1124,0.033294
h0.833_L1_im_tp5,14.875,0,-0.15302,-0.044478,-0.042818,-0.10854,-0.1102,0.030344
h0.833_L1_im_tp5_p3,0.125,-3.0904,0.0089143,0.14239,0.17107,-0.13348,-0.16215,0
h0.833_L1_im_tp5_p3,0.375,-3.0904,-0.00048435,0.13379,0.16231,-0.13427,-0.16279,0.0075339
h0.833_L1_im_tp5_p3,0.625,-3.0904,-0.010425,0.12387,0.15237,-0.1343,-0.1628,0.013357
h0.833_L1_im_tp5_p3,0.875,-3.0904,-0.01925,0.11501,0.14355,-0.13426,-0.1628,0.017497
h0.833_L1_im_tp5_p3,1.125,-3.0904,-0.034596,0.099422,0.12806,-0.13402,-0.16266,0.018073
h0.833_L1_im_tp5_p3,1.375,-3.0904,-0.058443,0.075511,0.1042,-0.13395,-0.16264,0.01767
h0.833_L1_im_tp5_p3,1.625,-3.0904,-0.078745,0.055167,0.083917,-0.13391,-0.16266,0.016939
h0.833_L1_im_tp5_p3,1.875,-3.0904,-0.091093,0.042675,0.071557,-0.13377,-0.16265,0.018926
h0.833_L1_im_tp5_p3,2.125,-3.0904,-0.076266,0.057326,0.08641,-0.13359,-0.16268,0.015101
h0.833_L1_im_tp5_p3,2.375,-3.0904,-0.049172,0.08443,0.11358,-0.1336,-0.16275,0.014551
h0.833_L1_im_tp5_p3,2.625,-3.0904,-0.015274,0.11821,0.14753,-0.13348,-0.16281,0.018729
h0.833_L1_im_tp5_p3,2.875,-3.0855,0.029712,0.16311,0.19261,-0.1334,-0.16289,0.014933
h0.833_L1_im_tp5_p3,3.125,-3.053,0.071921,0.20553,0.2349,-0.13361,-0.16298,0.014283
h0.833_L1_im_tp5_p3,3.375,-2.9867,0.090821,0.2244,0.25385,-0.13358,-0.16303,0.0089545
h0.833_L1_im_tp5_p3,3.625,-2.8852,0.085288,0.21919,0.2484,-0.1339,-0.16312,0.0096551
h0.833_L1_im_tp5_p3,3.875,-2.754,0.05468,0.18853,0.21782,-0.13385,-0.16314,0.016842
h0.833_L1_im_tp5_p3,4.125,-2.5717,-0.01808,0.11614,0.14509,-0.13422,-0.16316,0.028673
h0.833_L1_im_tp5_p3,4.375,-2.3761,-0.10578,0.028813,0.057473,-0.13459,-0.16325,0.028706
h0.833_L1_im_tp5_p3,4.625,-2.1721,-0.19716,-0.062418,-0.033952,-0.13474,-0.16321,0.029749
h0.833_L1_im_tp5_p3,4.875,-1.9633,-0.28886,-0.15386,-0.12574,-0.135,-0.16312,0.030477
h0.833_L1_im_tp5_p3,5.125,-1.77,-0.37099,-0.23583,-0.20801,-0.13516,-0.16298,0.026641
h0.833_L1_im_tp5_p3,5.375,-1.5688,-0.45641,-0.3218,-0.29392,-0.13462,-0.16249,0.029867
h0.833_L1_im_tp5_p3,5.625,-1.3712,-0.5442,-0.40937,-0.38192,-0.13483,-0.16227,0.030713
h0.833_L1_im_tp5_p3,5.875,-1.1786,-0.63116,-0.49637,-0.4692,-0.13479,-0.16196,0.032834
h0.833_L1_im_tp5_p3,6.125,-0.98149,-0.73334,-0.59871,-0.57182,-0.13463,-0.16152,0.034685
h0.833_L1_im_tp5_p3,6.375,-0.77318,-0.84542,-0.71026,-0.68411,-0.13516,-0.1613,0.037981
h0.833_L1_im_tp5_p3,6.625,-0.56284,-0.96418,-0.82976,-0.80364,-0.13442,-0.16054,0.040792
h0.833_L1_im_tp5_p3,6.875,-0.36567,-1.0801,-0.94523,-0.91991,-0.1349,-0.16022,0.038903
h0.833_L1_im_tp5_p3,7.125,-0.18347,-1.1881,-1.0535,-1.0285,-0.1346,-0.15955,0.027138
h0.833_L1_im_tp5_p3,7.375,-0.061832,-1.2387,-1.1041,-1.0797,-0.13458,-0.15898,0.011646
h0.833_L1_im_tp5_p3,7.625,-0.0073363,-1.2222,-1.0877,-1.0639,-0.13444,-0.15825,0.01459
h0.833_L1_im_tp5_p3,7.875,0,-1.1627,-1.0283,-1.0052,-0.13433,-0.15749,0.019322
h0.833_L1_im_tp5_p3,8.125,0,-1.0985,-0.96438,-0.94193,-0.13411,-0.15655,0.018403
h0.833_L1_im_tp5_p3,8.375,0,-1.0392,-0.90515,-0.88338,-0.13405,-0.15582,0.018706
h0.833_L1_im_tp5_p3,8.625,0,-0.98213,-0.84817,-0.82724,-0.13396,-0.15489,0.018524
h0.833_L1_im_tp5_p3,8.875,0,-0.92756,-0.7942,-0.77395,-0.13336,-0.15361,0.01558
h0.833_L1_im_tp5_p3,9.125,0,-0.87859,-0.74525,-0.72581,-0.13334,-0.15278,0.017298
h0.833_L1_im_tp5_p3,9.375,0,-0.82861,-0.69559,-0.67703,-0.13301,-0.15158,0.016832
h0.833_L1_im_tp5_p3,9.625,0,-0.78229,-0.64955,-0.6318,-0.13274,-0.15048,0.017504
h0.833_L1_im_tp5_p3,9.875,0,-0.73474,-0.60253,-0.5857,-0.13221,-0.14904,0.017208
h0.833_L1_im_tp5_p3,10.125,0,-0.69137,-0.55967,-0.54371,-0.13171,-0.14766,0.018656
h0.833_L1_im_tp5_p3,10.375,0,-0.65261,-0.52091,-0.50591,-0.1317,-0.1467,0.020418
h0.833_L1_im_tp5_p3,10.625,0,-0.6112,-0.48023,-0.46614,-0.13097,-0.14506,0.019989
h0.833_L1_im_tp5_p3,10.875,0,-0.57339,-0.44283,-0.42962,-0.13056,-0.14377,0.021296
h0.833_L1_im_tp5_p3,11.125,0,-0.53501,-0.40521,-0.39296,-0.1298,-0.14205,0.021013
h0.833_L1_im_tp5_p3,11.375,0,-0.50076,-0.37161,-0.36024,-0.12915,-0.14052,0.02257
h0.833_L1_im_tp5_p3,11.625,0,-0.46858,-0.34012,-0.32957,-0.12845,-0.13901,0.02428
h0.833_L1_im_tp5_p3,11.875,0,-0.43459,-0.30694,-0.29734,-0.12765,-0.13725,0.024568
h0.833_L1_im_tp5_p3,12.125,0,-0.40594,-0.27911,-0.27023,-0.12683,-0.13571,0.026409
h0.833_L1_im_tp5_p3,12.375,0,-0.37366,-0.2479,-0.23996,-0.12576,-0.1337,0.026595
h0.833_L1_im_tp5_p3,12.625,0,-0.34436,-0.21935,-0.21229,-0.12501,-0.13207,0.029294
h0.833_L1_im_tp5_p3,12.875,0,-0.31741,-0.19368,-0.18734,-0.12373,-0.13007,0.030331
h0.833_L1_im_tp5_p3,13.125,0,-0.29047,-0.16783,-0.16233,-0.12264,-0.12814,0.031806
h0.833_L1_im_tp5_p3,13.375,0,-0.27005,-0.14854,-0.14353,-0.12151,-0.12652,0.034861
h0.833_L1_im_tp5_p3,13.625,0,-0.24483,-0.12461,-0.1204,-0.12022,-0.12443,0.033968
h0.833_L1_im_tp5_p3,13.875,0,-0.22623,-0.1074,-0.10368,-0.11883,-0.12255,0.033902
h0.833_L1_im_tp5_p3,14.125,0,-0.20416,-0.086825,-0.083783,-0.11733,-0.12037,0.034314
h0.833_L1_im_tp5_p3,14.375,0,-0.18615,-0.070359,-0.067826,-0.11579,-0.11833,0.03389
h0.833_L1_im_tp5_p3,14.625,0,-0.1721,-0.057752,-0.055611,-0.11435,-0.11649,0.033534
h0.833_L1_im_tp5_p3,14.875,0,-0.15761,-0.045085,-0.043372,-0.11253,-0.11424,0.030506
h1_L1_im_tp5,0.125,-3.0904,0.014402,0.14921,0.17865,-0.13481,-0.16424,0
h1_L1_im_tp5,0.375,-3.0904,0.0021478,0.13818,0.16726,-0.13604,-0.16511,0.0087438
h1_L1_im_tp5,0.625,-3.0904,-0.010296,0.12571,0.15482,-0.13601,-0.16512,0.015244
h1_L1_im_tp5,0.875,-3.0904,-0.020773,0.11516,0.14435,-0.13594,-0.16512,0.020816
h1_L1_im_tp5,1.125,-3.0904,-0.032883,0.10298,0.13222,-0.13586,-0.16511,0.025557
h1_L1_im_tp5,1.375,-3.0904,-0.052356,0.083064,0.11254,-0.13542,-0.1649,0.024452
h1_L1_im_tp5,1.625,-3.0904,-0.063085,0.072133,0.10181,-0.13522,-0.16489,0.021586
h1_L1_im_tp5,1.875,-3.0904,-0.072047,0.063071,0.092885,-0.13512,-0.16493,0.017713
h1_L1_im_tp5,2.125,-3.0904,-0.074343,0.060647,0.090625,-0.13499,-0.16497,0.016544
h1_L1_im_tp5,2.375,-3.0904,-0.044699,0.090079,0.12033,-0.13478,-0.16503,0.018677
h1_L1_im_tp5,2.625,-3.0904,0.00053543,0.13503,0.16562,-0.1345,-0.16509,0.015753
h1_L1_im_tp5,2.875,-3.0855,0.044692,0.17906,0.20987,-0.13437,-0.16517,0.015223
h1_L1_im_tp5,3.125,-3.053,0.075665,0.21016,0.24091,-0.13449,-0.16525,0.015036
h1_L1_im_tp5,3.375,-2.9867,0.09753,0.23189,0.26283,-0.13436,-0.1653,0.0096991
h1_L1_im_tp5,3.625,-2.8852,0.096335,0.23103,0.26166,-0.1347,-0.16532,0.013268
h1_L1_im_tp5,3.875,-2.754,0.063977,0.19856,0.22933,-0.13458,-0.16535,0.022269
h1_L1_im_tp5,4.125,-2.5717,-0.014311,0.12056,0.15106,-0.13487,-0.16537,0.033655
h1_L1_im_tp5,4.375,-2.3761,-0.10347,0.031681,0.061948,-0.13515,-0.16542,0.033105
h1_L1_im_tp5,4.625,-2.1721,-0.19648,-0.061175,-0.031124,-0.13531,-0.16536,0.032232
h1_L1_im_tp5,4.875,-1.9633,-0.29235,-0.15677,-0.12709,-0.13558,-0.16526,0.033421
h1_L1_im_tp5,5.125,-1.77,-0.37632,-0.2405,-0.21112,-0.13582,-0.16519,0.029698
h1_L1_im_tp5,5.375,-1.5688,-0.46436,-0.32915,-0.29971,-0.13521,-0.16465,0.032296
h1_L1_im_tp5,5.625,-1.3712,-0.55197,-0.41656,-0.38758,-0.13542,-0.1644,0.031841
h1_L1_im_tp5,5.875,-1.1786,-0.64021,-0.50479,-0.47614,-0.13541,-0.16407,0.032109
h1_L1_im_tp5,6.125,-0.98149,-0.73896,-0.6037,-0.57531,-0.13526,-0.16365,0.036132
h1_L1_im_tp5,6.375,-0.77318,-0.85127,-0.71537,-0.68782,-0.1359,-0.16345,0.039039
h1_L1_im_tp5,6.625,-0.56284,-0.97178,-0.83669,-0.80918,-0.13508,-0.1626,0.040552
h1_L1_im_tp5,6.875,-0.36567,-1.0864,-0.95082,-0.92414,-0.13563,-0.1623,0.03892
h1_L1_im_tp5,7.125,-0.18347,-1.1927,-1.0573,-1.031,-0.13538,-0.16167,0.028771
h1_L1_im_tp5,7.375,-0.061832,-1.2446,-1.1092,-1.0835,-0.1354,-0.16107,0.013108
h1_L1_im_tp5,7.625,-0.0073363,-1.2287,-1.0935,-1.0684,-0.13525,-0.16029,0.015501
h1_L1_im_tp5,7.875,0,-1.1675,-1.0323,-1.0079,-0.13518,-0.15954,0.020421
h1_L1_im_tp5,8.125,0,-1.1023,-0.96729,-0.94366,-0.13504,-0.15868,0.019866
h1_L1_im_tp5,8.375,0,-1.0442,-0.90919,-0.88631,-0.13497,-0.15785,0.019603
h1_L1_im_tp5,8.625,0,-0.98633,-0.85136,-0.82937,-0.13497,-0.15696,0.0193
h1_L1_im_tp5,8.875,0,-0.93085,-0.79647,-0.77517,-0.13438,-0.15567,0.016844
h1_L1_im_tp5,9.125,0,-0.88125,-0.74677,-0.72633,-0.13448,-0.15492,0.018317
h1_L1_im_tp5,9.375,0,-0.8315,-0.69733,-0.67782,-0.13417,-0.15368,0.017669
h1_L1_im_tp5,9.625,0,-0.78479,-0.65084,-0.6322,-0.13396,-0.1526,0.018438
h1_L1_im_tp5,9.875,0,-0.73672,-0.60326,-0.58557,-0.13347,-0.15115,0.018206
h1_L1_im_tp5,10.125,0,-0.69297,-0.55996,-0.54318,-0.13302,-0.1498,0.019835
h1_L1_im_tp5,10.375,0,-0.65421,-0.52107,-0.50531,-0.13314,-0.1489,0.021414
h1_L1_im_tp5,10.625,0,-0.61264,-0.4802,-0.46539,-0.13244,-0.14725,0.020904
h1_L1_im_tp5,10.875,0,-0.57485,-0.44276,-0.42888,-0.13209,-0.14598,0.022036
h1_L1_im_tp5,11.125,0,-0.53585,-0.40443,-0.39155,-0.13142,-0.1443,0.022415
h1_L1_im_tp5,11.375,0,-0.50158,-0.37074,-0.35878,-0.13084,-0.1428,0.023666
h1_L1_im_tp5,11.625,0,-0.46971,-0.3395,-0.32839,-0.13021,-0.14132,0.025096
h1_L1_im_tp5,11.875,0,-0.43534,-0.30587,-0.29578,-0.12947,-0.13955,0.025844
h1_L1_im_tp5,12.125,0,-0.40631,-0.27753,-0.26819,-0.12878,-0.13812,0.027985
h1_L1_im_tp5,12.375,0,-0.37446,-0.24671,-0.23835,-0.12774,-0.13611,0.027822
h1_L1_im_tp5,12.625,0,-0.34538,-0.21827,-0.21085,-0.1271,-0.13453,0.030066
h1_L1_im_tp5,12.875,0,-0.318,-0.19212,-0.18546,-0.12588,-0.13254,0.0317
h1_L1_im_tp5,13.125,0,-0.29093,-0.16598,-0.16019,-0.12495,-0.13074,0.033519
h1_L1_im_tp5,13.375,0,-0.27175,-0.14787,-0.14257,-0.12387,-0.12918,0.035063
h1_L1_im_tp5,13.625,0,-0.24652,-0.1239,-0.11945,-0.12262,-0.12707,0.034455
h1_L1_im_tp5,13.875,0,-0.22764,-0.1063,-0.10239,-0.12133,-0.12525,0.034985
h1_L1_im_tp5,14.125,0,-0.20548,-0.085449,-0.082246,-0.12003,-0.12323,0.035526
h1_L1_im_tp5,14.375,0,-0.1885,-0.070016,-0.067325,-0.11849,-0.12118,0.034148
h1_L1_im_tp5,14.625,0,-0.17485,-0.057694,-0.055416,-0.11715,-0.11943,0.033736
h1_L1_im_tp5,14.875,0,-0.16043,-0.045068,-0.043243,-0.11537,-0.11719,0.030893
h1_L1_im_tp7,0.125,-3.0904,0.012497,0.14735,0.17719,-0.13485,-0.16469,0
h1_L1_im_tp7,0.375,-3.0904,0.0010245,0.13694,0.16657,-0.13591,-0.16554,0.0087179
h1_L1_im_tp7,0.625,-3.0904,-0.010759,0.12513,0.15479,-0.13589,-0.16555,0.015346
h1_L1_im_tp7,0.875,-3.0904,-0.020746,0.11507,0.14481,-0.13582,-0.16555,0.02093
h1_L1_im_tp7,1.125,-3.0904,-0.032479,0.10325,0.13305,-0.13573,-0.16553,0.025591
h1_L1_im_tp7,1.375,-3.0904,-0.051847,0.083447,0.11348,-0.13529,-0.16533,0.024523
h1_L1_im_tp7,1.625,-3.0904,-0.062754,0.072336,0.10257,-0.13509,-0.16533,0.021837
h1_L1_im_tp7,1.875,-3.0904,-0.071896,0.063087,0.093464,-0.13498,-0.16536,0.018399
h1_L1_im_tp7,2.125,-3.0904,-0.074434,0.060411,0.090959,-0.13484,-0.16539,0.017372
h1_L1_im_tp7,2.375,-3.0904,-0.044682,0.089913,0.12075,-0.1346,-0.16544,0.019284
h1_L1_im_tp7,2.625,-3.0904,0.00074435,0.13506,0.16626,-0.13432,-0.16551,0.016117
h1_L1_im_tp7,2.875,-3.0855,0.045131,0.1793,0.21072,-0.13417,-0.16559,0.015449
h1_L1_im_tp7,3.125,-3.053,0.076392,0.21068,0.24205,-0.13428,-0.16566,0.01508
h1_L1_im_tp7,3.375,-2.9867,0.098456,0.23259,0.26416,-0.13414,-0.16571,0.0095696
h1_L1_im_tp7,3.625,-2.8852,0.097457,0.23191,0.26318,-0.13446,-0.16572,0.01332
h1_L1_im_tp7,3.875,-2.754,0.065442,0.19976,0.23119,-0.13432,-0.16574,0.022313
h1_L1_im_tp7,4.125,-2.5717,-0.012438,0.12216,0.15333,-0.1346,-0.16577,0.033549
h1_L1_im_tp7,4.375,-2.3761,-0.10105,0.033821,0.064762,-0.13487,-0.16581,0.032994
h1_L1_im_tp7,4.625,-2.1721,-0.19343,-0.058419,-0.027686,-0.13501,-0.16574,0.032129
h1_L1_im_tp7,4.875,-1.9633,-0.28915,-0.15389,-0.12352,-0.13526,-0.16563,0.033815
h1_L1_im_tp7,5.125,-1.77,-0.37257,-0.2371,-0.20703,-0.13547,-0.16555,0.03037
h1_L1_im_tp7,5.375,-1.5688,-0.46068,-0.32584,-0.2957,-0.13485,-0.16499,0.03278
h1_L1_im_tp7,5.625,-1.3712,-0.5484,-0.41335,-0.38368,-0.13505,-0.16472,0.032051
h1_L1_im_tp7,5.875,-1.1786,-0.63689,-0.50184,-0.4725,-0.13505,-0.16439,0.032371
h1_L1_im_tp7,6.125,-0.98149,-0.73595,-0.60105,-0.57198,-0.1349,-0.16397,0.036528
h1_L1_im_tp7,6.375,-0.77318,-0.84851,-0.71297,-0.68475,-0.13554,-0.16375,0.039342
h1_L1_im_tp7,6.625,-0.56284,-0.96927,-0.83453,-0.80636,-0.13473,-0.1629,0.040805
h1_L1_im_tp7,6.875,-0.36567,-1.0841,-0.94883,-0.92152,-0.13527,-0.16258,0.039123
h1_L1_im_tp7,7.125,-0.18347,-1.1905,-1.0555,-1.0286,-0.13503,-0.16195,0.02898
h1_L1_im_tp7,7.375,-0.061832,-1.2426,-1.1076,-1.0813,-0.13505,-0.16134,0.013468
h1_L1_im_tp7,7.625,-0.0073363,-1.2269,-1.0919,-1.0663,-0.13491,-0.16055,0.015686
h1_L1_im_tp7,7.875,0,-1.1658,-1.0309,-1.006,-0.13485,-0.15979,0.020526
h1_L1_im_tp7,8.125,0,-1.1008,-0.96606,-0.94186,-0.13472,-0.15891,0.019938
h1_L1_im_tp7,8.375,0,-1.0427,-0.90802,-0.88461,-0.13465,-0.15807,0.019659
h1_L1_im_tp7,8.625,0,-0.98492,-0.85026,-0.82775,-0.13466,-0.15717,0.019345
h1_L1_im_tp7,8.875,0,-0.92954,-0.79545,-0.77366,-0.13409,-0.15588,0.016852
h1_L1_im_tp7,9.125,0,-0.87994,-0.74575,-0.72484,-0.1342,-0.15511,0.018247
h1_L1_im_tp7,9.375,0,-0.83027,-0.69635,-0.6764,-0.13391,-0.15387,0.017555
h1_L1_im_tp7,9.625,0,-0.78354,-0.64983,-0.63077,-0.13371,-0.15277,0.018283
h1_L1_im_tp7,9.875,0,-0.73552,-0.60228,-0.5842,-0.13324,-0.15132,0.017973
h1_L1_im_tp7,10.125,0,-0.69181,-0.55899,-0.54185,-0.13282,-0.14996,0.019496
h1_L1_im_tp7,10.375,0,-0.653,-0.52006,-0.50395,-0.13294,-0.14905,0.020993
h1_L1_im_tp7,10.625,0,-0.61147,-0.47921,-0.46408,-0.13227,-0.14739,0.020426
h1_L1_im_tp7,10.875,0,-0.57365,-0.44172,-0.42754,-0.13193,-0.14611,0.021472
h1_L1_im_tp7,11.125,0,-0.5347,-0.40341,-0.39027,-0.13129,-0.14443,0.021771
h1_L1_im_tp7,11.375,0,-0.50043,-0.36971,-0.3575,-0.13073,-0.14293,0.022934
h1_L1_im_tp7,11.625,0,-0.46853,-0.33841,-0.32708,-0.13012,-0.14145,0.024312
h1_L1_im_tp7,11.875,0,-0.4342,-0.30481,-0.29453,-0.12939,-0.13968,0.02502
h1_L1_im_tp7,12.125,0,-0.4051,-0.27638,-0.26687,-0.12872,-0.13824,0.027094
h1_L1_im_tp7,12.375,0,-0.37332,-0.24561,-0.23708,-0.12771,-0.13624,0.026929
h1_L1_im_tp7,12.625,0,-0.34422,-0.21714,-0.20957,-0.12708,-0.13465,0.029142
h1_L1_im_tp7,12.875,0,-0.31685,-0.19097,-0.18418,-0.12588,-0.13267,0.030788
h1_L1_im_tp7,13.125,0,-0.28985,-0.16487,-0.15898,-0.12498,-0.13087,0.032594
h1_L1_im_tp7,13.375,0,-0.27063,-0.14672,-0.14132,-0.12391,-0.12931,0.034067
h1_L1_im_tp7,13.625,0,-0.24557,-0.12289,-0.11835,-0.12268,-0.12722,0.033418
h1_L1_im_tp7,13.875,0,-0.22671,-0.1053,-0.10131,-0.12141,-0.1254,0.033912
h1_L1_im_tp7,14.125,0,-0.20472,-0.084584,-0.081322,-0.12013,-0.1234,0.03441
h1_L1_im_tp7,14.375,0,-0.18785,-0.069238,-0.066499,-0.11861,-0.12135,0.033041
h1_L1_im_tp7,14.625,0,-0.17424,-0.056948,-0.054628,-0.11729,-0.11961,0.032612
h1_L1_im_tp7,14.875,0,-0.15994,-0.044403,-0.042545,-0.11554,-0.1174,0.029817
h1_L2_im_tp3,0.125,-3.0904,0.022641,0.15986,0.18558,-0.13722,-0.16294,0
h1_L2_im_tp3,0.375,-3.0904,0.0086418,0.14698,0.17253,-0.13834,-0.16389,0.0094695
h1_L2_im_tp3,0.625,-3.0904,-0.0061612,0.13222,0.15774,-0.13838,-0.1639,0.016718
h1_L2_im_tp3,0.875,-3.0904,-0.018599,0.11972,0.1453,-0.13832,-0.1639,0.023041
h1_L2_im_tp3,1.125,-3.0904,-0.032553,0.1057,0.13133,-0.13826,-0.16388,0.028488
h1_L2_im_tp3,1.375,-3.0904,-0.054076,0.083807,0.10961,-0.13788,-0.16368,0.028391
h1_L2_im_tp3,1.625,-3.0904,-0.065639,0.072102,0.098037,-0.13774,-0.16368,0.026157
h1_L2_im_tp3,1.875,-3.0904,-0.075293,0.062399,0.088416,-0.13769,-0.16371,0.022386
h1_L2_im_tp3,2.125,-3.0904,-0.077846,0.059777,0.085902,-0.13762,-0.16375,0.02067
h1_L2_im_tp3,2.375,-3.0904,-0.04863,0.088839,0.11516,-0.13747,-0.16379,0.021757
h1_L2_im_tp3,2.625,-3.0904,-0.0030853,0.13422,0.16079,-0.13731,-0.16387,0.018115
h1_L2_im_tp3,2.875,-3.0855,0.041645,0.1789,0.20559,-0.13726,-0.16395,0.016673
h1_L2_im_tp3,3.125,-3.053,0.073087,0.21056,0.23712,-0.13747,-0.16403,0.015765
h1_L2_im_tp3,3.375,-2.9867,0.093974,0.23147,0.25809,-0.1375,-0.16411,0.01039
h1_L2_im_tp3,3.625,-2.8852,0.092424,0.23032,0.25659,-0.1379,-0.16416,0.011659
h1_L2_im_tp3,3.875,-2.754,0.058577,0.1965,0.22279,-0.13793,-0.16421,0.019841
h1_L2_im_tp3,4.125,-2.5717,-0.020284,0.11799,0.14397,-0.13827,-0.16425,0.031623
h1_L2_im_tp3,4.375,-2.3761,-0.10995,0.028619,0.054376,-0.13857,-0.16432,0.031237
h1_L2_im_tp3,4.625,-2.1721,-0.2035,-0.064758,-0.039202,-0.13874,-0.1643,0.030559
h1_L2_im_tp3,4.875,-1.9633,-0.29896,-0.15996,-0.13472,-0.13899,-0.16424,0.031557
h1_L2_im_tp3,5.125,-1.77,-0.38354,-0.2443,-0.21934,-0.13923,-0.16419,0.028041
h1_L2_im_tp3,5.375,-1.5688,-0.46993,-0.33124,-0.30622,-0.13869,-0.16372,0.030669
h1_L2_im_tp3,5.625,-1.3712,-0.55669,-0.41783,-0.39319,-0.13886,-0.1635,0.029959
h1_L2_im_tp3,5.875,-1.1786,-0.6441,-0.50525,-0.48087,-0.13885,-0.16322,0.029995
h1_L2_im_tp3,6.125,-0.98149,-0.74179,-0.6031,-0.57893,-0.13869,-0.16285,0.033802
h1_L2_im_tp3,6.375,-0.77318,-0.85333,-0.71413,-0.69065,-0.1392,-0.16268,0.037586
h1_L2_im_tp3,6.625,-0.56284,-0.97287,-0.83441,-0.81095,-0.13846,-0.16192,0.039109
h1_L2_im_tp3,6.875,-0.36567,-1.0868,-0.94792,-0.92516,-0.13889,-0.16165,0.037638
h1_L2_im_tp3,7.125,-0.18347,-1.1924,-1.0537,-1.0313,-0.13863,-0.16108,0.027496
h1_L2_im_tp3,7.375,-0.061832,-1.2431,-1.1046,-1.0826,-0.13859,-0.16053,0.011614
h1_L2_im_tp3,7.625,-0.0073363,-1.2265,-1.0881,-1.0667,-0.13841,-0.15982,0.015133
h1_L2_im_tp3,7.875,0,-1.1643,-1.026,-1.0052,-0.13829,-0.15912,0.020315
h1_L2_im_tp3,8.125,0,-1.0984,-0.96029,-0.94006,-0.1381,-0.15833,0.019878
h1_L2_im_tp3,8.375,0,-1.0396,-0.90169,-0.8821,-0.13796,-0.15755,0.019685
h1_L2_im_tp3,8.625,0,-0.98123,-0.84335,-0.82452,-0.13788,-0.15671,0.019411
h1_L2_im_tp3,8.875,0,-0.92506,-0.78776,-0.76953,-0.13729,-0.15553,0.017152
h1_L2_im_tp3,9.125,0,-0.87512,-0.73784,-0.72032,-0.13728,-0.1548,0.018801
h1_L2_im_tp3,9.375,0,-0.82469,-0.68777,-0.67105,-0.13692,-0.15364,0.018234
h1_L2_im_tp3,9.625,0,-0.77766,-0.64103,-0.62506,-0.13662,-0.1526,0.019084
h1_L2_im_tp3,9.875,0,-0.72892,-0.59283,-0.57768,-0.13609,-0.15124,0.018944
h1_L2_im_tp3,10.125,0,-0.68464,-0.54905,-0.53467,-0.13559,-0.14996,0.020788
h1_L2_im_tp3,10.375,0,-0.64559,-0.51005,-0.49654,-0.13554,-0.14905,0.022611
h1_L2_im_tp3,10.625,0,-0.60347,-0.46866,-0.45598,-0.13481,-0.14749,0.022029
h1_L2_im_tp3,10.875,0,-0.56542,-0.43107,-0.41917,-0.13435,-0.14625,0.023356
h1_L2_im_tp3,11.125,0,-0.52589,-0.39227,-0.38124,-0.13362,-0.14465,0.023744
h1_L2_im_tp3,11.375,0,-0.49128,-0.35833,-0.34809,-0.13296,-0.1432,0.025166
h1_L2_im_tp3,11.625,0,-0.4592,-0.32696,-0.31745,-0.13224,-0.14175,0.026681
h1_L2_im_tp3,11.875,0,-0.42435,-0.29293,-0.28431,-0.13142,-0.14005,0.027455
h1_L2_im_tp3,12.125,0,-0.39529,-0.26465,-0.25667,-0.13064,-0.13863,0.029814
h1_L2_im_tp3,12.375,0,-0.36302,-0.23348,-0.22633,-0.12955,-0.13669,0.029688
h1_L2_im_tp3,12.625,0,-0.33367,-0.20491,-0.19857,-0.12875,-0.1351,0.032079
h1_L2_im_tp3,12.875,0,-0.30615,-0.17866,-0.17297,-0.12749,-0.13318,0.033944
h1_L2_im_tp3,13.125,0,-0.27914,-0.15264,-0.1477,-0.12651,-0.13145,0.035462
h1_L2_im_tp3,13.375,0,-0.26136,-0.13601,-0.13148,-0.12536,-0.12989,0.035871
h1_L2_im_tp3,13.625,0,-0.23749,-0.11347,-0.10966,-0.12403,-0.12783,0.033664
h1_L2_im_tp3,13.875,0,-0.22015,-0.097477,-0.094124,-0.12267,-0.12602,0.032797
h1_L2_im_tp3,14.125,0,-0.19988,-0.07863,-0.075887,-0.12125,-0.12399,0.031937
h1_L2_im_tp3,14.375,0,-0.18404,-0.064402,-0.062099,-0.11963,-0.12194,0.030307
h1_L2_im_tp3,14.625,0,-0.17114,-0.052953,-0.051004,-0.11818,-0.12013,0.029814
h1_L2_im_tp3,14.875,0,-0.15737,-0.040996,-0.039436,-0.11637,-0.11793,0.027072
h1_L2_std,0.125,-3.0904,0.066524,0.19845,0.22187,-0.13193,-0.15534,0
h1_L2_std,0.375,-3.0904,0.044826,0.17863,0.20142,-0.1338,-0.15659,0.012252
h1_L2_std,0.625,-3.0904,0.023176,0.1569,0.17978,-0.13372,-0.1566,0.020938
h1_L2_std,0.875,-3.0904,0.0053844,0.13901,0.16198,-0.13363,-0.15659,0.028361
h1_L2_std,1.125,-3.0904,-0.013448,0.12013,0.14314,-0.13358,-0.15659,0.034707
h1_L2_std,1.375,-3.0904,-0.039333,0.093849,0.11699,-0.13318,-0.15632,0.035459
h1_L2_std,1.625,-3.0904,-0.05166,0.081419,0.10462,-0.13308,-0.15628,0.033059
h1_L2_std,1.875,-3.0904,-0.062942,0.070128,0.093357,-0.13307,-0.1563,0.027287
h1_L2_std,2.125,-3.0904,-0.065901,0.067123,0.090423,-0.13302,-0.15632,0.023777
h1_L2_std,2.375,-3.0904,-0.0386,0.09431,0.11774,-0.13291,-0.15634,0.023912
h1_L2_std,2.625,-3.0904,0.0063477,0.13913,0.16275,-0.13278,-0.1564,0.020434
h1_L2_std,2.875,-3.0855,0.050584,0.18337,0.20706,-0.13279,-0.15648,0.018978
h1_L2_std,3.125,-3.053,0.081111,0.21414,0.23765,-0.13303,-0.15654,0.017367
h1_L2_std,3.375,-2.9867,0.099679,0.2328,0.25627,-0.13312,-0.15659,0.012039
h1_L2_std,3.625,-2.8852,0.09564,0.22918,0.25225,-0.13354,-0.15661,0.012202
h1_L2_std,3.875,-2.754,0.059201,0.19285,0.21583,-0.13365,-0.15663,0.01987
h1_L2_std,4.125,-2.5717,-0.022319,0.11172,0.13434,-0.13403,-0.15665,0.03166
h1_L2_std,4.375,-2.3761,-0.11502,0.019325,0.041686,-0.13435,-0.15671,0.03137
h1_L2_std,4.625,-2.1721,-0.21215,-0.077629,-0.055496,-0.13452,-0.15666,0.031094
h1_L2_std,4.875,-1.9633,-0.31107,-0.17629,-0.15448,-0.13478,-0.15659,0.032915
h1_L2_std,5.125,-1.77,-0.39737,-0.26235,-0.24084,-0.13501,-0.15652,0.029019
h1_L2_std,5.375,-1.5688,-0.4818,-0.34732,-0.32579,-0.13449,-0.15601,0.031548
h1_L2_std,5.625,-1.3712,-0.56594,-0.43136,-0.41021,-0.13458,-0.15573,0.03196
h1_L2_std,5.875,-1.1786,-0.65062,-0.51608,-0.49519,-0.13454,-0.15543,0.032008
h1_L2_std,6.125,-0.98149,-0.747,-0.61262,-0.59196,-0.13438,-0.15505,0.035571
h1_L2_std,6.375,-0.77318,-0.85873,-0.72395,-0.70391,-0.13478,-0.15482,0.038594
h1_L2_std,6.625,-0.56284,-0.97864,-0.84457,-0.82457,-0.13407,-0.15407,0.039799
h1_L2_std,6.875,-0.36567,-1.0928,-0.95839,-0.93902,-0.13437,-0.15373,0.038113
h1_L2_std,7.125,-0.18347,-1.198,-1.0639,-1.0449,-0.13406,-0.15313,0.02794
h1_L2_std,7.375,-0.061832,-1.2483,-1.1143,-1.0957,-0.13396,-0.15257,0.012734
h1_L2_std,7.625,-0.0073363,-1.2313,-1.0976,-1.0795,-0.13368,-0.15181,0.015756
h1_L2_std,7.875,0,-1.1689,-1.0355,-1.0178,-0.13348,-0.15109,0.020586
h1_L2_std,8.125,0,-1.103,-0.96985,-0.95278,-0.13317,-0.15024,0.019966
h1_L2_std,8.375,0,-1.0446,-0.91161,-0.8951,-0.13294,-0.14945,0.019718
h1_L2_std,8.625,0,-0.98643,-0.85371,-0.83786,-0.13273,-0.14858,0.01938
h1_L2_std,8.875,0,-0.9306,-0.79859,-0.78327,-0.13201,-0.14733,0.017014
h1_L2_std,9.125,0,-0.88071,-0.74879,-0.7341,-0.13191,-0.14661,0.018615
h1_L2_std,9.375,0,-0.83034,-0.69899,-0.68499,-0.13135,-0.14536,0.018056
h1_L2_std,9.625,0,-0.78336,-0.65238,-0.63901,-0.13098,-0.14434,0.018949
h1_L2_std,9.875,0,-0.73467,-0.60443,-0.59176,-0.13024,-0.1429,0.018835
h1_L2_std,10.125,0,-0.69036,-0.5608,-0.5488,-0.12956,-0.14156,0.020792
h1_L2_std,10.375,0,-0.65127,-0.52186,-0.5106,-0.12941,-0.14067,0.022855
h1_L2_std,10.625,0,-0.60909,-0.48063,-0.47006,-0.12845,-0.13902,0.022424
h1_L2_std,10.875,0,-0.57099,-0.44308,-0.43318,-0.12791,-0.13781,0.023964
h1_L2_std,11.125,0,-0.53126,-0.40432,-0.39515,-0.12694,-0.1361,0.024587
h1_L2_std,11.375,0,-0.49645,-0.37035,-0.36184,-0.1261,-0.13461,0.026311
h1_L2_std,11.625,0,-0.46426,-0.33896,-0.33106,-0.1253,-0.1332,0.028062
h1_L2_std,11.875,0,-0.42904,-0.30485,-0.29769,-0.12419,-0.13135,0.029018
h1_L2_std,12.125,0,-0.39985,-0.27643,-0.2698,-0.12342,-0.13004,0.031754
h1_L2_std,12.375,0,-0.36697,-0.24495,-0.23902,-0.12202,-0.12795,0.031885
h1_L2_std,12.625,0,-0.33704,-0.21601,-0.21075,-0.12103,-0.12629,0.034632
h1_L2_std,12.875,0,-0.30901,-0.18935,-0.18464,-0.11966,-0.12437,0.036863
h1_L2_std,13.125,0,-0.28103,-0.16266,-0.15857,-0.11837,-0.12246,0.038776
h1_L2_std,13.375,0,-0.26267,-0.1453,-0.14155,-0.11737,-0.12112,0.04005
h1_L2_std,13.625,0,-0.23714,-0.1215,-0.11835,-0.11564,-0.11879,0.038499
h1_L2_std,13.875,0,-0.21893,-0.10458,-0.1018,-0.11435,-0.11713,0.03827
h1_L2_std,14.125,0,-0.19694,-0.084291,-0.082012,-0.11265,-0.11493,0.038124
h1_L2_std,14.375,0,-0.18003,-0.069142,-0.067227,-0.11089,-0.1128,0.036548
h1_L2_std,14.625,0,-0.16648,-0.057083,-0.055463,-0.10939,-0.11101,0.036178
h1_L2_std,14.875,0,-0.15187,-0.044433,-0.043135,-0.10743,-0.10873,0.032957
h1_L2_std_x05,0.125,-3.0904,0.086069,0.19767,0.2187,-0.1116,-0.13263,0
h1_L2_std_x05,0.375,-3.0904,0.060999,0.17406,0.19472,-0.11306,-0.13372,0.011616
h1_L2_std_x05,0.625,-3.0904,0.035766,0.14874,0.16949,-0.11298,-0.13372,0.019485
h1_L2_std_x05,0.875,-3.0904,0.015438,0.12832,0.14915,-0.11288,-0.13371,0.025833
h1_L2_std_x05,1.125,-3.0904,-0.0042495,0.10856,0.12945,-0.1128,-0.1337,0.031368
h1_L2_std_x05,1.375,-3.0904,-0.028545,0.083924,0.10494,-0.11247,-0.13349,0.032862
h1_L2_std_x05,1.625,-3.0904,-0.040182,0.072142,0.093258,-0.11232,-0.13344,0.030893
h1_L2_std_x05,1.875,-3.0904,-0.050465,0.061775,0.082975,-0.11224,-0.13344,0.02666
h1_L2_std_x05,2.125,-3.0904,-0.05302,0.059092,0.08043,-0.11211,-0.13345,0.023899
h1_L2_std_x05,2.375,-3.0904,-0.025469,0.086418,0.10797,-0.11189,-0.13344,0.024629
h1_L2_std_x05,2.625,-3.0904,0.020336,0.13201,0.15381,-0.11167,-0.13348,0.020812
h1_L2_std_x05,2.875,-3.0855,0.065505,0.17708,0.19903,-0.11158,-0.13352,0.018967
h1_L2_std_x05,3.125,-3.053,0.096951,0.20863,0.2305,-0.11168,-0.13355,0.017569
h1_L2_std_x05,3.375,-2.9867,0.11592,0.22754,0.24948,-0.11161,-0.13356,0.012421
h1_L2_std_x05,3.625,-2.8852,0.11208,0.22395,0.24562,-0.11187,-0.13354,0.01256
h1_L2_std_x05,3.875,-2.754,0.07572,0.18755,0.20924,-0.11183,-0.13352,0.019974
h1_L2_std_x05,4.125,-2.5717,-0.0059799,0.10607,0.12753,-0.11205,-0.13351,0.031809
h1_L2_std_x05,4.375,-2.3761,-0.099034,0.013187,0.034483,-0.11222,-0.13352,0.031753
h1_L2_std_x05,4.625,-2.1721,-0.19658,-0.08431,-0.063148,-0.11227,-0.13344,0.031623
h1_L2_std_x05,4.875,-1.9633,-0.29603,-0.18361,-0.16269,-0.11242,-0.13334,0.033855
h1_L2_std_x05,5.125,-1.77,-0.38184,-0.26938,-0.24862,-0.11246,-0.13322,0.02961
h1_L2_std_x05,5.375,-1.5688,-0.46565,-0.35366,-0.33292,-0.11199,-0.13273,0.031695
h1_L2_std_x05,5.625,-1.3712,-0.54905,-0.43708,-0.41663,-0.11197,-0.13242,0.032135
h1_L2_std_x05,5.875,-1.1786,-0.63338,-0.52148,-0.50127,-0.11189,-0.13211,0.032297
h1_L2_std_x05,6.125,-0.98149,-0.72988,-0.61813,-0.59814,-0.11175,-0.13174,0.035985
h1_L2_std_x05,6.375,-0.77318,-0.84159,-0.7296,-0.71011,-0.11198,-0.13148,0.038905
h1_L2_std_x05,6.625,-0.56284,-0.96143,-0.85002,-0.83066,-0.11141,-0.13077,0.040054
h1_L2_std_x05,6.875,-0.36567,-1.0751,-0.96353,-0.94467,-0.11156,-0.13042,0.038367
h1_L2_std_x05,7.125,-0.18347,-1.1801,-1.0688,-1.0502,-0.11129,-0.12985,0.028143
h1_L2_std_x05,7.375,-0.061832,-1.23,-1.1188,-1.1007,-0.11119,-0.12931,0.013164
h1_L2_std_x05,7.625,-0.0073363,-1.2126,-1.1017,-1.084,-0.11089,-0.12859,0.016104
h1_L2_std_x05,7.875,0,-1.15,-1.0393,-1.0221,-0.1107,-0.12792,0.020815
h1_L2_std_x05,8.125,0,-1.0839,-0.9735,-0.95676,-0.11039,-0.12713,0.020225
h1_L2_std_x05,8.375,0,-1.0254,-0.91521,-0.89898,-0.11018,-0.1264,0.019904
h1_L2_std_x05,8.625,0,-0.96722,-0.85727,-0.84163,-0.10995,-0.12559,0.019507
h1_L2_std_x05,8.875,0,-0.91143,-0.80211,-0.78697,-0.10932,-0.12446,0.017171
h1_L2_std_x05,9.125,0,-0.86157,-0.75235,-0.73776,-0.10922,-0.12381,0.018676
h1_L2_std_x05,9.375,0,-0.81127,-0.70257,-0.6886,-0.10871,-0.12267,0.018069
h1_L2_std_x05,9.625,0,-0.76442,-0.65604,-0.64265,-0.10838,-0.12177,0.018911
h1_L2_std_x05,9.875,0,-0.71587,-0.60812,-0.59539,-0.10775,-0.12048,0.018716
h1_L2_std_x05,10.125,0,-0.67172,-0.56456,-0.55245,-0.10717,-0.11928,0.020629
h1_L2_std_x05,10.375,0,-0.63277,-0.52573,-0.51428,-0.10704,-0.11849,0.022739
h1_L2_std_x05,10.625,0,-0.5908,-0.48455,-0.47376,-0.10624,-0.11703,0.022266
h1_L2_std_x05,10.875,0,-0.5529,-0.44709,-0.43692,-0.10581,-0.11598,0.023838
h1_L2_std_x05,11.125,0,-0.51336,-0.40835,-0.39889,-0.10502,-0.11448,0.02446
h1_L2_std_x05,11.375,0,-0.47875,-0.37439,-0.36557,-0.10435,-0.11318,0.026199
h1_L2_std_x05,11.625,0,-0.44674,-0.34301,-0.33477,-0.10372,-0.11196,0.027966
h1_L2_std_x05,11.875,0,-0.4117,-0.30885,-0.30134,-0.10285,-0.11035,0.028935
h1_L2_std_x05,12.125,0,-0.38269,-0.28043,-0.27344,-0.10225,-0.10925,0.031715
h1_L2_std_x05,12.375,0,-0.34996,-0.24881,-0.24252,-0.10115,-0.10745,0.031894
h1_L2_std_x05,12.625,0,-0.32014,-0.21973,-0.21411,-0.10041,-0.10603,0.034662
h1_L2_std_x05,12.875,0,-0.29226,-0.19292,-0.18786,-0.099338,-0.1044,0.036972
h1_L2_std_x05,13.125,0,-0.26437,-0.16602,-0.1616,-0.098346,-0.10277,0.03892
h1_L2_std_x05,13.375,0,-0.24617,-0.14858,-0.14448,-0.097584,-0.10169,0.040233
h1_L2_std_x05,13.625,0,-0.22072,-0.12448,-0.12102,-0.096243,-0.099702,0.038689
h1_L2_std_x05,13.875,0,-0.20265,-0.1074,-0.10432,-0.09525,-0.098331,0.038473
h1_L2_std_x05,14.125,0,-0.18075,-0.086813,-0.084268,-0.093934,-0.096479,0.038351
h1_L2_std_x05,14.375,0,-0.16395,-0.071386,-0.069226,-0.092564,-0.094724,0.036792
h1_L2_std_x05,14.625,0,-0.15049,-0.059086,-0.05723,-0.091408,-0.093263,0.036426
h1_L2_std_x05,14.875,0,-0.136,-0.046121,-0.044626,-0.089877,-0.091372,0.03318
h2_L1_im_tp5,0.125,-3.0904,-0.066205,0.06077,0.12008,-0.12698,-0.18628,0
h2_L1_im_tp5,0.375,-3.0904,-0.063457,0.063732,0.12291,-0.12719,-0.18636,0.0061616
h2_L1_im_tp5,0.625,-3.0904,-0.060725,0.067023,0.12571,-0.12775,-0.18644,0.010292
h2_L1_im_tp5,0.875,-3.0904,-0.0599,0.068244,0.12659,-0.12814,-0.18649,0.012166
h2_L1_im_tp5,1.125,-3.0904,-0.058496,0.070045,0.12803,-0.12854,-0.18653,0.015312
h2_L1_im_tp5,1.375,-3.0904,-0.054311,0.074829,0.13228,-0.12914,-0.18659,0.020763
h2_L1_im_tp5,1.625,-3.0904,-0.052394,0.077157,0.13424,-0.12955,-0.18664,0.02094
h2_L1_im_tp5,1.875,-3.0904,-0.043085,0.087162,0.14361,-0.13025,-0.18669,0.024427
h2_L1_im_tp5,2.125,-3.0904,-0.027552,0.10355,0.1592,-0.1311,-0.18676,0.02081
h2_L1_im_tp5,2.375,-3.0904,0.013707,0.1459,0.20053,-0.1322,-0.18682,0.018
h2_L1_im_tp5,2.625,-3.0904,0.072408,0.20558,0.25929,-0.13317,-0.18688,0.027754
h2_L1_im_tp5,2.875,-3.0855,0.12911,0.2634,0.31605,-0.13429,-0.18694,0.037106
h2_L1_im_tp5,3.125,-3.053,0.16125,0.2968,0.3482,-0.13555,-0.18695,0.042072
h2_L1_im_tp5,3.375,-2.9867,0.17676,0.31345,0.3638,-0.13669,-0.18704,0.031442
h2_L1_im_tp5,3.625,-2.8852,0.14984,0.28768,0.33697,-0.13785,-0.18713,0.032894
h2_L1_im_tp5,3.875,-2.754,0.097092,0.23586,0.28428,-0.13877,-0.18719,0.032
h2_L1_im_tp5,4.125,-2.5717,-0.0086589,0.13112,0.17858,-0.13977,-0.18724,0.041618
h2_L1_im_tp5,4.375,-2.3761,-0.11423,0.026328,0.072968,-0.14056,-0.1872,0.04275
h2_L1_im_tp5,4.625,-2.1721,-0.22516,-0.083976,-0.038053,-0.14118,-0.18711,0.042548
h2_L1_im_tp5,4.875,-1.9633,-0.33766,-0.19589,-0.15067,-0.14177,-0.18699,0.044721
h2_L1_im_tp5,5.125,-1.77,-0.43843,-0.29589,-0.25154,-0.14254,-0.1869,0.042218
h2_L1_im_tp5,5.375,-1.5688,-0.5474,-0.40494,-0.36083,-0.14246,-0.18658,0.048567
h2_L1_im_tp5,5.625,-1.3712,-0.64753,-0.50433,-0.46106,-0.14319,-0.18647,0.047959
h2_L1_im_tp5,5.875,-1.1786,-0.75017,-0.60659,-0.56392,-0.14358,-0.18625,0.048181
h2_L1_im_tp5,6.125,-0.98149,-0.86352,-0.71979,-0.67757,-0.14373,-0.18595,0.051227
h2_L1_im_tp5,6.375,-0.77318,-0.98541,-0.84083,-0.7997,-0.14458,-0.18571,0.048979
h2_L1_im_tp5,6.625,-0.56284,-1.1161,-0.9721,-0.93116,-0.14405,-0.18499,0.048385
h2_L1_im_tp5,6.875,-0.36567,-1.2361,-1.0913,-1.0515,-0.14479,-0.18463,0.044167
h2_L1_im_tp5,7.125,-0.18347,-1.3466,-1.2019,-1.1626,-0.14474,-0.18406,0.033893
h2_L1_im_tp5,7.375,-0.061832,-1.4001,-1.2552,-1.2166,-0.1449,-0.18351,0.023332
h2_L1_im_tp5,7.625,-0.0073363,-1.3846,-1.2396,-1.2017,-0.14501,-0.18287,0.023757
h2_L1_im_tp5,7.875,0,-1.3223,-1.1772,-1.1401,-0.14514,-0.18222,0.028392
h2_L1_im_tp5,8.125,0,-1.2533,-1.1081,-1.0718,-0.14526,-0.18152,0.028708
h2_L1_im_tp5,8.375,0,-1.1952,-1.0499,-1.0145,-0.14535,-0.18072,0.027725
h2_L1_im_tp5,8.625,0,-1.1362,-0.99061,-0.95632,-0.14556,-0.17985,0.0248
h2_L1_im_tp5,8.875,0,-1.0809,-0.9356,-0.90219,-0.14526,-0.17867,0.021755
h2_L1_im_tp5,9.125,0,-1.0317,-0.88623,-0.85385,-0.14546,-0.17783,0.022051
h2_L1_im_tp5,9.375,0,-0.97865,-0.83321,-0.80199,-0.14544,-0.17666,0.021595
h2_L1_im_tp5,9.625,0,-0.92832,-0.78289,-0.75269,-0.14542,-0.17562,0.022629
h2_L1_im_tp5,9.875,0,-0.87523,-0.72993,-0.70088,-0.1453,-0.17435,0.022279
h2_L1_im_tp5,10.125,0,-0.82785,-0.68264,-0.65467,-0.1452,-0.17318,0.024474
h2_L1_im_tp5,10.375,0,-0.78759,-0.64217,-0.61548,-0.14541,-0.17211,0.025522
h2_L1_im_tp5,10.625,0,-0.74395,-0.59887,-0.57342,-0.14508,-0.17053,0.023976
h2_L1_im_tp5,10.875,0,-0.70418,-0.55924,-0.535,-0.14494,-0.16918,0.023715
h2_L1_im_tp5,11.125,0,-0.66255,-0.51793,-0.49506,-0.14463,-0.16749,0.022685
h2_L1_im_tp5,11.375,0,-0.62473,-0.48035,-0.45873,-0.14437,-0.16599,0.023719
h2_L1_im_tp5,11.625,0,-0.58917,-0.44511,-0.42466,-0.14406,-0.16451,0.025548
h2_L1_im_tp5,11.875,0,-0.55162,-0.40789,-0.38885,-0.14374,-0.16278,0.027713
h2_L1_im_tp5,12.125,0,-0.51933,-0.37602,-0.35802,-0.14331,-0.16131,0.030088
h2_L1_im_tp5,12.375,0,-0.48449,-0.34176,-0.32514,-0.14273,-0.15935,0.02876
h2_L1_im_tp5,12.625,0,-0.45257,-0.31025,-0.29501,-0.14232,-0.15756,0.029363
h2_L1_im_tp5,12.875,0,-0.42297,-0.28152,-0.2674,-0.14146,-0.15557,0.029446
h2_L1_im_tp5,13.125,0,-0.39357,-0.25275,-0.23996,-0.14082,-0.15361,0.03087
h2_L1_im_tp5,13.375,0,-0.3708,-0.23089,-0.21895,-0.13991,-0.15185,0.033731
h2_L1_im_tp5,13.625,0,-0.34137,-0.20225,-0.19171,-0.13912,-0.14966,0.034477
h2_L1_im_tp5,13.875,0,-0.31744,-0.17929,-0.16973,-0.13814,-0.14771,0.035873
h2_L1_im_tp5,14.125,0,-0.29035,-0.15305,-0.14473,-0.1373,-0.14562,0.037391
h2_L1_im_tp5,14.375,0,-0.26935,-0.13326,-0.12587,-0.13609,-0.14347,0.035943
h2_L1_im_tp5,14.625,0,-0.25225,-0.11744,-0.11083,-0.13482,-0.14143,0.035543
h2_L1_im_tp5,14.875,0,-0.23462,-0.10132,-0.095532,-0.13331,-0.13909,0.032457
h2_L1_im_tp7,0.125,-3.0904,-0.069088,0.058091,0.11685,-0.12718,-0.18594,0
h2_L1_im_tp7,0.375,-3.0904,-0.066084,0.06131,0.11998,-0.12739,-0.18607,0.0061528
h2_L1_im_tp7,0.625,-3.0904,-0.063051,0.064871,0.12309,-0.12792,-0.18614,0.010255
h2_L1_im_tp7,0.875,-3.0904,-0.061968,0.066329,0.12422,-0.1283,-0.18618,0.012103
h2_L1_im_tp7,1.125,-3.0904,-0.060331,0.068341,0.1259,-0.12867,-0.18623,0.015198
h2_L1_im_tp7,1.375,-3.0904,-0.055851,0.07339,0.13044,-0.12924,-0.18629,0.020622
h2_L1_im_tp7,1.625,-3.0904,-0.053702,0.075928,0.13263,-0.12963,-0.18634,0.020809
h2_L1_im_tp7,1.875,-3.0904,-0.044194,0.086105,0.1422,-0.1303,-0.18639,0.024299
h2_L1_im_tp7,2.125,-3.0904,-0.028451,0.10267,0.158,-0.13112,-0.18645,0.020716
h2_L1_im_tp7,2.375,-3.0904,0.013078,0.14525,0.1996,-0.13217,-0.18652,0.018008
h2_L1_im_tp7,2.625,-3.0904,0.072048,0.20515,0.25862,-0.1331,-0.18658,0.027867
h2_L1_im_tp7,2.875,-3.0855,0.12897,0.26314,0.3156,-0.13417,-0.18663,0.037272
h2_L1_im_tp7,3.125,-3.053,0.16135,0.29672,0.34799,-0.13537,-0.18664,0.042234
h2_L1_im_tp7,3.375,-2.9867,0.17713,0.31361,0.36387,-0.13648,-0.18674,0.031542
h2_L1_im_tp7,3.625,-2.8852,0.15047,0.28807,0.3373,-0.13759,-0.18682,0.032901
h2_L1_im_tp7,3.875,-2.754,0.097977,0.23644,0.28485,-0.13846,-0.18687,0.031921
h2_L1_im_tp7,4.125,-2.5717,-0.0075022,0.13193,0.17942,-0.13943,-0.18692,0.041485
h2_L1_im_tp7,4.375,-2.3761,-0.11283,0.027348,0.074036,-0.14018,-0.18687,0.042603
h2_L1_im_tp7,4.625,-2.1721,-0.22356,-0.082775,-0.036785,-0.14078,-0.18677,0.04238
h2_L1_im_tp7,4.875,-1.9633,-0.33589,-0.19454,-0.14924,-0.14135,-0.18665,0.044554
h2_L1_im_tp7,5.125,-1.77,-0.43652,-0.29442,-0.24997,-0.14209,-0.18654,0.042063
h2_L1_im_tp7,5.375,-1.5688,-0.54532,-0.40332,-0.3591,-0.142,-0.18622,0.048426
h2_L1_im_tp7,5.625,-1.3712,-0.64531,-0.50261,-0.45921,-0.14271,-0.1861,0.047828
h2_L1_im_tp7,5.875,-1.1786,-0.74784,-0.60477,-0.56196,-0.14307,-0.18587,0.048071
h2_L1_im_tp7,6.125,-0.98149,-0.86109,-0.71789,-0.67553,-0.14321,-0.18557,0.051169
h2_L1_im_tp7,6.375,-0.77318,-0.98294,-0.83889,-0.79762,-0.14405,-0.18531,0.048914
h2_L1_im_tp7,6.625,-0.56284,-1.1136,-0.97014,-0.92905,-0.14351,-0.18459,0.048296
h2_L1_im_tp7,6.875,-0.36567,-1.2336,-1.0894,-1.0494,-0.14424,-0.18422,0.044074
h2_L1_im_tp7,7.125,-0.18347,-1.3441,-1.1999,-1.1604,-0.14418,-0.18363,0.033782
h2_L1_im_tp7,7.375,-0.061832,-1.3976,-1.2532,-1.2145,-0.14433,-0.18308,0.023143
h2_L1_im_tp7,7.625,-0.0073363,-1.382,-1.2376,-1.1996,-0.14443,-0.18242,0.023608
h2_L1_im_tp7,7.875,0,-1.3197,-1.1752,-1.1379,-0.14455,-0.18176,0.028254
h2_L1_im_tp7,8.125,0,-1.2507,-1.1061,-1.0697,-0.14466,-0.18106,0.028546
h2_L1_im_tp7,8.375,0,-1.1926,-1.0479,-1.0124,-0.14475,-0.18025,0.027537
h2_L1_im_tp7,8.625,0,-1.1336,-0.98864,-0.95422,-0.14494,-0.17937,0.024618
h2_L1_im_tp7,8.875,0,-1.0783,-0.9337,-0.90017,-0.14464,-0.17817,0.021561
h2_L1_im_tp7,9.125,0,-1.0291,-0.88429,-0.85179,-0.14482,-0.17732,0.021794
h2_L1_im_tp7,9.375,0,-0.97613,-0.83133,-0.79999,-0.1448,-0.17614,0.021297
h2_L1_im_tp7,9.625,0,-0.92574,-0.78097,-0.75065,-0.14477,-0.17509,0.022301
h2_L1_im_tp7,9.875,0,-0.87271,-0.72806,-0.6989,-0.14465,-0.17381,0.021888
h2_L1_im_tp7,10.125,0,-0.82534,-0.6808,-0.65272,-0.14454,-0.17262,0.024007
h2_L1_im_tp7,10.375,0,-0.78496,-0.64022,-0.61342,-0.14475,-0.17155,0.025046
h2_L1_im_tp7,10.625,0,-0.74132,-0.59691,-0.57136,-0.14441,-0.16996,0.023524
h2_L1_im_tp7,10.875,0,-0.70144,-0.55717,-0.53284,-0.14426,-0.1686,0.023257
h2_L1_im_tp7,11.125,0,-0.65981,-0.51586,-0.49291,-0.14395,-0.1669,0.022224
h2_L1_im_tp7,11.375,0,-0.62193,-0.47823,-0.45653,-0.14369,-0.16539,0.023214
h2_L1_im_tp7,11.625,0,-0.58629,-0.44291,-0.42238,-0.14338,-0.1639,0.025032
h2_L1_im_tp7,11.875,0,-0.54873,-0.40567,-0.38656,-0.14305,-0.16216,0.027202
h2_L1_im_tp7,12.125,0,-0.51635,-0.37372,-0.35566,-0.14263,-0.16069,0.029515
h2_L1_im_tp7,12.375,0,-0.48155,-0.3395,-0.32283,-0.14205,-0.15872,0.028155
h2_L1_im_tp7,12.625,0,-0.44966,-0.30802,-0.29273,-0.14164,-0.15693,0.028689
h2_L1_im_tp7,12.875,0,-0.4201,-0.27932,-0.26516,-0.14078,-0.15494,0.028709
h2_L1_im_tp7,13.125,0,-0.3908,-0.25065,-0.23783,-0.14015,-0.15297,0.030078
h2_L1_im_tp7,13.375,0,-0.36801,-0.22878,-0.2168,-0.13923,-0.15121,0.03285
h2_L1_im_tp7,13.625,0,-0.33875,-0.20029,-0.18973,-0.13846,-0.14902,0.033562
h2_L1_im_tp7,13.875,0,-0.31483,-0.17736,-0.16777,-0.13748,-0.14706,0.034929
h2_L1_im_tp7,14.125,0,-0.28791,-0.15127,-0.14293,-0.13664,-0.14498,0.036407
h2_L1_im_tp7,14.375,0,-0.26704,-0.13161,-0.12421,-0.13543,-0.14283,0.034951
h2_L1_im_tp7,14.625,0,-0.25003,-0.11586,-0.10924,-0.13417,-0.14079,0.034507
h2_L1_im_tp7,14.875,0,-0.23255,-0.099878,-0.094087,-0.13267,-0.13846,0.031471
h2_L2_im,0.125,-3.0904,-0.027775,0.09951,0.15312,-0.12729,-0.1809,0
h2_L2_im,0.375,-3.0904,-0.030044,0.097543,0.151,-0.12759,-0.18105,0.0074872
h2_L2_im,0.625,-3.0904,-0.032274,0.095812,0.14885,-0.12809,-0.18112,0.012876
h2_L2_im,0.875,-3.0904,-0.035904,0.092544,0.14528,-0.12845,-0.18118,0.015439
h2_L2_im,1.125,-3.0904,-0.0385,0.090314,0.14273,-0.12881,-0.18123,0.019659
h2_L2_im,1.375,-3.0904,-0.039042,0.090317,0.14226,-0.12936,-0.18131,0.026839
h2_L2_im,1.625,-3.0904,-0.04107,0.088666,0.1403,-0.12974,-0.18137,0.026402
h2_L2_im,1.875,-3.0904,-0.034445,0.095925,0.14699,-0.13037,-0.18143,0.02956
h2_L2_im,2.125,-3.0904,-0.021343,0.10981,0.16017,-0.13116,-0.18152,0.024349
h2_L2_im,2.375,-3.0904,0.018722,0.15089,0.20034,-0.13217,-0.18162,0.019715
h2_L2_im,2.625,-3.0904,0.076108,0.20918,0.25782,-0.13307,-0.18172,0.027557
h2_L2_im,2.875,-3.0855,0.13217,0.26628,0.31398,-0.13411,-0.18181,0.036345
h2_L2_im,3.125,-3.053,0.16418,0.29943,0.34604,-0.13525,-0.18186,0.040725
h2_L2_im,3.375,-2.9867,0.17912,0.31546,0.36114,-0.13634,-0.18202,0.02997
h2_L2_im,3.625,-2.8852,0.15254,0.28995,0.3347,-0.13741,-0.18216,0.030415
h2_L2_im,3.875,-2.754,0.098918,0.23719,0.28117,-0.13827,-0.18226,0.029715
h2_L2_im,4.125,-2.5717,-0.0067603,0.13244,0.1756,-0.1392,-0.18236,0.039969
h2_L2_im,4.375,-2.3761,-0.1121,0.027857,0.070297,-0.13995,-0.18239,0.041077
h2_L2_im,4.625,-2.1721,-0.22279,-0.082214,-0.040392,-0.14057,-0.18239,0.040979
h2_L2_im,4.875,-1.9633,-0.33371,-0.19256,-0.15134,-0.14115,-0.18237,0.042239
h2_L2_im,5.125,-1.77,-0.43472,-0.29281,-0.25233,-0.14191,-0.18239,0.03914
h2_L2_im,5.375,-1.5688,-0.54214,-0.40027,-0.35998,-0.14187,-0.18216,0.045549
h2_L2_im,5.625,-1.3712,-0.64167,-0.49908,-0.45952,-0.14259,-0.18215,0.044639
h2_L2_im,5.875,-1.1786,-0.74386,-0.60088,-0.56183,-0.14298,-0.18203,0.044657
h2_L2_im,6.125,-0.98149,-0.85599,-0.71285,-0.67419,-0.14315,-0.18181,0.047175
h2_L2_im,6.375,-0.77318,-0.97689,-0.8329,-0.7952,-0.14399,-0.18169,0.046156
h2_L2_im,6.625,-0.56284,-1.106,-0.96245,-0.92493,-0.14357,-0.1811,0.045905
h2_L2_im,6.875,-0.36567,-1.2248,-1.0805,-1.0439,-0.14432,-0.18087,0.042482
h2_L2_im,7.125,-0.18347,-1.334,-1.1897,-1.1536,-0.14434,-0.18042,0.032653
h2_L2_im,7.375,-0.061832,-1.3858,-1.2413,-1.2058,-0.14453,-0.17998,0.02244
h2_L2_im,7.625,-0.0073363,-1.3693,-1.2246,-1.1898,-0.14471,-0.17948,0.023415
h2_L2_im,7.875,0,-1.3057,-1.1608,-1.1267,-0.14489,-0.17896,0.028333
h2_L2_im,8.125,0,-1.2358,-1.0907,-1.0574,-0.14507,-0.17839,0.028681
h2_L2_im,8.375,0,-1.1766,-1.0314,-0.99893,-0.1452,-0.17769,0.028047
h2_L2_im,8.625,0,-1.1165,-0.97102,-0.93951,-0.14544,-0.17695,0.025438
h2_L2_im,8.875,0,-1.0603,-0.91506,-0.88439,-0.14525,-0.17593,0.022863
h2_L2_im,9.125,0,-1.0103,-0.86485,-0.83513,-0.14545,-0.17517,0.023232
h2_L2_im,9.375,0,-0.95621,-0.81069,-0.78203,-0.14552,-0.17417,0.023059
h2_L2_im,9.625,0,-0.9052,-0.75967,-0.73197,-0.14553,-0.17323,0.024378
h2_L2_im,9.875,0,-0.85105,-0.70556,-0.67893,-0.14549,-0.17212,0.0243
h2_L2_im,10.125,0,-0.80277,-0.65733,-0.63171,-0.14544,-0.17107,0.026991
h2_L2_im,10.375,0,-0.76199,-0.61639,-0.59194,-0.1456,-0.17005,0.028669
h2_L2_im,10.625,0,-0.71735,-0.57202,-0.54874,-0.14533,-0.16861,0.027374
h2_L2_im,10.875,0,-0.6771,-0.53193,-0.50977,-0.14517,-0.16733,0.027633
h2_L2_im,11.125,0,-0.6343,-0.4894,-0.46853,-0.14491,-0.16578,0.027017
h2_L2_im,11.375,0,-0.59569,-0.45103,-0.43133,-0.14466,-0.16437,0.028826
h2_L2_im,11.625,0,-0.55971,-0.41537,-0.39675,-0.14434,-0.16296,0.031229
h2_L2_im,11.875,0,-0.521,-0.37696,-0.35966,-0.14404,-0.16134,0.033833
h2_L2_im,12.125,0,-0.48912,-0.34554,-0.32919,-0.14358,-0.15993,0.036485
h2_L2_im,12.375,0,-0.45423,-0.31123,-0.29616,-0.14299,-0.15807,0.034182
h2_L2_im,12.625,0,-0.4232,-0.2807,-0.26687,-0.1425,-0.15632,0.033699
h2_L2_im,12.875,0,-0.39488,-0.25329,-0.2405,-0.14159,-0.15438,0.032607
h2_L2_im,13.125,0,-0.36655,-0.22566,-0.21408,-0.14089,-0.15247,0.032939
h2_L2_im,13.375,0,-0.34575,-0.20587,-0.19506,-0.13988,-0.15069,0.034971
h2_L2_im,13.625,0,-0.31766,-0.17863,-0.1691,-0.13903,-0.14856,0.034367
h2_L2_im,13.875,0,-0.29537,-0.1574,-0.14876,-0.13797,-0.14661,0.034883
h2_L2_im,14.125,0,-0.26994,-0.13292,-0.12542,-0.13702,-0.14453,0.035639
h2_L2_im,14.375,0,-0.25066,-0.11497,-0.10832,-0.13569,-0.14235,0.03378
h2_L2_im,14.625,0,-0.23515,-0.10089,-0.094938,-0.13426,-0.14021,0.032944
h2_L2_im,14.875,0,-0.21908,-0.086434,-0.081233,-0.13265,-0.13785,0.029512
h2_L2_std,0.125,-3.0904,0.21302,0.32422,0.36719,-0.1112,-0.15417,0
h2_L2_std,0.375,-3.0904,0.1771,0.28744,0.33074,-0.11034,-0.15364,0.016972
h2_L2_std,0.625,-3.0904,0.14051,0.25104,0.29414,-0.11053,-0.15363,0.029328
h2_L2_std,0.875,-3.0904,0.10687,0.21749,0.26049,-0.11062,-0.15362,0.034665
h2_L2_std,1.125,-3.0904,0.076925,0.18767,0.23054,-0.11074,-0.15361,0.043026
h2_L2_std,1.375,-3.0904,0.043089,0.15408,0.19669,-0.11099,-0.1536,0.060211
h2_L2_std,1.625,-3.0904,0.015462,0.12658,0.16907,-0.11112,-0.15361,0.054362
h2_L2_std,1.875,-3.0904,0.0044871,0.11607,0.15811,-0.11158,-0.15362,0.052128
h2_L2_std,2.125,-3.0904,0.0029338,0.1151,0.15655,-0.11217,-0.15362,0.036949
h2_L2_std,2.375,-3.0904,0.036672,0.14965,0.19027,-0.11298,-0.1536,0.025256
h2_L2_std,2.625,-3.0904,0.088842,0.20254,0.2424,-0.1137,-0.15356,0.027566
h2_L2_std,2.875,-3.0855,0.14345,0.25804,0.29697,-0.11459,-0.15353,0.036643
h2_L2_std,3.125,-3.053,0.17413,0.28977,0.32762,-0.11564,-0.15349,0.042052
h2_L2_std,3.375,-2.9867,0.18814,0.3046,0.34156,-0.11646,-0.15342,0.031892
h2_L2_std,3.625,-2.8852,0.16052,0.27784,0.31393,-0.11731,-0.15341,0.032372
h2_L2_std,3.875,-2.754,0.10639,0.22441,0.25976,-0.11802,-0.15337,0.031542
h2_L2_std,4.125,-2.5717,0.00011975,0.11886,0.15344,-0.11874,-0.15332,0.041226
h2_L2_std,4.375,-2.3761,-0.10358,0.015774,0.049616,-0.11936,-0.1532,0.042908
h2_L2_std,4.625,-2.1721,-0.20903,-0.089224,-0.056063,-0.11981,-0.15297,0.043965
h2_L2_std,4.875,-1.9633,-0.31386,-0.19366,-0.16117,-0.1202,-0.15268,0.046842
h2_L2_std,5.125,-1.77,-0.40745,-0.2867,-0.25503,-0.12076,-0.15242,0.045112
h2_L2_std,5.375,-1.5688,-0.50971,-0.38896,-0.35769,-0.12076,-0.15203,0.051646
h2_L2_std,5.625,-1.3712,-0.60124,-0.47996,-0.4495,-0.12128,-0.15173,0.051799
h2_L2_std,5.875,-1.1786,-0.69663,-0.57507,-0.54525,-0.12156,-0.15138,0.053264
h2_L2_std,6.125,-0.98149,-0.80493,-0.68328,-0.65396,-0.12165,-0.15097,0.056937
h2_L2_std,6.375,-0.77318,-0.92199,-0.79989,-0.77151,-0.1221,-0.15047,0.052118
h2_L2_std,6.625,-0.56284,-1.0509,-0.9292,-0.90121,-0.12174,-0.14973,0.050723
h2_L2_std,6.875,-0.36567,-1.1683,-1.0462,-1.0192,-0.12205,-0.14911,0.045856
h2_L2_std,7.125,-0.18347,-1.2775,-1.1556,-1.1291,-0.12194,-0.14844,0.035568
h2_L2_std,7.375,-0.061832,-1.3308,-1.2089,-1.183,-0.12193,-0.14778,0.026457
h2_L2_std,7.625,-0.0073363,-1.3147,-1.1928,-1.1677,-0.12186,-0.14699,0.025874
h2_L2_std,7.875,0,-1.2523,-1.1305,-1.1061,-0.1218,-0.14622,0.030383
h2_L2_std,8.125,0,-1.1833,-1.0616,-1.0379,-0.12169,-0.14537,0.030648
h2_L2_std,8.375,0,-1.1259,-1.0044,-0.98144,-0.12151,-0.14446,0.029661
h2_L2_std,8.625,0,-1.0674,-0.94609,-0.92399,-0.12133,-0.14343,0.026424
h2_L2_std,8.875,0,-1.0129,-0.8921,-0.87075,-0.12079,-0.14214,0.024034
h2_L2_std,9.125,0,-0.96484,-0.8442,-0.82364,-0.12064,-0.1412,0.024191
h2_L2_std,9.375,0,-0.91241,-0.79225,-0.77257,-0.12016,-0.13983,0.023733
h2_L2_std,9.625,0,-0.86346,-0.74358,-0.7247,-0.11988,-0.13877,0.024941
h2_L2_std,9.875,0,-0.81118,-0.69186,-0.67385,-0.11932,-0.13733,0.024703
h2_L2_std,10.125,0,-0.76467,-0.64584,-0.62862,-0.11883,-0.13604,0.027469
h2_L2_std,10.375,0,-0.72566,-0.60712,-0.59078,-0.11854,-0.13488,0.029488
h2_L2_std,10.625,0,-0.68272,-0.56503,-0.54955,-0.11769,-0.13317,0.028113
h2_L2_std,10.875,0,-0.64431,-0.52716,-0.51251,-0.11715,-0.1318,0.028626
h2_L2_std,11.125,0,-0.6031,-0.48691,-0.47319,-0.11619,-0.12991,0.02805
h2_L2_std,11.375,0,-0.56609,-0.45066,-0.43777,-0.11543,-0.12833,0.030025
h2_L2_std,11.625,0,-0.53172,-0.41697,-0.40485,-0.11475,-0.12687,0.032462
h2_L2_std,11.875,0,-0.49432,-0.38061,-0.3694,-0.11371,-0.12492,0.034966
h2_L2_std,12.125,0,-0.46376,-0.35065,-0.34012,-0.11311,-0.12365,0.038124
h2_L2_std,12.375,0,-0.42929,-0.31751,-0.30784,-0.11178,-0.12145,0.036593
h2_L2_std,12.625,0,-0.39838,-0.28773,-0.2789,-0.11064,-0.11948,0.037006
h2_L2_std,12.875,0,-0.37011,-0.26073,-0.25259,-0.10938,-0.11752,0.037042
h2_L2_std,13.125,0,-0.34119,-0.2333,-0.22594,-0.10789,-0.11525,0.038205
h2_L2_std,13.375,0,-0.32068,-0.21366,-0.20682,-0.10702,-0.11386,0.041372
h2_L2_std,13.625,0,-0.29146,-0.18622,-0.1802,-0.10523,-0.11126,0.041539
h2_L2_std,13.875,0,-0.26924,-0.16512,-0.15968,-0.10412,-0.10956,0.042737
h2_L2_std,14.125,0,-0.24266,-0.14018,-0.13546,-0.10248,-0.10719,0.044154
h2_L2_std,14.375,0,-0.22261,-0.12182,-0.11765,-0.10079,-0.10496,0.042675
h2_L2_std,14.625,0,-0.2066,-0.10742,-0.1037,-0.099178,-0.1029,0.042372
h2_L2_std,14.875,0,-0.18966,-0.092427,-0.089177,-0.09723,-0.10048,0.038727
h2_L2_std_p3,0.125,-3.0904,0.20304,0.31688,0.35492,-0.11384,-0.15188,0
h2_L2_std_p3,0.375,-3.0904,0.1691,0.28207,0.32053,-0.11297,-0.15143,0.016768
h2_L2_std_p3,0.625,-3.0904,0.13429,0.24742,0.2857,-0.11313,-0.15142,0.029004
h2_L2_std_p3,0.875,-3.0904,0.1021,0.21531,0.25351,-0.11321,-0.15141,0.034357
h2_L2_std_p3,1.125,-3.0904,0.073533,0.18685,0.22493,-0.11332,-0.1514,0.042769
h2_L2_std_p3,1.375,-3.0904,0.041495,0.15502,0.19288,-0.11353,-0.15138,0.059727
h2_L2_std_p3,1.625,-3.0904,0.015118,0.12877,0.1665,-0.11365,-0.15138,0.054225
h2_L2_std_p3,1.875,-3.0904,0.0051454,0.11919,0.15653,-0.11405,-0.15139,0.052655
h2_L2_std_p3,2.125,-3.0904,0.0044202,0.119,0.15581,-0.11458,-0.15139,0.03785
h2_L2_std_p3,2.375,-3.0904,0.038433,0.15373,0.1898,-0.1153,-0.15137,0.026337
h2_L2_std_p3,2.625,-3.0904,0.090199,0.20612,0.24153,-0.11592,-0.15133,0.027517
h2_L2_std_p3,2.875,-3.0855,0.14436,0.26107,0.29565,-0.11671,-0.15129,0.035838
h2_L2_std_p3,3.125,-3.053,0.1749,0.29254,0.32616,-0.11763,-0.15125,0.040661
h2_L2_std_p3,3.375,-2.9867,0.18827,0.30663,0.33946,-0.11836,-0.15119,0.030758
h2_L2_std_p3,3.625,-2.8852,0.16085,0.27993,0.31199,-0.11908,-0.15115,0.030633
h2_L2_std_p3,3.875,-2.754,0.10579,0.2255,0.25689,-0.1197,-0.1511,0.030468
h2_L2_std_p3,4.125,-2.5717,-0.00064452,0.1197,0.15042,-0.12034,-0.15106,0.040895
h2_L2_std_p3,4.375,-2.3761,-0.10428,0.016593,0.046654,-0.12087,-0.15093,0.042713
h2_L2_std_p3,4.625,-2.1721,-0.21006,-0.088828,-0.059369,-0.12123,-0.15069,0.043769
h2_L2_std_p3,4.875,-1.9633,-0.31439,-0.19285,-0.16398,-0.12154,-0.15041,0.045919
h2_L2_std_p3,5.125,-1.77,-0.40866,-0.28665,-0.25851,-0.12201,-0.15015,0.044039
h2_L2_std_p3,5.375,-1.5688,-0.51073,-0.3888,-0.36101,-0.12193,-0.14972,0.050381
h2_L2_std_p3,5.625,-1.3712,-0.60232,-0.47996,-0.45289,-0.12236,-0.14943,0.050071
h2_L2_std_p3,5.875,-1.1786,-0.69805,-0.57548,-0.54898,-0.12257,-0.14908,0.051631
h2_L2_std_p3,6.125,-0.98149,-0.80611,-0.68351,-0.65744,-0.1226,-0.14867,0.054945
h2_L2_std_p3,6.375,-0.77318,-0.92354,-0.80057,-0.77534,-0.12297,-0.14821,0.050738
h2_L2_std_p3,6.625,-0.56284,-1.0524,-0.92991,-0.90502,-0.12252,-0.14742,0.049237
h2_L2_std_p3,6.875,-0.36567,-1.1699,-1.0472,-1.0231,-0.12277,-0.14684,0.044805
h2_L2_std_p3,7.125,-0.18347,-1.2794,-1.1568,-1.1333,-0.12258,-0.14615,0.034613
h2_L2_std_p3,7.375,-0.061832,-1.3326,-1.2101,-1.1871,-0.1225,-0.14551,0.025004
h2_L2_std_p3,7.625,-0.0073363,-1.3167,-1.1943,-1.172,-0.12234,-0.14471,0.025108
h2_L2_std_p3,7.875,0,-1.2543,-1.1321,-1.1103,-0.12221,-0.14395,0.029704
h2_L2_std_p3,8.125,0,-1.1854,-1.0633,-1.0423,-0.12203,-0.14311,0.030105
h2_L2_std_p3,8.375,0,-1.1279,-1.0061,-0.98569,-0.12178,-0.14221,0.02916
h2_L2_std_p3,8.625,0,-1.0694,-0.94785,-0.92818,-0.12153,-0.14121,0.026035
h2_L2_std_p3,8.875,0,-1.0148,-0.89395,-0.87495,-0.12089,-0.1399,0.023693
h2_L2_std_p3,9.125,0,-0.96669,-0.846,-0.82769,-0.12069,-0.13899,0.02387
h2_L2_std_p3,9.375,0,-0.91424,-0.79411,-0.7766,-0.12013,-0.13764,0.023494
h2_L2_std_p3,9.625,0,-0.86518,-0.7454,-0.72858,-0.11979,-0.1366,0.02472
h2_L2_std_p3,9.875,0,-0.81286,-0.69373,-0.6777,-0.11914,-0.13516,0.024519
h2_L2_std_p3,10.125,0,-0.76629,-0.64773,-0.63241,-0.11856,-0.13388,0.027283
h2_L2_std_p3,10.375,0,-0.72713,-0.60888,-0.59433,-0.11825,-0.13279,0.029362
h2_L2_std_p3,10.625,0,-0.68411,-0.5668,-0.55303,-0.11732,-0.13109,0.028046
h2_L2_std_p3,10.875,0,-0.64557,-0.52885,-0.51582,-0.11672,-0.12976,0.028605
h2_L2_std_p3,11.125,0,-0.60425,-0.48857,-0.47636,-0.11568,-0.12789,0.028071
h2_L2_std_p3,11.375,0,-0.56711,-0.45225,-0.44078,-0.11486,-0.12633,0.030088
h2_L2_std_p3,11.625,0,-0.53262,-0.41849,-0.40771,-0.11413,-0.12491,0.032561
h2_L2_std_p3,11.875,0,-0.49509,-0.38206,-0.3721,-0.11303,-0.12299,0.035097
h2_L2_std_p3,12.125,0,-0.46443,-0.35204,-0.34267,-0.11239,-0.12176,0.038273
h2_L2_std_p3,12.375,0,-0.42983,-0.31884,-0.31025,-0.11099,-0.11959,0.036762
h2_L2_std_p3,12.625,0,-0.3988,-0.28896,-0.28111,-0.10984,-0.1177,0.037188
h2_L2_std_p3,12.875,0,-0.37044,-0.26192,-0.25469,-0.10851,-0.11575,0.037246
h2_L2_std_p3,13.125,0,-0.34141,-0.23441,-0.22787,-0.107,-0.11354,0.038423
h2_L2_std_p3,13.375,0,-0.32083,-0.21472,-0.20864,-0.10612,-0.1122,0.041616
h2_L2_std_p3,13.625,0,-0.29149,-0.1872,-0.18185,-0.10428,-0.10963,0.041794
h2_L2_std_p3,13.875,0,-0.2692,-0.16604,-0.16121,-0.10316,-0.10799,0.043005
h2_L2_std_p3,14.125,0,-0.24251,-0.14103,-0.13684,-0.10148,-0.10567,0.044431
h2_L2_std_p3,14.375,0,-0.22239,-0.12261,-0.1189,-0.09978,-0.10349,0.042951
h2_L2_std_p3,14.625,0,-0.20632,-0.10812,-0.10482,-0.098199,-0.10151,0.042651
h2_L2_std_p3,14.875,0,-0.18931,-0.093064,-0.090177,-0.096243,-0.09913,0.039
h2_L2_std_p30,0.125,-3.0904,0.21283,0.32169,0.36336,-0.10886,-0.15053,0
h2_L2_std_p30,0.375,-3.0904,0.17736,0.28545,0.32741,-0.1081,-0.15006,0.016821
h2_L2_std_p30,0.625,-3.0904,0.14128,0.24955,0.29132,-0.10828,-0.15004,0.02911
h2_L2_std_p30,0.875,-3.0904,0.10809,0.21646,0.25812,-0.10837,-0.15003,0.034491
h2_L2_std_p30,1.125,-3.0904,0.07851,0.18699,0.22853,-0.10848,-0.15002,0.042778
h2_L2_std_p30,1.375,-3.0904,0.045202,0.15392,0.1952,-0.10871,-0.15,0.059887
h2_L2_std_p30,1.625,-3.0904,0.017831,0.12667,0.16783,-0.10884,-0.15,0.05433
h2_L2_std_p30,1.875,-3.0904,0.0069826,0.11626,0.15699,-0.10928,-0.15001,0.052162
h2_L2_std_p30,2.125,-3.0904,0.0053789,0.11523,0.15539,-0.10985,-0.15001,0.037082
h2_L2_std_p30,2.375,-3.0904,0.038739,0.14938,0.18873,-0.11064,-0.14999,0.025507
h2_L2_std_p30,2.625,-3.0904,0.090461,0.20179,0.24041,-0.11133,-0.14995,0.027523
h2_L2_std_p30,2.875,-3.0855,0.14459,0.25679,0.29449,-0.1122,-0.1499,0.03652
h2_L2_std_p30,3.125,-3.053,0.17481,0.288,0.32465,-0.11319,-0.14984,0.041813
h2_L2_std_p30,3.375,-2.9867,0.18821,0.30221,0.338,-0.11401,-0.14979,0.03176
h2_L2_std_p30,3.625,-2.8852,0.16005,0.27488,0.30983,-0.11483,-0.14977,0.032154
h2_L2_std_p30,3.875,-2.754,0.10543,0.22094,0.25515,-0.1155,-0.14972,0.03149
h2_L2_std_p30,4.125,-2.5717,-0.0013807,0.11481,0.14828,-0.11619,-0.14966,0.041193
h2_L2_std_p30,4.375,-2.3761,-0.10538,0.0114,0.044146,-0.11678,-0.14953,0.04291
h2_L2_std_p30,4.625,-2.1721,-0.21095,-0.093746,-0.061662,-0.11721,-0.14929,0.044156
h2_L2_std_p30,4.875,-1.9633,-0.31549,-0.19793,-0.1665,-0.11757,-0.149,0.047045
h2_L2_std_p30,5.125,-1.77,-0.40891,-0.2908,-0.26017,-0.11811,-0.14874,0.045183
h2_L2_std_p30,5.375,-1.5688,-0.511,-0.39293,-0.36268,-0.11807,-0.14832,0.051587
h2_L2_std_p30,5.625,-1.3712,-0.6021,-0.48353,-0.45407,-0.11857,-0.14803,0.051678
h2_L2_std_p30,5.875,-1.1786,-0.69721,-0.57838,-0.54954,-0.11883,-0.14767,0.053177
h2_L2_std_p30,6.125,-0.98149,-0.80518,-0.68629,-0.65793,-0.1189,-0.14725,0.056913
h2_L2_std_p30,6.375,-0.77318,-0.92205,-0.80271,-0.77527,-0.11934,-0.14678,0.052075
h2_L2_std_p30,6.625,-0.56284,-1.0508,-0.93186,-0.90479,-0.11892,-0.14599,0.050604
h2_L2_std_p30,6.875,-0.36567,-1.1679,-1.0487,-1.0225,-0.11923,-0.1454,0.045748
h2_L2_std_p30,7.125,-0.18347,-1.2771,-1.158,-1.1323,-0.11909,-0.14472,0.035443
h2_L2_std_p30,7.375,-0.061832,-1.3302,-1.2111,-1.1861,-0.11907,-0.14407,0.026256
h2_L2_std_p30,7.625,-0.0073363,-1.3139,-1.1949,-1.1706,-0.11897,-0.14328,0.025858
h2_L2_std_p30,7.875,0,-1.2514,-1.1325,-1.1089,-0.11889,-0.14251,0.030388
h2_L2_std_p30,8.125,0,-1.1822,-1.0634,-1.0405,-0.11876,-0.14167,0.030689
h2_L2_std_p30,8.375,0,-1.1247,-1.0061,-0.98394,-0.11857,-0.14076,0.029676
h2_L2_std_p30,8.625,0,-1.0661,-0.94774,-0.92637,-0.11838,-0.13976,0.026426
h2_L2_std_p30,8.875,0,-1.0115,-0.89367,-0.87302,-0.1178,-0.13845,0.02403
h2_L2_std_p30,9.125,0,-0.96334,-0.84569,-0.8258,-0.11765,-0.13754,0.024211
h2_L2_std_p30,9.375,0,-0.9108,-0.79365,-0.77462,-0.11715,-0.13619,0.023763
h2_L2_std_p30,9.625,0,-0.86177,-0.74491,-0.72663,-0.11686,-0.13513,0.024967
h2_L2_std_p30,9.875,0,-0.80938,-0.69311,-0.67568,-0.11628,-0.1337,0.024741
h2_L2_std_p30,10.125,0,-0.76278,-0.64702,-0.63036,-0.11576,-0.13242,0.027532
h2_L2_std_p30,10.375,0,-0.72372,-0.60821,-0.5924,-0.11551,-0.13132,0.029567
h2_L2_std_p30,10.625,0,-0.68071,-0.56607,-0.55109,-0.11464,-0.12962,0.028192
h2_L2_std_p30,10.875,0,-0.64225,-0.52814,-0.51397,-0.1141,-0.12828,0.028712
h2_L2_std_p30,11.125,0,-0.60096,-0.48783,-0.47455,-0.11313,-0.12642,0.028137
h2_L2_std_p30,11.375,0,-0.5639,-0.45153,-0.43904,-0.11237,-0.12486,0.03013
h2_L2_std_p30,11.625,0,-0.52948,-0.41778,-0.40605,-0.11169,-0.12343,0.032581
h2_L2_std_p30,11.875,0,-0.49202,-0.38136,-0.37051,-0.11066,-0.12151,0.035096
h2_L2_std_p30,12.125,0,-0.46143,-0.35136,-0.34116,-0.11007,-0.12027,0.038266
h2_L2_std_p30,12.375,0,-0.4269,-0.31816,-0.3088,-0.10874,-0.1181,0.036725
h2_L2_std_p30,12.625,0,-0.39596,-0.28831,-0.27976,-0.10765,-0.11621,0.037147
h2_L2_std_p30,12.875,0,-0.36765,-0.26128,-0.25339,-0.10637,-0.11426,0.037167
h2_L2_std_p30,13.125,0,-0.3387,-0.23378,-0.22666,-0.10492,-0.11204,0.038338
h2_L2_std_p30,13.375,0,-0.31819,-0.21412,-0.20749,-0.10408,-0.1107,0.041512
h2_L2_std_p30,13.625,0,-0.28892,-0.18662,-0.18078,-0.10231,-0.10814,0.041677
h2_L2_std_p30,13.875,0,-0.26669,-0.16547,-0.16021,-0.10122,-0.10649,0.042874
h2_L2_std_p30,14.125,0,-0.24009,-0.14048,-0.13591,-0.099608,-0.10418,0.044289
h2_L2_std_p30,14.375,0,-0.22003,-0.12209,-0.11804,-0.097946,-0.10199,0.042792
h2_L2_std_p30,14.625,0,-0.20406,-0.10765,-0.10405,-0.096406,-0.10001,0.042488
h2_L2_std_p30,14.875,0,-0.18711,-0.092628,-0.08948,-0.094481,-0.097629,0.038827
h2_L2_std_rel40,0.125,-3.0904,0.21301,0.32422,0.36719,-0.11121,-0.15418,0
h2_L2_std_rel40,0.375,-3.0904,0.17709,0.28744,0.33073,-0.11035,-0.15365,0.016972
h2_L2_std_rel40,0.625,-3.0904,0.1405,0.25104,0.29413,-0.11054,-0.15364,0.029328
h2_L2_std_rel40,0.875,-3.0904,0.10685,0.21749,0.26048,-0.11064,-0.15363,0.034665
h2_L2_std_rel40,1.125,-3.0904,0.076913,0.18767,0.23053,-0.11075,-0.15362,0.043026
h2_L2_std_rel40,1.375,-3.0904,0.043077,0.15408,0.19668,-0.111,-0.15361,0.060211
h2_L2_std_rel40,1.625,-3.0904,0.015449,0.12658,0.16906,-0.11114,-0.15361,0.054362
h2_L2_std_rel40,1.875,-3.0904,0.0044744,0.11607,0.1581,-0.11159,-0.15362,0.052129
h2_L2_std_rel40,2.125,-3.0904,0.002921,0.1151,0.15654,-0.11218,-0.15362,0.036949
h2_L2_std_rel40,2.375,-3.0904,0.03666,0.14965,0.19026,-0.11299,-0.1536,0.025256
h2_L2_std_rel40,2.625,-3.0904,0.088829,0.20254,0.2424,-0.11371,-0.15357,0.027567
h2_L2_std_rel40,2.875,-3.0855,0.14343,0.25804,0.29697,-0.11461,-0.15354,0.036643
h2_L2_std_rel40,3.125,-3.053,0.17412,0.28977,0.32761,-0.11565,-0.15349,0.042052
h2_L2_std_rel40,3.375,-2.9867,0.18813,0.3046,0.34155,-0.11647,-0.15343,0.031892
h2_L2_std_rel40,3.625,-2.8852,0.16051,0.27784,0.31392,-0.11733,-0.15341,0.032373
h2_L2_std_rel40,3.875,-2.754,0.10638,0.22441,0.25975,-0.11803,-0.15337,0.031542
h2_L2_std_rel40,4.125,-2.5717,0.0001066,0.11886,0.15344,-0.11875,-0.15333,0.041227
h2_L2_std_rel40,4.375,-2.3761,-0.1036,0.015774,0.049609,-0.11937,-0.15321,0.042909
h2_L2_std_rel40,4.625,-2.1721,-0.20904,-0.089224,-0.05607,-0.11982,-0.15298,0.043966
h2_L2_std_rel40,4.875,-1.9633,-0.31387,-0.19366,-0.16118,-0.12021,-0.15269,0.046842
h2_L2_std_rel40,5.125,-1.77,-0.40746,-0.2867,-0.25504,-0.12077,-0.15243,0.045112
h2_L2_std_rel40,5.375,-1.5688,-0.50973,-0.38896,-0.35769,-0.12077,-0.15203,0.051646
h2_L2_std_rel40,5.625,-1.3712,-0.60125,-0.47996,-0.44951,-0.12129,-0.15174,0.051799
h2_L2_std_rel40,5.875,-1.1786,-0.69665,-0.57507,-0.54526,-0.12158,-0.15139,0.053264
h2_L2_std_rel40,6.125,-0.98149,-0.80495,-0.68328,-0.65397,-0.12167,-0.15098,0.056937
h2_L2_std_rel40,6.375,-0.77318,-0.922,-0.79989,-0.77152,-0.12211,-0.15048,0.052118
h2_L2_std_rel40,6.625,-0.56284,-1.051,-0.9292,-0.90121,-0.12175,-0.14974,0.050723
h2_L2_std_rel40,6.875,-0.36567,-1.1683,-1.0462,-1.0192,-0.12206,-0.14911,0.045857
h2_L2_std_rel40,7.125,-0.18347,-1.2776,-1.1556,-1.1291,-0.12195,-0.14844,0.035568
h2_L2_std_rel40,7.375,-0.061832,-1.3308,-1.2089,-1.183,-0.12194,-0.14779,0.026458
h2_L2_std_rel40,7.625,-0.0073363,-1.3147,-1.1928,-1.1677,-0.12187,-0.147,0.025874
h2_L2_std_rel40,7.875,0,-1.2523,-1.1305,-1.1061,-0.12181,-0.14622,0.030383
h2_L2_std_rel40,8.125,0,-1.1833,-1.0616,-1.0379,-0.1217,-0.14538,0.030649
h2_L2_std_rel40,8.375,0,-1.1259,-1.0044,-0.98144,-0.12153,-0.14447,0.029661
h2_L2_std_rel40,8.625,0,-1.0674,-0.94609,-0.924,-0.12134,-0.14343,0.026424
h2_L2_std_rel40,8.875,0,-1.0129,-0.8921,-0.87075,-0.1208,-0.14215,0.024035
h2_L2_std_rel40,9.125,0,-0.96485,-0.8442,-0.82364,-0.12065,-0.14121,0.024192
h2_L2_std_rel40,9.375,0,-0.91242,-0.79225,-0.77258,-0.12017,-0.13984,0.023733
h2_L2_std_rel40,9.625,0,-0.86347,-0.74358,-0.7247,-0.11989,-0.13877,0.024941
h2_L2_std_rel40,9.875,0,-0.81119,-0.69186,-0.67386,-0.11933,-0.13734,0.024703
h2_L2_std_rel40,10.125,0,-0.76468,-0.64584,-0.62863,-0.11884,-0.13605,0.027469
h2_L2_std_rel40,10.375,0,-0.72567,-0.60712,-0.59078,-0.11855,-0.13489,0.029488
h2_L2_std_rel40,10.625,0,-0.68273,-0.56503,-0.54956,-0.1177,-0.13318,0.028113
h2_L2_std_rel40,10.875,0,-0.64432,-0.52716,-0.51252,-0.11716,-0.13181,0.028626
h2_L2_std_rel40,11.125,0,-0.60311,-0.48691,-0.47319,-0.1162,-0.12992,0.02805
h2_L2_std_rel40,11.375,0,-0.5661,-0.45066,-0.43777,-0.11544,-0.12833,0.030025
h2_L2_std_rel40,11.625,0,-0.53173,-0.41697,-0.40485,-0.11476,-0.12688,0.032462
h2_L2_std_rel40,11.875,0,-0.49433,-0.38061,-0.3694,-0.11372,-0.12493,0.034966
h2_L2_std_rel40,12.125,0,-0.46377,-0.35065,-0.34012,-0.11312,-0.12365,0.038124
h2_L2_std_rel40,12.375,0,-0.4293,-0.31751,-0.30784,-0.11179,-0.12146,0.036593
h2_L2_std_rel40,12.625,0,-0.39838,-0.28773,-0.2789,-0.11065,-0.11948,0.037006
h2_L2_std_rel40,12.875,0,-0.37012,-0.26073,-0.25259,-0.10938,-0.11753,0.037042
h2_L2_std_rel40,13.125,0,-0.3412,-0.2333,-0.22594,-0.1079,-0.11526,0.038205
h2_L2_std_rel40,13.375,0,-0.32069,-0.21366,-0.20682,-0.10703,-0.11387,0.041372
h2_L2_std_rel40,13.625,0,-0.29146,-0.18622,-0.1802,-0.10524,-0.11126,0.041539
h2_L2_std_rel40,13.875,0,-0.26924,-0.16512,-0.15968,-0.10413,-0.10956,0.042737
h2_L2_std_rel40,14.125,0,-0.24266,-0.14018,-0.13546,-0.10248,-0.1072,0.044154
h2_L2_std_rel40,14.375,0,-0.22261,-0.12182,-0.11765,-0.10079,-0.10497,0.042675
h2_L2_std_rel40,14.625,0,-0.2066,-0.10742,-0.1037,-0.099183,-0.1029,0.042372
h2_L2_std_rel40,14.875,0,-0.18966,-0.092427,-0.089178,-0.097235,-0.10048,0.038727
h2_L2_std_t0.5,0.125,-3.0904,0.21105,0.32051,0.36286,-0.10946,-0.15182,0
h2_L2_std_t0.5,0.375,-3.0904,0.17564,0.28429,0.32699,-0.10866,-0.15135,0.016951
h2_L2_std_t0.5,0.625,-3.0904,0.13952,0.24837,0.29086,-0.10884,-0.15134,0.029326
h2_L2_std_t0.5,0.875,-3.0904,0.10627,0.2152,0.25759,-0.10893,-0.15132,0.03468
h2_L2_std_t0.5,1.125,-3.0904,0.076663,0.18571,0.22797,-0.10905,-0.15131,0.043047
h2_L2_std_t0.5,1.375,-3.0904,0.043344,0.15263,0.19464,-0.10929,-0.1513,0.060298
h2_L2_std_t0.5,1.625,-3.0904,0.015877,0.12529,0.16717,-0.10942,-0.1513,0.054648
h2_L2_std_t0.5,1.875,-3.0904,0.0049553,0.11483,0.15626,-0.10987,-0.15131,0.05263
h2_L2_std_t0.5,2.125,-3.0904,0.0033103,0.11376,0.15462,-0.11045,-0.15131,0.037309
h2_L2_std_t0.5,2.375,-3.0904,0.036781,0.14804,0.18806,-0.11126,-0.15128,0.025528
h2_L2_std_t0.5,2.625,-3.0904,0.088604,0.20057,0.23985,-0.11196,-0.15124,0.027055
h2_L2_std_t0.5,2.875,-3.0855,0.14291,0.25576,0.29411,-0.11285,-0.1512,0.036033
h2_L2_std_t0.5,3.125,-3.053,0.17339,0.28726,0.32453,-0.11387,-0.15114,0.041331
h2_L2_std_t0.5,3.375,-2.9867,0.18705,0.30175,0.33814,-0.1147,-0.15109,0.031234
h2_L2_std_t0.5,3.625,-2.8852,0.15926,0.27479,0.31032,-0.11553,-0.15106,0.031663
h2_L2_std_t0.5,3.875,-2.754,0.10487,0.22109,0.25588,-0.11623,-0.15101,0.031184
h2_L2_std_t0.5,4.125,-2.5717,-0.0016405,0.11529,0.14932,-0.11693,-0.15096,0.041148
h2_L2_std_t0.5,4.375,-2.3761,-0.10541,0.012132,0.045413,-0.11755,-0.15083,0.042938
h2_L2_std_t0.5,4.625,-2.1721,-0.21101,-0.093023,-0.060423,-0.11799,-0.15059,0.04416
h2_L2_std_t0.5,4.875,-1.9633,-0.31554,-0.19717,-0.16524,-0.11837,-0.1503,0.046872
h2_L2_std_t0.5,5.125,-1.77,-0.40904,-0.2901,-0.259,-0.11894,-0.15004,0.045019
h2_L2_std_t0.5,5.375,-1.5688,-0.51108,-0.39217,-0.36146,-0.11891,-0.14962,0.051421
h2_L2_std_t0.5,5.625,-1.3712,-0.60222,-0.48278,-0.45289,-0.11943,-0.14933,0.05143
h2_L2_std_t0.5,5.875,-1.1786,-0.69738,-0.57767,-0.54841,-0.11972,-0.14897,0.052955
h2_L2_std_t0.5,6.125,-0.98149,-0.80539,-0.68561,-0.65684,-0.11979,-0.14855,0.05652
h2_L2_std_t0.5,6.375,-0.77318,-0.92234,-0.80209,-0.77426,-0.12025,-0.14808,0.051753
h2_L2_std_t0.5,6.625,-0.56284,-1.0511,-0.93127,-0.90382,-0.11984,-0.14729,0.050312
h2_L2_std_t0.5,6.875,-0.36567,-1.1684,-1.0482,-1.0217,-0.12017,-0.1467,0.04548
h2_L2_std_t0.5,7.125,-0.18347,-1.2776,-1.1575,-1.1315,-0.12004,-0.14602,0.035184
h2_L2_std_t0.5,7.375,-0.061832,-1.3308,-1.2107,-1.1854,-0.12003,-0.14537,0.025951
h2_L2_std_t0.5,7.625,-0.0073363,-1.3145,-1.1946,-1.17,-0.11994,-0.14458,0.025507
h2_L2_std_t0.5,7.875,0,-1.2521,-1.1322,-1.1083,-0.11988,-0.14381,0.030082
h2_L2_std_t0.5,8.125,0,-1.183,-1.0632,-1.04,-0.11976,-0.14297,0.030387
h2_L2_std_t0.5,8.375,0,-1.1255,-1.006,-0.98348,-0.11957,-0.14206,0.029405
h2_L2_std_t0.5,8.625,0,-1.067,-0.94761,-0.92595,-0.11939,-0.14105,0.026182
h2_L2_std_t0.5,8.875,0,-1.0124,-0.89358,-0.87264,-0.11881,-0.13975,0.023773
h2_L2_std_t0.5,9.125,0,-0.96429,-0.84562,-0.82546,-0.11867,-0.13884,0.023972
h2_L2_std_t0.5,9.375,0,-0.9118,-0.79362,-0.77432,-0.11818,-0.13748,0.023566
h2_L2_std_t0.5,9.625,0,-0.8628,-0.7449,-0.72637,-0.1179,-0.13643,0.024802
h2_L2_std_t0.5,9.875,0,-0.81046,-0.69314,-0.67546,-0.11732,-0.135,0.024608
h2_L2_std_t0.5,10.125,0,-0.76389,-0.64708,-0.63017,-0.11681,-0.13371,0.02742
h2_L2_std_t0.5,10.375,0,-0.72485,-0.60828,-0.59224,-0.11656,-0.13261,0.029455
h2_L2_std_t0.5,10.625,0,-0.68186,-0.56616,-0.55095,-0.1157,-0.13091,0.0281
h2_L2_std_t0.5,10.875,0,-0.64341,-0.52824,-0.51385,-0.11518,-0.12957,0.028624
h2_L2_std_t0.5,11.125,0,-0.60215,-0.48794,-0.47445,-0.11421,-0.1277,0.028066
h2_L2_std_t0.5,11.375,0,-0.5651,-0.45164,-0.43896,-0.11347,-0.12614,0.030066
h2_L2_std_t0.5,11.625,0,-0.53069,-0.4179,-0.40598,-0.1128,-0.12471,0.032519
h2_L2_std_t0.5,11.875,0,-0.49325,-0.38148,-0.37045,-0.11177,-0.1228,0.035039
h2_L2_std_t0.5,12.125,0,-0.46267,-0.35148,-0.34112,-0.11119,-0.12155,0.03821
h2_L2_std_t0.5,12.375,0,-0.42815,-0.31828,-0.30876,-0.10987,-0.11938,0.036678
h2_L2_std_t0.5,12.625,0,-0.39722,-0.28843,-0.27974,-0.10879,-0.11748,0.037107
h2_L2_std_t0.5,12.875,0,-0.36891,-0.26139,-0.25337,-0.10752,-0.11554,0.037131
h2_L2_std_t0.5,13.125,0,-0.33997,-0.2339,-0.22665,-0.10608,-0.11332,0.038308
h2_L2_std_t0.5,13.375,0,-0.31947,-0.21422,-0.20749,-0.10524,-0.11198,0.041483
h2_L2_std_t0.5,13.625,0,-0.29021,-0.18672,-0.1808,-0.10348,-0.10941,0.041655
h2_L2_std_t0.5,13.875,0,-0.26799,-0.16558,-0.16022,-0.10241,-0.10776,0.042855
h2_L2_std_t0.5,14.125,0,-0.24139,-0.14059,-0.13594,-0.1008,-0.10544,0.044274
h2_L2_std_t0.5,14.375,0,-0.22134,-0.12219,-0.11808,-0.099148,-0.10326,0.042783
h2_L2_std_t0.5,14.625,0,-0.20535,-0.10775,-0.10408,-0.097603,-0.10127,0.042483
h2_L2_std_t0.5,14.875,0,-0.18841,-0.092713,-0.089513,-0.095694,-0.098894,0.038823
h2_L2_std_tol1e-8,0.125,-3.0904,0.21062,0.32423,0.36588,-0.11362,-0.15526,0
h2_L2_std_tol1e-8,0.375,-3.0904,0.17483,0.28769,0.32961,-0.11285,-0.15477,0.01695
h2_L2_std_tol1e-8,0.625,-3.0904,0.13841,0.25145,0.29317,-0.11303,-0.15476,0.029298
h2_L2_std_tol1e-8,0.875,-3.0904,0.10491,0.21804,0.25966,-0.11313,-0.15475,0.034659
h2_L2_std_tol1e-8,1.125,-3.0904,0.075097,0.18834,0.22984,-0.11324,-0.15474,0.043029
h2_L2_std_tol1e-8,1.375,-3.0904,0.041429,0.15491,0.19616,-0.11348,-0.15473,0.060182
h2_L2_std_tol1e-8,1.625,-3.0904,0.01387,0.12748,0.16861,-0.11361,-0.15474,0.054468
h2_L2_std_tol1e-8,1.875,-3.0904,0.0029156,0.11696,0.15766,-0.11405,-0.15475,0.05233
h2_L2_std_tol1e-8,2.125,-3.0904,0.0013761,0.11599,0.15613,-0.11462,-0.15475,0.037221
h2_L2_std_tol1e-8,2.375,-3.0904,0.03503,0.15043,0.18976,-0.1154,-0.15473,0.02558
h2_L2_std_tol1e-8,2.625,-3.0904,0.087135,0.20322,0.24182,-0.11609,-0.15469,0.027655
h2_L2_std_tol1e-8,2.875,-3.0855,0.1417,0.25866,0.29636,-0.11695,-0.15465,0.036586
h2_L2_std_tol1e-8,3.125,-3.053,0.17228,0.29025,0.3269,-0.11796,-0.15462,0.041945
h2_L2_std_tol1e-8,3.375,-2.9867,0.18608,0.30484,0.34063,-0.11876,-0.15455,0.031826
h2_L2_std_tol1e-8,3.625,-2.8852,0.15824,0.27782,0.31277,-0.11957,-0.15453,0.032327
h2_L2_std_tol1e-8,3.875,-2.754,0.10396,0.22422,0.25845,-0.12026,-0.15449,0.031574
h2_L2_std_tol1e-8,4.125,-2.5717,-0.0025778,0.11837,0.15187,-0.12095,-0.15445,0.041246
h2_L2_std_tol1e-8,4.375,-2.3761,-0.1063,0.015248,0.048025,-0.12155,-0.15433,0.042873
h2_L2_std_tol1e-8,4.625,-2.1721,-0.21172,-0.089733,-0.057613,-0.12198,-0.1541,0.04396
h2_L2_std_tol1e-8,4.875,-1.9633,-0.31604,-0.19369,-0.16222,-0.12235,-0.15382,0.046561
h2_L2_std_tol1e-8,5.125,-1.77,-0.4095,-0.28662,-0.25595,-0.12288,-0.15355,0.044612
h2_L2_std_tol1e-8,5.375,-1.5688,-0.51142,-0.38854,-0.35824,-0.12288,-0.15317,0.050972
h2_L2_std_tol1e-8,5.625,-1.3712,-0.6025,-0.47913,-0.44962,-0.12337,-0.15288,0.050936
h2_L2_std_tol1e-8,5.875,-1.1786,-0.69771,-0.57407,-0.54518,-0.12364,-0.15253,0.052487
h2_L2_std_tol1e-8,6.125,-0.98149,-0.80566,-0.68194,-0.65353,-0.12372,-0.15213,0.05605
h2_L2_std_tol1e-8,6.375,-0.77318,-0.92272,-0.79861,-0.77111,-0.12412,-0.15161,0.051416
h2_L2_std_tol1e-8,6.625,-0.56284,-1.0515,-0.92776,-0.90064,-0.12376,-0.15089,0.049977
h2_L2_std_tol1e-8,6.875,-0.36567,-1.1689,-1.0448,-1.0186,-0.12403,-0.15025,0.045235
h2_L2_std_tol1e-8,7.125,-0.18347,-1.2782,-1.1542,-1.1286,-0.1239,-0.14959,0.034959
h2_L2_std_tol1e-8,7.375,-0.061832,-1.3314,-1.2075,-1.1824,-0.12388,-0.14893,0.025622
h2_L2_std_tol1e-8,7.625,-0.0073363,-1.3152,-1.1915,-1.1671,-0.12378,-0.14814,0.02532
h2_L2_std_tol1e-8,7.875,0,-1.2528,-1.1291,-1.1055,-0.1237,-0.14737,0.029928
h2_L2_std_tol1e-8,8.125,0,-1.1838,-1.0603,-1.0373,-0.12357,-0.14652,0.030256
h2_L2_std_tol1e-8,8.375,0,-1.1264,-1.003,-0.98081,-0.12337,-0.14561,0.029302
h2_L2_std_tol1e-8,8.625,0,-1.0679,-0.94479,-0.92337,-0.12315,-0.14457,0.026134
h2_L2_std_tol1e-8,8.875,0,-1.0134,-0.89084,-0.87014,-0.1226,-0.1433,0.023774
h2_L2_std_tol1e-8,9.125,0,-0.96537,-0.84295,-0.82302,-0.12242,-0.14235,0.023956
h2_L2_std_tol1e-8,9.375,0,-0.91297,-0.79106,-0.77199,-0.12191,-0.14099,0.023562
h2_L2_std_tol1e-8,9.625,0,-0.86401,-0.7424,-0.72409,-0.12161,-0.13992,0.024808
h2_L2_std_tol1e-8,9.875,0,-0.81177,-0.69073,-0.67328,-0.12103,-0.13848,0.024602
h2_L2_std_tol1e-8,10.125,0,-0.76527,-0.64476,-0.62807,-0.12051,-0.1372,0.027366
h2_L2_std_tol1e-8,10.375,0,-0.72626,-0.60608,-0.59023,-0.12018,-0.13602,0.029426
h2_L2_std_tol1e-8,10.625,0,-0.68337,-0.56405,-0.54905,-0.11932,-0.13432,0.028072
h2_L2_std_tol1e-8,10.875,0,-0.64497,-0.52623,-0.51203,-0.11874,-0.13294,0.028609
h2_L2_std_tol1e-8,11.125,0,-0.6038,-0.48604,-0.47274,-0.11776,-0.13106,0.028048
h2_L2_std_tol1e-8,11.375,0,-0.56682,-0.44984,-0.43734,-0.11697,-0.12947,0.030038
h2_L2_std_tol1e-8,11.625,0,-0.53246,-0.4162,-0.40445,-0.11627,-0.12802,0.032476
h2_L2_std_tol1e-8,11.875,0,-0.49509,-0.37989,-0.36903,-0.1152,-0.12607,0.034978
h2_L2_std_tol1e-8,12.125,0,-0.46456,-0.34997,-0.33977,-0.11458,-0.12479,0.038135
h2_L2_std_tol1e-8,12.375,0,-0.43012,-0.31689,-0.30751,-0.11323,-0.1226,0.036616
h2_L2_std_tol1e-8,12.625,0,-0.39921,-0.28716,-0.2786,-0.11205,-0.12061,0.037018
h2_L2_std_tol1e-8,12.875,0,-0.37098,-0.26021,-0.25231,-0.11077,-0.11867,0.037069
h2_L2_std_tol1e-8,13.125,0,-0.34208,-0.23282,-0.22569,-0.10926,-0.11639,0.038221
h2_L2_std_tol1e-8,13.375,0,-0.3216,-0.21322,-0.20659,-0.10837,-0.115,0.041387
h2_L2_std_tol1e-8,13.625,0,-0.29239,-0.18583,-0.18,-0.10656,-0.11239,0.041549
h2_L2_std_tol1e-8,13.875,0,-0.27019,-0.16477,-0.1595,-0.10543,-0.11069,0.042746
h2_L2_std_tol1e-8,14.125,0,-0.24363,-0.13988,-0.13531,-0.10376,-0.10833,0.044167
h2_L2_std_tol1e-8,14.375,0,-0.22361,-0.12156,-0.11751,-0.10205,-0.1061,0.042693
h2_L2_std_tol1e-8,14.625,0,-0.2076,-0.10719,-0.10358,-0.10041,-0.10402,0.042384
h2_L2_std_tol1e-8,14.875,0,-0.19068,-0.092221,-0.089073,-0.098464,-0.10161,0.038734
h2_L2_std_tp5,0.125,-3.0904,0.20912,0.32346,0.3636,-0.11434,-0.15448,0
h2_L2_std_tp5,0.375,-3.0904,0.17372,0.28734,0.32776,-0.11362,-0.15405,0.01695
h2_L2_std_tp5,0.625,-3.0904,0.13755,0.25134,0.29158,-0.11379,-0.15403,0.029299
h2_L2_std_tp5,0.875,-3.0904,0.10426,0.21814,0.25828,-0.11388,-0.15402,0.03469
h2_L2_std_tp5,1.125,-3.0904,0.074631,0.18862,0.22864,-0.11398,-0.15401,0.043069
h2_L2_std_tp5,1.375,-3.0904,0.041235,0.15544,0.19523,-0.11421,-0.15399,0.060223
h2_L2_std_tp5,1.625,-3.0904,0.013813,0.12815,0.16781,-0.11433,-0.154,0.054609
h2_L2_std_tp5,1.875,-3.0904,0.0029416,0.1177,0.15695,-0.11476,-0.15401,0.052566
h2_L2_std_tp5,2.125,-3.0904,0.0014287,0.11674,0.15544,-0.11531,-0.15401,0.037427
h2_L2_std_tp5,2.375,-3.0904,0.035083,0.15115,0.18907,-0.11607,-0.15399,0.025647
h2_L2_std_tp5,2.625,-3.0904,0.087117,0.20384,0.24106,-0.11673,-0.15395,0.027519
h2_L2_std_tp5,2.875,-3.0855,0.14158,0.25914,0.29549,-0.11756,-0.15391,0.036424
h2_L2_std_tp5,3.125,-3.053,0.17224,0.29075,0.32609,-0.11852,-0.15385,0.041601
h2_L2_std_tp5,3.375,-2.9867,0.18618,0.30546,0.33997,-0.11928,-0.15379,0.031357
h2_L2_std_tp5,3.625,-2.8852,0.15874,0.27881,0.31251,-0.12007,-0.15377,0.031534
h2_L2_std_tp5,3.875,-2.754,0.10452,0.22524,0.25825,-0.12072,-0.15373,0.030837
h2_L2_std_tp5,4.125,-2.5717,-0.0016343,0.11975,0.15204,-0.12139,-0.15368,0.040768
h2_L2_std_tp5,4.375,-2.3761,-0.10514,0.016805,0.048399,-0.12195,-0.15354,0.042472
h2_L2_std_tp5,4.625,-2.1721,-0.2106,-0.088255,-0.057297,-0.12235,-0.15331,0.043579
h2_L2_std_tp5,4.875,-1.9633,-0.31512,-0.19243,-0.1621,-0.12269,-0.15302,0.046185
h2_L2_std_tp5,5.125,-1.77,-0.40881,-0.28562,-0.25606,-0.12319,-0.15275,0.044418
h2_L2_std_tp5,5.375,-1.5688,-0.51089,-0.38774,-0.35855,-0.12315,-0.15234,0.050924
h2_L2_std_tp5,5.625,-1.3712,-0.6023,-0.47868,-0.45025,-0.12361,-0.15205,0.050962
h2_L2_std_tp5,5.875,-1.1786,-0.6977,-0.57385,-0.54602,-0.12385,-0.15169,0.052494
h2_L2_std_tp5,6.125,-0.98149,-0.80586,-0.68196,-0.65458,-0.1239,-0.15128,0.056032
h2_L2_std_tp5,6.375,-0.77318,-0.92299,-0.7987,-0.7722,-0.12429,-0.15079,0.051442
h2_L2_std_tp5,6.625,-0.56284,-1.0519,-0.92801,-0.90188,-0.12388,-0.15002,0.049995
h2_L2_std_tp5,6.875,-0.36567,-1.1693,-1.0451,-1.0199,-0.12415,-0.14941,0.045268
h2_L2_std_tp5,7.125,-0.18347,-1.2786,-1.1546,-1.1299,-0.12399,-0.14873,0.034973
h2_L2_std_tp5,7.375,-0.061832,-1.3319,-1.2079,-1.1838,-0.12394,-0.14808,0.025606
h2_L2_std_tp5,7.625,-0.0073363,-1.3158,-1.192,-1.1685,-0.12381,-0.14728,0.025286
h2_L2_std_tp5,7.875,0,-1.2534,-1.1297,-1.1069,-0.12371,-0.14651,0.029882
h2_L2_std_tp5,8.125,0,-1.1845,-1.0609,-1.0388,-0.12355,-0.14566,0.030202
h2_L2_std_tp5,8.375,0,-1.127,-1.0037,-0.98229,-0.12332,-0.14475,0.029238
h2_L2_std_tp5,8.625,0,-1.0686,-0.94549,-0.92485,-0.12309,-0.14373,0.026068
h2_L2_std_tp5,8.875,0,-1.0141,-0.89159,-0.87165,-0.12249,-0.14243,0.023686
h2_L2_std_tp5,9.125,0,-0.96598,-0.84368,-0.82448,-0.12229,-0.1415,0.023862
h2_L2_std_tp5,9.375,0,-0.91357,-0.79181,-0.77344,-0.12176,-0.14014,0.02345
h2_L2_std_tp5,9.625,0,-0.86458,-0.74314,-0.7255,-0.12144,-0.13908,0.024672
h2_L2_std_tp5,9.875,0,-0.81232,-0.6915,-0.67468,-0.12082,-0.13764,0.024453
h2_L2_std_tp5,10.125,0,-0.76581,-0.64554,-0.62946,-0.12027,-0.13635,0.027206
h2_L2_std_tp5,10.375,0,-0.72673,-0.60678,-0.59152,-0.11995,-0.13522,0.029239
h2_L2_std_tp5,10.625,0,-0.68381,-0.56476,-0.5503,-0.11905,-0.13351,0.027894
h2_L2_std_tp5,10.875,0,-0.64534,-0.52688,-0.51319,-0.11847,-0.13215,0.028412
h2_L2_std_tp5,11.125,0,-0.60414,-0.48668,-0.47386,-0.11745,-0.13027,0.027845
h2_L2_std_tp5,11.375,0,-0.5671,-0.45045,-0.4384,-0.11665,-0.1287,0.02981
h2_L2_std_tp5,11.625,0,-0.53269,-0.41676,-0.40543,-0.11593,-0.12725,0.032247
h2_L2_std_tp5,11.875,0,-0.49529,-0.38044,-0.36997,-0.11485,-0.12532,0.034759
h2_L2_std_tp5,12.125,0,-0.46468,-0.35046,-0.34062,-0.11422,-0.12406,0.037894
h2_L2_std_tp5,12.375,0,-0.43021,-0.31737,-0.30834,-0.11284,-0.12188,0.036377
h2_L2_std_tp5,12.625,0,-0.39927,-0.28759,-0.27933,-0.11168,-0.11994,0.036778
h2_L2_std_tp5,12.875,0,-0.37099,-0.26061,-0.253,-0.11038,-0.11799,0.036826
h2_L2_std_tp5,13.125,0,-0.34207,-0.2332,-0.22633,-0.10887,-0.11574,0.037991
h2_L2_std_tp5,13.375,0,-0.32151,-0.21353,-0.20714,-0.10799,-0.11438,0.041142
h2_L2_std_tp5,13.625,0,-0.2923,-0.18614,-0.18051,-0.10616,-0.11179,0.041336
h2_L2_std_tp5,13.875,0,-0.27006,-0.16502,-0.15994,-0.10504,-0.11011,0.042534
h2_L2_std_tp5,14.125,0,-0.24349,-0.14012,-0.13571,-0.10337,-0.10777,0.043968
h2_L2_std_tp5,14.375,0,-0.22344,-0.12177,-0.11787,-0.10167,-0.10557,0.04249
h2_L2_std_tp5,14.625,0,-0.20741,-0.10735,-0.10388,-0.10006,-0.10354,0.042179
h2_L2_std_tp5,14.875,0,-0.19049,-0.092381,-0.089346,-0.098111,-0.10115,0.038562
h2_L2_std_x05,0.125,-3.0904,0.22363,0.31712,0.34869,-0.093493,-0.12506,0
h2_L2_std_x05,0.375,-3.0904,0.18875,0.28165,0.31339,-0.092897,-0.12465,0.016555
h2_L2_std_x05,0.625,-3.0904,0.1532,0.24637,0.27781,-0.093168,-0.12462,0.028655
h2_L2_std_x05,0.875,-3.0904,0.12051,0.21382,0.2451,-0.093317,-0.12459,0.033938
h2_L2_std_x05,1.125,-3.0904,0.091338,0.18483,0.21591,-0.093491,-0.12457,0.042057
h2_L2_std_x05,1.375,-3.0904,0.058526,0.15236,0.18307,-0.093836,-0.12454,0.058958
h2_L2_std_x05,1.625,-3.0904,0.031527,0.12554,0.15606,-0.094015,-0.12453,0.053464
h2_L2_std_x05,1.875,-3.0904,0.02088,0.11544,0.1454,-0.094558,-0.12452,0.051251
h2_L2_std_x05,2.125,-3.0904,0.019398,0.11466,0.1439,-0.095263,-0.1245,0.036372
h2_L2_std_x05,2.375,-3.0904,0.052724,0.14901,0.17718,-0.096285,-0.12445,0.025099
h2_L2_std_x05,2.625,-3.0904,0.10468,0.20186,0.22907,-0.097175,-0.12438,0.027656
h2_L2_std_x05,2.875,-3.0855,0.159,0.25726,0.28331,-0.098262,-0.12431,0.036929
h2_L2_std_x05,3.125,-3.053,0.18935,0.28888,0.31356,-0.099531,-0.12421,0.042379
h2_L2_std_x05,3.375,-2.9867,0.2031,0.30367,0.32725,-0.10057,-0.12415,0.032247
h2_L2_std_x05,3.625,-2.8852,0.1751,0.27668,0.29918,-0.10159,-0.12408,0.032732
h2_L2_std_x05,3.875,-2.754,0.121,0.2234,0.24498,-0.1024,-0.12399,0.031924
h2_L2_std_x05,4.125,-2.5717,0.014462,0.11773,0.13836,-0.10327,-0.1239,0.041378
h2_L2_std_x05,4.375,-2.3761,-0.089292,0.01472,0.034431,-0.10401,-0.12372,0.043073
h2_L2_std_x05,4.625,-2.1721,-0.19475,-0.090224,-0.071289,-0.10453,-0.12346,0.044425
h2_L2_std_x05,4.875,-1.9633,-0.29943,-0.19447,-0.17628,-0.10497,-0.12316,0.047483
h2_L2_std_x05,5.125,-1.77,-0.3925,-0.28688,-0.26963,-0.10562,-0.12287,0.045774
h2_L2_std_x05,5.375,-1.5688,-0.49474,-0.38919,-0.37226,-0.10555,-0.12248,0.052091
h2_L2_std_x05,5.625,-1.3712,-0.58567,-0.47952,-0.4635,-0.10614,-0.12216,0.052194
h2_L2_std_x05,5.875,-1.1786,-0.68052,-0.57408,-0.5587,-0.10644,-0.12181,0.053641
h2_L2_std_x05,6.125,-0.98149,-0.7884,-0.68194,-0.66697,-0.10646,-0.12143,0.057447
h2_L2_std_x05,6.375,-0.77318,-0.9047,-0.79777,-0.78375,-0.10693,-0.12095,0.052451
h2_L2_std_x05,6.625,-0.56284,-1.0331,-0.92672,-0.91278,-0.10634,-0.12027,0.050949
h2_L2_std_x05,6.875,-0.36567,-1.1497,-1.043,-1.03,-0.10666,-0.11969,0.046039
h2_L2_std_x05,7.125,-0.18347,-1.2584,-1.152,-1.1393,-0.1064,-0.11908,0.035732
h2_L2_std_x05,7.375,-0.061832,-1.3113,-1.205,-1.1928,-0.10629,-0.1185,0.026666
h2_L2_std_x05,7.625,-0.0073363,-1.2946,-1.1885,-1.1768,-0.10608,-0.11778,0.026406
h2_L2_std_x05,7.875,0,-1.2317,-1.1258,-1.1146,-0.10592,-0.11709,0.030937
h2_L2_std_x05,8.125,0,-1.1622,-1.0566,-1.0459,-0.10565,-0.11634,0.031288
h2_L2_std_x05,8.375,0,-1.1047,-0.9994,-0.98916,-0.10533,-0.11556,0.030084
h2_L2_std_x05,8.625,0,-1.0461,-0.94115,-0.93145,-0.10497,-0.11468,0.02661
h2_L2_std_x05,8.875,0,-0.99151,-0.88734,-0.87795,-0.10418,-0.11357,0.024226
h2_L2_std_x05,9.125,0,-0.94356,-0.83964,-0.83078,-0.10391,-0.11278,0.024344
h2_L2_std_x05,9.375,0,-0.89112,-0.78791,-0.77951,-0.10321,-0.11161,0.023793
h2_L2_std_x05,9.625,0,-0.84226,-0.73947,-0.73154,-0.10279,-0.11072,0.024921
h2_L2_std_x05,9.875,0,-0.79005,-0.68805,-0.68055,-0.102,-0.10949,0.024648
h2_L2_std_x05,10.125,0,-0.74365,-0.64236,-0.63523,-0.10129,-0.10841,0.027428
h2_L2_std_x05,10.375,0,-0.70482,-0.60385,-0.59734,-0.10097,-0.10748,0.029444
h2_L2_std_x05,10.625,0,-0.66209,-0.5622,-0.55603,-0.099891,-0.10606,0.028015
h2_L2_std_x05,10.875,0,-0.6239,-0.52464,-0.51894,-0.09926,-0.10496,0.028501
h2_L2_std_x05,11.125,0,-0.58293,-0.48484,-0.47953,-0.098089,-0.1034,0.027873
h2_L2_std_x05,11.375,0,-0.54616,-0.44895,-0.44405,-0.097208,-0.10211,0.029803
h2_L2_std_x05,11.625,0,-0.51202,-0.41558,-0.41107,-0.096442,-0.10095,0.032216
h2_L2_std_x05,11.875,0,-0.47489,-0.37966,-0.37553,-0.095229,-0.099355,0.034705
h2_L2_std_x05,12.125,0,-0.44454,-0.34991,-0.34617,-0.094629,-0.098372,0.037851
h2_L2_std_x05,12.375,0,-0.41031,-0.31716,-0.31372,-0.093153,-0.096597,0.036336
h2_L2_std_x05,12.625,0,-0.37961,-0.28756,-0.28457,-0.092048,-0.095032,0.036729
h2_L2_std_x05,12.875,0,-0.35156,-0.2608,-0.25807,-0.090756,-0.093493,0.036782
h2_L2_std_x05,13.125,0,-0.32286,-0.23361,-0.23118,-0.089248,-0.09168,0.037944
h2_L2_std_x05,13.375,0,-0.30252,-0.21398,-0.21186,-0.088533,-0.090653,0.041104
h2_L2_std_x05,13.625,0,-0.27352,-0.18682,-0.18496,-0.086694,-0.088554,0.041284
h2_L2_std_x05,13.875,0,-0.25149,-0.1658,-0.16422,-0.085691,-0.087265,0.042487
h2_L2_std_x05,14.125,0,-0.22511,-0.14105,-0.13972,-0.084066,-0.085396,0.043924
h2_L2_std_x05,14.375,0,-0.20528,-0.12274,-0.1216,-0.082538,-0.08368,0.042444
h2_L2_std_x05,14.625,0,-0.18946,-0.10824,-0.10734,-0.081218,-0.082119,0.042116
h2_L2_std_x05,14.875,0,-0.17275,-0.093276,-0.09249,-0.079477,-0.080263,0.038473
h2_L4_std,0.125,-3.0904,0.22954,0.34024,0.38302,-0.1107,-0.15348,0
h2_L4_std,0.375,-3.0904,0.19101,0.30112,0.34404,-0.11011,-0.15303,0.017693
h2_L4_std,0.625,-3.0904,0.15198,0.26225,0.30499,-0.11027,-0.15301,0.03056
h2_L4_std,0.875,-3.0904,0.11622,0.22656,0.26921,-0.11034,-0.15299,0.036121
h2_L4_std,1.125,-3.0904,0.0843,0.19474,0.23728,-0.11044,-0.15298,0.044718
h2_L4_std,1.375,-3.0904,0.048112,0.15877,0.20107,-0.11066,-0.15296,0.062654
h2_L4_std,1.625,-3.0904,0.018612,0.12939,0.17157,-0.11078,-0.15295,0.056525
h2_L4_std,1.875,-3.0904,0.0063714,0.11758,0.15933,-0.11121,-0.15295,0.053763
h2_L4_std,2.125,-3.0904,0.0037384,0.11553,0.15669,-0.1118,-0.15295,0.037726
h2_L4_std,2.375,-3.0904,0.037037,0.14963,0.18995,-0.1126,-0.15292,0.025506
h2_L4_std,2.625,-3.0904,0.088787,0.20208,0.24165,-0.1133,-0.15287,0.027189
h2_L4_std,2.875,-3.0855,0.14316,0.25734,0.29597,-0.11418,-0.15282,0.036233
h2_L4_std,3.125,-3.053,0.17368,0.28888,0.32642,-0.11519,-0.15274,0.041516
h2_L4_std,3.375,-2.9867,0.18719,0.30322,0.33987,-0.11603,-0.15268,0.031554
h2_L4_std,3.625,-2.8852,0.15912,0.27599,0.31177,-0.11686,-0.15265,0.032237
h2_L4_std,3.875,-2.754,0.10456,0.2221,0.25714,-0.11754,-0.15258,0.031684
h2_L4_std,4.125,-2.5717,-0.0022547,0.11598,0.15026,-0.11824,-0.15251,0.041496
h2_L4_std,4.375,-2.3761,-0.10626,0.012584,0.046108,-0.11884,-0.15236,0.043261
h2_L4_std,4.625,-2.1721,-0.21186,-0.092589,-0.05975,-0.11927,-0.15211,0.044479
h2_L4_std,4.875,-1.9633,-0.31642,-0.19678,-0.16462,-0.11964,-0.1518,0.047288
h2_L4_std,5.125,-1.77,-0.40993,-0.28975,-0.25842,-0.12018,-0.15151,0.045416
h2_L4_std,5.375,-1.5688,-0.51207,-0.3919,-0.36098,-0.12016,-0.15108,0.051848
h2_L4_std,5.625,-1.3712,-0.60326,-0.4826,-0.4525,-0.12067,-0.15077,0.051835
h2_L4_std,5.875,-1.1786,-0.69853,-0.57759,-0.54814,-0.12094,-0.15039,0.053365
h2_L4_std,6.125,-0.98149,-0.80668,-0.68567,-0.65672,-0.12101,-0.14996,0.056919
h2_L4_std,6.375,-0.77318,-0.92389,-0.80246,-0.77445,-0.12144,-0.14944,0.052044
h2_L4_std,6.625,-0.56284,-1.0529,-0.93182,-0.90421,-0.12105,-0.14866,0.050518
h2_L4_std,6.875,-0.36567,-1.1704,-1.049,-1.0223,-0.12135,-0.14802,0.045593
h2_L4_std,7.125,-0.18347,-1.2798,-1.1586,-1.1325,-0.12122,-0.14733,0.03528
h2_L4_std,7.375,-0.061832,-1.3331,-1.2119,-1.1865,-0.1212,-0.14665,0.025965
h2_L4_std,7.625,-0.0073363,-1.3171,-1.196,-1.1713,-0.1211,-0.14583,0.025508
h2_L4_std,7.875,0,-1.2547,-1.1337,-1.1097,-0.12102,-0.14503,0.030016
h2_L4_std,8.125,0,-1.1858,-1.0649,-1.0416,-0.1209,-0.14416,0.030229
h2_L4_std,8.375,0,-1.1282,-1.0075,-0.98496,-0.12069,-0.14323,0.029286
h2_L4_std,8.625,0,-1.0695,-0.94902,-0.92733,-0.12049,-0.14218,0.026168
h2_L4_std,8.875,0,-1.0148,-0.89484,-0.87389,-0.11992,-0.14087,0.023745
h2_L4_std,9.125,0,-0.96643,-0.8467,-0.82653,-0.11974,-0.1399,0.023963
h2_L4_std,9.375,0,-0.91378,-0.79455,-0.77526,-0.11923,-0.13852,0.023534
h2_L4_std,9.625,0,-0.86454,-0.74561,-0.72711,-0.11892,-0.13743,0.024759
h2_L4_std,9.875,0,-0.81203,-0.69369,-0.67606,-0.11834,-0.13597,0.024536
h2_L4_std,10.125,0,-0.76532,-0.6475,-0.63065,-0.11782,-0.13467,0.027275
h2_L4_std,10.375,0,-0.72614,-0.60864,-0.59264,-0.1175,-0.1335,0.029219
h2_L4_std,10.625,0,-0.6831,-0.56647,-0.55133,-0.11663,-0.13177,0.027802
h2_L4_std,10.875,0,-0.64455,-0.52849,-0.51417,-0.11606,-0.13038,0.028232
h2_L4_std,11.125,0,-0.60329,-0.48822,-0.4748,-0.11507,-0.12849,0.02759
h2_L4_std,11.375,0,-0.56621,-0.45193,-0.43932,-0.11429,-0.12689,0.02948
h2_L4_std,11.625,0,-0.53175,-0.41817,-0.40633,-0.11357,-0.12541,0.03186
h2_L4_std,11.875,0,-0.49436,-0.38184,-0.37089,-0.11252,-0.12346,0.034334
h2_L4_std,12.125,0,-0.46368,-0.35179,-0.34151,-0.11188,-0.12217,0.037405
h2_L4_std,12.375,0,-0.42924,-0.31871,-0.30927,-0.11053,-0.11997,0.035843
h2_L4_std,12.625,0,-0.39832,-0.28895,-0.28032,-0.10938,-0.118,0.036218
h2_L4_std,12.875,0,-0.37003,-0.26195,-0.254,-0.10808,-0.11602,0.036205
h2_L4_std,13.125,0,-0.34118,-0.2346,-0.22742,-0.10658,-0.11376,0.037345
h2_L4_std,13.375,0,-0.32055,-0.21488,-0.2082,-0.10568,-0.11235,0.040432
h2_L4_std,13.625,0,-0.29145,-0.18757,-0.18169,-0.10388,-0.10975,0.04062
h2_L4_std,13.875,0,-0.26917,-0.16643,-0.16113,-0.10273,-0.10804,0.041794
h2_L4_std,14.125,0,-0.24265,-0.14158,-0.13697,-0.10108,-0.10568,0.043237
h2_L4_std,14.375,0,-0.22256,-0.12319,-0.11911,-0.099369,-0.10345,0.041824
h2_L4_std,14.625,0,-0.20643,-0.10868,-0.10505,-0.097751,-0.10138,0.041612
h2_L4_std,14.875,0,-0.18944,-0.093643,-0.090471,-0.095793,-0.098965,0.038127
