step,increment,t,tool,cx,cy,cz,fx,fy,fz,active_nodes,max_penetration_m
1,1,0.0032408141279138035,tool,0.0046824562827488935,0,0.0056604191660437671,0,0,0,0,0
1,1,0.0032408141279138035,support,0.0055656264008143884,0,-0.007793487160610596,0,0,0,0,0
1,2,0.0064816282558276071,tool,0.0046824562827488935,0,0.0053208383320875333,0,0,0,0,0
1,2,0.0064816282558276071,support,0.0064487965188798823,0,-0.0073244343463602386,0,0,0,0,0
1,3,0.0097224423837414115,tool,0.0046824562827488935,0,0.0049812574981312994,0,0,0,0,0
1,3,0.0097224423837414115,support,0.0073319666369453772,0,-0.0068553815321098794,0,0,0,0,0
1,4,0.012963256511655214,tool,0.0046824562827488935,0,0.0046416766641750656,0,0,0,0,0
1,4,0.012963256511655214,support,0.0082151367550108712,0,-0.006386328717859522,0,0,0,0,0
1,5,0.016204070639569017,tool,0.0046824562827488935,0,0.0043020958302188318,0,0,0,0,0
1,5,0.016204070639569017,support,0.0090983068730763651,0,-0.0059172759036091654,0,0,0,0,0
1,6,0.019087143936583246,tool,0.0046824562827488935,0,0.0040000000000000001,0,0,0,0,0
1,6,0.019087143936583246,support,0.009883987286582404,0,-0.0054999999999999997,0,0,0,0,0
1,7,0.02361390176860188,tool,0.0046342040927013946,0.00047158852356902076,0.0039838599812341826,0,0,0,0,0
1,7,0.02361390176860188,support,0.0098355833246579413,0.00099882784125694788,-0.0054999999999999997,0,0,0,0,0
1,8,0.028140659600620514,tool,0.0045859519026538956,0.00094317704713804153,0.0039677199624683652,0,0,0,0,0
1,8,0.028140659600620514,support,0.009787179362733477,0.0019976556825138958,-0.0054999999999999997,0,0,0,0,0
1,9,0.028436075305456481,tool,0.0045828029701813124,0.00097395286092187062,0.003966666666666667,0,0,0,0,0
1,9,0.028436075305456481,support,0.0097840205256453459,0.0020628390746201901,-0.0054999999999999997,0,0,0,0,0
1,10,0.032902833877793372,tool,0.0044365020608453445,0.0014182527636795567,0.003950741051697868,0,0,0,0,0
1,10,0.032902833877793372,support,0.0094669133060787253,0.0030112287684163244,-0.0054999999999999997,0,0,0,0,0
1,11,0.037369592450130266,tool,0.0042902011515093749,0.0018625526664372435,0.0039348154367290691,12.369875074107663,-15.37962283864605,117.91845942227793,1,8.4975332140593829e-08
1,11,0.037369592450130266,support,0.0091498060865121029,0.0039596184622124591,-0.0054999999999999997,0,0,0,0,0
1,12,0.037785287420840148,tool,0.0042765857856380506,0.0019039010473878245,0.0039333333333333338,12.615251310513573,-14.925625785482886,124.52693980238809,1,8.9589659762849549e-08
1,12,0.037785287420840148,support,0.0091202947811180723,0.0040478795176511198,-0.0054999999999999997,0,0,0,0,0
1,13,0.042100690315207176,tool,0.0040512883248845638,0.0022956535479145253,0.0039179422079813923,9.4441339759658458,-1.8655486986504393,150.11820202622582,1,1.0691429302382011e-07
1,13,0.042100690315207176,support,0.0086137551676709005,0.0049100962073578263,-0.0054999999999999997,0,0,0,0,0
1,14,0.046416093209574204,tool,0.0038259908641310775,0.0026874060484412257,0.0039025510826294504,0.39534343858209198,5.5934345078728533,64.587332762887598,1,4.6077534651516039e-08
1,14,0.046416093209574204,support,0.0081072155542237286,0.0057723128970645328,-0.0054999999999999997,0,0,0,0,0
1,15,0.047131372249355999,tool,0.0037886477572792506,0.0027523391170950523,0.0039000000000000003,-0.13545622712622407,3.980484308549153,38.572881077115646,1,2.7561076376865501e-08
1,15,0.047131372249355999,support,0.0080232564947368672,0.0059152255151893145,-0.0054999999999999997,0,0,0,0,0
1,16,0.051827253261316347,tool,0.0034579406989816738,0.0031162926879521042,0.0038832554419687042,0,0,0,0,0
1,16,0.051827253261316347,support,0.0073659253387659942,0.0066688273672239253,-0.0054999999999999997,0,0,0,0,0
1,17,0.056479446218987574,tool,0.0031303103685398287,0.003476860222552738,0.0038666666666666667,0,0,0,0,0
1,17,0.056479446218987574,support,0.006714709652747371,0.0074154180964170046,-0.0054999999999999997,0,0,0,0,0
1,18,0.060908391936976627,tool,0.002754940727395926,0.0037492839575653351,0.0038508626186180978,39.567977130970164,-17.835773551573773,141.77764907315785,1,1.0538310017335628e-07
1,18,0.060908391936976627,support,0.0059058833219662911,0.0080034656851674518,-0.0054999999999999997,0,0,0,0,0
1,19,0.065337337654965688,tool,0.0023795710862520225,0.0040217076925779319,0.0038350585705695288,41.342599721835796,-12.405058065461875,231.19866516530996,1,1.671615319654568e-07
1,19,0.065337337654965688,support,0.0050970569911852085,0.0085915132739178973,-0.0054999999999999997,0,0,0,0,0
1,20,0.065820820244127706,tool,0.002338594136533281,0.0040514466284646607,0.0038333333333333336,39.589450764215599,-10.886132913915961,235.54996872116291,1,1.699393415519751e-07
1,20,0.065820820244127706,support,0.005008762061987926,0.0086557070547548954,-0.0054999999999999997,0,0,0,0,0
1,21,0.070224919255267415,tool,0.0019172835590827416,0.0042390828001342756,0.0038176100256392129,18.069524669342986,4.9432944827640899,252.97988440009826,1,1.8029544828716132e-07
1,21,0.070224919255267415,support,0.0040961953618056943,0.0090646349429191961,-0.0055000000000000005,0,0,0,0,0
1,22,0.074629018266407124,tool,0.0014959729816322023,0.0044267189718038905,0.0038018867179450922,-6.2869872191011176,12.086908080294242,180.4540427630111,1,1.2862108326235772e-07
1,22,0.074629018266407124,support,0.003183628661623463,0.0094735628310834968,-0.0055000000000000014,0,0,0,0,0
1,23,0.075157488025946836,tool,0.0014454178285819067,0.0044492343699074248,0.0038,-7.797746109344537,11.849721022414169,163.19516073622495,1,1.1642681687577122e-07
1,23,0.075157488025946836,support,0.0030741252414257297,0.0095226321236177129,-0.0055000000000000014,0,0,0,0,0
1,24,0.07974394095344621,tool,0.00097571605921893689,0.0045495822206078115,0.0037836290979922967,17.327276580179419,5.7014931168706866,48.301677696635039,1,3.6696491029913902e-08
1,24,0.07974394095344621,support,0.0020898619829704309,0.0096993404653986284,-0.0055000000000000014,0,0,0,0,0
1,25,0.084330393880945584,tool,0.00050601428985596686,0.004649930071308199,0.0037672581959845935,50.724670286248255,32.421432319322413,219.7252669215423,1,1.6192313617019449e-07
1,25,0.084330393880945584,support,0.0011055987245151321,0.0098760488071795438,-0.0054999999999999997,0,0,0,0,0
1,26,0.084496116048889014,tool,0.00048904256971926067,0.0046535559372288589,0.0037666666666666669,50.290947050749736,32.77525248192142,222.41206927857365,1,1.6373365995404204e-07
1,26,0.084496116048889014,support,0.0010700343693158714,0.0098824338044653619,-0.0054999999999999997,0,0,0,0,0
1,27,0.088860389475122314,tool,3.2008119478254285e-05,0.0046535559372288589,0.0037510908429879168,28.899164991767286,44.202700807666567,263.520887611923,1,1.910191883584475e-07
1,27,0.088860389475122314,support,7.003436931587038e-05,0.0098824338044653619,-0.0054999999999999997,0,0,0,0,0
1,28,0.093224662901355615,tool,-0.0004250263307627521,0.0046535559372288589,0.0037355150193091663,-1.7338976145540812,41.253597484049159,246.76737175829456,1,1.7782588563122759e-07
1,28,0.093224662901355615,support,-0.00092996563068413083,0.0098824338044653619,-0.0054999999999999997,0,0,0,0,0
1,29,0.09383596117521216,tool,-0.00048904256971926316,0.0046535559372288589,0.0037333333333333333,-5.4900164057625318,39.063781628820564,234.62806960056832,1,1.6910024568106419e-07
1,29,0.09383596117521216,support,-0.0010700343693158766,0.0098824338044653619,-0.0054999999999999997,0,0,0,0,0
1,30,0.098422414102711533,tool,-0.00095874433908223298,0.0045532080865284714,0.00371696243132563,52.975249557443888,23.309851964828908,138.91832185215549,1,1.0696124733405171e-07
1,30,0.098422414102711533,support,-0.0020542976277711754,0.0097057254626844464,-0.0054999999999999997,0,0,0,0,0
1,31,0.10300886703021091,tool,-0.0014284461084452028,0.0044528602358280848,0.0037005915293179268,70.697043022877466,39.806322543717627,284.70772266542258,1,2.1040942700147058e-07
1,31,0.10300886703021091,support,-0.0030385608862264738,0.009529017120903531,-0.0054999999999999997,0,0,0,0,0
1,32,0.10317458919815432,tool,-0.0014454178285819076,0.0044492343699074248,0.0037000000000000002,69.93083430797931,39.71010442206444,286.82012609389795,1,2.1171608608622217e-07
1,32,0.10317458919815432,support,-0.0030741252414257314,0.0095226321236177129,-0.0054999999999999997,0,0,0,0,0
1,33,0.10757868820929402,tool,-0.0018667284060324457,0.00426159819823781,0.0036842766923058795,40.416995825839678,34.726619539362332,319.55708503049061,1,2.3025831981035583e-07
1,33,0.10757868820929402,support,-0.0039866919416079605,0.0091137042354534105,-0.0055000000000000005,0,0,0,0,0
1,34,0.11198278722043371,tool,-0.0022880389834829843,0.0040739620265681951,0.0036685533846117589,6.4120763445447224,19.779180473367809,326.04490247021693,1,2.3220416895709806e-07
1,34,0.11198278722043371,support,-0.0048992586417901897,0.0087047763472891098,-0.0055000000000000014,0,0,0,0,0
1,35,0.11251125697997347,tool,-0.0023385941365332841,0.004051446628464659,0.0036666666666666666,2.2632538112464289,17.648348984470211,322.02236485943678,1,2.2922355479536305e-07
1,35,0.11251125697997347,support,-0.0050087620619879312,0.0086557070547548902,-0.0055000000000000014,0,0,0,0,0
1,36,0.11694020269796253,tool,-0.0027139637776771872,0.0037790228934520614,0.0036508626186180981,-22.450175219804997,0.96225042503931668,227.75467230853658,1,1.6266050414850269e-07
1,36,0.11694020269796253,support,-0.005817588392769012,0.0080676594660044412,-0.0055000000000000014,0,0,0,0,0
1,37,0.12136914841595159,tool,-0.0030893334188210899,0.0035065991584394642,0.0036350585705695292,86.114247048346385,-17.734612508077081,269.58971065926738,1,2.0154083176741194e-07
1,37,0.12136914841595159,support,-0.0066264147235500937,0.0074796118772539949,-0.0055000000000000014,0,0,0,0,0
1,38,0.12185263100511361,tool,-0.0031303103685398313,0.0034768602225527354,0.0036333333333333335,85.858384031656897,-20.773438967532933,277.5667277163929,1,2.0702758121281944e-07
1,38,0.12185263100511361,support,-0.0067147096527473762,0.0074154180964169977,-0.0055000000000000014,0,0,0,0,0
1,39,0.12654851201707393,tool,-0.0034610174268374068,0.0031129066516956861,0.0036165887753020374,59.836802423921341,-44.284741046257139,288.88258667682169,1,2.1202810046409837e-07
1,39,0.12654851201707393,support,-0.0073720408087182502,0.0066618162443823885,-0.0055000000000000005,0,0,0,0,0
1,40,0.13120070497474515,tool,-0.0037886477572792515,0.0027523391170950532,0.0035999999999999999,39.045665695910039,85.689231604191477,315.58738132099597,1,2.3407298324010922e-07
1,40,0.13120070497474515,support,-0.0080232564947368759,0.0059152255151893067,-0.0054999999999999997,0,0,0,0,0
1,41,0.1355161078691122,tool,-0.0040139452180327374,0.0023605866165683489,0.0035846088746480584,15.96868502005227,62.629781330450911,346.81722936888366,1,2.5074115133673358e-07
1,41,0.1355161078691122,support,-0.0085297961081840477,0.0050530088254825984,-0.0054999999999999997,0,0,0,0,0
1,42,0.13983151076347924,tool,-0.004239242678786225,0.0019688341160416455,0.0035692177492961169,-3.9236906591264287,28.572400383632608,355.29189351694447,1,2.5335105770761535e-07
1,42,0.13983151076347924,support,-0.0090363357216312178,0.004190792135775891,-0.0054999999999999997,0,0,0,0,0
1,43,0.14054678980326099,tool,-0.0042765857856380488,0.0019039010473878232,0.0035666666666666668,-7.1534931634177852,22.586300105427604,353.20500543061047,1,2.5160134670392659e-07
1,43,0.14054678980326099,support,-0.009120294781118074,0.0040478795176511198,-0.0054999999999999997,0,0,0,0,0
1,44,0.14501354837559793,tool,-0.0044228866949740202,0.0014596011446301323,0.0035507410516978678,-20.847293210065558,-10.924352028846858,274.14002611655906,1,1.9555928909911757e-07
1,44,0.14501354837559793,support,-0.0094374020006846911,0.0030994898238549838,-0.0054999999999999997,0,0,0,0,0
1,45,0.14948030694793488,tool,-0.0045691876043099907,0.0010153012418724413,0.0035348154367290689,-29.220295833757699,92.518299439403862,252.80603842134911,1,1.9245774884098926e-07
1,45,0.14948030694793488,support,-0.0097545092202513083,0.0021511001300588465,-0.0054999999999999997,0,0,0,0,0
1,46,0.14989600191864466,tool,-0.0045828029701813124,0.00097395286092186986,0.0035333333333333336,-32.675058605465608,94.633695010070142,265.97997450452715,1,2.0199117729737676e-07
1,46,0.14989600191864466,support,-0.0097840205256453303,0.0020628390746202079,-0.0054999999999999997,0,0,0,0,0
1,47,0.15442275975066325,tool,-0.0046310551602288114,0.00050236433735285403,0.0035171933145675162,-52.644742821810553,78.531685367463211,338.68140871014475,1,2.4991794082569047e-07
1,47,0.15442275975066325,support,-0.0098324244875697998,0.0010640112333632609,-0.0054999999999999997,0,0,0,0,0
1,48,0.15894951758268183,tool,-0.0046793073502763094,3.0775813783838225e-05,0.0035010532958016987,-59.014213065628304,38.75051167229028,356.09393617375196,1,2.5801671695198369e-07
1,48,0.15894951758268183,support,-0.0098808284494942659,6.5183392106313851e-05,-0.0054999999999999997,0,0,0,0,0
1,49,0.1592449332875179,tool,-0.0046824562827488935,-1.7341816717995267e-18,0.0035000000000000001,-59.051990102907716,35.938803241045072,356.41726949555954,1,2.5804102639186144e-07
1,49,0.1592449332875179,support,-0.0098839872865823988,-3.9774002938932904e-18,-0.0054999999999999997,0,0,0,0,0
1,50,0.16377169111953649,tool,-0.0046342040927013946,-0.00047158852356901681,0.0034838599812341826,-60.42042255851846,-6.7550494948495228,346.37742493780695,1,2.4994804336073845e-07
1,50,0.16377169111953649,support,-0.0098355833246579309,-0.00099882784125694983,-0.0054999999999999997,0,0,0,0,0
1,51,0.16829844895155507,tool,-0.0045859519026538956,-0.00094317704713803188,0.0034677199624683647,-50.001519272787888,116.17204780784301,300.02817981720403,1,2.3141465080485368e-07
1,51,0.16829844895155507,support,-0.0097871793627334631,-0.0019976556825138958,-0.0054999999999999997,0,0,0,0,0
1,52,0.16859386465639115,tool,-0.0045828029701813116,-0.0009739528609218717,0.0034666666666666665,-51.814489424304242,116.40254768284437,307.91006348025837,1,2.3684088663877834e-07
1,52,0.16859386465639115,support,-0.0097840205256453303,-0.0020628390746202136,-0.0054999999999999997,0,0,0,0,0
1,53,0.17306062322872809,tool,-0.0044365020608453411,-0.0014182527636795624,0.0034507410516978676,-53.801206920982196,90.478547422250927,364.80303009868089,1,2.6985903328873712e-07
1,53,0.17306062322872809,support,-0.0094669133060787131,-0.0030112287684163491,-0.0054999999999999997,0,0,0,0,0
1,54,0.17752738180106503,tool,-0.0042902011515093697,-0.0018625526664372532,0.0034348154367290682,-41.443171329264771,50.589777763435585,385.84424445370263,1,2.7814645261418219e-07
1,54,0.17752738180106503,support,-0.009149806086512096,-0.0039596184622124843,-0.0054999999999999997,0,0,0,0,0
1,55,0.17794307677177479,tool,-0.0042765857856380488,-0.0019039010473878219,0.0034333333333333334,-40.054505424311522,46.670064670534408,386.90378924569774,1,2.7844083588367957e-07
1,55,0.17794307677177479,support,-0.009120294781118074,-0.0040478795176511172,-0.0054999999999999997,0,0,0,0,0
1,56,0.18225847966614184,tool,-0.0040512883248845621,-0.0022956535479145262,0.0034179422079813919,-25.36640269999717,5.079122480397718,391.35085954415132,1,2.7875610164335846e-07
1,56,0.18225847966614184,support,-0.0086137551676709022,-0.0049100962073578263,-0.0054999999999999997,0,0,0,0,0
1,57,0.18657388256050889,tool,-0.0038259908641310753,-0.0026874060484412309,0.0034025510826294503,-3.4416867755076872,62.716698554133501,323.65816436264231,2,1.3405078039957496e-07
1,57,0.18657388256050889,support,-0.0081072155542237304,-0.0057723128970645354,-0.0054999999999999997,0,0,0,0,0
1,58,0.18728916160029063,tool,-0.0037886477572792515,-0.0027523391170950532,0.0034000000000000002,-0.62651845952046159,128.69715914118001,305.81368973814108,1,2.3581752071292345e-07
1,58,0.18728916160029063,support,-0.0080232564947368759,-0.0059152255151893067,-0.0054999999999999997,0,0,0,0,0
1,59,0.19198504261225102,tool,-0.0034579406989816729,-0.0031162926879521073,0.0033832554419687038,25.878669597041345,111.02511798763294,362.12650677091835,1,2.6983067334240135e-07
1,59,0.19198504261225102,support,-0.0073659253387660002,-0.0066688273672239166,-0.0054999999999999997,0,0,0,0,0
1,60,0.19663723556992224,tool,-0.0031303103685398296,-0.0034768602225527388,0.0033666666666666667,10.082106773823128,84.875838147690573,399.98052686964303,2,2.2080343321361634e-07
1,60,0.19663723556992224,support,-0.0067147096527473814,-0.0074154180964169873,-0.0054999999999999997,0,0,0,0,0
1,61,0.20106618128791121,tool,-0.0027549407273959334,-0.0037492839575653308,0.0033508626186180982,-105.08979615662663,46.584495153947159,375.83103927647187,1,2.7933376859582554e-07
1,61,0.20106618128791121,support,-0.0059058833219663032,-0.0080034656851674397,-0.0054999999999999997,0,0,0,0,0
1,62,0.20549512700590017,tool,-0.0023795710862520372,-0.0040217076925779223,0.0033350585705695297,-71.930395155796248,20.756909196929175,400.76559888047859,1,2.897678297655859e-07
1,62,0.20549512700590017,support,-0.005097056991185225,-0.0085915132739178921,-0.0054999999999999997,0,0,0,0,0
1,63,0.20597860959506237,tool,-0.0023385941365332806,-0.0040514466284646625,0.0033333333333333335,-67.860611375192804,17.869470060572532,402.28131303179504,1,2.902353015820508e-07
1,63,0.20597860959506237,support,-0.0050087620619879078,-0.0086557070547549145,-0.0054999999999999997,0,0,0,0,0
1,64,0.21038270860620212,tool,-0.0019172835590827372,-0.0042390828001342782,0.0033176100256392129,-29.375099049038649,-8.7042838736112955,408.87296152601431,1,2.9141740804684846e-07
1,64,0.21038270860620212,support,-0.0040961953618056752,-0.00906463494291921,-0.0055000000000000005,0,0,0,0,0
1,65,0.21478680761734187,tool,-0.0014959729816321939,-0.0044267189718038931,0.0033018867179450922,11.225747010571638,-22.342776517325561,324.91228353354887,1,2.3161124970260544e-07
1,65,0.21478680761734187,support,-0.0031836286616234426,-0.0094735628310835072,-0.0055000000000000014,0,0,0,0,0
1,66,0.2153152773768815,tool,-0.0014454178285819061,-0.004449234369907424,0.0033,14.50649639090777,-22.682522676854148,305.1474271041352,1,2.1772335440355811e-07
1,66,0.2153152773768815,support,-0.0030741252414257275,-0.0095226321236177146,-0.0055000000000000014,0,0,0,0,0
1,67,0.21990173030438087,tool,-0.00097571605921893754,-0.0045495822206078115,0.0032836290979922967,-126.29513959013715,-44.116381874088951,350.96353153065564,1,2.6695119581445631e-07
1,67,0.21990173030438087,support,-0.0020898619829704322,-0.0096993404653986266,-0.0055000000000000014,0,0,0,0,0
1,68,0.22448818323188025,tool,-0.00050601428985596914,-0.004649930071308199,0.0032672581959845935,-90.552710272543464,-58.935889412837383,391.17143467897216,1,2.8843149563802933e-07
1,68,0.22448818323188025,support,-0.0011055987245151371,-0.0098760488071795369,-0.0055000000000000014,0,0,0,0,0
1,69,0.22465390539982369,tool,-0.00048904256971926154,-0.0046535559372288589,0.0032666666666666669,-88.905444591610873,-59.065960889270549,391.99984880215169,1,2.8875402732775335e-07
1,69,0.22465390539982369,support,-0.0010700343693158735,-0.0098824338044653549,-0.0055000000000000014,0,0,0,0,0
1,70,0.22901817882605699,tool,-3.200811947825499e-05,-0.0046535559372288589,0.0032510908429879163,-48.177699507832529,-32.209513914834993,437.62948928658386,2,2.5831647712439704e-07
1,70,0.22901817882605699,support,-7.0034369315871573e-05,-0.0098824338044653549,-0.0054999999999999997,0,0,0,0,0
1,71,0.23338245225229029,tool,0.0004250263307627515,-0.0046535559372288598,0.0032355150193091658,3.0192134081434441,-48.876291580481876,408.8191566873021,2,2.6638846265490679e-07
1,71,0.23338245225229029,support,0.0009299656306841304,-0.0098824338044653549,-0.0054999999999999997,0,0,0,0,0
1,72,0.23399375052614679,tool,0.00048904256971925818,-0.0046535559372288598,0.0032333333333333333,9.2633277255414654,-54.68527535261326,391.04090204232602,2,2.6630787697181496e-07
1,72,0.23399375052614679,support,0.0010700343693158666,-0.0098824338044653549,-0.0054999999999999997,0,0,0,0,0
1,73,0.23858020345364617,tool,0.00095874433908222788,-0.0045532080865284723,0.00321696243132563,-139.82873297063907,-63.425476604706354,366.6367787542473,1,2.825115697074887e-07
1,73,0.23858020345364617,support,0.0020542976277711654,-0.0097057254626844447,-0.0054999999999999997,0,0,0,0,0
1,74,0.24316665638114554,tool,0.0014284461084451974,-0.0044528602358280848,0.0032005915293179268,-102.29964271678799,-58.500336470889437,410.82235909249533,1,3.0376378546467103e-07
1,74,0.24316665638114554,support,0.0030385608862264642,-0.0095290171209035362,-0.0054999999999999997,0,0,0,0,0
1,75,0.24333237854908893,tool,0.0014454178285818993,-0.0044492343699074257,0.0032000000000000002,-100.71630330359247,-58.02091663491818,411.85144131301047,1,3.0415374736424833e-07
1,75,0.24333237854908893,support,0.0030741252414257158,-0.0095226321236177181,-0.0054999999999999997,0,0,0,0,0
1,76,0.24810773422510143,tool,0.0019371210590298405,-0.0043579057123549923,0.0031838385993032607,-49.995424472452861,-48.309529519808663,429.7237966872936,1,3.0939349620999479e-07
1,76,0.24810773422510143,support,0.0039514313920187127,-0.00904270096383363,-0.0055000000000000005,0,0,0,0,0
1,77,0.25288308990111391,tool,0.0024288242894777781,-0.0042665770548025589,0.0031676771986065217,3.5409299862656383,-37.988670868696062,429.5130839745421,1,3.0647452582428097e-07
1,77,0.25288308990111391,support,0.0048287375426117034,-0.0085627698040495453,-0.0055000000000000014,0,0,0,0,0
1,78,0.25318168094067345,tool,0.0024595692619353753,-0.0042608665024059826,0.0031666666666666666,6.7489807097500858,-36.646444061792984,423.73159158771074,1,3.0232560932139108e-07
1,78,0.25318168094067345,support,0.0048835933006515474,-0.0085327609097096344,-0.0055000000000000014,0,0,0,0,0
1,79,0.25781819125587291,tool,0.0028374732035892089,-0.0039559641916817921,0.003150868664218718,-152.82023659026538,-22.998085339055525,392.68065253763632,1,2.9993013896459364e-07
1,79,0.25781819125587291,support,0.0057003649748365599,-0.0079557998778807745,-0.0055000000000000005,0,0,0,0,0
1,80,0.26245470157107237,tool,0.003215377145243043,-0.0036510618809576022,0.0031350706617707695,-120.96802089689373,10.444507616918504,424.7452270784035,1,3.1397604145777525e-07
1,80,0.26245470157107237,support,0.0065171366490215715,-0.0073788388460519138,-0.0054999999999999997,0,0,0,0,0
1,81,0.26296458509891713,tool,0.0032569357705576956,-0.0036175313471571227,0.0031333333333333335,-116.60645796640392,13.980822053322804,426.82862134715765,1,3.1463848131942085e-07
1,81,0.26296458509891713,support,0.0066069581730483565,-0.0073153896339637932,-0.0054999999999999997,0,0,0,0,0
1,82,0.26775385927640682,tool,0.0035761021643561878,-0.0032306245170726786,0.0031168489876483114,-78.296772392609782,0.48399185736460737,444.7832271882512,2,2.5140925023498656e-07
1,82,0.26775385927640682,support,0.0072944728615195777,-0.0065892191628371365,-0.0054999999999999997,0,0,0,0,0
1,83,0.27254313345389652,tool,0.0038952685581546804,-0.0028437176869882349,0.0031003646419632902,-37.319056844497425,-123.95049258782879,414.37501179421935,1,3.0854920212396164e-07
1,83,0.27254313345389652,support,0.0079819875499907988,-0.0058630486917104797,-0.0055000000000000014,0,0,0,0,0
1,84,0.27264907459176052,tool,0.0039023286782634615,-0.0028351591145809266,0.0030999999999999999,-36.44242668617548,-123.4450478519399,415.41537654694702,1,3.0910009699187946e-07
1,84,0.27264907459176052,support,0.0079971957184304335,-0.0058469854380433627,-0.0055000000000000014,0,0,0,0,0
1,85,0.27717752647575017,tool,0.0041198726039557354,-0.0024137567159522376,0.0030842649376199745,-5.5534563885355457,-87.193334491579947,443.53661544541268,1,3.2129751194060613e-07
1,85,0.27717752647575017,support,0.0085094988487576101,-0.0049881807439149679,-0.0055000000000000005,0,0,0,0,0
1,86,0.28170597835973982,tool,0.0043374165296480088,-0.0019923543173235481,0.0030685298752399486,19.057528416572744,-39.953401664972617,451.77828581859876,1,3.2263492248402886e-07
1,86,0.28170597835973982,support,0.0090218019790847849,-0.0041293760497865721,-0.0054999999999999997,0,0,0,0,0
1,87,0.28224219805624734,tool,0.004363176180142295,-0.0019424555280487599,0.0030666666666666668,21.682386124945893,-33.968313452161915,449.21588863023118,1,3.205582171971269e-07
1,87,0.28224219805624734,support,0.0090824644385966366,-0.004027683903277764,-0.0054999999999999997,0,0,0,0,0
1,88,0.28673345175706966,tool,0.0044881682612328182,-0.0014890266643492467,0.0030509055967646928,-25.405616646421421,12.397475497842214,378.50333368481279,2,1.8474945293056599e-07
1,88,0.28673345175706966,support,0.0094114043049224431,-0.0030833330339810005,-0.0054999999999999997,0,0,0,0,0
1,89,0.29122470545789197,tool,0.0046131603423233414,-0.0010355978006497339,0.0030351445268627184,52.990841644500854,-144.65998257183065,383.44244273947919,1,2.9370254933745038e-07
1,89,0.29122470545789197,support,0.009740344171248248,-0.0021389821646842369,-0.0054999999999999997,0,0,0,0,0
1,90,0.29174082077825719,tool,0.0046275238880663346,-0.00098349172986413936,0.0030333333333333332,38.0172931152144,-149.31088385115285,408.91813979296421,2,2.8234158590007691e-07
1,90,0.29174082077825719,support,0.0097781445084811573,-0.0020304614744914222,-0.0054999999999999997,0,0,0,0,0
1,91,0.29636700126397453,tool,0.0046545413488876565,-0.00049977989765203181,0.0030169389628970601,-16.641473613220974,-116.55003479464973,495.08708640595341,2,2.2730447113775143e-07
1,91,0.29636700126397453,support,0.0098302012798470381,-0.0010318173474096219,-0.0054999999999999997,0,0,0,0,0
1,92,0.30099318174969186,tool,0.0046815588097089784,-1.6068065439924261e-05,0.0030005445924607874,-33.852856788437073,-54.766290678605053,513.73935129742881,2,2.0342756225106423e-07
1,92,0.30099318174969186,support,0.0098822580512129207,-3.3173220327821372e-05,-0.0054999999999999997,0,0,0,0,0
1,93,0.30114685541618347,tool,0.0046824562827488918,0,0.0030000000000000001,-34.439681125547274,-52.604665424027687,513.80882193252285,2,2.0218719052906425e-07
1,93,0.30114685541618347,support,0.009883987286582404,0,-0.0054999999999999997,0,0,0,0,0
1,94,0.30559387004205418,tool,0.0046136545072156315,0.00046058793975944798,0.0029841017492045893,72.548025544404354,7.1825180722095325,420.31877173128021,1,3.0319797683555499e-07
1,94,0.30559387004205418,support,0.0098391783001358715,0.00099899557292994949,-0.0054999999999999997,0,0,0,0,0
1,95,0.3100408846679249,tool,0.0045448527316823712,0.00092117587951889596,0.0029682034984091785,65.315987333942417,-155.44717737887245,394.37650200595323,1,3.0484306295930352e-07
1,95,0.3100408846679249,support,0.0097943693136893408,0.001997991145859899,-0.0054999999999999997,0,0,0,0,0
1,96,0.31047076298123116,tool,0.0045382018897789853,0.00096569940447452417,0.0029666666666666669,66.151693210154704,-153.35976830225104,402.44757848961927,1,3.0969003862648531e-07
1,96,0.31047076298123116,support,0.0097900377759870504,0.0020945607702081586,-0.0054999999999999997,0,0,0,0,0
1,97,0.31491811187973739,tool,0.0043721705860848004,0.0014008266634084562,0.0029505978473766421,62.015478284752064,-113.73482917344558,450.2201589866736,1,3.3297258567738242e-07
1,97,0.31491811187973739,support,0.0094689550013000948,0.0030416119049412969,-0.0054999999999999997,0,0,0,0,0
1,98,0.31936546077824363,tool,0.0042061392823906163,0.001835953922342388,0.0029345290280866176,43.534632836852779,-65.167168481172183,471.4073476434798,1,3.3964706545874801e-07
1,98,0.31936546077824363,support,0.0091478722266131393,0.0039886630396744347,-0.0054999999999999997,0,0,0,0,0
1,99,0.31969639185961241,tool,0.0041937847493583548,0.0018683321183459451,0.0029333333333333334,41.939300502302643,-61.434990368283799,472.32333408116483,1,3.3983707518024653e-07
1,99,0.31969639185961241,support,0.0091239801794045818,0.0040591339344211979,-0.0054999999999999997,0,0,0,0,0
1,100,0.32398174573268301,tool,0.0039520993013800257,0.00224644731609754,0.0029176701457264416,21.664546579400959,-11.934286672758716,477.40854156141893,1,3.3976884037268534e-07
1,100,0.32398174573268301,support,0.0086239866479699764,0.0049251630728014044,-0.0054999999999999997,0,0,0,0,0
1,101,0.32826709960575362,tool,0.0037104138534016975,0.0026245625138491347,0.0029020069581195498,-5.2440468856379816,-184.90440740552336,401.38048818661355,1,3.1411484055759303e-07
1,101,0.32826709960575362,support,0.0081239931165353677,0.005791192211181611,-0.0054999999999999997,0,0,0,0,0
1,102,0.32881619127001471,tool,0.0036794461740013921,0.0026730112322899922,0.0029000000000000002,-10.178810310801566,-184.29537881841389,410.7510036184114,1,3.200581991796847e-07
1,102,0.32881619127001471,support,0.0080599278634834685,0.0059021583985669835,-0.0054999999999999997,0,0,0,0,0
1,103,0.33330537351005579,tool,0.0033494927579802579,0.0030078617219384436,0.002883543586057804,-42.693376114249098,-149.89167745614935,443.22425520965118,1,3.3392567240064092e-07
1,103,0.33330537351005579,support,0.0074008415421110019,0.0066542256967389692,-0.0054999999999999997,0,0,0,0,0
1,104,0.33779455575009687,tool,0.0030195393419591232,0.0033427122115868946,0.0028670871721156073,70.910652335106164,-118.91153358932932,477.78219322648306,2,2.3033141663061918e-07
1,104,0.33779455575009687,support,0.0067417552207385345,0.0074062929949109541,-0.0054999999999999997,0,0,0,0,0
1,105,0.33790926637902585,tool,0.0030111081485155919,0.0033512685383766932,0.0028666666666666667,79.569958678441594,-117.12579483951778,473.46874323791633,2,2.4369874671026359e-07
1,105,0.33790926637902585,support,0.0067249138000965349,0.0074255103285270291,-0.0054999999999999997,0,0,0,0,0
1,106,0.34216212614267788,tool,0.0026396901654958545,0.0035969822789991635,0.0028506793495516568,118.42538730944483,-73.813294151737054,462.51125128676523,1,3.4336186353033094e-07
1,106,0.34216212614267788,support,0.0059140355556167364,0.0080107252229285383,-0.0054999999999999997,0,0,0,0,0
1,107,0.34641498590632991,tool,0.0022682721824761171,0.0038426960196216334,0.0028346920324366465,76.694950674332887,-46.158539834811478,488.3310874125865,1,3.5285973204544213e-07
1,107,0.34641498590632991,support,0.0051031573111369379,0.0085959401173300466,-0.0054999999999999997,0,0,0,0,0
1,108,0.34677641970449763,tool,0.0022367068312134316,0.0038635782625053993,0.0028333333333333335,72.856189263237027,-43.736594514632586,489.68296544378433,1,3.5323914683582647e-07
1,108,0.34677641970449763,support,0.0050342439634035443,0.0086456752258882042,-0.0054999999999999997,0,0,0,0,0
1,109,0.3509947833694198,tool,0.0018253701362990864,0.0040246162456829861,0.0028177575831722116,26.663503670281447,-14.748926507651479,497.21575790924254,1,3.5405452771409412e-07
1,109,0.3509947833694198,support,0.004120265469908479,0.0090514378577661245,-0.0054999999999999997,0,0,0,0,0
1,110,0.35521314703434198,tool,0.0014140334413847407,0.0041856542288605716,0.0028021818330110897,-20.327019735843173,4.4161414759697486,405.1020160824026,1,2.8830187309442784e-07
1,110,0.35521314703434198,support,0.0032062869764134133,0.0094572004896440447,-0.0054999999999999979,0,0,0,0,0
1,111,0.35580405052224473,tool,0.0013564138744070415,0.0042082122427027037,0.0028,41.405565439482146,6.3134152250167004,396.90503021784667,2,1.9247282077340666e-07
1,111,0.35580405052224473,support,0.0030782579294715111,0.0095140392483388063,-0.0054999999999999979,0,0,0,0,0
1,112,0.35997853558599202,tool,0.00092481773733964743,0.0042774710328519448,0.0027839262001224173,158.14767001343529,27.52924433489439,450.8976752479324,1,3.4017490001866241e-07
1,112,0.35997853558599202,support,0.0020947475223273711,0.0096948907870083867,-0.0054999999999999988,0,0,0,0,0
1,113,0.36415302064973931,tool,0.0004932216002722532,0.0043467298230011869,0.0027678524002448341,114.1286305623707,37.644881466872889,489.43240445832339,1,3.5819262969236099e-07
1,113,0.36415302064973931,support,0.0011112371151832303,0.0098757423256779671,-0.0054999999999999997,0,0,0,0,0
1,114,0.36446096445576787,tool,0.00046138357592046686,0.0043518389119340251,0.0027666666666666668,110.38318796629505,38.073281201314344,491.23971837443179,1,3.5887168818582449e-07
1,114,0.36446096445576787,support,0.0010386854271499314,0.0098890833989585224,-0.0054999999999999997,0,0,0,0,0
1,115,0.36868416697872552,tool,1.9609181117847846e-05,0.004331819187238759,0.0027506420519521142,58.225452594537416,31.162307901950413,522.13694824839854,2,3.5231144053602531e-07
1,115,0.36868416697872552,support,3.8742877078113184e-05,0.0098783644178559657,-0.0055000000000000014,0,0,0,0,0
1,116,0.37079576824020433,tool,-0.00020127801628345876,0.0043218093248911264,0.0027426297445948379,28.15877573431834,44.829368278344312,508.25649838810057,1,3.6319292582090434e-07
1,116,0.37079576824020433,support,-0.00046122839795778939,0.0098730049273046839,-0.0055000000000000014,0,0,0,0,0
1,117,0.37290736950168313,tool,-0.00042216521368476542,0.0043117994625434929,0.0027346174372375612,-0.20374935795000226,41.325673098385685,482.26770827354591,1,3.4402353109135031e-07
1,117,0.37290736950168313,support,-0.00096119967299369195,0.0098676454367534056,-0.0055000000000000014,0,0,0,0,0
1,118,0.37324578829955612,tool,-0.00045756601646593757,0.0043101952176302335,0.0027333333333333333,-4.4419273173865221,40.303097269427163,473.94762565038178,1,3.3808443050762499e-07
1,118,0.37324578829955612,support,-0.0010413282848463791,0.0098667864903307714,-0.0055000000000000014,0,0,0,0,0
1,119,0.37535738956103493,tool,-0.00067172332386700368,0.004255217455594225,0.0027249881696173187,105.51754169188209,43.365563371337061,441.12142681606144,2,1.9951500255296212e-07
1,119,0.37535738956103493,support,-0.0015385492881366447,0.0097553594926603586,-0.0055000000000000014,0,0,0,0,0
1,120,0.37746899082251373,tool,-0.00088588063126806963,0.0042002396935582175,0.0027166430059013041,177.12365720705247,38.214117583296186,439.52794236712379,1,3.3789573899902642e-07
1,120,0.37746899082251373,support,-0.0020357702914269101,0.009643932494989944,-0.0055000000000000005,0,0,0,0,0
1,121,0.37958059208399253,tool,-0.0011000379386691356,0.0041452619315222091,0.0027082978421852895,162.09329038209722,33.015449696432952,473.86982576559944,1,3.5673021881853922e-07
1,121,0.37958059208399253,support,-0.0025329912947171756,0.0095325054973195312,-0.0054999999999999997,0,0,0,0,0
1,122,0.38168021943970099,tool,-0.0013129808598763538,0.0040905959227296243,0.0027000000000000001,140.15151855681489,26.632160166051264,494.41531128511735,1,3.6573692423387538e-07
1,122,0.38168021943970099,support,-0.0030273927896328984,0.009421710350176353,-0.0054999999999999997,0,0,0,0,0
1,123,0.38379182070117979,tool,-0.0015105596856150134,0.0039913282629483746,0.0026919945187217778,113.14206709584934,24.136357160702673,507.86205836647002,1,3.7020495421979938e-07
1,123,0.38379182070117979,support,-0.0034884099423836776,0.0092057023111755988,-0.0054999999999999997,0,0,0,0,0
1,124,0.38590342196265859,tool,-0.0017081385113536731,0.003892060603167124,0.0026839890374435555,88.432634551941192,11.172826172787655,516.17370416389213,1,3.7229556614035847e-07
1,124,0.38590342196265859,support,-0.0039494270951344569,0.0089896942721748464,-0.0054999999999999997,0,0,0,0,0
1,125,0.38907082385487685,tool,-0.0020045067499616675,0.0037431591134952456,0.0026719808155262212,49.979912304491961,-8.6329092257247844,521.75895875120113,1,3.7258343053066939e-07
1,125,0.38907082385487685,support,-0.0046409528242606374,0.0086656822136737081,-0.0054999999999999997,0,0,0,0,0
1,126,0.39047253388898157,tool,-0.0021356622988888138,0.0036772638721370232,0.0026666666666666666,32.566153533902742,-17.266412914334623,519.22156203690713,1,3.6996072834936944e-07
1,126,0.39047253388898157,support,-0.0049469823671927145,0.0085222930988639381,-0.0054999999999999997,0,0,0,0,0
1,127,0.39455691381739388,tool,-0.0024689899086131738,0.0034093472668232745,0.0026501354346334816,201.01202943929019,-33.143916343411718,399.16394353955945,1,3.1851675673984919e-07
1,127,0.39455691381739388,support,-0.0057447051831447504,0.0079192687967752431,-0.0055000000000000005,0,0,0,0,0
1,128,0.3986412937458062,tool,-0.0028023175183375334,0.0031414306615095253,0.0026336042026002967,186.39462962444202,-73.395954574843984,453.8677824794284,1,3.5260618468178212e-07
1,128,0.3986412937458062,support,-0.0065424279990967853,0.0073162444946865447,-0.0055000000000000014,0,0,0,0,0
1,129,0.39870821755372249,tool,-0.0028077791926473129,0.0031370407664101799,0.0026333333333333334,185.66188007529257,-73.73227378399389,454.44126690649767,1,3.5281940868880923e-07
1,129,0.39870821755372249,support,-0.0065554989301661107,0.0073063637580094544,-0.0055000000000000014,0,0,0,0,0
1,130,0.40285173140786368,tool,-0.0030828111805407503,0.0028014892983218445,0.0026170699572391426,144.64914389159247,116.86583316737526,460.28122391082218,2,3.237463125707607e-07
1,130,0.40285173140786368,support,-0.0072129535108870942,0.0065528695813305612,-0.0055000000000000005,0,0,0,0,0
1,131,0.40699524526200487,tool,-0.0033578431684341873,0.0024659378302335088,0.0026008065811449518,117.8608226018362,105.02310484489495,502.81463244730168,1,3.7457026003454019e-07
1,131,0.40699524526200487,support,-0.0078704080916080776,0.0057993754046516688,-0.0054999999999999997,0,0,0,0,0
1,132,0.40720074257875155,tool,-0.0033714833630904984,0.002449296175650009,0.0025999999999999999,116.39221265636905,103.18758548879372,504.83846886259823,1,3.7545466786623183e-07
1,132,0.40720074257875155,support,-0.0079030145114191153,0.0057620059069397192,-0.0054999999999999997,0,0,0,0,0
1,133,0.41123172657532286,tool,-0.0035650814460620349,0.0020742565774270819,0.0025836507788187012,84.776373413055381,61.537551447321675,528.86612929402008,1,3.8318970971024796e-07
1,133,0.41123172657532286,support,-0.008388829788690922,0.0048879444008834679,-0.0054999999999999997,0,0,0,0,0
1,134,0.41526271057189418,tool,-0.0037586795290335709,0.0016992169792041545,0.002567301557637403,59.350962249019787,10.943300380132207,536.84950577761697,1,3.8396433957050419e-07
1,134,0.41526271057189418,support,-0.0088746450659627271,0.0040138828948272165,-0.0054999999999999997,0,0,0,0,0
1,135,0.4154192461838494,tool,-0.0037661975431008765,0.0016846530283015457,0.0025666666666666667,58.272736483583671,8.992335717467526,536.85693393701411,1,3.8386056036218696e-07
1,135,0.4154192461838494,support,-0.0088935107800885149,0.0039799403753695865,-0.0054999999999999997,0,0,0,0,0
1,136,0.41938360794737661,tool,-0.0038763717580450954,0.001284464481732786,0.0025503995602761259,28.459293446467939,136.48916202344603,466.06819850217141,2,2.5313786553710083e-07
1,136,0.41938360794737661,support,-0.0091836763948711861,0.0030229639305195538,-0.0054999999999999997,0,0,0,0,0
1,137,0.42334796971090383,tool,-0.0039865459729893134,0.00088427593516402587,0.0025341324538855855,14.437943229419895,171.95255809452334,504.01688868970962,1,3.7863824803568286e-07
1,137,0.42334796971090383,support,-0.0094738420096538555,0.0020659874856695211,-0.0054999999999999997,0,0,0,0,0
1,138,0.42354271872684668,tool,-0.0039919582741925145,0.00086461669862489536,0.0025333333333333336,13.846136072700405,170.14133222051939,506.84801996429883,1,3.8011993071587757e-07
1,138,0.42354271872684668,support,-0.0094880963767651708,0.0020189760795386101,-0.0054999999999999997,0,0,0,0,0
1,139,0.42762506926311145,tool,-0.0040170405174036472,0.00043791050753132937,0.0025168826451546986,0.058872966787727243,121.4076685892021,543.03076098688643,1,3.9548256893819078e-07
1,139,0.42762506926311145,support,-0.0095727977958932342,0.0010225697018002391,-0.0054999999999999997,0,0,0,0,0
1,140,0.43170741979937621,tool,-0.004042122760614779,1.1204316437763396e-05,0.0025004319569760635,-2.9682206572391827,63.263111677663041,558.14911432441556,1,3.9924500976323135e-07
1,140,0.43170741979937621,support,-0.0096574992150212959,2.6163324061867913e-05,-0.0054999999999999997,0,0,0,0,0
1,141,0.43181461287079842,tool,-0.0040427813622375642,-1.7339398048664678e-18,0.0025000000000000001,-2.9101481227531938,61.687975119811952,558.33771738474115,1,3.9925349737748861e-07
1,141,0.43181461287079842,support,-0.0096597232781411822,-4.0783152527045287e-18,-0.0054999999999999997,0,0,0,0,0
1,142,0.43384486692146407,tool,-0.0040099143464225858,-0.0002100193224839026,0.0024917583502200432,-10.058406959897351,31.576792379354401,560.52594721831542,1,3.9908437514998146e-07
1,142,0.43384486692146407,support,-0.0095965744248914138,-0.00049599619185357747,-0.0054999999999999997,0,0,0,0,0
1,143,0.43460621219046369,tool,-0.0039975892154919691,-0.00028877656841536613,0.0024886677315525589,-8.2597477047346164,20.305767082645957,556.35324020593703,1,3.9572980549060222e-07
1,143,0.43460621219046369,support,-0.0095728936049227498,-0.00068199476379866917,-0.0054999999999999997,0,0,0,0,0
1,144,0.43536755745946332,tool,-0.0039852640845613515,-0.00036753381434682968,0.0024855771128850755,-6.3784876765532408,9.1001985905949212,545.64108257924886,1,3.878898320154936e-07
1,144,0.43536755745946332,support,-0.0095492127849540857,-0.00086799333574376076,-0.0054999999999999997,0,0,0,0,0
1,145,0.43612890272846294,tool,-0.0039729389536307348,-0.00044629106027829323,0.0024824864942175912,-4.5172476257490697,-1.6695513422369785,528.3947424247134,1,3.7556732646135821e-07
1,145,0.43612890272846294,support,-0.0095255319649854234,-0.0010539919076888527,-0.0055000000000000005,0,0,0,0,0
1,146,0.43689024799746257,tool,-0.0039606138227001181,-0.00052504830620975673,0.0024793958755501074,-2.7357173625773914,-11.625530687748544,504.64638473158635,1,3.5877323106316139e-07
1,146,0.43689024799746257,support,-0.0095018511450167594,-0.0012399904796339442,-0.0055000000000000014,0,0,0,0,0
1,147,0.43765159326646219,tool,-0.0039482886917695005,-0.00060380555214122034,0.0024763052568826235,-1.0924983940101223,-20.389888596308111,474.44802208061492,1,3.3752174276140134e-07
1,147,0.43765159326646219,support,-0.0094781703250480971,-0.0014259890515790359,-0.0055000000000000014,0,0,0,0,0
1,148,0.43841293853546182,tool,-0.0039359635608388838,-0.00068256279807268395,0.0024732146382151396,-2.0793743335197243,143.1629616121561,473.5843464860107,2,2.5559975802471463e-07
1,148,0.43841293853546182,support,-0.0094544895050794331,-0.001611987623524128,-0.0055000000000000014,0,0,0,0,0
1,149,0.43917428380446144,tool,-0.0039236384299082662,-0.00076132004400414745,0.0024701240195476562,-1.2008439233816954,198.62034847768064,445.68460141972167,1,3.4679947685366946e-07
1,149,0.43917428380446144,support,-0.0094308086851107691,-0.0017979861954692195,-0.0055000000000000014,0,0,0,0,0
1,150,0.43993562907346107,tool,-0.0039113132989776495,-0.00084007728993561095,0.0024670334008801724,1.0483842172482358,199.38759145601273,471.58663110875403,1,3.6390379997992134e-07
1,150,0.43993562907346107,support,-0.009407127865142105,-0.0019839847674143112,-0.0055000000000000014,0,0,0,0,0
1,151,0.4400259706485542,tool,-0.0039098507933486805,-0.00084942266047530657,0.0024666666666666665,1.2786481155811327,199.19712422008371,474.17039671062275,1,3.6554383400951018e-07
1,151,0.4400259706485542,support,-0.0094043178882990408,-0.002006055442361398,-0.0055000000000000014,0,0,0,0,0
1,152,0.44116798855205364,tool,-0.0038667315739760837,-0.00096094282394275474,0.002461833828220425,-3.4745125457640675,190.0159630762451,498.23872002305365,1,3.7900548932340988e-07
1,152,0.44116798855205364,support,-0.0093069819158165725,-0.0022841372200732429,-0.0055000000000000014,0,0,0,0,0
1,153,0.44231000645555307,tool,-0.0038236123546034873,-0.001072462987410203,0.0024570009897741836,2.4161921475416293,180.04302005816083,514.57386156045004,1,3.8747280134334566e-07
1,153,0.44231000645555307,support,-0.0092096459433341077,-0.0025622189977850883,-0.0055000000000000014,0,0,0,0,0
1,154,0.44345202435905251,tool,-0.0037804931352308896,-0.0011839831508776511,0.0024521681513279422,8.640785938056446,168.07867693025935,526.78413877774403,1,3.9305102178012474e-07
1,154,0.44345202435905251,support,-0.0091123099708516377,-0.0028403007754969328,-0.0055000000000000005,0,0,0,0,0
1,155,0.44459404226255195,tool,-0.0037373739158582933,-0.0012955033143450994,0.0024473353128817007,14.97805389410366,154.85205964731395,536.26403415794755,1,3.9685990704373814e-07
1,155,0.44459404226255195,support,-0.0090149739983691711,-0.0031183825532087785,-0.0054999999999999997,0,0,0,0,0
1,156,0.4463070691178011,tool,-0.0036726950867993985,-0.0014627835595462713,0.0024400860552123383,24.585308460846779,133.50356359910617,546.86687172401025,1,4.0047646296739736e-07
1,156,0.4463070691178011,support,-0.0088689700396454713,-0.0035355052197765455,-0.0054999999999999997,0,0,0,0,0
1,157,0.44790276269807666,tool,-0.0036124464152781288,-0.0016186059931272137,0.0024333333333333334,34.931138092794029,117.92600126384917,578.56307070349465,1,4.2039702640751797e-07
1,157,0.44790276269807666,support,-0.0087329665795033706,-0.0039240571909205119,-0.0054999999999999997,-38.121065318810444,23.442625988085343,-187.32279902167542,1,1.3688470843192108e-07
1,158,0.45047230298095042,tool,-0.003466012681010348,-0.0018442780137028635,0.0024223282176075865,46.404980775221048,79.655511055610077,585.44296268839059,1,4.2122527954806949e-07
1,158,0.45047230298095042,support,-0.0083893236797972989,-0.0044836090568419413,-0.0054999999999999997,-31.069472537819358,-6.3958598718702682,-231.49651276937939,1,1.6607149255776221e-07
1,159,0.45304184326382413,tool,-0.0033195789467425699,-0.0020699500342785081,0.0024113231018818401,-22.795635115924689,34.746927607866049,445.76412861621998,2,2.1652398822166741e-07
1,159,0.45304184326382413,support,-0.0080456807800912376,-0.0050431609227633584,-0.0054999999999999997,0,0,0,0,0
1,160,0.45561138354669783,tool,-0.0031731452124747926,-0.0022956220548541531,0.0024003179861560942,-164.08998339303957,6.5114004915897112,450.35887544036069,1,3.407044614376839e-07
1,160,0.45561138354669783,support,-0.0077020378803851755,-0.0056027127886847765,-0.0054999999999999997,0,0,0,0,0
1,161,0.45568562885750064,tool,-0.0031689140983781625,-0.0023021427112605965,0.0024000000000000002,-164.88933816168202,5.3341116921082019,452.02645746078178,1,3.4200216419630336e-07
1,161,0.45568562885750064,support,-0.0076921085268490952,-0.0056188807010823828,-0.0054999999999999997,0,0,0,0,0
1,162,0.45953993928181125,tool,-0.0028837576290367374,-0.0025876844451534599,0.0023839288102282608,-85.546287243685271,72.815639944949936,679.63092764104886,2,3.3588106561344144e-07
1,162,0.45953993928181125,support,-0.0070260119543334408,-0.0063247094967395952,-0.0054999999999999997,-61.774621769217632,1.8766849422005336,-190.40122385898792,1,1.4227649302971102e-07
1,163,0.46339424970612186,tool,-0.0025986011596953128,-0.0028732261790463233,0.0023678576204565214,-132.97240448466044,151.20997788124825,644.30277484888688,3,3.3090031473833464e-07
1,163,0.46339424970612186,support,-0.0063599153818177856,-0.0070305382923968075,-0.0054999999999999997,-25.845582706008258,-30.206080741563685,-172.70989174153024,1,1.2596186436085455e-07
1,164,0.46367987296565061,tool,-0.0025774696701984403,-0.0028943862185313515,0.0023666666666666667,-139.47885720608542,149.70324184249253,586.64379412949006,2,3.5381735796931324e-07
1,164,0.46367987296565061,support,-0.0063105543669387427,-0.0070828436593992385,-0.0054999999999999997,-13.885018685403146,-19.180133590676746,-102.33648353974031,1,7.465630527843381e-08
1,165,0.46753418338996122,tool,-0.0022391128990006744,-0.0031141846857189485,0.0023490625151933375,-85.417517675645371,158.63647582738366,540.077583849554,1,4.0465160069599881e-07
1,165,0.46753418338996122,support,-0.0054932500585790087,-0.007652428076287977,-0.0054999999999999997,0,0,0,0,0
1,166,0.47097798184288531,tool,-0.0019367935741643335,-0.0033105730244685754,0.0023333333333333335,-45.709843343835381,142.45314880109689,591.20343728830403,1,4.3343759870573956e-07
1,166,0.47097798184288531,support,-0.0047629945776129501,-0.008161347628101695,-0.0054999999999999997,-51.203140951314253,7.1849801073044128,-187.42235894629903,1,1.3818477643569305e-07
1,167,0.47483229226719592,tool,-0.0015605332496848661,-0.00345647540271374,0.0023176094283635157,6.4537445915093201,110.64617919469522,601.21551153203575,1,4.3450880095677324e-07
1,167,0.47483229226719592,support,-0.003848318788938656,-0.0085443961950431562,-0.0054999999999999997,-12.803422458461425,-21.300982324749761,-268.32839396569267,1,1.9152822365933742e-07
1,168,0.47868660269150654,tool,-0.0011842729252053989,-0.0036023777809589047,0.0023018855233936978,-210.19542581167755,71.351758845275469,487.5920731290754,1,3.8077354526898366e-07
1,168,0.47868660269150654,support,-0.0029336430002643616,-0.0089274447619846174,-0.0054999999999999997,0,0,0,0,0
1,169,0.47914879020062462,tool,-0.0011391538758796739,-0.0036198735841900618,0.0023,-214.60823009194968,72.497998628739538,513.33415483971339,1,3.9879124215033701e-07
1,169,0.47914879020062462,support,-0.0028239601574524455,-0.0089733778196618777,-0.0054999999999999997,-11.99336700234127,-7.3243313407544921,-38.615070441885081,1,2.9206263590757231e-08
1,170,0.48298010755014426,tool,-0.00074235548852245002,-0.0036781275860223502,0.0022820041034000496,-187.09382493419358,60.157740487722336,600.04957088249319,1,4.4877110472706094e-07
1,170,0.48298010755014426,support,-0.0018408957778450795,-0.0091566383597330644,-0.0054999999999999997,-11.986205794567171,-54.323814900237046,-210.50185362916636,1,1.5474866432024781e-07
1,171,0.48624544012901283,tool,-0.00040417449663920002,-0.0037277759635070008,0.0022666666666666668,-128.91658768813431,50.921939214901954,587.56714591306923,1,4.2907071425273696e-07
1,171,0.48624544012901283,support,-0.0010030554600077633,-0.0093128265731658479,-0.0054999999999999997,0,0,0,0,0
1,172,0.49008705769322147,tool,-2.5204069570318986e-06,-0.0037070121580985117,0.0022500254406630387,-73.741756156590597,45.967111231886484,634.32446899506328,1,4.5505088093998614e-07
1,172,0.49008705769322147,support,-3.2718125031535195e-06,-0.0092920261360939609,-0.0054999999999999997,-26.750414517045339,-78.853363341049828,-248.47805818517455,1,1.8625585135323419e-07
1,173,0.49392867525743012,tool,0.00039913368272513622,-0.0036862483526900226,0.0022333842146594106,-6.8296342257894054,36.703022119267715,472.25979412577857,1,3.3670148037734382e-07
1,173,0.49392867525743012,support,0.00099651183500145627,-0.0092712256990220721,-0.0054999999999999997,0,0,0,0,0
1,174,0.49394042118263459,tool,0.00040036175887187014,-0.0036861848663847846,0.0022333333333333333,-6.6799822677998222,36.700292274257379,471.99531471756836,1,3.3651242114293017e-07
1,174,0.49394042118263459,support,0.00099956872021919824,-0.0092711621007138117,-0.0054999999999999997,0,0,0,0,0
1,175,0.49773680423281325,tool,0.00078455064196756804,-0.0035846935759565497,0.0022149186122450478,-241.75678396138375,42.493539731460544,540.62774822797212,1,4.2199719846747891e-07
1,175,0.49773680423281325,support,0.0019730317931690384,-0.0090423179493726857,-0.0054999999999999997,-32.137677440712963,-76.186744978595158,-279.73302762641288,1,2.0732179898015624e-07
1,176,0.50081242869585862,tool,0.0010957997208042266,-0.0035024708151072631,0.0022000000000000001,-212.55650908683401,61.160122127944987,593.62520120774479,1,4.502484157523079e-07
1,176,0.50081242869585862,support,0.0027616789874754621,-0.0088569207803339857,-0.0054999999999999997,20.75196282266144,-51.338101738140153,-229.81671979703091,1,1.6801464119281517e-07
1,177,0.50458124530692938,tool,0.0014476437678056821,-0.0033238475741244247,0.0021841733382450511,-178.25546881372711,12.344334791721685,702.66027513465917,2,4.1028065697439053e-07
1,177,0.50458124530692938,support,0.0036684781989185632,-0.0084353579853363864,-0.0054999999999999997,-58.431044691306148,-42.396957794946914,-312.88972655724331,1,2.2822603633430166e-07
1,178,0.50835006191800014,tool,0.0017994878148071371,-0.0031452243331415862,0.002168346676490102,-107.66726106387655,-138.50768798124491,688.95093979039825,2,3.7554680209269525e-07
1,178,0.50835006191800014,support,0.0045752774103616639,-0.0080137951903387853,-0.0054999999999999997,11.344140998995364,-7.1122478076172575,-252.74566107377723,1,1.7988855522017844e-07
1,179,0.5087501241059309,tool,0.0018368362755521732,-0.0031262633668815232,0.0021666666666666666,-88.850451572618823,-166.57123768626622,607.90285362736404,2,4.0124151990273554e-07
1,179,0.5087501241059309,support,0.0046715347011723057,-0.0079690460418603108,-0.0054999999999999997,8.7661231060777407,-2.1547128345816509,-126.28771741386062,1,8.9986851802524581e-08
1,180,0.51247766762540825,tool,0.00213796566697292,-0.0028782140018581326,0.0021480499790561868,-30.244627619514549,-176.79011059289346,598.3292969792501,1,4.4395278320490811e-07
1,180,0.51247766762540825,support,0.0054665220457017945,-0.0073624200268906578,-0.0054999999999999997,7.0573318337122526,-9.8122324996182577,-23.479876745678236,1,1.87693518539922e-08
1,181,0.51542432164573915,tool,0.0023760109445755146,-0.0026821289246839876,0.0021333333333333334,6.7202638561002033,-154.64178010488178,637.9175294621881,1,4.6655035573772707e-07
1,181,0.51542432164573915,support,0.0060949661249270464,-0.0068828771385226455,-0.0054999999999999997,-24.889959352083462,-90.141413574323394,-325.41440281255694,1,2.4064589251165946e-07
1,182,0.51917292494543277,tool,0.0026236447055496036,-0.0023777032671150489,0.0021164460887429133,-169.43919384819233,-140.89406785723952,736.62948251037164,2,3.4682158679601865e-07
1,182,0.51917292494543277,support,0.0067521078300376344,-0.0061291100794093282,-0.0054999999999999997,40.821050129468368,-36.275407530264502,-378.30476360310041,1,2.7166367162333865e-07
1,183,0.52282360118208271,tool,0.0028648093779101718,-0.0020812303077052631,0.0020999999999999999,-228.69801662406911,-68.825978155409231,607.74838787443593,1,4.6410773492204516e-07
1,183,0.52282360118208271,support,0.0073920826193558109,-0.005395034139472071,-0.0054999999999999997,46.105268659636167,-75.755183508769122,-165.45642344998762,1,1.3342325072811939e-07
1,184,0.52647759474069489,tool,0.003037611615324589,-0.001740026007461871,0.0020823321536285804,-195.859041520235,-20.167592193361457,633.50885504240784,1,4.7150623280062254e-07
1,184,0.52647759474069489,support,0.0078786698988707656,-0.0045214021692384773,-0.0054999999999999997,-10.810898076443099,-74.806593367114033,-345.9690894250931,2,2.1937233696429914e-07
1,185,0.52971746830807853,tool,0.0031908295650563785,-0.0014374915952621785,0.0020666666666666667,-178.12088826310713,6.4408741205325342,660.27846232999718,2,4.5340745942132332e-07
1,185,0.52971746830807853,support,0.0083101105239944666,-0.0037467819947420147,-0.0054999999999999997,3.0286332126675291,-6.0242407761415642,-359.38178128732261,1,2.5547226543878171e-07
1,186,0.53330696413068046,tool,0.0032892785694650082,-0.0010749151724122961,0.0020490647774584203,-134.13561776056093,-245.98885805805847,592.93896685943605,1,4.6610702534189558e-07
1,186,0.53330696413068046,support,0.0086054454926573001,-0.0027913882244645738,-0.0054999999999999997,35.294592615582353,-106.65601468387658,-351.90251691173609,1,2.62547896259617e-07
1,187,0.53651502619165758,tool,0.0033772660004561823,-0.00075086752788645352,0.0020333333333333332,-127.67114981700395,-205.83307292999609,642.10631038634256,1,4.8776073289548416e-07
1,187,0.53651502619165758,support,0.0088693970209697964,-0.0019375183053461716,-0.0054999999999999997,66.856443584771029,-31.606614524390039,-395.88964943448497,1,2.8624188968054409e-07
1,188,0.54020904688598836,tool,0.0033976036172215654,-0.0003647135287230493,0.0020161907622484642,-93.579785481673127,-148.18525857381968,685.62470557765539,2,4.7340523060077772e-07
1,188,0.54020904688598836,support,0.0089539220271268507,-0.00094109694701721475,-0.0054999999999999997,64.14045295891566,-108.85043245845057,-301.2474623337576,1,2.3217679864448448e-07
1,189,0.54369796406805604,tool,0.0034168120262821726,0,0.002,-46.718832404336823,-89.312403895061507,754.92077463767305,2,4.408373064255719e-07
1,189,0.54369796406805604,support,0.0090337539421857741,0,-0.0054999999999999997,100.97266723173252,-45.801013537371347,-431.41593149357311,1,3.1658931258764927e-07
1,190,0.54732016068256306,tool,0.0033419860194174927,0.00037166579908535103,0.0019821521615149243,148.33649821638485,-3.8184444149944525,488.33549853027176,2,3.2583466695688262e-07
1,190,0.54732016068256306,support,0.0088711294858665017,0.00098668803894994559,-0.0054999999999999997,0,0,0,0,0
1,191,0.55094235729707008,tool,0.0032671600125528128,0.00074333159817070206,0.0019643043230298486,-48.756631697996454,-237.97952642857976,651.50904268858869,2,4.2027287045377087e-07
1,191,0.55094235729707008,support,0.008708505029547231,0.0019733760778998912,-0.0054999999999999997,76.451209984117739,-49.896179859111385,-432.20484563824238,1,3.1396364240810631e-07
1,192,0.55292290751412576,tool,0.0032262465338245409,0.00094655159349137194,0.0019545454545454545,-26.37604899435631,-299.90425755374963,727.94525415360386,2,4.1099865468515601e-07
1,192,0.55292290751412576,support,0.0086195849800469546,0.002512878876252133,-0.0054999999999999997,62.259607827668873,9.0901518485909634,-405.06521623773727,1,2.9134889416911752e-07
1,193,0.55643791105418194,tool,0.0030537103441307901,0.0012714804968662926,0.0019370657154891605,108.09883831256211,-235.41768442468734,772.69006038909743,2,3.8379887278613273e-07
1,193,0.55643791105418194,support,0.0081818285248241342,0.0034119722120664782,-0.0055006777942125107,22.948705333875452,-79.68386832213136,-315.6683440712668,1,2.3197024961053164e-07
1,194,0.55995291459423813,tool,0.0028811741544370398,0.0015964094002412137,0.001919585976432867,78.373990345454601,-186.85376376475807,871.25024129149267,2,4.167503809349507e-07
1,194,0.55995291459423813,support,0.0077440720696013137,0.0043110655478808234,-0.0055013555884250226,215.57891779066915,-17.873216423328184,-459.63092780121616,2,3.4232575159102996e-07
1,195,0.56206336937513068,tool,0.0027775811360327561,0.0017915010266828803,0.0019090909090909091,101.49976349903353,-132.16365865902063,819.91949865013453,2,4.5722530166072278e-07
1,195,0.56206336937513068,support,0.0074812372834443669,0.0048508931205744465,-0.0055017625450667317,190.70612697979536,49.569000489823047,-445.42211473521098,1,3.4617294916803459e-07
1,196,0.56560949239949221,tool,0.0025169687416272978,0.0020557291823538469,0.0018909160023151662,143.58821153202587,-49.458949689502475,688.00496370697635,1,5.0076451567782759e-07
1,196,0.56560949239949221,support,0.0068068212871110825,0.0055892433285341537,-0.0055031888324316878,94.772326383585593,-72.930937552506094,-357.40762469031472,1,2.6786626640493832e-07
1,197,0.56915561542385373,tool,0.0022563563472218391,0.002319957338024814,0.001872741095539423,111.71644127558552,-66.347624701503364,772.96391033837403,2,4.7305311531159466e-07
1,197,0.56915561542385373,support,0.0061324052907777982,0.0063275935364938618,-0.005504615119796644,40.39799939793059,-4.2766895938865375,-460.16353302824581,1,3.2832901515015417e-07
1,198,0.57093204816325949,tool,0.0021258023911023567,0.0024523226122079387,0.0018636363636363638,80.065751224064158,-231.93669625930795,661.85874012678596,2,3.7210238087309611e-07
1,198,0.57093204816325949,support,0.005794556139004192,0.0066974705750387463,-0.0055053296194215867,0.62261243072157058,21.26225638103304,-251.82674130924801,1,1.7962093124337941e-07
1,199,0.57268872336913934,tool,0.0019651989684489894,0.0025418073146629382,0.0018546695089355779,74.676634833476399,-256.48221282988254,786.0046825919394,2,4.6225936579588622e-07
1,199,0.57268872336913934,support,0.0053678139253440817,0.0069580276276858134,-0.0055042782411163817,226.55037565770078,83.81359160164655,-491.77689871363918,1,3.8941484625971967e-07
1,200,0.57444539857501919,tool,0.0018045955457956222,0.0026312920171179376,0.0018457026542347923,39.430228709925828,-266.90692347726571,747.03477025348673,2,4.9517317567571856e-07
1,200,0.57444539857501919,support,0.0049410717116839713,0.0072185846803328813,-0.0055032268628111775,181.09034794352991,128.83571867829519,-535.00014567653386,1,4.1174997783988837e-07
1,201,0.57620207378089905,tool,0.001643992123142255,0.0027207767195729371,0.0018367357995340071,6.3822905609610459,-278.86338902588221,679.4493279967877,1,5.2202302471687778e-07
1,201,0.57620207378089905,support,0.004514329498023861,0.0074791417329799484,-0.0055021754845059733,111.37082261232203,155.792268612497,-502.37113317210014,1,3.8211919220661195e-07
1,202,0.5779587489867789,tool,0.001483388700488888,0.0028102614220279366,0.0018277689448332212,-20.17081178411857,-217.81262774299122,562.48811777576384,1,4.2894967107205001e-07
1,202,0.5779587489867789,support,0.0040875872843637515,0.0077396987856270163,-0.0055011241062007683,32.770701359797521,-44.162142202232204,-326.57715271759054,1,2.353795685600818e-07
1,203,0.57971542419265876,tool,0.0013227852778355206,0.0028997461244829356,0.0018188020901324356,80.04436572470064,-116.66350530739278,698.97148941295973,2,3.3949237801620541e-07
1,203,0.57971542419265876,support,0.0036608450707036415,0.0080002558382740833,-0.005500072727895565,-2.8882126689597563,-23.672513930470259,-336.07697732441159,1,2.3946426066460275e-07
1,204,0.57983694019720122,tool,0.0013116757191809899,0.002905936126751771,0.0018181818181818182,87.403095517326562,-104.58628252035734,693.55219344140846,2,3.2205270200993952e-07
1,204,0.57983694019720122,support,0.003631325664611944,0.0080182795753240832,-0.0055000000000000014,-4.9769781578496364,-20.714160819803823,-316.92390361538975,1,2.2575909471977268e-07
1,205,0.58247195300602095,tool,0.0010426986522007642,0.0029666036425268888,0.0018039029676023112,328.20534892549807,-54.016113053732965,810.59878602970343,2,3.5467375550032876e-07
1,205,0.58247195300602095,support,0.0028833237098083754,0.0082175181071179014,-0.0055125417918069795,129.08897048608702,1.0437213958637628,-391.22076034858105,1,2.9280343712134727e-07
1,206,0.58510696581484067,tool,0.00077372158522053891,0.0030272711583020067,0.0017896241170228045,283.93149190601008,-57.711686900273008,869.1437679688845,2,3.9119633413013666e-07
1,206,0.58510696581484067,support,0.0021353217550048073,0.0084167566389117213,-0.0055250835836139576,62.424851015641444,26.314639022569796,-470.87401288839283,1,3.381152357427239e-07
1,207,0.58642447221925054,tool,0.00063923305173042605,0.0030576049161895658,0.001782484691733051,253.49059401654279,-59.116489710027992,878.83696927635697,2,4.0225365754292808e-07
1,207,0.58642447221925054,support,0.0017613207776030232,0.0085163759048086304,-0.0055313544795174471,15.54724295923296,33.389259537689966,-410.03771481166251,1,2.9260389141673449e-07
1,208,0.5877419786236604,tool,0.00050474451824031319,0.0030879386740771246,0.0017753452664432978,200.37132054827384,-64.960108223615222,799.21070127524706,2,3.8653395233699539e-07
1,208,0.5877419786236604,support,0.001387319800201239,0.0086159951707055395,-0.0055376253754209357,-7.3192686247516594,13.613944723321275,-127.89273531526091,1,9.1560037781580894e-08
1,209,0.58822510203311995,tool,0.00045542820477460246,0.0030990619206004858,0.0017727272727272728,199.71793214515844,-63.95638901827374,841.21681376170147,2,4.0334966173050796e-07
1,209,0.58822510203311995,support,0.0012501753986721331,0.0086525250875445631,-0.0055399248834909678,97.41019738809986,25.484657493469182,-219.53572074619493,1,1.7166142101971565e-07
1,210,0.58954260843752981,tool,0.00031782156773738128,0.0030904085954702116,0.001765812989766091,179.27935501000636,-17.605702538106669,890.16699971140929,2,3.8274476897928733e-07
1,210,0.58954260843752981,support,0.00087061067908823092,0.0086435613839296356,-0.0055436522542767095,143.05302296613135,60.876117614490035,-421.85179295179984,1,3.1954026847094696e-07
1,211,0.59086011484193968,tool,0.00018021493070016008,0.0030817552703399373,0.0017588987068049089,147.42187770712249,-6.0128743938647915,897.46314577801445,2,3.6421103226987744e-07
1,211,0.59086011484193968,support,0.0004910459595043287,0.0086345976803147064,-0.0055473796250624496,113.5330626011469,68.815378680451644,-482.48997645178355,1,3.5567015314961342e-07
1,212,0.59217762124634954,tool,4.2608293662938851e-05,0.0030731019452096631,0.0017519844238437269,115.60218128697085,-0.49649758031128499,905.67471098903525,2,3.5488664128571767e-07
1,212,0.59217762124634954,support,0.00011148123992042649,0.0086256339766997772,-0.0055511069958481896,68.363546255658576,70.932805591380614,-503.42440474792755,1,3.6459077601760925e-07
1,213,0.5934951276507594,tool,-9.4998343374282296e-05,0.0030644486200793889,0.0017450701408825448,82.782836962419452,5.8872782509986337,907.09678072910265,2,3.4176114289529574e-07
1,213,0.5934951276507594,support,-0.00026808347966347562,0.008616670273084848,-0.0055548343666339305,18.13062506036928,64.946858819601204,-467.62738234309489,1,3.357994285127161e-07
1,214,0.59481263405516926,tool,-0.00023260498041150342,0.0030557952949491147,0.001738155857921363,34.745892288341977,80.050129213414223,667.82142545778049,2,3.5218542933108249e-07
1,214,0.59481263405516926,support,-0.00064764819924737773,0.0086077065694699188,-0.0055585617374196714,-5.6605383335245048,13.348683177562673,-97.756924416810094,1,7.0239916299084937e-08
1,215,0.59613014045957913,tool,-0.00037021161744872465,0.0030471419698188404,0.0017312415749601811,12.724351665554007,64.909129064503787,742.49662301646867,2,3.5642269214080508e-07
1,215,0.59613014045957913,support,-0.0010272129188312802,0.0085987428658549914,-0.0055622891082054123,90.382553761929699,32.503580787112192,-245.21369348478828,1,1.8717633107692699e-07
1,216,0.59688639852360459,tool,-0.00044919880762442365,0.0030421748995347795,0.0017272727272727272,-1.7324228498123802,33.170080208667741,810.66020225017519,2,3.3649382597412264e-07
1,216,0.59688639852360459,support,-0.0012450857724615164,0.0085935976361091355,-0.0055644286455958144,121.4044769563134,51.629956298893745,-394.53309353733903,1,2.9567251728316452e-07
1,217,0.59820390492801445,tool,-0.00057864690254335466,0.0029947943018758002,0.0017197531801648274,95.168472156613916,81.338862978384483,821.24531282984958,4,3.5433002155884491e-07
1,217,0.59820390492801445,support,-0.0016238068552861882,0.0084761886741736032,-0.0055663283826421009,95.862913452126662,61.167284972484261,-475.12202697548651,1,3.472258760135738e-07
1,218,0.59952141133242431,tool,-0.00070809499746228555,0.0029474137042168214,0.0017122336330569273,324.93290964653625,65.524101347248958,809.85408093196759,3,3.0442579728676838e-07
1,218,0.59952141133242431,support,-0.0020025279381108599,0.0083587797122380708,-0.0055682281196883883,50.540869669671139,48.349185401523151,-486.78412771035283,1,3.4953047789009623e-07
1,219,0.60083891773683418,tool,-0.00083754309238121645,0.0029000331065578426,0.0017047140859490276,393.63721722646847,8.4794731903870115,882.87705100780158,2,3.5492604400031574e-07
1,219,0.60083891773683418,support,-0.0023812490209355317,0.0082413707503025402,-0.0055701278567346756,10.938241971133143,261.32704342586078,-530.13212589976149,2,3.3011903463175257e-07
1,220,0.60215642414124404,tool,-0.00096699118730014756,0.0028526525088988629,0.0016971945388411275,364.20297592722955,11.256126657676887,896.76394539832177,2,3.7369569777165323e-07
1,220,0.60215642414124404,support,-0.0027599701037602036,0.0081239617883670078,-0.0055720275937809621,-40.435034189875118,280.7505116773948,-460.5637947826915,1,3.8444106668662076e-07
1,221,0.6034739305456539,tool,-0.0010964392822190785,0.0028052719112398841,0.0016896749917332278,304.43291491418563,59.415395185328421,834.05997230783112,2,4.2644958687335782e-07
1,221,0.6034739305456539,support,-0.003138691186584875,0.0080065528264314755,-0.0055739273308272486,-58.245339253256176,167.71308913325689,-290.73385527769233,1,2.4211799325764977e-07
1,222,0.60479143695006377,tool,-0.0012258873771380093,0.0027578913135809053,0.0016821554446253279,273.22772519904049,63.249310552133053,836.57612750990984,2,4.4190729836610793e-07
1,222,0.60479143695006377,support,-0.0035174122694095469,0.0078891438644959431,-0.005575827067873536,86.644485498850045,68.14456190793409,-350.31190112019937,2,1.5742451664382123e-07
1,223,0.60485052906053371,tool,-0.0012316933156135041,0.0027557662237129355,0.0016818181818181819,279.40423989700429,53.37804960587934,857.90697675433626,2,4.3873257434511037e-07
1,223,0.60485052906053371,support,-0.003534398469999288,0.0078838778989373439,-0.0055759122738892539,93.99070056977078,94.657606872425859,-379.40666747380408,2,1.5299559677668662e-07
1,224,0.60616803546494358,tool,-0.0013430145365874501,0.0026744336970116189,0.0016746851766576772,255.42399070923372,41.613755836975471,905.23705823214777,2,4.3508748218297477e-07
1,224,0.60616803546494358,support,-0.0038606102955254626,0.0076633258195957102,-0.0055821412512866578,78.738624585689479,243.69439529547634,-491.29113163964286,1,3.9377461680777104e-07
1,225,0.60748554186935344,tool,-0.0014543357575613962,0.0025931011703103023,0.0016675521714971725,224.79999408347311,38.434601556412346,898.4585203222066,2,4.4875687058281571e-07
1,225,0.60748554186935344,support,-0.0041868221210516372,0.0074427737402540757,-0.0055883702286840618,35.836389443816032,232.89324947392114,-544.05330280657518,1,4.2139051727695109e-07
1,226,0.6088030482737633,tool,-0.0015656569785353421,0.0025117686436089857,0.0016604191663366675,188.22073889469516,57.852828773089556,858.99821432103749,2,4.7976567713742257e-07
1,226,0.6088030482737633,support,-0.0045130339465778123,0.007222221660912442,-0.0055945992060814648,-12.997389183378395,199.78686794072158,-548.46153873671892,1,4.1497393464887122e-07
1,227,0.61077930788037804,tool,-0.0017326388099962562,0.0023897698535570141,0.0016497196585959105,124.46760326664386,118.39205179507235,718.96959453701595,1,5.2538420356514764e-07
1,227,0.61077930788037804,support,-0.005002351684867061,0.0068913935418999997,-0.0056039426721775703,-62.665059208687317,112.28840041063391,-408.83353198260363,1,3.0460901089424813e-07
1,228,0.61275556748699289,tool,-0.0018996206414571798,0.0022677710635050355,0.0016390201508551532,91.493422604425831,94.273967653511619,710.03008702708564,1,5.1321265146300754e-07
1,228,0.61275556748699289,support,-0.0054916694231563366,0.0065605654228875392,-0.0056132861382736767,70.650081521857771,55.677729751714935,-300.61703405689121,1,2.2302097119758502e-07
1,229,0.61324624074142431,tool,-0.0019410795259071809,0.0022374807397281724,0.0016363636363636363,85.473538660798951,89.691642673556885,720.78967812926328,1,5.1980773286327414e-07
1,229,0.61324624074142431,support,-0.0056131590929819923,0.0064784261587595218,-0.0056156059695861727,73.510503791991908,58.728208322278391,-362.20116248453218,1,2.6597521705397364e-07
1,230,0.61522250034803916,tool,-0.002065723072542356,0.0020725256095197406,0.0016247486642065249,48.85788795806836,75.050754081242729,734.78309592551136,1,5.2610471623030369e-07
1,230,0.61522250034803916,support,-0.0059953095426293432,0.0060184316647129508,-0.005628375565449803,35.323031024119373,27.615844420111745,-422.26142361703802,1,3.0180558989716805e-07
1,231,0.61719875995465401,tool,-0.0021903666191775304,0.0019075704793113087,0.0016131336920494135,25.664532699306822,43.231870872475227,725.08495250247631,1,5.1658483966009194e-07
1,231,0.61719875995465401,support,-0.0063774599922766942,0.0055584371706663789,-0.005641145161313435,3.8909300016036994,188.24900098574301,-379.0874415527112,1,3.0083748030988039e-07
1,232,0.61917501956126886,tool,-0.0023150101658127057,0.0017426153491028767,0.0016015187198923026,278.94502610048062,23.65046205650928,850.35675285844616,2,4.0857041225857843e-07
1,232,0.61917501956126886,support,-0.0067596104419240452,0.0050984426766198078,-0.0056539147571770653,-54.375440503097352,204.84702444675094,-561.30065277353231,1,4.2643113300211422e-07
1,233,0.62098022244226359,tool,-0.0024288650909096337,0.0015919380416831359,0.001590909090909091,294.25053820962091,141.33789935394844,862.51896856289977,2,4.6899278301117814e-07
1,233,0.62098022244226359,support,-0.0071086835547720549,0.0046782633726887048,-0.0056655790704914742,-103.7398786079489,137.77555194346178,-550.11016320461601,1,4.09750117774145e-07
1,234,0.62295648204887843,tool,-0.002503476449446403,0.0013990830294168287,0.0015798997449182187,100.4369696658847,241.64254053463105,832.64202783996848,2,4.1588836223460657e-07
1,234,0.62295648204887843,support,-0.0073574639280028914,0.0041125207181299016,-0.005674102933178036,-104.18909206283084,43.67688059113614,-374.13215972432573,1,2.7776959069664153e-07
1,235,0.62493274165549328,tool,-0.0025780878079831723,0.0012062280171505214,0.0015688903989273463,-67.875126940473734,279.4821189723001,641.41799387652816,1,4.9961307040623237e-07
1,235,0.62493274165549328,support,-0.0076062443012337271,0.0035467780635710985,-0.0056826267958645978,-29.924482202399247,46.341877988779743,-83.378258310183909,1,7.1056236957724173e-08
1,236,0.62690900126210813,tool,-0.002652699166519942,0.0010133730048842143,0.0015578810529364737,47.493133877674516,265.5385175424268,923.72344346299803,3,4.7975854786715816e-07
1,236,0.62690900126210813,support,-0.0078550246744645627,0.0029810354090122953,-0.0056911506585511588,-191.71326420838344,170.64111394781452,-442.63216724467281,1,3.6365741704850324e-07
1,237,0.62888526086872298,tool,-0.0027273105250567114,0.00082051799261790691,0.0015468717069456015,108.42158909558971,332.76545960349227,972.77804402568427,2,3.8538524077622732e-07
1,237,0.62888526086872298,support,-0.0081038050476953984,0.0024152927544534917,-0.0056996745212377206,-111.08902046833535,98.796397388666733,-476.54794012476083,2,1.9528017775743978e-07
1,238,0.62913965191185539,tool,-0.0027369147598769569,0.00079569302145545155,0.0015454545454545456,107.1885958894695,317.83330835511128,948.24466175441967,2,3.6972581552840306e-07
1,238,0.62913965191185539,support,-0.0081358289267673724,0.0023424683828193256,-0.0057007717426316579,-51.150247494030516,80.091685231913175,-439.46661193058412,2,2.3019966741578274e-07
1,239,0.63111591151847013,tool,-0.0027508945881615787,0.00058942417867892275,0.0015336712870407767,73.418343881574714,268.51429194436855,957.97900089858911,2,3.7300333982810685e-07
1,239,0.63111591151847013,support,-0.0082063284558278795,0.0017352263566407652,-0.0057141058449910022,-4.6611999328468725,10.521097939312259,-363.33951276079159,1,2.5836971765703931e-07
1,240,0.63309217112508498,tool,-0.0027648744164462009,0.00038315533590238239,0.0015218880286270069,53.841772303728803,200.92621902832383,905.56665043945281,2,3.6692619275954796e-07
1,240,0.63309217112508498,support,-0.0082768279848883901,0.0011279843304621709,-0.0057274399473503483,-1.3149674691023363,20.335199394891525,-50.00673654924762,1,3.8379500319138393e-08
1,241,0.63506843073169983,tool,-0.0027788542447308236,0.00017688649312584207,0.0015101047702132373,92.335758221805179,173.49522003101828,1032.1502284313851,2,4.0737813514473559e-07
1,241,0.63506843073169983,support,-0.0083473275139489007,0.00052074230428357645,-0.0057407740497096935,-113.05566082952693,124.53449177686647,-492.94661697488618,2,2.4647568859243602e-07
1,242,0.6367631783562796,tool,-0.002790842690326784,-1.7336258245630888e-18,0.0015,89.121587088159856,123.21000467669589,1018.274223205289,2,3.9949821411047748e-07
1,242,0.6367631783562796,support,-0.0084077846062303903,-5.0794702389019651e-18,-0.0057522087510129861,-86.146716934096517,52.378677205906442,-487.30082885536603,2,2.7937210080215824e-07
1,243,0.63873943796289434,tool,-0.0027479315189456333,-0.00020222363978265168,0.0014879439989284639,-9.0695440221115575,58.98576491573067,917.99698089084268,2,4.2567896690968304e-07
1,243,0.63873943796289434,support,-0.0083078552376718399,-0.00061240906954485822,-0.0057619277003889925,-177.86362734368714,-15.913518979300022,-280.5428360590725,1,2.3636059958906386e-07
1,244,0.64071569756950919,tool,-0.0027050203475644805,-0.00040444727956531296,0.0014758879978569272,-124.71951935419314,8.2172871921479569,665.30789383374599,2,4.7736052235982512e-07
1,244,0.64071569756950919,support,-0.0082079258691132827,-0.0012248181390897457,-0.0057716466497650006,0,0,0,0,0
1,245,0.64269195717612404,tool,-0.0026621091761833277,-0.00060667091934797418,0.0014638319967853904,-161.54378732648914,276.16882721666275,808.34842157138746,2,4.5025108524020252e-07
1,245,0.64269195717612404,support,-0.0081079965005547254,-0.0018372272086346333,-0.0057813655991410069,-160.06756990955373,52.428142163608968,-279.67538570976353,1,2.3204209367855277e-07
1,246,0.64421423792286658,tool,-0.0026290553963079239,-0.00076244051173702697,0.0014545454545454545,-109.5906257488323,335.75636322843121,746.98731066079188,3,5.1316124399011093e-07
1,246,0.64421423792286658,support,-0.0080310225274584472,-0.0023089559899031886,-0.0057888519483352829,-184.01499433681096,16.642199298982334,-337.67376545488111,1,2.7357711836380194e-07
1,247,0.64619049752948143,tool,-0.0025289435536511025,-0.00094334712630928116,0.0014430767125940703,-37.240617830011615,358.02938734464902,869.10534190189401,2,4.8752728669040901e-07
1,247,0.64619049752948143,support,-0.0077430150686746482,-0.0028853659013197619,-0.0058041135758769439,-217.42332138120199,-55.098413095611683,-442.65872983168555,1,3.5269900574771973e-07
1,248,0.64816675713609628,tool,-0.0024288317109942806,-0.0011242537408815353,0.0014316079706426861,-118.71249770842796,248.81736929421822,704.14055674350789,1,5.3745199733289811e-07
1,248,0.64816675713609628,support,-0.0074550076098908492,-0.0034617758127363347,-0.0058193752034186048,-36.301746752273004,24.621834709341428,-89.36488553006734,1,7.075400827206979e-08
1,249,0.65014301674271113,tool,-0.0023287198683374592,-0.0013051603554537895,0.001420139228691302,-28.034701960317946,267.26156492960069,873.481118019512,2,5.2530570381244257e-07
1,249,0.65014301674271113,support,-0.0071670001511070502,-0.0040381857241529075,-0.0058346368309602666,-145.82889336705085,50.057645915277256,-452.4090281050328,1,3.3970569760476133e-07
1,250,0.65204683041641509,tool,-0.0022322779361582013,-0.001479435276285722,0.0014090909090909091,-46.251686033796666,214.89965040621419,832.70445190480837,2,5.5090922779915674e-07
1,250,0.65204683041641509,support,-0.0068895505000966077,-0.0045934655402966301,-0.0058493389961512855,-109.63824902885295,-15.882661913482565,-445.42207397115135,1,3.2622434301306236e-07
1,251,0.65402309002302994,tool,-0.0020841853388020993,-0.0016235801827707258,0.0013959781358967899,-72.94507479306165,152.95576579256738,763.55397801145875,1,5.5589346345964047e-07
1,251,0.65402309002302994,support,-0.0064579712785093907,-0.0050610972335192652,-0.0058609731233666609,-38.24368333378068,-41.887721120217414,-242.44776511412906,1,1.7697030324937552e-07
1,252,0.65599934962964479,tool,-0.0019360927414459974,-0.0017677250892557295,0.0013828653627026705,-45.015499375735182,128.99531587448212,792.64761248637342,1,5.7167446277858747e-07
1,252,0.65599934962964479,support,-0.006026392056922172,-0.0055287289267418995,-0.0058726072505820362,-152.37510357361231,-71.798190781009168,-233.3167103733511,1,2.045277541226978e-07
1,253,0.65797560923625964,tool,-0.0017880001440898953,-0.001911869995740733,0.0013697525895085515,-25.14103672051376,100.71235483733155,804.76206494223527,2,5.6436590664416669e-07
1,253,0.65797560923625964,support,-0.0055948128353349551,-0.0059963606199645346,-0.0058842413777974107,-99.446536248706138,-86.385018710837016,-191.34927709098355,1,1.651100572730782e-07
1,254,0.65889740129025154,tool,-0.0017189249178185318,-0.0019791038900006468,0.0013636363636363637,-206.9599030864635,77.831370100103371,742.94061967485732,2,2.9787037729260557e-07
1,254,0.65889740129025154,support,-0.0053935101847137918,-0.0062144793213560826,-0.0058896679148709649,-6.1901267327700564,1.0063943012279257,-14.627467258640557,1,1.1311576209559193e-08
1,255,0.6618617907001737,tool,-0.001445149335765994,-0.0021247581964264962,0.0013459088337157183,-323.12357960622268,31.608634279228085,856.22428197351417,2,5.2088291436439699e-07
1,255,0.6618617907001737,support,-0.0045646388680204049,-0.0067132042891857261,-0.0059083404838995114,-85.825379169852482,-36.104154517543179,-396.21017751943577,1,2.8927415456417305e-07
1,256,0.66482618011009587,tool,-0.0011713737537134561,-0.0022704125028523456,0.0013281813037950728,-312.60740684408745,-7.1283917575388358,727.18342070014603,1,5.625952388442837e-07
1,256,0.66482618011009587,support,-0.0037357675513270171,-0.0072119292570153688,-0.0059270130529280578,0,0,0,0,0
1,257,0.66649828950092982,tool,-0.0010169464304343933,-0.0023525710521896488,0.0013181818181818182,-289.16573318941028,-23.07761109448726,751.06016932374428,1,5.7224163131294747e-07
1,257,0.66649828950092982,support,-0.003268229950566155,-0.0074932427374103765,-0.0059375456023694779,0,0,0,0,0
1,258,0.66940132459639889,tool,-0.00071898103251143825,-0.0024098812676613891,0.0012966833744703908,-261.6080624333153,-39.934890841061858,831.40794942832997,2,5.9193722134684434e-07
1,258,0.66940132459639889,support,-0.0022988412871912606,-0.0077373501229411864,-0.0059639502165406404,-53.03576395164572,-114.40089947140923,-294.82993902481093,1,2.279086162093949e-07
1,259,0.67230435969186797,tool,-0.00042101563458848322,-0.0024671914831331295,0.0012751849307589636,-219.34865613884048,56.830140765539774,923.61503167144735,2,4.9340252250736072e-07
1,259,0.67230435969186797,support,-0.0013294526238163656,-0.0079814575084719962,-0.0059903548307118021,0,0,0,0,0
1,260,0.67263622871524609,tool,-0.00038695284087183161,-0.002473743069528995,0.0012727272727272726,-214.32937125489468,70.29183574033155,936.92304994546612,2,4.8014999452870161e-07
1,260,0.67263622871524609,support,-0.0012186340982359635,-0.0080093633645747821,-0.0059933733520970024,0,0,0,0,0
1,261,0.67560061812516825,tool,-7.7720184359588747e-05,-0.0024508861401653275,0.0012544178065381118,-165.86702176001415,144.6950082891193,1115.9479531358261,2,4.5322810872470282e-07
1,261,0.67560061812516825,support,-0.00023598907602379797,-0.0079747462537575788,-0.0060206499647262888,-71.28051174782847,-184.44243677853379,-375.69570871960923,1,3.0174878366817648e-07
1,262,0.67856500753509041,tool,0.00023151247215265417,-0.0024280292108016599,0.0012361083403489509,-55.337548125906423,-14.36723990729211,854.77982353780988,2,5.1901027198816146e-07
1,262,0.67856500753509041,support,0.00074665594618836782,-0.0079401291429403754,-0.0060479265773555743,0,0,0,0,0
1,263,0.67999553519563094,tool,0.00038073911127184,-0.0024169991249498131,0.0012272727272727275,-21.76798138139252,-33.185095342386916,830.6232725340011,2,5.3194336739788295e-07
1,263,0.67999553519563094,support,0.0012208517047017111,-0.0079234239373468553,-0.0060610894731348668,0,0,0,0,0
1,264,0.68276786545197465,tool,0.00065065684865416073,-0.002311918623134619,0.00120518107242193,-296.60046655094789,-109.91309416046334,906.40243783029496,2,4.9500122520102635e-07
1,264,0.68276786545197465,support,0.0021655671223355004,-0.0075980874167967272,-0.0061019419893533679,-15.032244158672373,-74.231776581998133,-182.77759188476659,1,1.4061891079591299e-07
1,265,0.68554019570831837,tool,0.00092057458603648145,-0.0022068381213194246,0.0011830894175711329,-311.15695763167025,-72.055497502432601,736.20571857620837,1,5.7037097456798941e-07
1,265,0.68554019570831837,support,0.0031102825399692896,-0.0072727508962466001,-0.0061427945055718691,0,0,0,0,0
1,266,0.68569972587319983,tool,0.00093610665370789307,-0.0022007913995257112,0.0011818181818181819,-309.59810624145382,-70.209996508064918,739.4169775131362,1,5.7192247821837017e-07
1,266,0.68569972587319983,support,0.0031646449688308284,-0.0072540298262562686,-0.0061451453108676123,0,0,0,0,0
1,267,0.68864850376951736,tool,0.0011848660853719072,-0.0020185026435553528,0.0011628835395941361,-259.49460421429262,-50.825261129451619,777.0424336522367,1,5.8337737156039654e-07
1,267,0.68864850376951736,support,0.0040164012101645916,-0.0067302234811080722,-0.0061333886901177546,0,0,0,0,0
1,268,0.6915972816658349,tool,0.0014336255170359212,-0.0018362138875849944,0.0011439488973700902,-216.56795217812015,-12.44829662687777,811.4817176787227,1,5.9700505984985885e-07
1,268,0.6915972816658349,support,0.004868157451498354,-0.0062064171359598767,-0.0061216320693678978,5.2998648069917813,-43.860741310066295,-66.824567064792419,1,5.6936401965530792e-08
1,269,0.69277856883931133,tool,0.0015332791146408674,-0.0017631885947795673,0.0011363636363636363,-234.64044335650468,-90.464607525003601,964.88777441127706,2,5.8586271012208563e-07
1,269,0.69277856883931133,support,0.0052093729510015833,-0.0059965791153745165,-0.006116922340190744,50.707037198685299,-164.297680266914,-276.96706710333143,1,2.3170117662788675e-07
1,270,0.69575446927402751,tool,0.0017163191949184399,-0.0015118535987214948,0.0011126925999768362,-167.35424772617097,-310.62018285978235,999.9320523689023,2,5.0088112250965683e-07
1,270,0.69575446927402751,support,0.0057082945100986205,-0.0051455638672680409,-0.0062807830290652865,77.143786901188648,-79.09248851264762,-214.4699745167087,1,1.7147004974064906e-07
1,271,0.69849307154919005,tool,0.0018847636678740352,-0.0012805600433313429,0.001090909090909091,-90.212751721108532,-347.34146031555281,775.34929047076423,2,5.9370453454107158e-07
1,271,0.69849307154919005,support,0.0061674320877310182,-0.0043624085346923129,-0.0064315774743788842,0,0,0,0,0
1,272,0.70140383771376058,tool,0.001991378072028838,-0.00099545812492572326,0.0010715757883014237,-47.479546195924755,-317.66937451054611,803.99604276941125,1,6.1534634907337016e-07
1,272,0.70140383771376058,support,0.0064175283117003327,-0.0034075633951392501,-0.0065919602609495788,0,0,0,0,0
1,273,0.70431460387833111,tool,0.002097992476183641,-0.00071035620652010352,0.0010522424856937562,-26.115488809407328,-261.41099197737299,832.50927367734016,1,6.2046064868738482e-07
1,273,0.70431460387833111,support,0.0066676245356696471,-0.0024527182555861876,-0.0067523430475202725,0,0,0,0,0
1,274,0.70533657654261794,tool,0.0021354248910549034,-0.00061025666204526691,0.0010454545454545456,-18.748346089418192,-240.49034387301981,839.86275700832982,1,6.2105760301710278e-07
1,274,0.70533657654261794,support,0.0067554335487910108,-0.0021174712532237181,-0.0068086535906660781,0,0,0,0,0
1,275,0.70795344495627455,tool,0.0021386654842588545,-0.00033683103508182379,0.0010250886267153814,10.319309208296374,-187.29708758366951,855.44910538700003,1,6.2244825990882824e-07
1,275,0.70795344495627455,support,0.0065739944728596383,-0.0011687378087589751,-0.0070674676418288158,0,0,0,0,0
1,276,0.71057031336993115,tool,0.0021419060774628051,-6.3405408118380623e-05,0.0010047227079762174,10.370977074095242,-127.33387775625101,863.51062637810992,1,6.2041287992187916e-07
1,276,0.71057031336993115,support,0.0063925553969282657,-0.00022000436429423171,-0.0073262816929915535,0,0,0,0,0
1,277,0.71117714606371585,tool,0.0021426575473850796,0,0.001,10.15973318950263,-113.39033958921036,864.60412333054899,1,6.1981365192219362e-07
1,277,0.71117714606371585,support,0.0063504809989070859,0,-0.0073862987832803827,0,0,0,0,0
1,278,0.71423220159844369,tool,0.0020676852330358407,0.00031120617665671889,0.00099788179379105561,14.217819003422022,-42.403987610855538,858.9897409449859,1,6.1134605468683018e-07
1,278,0.71423220159844369,support,0.0061399461012426413,0.00097736122490344759,-0.0073653203915243284,0,0,0,0,0
1,279,0.71728725713317154,tool,0.0019927129186866018,0.00062241235331343778,0.00099576358758211121,17.043099895586749,-316.35553726533442,756.79530691248658,2,4.8950263891334861e-07
1,279,0.71728725713317154,support,0.0059294112035781959,0.0019547224498068952,-0.0073443419997682741,0,0,0,0,0
1,280,0.72034231266789939,tool,0.0019177406043373627,0.00093361852997015662,0.00099364538137316702,3.3239941952347287,-321.85458396938259,741.41278119680328,1,5.7446784316409621e-07
1,280,0.72034231266789939,support,0.0057188763059137513,0.0029320836747103425,-0.0073233636080122198,0,0,0,0,0
1,281,0.72038367260571956,tool,0.0019167256145198389,0.00093783169990093579,0.00099361670468428305,2.760962532863136,-321.45725397869234,742.33407102955061,1,5.749547594196755e-07
1,281,0.72038367260571956,support,0.0057160260433972779,0.0029453153816401665,-0.0073230795984520879,0,0,0,0,0
1,282,0.72385752385141899,tool,0.0016848662507877585,0.0012184210290941268,0.00099113054009660655,-14.755601406890818,-258.88224013834048,784.1945560644491,1,5.8703874632887176e-07
1,282,0.72385752385141899,support,0.0050434251815481349,0.0036838451262671251,-0.0073697903781613835,0,0,0,0,0
1,283,0.72733137509711843,tool,0.0014530068870556782,0.0014990103582873181,0.00098864437550893027,122.4832249865696,-250.65558873677901,997.81991145420761,2,4.7280079291597832e-07
1,283,0.72733137509711843,support,0.0043708243196989918,0.0044223748708940832,-0.0074165011578706782,0,0,0,0,0
1,284,0.72930288032595147,tool,0.0013214203810077881,0.001658252447407848,0.00098723340936856608,222.14925595237821,-202.0064009088712,992.25120107265138,2,4.7018686127019149e-07
1,284,0.72930288032595147,support,0.0039891050052364603,0.0048415106226000048,-0.007443010798015388,0,0,0,0,0
1,285,0.73251199032741288,tool,0.0010203341062946024,0.0018079590036034509,0.00098500208223595482,305.11235949151489,-92.44957386143895,773.25321874137978,1,5.9446197129674888e-07
1,285,0.73251199032741288,support,0.0031005932363065256,0.0053001604924652326,-0.0074293311289543966,0,0,0,0,0
1,286,0.73572110032887428,tool,0.0007192478315814168,0.0019576655597990538,0.00098277075510334335,252.16871423113992,-63.288805495669436,814.89317728663434,1,6.0794124381695347e-07
1,286,0.73572110032887428,support,0.0022120814673765908,0.0057588103623304604,-0.0074156514598934034,0,0,0,0,0
1,287,0.73848337947399689,tool,0.00046008428245279578,0.0020865272372980869,0.0009808501140528491,199.25905279493466,-37.323148293404998,835.21209585170868,1,6.1085537406656287e-07
1,287,0.73848337947399689,support,0.0014472845210601708,0.0061535986275706601,-0.0074038765239946187,0,0,0,0,0
1,288,0.74153041513472295,tool,0.0001408274531984585,0.0020838073809437418,0.00097861646421502327,139.94249522132733,-0.1903654715762253,849.0063407656387,1,6.1156584503941486e-07
1,288,0.74153041513472295,support,0.00044808421390372423,0.0061223433536122963,-0.0074288135251821211,0,0,0,0,0
1,289,0.74457745079544901,tool,-0.00017842937605587879,0.0020810875245893959,0.00097638281437719744,70.678296661007948,-1.0777069964841166,850.80629796630558,1,6.0678620847354203e-07
1,289,0.74457745079544901,support,-0.00055111609325272232,0.0060910880796539325,-0.0074537505263696235,0,0,0,0,0
1,290,0.74719115816453108,tool,-0.0004522837119296508,0.0020787544673535304,0.00097446681873713224,10.622213142232397,-1.6261039931069683,765.29371534248321,1,5.4397912526999576e-07
1,290,0.74719115816453108,support,-0.0014082170585172898,0.0060642777141171576,-0.0074751411600949436,0,0,0,0,0
1,291,0.75049986474044139,tool,-0.00075863424853036209,0.001916454516137162,0.00097215501123151999,172.30158755637038,14.186873123521469,584.91131373498445,2,3.1164394045674754e-07
1,291,0.75049986474044139,support,-0.0022242690315758071,0.005495040430265343,-0.0075752815212901219,0,0,0,0,0
1,292,0.75380857131635171,tool,-0.0010649847851310734,0.0017541545649207939,0.00096984320372590764,263.50040989740256,-8.9733157402837733,687.0974155694463,1,5.2306656216690589e-07
1,292,0.75380857131635171,support,-0.0030403210046343245,0.0049258031464135283,-0.0076754218824852992,0,0,0,0,0
1,293,0.75632706205610378,tool,-0.0012981698596748019,0.0016306165857066113,0.00096808352342141527,236.87985645413841,-35.297423488426531,740.18077427357196,1,5.5292968373019113e-07
1,293,0.75632706205610378,support,-0.003661475915217123,0.0044925163634330842,-0.0077516457985562174,0,0,0,0,0
1,294,0.75989504891664172,tool,-0.0015330938908978543,0.0013397957350796724,0.00096537227213735121,174.23195744095119,-70.280164794463531,756.02716280745312,1,5.5368178735696466e-07
1,294,0.75989504891664172,support,-0.0042566380964421053,0.0036893145732305745,-0.0077771185733366416,0,0,0,0,0
1,295,0.76346303577717967,tool,-0.0017680179221209065,0.0010489748844527335,0.00096266102085328727,112.87116328536335,248.73240552777756,753.04910219598162,2,5.2097632080583267e-07
1,295,0.76346303577717967,support,-0.0048518002776670871,0.0028861127830280648,-0.0078025913481170658,0,0,0,0,0
1,296,0.76472743200605264,tool,-0.0018512685255452927,0.00094591598844690752,0.0009617002281056983,91.403557334312694,264.80227394524718,739.29660708406971,1,5.6190540870682676e-07
1,296,0.76472743200605264,support,-0.0050627093552288883,0.0026014802004958072,-0.0078116181976067654,0,0,0,0,0
1,297,0.76822791043884298,tool,-0.0019346607249548574,0.0005887406879223117,0.00095928991318283512,46.593542936603264,225.38376811573914,803.61997740971549,1,5.9412743260659623e-07
1,297,0.76822791043884298,support,-0.005247662026095736,0.0016191683633246258,-0.0078408750616319831,0,0,0,0,0
1,298,0.77172838887163331,tool,-0.002018052924364422,0.00023156538739771602,0.00095687959825997205,31.176786681116546,153.9611252215621,831.05264504247089,1,6.0112229135437373e-07
1,298,0.77172838887163331,support,-0.0054326146969625845,0.0006368565261534448,-0.0078701319256572009,0,0,0,0,0
1,299,0.77399783371615616,tool,-0.0020721181044982698,5.8884511499882917e-22,0.00095531693278998143,20.708793570040573,105.12276832739798,838.90352944011659,1,6.0108626590525682e-07
1,299,0.77399783371615616,support,-0.0055525239874891687,1.189469040330222e-21,-0.0078890998583280528,0,0,0,0,0
1,300,0.77762361476207953,tool,-0.0019766928568820761,-0.00036773100321105837,0.0009528435967938204,1.1990626554913817,25.119098629138435,798.86490289843266,1,5.6806717311369548e-07
1,300,0.77762361476207953,support,-0.0052626170323154184,-0.00095659347761429148,-0.007918813086487772,0,0,0,0,0
1,301,0.7812493958080029,tool,-0.0018812676092658822,-0.00073546200642211673,0.00095037026079765937,12.690390024154413,-30.895635216137038,500.91496028771684,1,3.5681129143243923e-07
1,301,0.7812493958080029,support,-0.004972710077141668,-0.001913186955228583,-0.0079485263146474895,0,0,0,0,0
1,302,0.78335541036655132,tool,-0.0018258403900854113,-0.00094905649450154723,0.00094893363747426446,7.6604181260595521,187.66381770433128,435.88241347821491,1,3.3733610844532275e-07
1,302,0.78335541036655132,support,-0.0048043192503136583,-0.0024688189045800929,-0.0079657850763579351,0,0,0,0,0
1,303,0.78698958294269594,tool,-0.0015749410075229034,-0.001235497486003181,0.0009460820151756537,28.556426570762319,213.16904675614506,655.66156529198281,1,4.9043621650358277e-07
1,303,0.78698958294269594,support,-0.0040490143201925826,-0.0031196054031615511,-0.008043189183476766,0,0,0,0,0
1,304,0.79062375551884057,tool,-0.0013240416249603955,-0.0015219384775048148,0.00094323039287704305,77.149139507571277,175.38194948124797,705.17975719696824,1,5.1937083456448513e-07
1,304,0.79062375551884057,support,-0.0032937093900715078,-0.0037703919017430094,-0.0081205932905955968,0,0,0,0,0
1,305,0.79149042768392641,tool,-0.0012642075068638812,-0.0015902485065616677,0.00094255034215854749,88.417416036528692,163.25898800808795,707.26146320987073,1,5.1971143603512376e-07
1,305,0.79149042768392641,support,-0.0031135853741166867,-0.0039255905148844299,-0.0081390525089452045,0,0,0,0,0
1,306,0.79513225492355966,tool,-0.00092457169901589043,-0.001764201771414279,0.00094002966924766271,-22.890171933569512,61.228244178995638,423.17954338932623,2,1.7364151020868301e-07
1,306,0.79513225492355966,support,-0.0023368420459622466,-0.0045450985219309698,-0.0080255640453342283,0,0,0,0,0
1,307,0.7987740821631929,tool,-0.00058493589116789975,-0.0019381550362668905,0.00093750899633677804,-196.29320112255616,58.97507505660036,719.60802271539399,1,5.3179603700607286e-07
1,307,0.7987740821631929,support,-0.0015600987178078071,-0.0051646065289775098,-0.007912075581723254,0,0,0,0,0
1,308,0.80071290897414749,tool,-0.00040412143543270147,-0.0020307638371674219,0.00093616704684283051,-172.99553929456368,44.722191309845286,770.37655847601025,1,5.6207315717558826e-07
1,308,0.80071290897414749,support,-0.0011465780616199575,-0.0054944186410380022,-0.0078516568793783378,0,0,0,0,0
1,309,0.80410966847231691,tool,-4.8230451309303477e-05,-0.0020270981886144554,0.00093332725704464562,-115.62691538502162,9.9320586313278021,809.43599294584328,1,5.8118216563450564e-07
1,309,0.80410966847231691,support,-0.00014791636573080501,-0.0054495524246610926,-0.0078773831265166669,0,0,0,0,0
1,310,0.80750642797048633,tool,0.00030766053281409446,-0.0020234325400614889,0.00093048746724646062,-42.575391173284977,11.102393886079808,812.68700302251443,1,5.784557709871338e-07
1,310,0.80750642797048633,support,0.00085074533015834747,-0.005404686208284183,-0.0079031093736549977,0,0,0,0,0
1,311,0.80834816388179609,tool,0.00039585229970529696,-0.0020225241719456612,0.00092978375152711354,-23.516682333972078,10.994394580335541,780.49822510449974,1,5.5503872721691938e-07
1,311,0.80834816388179609,support,0.0010982192573328873,-0.0053935681101234534,-0.0079094844808980137,0,0,0,0,0
1,312,0.81186936227288631,tool,0.00071637964299144097,-0.0018398008105410192,0.00092732658837549342,31.73243139368126,5.794057878058517,497.69344953106497,1,3.5447325306189187e-07
1,312,0.81186936227288631,support,0.0016472001064283261,-0.0045812510315996575,-0.0081063625936098824,0,0,0,0,0
1,313,0.81539056066397653,tool,0.0010369069862775852,-0.0016570774491363775,0.0009248694252238734,-70.51355508799557,6.7275062550859683,180.77061693584753,1,1.3799255857080417e-07
1,313,0.81539056066397653,support,0.002196180955523765,-0.0037689339530758621,-0.0083032407063217527,0,0,0,0,0
1,314,0.81749564323445389,tool,0.0012285282608471696,-0.0015478397065867861,0.00092340045621139668,-148.72780871439957,30.929409183742248,439.35985581573982,1,3.3040940359586879e-07
1,314,0.81749564323445389,support,0.0025243788837861561,-0.0032833053875203451,-0.0084209406020807984,0,0,0,0,0
1,315,0.82129106423945752,tool,0.0014955051322929178,-0.0012530962372868735,0.00092021775216857013,-126.18789548303042,62.499723139013,515.38105987302868,1,3.7972937931216033e-07
1,315,0.82129106423945752,support,0.0033462751517353536,-0.0027195537420490806,-0.0083392668182844833,0,0,0,0,0
1,316,0.82508648524446115,tool,0.001762482003738666,-0.00095835276798696123,0.00091703504812574359,-58.168115990491309,65.732653437246313,332.27510377695688,1,2.4426236275125468e-07
1,316,0.82508648524446115,support,0.004168171419684551,-0.0021558020965778166,-0.0082575930344881698,0,0,0,0,0
1,317,0.82510781602727745,tool,0.001763982450106612,-0.00095669626955849438,0.00091701716089567971,-57.596941659526735,65.409240224534415,330.53806953209101,1,2.4295612406459444e-07
1,317,0.82510781602727745,support,0.0041727905886162816,-0.0021526337355722721,-0.0082571340167028849,0,0,0,0,0
1,318,0.82933591093639658,tool,0.001870763374064098,-0.00052673608221749408,0.00091414836863931898,-19.403559076031272,-64.23900846441569,238.00891042602979,1,1.7575773337847461e-07
1,318,0.82933591093639658,support,0.0044258293735168937,-0.001185193144787548,-0.0082516497995173271,0,0,0,0,0
1,319,0.83356400584551571,tool,0.0019775442980215839,-9.6775894876493851e-05,0.00091127957638295826,-31.569772228822881,-92.901889430908753,592.93710947089619,1,4.271557401602441e-07
1,319,0.83356400584551571,support,0.0046788681584175066,-0.00021775255400282415,-0.0082461655823317694,0,0,0,0,0
1,320,0.8345156699309354,tool,0.0020015786616114596,0,0.00091063386557996273,-29.351637232711035,-81.708550023111087,619.88041494535821,1,4.4487468442173245e-07
1,320,0.8345156699309354,support,0.0047358223964334926,0,-0.0082449311889124348,0,0,0,0,0
1,321,0.83880571081323296,tool,0.0018882247366913685,0.00043499479961005673,0.00091063386557996284,-14.043411928414315,-11.251275103469688,526.8554137654063,1,3.7467601389593735e-07
1,321,0.83880571081323296,support,0.0044243058749835308,0.00094986596965693736,-0.0082716163261882178,0,0,0,0,0
1,322,0.84309575169553042,tool,0.00177487081177128,0.0008699895992201023,0.00091063386557996273,-3.5926163006352851,-53.18068425814576,116.29544637791103,1,9.0924071423012509e-08
1,322,0.84309575169553042,support,0.0041127893535335769,0.0018997319393138504,-0.0082983014634639991,0,0,0,0,0
1,323,0.84396561010973092,tool,0.0017518869129974327,0.00095819013085970419,0.00091063386557996273,-11.607882371270909,-123.37788073453814,285.84017786344697,1,2.2142908663157906e-07
1,323,0.84396561010973092,support,0.0040496255574812186,0.0020923289165310716,-0.0083037122023894069,0,0,0,0,0
1,324,0.84743519859687788,tool,0.0014915441644541044,0.0012119459196243822,0.00091063386557996263,-33.910192065109165,-182.96821898934033,557.73183945561777,1,4.1788423673846942e-07
1,324,0.84743519859687788,support,0.0030870074442634699,0.0023351578112049604,-0.0084237142691072665,0,0,0,0,0
1,325,0.85090478708402484,tool,0.0012312014159107764,0.0014657017083890603,0.00091063386557996263,-78.381910693327995,-158.27725871576675,610.63674524850489,1,4.5179456789699174e-07
1,325,0.85090478708402484,support,0.0021243893310457216,0.0025779867058788493,-0.0085437163358251297,0,0,0,0,0
1,326,0.85143036919934245,tool,0.0011917640321997415,0.0015041412826287991,0.00091063386557996273,-83.329171024882626,-149.89655031276124,603.02175885459553,1,4.4558858355078085e-07
1,326,0.85143036919934245,support,0.0019785694835156003,0.0026147710463260616,-0.0085618945550294256,0,0,0,0,0
1,327,0.85588102493154783,tool,0.00077209423035229439,0.0017075144607052515,0.00091063386557996273,46.345882712897819,-20.625523134638787,141.47809690896656,1,1.0682273003746051e-07
1,327,0.85588102493154783,support,0.0012999547308778522,0.003345498412214164,-0.0084876009870397985,0,0,0,0,0
1,328,0.86033168066375321,tool,0.00035242442850484754,0.001910887638781704,0.00091063386557996273,141.94941959586282,-59.31259786537148,664.84209513703081,1,4.8501626014833127e-07
1,328,0.86033168066375321,support,0.0006213399782401042,0.0040762257781022668,-0.0084133074190501714,0,0,0,0,0
1,329,0.86082120432367704,tool,0.00030626532078656258,0.0019332564735001318,0.00091063386557996273,138.18572778879849,-57.529722726559193,686.82712119215603,1,4.9961414631122247e-07
1,329,0.86082120432367704,support,0.00054669974601865472,0.0041565978302400292,-0.0084051359356779771,0,0,0,0,0
1,330,0.86616758531544513,tool,-0.00025394222095265667,0.0019332564735001338,0.00091063386557996273,50.477898597539792,-29.574379095182973,750.25941270422311,1,5.3485874565353114e-07
1,330,0.86616758531544513,support,-0.00045330025398135219,0.00415659783024005,-0.0084051359356779719,0,0,0,0,0
1,331,0.8666669345843141,tool,-0.00030626532078655889,0.001933256473500134,0.00091063386557996273,39.76518054777619,-28.963082193286613,735.65094142110866,1,5.2402496190841891e-07
1,331,0.8666669345843141,support,-0.00054669974601864312,0.0041565978302400518,-0.0084051359356779719,0,0,0,0,0
1,332,0.87111759031651947,tool,-0.00072593512263400477,0.0017298832954236809,0.00091063386557996273,-21.757110491143671,-16.524313927438406,350.87666415746116,1,2.5013722063354366e-07
1,332,0.87111759031651947,support,-0.0012253144986563841,0.0034258704643519247,-0.0084794295036676025,0,0,0,0,0
1,333,0.87556824604872485,tool,-0.0011456049244814505,0.0015265101173472274,0.00091063386557996273,161.1187971711482,-34.377024380420437,437.32369804140808,1,3.3214727794030063e-07
1,333,0.87556824604872485,support,-0.0019039292512941252,0.002695143098463798,-0.0085537230716572332,0,0,0,0,0
1,334,0.87605776970864868,tool,-0.0011917640321997354,0.0015041412826287996,0.00091063386557996273,176.24491091498541,-42.707665862889939,494.52627985478279,1,3.7436715295564166e-07
1,334,0.87605776970864868,support,-0.0019785694835155738,0.0026147710463260325,-0.0085618945550294291,0,0,0,0,0
1,335,0.87952735819579564,tool,-0.0014521067807430625,0.0012503854938641264,0.00091063386557996273,156.09291577430685,-73.630032987760899,589.18140487641972,1,4.3635153388742881e-07
1,335,0.87952735819579564,support,-0.0029411875967333264,0.0023719421516521684,-0.0084418924883115642,0,0,0,0,0
1,336,0.8829969466829426,tool,-0.0017124495292863895,0.00099662970509945339,0.00091063386557996273,93.713042287330694,-91.108545760688628,477.66786903440658,1,3.5197785303725526e-07
1,336,0.8829969466829426,support,-0.0039038057099510786,0.0021291132569783043,-0.0083218904215936994,0,0,0,0,0
1,337,0.88352252879826032,tool,-0.0017518869129974325,0.00095819013085970712,0.00091063386557996273,81.934889223771535,-88.522441158094892,441.90382977228234,1,3.2556938592189638e-07
1,337,0.88352252879826032,support,-0.0040496255574812316,0.0020923289165310885,-0.0083037122023893999,0,0,0,0,0
1,338,0.88781256968055777,tool,-0.001865240837917522,0.00052319533124965591,0.00091063386557996273,46.633187048190898,150.52307404532152,571.05318182898145,1,4.2104037597037736e-07
1,338,0.88781256968055777,support,-0.0043611420789311838,0.001142462946874158,-0.0082770270651136204,0,0,0,0,0
1,339,0.89210261056285522,tool,-0.0019785947628376118,8.8200531639604765e-05,0.00091063386557996273,40.171344902825012,115.43491365765357,773.4506444773142,1,5.5654451227432622e-07
1,339,0.89210261056285522,support,-0.004672658600381136,0.00019259697721722731,-0.0082503419278378391,0,0,0,0,0
1,340,0.89297246897705573,tool,-0.0020015786616114596,1.7347234759768017e-18,0.00091063386557996273,36.231849556142748,98.922854160728122,781.65297079901404,1,5.6057579653386036e-07
1,340,0.89297246897705573,support,-0.0047358223964334934,2.4746379175743883e-18,-0.0082449311889124331,0,0,0,0,0
1,341,0.8972625098593533,tool,-0.0018882247366913685,-0.00043499479961005521,0.00091063386557996284,16.655245122636483,11.009273809278355,675.20457712730683,1,4.8010521925580252e-07
1,341,0.8972625098593533,support,-0.00442430587498353,-0.00094986596965693259,-0.0082716163261882178,0,0,0,0,0
1,342,0.90155255074165086,tool,-0.0017748708117712774,-0.00086998959922011216,0.00091063386557996284,11.213399255017375,-19.908598243885354,211.19736992756009,1,1.5098253956530999e-07
1,342,0.90155255074165086,support,-0.0041127893535335648,-0.0018997319393138676,-0.0082983014634640008,0,0,0,0,0
1,343,0.90242240915585126,tool,-0.0017518869129974329,-0.00095819013085970278,0.00091063386557996273,8.3168690496061792,91.378762448367581,211.4978082266118,1,1.6385709325668352e-07
1,343,0.90242240915585126,support,-0.0040496255574812142,-0.0020923289165310638,-0.0083037122023894086,0,0,0,0,0
1,344,0.90589199764299833,tool,-0.0014915441644541003,-0.0012119459196243861,0.00091063386557996273,30.876564378818721,164.49573487521019,499.83065595877559,1,3.7463722174502223e-07
1,344,0.90589199764299833,support,-0.0030870074442634551,-0.0023351578112049652,-0.00842371426910727,0,0,0,0,0
1,345,0.90936158613014539,tool,-0.0012312014159107678,-0.0014657017083890697,0.00091063386557996273,73.97454367469399,148.8389186011602,571.92230564504928,1,4.2330592589599064e-07
1,345,0.90936158613014539,support,-0.0021243893310456956,-0.0025779867058788671,-0.0085437163358251331,0,0,0,0,0
1,346,0.9098871682454629,tool,-0.0011917640321997417,-0.0015041412826288,0.00091063386557996273,78.52856767172787,140.86376113174566,564.39383280111906,1,4.1719321500297696e-07
1,346,0.9098871682454629,support,-0.0019785694835156081,-0.002614771046326072,-0.0085618945550294239,0,0,0,0,0
1,347,0.91433782397766838,tool,-0.00077209423035228333,-0.0017075144607052563,0.00091063386557996284,-35.240093236458812,15.535935359954888,107.9007005851183,1,8.1428046120983477e-08
1,347,0.91433782397766838,support,-0.0012999547308778353,-0.0033454984122141766,-0.0084876009870398002,0,0,0,0,0
1,348,0.91878847970987387,tool,-0.00035242442850482499,-0.0019108876387817126,0.00091063386557996273,-148.60739174674657,61.081757382866634,699.46736017131764,1,5.1008704021922313e-07
1,348,0.91878847970987387,support,-0.00062133997824006246,-0.0040762257781022807,-0.0084133074190501766,0,0,0,0,0
1,349,0.91927800336979748,tool,-0.0003062653207865609,-0.0019332564735001301,0.00091063386557996273,-145.7486178527289,59.558268278109239,728.12887417357717,1,5.294716445992248e-07
1,349,0.91927800336979748,support,-0.00054669974601864594,-0.0041565978302400049,-0.0084051359356779841,0,0,0,0,0
1,350,0.92462438436156547,tool,0.00025394222095265781,-0.0019332564735001336,0.00091063386557996263,-51.68915751914642,29.631340820594747,782.90456077586589,1,5.5805122004936453e-07
1,350,0.92462438436156547,support,0.00045330025398135874,-0.0041565978302400492,-0.0084051359356779737,0,0,0,0,0
1,351,0.92512373363043443,tool,0.00030626532078656106,-0.001933256473500134,0.00091063386557996273,-40.53215437611987,29.121745516639205,767.70330035532504,1,5.4678993467466991e-07
1,351,0.92512373363043443,support,0.00054669974601865147,-0.0041565978302400535,-0.0084051359356779719,0,0,0,0,0
1,352,0.92957438936263981,tool,0.00072593512263400314,-0.0017298832954236831,0.00091063386557996263,23.955105854678607,17.271774469382244,378.94335476802672,1,2.701471907198133e-07
1,352,0.92957438936263981,support,0.0012253144986563924,-0.0034258704643519476,-0.0084794295036675991,0,0,0,0,0
1,353,0.93402504509484519,tool,0.0011456049244814451,-0.0015265101173472324,0.00091063386557996273,-117.78611165981236,25.853524256592621,322.88864298408697,1,2.4497273940458919e-07
1,353,0.93402504509484519,support,0.0019039292512941335,-0.0026951430984638427,-0.0085537230716572279,0,0,0,0,0
1,354,0.93451456875476913,tool,0.0011917640321997402,-0.0015041412826287998,0.00091063386557996273,-134.19544557173484,33.574928922532536,380.07407082481262,1,2.8746984764415479e-07
1,354,0.93451456875476913,support,0.001978569483515599,-0.0026147710463260612,-0.0085618945550294256,0,0,0,0,0
1,355,0.93798415724191608,tool,0.0014521067807430686,-0.0012503854938641229,0.00091063386557996263,-125.44116851057559,60.83062413450741,479.12310920093489,1,3.5465527259068153e-07
1,355,0.93798415724191608,support,0.0029411875967333542,-0.0023719421516521801,-0.0084418924883115608,0,0,0,0,0
1,356,0.94145374572906304,tool,0.0017124495292863975,-0.00099662970509944581,0.00091063386557996263,-69.393340603332149,69.201236516260451,359.20170785363786,1,2.6463060353015128e-07
1,356,0.94145374572906304,support,0.003903805709951109,-0.0021291132569782991,-0.0083218904215936959,0,0,0,0,0
1,357,0.94197932784438065,tool,0.0017518869129974325,-0.00095819013085970712,0.00091063386557996273,-58.784739835874333,65.164208378467563,322.21049347361901,1,2.3735086329603611e-07
1,357,0.94197932784438065,support,0.0040496255574812316,-0.0020923289165310885,-0.0083037122023893999,0,0,0,0,0
1,358,0.94626936872667811,tool,0.001865240837917521,-0.00052319533124966025,0.00091063386557996284,-12.9683274225535,-41.296300522142531,153.7534554826793,1,1.1352666742184964e-07
1,358,0.94626936872667811,support,0.0043611420789311794,-0.001142462946874168,-0.0082770270651136204,0,0,0,0,0
1,359,0.95055940960897556,tool,0.0019785947628376092,-8.8200531639613398e-05,0.00091063386557996273,-28.388155573352194,-80.635787975600437,523.59598275679275,1,3.7706846569684344e-07
1,359,0.95055940960897556,support,0.0046726586003811273,-0.00019259697721724737,-0.0082503419278378426,0,0,0,0,0
1,360,0.95142926802317618,tool,0.0020015786616114596,0,0.00091063386557996273,-26.965126017781994,-72.906799102069343,555.19786629810085,1,3.9845072145622967e-07
1,360,0.95142926802317618,support,0.0047358223964334926,0,-0.0082449311889124348,0,0,0,0,0
