node,X,Y,Z,ux,uy,uz
0,-0.02,-0.02,-0.001,0,0,0
1,-0.019,-0.02,-0.001,0,0,0
2,-0.018000000000000002,-0.02,-0.001,0,0,0
3,-0.017000000000000001,-0.02,-0.001,0,0,0
4,-0.016,-0.02,-0.001,0,0,0
5,-0.014999999999999999,-0.02,-0.001,0,0,0
6,-0.014,-0.02,-0.001,0,0,0
7,-0.013000000000000001,-0.02,-0.001,0,0,0
8,-0.012,-0.02,-0.001,0,0,0
9,-0.010999999999999999,-0.02,-0.001,0,0,0
10,-0.01,-0.02,-0.001,0,0,0
11,-0.0090000000000000011,-0.02,-0.001,0,0,0
12,-0.0080000000000000002,-0.02,-0.001,0,0,0
13,-0.0069999999999999993,-0.02,-0.001,0,0,0
14,-0.0060000000000000001,-0.02,-0.001,0,0,0
15,-0.005000000000000001,-0.02,-0.001,0,0,0
16,-0.0040000000000000001,-0.02,-0.001,0,0,0
17,-0.0029999999999999992,-0.02,-0.001,0,0,0
18,-0.0019999999999999983,-0.02,-0.001,0,0,0
19,-0.0010000000000000009,-0.02,-0.001,0,0,0
20,0,-0.02,-0.001,0,0,0
21,0.0010000000000000009,-0.02,-0.001,0,0,0
22,0.0019999999999999983,-0.02,-0.001,0,0,0
23,0.0029999999999999992,-0.02,-0.001,0,0,0
24,0.0040000000000000001,-0.02,-0.001,0,0,0
25,0.005000000000000001,-0.02,-0.001,0,0,0
26,0.0060000000000000019,-0.02,-0.001,0,0,0
27,0.0069999999999999993,-0.02,-0.001,0,0,0
28,0.0080000000000000002,-0.02,-0.001,0,0,0
29,0.0090000000000000011,-0.02,-0.001,0,0,0
30,0.0099999999999999985,-0.02,-0.001,0,0,0
31,0.010999999999999999,-0.02,-0.001,0,0,0
32,0.012,-0.02,-0.001,0,0,0
33,0.013000000000000001,-0.02,-0.001,0,0,0
34,0.014000000000000002,-0.02,-0.001,0,0,0
35,0.015000000000000003,-0.02,-0.001,0,0,0
36,0.016000000000000004,-0.02,-0.001,0,0,0
37,0.016999999999999998,-0.02,-0.001,0,0,0
38,0.017999999999999999,-0.02,-0.001,0,0,0
39,0.019,-0.02,-0.001,0,0,0
40,0.02,-0.02,-0.001,0,0,0
41,-0.02,-0.019,-0.001,0,0,0
42,-0.019,-0.019,-0.001,0,0,0
43,-0.018000000000000002,-0.019,-0.001,0,0,0
44,-0.017000000000000001,-0.019,-0.001,0,0,0
45,-0.016,-0.019,-0.001,0,0,0
46,-0.014999999999999999,-0.019,-0.001,0,0,0
47,-0.014,-0.019,-0.001,0,0,0
48,-0.013000000000000001,-0.019,-0.001,0,0,0
49,-0.012,-0.019,-0.001,0,0,0
50,-0.010999999999999999,-0.019,-0.001,0,0,0
51,-0.01,-0.019,-0.001,0,0,0
52,-0.0090000000000000011,-0.019,-0.001,0,0,0
53,-0.0080000000000000002,-0.019,-0.001,0,0,0
54,-0.0069999999999999993,-0.019,-0.001,0,0,0
55,-0.0060000000000000001,-0.019,-0.001,0,0,0
56,-0.005000000000000001,-0.019,-0.001,0,0,0
57,-0.0040000000000000001,-0.019,-0.001,0,0,0
58,-0.0029999999999999992,-0.019,-0.001,0,0,0
59,-0.0019999999999999983,-0.019,-0.001,0,0,0
60,-0.0010000000000000009,-0.019,-0.001,0,0,0
61,0,-0.019,-0.001,0,0,0
62,0.0010000000000000009,-0.019,-0.001,0,0,0
63,0.0019999999999999983,-0.019,-0.001,0,0,0
64,0.0029999999999999992,-0.019,-0.001,0,0,0
65,0.0040000000000000001,-0.019,-0.001,0,0,0
66,0.005000000000000001,-0.019,-0.001,0,0,0
67,0.0060000000000000019,-0.019,-0.001,0,0,0
68,0.0069999999999999993,-0.019,-0.001,0,0,0
69,0.0080000000000000002,-0.019,-0.001,0,0,0
70,0.0090000000000000011,-0.019,-0.001,0,0,0
71,0.0099999999999999985,-0.019,-0.001,0,0,0
72,0.010999999999999999,-0.019,-0.001,0,0,0
73,0.012,-0.019,-0.001,0,0,0
74,0.013000000000000001,-0.019,-0.001,0,0,0
75,0.014000000000000002,-0.019,-0.001,0,0,0
76,0.015000000000000003,-0.019,-0.001,0,0,0
77,0.016000000000000004,-0.019,-0.001,0,0,0
78,0.016999999999999998,-0.019,-0.001,0,0,0
79,0.017999999999999999,-0.019,-0.001,0,0,0
80,0.019,-0.019,-0.001,0,0,0
81,0.02,-0.019,-0.001,0,0,0
82,-0.02,-0.018000000000000002,-0.001,0,0,0
83,-0.019,-0.018000000000000002,-0.001,0,0,0
84,-0.018000000000000002,-0.018000000000000002,-0.001,0,0,0
85,-0.017000000000000001,-0.018000000000000002,-0.001,0,0,0
86,-0.016,-0.018000000000000002,-0.001,0,0,0
87,-0.014999999999999999,-0.018000000000000002,-0.001,0,0,0
88,-0.014,-0.018000000000000002,-0.001,0,0,0
89,-0.013000000000000001,-0.018000000000000002,-0.001,0,0,0
90,-0.012,-0.018000000000000002,-0.001,0,0,0
91,-0.010999999999999999,-0.018000000000000002,-0.001,0,0,0
92,-0.01,-0.018000000000000002,-0.001,0,0,0
93,-0.0090000000000000011,-0.018000000000000002,-0.001,0,0,0
94,-0.0080000000000000002,-0.018000000000000002,-0.001,0,0,0
95,-0.0069999999999999993,-0.018000000000000002,-0.001,0,0,0
96,-0.0060000000000000001,-0.018000000000000002,-0.001,0,0,0
97,-0.005000000000000001,-0.018000000000000002,-0.001,0,0,0
98,-0.0040000000000000001,-0.018000000000000002,-0.001,0,0,0
99,-0.0029999999999999992,-0.018000000000000002,-0.001,0,0,0
100,-0.0019999999999999983,-0.018000000000000002,-0.001,0,0,0
101,-0.0010000000000000009,-0.018000000000000002,-0.001,0,0,0
102,0,-0.018000000000000002,-0.001,0,0,0
103,0.0010000000000000009,-0.018000000000000002,-0.001,0,0,0
104,0.0019999999999999983,-0.018000000000000002,-0.001,0,0,0
105,0.0029999999999999992,-0.018000000000000002,-0.001,0,0,0
106,0.0040000000000000001,-0.018000000000000002,-0.001,0,0,0
107,0.005000000000000001,-0.018000000000000002,-0.001,0,0,0
108,0.0060000000000000019,-0.018000000000000002,-0.001,0,0,0
109,0.0069999999999999993,-0.018000000000000002,-0.001,0,0,0
110,0.0080000000000000002,-0.018000000000000002,-0.001,0,0,0
111,0.0090000000000000011,-0.018000000000000002,-0.001,0,0,0
112,0.0099999999999999985,-0.018000000000000002,-0.001,0,0,0
113,0.010999999999999999,-0.018000000000000002,-0.001,0,0,0
114,0.012,-0.018000000000000002,-0.001,0,0,0
115,0.013000000000000001,-0.018000000000000002,-0.001,0,0,0
116,0.014000000000000002,-0.018000000000000002,-0.001,0,0,0
117,0.015000000000000003,-0.018000000000000002,-0.001,0,0,0
118,0.016000000000000004,-0.018000000000000002,-0.001,0,0,0
119,0.016999999999999998,-0.018000000000000002,-0.001,0,0,0
120,0.017999999999999999,-0.018000000000000002,-0.001,0,0,0
121,0.019,-0.018000000000000002,-0.001,0,0,0
122,0.02,-0.018000000000000002,-0.001,0,0,0
123,-0.02,-0.017000000000000001,-0.001,0,0,0
124,-0.019,-0.017000000000000001,-0.001,0,0,0
125,-0.018000000000000002,-0.017000000000000001,-0.001,0,0,0
126,-0.017000000000000001,-0.017000000000000001,-0.001,0,0,0
127,-0.016,-0.017000000000000001,-0.001,0,0,0
128,-0.014999999999999999,-0.017000000000000001,-0.001,0,0,0
129,-0.014,-0.017000000000000001,-0.001,0,0,0
130,-0.013000000000000001,-0.017000000000000001,-0.001,0,0,0
131,-0.012,-0.017000000000000001,-0.001,0,0,0
132,-0.010999999999999999,-0.017000000000000001,-0.001,0,0,0
133,-0.01,-0.017000000000000001,-0.001,0,0,0
134,-0.0090000000000000011,-0.017000000000000001,-0.001,0,0,0
135,-0.0080000000000000002,-0.017000000000000001,-0.001,0,0,0
136,-0.0069999999999999993,-0.017000000000000001,-0.001,0,0,0
137,-0.0060000000000000001,-0.017000000000000001,-0.001,0,0,0
138,-0.005000000000000001,-0.017000000000000001,-0.001,0,0,0
139,-0.0040000000000000001,-0.017000000000000001,-0.001,0,0,0
140,-0.0029999999999999992,-0.017000000000000001,-0.001,0,0,0
141,-0.0019999999999999983,-0.017000000000000001,-0.001,0,0,0
142,-0.0010000000000000009,-0.017000000000000001,-0.001,0,0,0
143,0,-0.017000000000000001,-0.001,0,0,0
144,0.0010000000000000009,-0.017000000000000001,-0.001,0,0,0
145,0.0019999999999999983,-0.017000000000000001,-0.001,0,0,0
146,0.0029999999999999992,-0.017000000000000001,-0.001,0,0,0
147,0.0040000000000000001,-0.017000000000000001,-0.001,0,0,0
148,0.005000000000000001,-0.017000000000000001,-0.001,0,0,0
149,0.0060000000000000019,-0.017000000000000001,-0.001,0,0,0
150,0.0069999999999999993,-0.017000000000000001,-0.001,0,0,0
151,0.0080000000000000002,-0.017000000000000001,-0.001,0,0,0
152,0.0090000000000000011,-0.017000000000000001,-0.001,0,0,0
153,0.0099999999999999985,-0.017000000000000001,-0.001,0,0,0
154,0.010999999999999999,-0.017000000000000001,-0.001,0,0,0
155,0.012,-0.017000000000000001,-0.001,0,0,0
156,0.013000000000000001,-0.017000000000000001,-0.001,0,0,0
157,0.014000000000000002,-0.017000000000000001,-0.001,0,0,0
158,0.015000000000000003,-0.017000000000000001,-0.001,0,0,0
159,0.016000000000000004,-0.017000000000000001,-0.001,0,0,0
160,0.016999999999999998,-0.017000000000000001,-0.001,0,0,0
161,0.017999999999999999,-0.017000000000000001,-0.001,0,0,0
162,0.019,-0.017000000000000001,-0.001,0,0,0
163,0.02,-0.017000000000000001,-0.001,0,0,0
164,-0.02,-0.016,-0.001,0,0,0
165,-0.019,-0.016,-0.001,0,0,0
166,-0.018000000000000002,-0.016,-0.001,0,0,0
167,-0.017000000000000001,-0.016,-0.001,0,0,0
168,-0.016,-0.016,-0.001,0,0,0
169,-0.014999999999999999,-0.016,-0.001,0,0,0
170,-0.014,-0.016,-0.001,0,0,0
171,-0.013000000000000001,-0.016,-0.001,0,0,0
172,-0.012,-0.016,-0.001,0,0,0
173,-0.010999999999999999,-0.016,-0.001,0,0,0
174,-0.01,-0.016,-0.001,0,0,0
175,-0.0090000000000000011,-0.016,-0.001,0,0,0
176,-0.0080000000000000002,-0.016,-0.001,0,0,0
177,-0.0069999999999999993,-0.016,-0.001,0,0,0
178,-0.0060000000000000001,-0.016,-0.001,0,0,0
179,-0.005000000000000001,-0.016,-0.001,0,0,0
180,-0.0040000000000000001,-0.016,-0.001,0,0,0
181,-0.0029999999999999992,-0.016,-0.001,0,0,0
182,-0.0019999999999999983,-0.016,-0.001,0,0,0
183,-0.0010000000000000009,-0.016,-0.001,0,0,0
184,0,-0.016,-0.001,0,0,0
185,0.0010000000000000009,-0.016,-0.001,0,0,0
186,0.0019999999999999983,-0.016,-0.001,0,0,0
187,0.0029999999999999992,-0.016,-0.001,0,0,0
188,0.0040000000000000001,-0.016,-0.001,0,0,0
189,0.005000000000000001,-0.016,-0.001,0,0,0
190,0.0060000000000000019,-0.016,-0.001,0,0,0
191,0.0069999999999999993,-0.016,-0.001,0,0,0
192,0.0080000000000000002,-0.016,-0.001,0,0,0
193,0.0090000000000000011,-0.016,-0.001,0,0,0
194,0.0099999999999999985,-0.016,-0.001,0,0,0
195,0.010999999999999999,-0.016,-0.001,0,0,0
196,0.012,-0.016,-0.001,0,0,0
197,0.013000000000000001,-0.016,-0.001,0,0,0
198,0.014000000000000002,-0.016,-0.001,0,0,0
199,0.015000000000000003,-0.016,-0.001,0,0,0
200,0.016000000000000004,-0.016,-0.001,0,0,0
201,0.016999999999999998,-0.016,-0.001,0,0,0
202,0.017999999999999999,-0.016,-0.001,0,0,0
203,0.019,-0.016,-0.001,0,0,0
204,0.02,-0.016,-0.001,0,0,0
205,-0.02,-0.014999999999999999,-0.001,0,0,0
206,-0.019,-0.014999999999999999,-0.001,0,0,0
207,-0.018000000000000002,-0.014999999999999999,-0.001,0,0,0
208,-0.017000000000000001,-0.014999999999999999,-0.001,0,0,0
209,-0.016,-0.014999999999999999,-0.001,0,0,0
210,-0.014999999999999999,-0.014999999999999999,-0.001,0,0,0
211,-0.014,-0.014999999999999999,-0.001,0,0,0
212,-0.013000000000000001,-0.014999999999999999,-0.001,0,0,0
213,-0.012,-0.014999999999999999,-0.001,0,0,0
214,-0.010999999999999999,-0.014999999999999999,-0.001,0,0,0
215,-0.01,-0.014999999999999999,-0.001,0,0,0
216,-0.0090000000000000011,-0.014999999999999999,-0.001,0,0,0
217,-0.0080000000000000002,-0.014999999999999999,-0.001,0,0,0
218,-0.0069999999999999993,-0.014999999999999999,-0.001,0,0,0
219,-0.0060000000000000001,-0.014999999999999999,-0.001,0,0,0
220,-0.005000000000000001,-0.014999999999999999,-0.001,0,0,0
221,-0.0040000000000000001,-0.014999999999999999,-0.001,0,0,0
222,-0.0029999999999999992,-0.014999999999999999,-0.001,0,0,0
223,-0.0019999999999999983,-0.014999999999999999,-0.001,0,0,0
224,-0.0010000000000000009,-0.014999999999999999,-0.001,0,0,0
225,0,-0.014999999999999999,-0.001,0,0,0
226,0.0010000000000000009,-0.014999999999999999,-0.001,0,0,0
227,0.0019999999999999983,-0.014999999999999999,-0.001,0,0,0
228,0.0029999999999999992,-0.014999999999999999,-0.001,0,0,0
229,0.0040000000000000001,-0.014999999999999999,-0.001,0,0,0
230,0.005000000000000001,-0.014999999999999999,-0.001,0,0,0
231,0.0060000000000000019,-0.014999999999999999,-0.001,0,0,0
232,0.0069999999999999993,-0.014999999999999999,-0.001,0,0,0
233,0.0080000000000000002,-0.014999999999999999,-0.001,0,0,0
234,0.0090000000000000011,-0.014999999999999999,-0.001,0,0,0
235,0.0099999999999999985,-0.014999999999999999,-0.001,0,0,0
236,0.010999999999999999,-0.014999999999999999,-0.001,0,0,0
237,0.012,-0.014999999999999999,-0.001,0,0,0
238,0.013000000000000001,-0.014999999999999999,-0.001,0,0,0
239,0.014000000000000002,-0.014999999999999999,-0.001,0,0,0
240,0.015000000000000003,-0.014999999999999999,-0.001,0,0,0
241,0.016000000000000004,-0.014999999999999999,-0.001,0,0,0
242,0.016999999999999998,-0.014999999999999999,-0.001,0,0,0
243,0.017999999999999999,-0.014999999999999999,-0.001,0,0,0
244,0.019,-0.014999999999999999,-0.001,0,0,0
245,0.02,-0.014999999999999999,-0.001,0,0,0
246,-0.02,-0.014,-0.001,0,0,0
247,-0.019,-0.014,-0.001,0,0,0
248,-0.018000000000000002,-0.014,-0.001,0,0,0
249,-0.017000000000000001,-0.014,-0.001,0,0,0
250,-0.016,-0.014,-0.001,0,0,0
251,-0.014999999999999999,-0.014,-0.001,0,0,0
252,-0.014,-0.014,-0.001,1.6661701386470111e-07,1.5383481551894894e-07,9.9635553964609683e-08
253,-0.013000000000000001,-0.014,-0.001,1.7831684635376063e-07,-2.1990406276204035e-08,-2.9578508041413783e-07
254,-0.012,-0.014,-0.001,1.8431657133559292e-07,-4.3064503629756802e-07,-9.9036341526101853e-07
255,-0.010999999999999999,-0.014,-0.001,1.6114142875969839e-07,-1.0225289095565096e-06,-2.0481265128509979e-06
256,-0.01,-0.014,-0.001,1.6668029734861131e-07,-1.6904219385211943e-06,-3.4723325271532064e-06
257,-0.0090000000000000011,-0.014,-0.001,2.4624059322486792e-07,-2.5587649367965852e-06,-5.3030489175122501e-06
258,-0.0080000000000000002,-0.014,-0.001,3.8906832755075119e-07,-3.7408141656707796e-06,-7.5256611700930086e-06
259,-0.0069999999999999993,-0.014,-0.001,5.6312960401664132e-07,-5.0427511409464192e-06,-1.0031388653774343e-05
260,-0.0060000000000000001,-0.014,-0.001,7.2819447854270666e-07,-6.3532024344357414e-06,-1.2661884218942878e-05
261,-0.005000000000000001,-0.014,-0.001,8.480246984754057e-07,-7.6013060838307383e-06,-1.5261121728804932e-05
262,-0.0040000000000000001,-0.014,-0.001,8.9981799204192865e-07,-8.7376645596436833e-06,-1.7691334237090713e-05
263,-0.0029999999999999992,-0.014,-0.001,8.7561478698865218e-07,-9.7298065479309948e-06,-1.9831751244316213e-05
264,-0.0019999999999999983,-0.014,-0.001,7.8198563138971029e-07,-1.0546176878616487e-05,-2.1565278922339013e-05
265,-0.0010000000000000009,-0.014,-0.001,6.32800906272838e-07,-1.1148841554317876e-05,-2.2790935461863561e-05
266,0,-0.014,-0.001,4.4405050177835501e-07,-1.1510479370314938e-05,-2.3433447859264323e-05
267,0.0010000000000000009,-0.014,-0.001,2.4515214088502907e-07,-1.1619764040017096e-05,-2.3450506760588968e-05
268,0.0019999999999999983,-0.014,-0.001,7.2013523194248123e-08,-1.1459076568682911e-05,-2.2827818849163331e-05
269,0.0029999999999999992,-0.014,-0.001,-5.7708960727733106e-08,-1.100785760295622e-05,-2.1586295216704394e-05
270,0.0040000000000000001,-0.014,-0.001,-1.4965665245112687e-07,-1.0297887151433546e-05,-1.9832052042769693e-05
271,0.005000000000000001,-0.014,-0.001,-1.8697072839481535e-07,-9.3803335875102355e-06,-1.7654587502591942e-05
272,0.0060000000000000019,-0.014,-0.001,-1.416553606860318e-07,-8.2555922072331776e-06,-1.5161462957748532e-05
273,0.0069999999999999993,-0.014,-0.001,-1.9614209047157352e-08,-6.9476944456111966e-06,-1.2473755551416191e-05
274,0.0080000000000000002,-0.014,-0.001,1.3370535437906168e-07,-5.5076449633863166e-06,-9.739796666177134e-06
275,0.0090000000000000011,-0.014,-0.001,2.5139968576281777e-07,-4.0635611042748849e-06,-7.1446300124098278e-06
276,0.0099999999999999985,-0.014,-0.001,2.888061378585686e-07,-2.7827611595385911e-06,-4.8558970047603511e-06
277,0.010999999999999999,-0.014,-0.001,2.5685429119678839e-07,-1.7524334216082691e-06,-2.9481162884044527e-06
278,0.012,-0.014,-0.001,1.7587635985594144e-07,-9.2139496333939099e-07,-1.4783885365530084e-06
279,0.013000000000000001,-0.014,-0.001,6.0830764702685419e-08,-2.5447927836951284e-07,-4.7229666884909219e-07
280,0.014000000000000002,-0.014,-0.001,-6.4049204476029306e-08,6.6900575488568251e-08,8.6072533833248776e-08
281,0.015000000000000003,-0.014,-0.001,0,0,0
282,0.016000000000000004,-0.014,-0.001,0,0,0
283,0.016999999999999998,-0.014,-0.001,0,0,0
284,0.017999999999999999,-0.014,-0.001,0,0,0
285,0.019,-0.014,-0.001,0,0,0
286,0.02,-0.014,-0.001,0,0,0
287,-0.02,-0.013000000000000001,-0.001,0,0,0
288,-0.019,-0.013000000000000001,-0.001,0,0,0
289,-0.018000000000000002,-0.013000000000000001,-0.001,0,0,0
290,-0.017000000000000001,-0.013000000000000001,-0.001,0,0,0
291,-0.016,-0.013000000000000001,-0.001,0,0,0
292,-0.014999999999999999,-0.013000000000000001,-0.001,0,0,0
293,-0.014,-0.013000000000000001,-0.001,1.277538594392687e-08,1.3859684572521132e-07,-2.9191009668881042e-07
294,-0.013000000000000001,-0.013000000000000001,-0.001,-1.3175112854471991e-07,-2.2545577532787328e-07,-1.904546349814952e-06
295,-0.012,-0.013000000000000001,-0.001,-3.3188702739731801e-07,-1.1495864010458961e-06,-5.0052558019062128e-06
296,-0.010999999999999999,-0.013000000000000001,-0.001,-5.0485900270244894e-07,-2.3898877699273412e-06,-9.8226153245056904e-06
297,-0.01,-0.013000000000000001,-0.001,-5.5189969730819699e-07,-3.921875536474883e-06,-1.6483135995819953e-05
298,-0.0090000000000000011,-0.013000000000000001,-0.001,-5.3925924444036177e-07,-6.0317546575865726e-06,-2.4856868823478338e-05
299,-0.0080000000000000002,-0.013000000000000001,-0.001,-4.939840226165122e-07,-8.5910761768809445e-06,-3.4547259731222159e-05
300,-0.0069999999999999993,-0.013000000000000001,-0.001,-4.1636141544315615e-07,-1.1351029367147794e-05,-4.5079343248012566e-05
301,-0.0060000000000000001,-0.013000000000000001,-0.001,-2.9916195199033374e-07,-1.4122677035157202e-05,-5.5915249822263377e-05
302,-0.005000000000000001,-0.013000000000000001,-0.001,-1.5608247513471168e-07,-1.6777206364170095e-05,-6.6511180408696433e-05
303,-0.0040000000000000001,-0.013000000000000001,-0.001,-4.0351807185071012e-10,-1.921602586179137e-05,-7.6346337693188981e-05
304,-0.0029999999999999992,-0.013000000000000001,-0.001,1.6680404690610878e-07,-2.1357226091238104e-05,-8.4902116382706228e-05
305,-0.0019999999999999983,-0.013000000000000001,-0.001,3.3919147470007454e-07,-2.3109753007419346e-05,-9.1726641886366321e-05
306,-0.0010000000000000009,-0.013000000000000001,-0.001,5.0495390809977309e-07,-2.4381201066825766e-05,-9.6463088019465361e-05
307,0,-0.013000000000000001,-0.001,6.6606397720533598e-07,-2.5120787877673276e-05,-9.8844179752699112e-05
308,0.0010000000000000009,-0.013000000000000001,-0.001,8.2803721707685115e-07,-2.5313171462483507e-05,-9.8720683078652984e-05
309,0.0019999999999999983,-0.013000000000000001,-0.001,9.922358693183029e-07,-2.4942341835930289e-05,-9.6087566455858636e-05
310,0.0029999999999999992,-0.013000000000000001,-0.001,1.1509500428808329e-06,-2.4034331657522965e-05,-9.1079588924316865e-05
311,0.0040000000000000001,-0.013000000000000001,-0.001,1.2965143300721749e-06,-2.2658233764675269e-05,-8.3939704467932892e-05
312,0.005000000000000001,-0.013000000000000001,-0.001,1.4522293087385304e-06,-2.0820403491774589e-05,-7.5034960601048657e-05
313,0.0060000000000000019,-0.013000000000000001,-0.001,1.64051515830366e-06,-1.851587858023762e-05,-6.481428313404558e-05
314,0.0069999999999999993,-0.013000000000000001,-0.001,1.8125878523758484e-06,-1.5761897974854753e-05,-5.3756870985009679e-05
315,0.0080000000000000002,-0.013000000000000001,-0.001,1.9274001092803826e-06,-1.2676098617896556e-05,-4.2432446760454684e-05
316,0.0090000000000000011,-0.013000000000000001,-0.001,1.9753871461653687e-06,-9.4967174597662192e-06,-3.1468553624576966e-05
317,0.0099999999999999985,-0.013000000000000001,-0.001,1.8997754249980325e-06,-6.5620871060701765e-06,-2.1512889840465679e-05
318,0.010999999999999999,-0.013000000000000001,-0.001,1.6322995962741228e-06,-4.0802487150493262e-06,-1.3209935433774081e-05
319,0.012,-0.013000000000000001,-0.001,1.2042967953765533e-06,-2.1167894658821577e-06,-6.939376357748953e-06
320,0.013000000000000001,-0.013000000000000001,-0.001,7.5310638115188794e-07,-7.2385778722722023e-07,-2.7307127136375247e-06
321,0.014000000000000002,-0.013000000000000001,-0.001,2.7760005408805091e-07,-5.8459921414156839e-08,-4.8149492501784791e-07
322,0.015000000000000003,-0.013000000000000001,-0.001,0,0,0
323,0.016000000000000004,-0.013000000000000001,-0.001,0,0,0
324,0.016999999999999998,-0.013000000000000001,-0.001,0,0,0
325,0.017999999999999999,-0.013000000000000001,-0.001,0,0,0
326,0.019,-0.013000000000000001,-0.001,0,0,0
327,0.02,-0.013000000000000001,-0.001,0,0,0
328,-0.02,-0.012,-0.001,0,0,0
329,-0.019,-0.012,-0.001,0,0,0
330,-0.018000000000000002,-0.012,-0.001,0,0,0
331,-0.017000000000000001,-0.012,-0.001,0,0,0
332,-0.016,-0.012,-0.001,0,0,0
333,-0.014999999999999999,-0.012,-0.001,0,0,0
334,-0.014,-0.012,-0.001,-3.7065564231167687e-07,1.0485664492518245e-07,-9.8128979825153837e-07
335,-0.013000000000000001,-0.012,-0.001,-9.9685254716391322e-07,-5.0183517902211321e-07,-4.995408765030018e-06
336,-0.012,-0.012,-0.001,-1.5316953345971784e-06,-1.793623687578148e-06,-1.2528279886059913e-05
337,-0.010999999999999999,-0.012,-0.001,-2.0006611095722169e-06,-3.4983109548335721e-06,-2.3936913313056147e-05
338,-0.01,-0.012,-0.001,-2.327860696319516e-06,-5.6684670276401248e-06,-3.9134201528594785e-05
339,-0.0090000000000000011,-0.012,-0.001,-2.5467945865208393e-06,-8.4032608081764308e-06,-5.7406732110416377e-05
340,-0.0080000000000000002,-0.012,-0.001,-2.6373802064041896e-06,-1.1543735567702024e-05,-7.7896318631144026e-05
341,-0.0069999999999999993,-0.012,-0.001,-2.6053377626427915e-06,-1.4901143906834269e-05,-9.9639564848118961e-05
342,-0.0060000000000000001,-0.012,-0.001,-2.4638769202143222e-06,-1.8304918700826096e-05,-0.00012166871496055574
343,-0.005000000000000001,-0.012,-0.001,-2.2022337846069978e-06,-2.1611444705986984e-05,-0.00014300945362487409
344,-0.0040000000000000001,-0.012,-0.001,-1.8158021286750407e-06,-2.4676528082693072e-05,-0.00016269251536503435
345,-0.0029999999999999992,-0.012,-0.001,-1.3280338902350482e-06,-2.7345481298261814e-05,-0.00017979755824171001
346,-0.0019999999999999983,-0.012,-0.001,-7.5628120079055655e-07,-2.9509720484218474e-05,-0.00019348065842776055
347,-0.0010000000000000009,-0.012,-0.001,-1.0595905414564581e-07,-3.1124058355281824e-05,-0.00020301489988743636
348,0,-0.012,-0.001,5.9653424569116846e-07,-3.2158216985304412e-05,-0.000207868090467388
349,0.0010000000000000009,-0.012,-0.001,1.3255567456384733e-06,-3.2571719481454575e-05,-0.00020776543504352093
350,0.0019999999999999983,-0.012,-0.001,2.0517334426311447e-06,-3.2339109649800297e-05,-0.00020269722874144245
351,0.0029999999999999992,-0.012,-0.001,2.7458428501079804e-06,-3.1426535167417631e-05,-0.00019293042651548218
352,0.0040000000000000001,-0.012,-0.001,3.405845535972247e-06,-2.9803396192371136e-05,-0.00017894602218711142
353,0.005000000000000001,-0.012,-0.001,4.0035306834830039e-06,-2.7501319437738478e-05,-0.00016135938208430273
354,0.0060000000000000019,-0.012,-0.001,4.4788580250022507e-06,-2.4609717259261809e-05,-0.0001409300137060823
355,0.0069999999999999993,-0.012,-0.001,4.8575468797266619e-06,-2.1167126644097525e-05,-0.00011856088790516965
356,0.0080000000000000002,-0.012,-0.001,5.1395296917977025e-06,-1.7360169464211333e-05,-9.5234385365307593e-05
357,0.0090000000000000011,-0.012,-0.001,5.2189135668614634e-06,-1.3400526537535541e-05,-7.2103145082487606e-05
358,0.0099999999999999985,-0.012,-0.001,4.9892705504251156e-06,-9.5972186670525705e-06,-5.0484874930693643e-05
359,0.010999999999999999,-0.012,-0.001,4.4085744017872191e-06,-6.240008557951157e-06,-3.1716994496204848e-05
360,0.012,-0.012,-0.001,3.3909515539880374e-06,-3.3750840305692214e-06,-1.7072687136991843e-05
361,0.013000000000000001,-0.012,-0.001,2.2030835995196734e-06,-1.2161167303277719e-06,-7.037801901182637e-06
362,0.014000000000000002,-0.012,-0.001,9.7857645680775939e-07,-1.7686304507256067e-07,-1.5240147385917203e-06
363,0.015000000000000003,-0.012,-0.001,0,0,0
364,0.016000000000000004,-0.012,-0.001,0,0,0
365,0.016999999999999998,-0.012,-0.001,0,0,0
366,0.017999999999999999,-0.012,-0.001,0,0,0
367,0.019,-0.012,-0.001,0,0,0
368,0.02,-0.012,-0.001,0,0,0
369,-0.02,-0.010999999999999999,-0.001,0,0,0
370,-0.019,-0.010999999999999999,-0.001,0,0,0
371,-0.018000000000000002,-0.010999999999999999,-0.001,0,0,0
372,-0.017000000000000001,-0.010999999999999999,-0.001,0,0,0
373,-0.016,-0.010999999999999999,-0.001,0,0,0
374,-0.014999999999999999,-0.010999999999999999,-0.001,0,0,0
375,-0.014,-0.010999999999999999,-0.001,-9.3207532027916182e-07,3.3240180329579404e-08,-2.0261313822993318e-06
376,-0.013000000000000001,-0.010999999999999999,-0.001,-2.1696570097625685e-06,-7.6013576983925473e-07,-9.7728643667023951e-06
377,-0.012,-0.010999999999999999,-0.001,-3.1373037300532083e-06,-2.3733692135273784e-06,-2.3865490949450899e-05
378,-0.010999999999999999,-0.010999999999999999,-0.001,-4.1323502190351972e-06,-4.6223579848557667e-06,-4.4037898119252788e-05
379,-0.01,-0.010999999999999999,-0.001,-4.9270429983635727e-06,-7.4403014144172272e-06,-6.9603329411261808e-05
380,-0.0090000000000000011,-0.010999999999999999,-0.001,-5.5071917911991272e-06,-1.0833854644258312e-05,-9.9284253652626538e-05
381,-0.0080000000000000002,-0.010999999999999999,-0.001,-5.8290089458728176e-06,-1.4692009651533151e-05,-0.00013178026586277219
382,-0.0069999999999999993,-0.010999999999999999,-0.001,-5.9097704737940897e-06,-1.881493571989643e-05,-0.00016572984392029786
383,-0.0060000000000000001,-0.010999999999999999,-0.001,-5.7416180678376925e-06,-2.3047109717782248e-05,-0.00019977405035262797
384,-0.005000000000000001,-0.010999999999999999,-0.001,-5.321618326552339e-06,-2.7231324810354358e-05,-0.00023252240430306608
385,-0.0040000000000000001,-0.010999999999999999,-0.001,-4.6463180573528126e-06,-3.1182304819701849e-05,-0.00026258364329420766
386,-0.0029999999999999992,-0.010999999999999999,-0.001,-3.7178148749301935e-06,-3.4695731447539194e-05,-0.0002886243237610197
387,-0.0019999999999999983,-0.010999999999999999,-0.001,-2.5625342856389773e-06,-3.7629412003546312e-05,-0.00030944124830463085
388,-0.0010000000000000009,-0.010999999999999999,-0.001,-1.2240434259388644e-06,-3.9892275688560139e-05,-0.00032406180089902673
389,0,-0.010999999999999999,-0.001,2.6961670618413047e-07,-4.1377173938901287e-05,-0.00033179301480808611
390,0.0010000000000000009,-0.010999999999999999,-0.001,1.8383446858308553e-06,-4.1997915751248111e-05,-0.00033222729555362486
391,0.0019999999999999983,-0.010999999999999999,-0.001,3.4028217899259256e-06,-4.1716567206912716e-05,-0.00032529659049302729
392,0.0029999999999999992,-0.010999999999999999,-0.001,4.926631739370197e-06,-4.0523796581987545e-05,-0.00031123785052073122
393,0.0040000000000000001,-0.010999999999999999,-0.001,6.3490804575043823e-06,-3.8416058588323354e-05,-0.00029058371678915962
394,0.005000000000000001,-0.010999999999999999,-0.001,7.604460677848579e-06,-3.5445570551353366e-05,-0.00026416267793033863
395,0.0060000000000000019,-0.010999999999999999,-0.001,8.6462660422391606e-06,-3.1763968598514092e-05,-0.00023303582757068346
396,0.0069999999999999993,-0.010999999999999999,-0.001,9.4853084295444893e-06,-2.74224866479462e-05,-0.00019846043632179509
397,0.0080000000000000002,-0.010999999999999999,-0.001,9.9565134607721413e-06,-2.2631901138497963e-05,-0.00016189604334677799
398,0.0090000000000000011,-0.010999999999999999,-0.001,9.9399767142455885e-06,-1.7645715865587431e-05,-0.00012502884592977597
399,0.0099999999999999985,-0.010999999999999999,-0.001,9.351099658866953e-06,-1.2803764136374104e-05,-8.9781178695129968e-05
400,0.010999999999999999,-0.010999999999999999,-0.001,8.2060567692678067e-06,-8.4280497839488847e-06,-5.8168306343445954e-05
401,0.012,-0.010999999999999999,-0.001,6.4589926232888691e-06,-4.6630373651460784e-06,-3.2299989884395742e-05
402,0.013000000000000001,-0.010999999999999999,-0.001,4.3912002626045519e-06,-1.7611832977096398e-06,-1.3649072840458375e-05
403,0.014000000000000002,-0.010999999999999999,-0.001,1.8953497120610099e-06,-2.8023184882275184e-07,-3.1093135761289906e-06
404,0.015000000000000003,-0.010999999999999999,-0.001,0,0,0
405,0.016000000000000004,-0.010999999999999999,-0.001,0,0,0
406,0.016999999999999998,-0.010999999999999999,-0.001,0,0,0
407,0.017999999999999999,-0.010999999999999999,-0.001,0,0,0
408,0.019,-0.010999999999999999,-0.001,0,0,0
409,0.02,-0.010999999999999999,-0.001,0,0,0
410,-0.02,-0.01,-0.001,0,0,0
411,-0.019,-0.01,-0.001,0,0,0
412,-0.018000000000000002,-0.01,-0.001,0,0,0
413,-0.017000000000000001,-0.01,-0.001,0,0,0
414,-0.016,-0.01,-0.001,0,0,0
415,-0.014999999999999999,-0.01,-0.001,0,0,0
416,-0.014,-0.01,-0.001,-1.5590429530046501e-06,-1.5649602353594394e-08,-3.4204041558764363e-06
417,-0.013000000000000001,-0.01,-0.001,-3.6163729576870198e-06,-8.9670491277343135e-07,-1.6332848649002528e-05
418,-0.012,-0.01,-0.001,-5.1887058183864136e-06,-2.8050551841695761e-06,-3.8866533130638957e-05
419,-0.010999999999999999,-0.01,-0.001,-6.8159245363486891e-06,-5.5229027850571141e-06,-6.9333814648889493e-05
420,-0.01,-0.01,-0.001,-8.1315473222923792e-06,-8.8554189917165398e-06,-0.00010656331045218496
421,-0.0090000000000000011,-0.01,-0.001,-9.2005125794067031e-06,-1.291452341786616e-05,-0.00014870954118675935
422,-0.0080000000000000002,-0.01,-0.001,-9.9661780686148113e-06,-1.7568919385430724e-05,-0.00019412944615126198
423,-0.0069999999999999993,-0.01,-0.001,-1.037428436644246e-05,-2.2627022920268472e-05,-0.00024115958596312471
424,-0.0060000000000000001,-0.01,-0.001,-1.034344104471013e-05,-2.7941563000545017e-05,-0.00028811848842597623
425,-0.005000000000000001,-0.01,-0.001,-9.803926861169223e-06,-3.3319242435564493e-05,-0.00033322990407893904
426,-0.0040000000000000001,-0.01,-0.001,-8.7313201906295627e-06,-3.8514839587040181e-05,-0.00037466882989919742
427,-0.0029999999999999992,-0.01,-0.001,-7.1721963381020045e-06,-4.3257910304417324e-05,-0.00041065142573733118
428,-0.0019999999999999983,-0.01,-0.001,-5.2015382514439198e-06,-4.7312638565991626e-05,-0.00043958920853447153
429,-0.0010000000000000009,-0.01,-0.001,-2.9003820650397846e-06,-5.0477682401666388e-05,-0.00046018569648907789
430,0,-0.01,-0.001,-3.5990223880030363e-07,-5.2570763373913804e-05,-0.00047146952903697202
431,0.0010000000000000009,-0.01,-0.001,2.3384138239798166e-06,-5.3458615638114715e-05,-0.00047287272338456112
432,0.0019999999999999983,-0.01,-0.001,5.1098422670880413e-06,-5.3098405196259492e-05,-0.00046421909961342388
433,0.0029999999999999992,-0.01,-0.001,7.8383952458512967e-06,-5.1479825866267578e-05,-0.00044572415752591255
434,0.0040000000000000001,-0.01,-0.001,1.0383745215583832e-05,-4.8646065255898675e-05,-0.00041803104801905333
435,0.005000000000000001,-0.01,-0.001,1.2561888773258137e-05,-4.4714802716447944e-05,-0.00038218008920179274
436,0.0060000000000000019,-0.01,-0.001,1.433608875644623e-05,-3.9852666361966187e-05,-0.00033952046845029949
437,0.0069999999999999993,-0.01,-0.001,1.5568135911396291e-05,-3.4215265634984769e-05,-0.00029170597916027452
438,0.0080000000000000002,-0.01,-0.001,1.6089082434979488e-05,-2.8090016964727126e-05,-0.00024068352892918859
439,0.0090000000000000011,-0.01,-0.001,1.5833838735864242e-05,-2.1820708521072841e-05,-0.00018867352386945459
440,0.0099999999999999985,-0.01,-0.001,1.4768216078034625e-05,-1.5805602160090473e-05,-0.00013816583866521466
441,0.010999999999999999,-0.01,-0.001,1.2959100554166367e-05,-1.0417202524517232e-05,-9.1808200616950013e-05
442,0.012,-0.01,-0.001,1.0314593549888868e-05,-5.7378142833213818e-06,-5.2567128037583343e-05
443,0.013000000000000001,-0.01,-0.001,7.3223299759550705e-06,-2.2268271676828318e-06,-2.2742128701255704e-05
444,0.014000000000000002,-0.01,-0.001,3.1613678795841423e-06,-3.5436846439900128e-07,-5.267074920093119e-06
445,0.015000000000000003,-0.01,-0.001,0,0,0
446,0.016000000000000004,-0.01,-0.001,0,0,0
447,0.016999999999999998,-0.01,-0.001,0,0,0
448,0.017999999999999999,-0.01,-0.001,0,0,0
449,0.019,-0.01,-0.001,0,0,0
450,0.02,-0.01,-0.001,0,0,0
451,-0.02,-0.0090000000000000011,-0.001,0,0,0
452,-0.019,-0.0090000000000000011,-0.001,0,0,0
453,-0.018000000000000002,-0.0090000000000000011,-0.001,0,0,0
454,-0.017000000000000001,-0.0090000000000000011,-0.001,0,0,0
455,-0.016,-0.0090000000000000011,-0.001,0,0,0
456,-0.014999999999999999,-0.0090000000000000011,-0.001,0,0,0
457,-0.014,-0.0090000000000000011,-0.001,-2.3697240494985211e-06,6.0143230696203061e-09,-5.1936755325107377e-06
458,-0.013000000000000001,-0.0090000000000000011,-0.001,-5.6121833231031796e-06,-9.7296709729978297e-07,-2.4511344871908019e-05
459,-0.012,-0.0090000000000000011,-0.001,-7.7695781735303413e-06,-3.1152710896093039e-06,-5.6749021068755398e-05
460,-0.010999999999999999,-0.0090000000000000011,-0.001,-1.0037046590436677e-05,-6.1766620030670816e-06,-9.8434195432747567e-05
461,-0.01,-0.0090000000000000011,-0.001,-1.202584088092433e-05,-9.9670614295364332e-06,-0.00014800272534559795
462,-0.0090000000000000011,-0.0090000000000000011,-0.001,-1.3811461809302559e-05,-1.4705523142042946e-05,-0.00020319562853884503
463,-0.0080000000000000002,-0.0090000000000000011,-0.001,-1.526971054611249e-05,-2.0234333105169621e-05,-0.00026218721358581401
464,-0.0069999999999999993,-0.0090000000000000011,-0.001,-1.6281940143111024e-05,-2.6400072461310465e-05,-0.00032313060806363957
465,-0.0060000000000000001,-0.0090000000000000011,-0.001,-1.6665299630934177e-05,-3.3060702983303397e-05,-0.00038409259332176341
466,-0.005000000000000001,-0.0090000000000000011,-0.001,-1.623506415046545e-05,-3.9974385797547812e-05,-0.00044292845466372376
467,-0.0040000000000000001,-0.0090000000000000011,-0.001,-1.4856953883344164e-05,-4.6802436194571657e-05,-0.00049732156603954965
468,-0.0029999999999999992,-0.0090000000000000011,-0.001,-1.2532249583662969e-05,-5.3153985819055217e-05,-0.00054493371554793974
469,-0.0019999999999999983,-0.0090000000000000011,-0.001,-9.3892387989914311e-06,-5.8653729941846688e-05,-0.00058362061033433556
470,-0.0010000000000000009,-0.0090000000000000011,-0.001,-5.6102184193911006e-06,-6.2972019286737063e-05,-0.00061154490033400451
471,0,-0.0090000000000000011,-0.001,-1.3854641236424219e-06,-6.5869771875709076e-05,-0.0006273579211275881
472,0.0010000000000000009,-0.0090000000000000011,-0.001,3.1290062783275181e-06,-6.7179197627701383e-05,-0.00063021929316879263
473,0.0019999999999999983,-0.0090000000000000011,-0.001,7.7592404067724174e-06,-6.6786422273833123e-05,-0.00061981097996273698
474,0.0029999999999999992,-0.0090000000000000011,-0.001,1.2257592488789311e-05,-6.469292091936908e-05,-0.00059641516481466928
475,0.0040000000000000001,-0.0090000000000000011,-0.001,1.6307880687587396e-05,-6.0960046371850776e-05,-0.00056085907036934916
476,0.005000000000000001,-0.0090000000000000011,-0.001,1.9704023914755775e-05,-5.5787206396660593e-05,-0.00051445664699578339
477,0.0060000000000000019,-0.0090000000000000011,-0.001,2.229441136282072e-05,-4.9362836202824614e-05,-0.00045893750200894919
478,0.0069999999999999993,-0.0090000000000000011,-0.001,2.3830433693771821e-05,-4.1969789220662182e-05,-0.00039643516135424127
479,0.0080000000000000002,-0.0090000000000000011,-0.001,2.4188177664254053e-05,-3.4088917772628826e-05,-0.00032949401855939594
480,0.0090000000000000011,-0.0090000000000000011,-0.001,2.3388586909238678e-05,-2.6197732115414743e-05,-0.00026093640408596881
481,0.0099999999999999985,-0.0090000000000000011,-0.001,2.1519422200797e-05,-1.8774125863447476e-05,-0.00019379589135551251
482,0.010999999999999999,-0.0090000000000000011,-0.001,1.8776302981148455e-05,-1.2272682858673529e-05,-0.00013125528756528383
483,0.012,-0.0090000000000000011,-0.001,1.5072058464216027e-05,-6.6723988396045651e-06,-7.7031995074292945e-05
484,0.013000000000000001,-0.0090000000000000011,-0.001,1.1028942479233578e-05,-2.5669642510519415e-06,-3.4144195679661701e-05
485,0.014000000000000002,-0.0090000000000000011,-0.001,4.793064981844412e-06,-3.6721616527619705e-07,-7.9995135545704912e-06
486,0.015000000000000003,-0.0090000000000000011,-0.001,0,0,0
487,0.016000000000000004,-0.0090000000000000011,-0.001,0,0,0
488,0.016999999999999998,-0.0090000000000000011,-0.001,0,0,0
489,0.017999999999999999,-0.0090000000000000011,-0.001,0,0,0
490,0.019,-0.0090000000000000011,-0.001,0,0,0
491,0.02,-0.0090000000000000011,-0.001,0,0,0
492,-0.02,-0.0080000000000000002,-0.001,0,0,0
493,-0.019,-0.0080000000000000002,-0.001,0,0,0
494,-0.018000000000000002,-0.0080000000000000002,-0.001,0,0,0
495,-0.017000000000000001,-0.0080000000000000002,-0.001,0,0,0
496,-0.016,-0.0080000000000000002,-0.001,0,0,0
497,-0.014999999999999999,-0.0080000000000000002,-0.001,0,0,0
498,-0.014,-0.0080000000000000002,-0.001,-3.4720729374888716e-06,8.9701304257230269e-08,-7.3219706404851946e-06
499,-0.013000000000000001,-0.0080000000000000002,-0.001,-8.0183026404110077e-06,-1.0126269914093552e-06,-3.3879560284383584e-05
500,-0.012,-0.0080000000000000002,-0.001,-1.0705264447582994e-05,-3.2800652523450849e-06,-7.6589957309476395e-05
501,-0.010999999999999999,-0.0080000000000000002,-0.001,-1.3662716358775415e-05,-6.5358873744752978e-06,-0.0001299329247515442
502,-0.01,-0.0080000000000000002,-0.001,-1.6449538228736195e-05,-1.0714159132886089e-05,-0.00019212313196717687
503,-0.0090000000000000011,-0.0080000000000000002,-0.001,-1.9145763880443892e-05,-1.6076590109205163e-05,-0.0002607029276948397
504,-0.0080000000000000002,-0.0080000000000000002,-0.001,-2.1569324327140851e-05,-2.2496564899373074e-05,-0.00033383585075027567
505,-0.0069999999999999993,-0.0080000000000000002,-0.001,-2.3509240638552119e-05,-2.9865584723877589e-05,-0.00040961011537497669
506,-0.0060000000000000001,-0.0080000000000000002,-0.001,-2.4641280232233099e-05,-3.8067105352732431e-05,-0.00048589498948467254
507,-0.005000000000000001,-0.0080000000000000002,-0.001,-2.4619564700474504e-05,-4.6818732796808326e-05,-0.00056016188950991689
508,-0.0040000000000000001,-0.0080000000000000002,-0.001,-2.3153267838578309e-05,-5.5692286887342199e-05,-0.00062954207053311881
509,-0.0029999999999999992,-0.0080000000000000002,-0.001,-2.0097699286971357e-05,-6.4129404042473384e-05,-0.0006910114402276556
510,-0.0019999999999999983,-0.0080000000000000002,-0.001,-1.5509914645303327e-05,-7.1537329334082998e-05,-0.00074160952153701546
511,-0.0010000000000000009,-0.0080000000000000002,-0.001,-9.6594743764627365e-06,-7.7419497712431556e-05,-0.0007787582205984276
512,0,-0.0080000000000000002,-0.001,-2.9176271283419565e-06,-8.1424509860083717e-05,-0.00080042983525084209
513,0.0010000000000000009,-0.0080000000000000002,-0.001,4.3195704469526891e-06,-8.3311306732186663e-05,-0.00080537749478065712
514,0.0019999999999999983,-0.0080000000000000002,-0.001,1.1610368096755936e-05,-8.2975575471808008e-05,-0.00079323917965116086
515,0.0029999999999999992,-0.0080000000000000002,-0.001,1.8505859864764206e-05,-8.0371727577050725e-05,-0.00076437339328585467
516,0.0040000000000000001,-0.0080000000000000002,-0.001,2.4549202838322373e-05,-7.5581940515634293e-05,-0.00071981955098558259
517,0.005000000000000001,-0.0080000000000000002,-0.001,2.9449327233360694e-05,-6.882826086047062e-05,-0.00066127691386013527
518,0.0060000000000000019,-0.0080000000000000002,-0.001,3.2878292019501448e-05,-6.0368897232812476e-05,-0.00059102841694940193
519,0.0069999999999999993,-0.0080000000000000002,-0.001,3.4582722724150242e-05,-5.0713845263453164e-05,-0.00051189520152360288
520,0.0080000000000000002,-0.0080000000000000002,-0.001,3.4455227500860003e-05,-4.0596592120892928e-05,-0.00042716948178332632
521,0.0090000000000000011,-0.0080000000000000002,-0.001,3.2698093019644251e-05,-3.0706538934937144e-05,-0.00034037017510827098
522,0.0099999999999999985,-0.0080000000000000002,-0.001,2.9605757860805963e-05,-2.1652188599552353e-05,-0.0002551703289490139
523,0.010999999999999999,-0.0080000000000000002,-0.001,2.5573066070812216e-05,-1.3942040770528004e-05,-0.0001751892296135589
524,0.012,-0.0080000000000000002,-0.001,2.0570798777947128e-05,-7.4557674875822811e-06,-0.0001047296934100509
525,0.013000000000000001,-0.0080000000000000002,-0.001,1.5377980328350431e-05,-2.815328812359484e-06,-4.7366753004710127e-05
526,0.014000000000000002,-0.0080000000000000002,-0.001,6.7481861962592043e-06,-2.8827627003881503e-07,-1.1253227091003764e-05
527,0.015000000000000003,-0.0080000000000000002,-0.001,0,0,0
528,0.016000000000000004,-0.0080000000000000002,-0.001,0,0,0
529,0.016999999999999998,-0.0080000000000000002,-0.001,0,0,0
530,0.017999999999999999,-0.0080000000000000002,-0.001,0,0,0
531,0.019,-0.0080000000000000002,-0.001,0,0,0
532,0.02,-0.0080000000000000002,-0.001,0,0,0
533,-0.02,-0.0069999999999999993,-0.001,0,0,0
534,-0.019,-0.0069999999999999993,-0.001,0,0,0
535,-0.018000000000000002,-0.0069999999999999993,-0.001,0,0,0
536,-0.017000000000000001,-0.0069999999999999993,-0.001,0,0,0
537,-0.016,-0.0069999999999999993,-0.001,0,0,0
538,-0.014999999999999999,-0.0069999999999999993,-0.001,0,0,0
539,-0.014,-0.0069999999999999993,-0.001,-4.66809213488437e-06,2.0570979177862439e-07,-9.6888928824192609e-06
540,-0.013000000000000001,-0.0069999999999999993,-0.001,-1.0577454087462075e-05,-1.0126587401086054e-06,-4.3936938540640883e-05
541,-0.012,-0.0069999999999999993,-0.001,-1.3793050465822092e-05,-3.3025817599020146e-06,-9.7374339287539761e-05
542,-0.010999999999999999,-0.0069999999999999993,-0.001,-1.7472350489778366e-05,-6.6169841999783954e-06,-0.00016238280120732965
543,-0.01,-0.0069999999999999993,-0.001,-2.1182597879859338e-05,-1.1043574362134645e-05,-0.0002371328496971027
544,-0.0090000000000000011,-0.0069999999999999993,-0.001,-2.5013161670556566e-05,-1.6911316802196236e-05,-0.00031920455996735126
545,-0.0080000000000000002,-0.0069999999999999993,-0.001,-2.8711430978739171e-05,-2.4144857372887717e-05,-0.00040692112664331262
546,-0.0069999999999999993,-0.0069999999999999993,-0.001,-3.1965083657461753e-05,-3.2704517656753635e-05,-0.00049843257049749846
547,-0.0060000000000000001,-0.0069999999999999993,-0.001,-3.4264187963022895e-05,-4.2525388381001307e-05,-0.00059148603254144633
548,-0.005000000000000001,-0.0069999999999999993,-0.001,-3.5052715128602951e-05,-5.3316863858160104e-05,-0.00068319216029210587
549,-0.0040000000000000001,-0.0069999999999999993,-0.001,-3.3781148081140747e-05,-6.4587059771194108e-05,-0.0007700710912493876
550,-0.0029999999999999992,-0.0069999999999999993,-0.001,-3.0075310779358647e-05,-7.5628119068108266e-05,-0.00084819058680058335
551,-0.0019999999999999983,-0.0069999999999999993,-0.001,-2.3831154763973111e-05,-8.5611045569473424e-05,-0.00091355463927007277
552,-0.0010000000000000009,-0.0069999999999999993,-0.001,-1.5300092724354937e-05,-9.3745213617994568e-05,-0.00096245220006618446
553,0,-0.0069999999999999993,-0.001,-5.0855573426886256e-06,-9.9366927414384123e-05,-0.0009918253570814575
554,0.0010000000000000009,-0.0069999999999999993,-0.001,5.9004091025547817e-06,-0.00010210898563916145,-0.0010001245335943022
555,0.0019999999999999983,-0.0069999999999999993,-0.001,1.6772959080442554e-05,-0.00010197810218369966,-0.00098669061546374694
556,0.0029999999999999992,-0.0069999999999999993,-0.001,2.6964017058654739e-05,-9.8994734522033198e-05,-0.00095192606604099089
557,0.0040000000000000001,-0.0069999999999999993,-0.001,3.5787787609652263e-05,-9.3010033702667724e-05,-0.00089691508794584773
558,0.005000000000000001,-0.0069999999999999993,-0.001,4.2600927719975052e-05,-8.420887775702992e-05,-0.00082391110983764796
559,0.0060000000000000019,-0.0069999999999999993,-0.001,4.6933480952402984e-05,-7.3078824175275519e-05,-0.00073614267906964759
560,0.0069999999999999993,-0.0069999999999999993,-0.001,4.8492558979614599e-05,-6.0447071876755577e-05,-0.00063755115079058866
561,0.0080000000000000002,-0.0069999999999999993,-0.001,4.7360114362270603e-05,-4.7476630655637011e-05,-0.00053254870279924316
562,0.0090000000000000011,-0.0069999999999999993,-0.001,4.4007949704759733e-05,-3.5200628560922253e-05,-0.00042554735493161526
563,0.0099999999999999985,-0.0069999999999999993,-0.001,3.9075284287246909e-05,-2.4324444251274798e-05,-0.00032076024276502408
564,0.010999999999999999,-0.0069999999999999993,-0.001,3.3259177479764271e-05,-1.5379230734417215e-05,-0.00022223677061438722
565,0.012,-0.0069999999999999993,-0.001,2.6632532118504053e-05,-8.0875058860152606e-06,-0.00013461055634274709
566,0.013000000000000001,-0.0069999999999999993,-0.001,2.009401773780105e-05,-2.9951528756743449e-06,-6.1835234809547274e-05
567,0.014000000000000002,-0.0069999999999999993,-0.001,8.8609929436510582e-06,-1.5984873369546286e-07,-1.4870725174059077e-05
568,0.015000000000000003,-0.0069999999999999993,-0.001,0,0,0
569,0.016000000000000004,-0.0069999999999999993,-0.001,0,0,0
570,0.016999999999999998,-0.0069999999999999993,-0.001,0,0,0
571,0.017999999999999999,-0.0069999999999999993,-0.001,0,0,0
572,0.019,-0.0069999999999999993,-0.001,0,0,0
573,0.02,-0.0069999999999999993,-0.001,0,0,0
574,-0.02,-0.0060000000000000001,-0.001,0,0,0
575,-0.019,-0.0060000000000000001,-0.001,0,0,0
576,-0.018000000000000002,-0.0060000000000000001,-0.001,0,0,0
577,-0.017000000000000001,-0.0060000000000000001,-0.001,0,0,0
578,-0.016,-0.0060000000000000001,-0.001,0,0,0
579,-0.014999999999999999,-0.0060000000000000001,-0.001,0,0,0
580,-0.014,-0.0060000000000000001,-0.001,-5.844124834655693e-06,3.1673563210230014e-07,-1.2131576535021385e-05
581,-0.013000000000000001,-0.0060000000000000001,-0.001,-1.3095131238315067e-05,-9.6257336088932703e-07,-5.4130359986754563e-05
582,-0.012,-0.0060000000000000001,-0.001,-1.6851445029762657e-05,-3.1947980474411404e-06,-0.00011810275405672102
583,-0.010999999999999999,-0.0060000000000000001,-0.001,-2.1292988389867424e-05,-6.414723028075778e-06,-0.00019436955773036269
584,-0.01,-0.0060000000000000001,-0.001,-2.6051840437412184e-05,-1.0880541473150609e-05,-0.0002812626883321517
585,-0.0090000000000000011,-0.0060000000000000001,-0.001,-3.1236490727196031e-05,-1.7036788956666363e-05,-0.00037663684106357839
586,-0.0080000000000000002,-0.0060000000000000001,-0.001,-3.6534335277769469e-05,-2.4869727573834688e-05,-0.0004791293378353631
587,-0.0069999999999999993,-0.0060000000000000001,-0.001,-4.152962168210744e-05,-3.4427838217824422e-05,-0.00058709932382633716
588,-0.0060000000000000001,-0.0060000000000000001,-0.001,-4.5507489440556616e-05,-4.574490317465189e-05,-0.00069831273836946017
589,-0.005000000000000001,-0.0060000000000000001,-0.001,-4.7687149579063924e-05,-5.8621237373982395e-05,-0.000809654396419841
590,-0.0040000000000000001,-0.0060000000000000001,-0.001,-4.7141152484090846e-05,-7.2672297413981855e-05,-0.00091703758640615388
591,-0.0029999999999999992,-0.0060000000000000001,-0.001,-4.3140305343559245e-05,-8.712224138651555e-05,-0.0010155205718411552
592,-0.0019999999999999983,-0.0060000000000000001,-0.001,-3.5142757006505309e-05,-0.00010092136278237758,-0.0010997166425783485
593,-0.0010000000000000009,-0.0060000000000000001,-0.001,-2.3208716199915741e-05,-0.00011269721063191445,-0.0011641267907513114
594,0,-0.0060000000000000001,-0.001,-8.2170889768236772e-06,-0.00012089340070517263,-0.0012042432160360599
595,0.0010000000000000009,-0.0060000000000000001,-0.001,7.970513790935932e-06,-0.00012487636466337765,-0.0012179520130764165
596,0.0019999999999999983,-0.0060000000000000001,-0.001,2.3797198900662216e-05,-0.00012498142053316751,-0.0012039315408593908
597,0.0029999999999999992,-0.0060000000000000001,-0.001,3.8618427955870864e-05,-0.00012158132092652841,-0.0011626711047704669
598,0.0040000000000000001,-0.0060000000000000001,-0.001,5.1259337405471155e-05,-0.00011415937473564643,-0.00109528814591848
599,0.005000000000000001,-0.0060000000000000001,-0.001,6.0755164022815963e-05,-0.00010256434353680362,-0.0010045437083618114
600,0.0060000000000000019,-0.0060000000000000001,-0.001,6.5939294859384705e-05,-8.7562268342919824e-05,-0.00089513232549905423
601,0.0069999999999999993,-0.0060000000000000001,-0.001,6.6703688935062347e-05,-7.0858408450423974e-05,-0.00077303556410467816
602,0.0080000000000000002,-0.0060000000000000001,-0.001,6.3552882176499904e-05,-5.4292941541287273e-05,-0.00064433491520635752
603,0.0090000000000000011,-0.0060000000000000001,-0.001,5.762029210229667e-05,-3.9232686737424976e-05,-0.00051466655816580871
604,0.0099999999999999985,-0.0060000000000000001,-0.001,4.9996657403768643e-05,-2.6474900213069365e-05,-0.00038879924000978662
605,0.010999999999999999,-0.0060000000000000001,-0.001,4.1750076842529998e-05,-1.6416792339126422e-05,-0.00027086463961620191
606,0.012,-0.0060000000000000001,-0.001,3.3099311677410934e-05,-8.5088943387589106e-06,-0.00016556622665631936
607,0.013000000000000001,-0.0060000000000000001,-0.001,2.4960420072734066e-05,-3.1006442820901179e-06,-7.6923981125791486e-05
608,0.014000000000000002,-0.0060000000000000001,-0.001,1.1000616189894634e-05,-3.2099258894127911e-08,-1.8666178759547868e-05
609,0.015000000000000003,-0.0060000000000000001,-0.001,0,0,0
610,0.016000000000000004,-0.0060000000000000001,-0.001,0,0,0
611,0.016999999999999998,-0.0060000000000000001,-0.001,0,0,0
612,0.017999999999999999,-0.0060000000000000001,-0.001,0,0,0
613,0.019,-0.0060000000000000001,-0.001,0,0,0
614,0.02,-0.0060000000000000001,-0.001,0,0,0
615,-0.02,-0.005000000000000001,-0.001,0,0,0
616,-0.019,-0.005000000000000001,-0.001,0,0,0
617,-0.018000000000000002,-0.005000000000000001,-0.001,0,0,0
618,-0.017000000000000001,-0.005000000000000001,-0.001,0,0,0
619,-0.016,-0.005000000000000001,-0.001,0,0,0
620,-0.014999999999999999,-0.005000000000000001,-0.001,0,0,0
621,-0.014,-0.005000000000000001,-0.001,-6.9292423443912767e-06,3.9033073293693436e-07,-1.4493513156090905e-05
622,-0.013000000000000001,-0.005000000000000001,-0.001,-1.5440661242439616e-05,-8.7183604918013529e-07,-6.3915328928308758e-05
623,-0.012,-0.005000000000000001,-0.001,-1.9731436900903166e-05,-2.9455349537903542e-06,-0.00013779447340142681
624,-0.010999999999999999,-0.005000000000000001,-0.001,-2.4954010101535743e-05,-5.9320920201376113e-06,-0.00022448619706246821
625,-0.01,-0.005000000000000001,-0.001,-3.0842416691644758e-05,-1.0169000624676255e-05,-0.00032270129004905937
626,-0.0090000000000000011,-0.005000000000000001,-0.001,-3.754104790293803e-05,-1.6292741956026744e-05,-0.00043079192256251404
627,-0.0080000000000000002,-0.005000000000000001,-0.001,-4.4712720160148321e-05,-2.4355339494569518e-05,-0.00054783067916958496
628,-0.0069999999999999993,-0.005000000000000001,-0.001,-5.1859238973173308e-05,-3.4502665570896732e-05,-0.00067256845197889692
629,-0.0060000000000000001,-0.005000000000000001,-0.001,-5.811054976571508e-05,-4.6951099833239635e-05,-0.00080303935587912822
630,-0.005000000000000001,-0.005000000000000001,-0.001,-6.2556121844228827e-05,-6.1808120261807798e-05,-0.00093618956499052705
631,-0.0040000000000000001,-0.005000000000000001,-0.001,-6.3795518783362699e-05,-7.9033415713077664e-05,-0.001067602998810354
632,-0.0029999999999999992,-0.005000000000000001,-0.001,-6.0579553441211259e-05,-9.7971315275895845e-05,-0.0011915111435372194
633,-0.0019999999999999983,-0.005000000000000001,-0.001,-5.1297291084672554e-05,-0.00011762001561134467,-0.0013007781233541535
634,-0.0010000000000000009,-0.005000000000000001,-0.001,-3.5207587328439345e-05,-0.00013558786149192836,-0.001386793055134892
635,0,-0.005000000000000001,-0.001,-1.306388633091612e-05,-0.0001480728780150896,-0.0014424943032725584
636,0.0010000000000000009,-0.005000000000000001,-0.001,1.1286489031291878e-05,-0.0001541365892238432,-0.0014647531977812112
637,0.0019999999999999983,-0.005000000000000001,-0.001,3.4499658495889648e-05,-0.00015461678883550999,-0.0014512257792399757
638,0.0029999999999999992,-0.005000000000000001,-0.001,5.5824365045636351e-05,-0.00015037102817655335,-0.0014020620078598832
639,0.0040000000000000001,-0.005000000000000001,-0.001,7.3825665477821617e-05,-0.00014070477284006043,-0.0013189055657058821
640,0.005000000000000001,-0.005000000000000001,-0.001,8.6593046788756073e-05,-0.00012461642373935358,-0.0012054848707949159
641,0.0060000000000000019,-0.005000000000000001,-0.001,9.2120767501156168e-05,-0.00010368871960397653,-0.00106848086161986
642,0.0069999999999999993,-0.005000000000000001,-0.001,9.0631191297032055e-05,-8.1215031293499748e-05,-0.00091720577130836964
643,0.0080000000000000002,-0.005000000000000001,-0.001,8.3807214387884811e-05,-6.0156947590400967e-05,-0.00076043721321236582
644,0.0090000000000000011,-0.005000000000000001,-0.001,7.3734828422414891e-05,-4.206836325528807e-05,-0.00060524944584083428
645,0.0099999999999999985,-0.005000000000000001,-0.001,6.2291355531671693e-05,-2.758648449757063e-05,-0.00045689931114801662
646,0.010999999999999999,-0.005000000000000001,-0.001,5.0866859121806957e-05,-1.6780112962030519e-05,-0.00031917988459189502
647,0.012,-0.005000000000000001,-0.001,3.9757584371581648e-05,-8.5822188301748959e-06,-0.00019629919381513466
648,0.013000000000000001,-0.005000000000000001,-0.001,2.979579578854932e-05,-3.1156524387481623e-06,-9.1952200158316533e-05
649,0.014000000000000002,-0.005000000000000001,-0.001,1.3076304353058011e-05,5.3217811649505516e-08,-2.2455454135823589e-05
650,0.015000000000000003,-0.005000000000000001,-0.001,0,0,0
651,0.016000000000000004,-0.005000000000000001,-0.001,0,0,0
652,0.016999999999999998,-0.005000000000000001,-0.001,0,0,0
653,0.017999999999999999,-0.005000000000000001,-0.001,0,0,0
654,0.019,-0.005000000000000001,-0.001,0,0,0
655,0.02,-0.005000000000000001,-0.001,0,0,0
656,-0.02,-0.0040000000000000001,-0.001,0,0,0
657,-0.019,-0.0040000000000000001,-0.001,0,0,0
658,-0.018000000000000002,-0.0040000000000000001,-0.001,0,0,0
659,-0.017000000000000001,-0.0040000000000000001,-0.001,0,0,0
660,-0.016,-0.0040000000000000001,-0.001,0,0,0
661,-0.014999999999999999,-0.0040000000000000001,-0.001,0,0,0
662,-0.014,-0.0040000000000000001,-0.001,-7.8780855245170031e-06,4.0764715798935157e-07,-1.6640956118697202e-05
663,-0.013000000000000001,-0.0040000000000000001,-0.001,-1.7519867325570223e-05,-7.486323636848381e-07,-7.2781337196121726e-05
664,-0.012,-0.0040000000000000001,-0.001,-2.2280662512294574e-05,-2.5547687476579459e-06,-0.0001555051860269833
665,-0.010999999999999999,-0.0040000000000000001,-0.001,-2.8264625710207974e-05,-5.1746157282607098e-06,-0.00025136963481339807
666,-0.01,-0.0040000000000000001,-0.001,-3.5295392601602873e-05,-8.9058719522534835e-06,-0.00035965278992495148
667,-0.0090000000000000011,-0.0040000000000000001,-0.001,-4.3559775283492137e-05,-1.4568061435149741e-05,-0.00047936942707500286
668,-0.0080000000000000002,-0.0040000000000000001,-0.001,-5.276713234334908e-05,-2.2320435523933957e-05,-0.00061012101966363848
669,-0.0069999999999999993,-0.0040000000000000001,-0.001,-6.2390129524653458e-05,-3.2382148650391153e-05,-0.00075122772708818603
670,-0.0060000000000000001,-0.0040000000000000001,-0.001,-7.1603219927715157e-05,-4.5230502010206922e-05,-0.00090133094281899116
671,-0.005000000000000001,-0.0040000000000000001,-0.001,-7.9526277419622143e-05,-6.1480358293174563e-05,-0.001057983304667639
672,-0.0040000000000000001,-0.0040000000000000001,-0.001,-8.4382899279305393e-05,-8.1819480113836339e-05,-0.0012172927108508225
673,-0.0029999999999999992,-0.0040000000000000001,-0.001,-8.445209615126479e-05,-0.00010659809548527555,-0.0013736033069683682
674,-0.0019999999999999983,-0.0040000000000000001,-0.001,-7.6027551992303641e-05,-0.00013567192744793594,-0.0015179764393223249
675,-0.0010000000000000009,-0.0040000000000000001,-0.001,-5.5012718779654463e-05,-0.00016463583559969981,-0.0016353692161972786
676,0,-0.0040000000000000001,-0.001,-2.05755911369712e-05,-0.00018517660265705008,-0.001714562889212108
677,0.0010000000000000009,-0.0040000000000000001,-0.001,1.8180940210210684e-05,-0.00019423042907795829,-0.0017501132617442846
678,0.0019999999999999983,-0.0040000000000000001,-0.001,5.1821127387811146e-05,-0.00019511829794920297,-0.0017389297978694853
679,0.0029999999999999992,-0.0040000000000000001,-0.001,8.2486392799315463e-05,-0.00019003157589214499,-0.001679622941648824
680,0.0040000000000000001,-0.0040000000000000001,-0.001,0.00010841314848573611,-0.00017577801879514903,-0.001574310319531139
681,0.005000000000000001,-0.0040000000000000001,-0.001,0.00012483318718499784,-0.00015058639149500303,-0.0014287033786323034
682,0.0060000000000000019,-0.0040000000000000001,-0.001,0.00012873536664968557,-0.00011991574956802236,-0.0012551392197896962
683,0.0069999999999999993,-0.0040000000000000001,-0.001,0.00012197810394674524,-8.9595440966968803e-05,-0.0010669838362632601
684,0.0080000000000000002,-0.0040000000000000001,-0.001,0.00010844724787979098,-6.3293833394011996e-05,-0.00087685190179044527
685,0.0090000000000000011,-0.0040000000000000001,-0.001,9.2106096457180244e-05,-4.2514735969122783e-05,-0.0006935117085882051
686,0.0099999999999999985,-0.0040000000000000001,-0.001,7.550232427741545e-05,-2.6988344567421006e-05,-0.00052187073970760812
687,0.010999999999999999,-0.0040000000000000001,-0.001,6.0172673153074385e-05,-1.6091192570226728e-05,-0.00036479605816571776
688,0.012,-0.0040000000000000001,-0.001,4.6270238358256759e-05,-8.1312178933776596e-06,-0.00022526463988889367
689,0.013000000000000001,-0.0040000000000000001,-0.001,3.4393707780767108e-05,-2.9893590089352337e-06,-0.00010615850187384399
690,0.014000000000000002,-0.0040000000000000001,-0.001,1.5014077426635933e-05,8.1809218442081264e-08,-2.6054786809535891e-05
691,0.015000000000000003,-0.0040000000000000001,-0.001,0,0,0
692,0.016000000000000004,-0.0040000000000000001,-0.001,0,0,0
693,0.016999999999999998,-0.0040000000000000001,-0.001,0,0,0
694,0.017999999999999999,-0.0040000000000000001,-0.001,0,0,0
695,0.019,-0.0040000000000000001,-0.001,0,0,0
696,0.02,-0.0040000000000000001,-0.001,0,0,0
697,-0.02,-0.0029999999999999992,-0.001,0,0,0
698,-0.019,-0.0029999999999999992,-0.001,0,0,0
699,-0.018000000000000002,-0.0029999999999999992,-0.001,0,0,0
700,-0.017000000000000001,-0.0029999999999999992,-0.001,0,0,0
701,-0.016,-0.0029999999999999992,-0.001,0,0,0
702,-0.014999999999999999,-0.0029999999999999992,-0.001,0,0,0
703,-0.014,-0.0029999999999999992,-0.001,-8.6612645452505608e-06,3.6656054840458624e-07,-1.8461345345738434e-05
704,-0.013000000000000001,-0.0029999999999999992,-0.001,-1.9263551693838882e-05,-5.918416563914529e-07,-8.0229934026521634e-05
705,-0.012,-0.0029999999999999992,-0.001,-2.4355334157627868e-05,-2.0418193071297946e-06,-0.0001703652570134149
706,-0.010999999999999999,-0.0029999999999999992,-0.001,-3.1026613104353674e-05,-4.1565089939574486e-06,-0.00027376548114879608
707,-0.01,-0.0029999999999999992,-0.001,-3.9132255447091876e-05,-7.154553691643008e-06,-0.00039042956285786424
708,-0.0090000000000000011,-0.0029999999999999992,-0.001,-4.8862446371867441e-05,-1.1873654617817402e-05,-0.00052008418088871295
709,-0.0080000000000000002,-0.0029999999999999992,-0.001,-6.0062057013395932e-05,-1.8633360307930694e-05,-0.00066292455138223865
710,-0.0069999999999999993,-0.0029999999999999992,-0.001,-7.2278439386954556e-05,-2.7686414729388902e-05,-0.00081893797927326409
711,-0.0060000000000000001,-0.0029999999999999992,-0.001,-8.5022425471054683e-05,-3.9761390749656882e-05,-0.00098776641186264463
712,-0.005000000000000001,-0.0029999999999999992,-0.001,-9.7750043158180457e-05,-5.6188419727036769e-05,-0.0011684675734447362
713,-0.0040000000000000001,-0.0029999999999999992,-0.001,-0.00010910853300354476,-7.903689370021551e-05,-0.0013593524211551837
714,-0.0029999999999999992,-0.0029999999999999992,-0.001,-0.00011747315836823719,-0.00011107642822555195,-0.0015569201936953721
715,-0.0019999999999999983,-0.0029999999999999992,-0.001,-0.00011541750527738339,-0.00015395052582632866,-0.001750374174133858
716,-0.0010000000000000009,-0.0029999999999999992,-0.001,-8.840304628743546e-05,-0.00019892024568748137,-0.0019134273929924169
717,0,-0.0029999999999999992,-0.001,-3.250677609577785e-05,-0.0002290783777295044,-0.0020281290060584021
718,0.0010000000000000009,-0.0029999999999999992,-0.001,2.8832604910805055e-05,-0.00024136699389316058,-0.0020811909692150759
719,0.0019999999999999983,-0.0029999999999999992,-0.001,7.8866431970279425e-05,-0.0002454677488542119,-0.0020736658634368439
720,0.0029999999999999992,-0.0029999999999999992,-0.001,0.00012431141718952392,-0.00024147491538765154,-0.0020036144318516039
721,0.0040000000000000001,-0.0029999999999999992,-0.001,0.00016305567441485513,-0.00022093903267469468,-0.0018669669708202235
722,0.005000000000000001,-0.0029999999999999992,-0.001,0.00018255621756833675,-0.00017842829927629898,-0.001675391727542763
723,0.0060000000000000019,-0.0029999999999999992,-0.001,0.00017934968805319112,-0.00013167090934213446,-0.0014487368130591974
724,0.0069999999999999993,-0.0029999999999999992,-0.001,0.0001616586352195443,-9.1846959322739317e-05,-0.0012144043729196705
725,0.0080000000000000002,-0.0029999999999999992,-0.001,0.00013699675946448071,-6.1157773429678698e-05,-0.00098676449316815497
726,0.0090000000000000011,-0.0029999999999999992,-0.001,0.00011163597693146479,-3.913230876277717e-05,-0.00077398433057385336
727,0.0099999999999999985,-0.0029999999999999992,-0.001,8.8651152719173559e-05,-2.4007142624176103e-05,-0.00057968082083270363
728,0.010999999999999999,-0.0029999999999999992,-0.001,6.8929197350408344e-05,-1.4017403953748698e-05,-0.00040486905748784194
729,0.012,-0.0029999999999999992,-0.001,5.2135023118619481e-05,-7.0117598602917444e-06,-0.00025068474255240312
730,0.013000000000000001,-0.0029999999999999992,-0.001,3.8490483591792898e-05,-2.6397209893825418e-06,-0.00011865799254427494
731,0.014000000000000002,-0.0029999999999999992,-0.001,1.6734704437857228e-05,6.440548742051936e-08,-2.9260509413015345e-05
732,0.015000000000000003,-0.0029999999999999992,-0.001,0,0,0
733,0.016000000000000004,-0.0029999999999999992,-0.001,0,0,0
734,0.016999999999999998,-0.0029999999999999992,-0.001,0,0,0
735,0.017999999999999999,-0.0029999999999999992,-0.001,0,0,0
736,0.019,-0.0029999999999999992,-0.001,0,0,0
737,0.02,-0.0029999999999999992,-0.001,0,0,0
738,-0.02,-0.0019999999999999983,-0.001,0,0,0
739,-0.019,-0.0019999999999999983,-0.001,0,0,0
740,-0.018000000000000002,-0.0019999999999999983,-0.001,0,0,0
741,-0.017000000000000001,-0.0019999999999999983,-0.001,0,0,0
742,-0.016,-0.0019999999999999983,-0.001,0,0,0
743,-0.014999999999999999,-0.0019999999999999983,-0.001,0,0,0
744,-0.014,-0.0019999999999999983,-0.001,-9.2500923373401864e-06,2.758581607080632e-07,-1.9847400449869311e-05
745,-0.013000000000000001,-0.0019999999999999983,-0.001,-2.0573513432778888e-05,-4.0730386938342292e-07,-8.5866294148344226e-05
746,-0.012,-0.0019999999999999983,-0.001,-2.5871698205764818e-05,-1.4304830157897786e-06,-0.00018160919302813501
747,-0.010999999999999999,-0.0019999999999999983,-0.001,-3.3105373601477516e-05,-2.9165522812064975e-06,-0.00029059794446065532
748,-0.01,-0.0019999999999999983,-0.001,-4.2097146082817101e-05,-5.0025738435531246e-06,-0.00041356402088285984
749,-0.0090000000000000011,-0.0019999999999999983,-0.001,-5.3022820485262863e-05,-8.3715268126883774e-06,-0.00055085692353026676
750,-0.0080000000000000002,-0.0019999999999999983,-0.001,-6.5887884976203337e-05,-1.3399846658019879e-05,-0.00070325234174798475
751,-0.0069999999999999993,-0.0019999999999999983,-0.001,-8.0455967829325757e-05,-2.0352786549274254e-05,-0.0008713955193939435
752,-0.0060000000000000001,-0.0019999999999999983,-0.001,-9.6924083062454669e-05,-3.0039171430073507e-05,-0.0010562137485225507
753,-0.005000000000000001,-0.0019999999999999983,-0.001,-0.00011572075107279015,-4.4300350984567595e-05,-0.0012591975337153936
754,-0.0040000000000000001,-0.0019999999999999983,-0.001,-0.00013724662762449439,-6.672688250383906e-05,-0.0014828998225410678
755,-0.0029999999999999992,-0.0019999999999999983,-0.001,-0.0001608752832698934,-0.00010342773754386795,-0.0017282679934897845
756,-0.0019999999999999983,-0.0019999999999999983,-0.001,-0.00017167159940205799,-0.00015700655378094206,-0.0019835937266952106
757,-0.0010000000000000009,-0.0019999999999999983,-0.001,-0.00013600790948857438,-0.00021060696511429237,-0.0022074601171610296
758,0,-0.0019999999999999983,-0.001,-5.3377113453975402e-05,-0.00024285140786672275,-0.0023834858546408705
759,0.0010000000000000009,-0.0019999999999999983,-0.001,4.0470208861854234e-05,-0.00025821181662658244,-0.0024453481187223318
760,0.0019999999999999983,-0.0019999999999999983,-0.001,0.0001162659365336383,-0.00026809008229086533,-0.0024459205211138937
761,0.0029999999999999992,-0.0019999999999999983,-0.001,0.00018657244241827411,-0.00026946643786112897,-0.0023714906629827628
762,0.0040000000000000001,-0.0019999999999999983,-0.001,0.00024771279391785786,-0.00024795237256458141,-0.0021905986468367059
763,0.005000000000000001,-0.0019999999999999983,-0.001,0.00027249967857491235,-0.00019386557889497277,-0.0019327549115806554
764,0.0060000000000000019,-0.0019999999999999983,-0.001,0.00024787983336387227,-0.00012995810872869416,-0.0016374948868835657
765,0.0069999999999999993,-0.0019999999999999983,-0.001,0.00020612276015783605,-8.1642151403334113e-05,-0.0013468008599497119
766,0.0080000000000000002,-0.0019999999999999983,-0.001,0.00016564078665440692,-5.0499324826241648e-05,-0.0010799001791390501
767,0.0090000000000000011,-0.0019999999999999983,-0.001,0.0001297620289766014,-3.0707239034232338e-05,-0.0008396618919534446
768,0.0099999999999999985,-0.0019999999999999983,-0.001,0.00010013392847417773,-1.8236317607872751e-05,-0.00062571808659142223
769,0.010999999999999999,-0.0019999999999999983,-0.001,7.6182576330577809e-05,-1.0445519827564253e-05,-0.00043636292706869919
770,0.012,-0.0019999999999999983,-0.001,5.6792298315278941e-05,-5.1754036467377076e-06,-0.00027067120430699829
771,0.013000000000000001,-0.0019999999999999983,-0.001,4.175903531971094e-05,-1.9963395031035931e-06,-0.00012849852004509634
772,0.014000000000000002,-0.0019999999999999983,-0.001,1.8120598407503999e-05,3.3598235668651362e-08,-3.1826870441790142e-05
773,0.015000000000000003,-0.0019999999999999983,-0.001,0,0,0
774,0.016000000000000004,-0.0019999999999999983,-0.001,0,0,0
775,0.016999999999999998,-0.0019999999999999983,-0.001,0,0,0
776,0.017999999999999999,-0.0019999999999999983,-0.001,0,0,0
777,0.019,-0.0019999999999999983,-0.001,0,0,0
778,0.02,-0.0019999999999999983,-0.001,0,0,0
779,-0.02,-0.0010000000000000009,-0.001,0,0,0
780,-0.019,-0.0010000000000000009,-0.001,0,0,0
781,-0.018000000000000002,-0.0010000000000000009,-0.001,0,0,0
782,-0.017000000000000001,-0.0010000000000000009,-0.001,0,0,0
783,-0.016,-0.0010000000000000009,-0.001,0,0,0
784,-0.014999999999999999,-0.0010000000000000009,-0.001,0,0,0
785,-0.014,-0.0010000000000000009,-0.001,-9.613568840118717e-06,1.4882573501829059e-07,-2.0716053197822198e-05
786,-0.013000000000000001,-0.0010000000000000009,-0.001,-2.1378184350824188e-05,-2.0855884207264196e-07,-8.9381335730029366e-05
787,-0.012,-0.0010000000000000009,-0.001,-2.6791593849838453e-05,-7.3644624082726412e-07,-0.00018862347019226955
788,-0.010999999999999999,-0.0010000000000000009,-0.001,-3.4410124171086151e-05,-1.5124596735561242e-06,-0.00030104462716522095
789,-0.01,-0.0010000000000000009,-0.001,-4.3980535238473845e-05,-2.5699226081081276e-06,-0.00042791946923380282
790,-0.0090000000000000011,-0.0010000000000000009,-0.001,-5.5673860497303959e-05,-4.3197106506944736e-06,-0.00057002960634360196
791,-0.0080000000000000002,-0.0010000000000000009,-0.001,-6.9625563506363287e-05,-7.0048317588171442e-06,-0.00072858844148428843
792,-0.0069999999999999993,-0.0010000000000000009,-0.001,-8.5910763701878588e-05,-1.0828868418320531e-05,-0.00090477251676104756
793,-0.0060000000000000001,-0.0010000000000000009,-0.001,-0.00010551304832981445,-1.6364777155241586e-05,-0.0011006582313512264
794,-0.005000000000000001,-0.0010000000000000009,-0.001,-0.00013012292950137261,-2.5119646779190059e-05,-0.001319977094932591
795,-0.0040000000000000001,-0.0010000000000000009,-0.001,-0.00016273338423720718,-4.0513216074465337e-05,-0.0015692036196547389
796,-0.0029999999999999992,-0.0010000000000000009,-0.001,-0.00020303660688358372,-6.7888379623660603e-05,-0.0018545456245902005
797,-0.0019999999999999983,-0.0010000000000000009,-0.001,-0.0002260788276859568,-0.00010786724207141267,-0.0021665209758361757
798,-0.0010000000000000009,-0.0010000000000000009,-0.001,-0.00019222293015075823,-0.0001522468850019351,-0.0025028166719471652
799,0,-0.0010000000000000009,-0.001,-8.1521066682226372e-05,-0.00017206565794004332,-0.0027376204964019669
800,0.0010000000000000009,-0.0010000000000000009,-0.001,3.9909507465514678e-05,-0.00018535944184521185,-0.0028063623604168923
801,0.0019999999999999983,-0.0010000000000000009,-0.001,0.00014414208968719275,-0.00019493730499984386,-0.0028065926377083533
802,0.0029999999999999992,-0.0010000000000000009,-0.001,0.00024722644668214312,-0.00019724920169501861,-0.002733223319430194
803,0.0040000000000000001,-0.0010000000000000009,-0.001,0.00034223954934970319,-0.0001884992522492415,-0.0025246522211722498
804,0.005000000000000001,-0.0010000000000000009,-0.001,0.00036531949761999286,-0.00014103262062892396,-0.0021497916241841977
805,0.0060000000000000019,-0.0010000000000000009,-0.001,0.00031846528432155006,-9.0014812294218999e-05,-0.0017808848676174275
806,0.0069999999999999993,-0.0010000000000000009,-0.001,0.00024643708187412696,-5.1700148928602818e-05,-0.0014414967954110897
807,0.0080000000000000002,-0.0010000000000000009,-0.001,0.00018807789959017254,-2.9528433941102384e-05,-0.0011434652402269737
808,0.0090000000000000011,-0.0010000000000000009,-0.001,0.00014296671635683226,-1.7103404686465561e-05,-0.0008831233738856209
809,0.0099999999999999985,-0.0010000000000000009,-0.001,0.00010808450686077138,-9.8995784310795655e-06,-0.00065555069702226594
810,0.010999999999999999,-0.0010000000000000009,-0.001,8.1006150839996381e-05,-5.5971264194565054e-06,-0.0004565457746194222
811,0.012,-0.0010000000000000009,-0.001,5.9762736033590116e-05,-2.7443097437679328e-06,-0.00028348944501813746
812,0.013000000000000001,-0.0010000000000000009,-0.001,4.3868164034451442e-05,-1.081398929438057e-06,-0.00013481425027965787
813,0.014000000000000002,-0.0010000000000000009,-0.001,1.9025395614171713e-05,1.2193269976670935e-08,-3.34976679393259e-05
814,0.015000000000000003,-0.0010000000000000009,-0.001,0,0,0
815,0.016000000000000004,-0.0010000000000000009,-0.001,0,0,0
816,0.016999999999999998,-0.0010000000000000009,-0.001,0,0,0
817,0.017999999999999999,-0.0010000000000000009,-0.001,0,0,0
818,0.019,-0.0010000000000000009,-0.001,0,0,0
819,0.02,-0.0010000000000000009,-0.001,0,0,0
820,-0.02,0,-0.001,0,0,0
821,-0.019,0,-0.001,0,0,0
822,-0.018000000000000002,0,-0.001,0,0,0
823,-0.017000000000000001,0,-0.001,0,0,0
824,-0.016,0,-0.001,0,0,0
825,-0.014999999999999999,0,-0.001,0,0,0
826,-0.014,0,-0.001,-9.7344668113792909e-06,-2.175705019234201e-20,-2.1011625045346782e-05
827,-0.013000000000000001,0,-0.001,-2.1646145467153154e-05,-1.977735237998882e-21,-9.0576501963885491e-05
828,-0.012,0,-0.001,-2.7102947479698769e-05,1.9278875455086713e-20,-0.00019100781904023845
829,-0.010999999999999999,0,-0.001,-3.4856155304791813e-05,4.8793093406261855e-20,-0.00030458735209085765
830,-0.01,0,-0.001,-4.4632446768570919e-05,3.9055524812198963e-20,-0.000432784412090072
831,-0.0090000000000000011,0,-0.001,-5.6581610095193148e-05,1.8064704874454317e-20,-0.00057654196090864537
832,-0.0080000000000000002,0,-0.001,-7.0916855019801213e-05,7.6531025685446247e-20,-0.00073723287902573761
833,-0.0069999999999999993,0,-0.001,-8.7846405840963536e-05,1.1892364019241191e-19,-0.00091622066786994872
834,-0.0060000000000000001,0,-0.001,-0.00010865030553428327,6.3712933407883913e-20,-0.0011159730791719213
835,-0.005000000000000001,0,-0.001,-0.000135648580304071,4.2890945023709327e-20,-0.0013411093740310681
836,-0.0040000000000000001,0,-0.001,-0.00017341601299142455,-9.5046113304092592e-20,-0.001600047198278788
837,-0.0029999999999999992,0,-0.001,-0.00022144701637266605,-9.6702166977301057e-20,-0.001902631476107403
838,-0.0019999999999999983,0,-0.001,-0.0002494176074173774,-5.2596209623795338e-19,-0.0022564736510890756
839,-0.0010000000000000009,0,-0.001,-0.00021238223594900163,1.0090500809381715e-20,-0.0026405342972451516
840,0,0,-0.001,-9.4293053929684286e-05,1.9233209095949387e-19,-0.0029058315369821473
841,0.0010000000000000009,0,-0.001,3.3681552658353893e-05,1.1623414377956905e-19,-0.0029639186110693885
842,0.0019999999999999983,0,-0.001,0.00014822265297332541,3.108582133856118e-19,-0.0029624342125866617
843,0.0029999999999999992,0,-0.001,0.00027109671416636225,-2.9089962134221209e-19,-0.0028868157425408782
844,0.0040000000000000001,0,-0.001,0.00038399563099646074,-6.5722013190996745e-19,-0.0026617252143573225
845,0.005000000000000001,0,-0.001,0.00041340861112476043,-2.2073389236245791e-19,-0.0022626379827305081
846,0.0060000000000000019,0,-0.001,0.00035129910040076573,-2.426807206887053e-19,-0.0018361641814602266
847,0.0069999999999999993,0,-0.001,0.00026445272664145028,3.8263910043726313e-20,-0.0014758460519959423
848,0.0080000000000000002,0,-0.001,0.00019684232452813895,-4.4791631560208638e-20,-0.0011659235037952815
849,0.0090000000000000011,0,-0.001,0.00014781332520983793,-3.3721301514075667e-20,-0.00089834829124911227
850,0.0099999999999999985,0,-0.001,0.00011094303555787418,2.7646603971114483e-21,-0.00066589584393585805
851,0.010999999999999999,0,-0.001,8.2699027617614632e-05,-6.740712454444496e-20,-0.00046350331159344894
852,0.012,0,-0.001,6.0776464405931302e-05,4.6941986095890984e-21,-0.00028790996889399475
853,0.013000000000000001,0,-0.001,4.4595593343766836e-05,2.4492568704454343e-21,-0.00013699543996614121
854,0.014000000000000002,0,-0.001,1.9338029492661961e-05,-2.5778821181571144e-20,-3.4079210770206786e-05
855,0.015000000000000003,0,-0.001,0,0,0
856,0.016000000000000004,0,-0.001,0,0,0
857,0.016999999999999998,0,-0.001,0,0,0
858,0.017999999999999999,0,-0.001,0,0,0
859,0.019,0,-0.001,0,0,0
860,0.02,0,-0.001,0,0,0
861,-0.02,0.0010000000000000009,-0.001,0,0,0
862,-0.019,0.0010000000000000009,-0.001,0,0,0
863,-0.018000000000000002,0.0010000000000000009,-0.001,0,0,0
864,-0.017000000000000001,0.0010000000000000009,-0.001,0,0,0
865,-0.016,0.0010000000000000009,-0.001,0,0,0
866,-0.014999999999999999,0.0010000000000000009,-0.001,0,0,0
867,-0.014,0.0010000000000000009,-0.001,-9.6135688401187153e-06,-1.4882573501833226e-07,-2.0716053197822195e-05
868,-0.013000000000000001,0.0010000000000000009,-0.001,-2.1378184350824202e-05,2.0855884207263278e-07,-8.9381335730029352e-05
869,-0.012,0.0010000000000000009,-0.001,-2.6791593849838463e-05,7.3644624082729726e-07,-0.00018862347019226955
870,-0.010999999999999999,0.0010000000000000009,-0.001,-3.4410124171086151e-05,1.5124596735561846e-06,-0.00030104462716522089
871,-0.01,0.0010000000000000009,-0.001,-4.3980535238473892e-05,2.5699226081082292e-06,-0.00042791946923380282
872,-0.0090000000000000011,0.0010000000000000009,-0.001,-5.5673860497303926e-05,4.3197106506945245e-06,-0.00057002960634360185
873,-0.0080000000000000002,0.0010000000000000009,-0.001,-6.9625563506363301e-05,7.0048317588172975e-06,-0.00072858844148428843
874,-0.0069999999999999993,0.0010000000000000009,-0.001,-8.5910763701878669e-05,1.08288684183207e-05,-0.00090477251676104734
875,-0.0060000000000000001,0.0010000000000000009,-0.001,-0.0001055130483298144,1.6364777155241691e-05,-0.001100658231351226
876,-0.005000000000000001,0.0010000000000000009,-0.001,-0.00013012292950137253,2.5119646779190038e-05,-0.0013199770949325908
877,-0.0040000000000000001,0.0010000000000000009,-0.001,-0.00016273338423720724,4.0513216074465405e-05,-0.0015692036196547389
878,-0.0029999999999999992,0.0010000000000000009,-0.001,-0.00020303660688358375,6.7888379623660575e-05,-0.0018545456245902007
879,-0.0019999999999999983,0.0010000000000000009,-0.001,-0.00022607882768595661,0.00010786724207141249,-0.0021665209758361757
880,-0.0010000000000000009,0.0010000000000000009,-0.001,-0.00019222293015075923,0.00015224688500193467,-0.0025028166719471652
881,0,0.0010000000000000009,-0.001,-8.1521066682226263e-05,0.00017206565794004316,-0.0027376204964019669
882,0.0010000000000000009,0.0010000000000000009,-0.001,3.9909507465514685e-05,0.00018535944184521153,-0.0028063623604168931
883,0.0019999999999999983,0.0010000000000000009,-0.001,0.00014414208968719218,0.00019493730499984415,-0.0028065926377083546
884,0.0029999999999999992,0.0010000000000000009,-0.001,0.00024722644668214382,0.00019724920169501879,-0.0027332233194301927
885,0.0040000000000000001,0.0010000000000000009,-0.001,0.00034223954934970287,0.00018849925224924098,-0.0025246522211722498
886,0.005000000000000001,0.0010000000000000009,-0.001,0.00036531949761999248,0.00014103262062892423,-0.0021497916241841972
887,0.0060000000000000019,0.0010000000000000009,-0.001,0.00031846528432154995,9.001481229421908e-05,-0.0017808848676174273
888,0.0069999999999999993,0.0010000000000000009,-0.001,0.00024643708187412707,5.1700148928602743e-05,-0.0014414967954110899
889,0.0080000000000000002,0.0010000000000000009,-0.001,0.00018807789959017257,2.952843394110237e-05,-0.0011434652402269739
890,0.0090000000000000011,0.0010000000000000009,-0.001,0.00014296671635683216,1.7103404686465513e-05,-0.0008831233738856208
891,0.0099999999999999985,0.0010000000000000009,-0.001,0.00010808450686077144,9.8995784310794062e-06,-0.00065555069702226583
892,0.010999999999999999,0.0010000000000000009,-0.001,8.1006150839996381e-05,5.5971264194564453e-06,-0.00045654577461942225
893,0.012,0.0010000000000000009,-0.001,5.9762736033590103e-05,2.7443097437679277e-06,-0.00028348944501813741
894,0.013000000000000001,0.0010000000000000009,-0.001,4.3868164034451435e-05,1.0813989294380464e-06,-0.00013481425027965784
895,0.014000000000000002,0.0010000000000000009,-0.001,1.902539561417172e-05,-1.2193269976721495e-08,-3.34976679393259e-05
896,0.015000000000000003,0.0010000000000000009,-0.001,0,0,0
897,0.016000000000000004,0.0010000000000000009,-0.001,0,0,0
898,0.016999999999999998,0.0010000000000000009,-0.001,0,0,0
899,0.017999999999999999,0.0010000000000000009,-0.001,0,0,0
900,0.019,0.0010000000000000009,-0.001,0,0,0
901,0.02,0.0010000000000000009,-0.001,0,0,0
902,-0.02,0.0019999999999999983,-0.001,0,0,0
903,-0.019,0.0019999999999999983,-0.001,0,0,0
904,-0.018000000000000002,0.0019999999999999983,-0.001,0,0,0
905,-0.017000000000000001,0.0019999999999999983,-0.001,0,0,0
906,-0.016,0.0019999999999999983,-0.001,0,0,0
907,-0.014999999999999999,0.0019999999999999983,-0.001,0,0,0
908,-0.014,0.0019999999999999983,-0.001,-9.2500923373401847e-06,-2.7585816070810274e-07,-1.9847400449869304e-05
909,-0.013000000000000001,0.0019999999999999983,-0.001,-2.0573513432778902e-05,4.0730386938341498e-07,-8.5866294148344212e-05
910,-0.012,0.0019999999999999983,-0.001,-2.5871698205764838e-05,1.4304830157897973e-06,-0.00018160919302813501
911,-0.010999999999999999,0.0019999999999999983,-0.001,-3.3105373601477543e-05,2.9165522812065377e-06,-0.00029059794446065527
912,-0.01,0.0019999999999999983,-0.001,-4.2097146082817108e-05,5.0025738435531966e-06,-0.00041356402088285989
913,-0.0090000000000000011,0.0019999999999999983,-0.001,-5.3022820485262883e-05,8.3715268126885197e-06,-0.00055085692353026676
914,-0.0080000000000000002,0.0019999999999999983,-0.001,-6.5887884976203309e-05,1.3399846658019965e-05,-0.00070325234174798453
915,-0.0069999999999999993,0.0019999999999999983,-0.001,-8.0455967829325662e-05,2.0352786549274342e-05,-0.00087139551939394329
916,-0.0060000000000000001,0.0019999999999999983,-0.001,-9.6924083062454724e-05,3.0039171430073711e-05,-0.0010562137485225504
917,-0.005000000000000001,0.0019999999999999983,-0.001,-0.00011572075107279,4.4300350984567581e-05,-0.0012591975337153929
918,-0.0040000000000000001,0.0019999999999999983,-0.001,-0.00013724662762449463,6.672688250383925e-05,-0.0014828998225410682
919,-0.0029999999999999992,0.0019999999999999983,-0.001,-0.00016087528326989357,0.00010342773754386821,-0.0017282679934897847
920,-0.0019999999999999983,0.0019999999999999983,-0.001,-0.00017167159940205797,0.00015700655378094225,-0.0019835937266952115
921,-0.0010000000000000009,0.0019999999999999983,-0.001,-0.00013600790948857476,0.0002106069651142922,-0.0022074601171610305
922,0,0.0019999999999999983,-0.001,-5.3377113453975836e-05,0.00024285140786672242,-0.0023834858546408714
923,0.0010000000000000009,0.0019999999999999983,-0.001,4.0470208861854397e-05,0.00025821181662658168,-0.002445348118722331
924,0.0019999999999999983,0.0019999999999999983,-0.001,0.00011626593653363821,0.00026809008229086527,-0.002445920521113895
925,0.0029999999999999992,0.0019999999999999983,-0.001,0.00018657244241827457,0.00026946643786112984,-0.0023714906629827628
926,0.0040000000000000001,0.0019999999999999983,-0.001,0.00024771279391785851,0.00024795237256458168,-0.0021905986468367068
927,0.005000000000000001,0.0019999999999999983,-0.001,0.00027249967857491224,0.00019386557889497321,-0.0019327549115806554
928,0.0060000000000000019,0.0019999999999999983,-0.001,0.00024787983336387216,0.00012995810872869416,-0.0016374948868835653
929,0.0069999999999999993,0.0019999999999999983,-0.001,0.00020612276015783611,8.1642151403334167e-05,-0.0013468008599497119
930,0.0080000000000000002,0.0019999999999999983,-0.001,0.00016564078665440697,5.0499324826241831e-05,-0.0010799001791390501
931,0.0090000000000000011,0.0019999999999999983,-0.001,0.00012976202897660132,3.0707239034232148e-05,-0.00083966189195344449
932,0.0099999999999999985,0.0019999999999999983,-0.001,0.00010013392847417775,1.8236317607872775e-05,-0.00062571808659142223
933,0.010999999999999999,0.0019999999999999983,-0.001,7.6182576330577768e-05,1.0445519827564168e-05,-0.00043636292706869919
934,0.012,0.0019999999999999983,-0.001,5.6792298315278907e-05,5.1754036467376907e-06,-0.00027067120430699829
935,0.013000000000000001,0.0019999999999999983,-0.001,4.175903531971094e-05,1.996339503103577e-06,-0.00012849852004509634
936,0.014000000000000002,0.0019999999999999983,-0.001,1.8120598407504009e-05,-3.3598235668695414e-08,-3.1826870441790142e-05
937,0.015000000000000003,0.0019999999999999983,-0.001,0,0,0
938,0.016000000000000004,0.0019999999999999983,-0.001,0,0,0
939,0.016999999999999998,0.0019999999999999983,-0.001,0,0,0
940,0.017999999999999999,0.0019999999999999983,-0.001,0,0,0
941,0.019,0.0019999999999999983,-0.001,0,0,0
942,0.02,0.0019999999999999983,-0.001,0,0,0
943,-0.02,0.0029999999999999992,-0.001,0,0,0
944,-0.019,0.0029999999999999992,-0.001,0,0,0
945,-0.018000000000000002,0.0029999999999999992,-0.001,0,0,0
946,-0.017000000000000001,0.0029999999999999992,-0.001,0,0,0
947,-0.016,0.0029999999999999992,-0.001,0,0,0
948,-0.014999999999999999,0.0029999999999999992,-0.001,0,0,0
949,-0.014,0.0029999999999999992,-0.001,-8.6612645452505541e-06,-3.6656054840461959e-07,-1.8461345345738421e-05
950,-0.013000000000000001,0.0029999999999999992,-0.001,-1.9263551693838893e-05,5.918416563914512e-07,-8.0229934026521607e-05
951,-0.012,0.0029999999999999992,-0.001,-2.4355334157627895e-05,2.0418193071298192e-06,-0.00017036525701341496
952,-0.010999999999999999,0.0029999999999999992,-0.001,-3.1026613104353674e-05,4.1565089939574799e-06,-0.00027376548114879613
953,-0.01,0.0029999999999999992,-0.001,-3.9132255447091889e-05,7.1545536916431071e-06,-0.00039042956285786424
954,-0.0090000000000000011,0.0029999999999999992,-0.001,-4.88624463718674e-05,1.1873654617817521e-05,-0.00052008418088871295
955,-0.0080000000000000002,0.0029999999999999992,-0.001,-6.0062057013395993e-05,1.8633360307930816e-05,-0.00066292455138223844
956,-0.0069999999999999993,0.0029999999999999992,-0.001,-7.2278439386954421e-05,2.768641472938899e-05,-0.00081893797927326366
957,-0.0060000000000000001,0.0029999999999999992,-0.001,-8.5022425471054561e-05,3.9761390749656957e-05,-0.00098776641186264441
958,-0.005000000000000001,0.0029999999999999992,-0.001,-9.7750043158180457e-05,5.6188419727036992e-05,-0.001168467573444736
959,-0.0040000000000000001,0.0029999999999999992,-0.001,-0.00010910853300354501,7.9036893700215713e-05,-0.0013593524211551837
960,-0.0029999999999999992,0.0029999999999999992,-0.001,-0.00011747315836823742,0.00011107642822555202,-0.0015569201936953723
961,-0.0019999999999999983,0.0029999999999999992,-0.001,-0.00011541750527738346,0.00015395052582632926,-0.0017503741741338587
962,-0.0010000000000000009,0.0029999999999999992,-0.001,-8.8403046287435582e-05,0.00019892024568748162,-0.0019134273929924167
963,0,0.0029999999999999992,-0.001,-3.2506776095777837e-05,0.00022907837772950476,-0.002028129006058403
964,0.0010000000000000009,0.0029999999999999992,-0.001,2.8832604910804543e-05,0.00024136699389316112,-0.0020811909692150759
965,0.0019999999999999983,0.0029999999999999992,-0.001,7.8866431970279371e-05,0.00024546774885421207,-0.0020736658634368443
966,0.0029999999999999992,0.0029999999999999992,-0.001,0.00012431141718952384,0.00024147491538765192,-0.0020036144318516047
967,0.0040000000000000001,0.0029999999999999992,-0.001,0.00016305567441485529,0.00022093903267469514,-0.0018669669708202233
968,0.005000000000000001,0.0029999999999999992,-0.001,0.00018255621756833651,0.00017842829927629909,-0.0016753917275427628
969,0.0060000000000000019,0.0029999999999999992,-0.001,0.00017934968805319101,0.00013167090934213457,-0.001448736813059197
970,0.0069999999999999993,0.0029999999999999992,-0.001,0.0001616586352195443,9.1846959322739263e-05,-0.0012144043729196707
971,0.0080000000000000002,0.0029999999999999992,-0.001,0.00013699675946448066,6.1157773429678644e-05,-0.00098676449316815475
972,0.0090000000000000011,0.0029999999999999992,-0.001,0.00011163597693146479,3.9132308762777143e-05,-0.00077398433057385336
973,0.0099999999999999985,0.0029999999999999992,-0.001,8.8651152719173505e-05,2.4007142624175947e-05,-0.00057968082083270363
974,0.010999999999999999,0.0029999999999999992,-0.001,6.892919735040829e-05,1.4017403953748632e-05,-0.00040486905748784188
975,0.012,0.0029999999999999992,-0.001,5.2135023118619474e-05,7.0117598602917554e-06,-0.00025068474255240329
976,0.013000000000000001,0.0029999999999999992,-0.001,3.8490483591792939e-05,2.6397209893825422e-06,-0.00011865799254427494
977,0.014000000000000002,0.0029999999999999992,-0.001,1.6734704437857228e-05,-6.4405487420557185e-08,-2.9260509413015342e-05
978,0.015000000000000003,0.0029999999999999992,-0.001,0,0,0
979,0.016000000000000004,0.0029999999999999992,-0.001,0,0,0
980,0.016999999999999998,0.0029999999999999992,-0.001,0,0,0
981,0.017999999999999999,0.0029999999999999992,-0.001,0,0,0
982,0.019,0.0029999999999999992,-0.001,0,0,0
983,0.02,0.0029999999999999992,-0.001,0,0,0
984,-0.02,0.0040000000000000001,-0.001,0,0,0
985,-0.019,0.0040000000000000001,-0.001,0,0,0
986,-0.018000000000000002,0.0040000000000000001,-0.001,0,0,0
987,-0.017000000000000001,0.0040000000000000001,-0.001,0,0,0
988,-0.016,0.0040000000000000001,-0.001,0,0,0
989,-0.014999999999999999,0.0040000000000000001,-0.001,0,0,0
990,-0.014,0.0040000000000000001,-0.001,-7.8780855245169912e-06,-4.0764715798938439e-07,-1.6640956118697178e-05
991,-0.013000000000000001,0.0040000000000000001,-0.001,-1.751986732557023e-05,7.4863236368483524e-07,-7.2781337196121699e-05
992,-0.012,0.0040000000000000001,-0.001,-2.2280662512294587e-05,2.5547687476579751e-06,-0.00015550518602698338
993,-0.010999999999999999,0.0040000000000000001,-0.001,-2.8264625710207963e-05,5.1746157282607683e-06,-0.00025136963481339812
994,-0.01,0.0040000000000000001,-0.001,-3.5295392601602846e-05,8.9058719522535767e-06,-0.00035965278992495153
995,-0.0090000000000000011,0.0040000000000000001,-0.001,-4.3559775283492082e-05,1.4568061435149753e-05,-0.00047936942707500286
996,-0.0080000000000000002,0.0040000000000000001,-0.001,-5.2767132343349046e-05,2.2320435523934062e-05,-0.00061012101966363837
997,-0.0069999999999999993,0.0040000000000000001,-0.001,-6.2390129524653417e-05,3.2382148650391207e-05,-0.00075122772708818559
998,-0.0060000000000000001,0.0040000000000000001,-0.001,-7.1603219927715008e-05,4.5230502010206888e-05,-0.00090133094281899062
999,-0.005000000000000001,0.0040000000000000001,-0.001,-7.9526277419622211e-05,6.1480358293174481e-05,-0.0010579833046676385
1000,-0.0040000000000000001,0.0040000000000000001,-0.001,-8.4382899279305583e-05,8.1819480113836339e-05,-0.001217292710850822
1001,-0.0029999999999999992,0.0040000000000000001,-0.001,-8.4452096151264641e-05,0.00010659809548527566,-0.0013736033069683682
1002,-0.0019999999999999983,0.0040000000000000001,-0.001,-7.6027551992303831e-05,0.00013567192744793602,-0.0015179764393223243
1003,-0.0010000000000000009,0.0040000000000000001,-0.001,-5.5012718779654633e-05,0.00016463583559969989,-0.0016353692161972782
1004,0,0.0040000000000000001,-0.001,-2.0575591136971386e-05,0.00018517660265705011,-0.0017145628892121087
1005,0.0010000000000000009,0.0040000000000000001,-0.001,1.8180940210210447e-05,0.00019423042907795837,-0.0017501132617442851
1006,0.0019999999999999983,0.0040000000000000001,-0.001,5.1821127387810943e-05,0.00019511829794920327,-0.0017389297978694855
1007,0.0029999999999999992,0.0040000000000000001,-0.001,8.2486392799315544e-05,0.00019003157589214488,-0.0016796229416488236
1008,0.0040000000000000001,0.0040000000000000001,-0.001,0.00010841314848573612,0.00017577801879514892,-0.0015743103195311387
1009,0.005000000000000001,0.0040000000000000001,-0.001,0.0001248331871849977,0.00015058639149500313,-0.0014287033786323034
1010,0.0060000000000000019,0.0040000000000000001,-0.001,0.00012873536664968557,0.00011991574956802225,-0.0012551392197896959
1011,0.0069999999999999993,0.0040000000000000001,-0.001,0.00012197810394674512,8.9595440966968776e-05,-0.0010669838362632603
1012,0.0080000000000000002,0.0040000000000000001,-0.001,0.00010844724787979094,6.3293833394011996e-05,-0.00087685190179044538
1013,0.0090000000000000011,0.0040000000000000001,-0.001,9.2106096457180163e-05,4.2514735969122742e-05,-0.0006935117085882051
1014,0.0099999999999999985,0.0040000000000000001,-0.001,7.550232427741549e-05,2.6988344567420918e-05,-0.00052187073970760812
1015,0.010999999999999999,0.0040000000000000001,-0.001,6.0172673153074338e-05,1.6091192570226643e-05,-0.00036479605816571776
1016,0.012,0.0040000000000000001,-0.001,4.6270238358256719e-05,8.1312178933776917e-06,-0.00022526463988889377
1017,0.013000000000000001,0.0040000000000000001,-0.001,3.4393707780767102e-05,2.9893590089352524e-06,-0.00010615850187384402
1018,0.014000000000000002,0.0040000000000000001,-0.001,1.5014077426635914e-05,-8.1809218442110129e-08,-2.6054786809535871e-05
1019,0.015000000000000003,0.0040000000000000001,-0.001,0,0,0
1020,0.016000000000000004,0.0040000000000000001,-0.001,0,0,0
1021,0.016999999999999998,0.0040000000000000001,-0.001,0,0,0
1022,0.017999999999999999,0.0040000000000000001,-0.001,0,0,0
1023,0.019,0.0040000000000000001,-0.001,0,0,0
1024,0.02,0.0040000000000000001,-0.001,0,0,0
1025,-0.02,0.005000000000000001,-0.001,0,0,0
1026,-0.019,0.005000000000000001,-0.001,0,0,0
1027,-0.018000000000000002,0.005000000000000001,-0.001,0,0,0
1028,-0.017000000000000001,0.005000000000000001,-0.001,0,0,0
1029,-0.016,0.005000000000000001,-0.001,0,0,0
1030,-0.014999999999999999,0.005000000000000001,-0.001,0,0,0
1031,-0.014,0.005000000000000001,-0.001,-6.9292423443912673e-06,-3.9033073293696914e-07,-1.4493513156090889e-05
1032,-0.013000000000000001,0.005000000000000001,-0.001,-1.5440661242439623e-05,8.7183604918012385e-07,-6.3915328928308758e-05
1033,-0.012,0.005000000000000001,-0.001,-1.9731436900903186e-05,2.9455349537903784e-06,-0.00013779447340142687
1034,-0.010999999999999999,0.005000000000000001,-0.001,-2.4954010101535716e-05,5.9320920201376494e-06,-0.00022448619706246824
1035,-0.01,0.005000000000000001,-0.001,-3.0842416691644779e-05,1.0169000624676306e-05,-0.00032270129004905948
1036,-0.0090000000000000011,0.005000000000000001,-0.001,-3.7541047902938037e-05,1.6292741956026805e-05,-0.00043079192256251399
1037,-0.0080000000000000002,0.005000000000000001,-0.001,-4.4712720160148192e-05,2.4355339494569535e-05,-0.00054783067916958463
1038,-0.0069999999999999993,0.005000000000000001,-0.001,-5.1859238973173226e-05,3.4502665570896766e-05,-0.0006725684519788966
1039,-0.0060000000000000001,0.005000000000000001,-0.001,-5.8110549765715019e-05,4.695109983323952e-05,-0.00080303935587912767
1040,-0.005000000000000001,0.005000000000000001,-0.001,-6.2556121844228773e-05,6.1808120261807649e-05,-0.00093618956499052673
1041,-0.0040000000000000001,0.005000000000000001,-0.001,-6.3795518783362672e-05,7.9033415713077759e-05,-0.0010676029988103538
1042,-0.0029999999999999992,0.005000000000000001,-0.001,-6.0579553441211442e-05,9.7971315275895818e-05,-0.0011915111435372191
1043,-0.0019999999999999983,0.005000000000000001,-0.001,-5.1297291084672662e-05,0.00011762001561134475,-0.0013007781233541533
1044,-0.0010000000000000009,0.005000000000000001,-0.001,-3.5207587328439366e-05,0.00013558786149192839,-0.001386793055134892
1045,0,0.005000000000000001,-0.001,-1.3063886330916334e-05,0.00014807287801508966,-0.001442494303272558
1046,0.0010000000000000009,0.005000000000000001,-0.001,1.1286489031291639e-05,0.00015413658922384311,-0.0014647531977812114
1047,0.0019999999999999983,0.005000000000000001,-0.001,3.4499658495889546e-05,0.00015461678883551007,-0.0014512257792399764
1048,0.0029999999999999992,0.005000000000000001,-0.001,5.5824365045636182e-05,0.00015037102817655348,-0.0014020620078598832
1049,0.0040000000000000001,0.005000000000000001,-0.001,7.3825665477821509e-05,0.00014070477284006041,-0.0013189055657058821
1050,0.005000000000000001,0.005000000000000001,-0.001,8.6593046788755788e-05,0.00012461642373935342,-0.0012054848707949159
1051,0.0060000000000000019,0.005000000000000001,-0.001,9.2120767501156168e-05,0.00010368871960397667,-0.0010684808616198598
1052,0.0069999999999999993,0.005000000000000001,-0.001,9.063119129703196e-05,8.1215031293499775e-05,-0.00091720577130836964
1053,0.0080000000000000002,0.005000000000000001,-0.001,8.3807214387884702e-05,6.0156947590400872e-05,-0.00076043721321236572
1054,0.0090000000000000011,0.005000000000000001,-0.001,7.3734828422414742e-05,4.2068363255288009e-05,-0.00060524944584083428
1055,0.0099999999999999985,0.005000000000000001,-0.001,6.2291355531671666e-05,2.7586484497570528e-05,-0.00045689931114801667
1056,0.010999999999999999,0.005000000000000001,-0.001,5.0866859121806902e-05,1.6780112962030462e-05,-0.00031917988459189507
1057,0.012,0.005000000000000001,-0.001,3.9757584371581641e-05,8.5822188301748993e-06,-0.00019629919381513477
1058,0.013000000000000001,0.005000000000000001,-0.001,2.979579578854932e-05,3.1156524387481598e-06,-9.195220015831652e-05
1059,0.014000000000000002,0.005000000000000001,-0.001,1.3076304353057981e-05,-5.3217811649536148e-08,-2.2455454135823562e-05
1060,0.015000000000000003,0.005000000000000001,-0.001,0,0,0
1061,0.016000000000000004,0.005000000000000001,-0.001,0,0,0
1062,0.016999999999999998,0.005000000000000001,-0.001,0,0,0
1063,0.017999999999999999,0.005000000000000001,-0.001,0,0,0
1064,0.019,0.005000000000000001,-0.001,0,0,0
1065,0.02,0.005000000000000001,-0.001,0,0,0
1066,-0.02,0.0060000000000000019,-0.001,0,0,0
1067,-0.019,0.0060000000000000019,-0.001,0,0,0
1068,-0.018000000000000002,0.0060000000000000019,-0.001,0,0,0
1069,-0.017000000000000001,0.0060000000000000019,-0.001,0,0,0
1070,-0.016,0.0060000000000000019,-0.001,0,0,0
1071,-0.014999999999999999,0.0060000000000000019,-0.001,0,0,0
1072,-0.014,0.0060000000000000019,-0.001,-5.8441248346556871e-06,-3.1673563210232857e-07,-1.213157653502137e-05
1073,-0.013000000000000001,0.0060000000000000019,-0.001,-1.3095131238315077e-05,9.6257336088931708e-07,-5.4130359986754536e-05
1074,-0.012,0.0060000000000000019,-0.001,-1.6851445029762657e-05,3.194798047441156e-06,-0.00011810275405672102
1075,-0.010999999999999999,0.0060000000000000019,-0.001,-2.1292988389867448e-05,6.414723028075822e-06,-0.00019436955773036272
1076,-0.01,0.0060000000000000019,-0.001,-2.6051840437412167e-05,1.0880541473150662e-05,-0.0002812626883321517
1077,-0.0090000000000000011,0.0060000000000000019,-0.001,-3.123649072719597e-05,1.7036788956666414e-05,-0.00037663684106357823
1078,-0.0080000000000000002,0.0060000000000000019,-0.001,-3.6534335277769462e-05,2.4869727573834702e-05,-0.00047912933783536289
1079,-0.0069999999999999993,0.0060000000000000019,-0.001,-4.1529621682107406e-05,3.4427838217824368e-05,-0.00058709932382633684
1080,-0.0060000000000000001,0.0060000000000000019,-0.001,-4.5507489440556616e-05,4.5744903174651815e-05,-0.00069831273836945974
1081,-0.005000000000000001,0.0060000000000000019,-0.001,-4.7687149579063768e-05,5.8621237373982293e-05,-0.00080965439641984024
1082,-0.0040000000000000001,0.0060000000000000019,-0.001,-4.7141152484090975e-05,7.2672297413981909e-05,-0.00091703758640615334
1083,-0.0029999999999999992,0.0060000000000000019,-0.001,-4.314030534355917e-05,8.7122241386515604e-05,-0.0010155205718411545
1084,-0.0019999999999999983,0.0060000000000000019,-0.001,-3.5142757006505221e-05,0.00010092136278237752,-0.0010997166425783479
1085,-0.0010000000000000009,0.0060000000000000019,-0.001,-2.320871619991587e-05,0.00011269721063191445,-0.0011641267907513107
1086,0,0.0060000000000000019,-0.001,-8.2170889768238144e-06,0.0001208934007051725,-0.0012042432160360595
1087,0.0010000000000000009,0.0060000000000000019,-0.001,7.9705137909357897e-06,0.00012487636466337778,-0.0012179520130764165
1088,0.0019999999999999983,0.0060000000000000019,-0.001,2.3797198900662141e-05,0.00012498142053316775,-0.001203931540859391
1089,0.0029999999999999992,0.0060000000000000019,-0.001,3.8618427955870762e-05,0.00012158132092652842,-0.0011626711047704669
1090,0.0040000000000000001,0.0060000000000000019,-0.001,5.1259337405470952e-05,0.00011415937473564645,-0.0010952881459184796
1091,0.005000000000000001,0.0060000000000000019,-0.001,6.07551640228158e-05,0.00010256434353680366,-0.0010045437083618109
1092,0.0060000000000000019,0.0060000000000000019,-0.001,6.5939294859384488e-05,8.7562268342919743e-05,-0.00089513232549905369
1093,0.0069999999999999993,0.0060000000000000019,-0.001,6.6703688935062266e-05,7.0858408450423933e-05,-0.00077303556410467794
1094,0.0080000000000000002,0.0060000000000000019,-0.001,6.3552882176499823e-05,5.4292941541287252e-05,-0.0006443349152063573
1095,0.0090000000000000011,0.0060000000000000019,-0.001,5.7620292102296555e-05,3.9232686737424956e-05,-0.00051466655816580849
1096,0.0099999999999999985,0.0060000000000000019,-0.001,4.9996657403768623e-05,2.6474900213069304e-05,-0.00038879924000978652
1097,0.010999999999999999,0.0060000000000000019,-0.001,4.1750076842529957e-05,1.6416792339126405e-05,-0.00027086463961620191
1098,0.012,0.0060000000000000019,-0.001,3.3099311677410927e-05,8.5088943387589411e-06,-0.00016556622665631944
1099,0.013000000000000001,0.0060000000000000019,-0.001,2.4960420072734069e-05,3.1006442820901115e-06,-7.6923981125791473e-05
1100,0.014000000000000002,0.0060000000000000019,-0.001,1.10006161898946e-05,3.2099258894104333e-08,-1.8666178759547838e-05
1101,0.015000000000000003,0.0060000000000000019,-0.001,0,0,0
1102,0.016000000000000004,0.0060000000000000019,-0.001,0,0,0
1103,0.016999999999999998,0.0060000000000000019,-0.001,0,0,0
1104,0.017999999999999999,0.0060000000000000019,-0.001,0,0,0
1105,0.019,0.0060000000000000019,-0.001,0,0,0
1106,0.02,0.0060000000000000019,-0.001,0,0,0
1107,-0.02,0.0069999999999999993,-0.001,0,0,0
1108,-0.019,0.0069999999999999993,-0.001,0,0,0
1109,-0.018000000000000002,0.0069999999999999993,-0.001,0,0,0
1110,-0.017000000000000001,0.0069999999999999993,-0.001,0,0,0
1111,-0.016,0.0069999999999999993,-0.001,0,0,0
1112,-0.014999999999999999,0.0069999999999999993,-0.001,0,0,0
1113,-0.014,0.0069999999999999993,-0.001,-4.6680921348843667e-06,-2.0570979177864646e-07,-9.6888928824192507e-06
1114,-0.013000000000000001,0.0069999999999999993,-0.001,-1.05774540874621e-05,1.0126587401085974e-06,-4.393693854064089e-05
1115,-0.012,0.0069999999999999993,-0.001,-1.3793050465822105e-05,3.3025817599020269e-06,-9.7374339287539775e-05
1116,-0.010999999999999999,0.0069999999999999993,-0.001,-1.7472350489778393e-05,6.6169841999784318e-06,-0.00016238280120732973
1117,-0.01,0.0069999999999999993,-0.001,-2.1182597879859328e-05,1.1043574362134706e-05,-0.0002371328496971028
1118,-0.0090000000000000011,0.0069999999999999993,-0.001,-2.5013161670556583e-05,1.6911316802196277e-05,-0.00031920455996735131
1119,-0.0080000000000000002,0.0069999999999999993,-0.001,-2.8711430978739167e-05,2.4144857372887741e-05,-0.00040692112664331262
1120,-0.0069999999999999993,0.0069999999999999993,-0.001,-3.196508365746178e-05,3.2704517656753655e-05,-0.00049843257049749824
1121,-0.0060000000000000001,0.0069999999999999993,-0.001,-3.4264187963022834e-05,4.2525388381001307e-05,-0.00059148603254144611
1122,-0.005000000000000001,0.0069999999999999993,-0.001,-3.5052715128602937e-05,5.3316863858160036e-05,-0.00068319216029210554
1123,-0.0040000000000000001,0.0069999999999999993,-0.001,-3.3781148081140808e-05,6.4587059771194135e-05,-0.00077007109124938716
1124,-0.0029999999999999992,0.0069999999999999993,-0.001,-3.007531077935862e-05,7.5628119068108293e-05,-0.00084819058680058324
1125,-0.0019999999999999983,0.0069999999999999993,-0.001,-2.3831154763973036e-05,8.561104556947341e-05,-0.00091355463927007244
1126,-0.0010000000000000009,0.0069999999999999993,-0.001,-1.5300092724354984e-05,9.3745213617994622e-05,-0.00096245220006618414
1127,0,0.0069999999999999993,-0.001,-5.0855573426887823e-06,9.9366927414384164e-05,-0.00099182535708145728
1128,0.0010000000000000009,0.0069999999999999993,-0.001,5.9004091025546046e-06,0.00010210898563916151,-0.001000124533594302
1129,0.0019999999999999983,0.0069999999999999993,-0.001,1.6772959080442571e-05,0.00010197810218369964,-0.00098669061546374716
1130,0.0029999999999999992,0.0069999999999999993,-0.001,2.6964017058654651e-05,9.899473452203313e-05,-0.00095192606604099057
1131,0.0040000000000000001,0.0069999999999999993,-0.001,3.5787787609652127e-05,9.3010033702667805e-05,-0.00089691508794584784
1132,0.005000000000000001,0.0069999999999999993,-0.001,4.2600927719975059e-05,8.4208877757030055e-05,-0.00082391110983764829
1133,0.0060000000000000019,0.0069999999999999993,-0.001,4.6933480952402978e-05,7.3078824175275547e-05,-0.0007361426790696477
1134,0.0069999999999999993,0.0069999999999999993,-0.001,4.8492558979614578e-05,6.0447071876755618e-05,-0.00063755115079058866
1135,0.0080000000000000002,0.0069999999999999993,-0.001,4.7360114362270529e-05,4.7476630655637017e-05,-0.00053254870279924316
1136,0.0090000000000000011,0.0069999999999999993,-0.001,4.4007949704759679e-05,3.5200628560922239e-05,-0.00042554735493161526
1137,0.0099999999999999985,0.0069999999999999993,-0.001,3.9075284287246882e-05,2.4324444251274815e-05,-0.00032076024276502419
1138,0.010999999999999999,0.0069999999999999993,-0.001,3.3259177479764224e-05,1.5379230734417205e-05,-0.0002222367706143873
1139,0.012,0.0069999999999999993,-0.001,2.6632532118504067e-05,8.0875058860152928e-06,-0.00013461055634274722
1140,0.013000000000000001,0.0069999999999999993,-0.001,2.0094017737801057e-05,2.9951528756743386e-06,-6.1835234809547287e-05
1141,0.014000000000000002,0.0069999999999999993,-0.001,8.8609929436510412e-06,1.5984873369544325e-07,-1.4870725174059055e-05
1142,0.015000000000000003,0.0069999999999999993,-0.001,0,0,0
1143,0.016000000000000004,0.0069999999999999993,-0.001,0,0,0
1144,0.016999999999999998,0.0069999999999999993,-0.001,0,0,0
1145,0.017999999999999999,0.0069999999999999993,-0.001,0,0,0
1146,0.019,0.0069999999999999993,-0.001,0,0,0
1147,0.02,0.0069999999999999993,-0.001,0,0,0
1148,-0.02,0.0080000000000000002,-0.001,0,0,0
1149,-0.019,0.0080000000000000002,-0.001,0,0,0
1150,-0.018000000000000002,0.0080000000000000002,-0.001,0,0,0
1151,-0.017000000000000001,0.0080000000000000002,-0.001,0,0,0
1152,-0.016,0.0080000000000000002,-0.001,0,0,0
1153,-0.014999999999999999,0.0080000000000000002,-0.001,0,0,0
1154,-0.014,0.0080000000000000002,-0.001,-3.4720729374888712e-06,-8.9701304257247104e-08,-7.3219706404851912e-06
1155,-0.013000000000000001,0.0080000000000000002,-0.001,-8.0183026404110213e-06,1.0126269914093456e-06,-3.3879560284383584e-05
1156,-0.012,0.0080000000000000002,-0.001,-1.0705264447583016e-05,3.2800652523450942e-06,-7.658995730947645e-05
1157,-0.010999999999999999,0.0080000000000000002,-0.001,-1.3662716358775437e-05,6.5358873744753334e-06,-0.00012993292475154428
1158,-0.01,0.0080000000000000002,-0.001,-1.6449538228736209e-05,1.0714159132886131e-05,-0.00019212313196717703
1159,-0.0090000000000000011,0.0080000000000000002,-0.001,-1.9145763880443892e-05,1.6076590109205184e-05,-0.00026070292769483981
1160,-0.0080000000000000002,0.0080000000000000002,-0.001,-2.1569324327140857e-05,2.2496564899373053e-05,-0.00033383585075027567
1161,-0.0069999999999999993,0.0080000000000000002,-0.001,-2.3509240638552099e-05,2.9865584723877596e-05,-0.00040961011537497669
1162,-0.0060000000000000001,0.0080000000000000002,-0.001,-2.4641280232233072e-05,3.8067105352732357e-05,-0.00048589498948467254
1163,-0.005000000000000001,0.0080000000000000002,-0.001,-2.4619564700474498e-05,4.6818732796808224e-05,-0.00056016188950991689
1164,-0.0040000000000000001,0.0080000000000000002,-0.001,-2.3153267838578302e-05,5.569228688734209e-05,-0.0006295420705331186
1165,-0.0029999999999999992,0.0080000000000000002,-0.001,-2.0097699286971391e-05,6.4129404042473248e-05,-0.00069101144022765549
1166,-0.0019999999999999983,0.0080000000000000002,-0.001,-1.55099146453033e-05,7.1537329334082862e-05,-0.00074160952153701524
1167,-0.0010000000000000009,0.0080000000000000002,-0.001,-9.6594743764626975e-06,7.7419497712431502e-05,-0.00077875822059842738
1168,0,0.0080000000000000002,-0.001,-2.917627128342059e-06,8.1424509860083703e-05,-0.00080042983525084187
1169,0.0010000000000000009,0.0080000000000000002,-0.001,4.3195704469525291e-06,8.3311306732186663e-05,-0.00080537749478065722
1170,0.0019999999999999983,0.0080000000000000002,-0.001,1.1610368096755976e-05,8.2975575471808021e-05,-0.00079323917965116086
1171,0.0029999999999999992,0.0080000000000000002,-0.001,1.8505859864764084e-05,8.0371727577050698e-05,-0.00076437339328585478
1172,0.0040000000000000001,0.0080000000000000002,-0.001,2.4549202838322275e-05,7.5581940515634212e-05,-0.00071981955098558259
1173,0.005000000000000001,0.0080000000000000002,-0.001,2.9449327233360579e-05,6.8828260860470526e-05,-0.00066127691386013549
1174,0.0060000000000000019,0.0080000000000000002,-0.001,3.2878292019501373e-05,6.0368897232812483e-05,-0.00059102841694940193
1175,0.0069999999999999993,0.0080000000000000002,-0.001,3.4582722724150188e-05,5.0713845263453103e-05,-0.00051189520152360309
1176,0.0080000000000000002,0.0080000000000000002,-0.001,3.4455227500859989e-05,4.0596592120892813e-05,-0.00042716948178332637
1177,0.0090000000000000011,0.0080000000000000002,-0.001,3.2698093019644204e-05,3.0706538934937097e-05,-0.00034037017510827109
1178,0.0099999999999999985,0.0080000000000000002,-0.001,2.9605757860805923e-05,2.1652188599552278e-05,-0.00025517032894901401
1179,0.010999999999999999,0.0080000000000000002,-0.001,2.5573066070812193e-05,1.3942040770528009e-05,-0.00017518922961355901
1180,0.012,0.0080000000000000002,-0.001,2.0570798777947111e-05,7.4557674875822955e-06,-0.00010472969341005102
1181,0.013000000000000001,0.0080000000000000002,-0.001,1.5377980328350434e-05,2.8153288123594679e-06,-4.7366753004710147e-05
1182,0.014000000000000002,0.0080000000000000002,-0.001,6.7481861962591924e-06,2.8827627003879867e-07,-1.1253227091003749e-05
1183,0.015000000000000003,0.0080000000000000002,-0.001,0,0,0
1184,0.016000000000000004,0.0080000000000000002,-0.001,0,0,0
1185,0.016999999999999998,0.0080000000000000002,-0.001,0,0,0
1186,0.017999999999999999,0.0080000000000000002,-0.001,0,0,0
1187,0.019,0.0080000000000000002,-0.001,0,0,0
1188,0.02,0.0080000000000000002,-0.001,0,0,0
1189,-0.02,0.0090000000000000011,-0.001,0,0,0
1190,-0.019,0.0090000000000000011,-0.001,0,0,0
1191,-0.018000000000000002,0.0090000000000000011,-0.001,0,0,0
1192,-0.017000000000000001,0.0090000000000000011,-0.001,0,0,0
1193,-0.016,0.0090000000000000011,-0.001,0,0,0
1194,-0.014999999999999999,0.0090000000000000011,-0.001,0,0,0
1195,-0.014,0.0090000000000000011,-0.001,-2.3697240494985181e-06,-6.0143230696310934e-09,-5.1936755325107309e-06
1196,-0.013000000000000001,0.0090000000000000011,-0.001,-5.6121833231031915e-06,9.7296709729977408e-07,-2.4511344871908012e-05
1197,-0.012,0.0090000000000000011,-0.001,-7.7695781735303566e-06,3.1152710896093061e-06,-5.6749021068755432e-05
1198,-0.010999999999999999,0.0090000000000000011,-0.001,-1.0037046590436696e-05,6.1766620030671096e-06,-9.8434195432747608e-05
1199,-0.01,0.0090000000000000011,-0.001,-1.202584088092434e-05,9.967061429536462e-06,-0.00014800272534559803
1200,-0.0090000000000000011,0.0090000000000000011,-0.001,-1.3811461809302561e-05,1.4705523142042971e-05,-0.00020319562853884514
1201,-0.0080000000000000002,0.0090000000000000011,-0.001,-1.5269710546112469e-05,2.0234333105169627e-05,-0.00026218721358581406
1202,-0.0069999999999999993,0.0090000000000000011,-0.001,-1.6281940143110984e-05,2.6400072461310472e-05,-0.00032313060806363957
1203,-0.0060000000000000001,0.0090000000000000011,-0.001,-1.666529963093419e-05,3.3060702983303336e-05,-0.00038409259332176335
1204,-0.005000000000000001,0.0090000000000000011,-0.001,-1.6235064150465372e-05,3.9974385797547711e-05,-0.00044292845466372365
1205,-0.0040000000000000001,0.0090000000000000011,-0.001,-1.4856953883344199e-05,4.6802436194571616e-05,-0.00049732156603954965
1206,-0.0029999999999999992,0.0090000000000000011,-0.001,-1.2532249583663022e-05,5.3153985819055122e-05,-0.00054493371554793974
1207,-0.0019999999999999983,0.0090000000000000011,-0.001,-9.3892387989914243e-06,5.8653729941846586e-05,-0.00058362061033433534
1208,-0.0010000000000000009,0.0090000000000000011,-0.001,-5.6102184193910684e-06,6.2972019286737009e-05,-0.00061154490033400451
1209,0,0.0090000000000000011,-0.001,-1.3854641236424075e-06,6.5869771875708954e-05,-0.00062735792112758799
1210,0.0010000000000000009,0.0090000000000000011,-0.001,3.1290062783274432e-06,6.7179197627701342e-05,-0.00063021929316879252
1211,0.0019999999999999983,0.0090000000000000011,-0.001,7.7592404067723242e-06,6.678642227383315e-05,-0.00061981097996273698
1212,0.0029999999999999992,0.0090000000000000011,-0.001,1.2257592488789316e-05,6.4692920919369039e-05,-0.00059641516481466928
1213,0.0040000000000000001,0.0090000000000000011,-0.001,1.6307880687587312e-05,6.0960046371850654e-05,-0.00056085907036934905
1214,0.005000000000000001,0.0090000000000000011,-0.001,1.9704023914755704e-05,5.5787206396660457e-05,-0.00051445664699578328
1215,0.0060000000000000019,0.0090000000000000011,-0.001,2.2294411362820628e-05,4.9362836202824553e-05,-0.00045893750200894925
1216,0.0069999999999999993,0.0090000000000000011,-0.001,2.3830433693771787e-05,4.1969789220662094e-05,-0.00039643516135424138
1217,0.0080000000000000002,0.0090000000000000011,-0.001,2.4188177664254042e-05,3.4088917772628758e-05,-0.00032949401855939604
1218,0.0090000000000000011,0.0090000000000000011,-0.001,2.3388586909238651e-05,2.6197732115414682e-05,-0.00026093640408596892
1219,0.0099999999999999985,0.0090000000000000011,-0.001,2.1519422200796983e-05,1.8774125863447445e-05,-0.00019379589135551256
1220,0.010999999999999999,0.0090000000000000011,-0.001,1.8776302981148421e-05,1.2272682858673515e-05,-0.00013125528756528391
1221,0.012,0.0090000000000000011,-0.001,1.507205846421602e-05,6.6723988396045727e-06,-7.703199507429304e-05
1222,0.013000000000000001,0.0090000000000000011,-0.001,1.1028942479233583e-05,2.5669642510519326e-06,-3.4144195679661714e-05
1223,0.014000000000000002,0.0090000000000000011,-0.001,4.7930649818444002e-06,3.6721616527618816e-07,-7.9995135545704793e-06
1224,0.015000000000000003,0.0090000000000000011,-0.001,0,0,0
1225,0.016000000000000004,0.0090000000000000011,-0.001,0,0,0
1226,0.016999999999999998,0.0090000000000000011,-0.001,0,0,0
1227,0.017999999999999999,0.0090000000000000011,-0.001,0,0,0
1228,0.019,0.0090000000000000011,-0.001,0,0,0
1229,0.02,0.0090000000000000011,-0.001,0,0,0
1230,-0.02,0.0099999999999999985,-0.001,0,0,0
1231,-0.019,0.0099999999999999985,-0.001,0,0,0
1232,-0.018000000000000002,0.0099999999999999985,-0.001,0,0,0
1233,-0.017000000000000001,0.0099999999999999985,-0.001,0,0,0
1234,-0.016,0.0099999999999999985,-0.001,0,0,0
1235,-0.014999999999999999,0.0099999999999999985,-0.001,0,0,0
1236,-0.014,0.0099999999999999985,-0.001,-1.559042953004649e-06,1.5649602353586731e-08,-3.4204041558764358e-06
1237,-0.013000000000000001,0.0099999999999999985,-0.001,-3.6163729576870274e-06,8.9670491277342214e-07,-1.6332848649002548e-05
1238,-0.012,0.0099999999999999985,-0.001,-5.1887058183864339e-06,2.8050551841695723e-06,-3.8866533130639031e-05
1239,-0.010999999999999999,0.0099999999999999985,-0.001,-6.815924536348717e-06,5.522902785057137e-06,-6.9333814648889615e-05
1240,-0.01,0.0099999999999999985,-0.001,-8.131547322292408e-06,8.8554189917165601e-06,-0.00010656331045218512
1241,-0.0090000000000000011,0.0099999999999999985,-0.001,-9.2005125794067336e-06,1.291452341786618e-05,-0.00014870954118675954
1242,-0.0080000000000000002,0.0099999999999999985,-0.001,-9.9661780686148333e-06,1.7568919385430717e-05,-0.0001941294461512622
1243,-0.0069999999999999993,0.0099999999999999985,-0.001,-1.0374284366442512e-05,2.2627022920268441e-05,-0.00024115958596312499
1244,-0.0060000000000000001,0.0099999999999999985,-0.001,-1.0343441044710135e-05,2.7941563000544977e-05,-0.0002881184884259765
1245,-0.005000000000000001,0.0099999999999999985,-0.001,-9.8039268611692433e-06,3.3319242435564466e-05,-0.00033322990407893925
1246,-0.0040000000000000001,0.0099999999999999985,-0.001,-8.7313201906296101e-06,3.8514839587040147e-05,-0.00037466882989919769
1247,-0.0029999999999999992,0.0099999999999999985,-0.001,-7.1721963381020545e-06,4.3257910304417236e-05,-0.00041065142573733145
1248,-0.0019999999999999983,0.0099999999999999985,-0.001,-5.2015382514439469e-06,4.7312638565991619e-05,-0.00043958920853447175
1249,-0.0010000000000000009,0.0099999999999999985,-0.001,-2.9003820650397219e-06,5.0477682401666361e-05,-0.00046018569648907827
1250,0,0.0099999999999999985,-0.001,-3.5990223880030924e-07,5.2570763373913784e-05,-0.00047146952903697229
1251,0.0010000000000000009,0.0099999999999999985,-0.001,2.3384138239797738e-06,5.3458615638114661e-05,-0.00047287272338456134
1252,0.0019999999999999983,0.0099999999999999985,-0.001,5.109842267087999e-06,5.3098405196259384e-05,-0.00046421909961342421
1253,0.0029999999999999992,0.0099999999999999985,-0.001,7.8383952458513069e-06,5.1479825866267537e-05,-0.00044572415752591293
1254,0.0040000000000000001,0.0099999999999999985,-0.001,1.0383745215583837e-05,4.8646065255898607e-05,-0.00041803104801905365
1255,0.005000000000000001,0.0099999999999999985,-0.001,1.2561888773258098e-05,4.4714802716447883e-05,-0.00038218008920179312
1256,0.0060000000000000019,0.0099999999999999985,-0.001,1.4336088756446248e-05,3.985266636196616e-05,-0.00033952046845029993
1257,0.0069999999999999993,0.0099999999999999985,-0.001,1.5568135911396318e-05,3.4215265634984695e-05,-0.0002917059791602749
1258,0.0080000000000000002,0.0099999999999999985,-0.001,1.6089082434979481e-05,2.8090016964727068e-05,-0.00024068352892918889
1259,0.0090000000000000011,0.0099999999999999985,-0.001,1.5833838735864255e-05,2.1820708521072797e-05,-0.00018867352386945483
1260,0.0099999999999999985,0.0099999999999999985,-0.001,1.4768216078034617e-05,1.5805602160090429e-05,-0.00013816583866521485
1261,0.010999999999999999,0.0099999999999999985,-0.001,1.2959100554166362e-05,1.0417202524517226e-05,-9.1808200616950189e-05
1262,0.012,0.0099999999999999985,-0.001,1.0314593549888875e-05,5.7378142833213937e-06,-5.2567128037583486e-05
1263,0.013000000000000001,0.0099999999999999985,-0.001,7.3223299759550823e-06,2.226827167682822e-06,-2.2742128701255738e-05
1264,0.014000000000000002,0.0099999999999999985,-0.001,3.1613678795841402e-06,3.543684643989953e-07,-5.267074920093119e-06
1265,0.015000000000000003,0.0099999999999999985,-0.001,0,0,0
1266,0.016000000000000004,0.0099999999999999985,-0.001,0,0,0
1267,0.016999999999999998,0.0099999999999999985,-0.001,0,0,0
1268,0.017999999999999999,0.0099999999999999985,-0.001,0,0,0
1269,0.019,0.0099999999999999985,-0.001,0,0,0
1270,0.02,0.0099999999999999985,-0.001,0,0,0
1271,-0.02,0.010999999999999999,-0.001,0,0,0
1272,-0.019,0.010999999999999999,-0.001,0,0,0
1273,-0.018000000000000002,0.010999999999999999,-0.001,0,0,0
1274,-0.017000000000000001,0.010999999999999999,-0.001,0,0,0
1275,-0.016,0.010999999999999999,-0.001,0,0,0
1276,-0.014999999999999999,0.010999999999999999,-0.001,0,0,0
1277,-0.014,0.010999999999999999,-0.001,-9.3207532027915949e-07,-3.3240180329584526e-08,-2.0261313822993314e-06
1278,-0.013000000000000001,0.010999999999999999,-0.001,-2.1696570097625736e-06,7.601357698392523e-07,-9.7728643667024069e-06
1279,-0.012,0.010999999999999999,-0.001,-3.1373037300532163e-06,2.373369213527381e-06,-2.3865490949450953e-05
1280,-0.010999999999999999,0.010999999999999999,-0.001,-4.1323502190352209e-06,4.6223579848557955e-06,-4.4037898119252883e-05
1281,-0.01,0.010999999999999999,-0.001,-4.9270429983636032e-06,7.4403014144172535e-06,-6.9603329411261971e-05
1282,-0.0090000000000000011,0.010999999999999999,-0.001,-5.5071917911991603e-06,1.0833854644258351e-05,-9.9284253652626728e-05
1283,-0.0080000000000000002,0.010999999999999999,-0.001,-5.8290089458728566e-06,1.4692009651533168e-05,-0.00013178026586277241
1284,-0.0069999999999999993,0.010999999999999999,-0.001,-5.9097704737941168e-06,1.881493571989645e-05,-0.00016572984392029816
1285,-0.0060000000000000001,0.010999999999999999,-0.001,-5.741618067837734e-06,2.3047109717782255e-05,-0.00019977405035262824
1286,-0.005000000000000001,0.010999999999999999,-0.001,-5.3216183265523822e-06,2.7231324810354354e-05,-0.00023252240430306632
1287,-0.0040000000000000001,0.010999999999999999,-0.001,-4.6463180573528549e-06,3.1182304819701822e-05,-0.00026258364329420799
1288,-0.0029999999999999992,0.010999999999999999,-0.001,-3.7178148749302312e-06,3.4695731447539194e-05,-0.00028862432376102002
1289,-0.0019999999999999983,0.010999999999999999,-0.001,-2.5625342856389959e-06,3.7629412003546244e-05,-0.00030944124830463112
1290,-0.0010000000000000009,0.010999999999999999,-0.001,-1.2240434259388565e-06,3.9892275688560078e-05,-0.00032406180089902711
1291,0,0.010999999999999999,-0.001,2.6961670618412455e-07,4.1377173938901233e-05,-0.00033179301480808644
1292,0.0010000000000000009,0.010999999999999999,-0.001,1.8383446858308144e-06,4.1997915751248064e-05,-0.00033222729555362529
1293,0.0019999999999999983,0.010999999999999999,-0.001,3.4028217899258993e-06,4.1716567206912696e-05,-0.00032529659049302767
1294,0.0029999999999999992,0.010999999999999999,-0.001,4.9266317393701953e-06,4.0523796581987524e-05,-0.00031123785052073166
1295,0.0040000000000000001,0.010999999999999999,-0.001,6.3490804575043874e-06,3.841605858832332e-05,-0.00029058371678916006
1296,0.005000000000000001,0.010999999999999999,-0.001,7.6044606778485976e-06,3.5445570551353345e-05,-0.00026416267793033911
1297,0.0060000000000000019,0.010999999999999999,-0.001,8.6462660422392266e-06,3.1763968598514079e-05,-0.00023303582757068381
1298,0.0069999999999999993,0.010999999999999999,-0.001,9.48530842954453e-06,2.7422486647946163e-05,-0.00019846043632179547
1299,0.0080000000000000002,0.010999999999999999,-0.001,9.9565134607722158e-06,2.2631901138497939e-05,-0.00016189604334677831
1300,0.0090000000000000011,0.010999999999999999,-0.001,9.9399767142456427e-06,1.7645715865587415e-05,-0.00012502884592977622
1301,0.0099999999999999985,0.010999999999999999,-0.001,9.351099658866997e-06,1.2803764136374099e-05,-8.9781178695130172e-05
1302,0.010999999999999999,0.010999999999999999,-0.001,8.206056769267827e-06,8.4280497839488932e-06,-5.816830634344609e-05
1303,0.012,0.010999999999999999,-0.001,6.458992623288886e-06,4.6630373651460886e-06,-3.2299989884395851e-05
1304,0.013000000000000001,0.010999999999999999,-0.001,4.3912002626045586e-06,1.7611832977096354e-06,-1.3649072840458397e-05
1305,0.014000000000000002,0.010999999999999999,-0.001,1.8953497120610078e-06,2.8023184882274883e-07,-3.1093135761289901e-06
1306,0.015000000000000003,0.010999999999999999,-0.001,0,0,0
1307,0.016000000000000004,0.010999999999999999,-0.001,0,0,0
1308,0.016999999999999998,0.010999999999999999,-0.001,0,0,0
1309,0.017999999999999999,0.010999999999999999,-0.001,0,0,0
1310,0.019,0.010999999999999999,-0.001,0,0,0
1311,0.02,0.010999999999999999,-0.001,0,0,0
1312,-0.02,0.012,-0.001,0,0,0
1313,-0.019,0.012,-0.001,0,0,0
1314,-0.018000000000000002,0.012,-0.001,0,0,0
1315,-0.017000000000000001,0.012,-0.001,0,0,0
1316,-0.016,0.012,-0.001,0,0,0
1317,-0.014999999999999999,0.012,-0.001,0,0,0
1318,-0.014,0.012,-0.001,-3.7065564231167396e-07,-1.0485664492518807e-07,-9.8128979825153456e-07
1319,-0.013000000000000001,0.012,-0.001,-9.968525471639111e-07,5.0183517902210495e-07,-4.9954087650300095e-06
1320,-0.012,0.012,-0.001,-1.5316953345971702e-06,1.7936236875781378e-06,-1.2528279886059913e-05
1321,-0.010999999999999999,0.012,-0.001,-2.0006611095721945e-06,3.4983109548335763e-06,-2.3936913313056154e-05
1322,-0.01,0.012,-0.001,-2.3278606963194762e-06,5.6684670276401197e-06,-3.9134201528594798e-05
1323,-0.0090000000000000011,0.012,-0.001,-2.5467945865207757e-06,8.4032608081764139e-06,-5.7406732110416391e-05
1324,-0.0080000000000000002,0.012,-0.001,-2.6373802064041176e-06,1.154373556770199e-05,-7.7896318631144026e-05
1325,-0.0069999999999999993,0.012,-0.001,-2.6053377626427136e-06,1.4901143906834222e-05,-9.9639564848118947e-05
1326,-0.0060000000000000001,0.012,-0.001,-2.4638769202142421e-06,1.8304918700826032e-05,-0.00012166871496055571
1327,-0.005000000000000001,0.012,-0.001,-2.2022337846069262e-06,2.161144470598692e-05,-0.00014300945362487403
1328,-0.0040000000000000001,0.012,-0.001,-1.8158021286749624e-06,2.4676528082693018e-05,-0.00016269251536503432
1329,-0.0029999999999999992,0.012,-0.001,-1.3280338902349811e-06,2.7345481298261777e-05,-0.00017979755824170992
1330,-0.0019999999999999983,0.012,-0.001,-7.56281200790498e-07,2.9509720484218447e-05,-0.00019348065842776047
1331,-0.0010000000000000009,0.012,-0.001,-1.0595905414561637e-07,3.1124058355281784e-05,-0.00020301489988743622
1332,0,0.012,-0.001,5.9653424569116359e-07,3.2158216985304385e-05,-0.00020786809046738781
1333,0.0010000000000000009,0.012,-0.001,1.3255567456384237e-06,3.2571719481454554e-05,-0.00020776543504352082
1334,0.0019999999999999983,0.012,-0.001,2.0517334426310719e-06,3.2339109649800249e-05,-0.00020269722874144237
1335,0.0029999999999999992,0.012,-0.001,2.7458428501078864e-06,3.142653516741755e-05,-0.0001929304265154822
1336,0.0040000000000000001,0.012,-0.001,3.4058455359721492e-06,2.9803396192371058e-05,-0.00017894602218711153
1337,0.005000000000000001,0.012,-0.001,4.0035306834829285e-06,2.7501319437738386e-05,-0.00016135938208430283
1338,0.0060000000000000019,0.012,-0.001,4.4788580250021626e-06,2.4609717259261727e-05,-0.00014093001370608243
1339,0.0069999999999999993,0.012,-0.001,4.8575468797265747e-06,2.1167126644097409e-05,-0.00011856088790516979
1340,0.0080000000000000002,0.012,-0.001,5.139529691797611e-06,1.7360169464211242e-05,-9.5234385365307715e-05
1341,0.0090000000000000011,0.012,-0.001,5.2189135668613957e-06,1.3400526537535473e-05,-7.2103145082487674e-05
1342,0.0099999999999999985,0.012,-0.001,4.9892705504250555e-06,9.5972186670525214e-06,-5.0484874930693691e-05
1343,0.010999999999999999,0.012,-0.001,4.4085744017871734e-06,6.2400085579511358e-06,-3.1716994496204882e-05
1344,0.012,0.012,-0.001,3.3909515539880183e-06,3.3750840305692154e-06,-1.7072687136991873e-05
1345,0.013000000000000001,0.012,-0.001,2.203083599519667e-06,1.216116730327763e-06,-7.0378019011826396e-06
1346,0.014000000000000002,0.012,-0.001,9.7857645680775198e-07,1.7686304507255577e-07,-1.5240147385917159e-06
1347,0.015000000000000003,0.012,-0.001,0,0,0
1348,0.016000000000000004,0.012,-0.001,0,0,0
1349,0.016999999999999998,0.012,-0.001,0,0,0
1350,0.017999999999999999,0.012,-0.001,0,0,0
1351,0.019,0.012,-0.001,0,0,0
1352,0.02,0.012,-0.001,0,0,0
1353,-0.02,0.013000000000000001,-0.001,0,0,0
1354,-0.019,0.013000000000000001,-0.001,0,0,0
1355,-0.018000000000000002,0.013000000000000001,-0.001,0,0,0
1356,-0.017000000000000001,0.013000000000000001,-0.001,0,0,0
1357,-0.016,0.013000000000000001,-0.001,0,0,0
1358,-0.014999999999999999,0.013000000000000001,-0.001,0,0,0
1359,-0.014,0.013000000000000001,-0.001,1.2775385943928074e-08,-1.3859684572521505e-07,-2.9191009668881106e-07
1360,-0.013000000000000001,0.013000000000000001,-0.001,-1.3175112854472005e-07,2.2545577532786672e-07,-1.9045463498149565e-06
1361,-0.012,0.013000000000000001,-0.001,-3.3188702739731987e-07,1.1495864010458896e-06,-5.0052558019062306e-06
1362,-0.010999999999999999,0.013000000000000001,-0.001,-5.0485900270245159e-07,2.3898877699273412e-06,-9.8226153245057192e-06
1363,-0.01,0.013000000000000001,-0.001,-5.5189969730820747e-07,3.921875536474888e-06,-1.6483135995820008e-05
1364,-0.0090000000000000011,0.013000000000000001,-0.001,-5.392592444403694e-07,6.0317546575865794e-06,-2.4856868823478413e-05
1365,-0.0080000000000000002,0.013000000000000001,-0.001,-4.9398402261651453e-07,8.5910761768809276e-06,-3.454725973122224e-05
1366,-0.0069999999999999993,0.013000000000000001,-0.001,-4.1636141544315504e-07,1.1351029367147769e-05,-4.5079343248012641e-05
1367,-0.0060000000000000001,0.013000000000000001,-0.001,-2.9916195199032972e-07,1.4122677035157156e-05,-5.5915249822263444e-05
1368,-0.005000000000000001,0.013000000000000001,-0.001,-1.5608247513470559e-07,1.6777206364170037e-05,-6.6511180408696487e-05
1369,-0.0040000000000000001,0.013000000000000001,-0.001,-4.0351807184894249e-10,1.9216025861791299e-05,-7.6346337693189022e-05
1370,-0.0029999999999999992,0.013000000000000001,-0.001,1.6680404690611754e-07,2.1357226091237992e-05,-8.4902116382706282e-05
1371,-0.0019999999999999983,0.013000000000000001,-0.001,3.3919147470008883e-07,2.3109753007419211e-05,-9.1726641886366334e-05
1372,-0.0010000000000000009,0.013000000000000001,-0.001,5.0495390809976981e-07,2.4381201066825616e-05,-9.6463088019465375e-05
1373,0,0.013000000000000001,-0.001,6.6606397720533651e-07,2.512078787767309e-05,-9.8844179752699126e-05
1374,0.0010000000000000009,0.013000000000000001,-0.001,8.2803721707683485e-07,2.5313171462483344e-05,-9.8720683078653025e-05
1375,0.0019999999999999983,0.013000000000000001,-0.001,9.9223586931828363e-07,2.494234183593016e-05,-9.6087566455858717e-05
1376,0.0029999999999999992,0.013000000000000001,-0.001,1.1509500428808202e-06,2.4034331657522874e-05,-9.107958892431696e-05
1377,0.0040000000000000001,0.013000000000000001,-0.001,1.2965143300721571e-06,2.2658233764675185e-05,-8.3939704467933001e-05
1378,0.005000000000000001,0.013000000000000001,-0.001,1.4522293087385183e-06,2.0820403491774528e-05,-7.5034960601048806e-05
1379,0.0060000000000000019,0.013000000000000001,-0.001,1.6405151583036566e-06,1.8515878580237562e-05,-6.4814283134045729e-05
1380,0.0069999999999999993,0.013000000000000001,-0.001,1.8125878523758541e-06,1.5761897974854719e-05,-5.3756870985009822e-05
1381,0.0080000000000000002,0.013000000000000001,-0.001,1.9274001092803906e-06,1.267609861789652e-05,-4.2432446760454813e-05
1382,0.0090000000000000011,0.013000000000000001,-0.001,1.9753871461653751e-06,9.4967174597661972e-06,-3.1468553624577047e-05
1383,0.0099999999999999985,0.013000000000000001,-0.001,1.8997754249980312e-06,6.562087106070157e-06,-2.1512889840465733e-05
1384,0.010999999999999999,0.013000000000000001,-0.001,1.6322995962741215e-06,4.0802487150493237e-06,-1.3209935433774118e-05
1385,0.012,0.013000000000000001,-0.001,1.2042967953765531e-06,2.1167894658821552e-06,-6.9393763577489784e-06
1386,0.013000000000000001,0.013000000000000001,-0.001,7.5310638115188794e-07,7.2385778722721589e-07,-2.7307127136375302e-06
1387,0.014000000000000002,0.013000000000000001,-0.001,2.7760005408804763e-07,5.8459921414152147e-08,-4.814949250178476e-07
1388,0.015000000000000003,0.013000000000000001,-0.001,0,0,0
1389,0.016000000000000004,0.013000000000000001,-0.001,0,0,0
1390,0.016999999999999998,0.013000000000000001,-0.001,0,0,0
1391,0.017999999999999999,0.013000000000000001,-0.001,0,0,0
1392,0.019,0.013000000000000001,-0.001,0,0,0
1393,0.02,0.013000000000000001,-0.001,0,0,0
1394,-0.02,0.014000000000000002,-0.001,0,0,0
1395,-0.019,0.014000000000000002,-0.001,0,0,0
1396,-0.018000000000000002,0.014000000000000002,-0.001,0,0,0
1397,-0.017000000000000001,0.014000000000000002,-0.001,0,0,0
1398,-0.016,0.014000000000000002,-0.001,0,0,0
1399,-0.014999999999999999,0.014000000000000002,-0.001,0,0,0
1400,-0.014,0.014000000000000002,-0.001,1.6661701386470185e-07,-1.5383481551895034e-07,9.9635553964608928e-08
1401,-0.013000000000000001,0.014000000000000002,-0.001,1.7831684635376031e-07,2.1990406276202519e-08,-2.9578508041414148e-07
1402,-0.012,0.014000000000000002,-0.001,1.8431657133559025e-07,4.306450362975704e-07,-9.903634152610306e-07
1403,-0.010999999999999999,0.014000000000000002,-0.001,1.6114142875969291e-07,1.0225289095565194e-06,-2.0481265128510216e-06
1404,-0.01,0.014000000000000002,-0.001,1.6668029734860414e-07,1.6904219385212134e-06,-3.4723325271532487e-06
1405,-0.0090000000000000011,0.014000000000000002,-0.001,2.4624059322486093e-07,2.5587649367966169e-06,-5.3030489175123162e-06
1406,-0.0080000000000000002,0.014000000000000002,-0.001,3.8906832755074495e-07,3.7408141656708216e-06,-7.5256611700930959e-06
1407,-0.0069999999999999993,0.014000000000000002,-0.001,5.6312960401663645e-07,5.0427511409464624e-06,-1.0031388653774449e-05
1408,-0.0060000000000000001,0.014000000000000002,-0.001,7.2819447854269862e-07,6.3532024344357906e-06,-1.2661884218943007e-05
1409,-0.005000000000000001,0.014000000000000002,-0.001,8.4802469847540115e-07,7.6013060838307933e-06,-1.5261121728805074e-05
1410,-0.0040000000000000001,0.014000000000000002,-0.001,8.9981799204192473e-07,8.7376645596437392e-06,-1.7691334237090859e-05
1411,-0.0029999999999999992,0.014000000000000002,-0.001,8.7561478698865483e-07,9.7298065479310541e-06,-1.9831751244316365e-05
1412,-0.0019999999999999983,0.014000000000000002,-0.001,7.8198563138971262e-07,1.0546176878616539e-05,-2.1565278922339179e-05
1413,-0.0010000000000000009,0.014000000000000002,-0.001,6.3280090627284986e-07,1.1148841554317918e-05,-2.279093546186372e-05
1414,0,0.014000000000000002,-0.001,4.4405050177835777e-07,1.1510479370314963e-05,-2.3433447859264473e-05
1415,0.0010000000000000009,0.014000000000000002,-0.001,2.4515214088502198e-07,1.1619764040017128e-05,-2.3450506760589127e-05
1416,0.0019999999999999983,0.014000000000000002,-0.001,7.2013523194246984e-08,1.1459076568682957e-05,-2.2827818849163501e-05
1417,0.0029999999999999992,0.014000000000000002,-0.001,-5.7708960727735634e-08,1.1007857602956274e-05,-2.158629521670457e-05
1418,0.0040000000000000001,0.014000000000000002,-0.001,-1.4965665245111848e-07,1.0297887151433621e-05,-1.9832052042769866e-05
1419,0.005000000000000001,0.014000000000000002,-0.001,-1.869707283948064e-07,9.3803335875102931e-06,-1.7654587502592098e-05
1420,0.0060000000000000019,0.014000000000000002,-0.001,-1.4165536068602066e-07,8.2555922072332352e-06,-1.5161462957748671e-05
1421,0.0069999999999999993,0.014000000000000002,-0.001,-1.9614209047148299e-08,6.9476944456112356e-06,-1.2473755551416315e-05
1422,0.0080000000000000002,0.014000000000000002,-0.001,1.337053543790734e-07,5.5076449633863548e-06,-9.7397966661772356e-06
1423,0.0090000000000000011,0.014000000000000002,-0.001,2.5139968576282883e-07,4.0635611042749146e-06,-7.1446300124098981e-06
1424,0.0099999999999999985,0.014000000000000002,-0.001,2.8880613785857728e-07,2.7827611595386063e-06,-4.8558970047604002e-06
1425,0.010999999999999999,0.014000000000000002,-0.001,2.5685429119679283e-07,1.7524334216082787e-06,-2.9481162884044794e-06
1426,0.012,0.014000000000000002,-0.001,1.7587635985594375e-07,9.2139496333939321e-07,-1.4783885365530242e-06
1427,0.013000000000000001,0.014000000000000002,-0.001,6.083076470268612e-08,2.5447927836951194e-07,-4.7229666884909648e-07
1428,0.014000000000000002,0.014000000000000002,-0.001,-6.4049204476030206e-08,-6.6900575488570488e-08,8.6072533833248458e-08
1429,0.015000000000000003,0.014000000000000002,-0.001,0,0,0
1430,0.016000000000000004,0.014000000000000002,-0.001,0,0,0
1431,0.016999999999999998,0.014000000000000002,-0.001,0,0,0
1432,0.017999999999999999,0.014000000000000002,-0.001,0,0,0
1433,0.019,0.014000000000000002,-0.001,0,0,0
1434,0.02,0.014000000000000002,-0.001,0,0,0
1435,-0.02,0.015000000000000003,-0.001,0,0,0
1436,-0.019,0.015000000000000003,-0.001,0,0,0
1437,-0.018000000000000002,0.015000000000000003,-0.001,0,0,0
1438,-0.017000000000000001,0.015000000000000003,-0.001,0,0,0
1439,-0.016,0.015000000000000003,-0.001,0,0,0
1440,-0.014999999999999999,0.015000000000000003,-0.001,0,0,0
1441,-0.014,0.015000000000000003,-0.001,0,0,0
1442,-0.013000000000000001,0.015000000000000003,-0.001,0,0,0
1443,-0.012,0.015000000000000003,-0.001,0,0,0
1444,-0.010999999999999999,0.015000000000000003,-0.001,0,0,0
1445,-0.01,0.015000000000000003,-0.001,0,0,0
1446,-0.0090000000000000011,0.015000000000000003,-0.001,0,0,0
1447,-0.0080000000000000002,0.015000000000000003,-0.001,0,0,0
1448,-0.0069999999999999993,0.015000000000000003,-0.001,0,0,0
1449,-0.0060000000000000001,0.015000000000000003,-0.001,0,0,0
1450,-0.005000000000000001,0.015000000000000003,-0.001,0,0,0
1451,-0.0040000000000000001,0.015000000000000003,-0.001,0,0,0
1452,-0.0029999999999999992,0.015000000000000003,-0.001,0,0,0
1453,-0.0019999999999999983,0.015000000000000003,-0.001,0,0,0
1454,-0.0010000000000000009,0.015000000000000003,-0.001,0,0,0
1455,0,0.015000000000000003,-0.001,0,0,0
1456,0.0010000000000000009,0.015000000000000003,-0.001,0,0,0
1457,0.0019999999999999983,0.015000000000000003,-0.001,0,0,0
1458,0.0029999999999999992,0.015000000000000003,-0.001,0,0,0
1459,0.0040000000000000001,0.015000000000000003,-0.001,0,0,0
1460,0.005000000000000001,0.015000000000000003,-0.001,0,0,0
1461,0.0060000000000000019,0.015000000000000003,-0.001,0,0,0
1462,0.0069999999999999993,0.015000000000000003,-0.001,0,0,0
1463,0.0080000000000000002,0.015000000000000003,-0.001,0,0,0
1464,0.0090000000000000011,0.015000000000000003,-0.001,0,0,0
1465,0.0099999999999999985,0.015000000000000003,-0.001,0,0,0
1466,0.010999999999999999,0.015000000000000003,-0.001,0,0,0
1467,0.012,0.015000000000000003,-0.001,0,0,0
1468,0.013000000000000001,0.015000000000000003,-0.001,0,0,0
1469,0.014000000000000002,0.015000000000000003,-0.001,0,0,0
1470,0.015000000000000003,0.015000000000000003,-0.001,0,0,0
1471,0.016000000000000004,0.015000000000000003,-0.001,0,0,0
1472,0.016999999999999998,0.015000000000000003,-0.001,0,0,0
1473,0.017999999999999999,0.015000000000000003,-0.001,0,0,0
1474,0.019,0.015000000000000003,-0.001,0,0,0
1475,0.02,0.015000000000000003,-0.001,0,0,0
1476,-0.02,0.016000000000000004,-0.001,0,0,0
1477,-0.019,0.016000000000000004,-0.001,0,0,0
1478,-0.018000000000000002,0.016000000000000004,-0.001,0,0,0
1479,-0.017000000000000001,0.016000000000000004,-0.001,0,0,0
1480,-0.016,0.016000000000000004,-0.001,0,0,0
1481,-0.014999999999999999,0.016000000000000004,-0.001,0,0,0
1482,-0.014,0.016000000000000004,-0.001,0,0,0
1483,-0.013000000000000001,0.016000000000000004,-0.001,0,0,0
1484,-0.012,0.016000000000000004,-0.001,0,0,0
1485,-0.010999999999999999,0.016000000000000004,-0.001,0,0,0
1486,-0.01,0.016000000000000004,-0.001,0,0,0
1487,-0.0090000000000000011,0.016000000000000004,-0.001,0,0,0
1488,-0.0080000000000000002,0.016000000000000004,-0.001,0,0,0
1489,-0.0069999999999999993,0.016000000000000004,-0.001,0,0,0
1490,-0.0060000000000000001,0.016000000000000004,-0.001,0,0,0
1491,-0.005000000000000001,0.016000000000000004,-0.001,0,0,0
1492,-0.0040000000000000001,0.016000000000000004,-0.001,0,0,0
1493,-0.0029999999999999992,0.016000000000000004,-0.001,0,0,0
1494,-0.0019999999999999983,0.016000000000000004,-0.001,0,0,0
1495,-0.0010000000000000009,0.016000000000000004,-0.001,0,0,0
1496,0,0.016000000000000004,-0.001,0,0,0
1497,0.0010000000000000009,0.016000000000000004,-0.001,0,0,0
1498,0.0019999999999999983,0.016000000000000004,-0.001,0,0,0
1499,0.0029999999999999992,0.016000000000000004,-0.001,0,0,0
1500,0.0040000000000000001,0.016000000000000004,-0.001,0,0,0
1501,0.005000000000000001,0.016000000000000004,-0.001,0,0,0
1502,0.0060000000000000019,0.016000000000000004,-0.001,0,0,0
1503,0.0069999999999999993,0.016000000000000004,-0.001,0,0,0
1504,0.0080000000000000002,0.016000000000000004,-0.001,0,0,0
1505,0.0090000000000000011,0.016000000000000004,-0.001,0,0,0
1506,0.0099999999999999985,0.016000000000000004,-0.001,0,0,0
1507,0.010999999999999999,0.016000000000000004,-0.001,0,0,0
1508,0.012,0.016000000000000004,-0.001,0,0,0
1509,0.013000000000000001,0.016000000000000004,-0.001,0,0,0
1510,0.014000000000000002,0.016000000000000004,-0.001,0,0,0
1511,0.015000000000000003,0.016000000000000004,-0.001,0,0,0
1512,0.016000000000000004,0.016000000000000004,-0.001,0,0,0
1513,0.016999999999999998,0.016000000000000004,-0.001,0,0,0
1514,0.017999999999999999,0.016000000000000004,-0.001,0,0,0
1515,0.019,0.016000000000000004,-0.001,0,0,0
1516,0.02,0.016000000000000004,-0.001,0,0,0
1517,-0.02,0.016999999999999998,-0.001,0,0,0
1518,-0.019,0.016999999999999998,-0.001,0,0,0
1519,-0.018000000000000002,0.016999999999999998,-0.001,0,0,0
1520,-0.017000000000000001,0.016999999999999998,-0.001,0,0,0
1521,-0.016,0.016999999999999998,-0.001,0,0,0
1522,-0.014999999999999999,0.016999999999999998,-0.001,0,0,0
1523,-0.014,0.016999999999999998,-0.001,0,0,0
1524,-0.013000000000000001,0.016999999999999998,-0.001,0,0,0
1525,-0.012,0.016999999999999998,-0.001,0,0,0
1526,-0.010999999999999999,0.016999999999999998,-0.001,0,0,0
1527,-0.01,0.016999999999999998,-0.001,0,0,0
1528,-0.0090000000000000011,0.016999999999999998,-0.001,0,0,0
1529,-0.0080000000000000002,0.016999999999999998,-0.001,0,0,0
1530,-0.0069999999999999993,0.016999999999999998,-0.001,0,0,0
1531,-0.0060000000000000001,0.016999999999999998,-0.001,0,0,0
1532,-0.005000000000000001,0.016999999999999998,-0.001,0,0,0
1533,-0.0040000000000000001,0.016999999999999998,-0.001,0,0,0
1534,-0.0029999999999999992,0.016999999999999998,-0.001,0,0,0
1535,-0.0019999999999999983,0.016999999999999998,-0.001,0,0,0
1536,-0.0010000000000000009,0.016999999999999998,-0.001,0,0,0
1537,0,0.016999999999999998,-0.001,0,0,0
1538,0.0010000000000000009,0.016999999999999998,-0.001,0,0,0
1539,0.0019999999999999983,0.016999999999999998,-0.001,0,0,0
1540,0.0029999999999999992,0.016999999999999998,-0.001,0,0,0
1541,0.0040000000000000001,0.016999999999999998,-0.001,0,0,0
1542,0.005000000000000001,0.016999999999999998,-0.001,0,0,0
1543,0.0060000000000000019,0.016999999999999998,-0.001,0,0,0
1544,0.0069999999999999993,0.016999999999999998,-0.001,0,0,0
1545,0.0080000000000000002,0.016999999999999998,-0.001,0,0,0
1546,0.0090000000000000011,0.016999999999999998,-0.001,0,0,0
1547,0.0099999999999999985,0.016999999999999998,-0.001,0,0,0
1548,0.010999999999999999,0.016999999999999998,-0.001,0,0,0
1549,0.012,0.016999999999999998,-0.001,0,0,0
1550,0.013000000000000001,0.016999999999999998,-0.001,0,0,0
1551,0.014000000000000002,0.016999999999999998,-0.001,0,0,0
1552,0.015000000000000003,0.016999999999999998,-0.001,0,0,0
1553,0.016000000000000004,0.016999999999999998,-0.001,0,0,0
1554,0.016999999999999998,0.016999999999999998,-0.001,0,0,0
1555,0.017999999999999999,0.016999999999999998,-0.001,0,0,0
1556,0.019,0.016999999999999998,-0.001,0,0,0
1557,0.02,0.016999999999999998,-0.001,0,0,0
1558,-0.02,0.017999999999999999,-0.001,0,0,0
1559,-0.019,0.017999999999999999,-0.001,0,0,0
1560,-0.018000000000000002,0.017999999999999999,-0.001,0,0,0
1561,-0.017000000000000001,0.017999999999999999,-0.001,0,0,0
1562,-0.016,0.017999999999999999,-0.001,0,0,0
1563,-0.014999999999999999,0.017999999999999999,-0.001,0,0,0
1564,-0.014,0.017999999999999999,-0.001,0,0,0
1565,-0.013000000000000001,0.017999999999999999,-0.001,0,0,0
1566,-0.012,0.017999999999999999,-0.001,0,0,0
1567,-0.010999999999999999,0.017999999999999999,-0.001,0,0,0
1568,-0.01,0.017999999999999999,-0.001,0,0,0
1569,-0.0090000000000000011,0.017999999999999999,-0.001,0,0,0
1570,-0.0080000000000000002,0.017999999999999999,-0.001,0,0,0
1571,-0.0069999999999999993,0.017999999999999999,-0.001,0,0,0
1572,-0.0060000000000000001,0.017999999999999999,-0.001,0,0,0
1573,-0.005000000000000001,0.017999999999999999,-0.001,0,0,0
1574,-0.0040000000000000001,0.017999999999999999,-0.001,0,0,0
1575,-0.0029999999999999992,0.017999999999999999,-0.001,0,0,0
1576,-0.0019999999999999983,0.017999999999999999,-0.001,0,0,0
1577,-0.0010000000000000009,0.017999999999999999,-0.001,0,0,0
1578,0,0.017999999999999999,-0.001,0,0,0
1579,0.0010000000000000009,0.017999999999999999,-0.001,0,0,0
1580,0.0019999999999999983,0.017999999999999999,-0.001,0,0,0
1581,0.0029999999999999992,0.017999999999999999,-0.001,0,0,0
1582,0.0040000000000000001,0.017999999999999999,-0.001,0,0,0
1583,0.005000000000000001,0.017999999999999999,-0.001,0,0,0
1584,0.0060000000000000019,0.017999999999999999,-0.001,0,0,0
1585,0.0069999999999999993,0.017999999999999999,-0.001,0,0,0
1586,0.0080000000000000002,0.017999999999999999,-0.001,0,0,0
1587,0.0090000000000000011,0.017999999999999999,-0.001,0,0,0
1588,0.0099999999999999985,0.017999999999999999,-0.001,0,0,0
1589,0.010999999999999999,0.017999999999999999,-0.001,0,0,0
1590,0.012,0.017999999999999999,-0.001,0,0,0
1591,0.013000000000000001,0.017999999999999999,-0.001,0,0,0
1592,0.014000000000000002,0.017999999999999999,-0.001,0,0,0
1593,0.015000000000000003,0.017999999999999999,-0.001,0,0,0
1594,0.016000000000000004,0.017999999999999999,-0.001,0,0,0
1595,0.016999999999999998,0.017999999999999999,-0.001,0,0,0
1596,0.017999999999999999,0.017999999999999999,-0.001,0,0,0
1597,0.019,0.017999999999999999,-0.001,0,0,0
1598,0.02,0.017999999999999999,-0.001,0,0,0
1599,-0.02,0.019,-0.001,0,0,0
1600,-0.019,0.019,-0.001,0,0,0
1601,-0.018000000000000002,0.019,-0.001,0,0,0
1602,-0.017000000000000001,0.019,-0.001,0,0,0
1603,-0.016,0.019,-0.001,0,0,0
1604,-0.014999999999999999,0.019,-0.001,0,0,0
1605,-0.014,0.019,-0.001,0,0,0
1606,-0.013000000000000001,0.019,-0.001,0,0,0
1607,-0.012,0.019,-0.001,0,0,0
1608,-0.010999999999999999,0.019,-0.001,0,0,0
1609,-0.01,0.019,-0.001,0,0,0
1610,-0.0090000000000000011,0.019,-0.001,0,0,0
1611,-0.0080000000000000002,0.019,-0.001,0,0,0
1612,-0.0069999999999999993,0.019,-0.001,0,0,0
1613,-0.0060000000000000001,0.019,-0.001,0,0,0
1614,-0.005000000000000001,0.019,-0.001,0,0,0
1615,-0.0040000000000000001,0.019,-0.001,0,0,0
1616,-0.0029999999999999992,0.019,-0.001,0,0,0
1617,-0.0019999999999999983,0.019,-0.001,0,0,0
1618,-0.0010000000000000009,0.019,-0.001,0,0,0
1619,0,0.019,-0.001,0,0,0
1620,0.0010000000000000009,0.019,-0.001,0,0,0
1621,0.0019999999999999983,0.019,-0.001,0,0,0
1622,0.0029999999999999992,0.019,-0.001,0,0,0
1623,0.0040000000000000001,0.019,-0.001,0,0,0
1624,0.005000000000000001,0.019,-0.001,0,0,0
1625,0.0060000000000000019,0.019,-0.001,0,0,0
1626,0.0069999999999999993,0.019,-0.001,0,0,0
1627,0.0080000000000000002,0.019,-0.001,0,0,0
1628,0.0090000000000000011,0.019,-0.001,0,0,0
1629,0.0099999999999999985,0.019,-0.001,0,0,0
1630,0.010999999999999999,0.019,-0.001,0,0,0
1631,0.012,0.019,-0.001,0,0,0
1632,0.013000000000000001,0.019,-0.001,0,0,0
1633,0.014000000000000002,0.019,-0.001,0,0,0
1634,0.015000000000000003,0.019,-0.001,0,0,0
1635,0.016000000000000004,0.019,-0.001,0,0,0
1636,0.016999999999999998,0.019,-0.001,0,0,0
1637,0.017999999999999999,0.019,-0.001,0,0,0
1638,0.019,0.019,-0.001,0,0,0
1639,0.02,0.019,-0.001,0,0,0
1640,-0.02,0.02,-0.001,0,0,0
1641,-0.019,0.02,-0.001,0,0,0
1642,-0.018000000000000002,0.02,-0.001,0,0,0
1643,-0.017000000000000001,0.02,-0.001,0,0,0
1644,-0.016,0.02,-0.001,0,0,0
1645,-0.014999999999999999,0.02,-0.001,0,0,0
1646,-0.014,0.02,-0.001,0,0,0
1647,-0.013000000000000001,0.02,-0.001,0,0,0
1648,-0.012,0.02,-0.001,0,0,0
1649,-0.010999999999999999,0.02,-0.001,0,0,0
1650,-0.01,0.02,-0.001,0,0,0
1651,-0.0090000000000000011,0.02,-0.001,0,0,0
1652,-0.0080000000000000002,0.02,-0.001,0,0,0
1653,-0.0069999999999999993,0.02,-0.001,0,0,0
1654,-0.0060000000000000001,0.02,-0.001,0,0,0
1655,-0.005000000000000001,0.02,-0.001,0,0,0
1656,-0.0040000000000000001,0.02,-0.001,0,0,0
1657,-0.0029999999999999992,0.02,-0.001,0,0,0
1658,-0.0019999999999999983,0.02,-0.001,0,0,0
1659,-0.0010000000000000009,0.02,-0.001,0,0,0
1660,0,0.02,-0.001,0,0,0
1661,0.0010000000000000009,0.02,-0.001,0,0,0
1662,0.0019999999999999983,0.02,-0.001,0,0,0
1663,0.0029999999999999992,0.02,-0.001,0,0,0
1664,0.0040000000000000001,0.02,-0.001,0,0,0
1665,0.005000000000000001,0.02,-0.001,0,0,0
1666,0.0060000000000000019,0.02,-0.001,0,0,0
1667,0.0069999999999999993,0.02,-0.001,0,0,0
1668,0.0080000000000000002,0.02,-0.001,0,0,0
1669,0.0090000000000000011,0.02,-0.001,0,0,0
1670,0.0099999999999999985,0.02,-0.001,0,0,0
1671,0.010999999999999999,0.02,-0.001,0,0,0
1672,0.012,0.02,-0.001,0,0,0
1673,0.013000000000000001,0.02,-0.001,0,0,0
1674,0.014000000000000002,0.02,-0.001,0,0,0
1675,0.015000000000000003,0.02,-0.001,0,0,0
1676,0.016000000000000004,0.02,-0.001,0,0,0
1677,0.016999999999999998,0.02,-0.001,0,0,0
1678,0.017999999999999999,0.02,-0.001,0,0,0
1679,0.019,0.02,-0.001,0,0,0
1680,0.02,0.02,-0.001,0,0,0
1681,-0.02,-0.02,-0.00050000000000000001,0,0,0
1682,-0.019,-0.02,-0.00050000000000000001,0,0,0
1683,-0.018000000000000002,-0.02,-0.00050000000000000001,0,0,0
1684,-0.017000000000000001,-0.02,-0.00050000000000000001,0,0,0
1685,-0.016,-0.02,-0.00050000000000000001,0,0,0
1686,-0.014999999999999999,-0.02,-0.00050000000000000001,0,0,0
1687,-0.014,-0.02,-0.00050000000000000001,0,0,0
1688,-0.013000000000000001,-0.02,-0.00050000000000000001,0,0,0
1689,-0.012,-0.02,-0.00050000000000000001,0,0,0
1690,-0.010999999999999999,-0.02,-0.00050000000000000001,0,0,0
1691,-0.01,-0.02,-0.00050000000000000001,0,0,0
1692,-0.0090000000000000011,-0.02,-0.00050000000000000001,0,0,0
1693,-0.0080000000000000002,-0.02,-0.00050000000000000001,0,0,0
1694,-0.0069999999999999993,-0.02,-0.00050000000000000001,0,0,0
1695,-0.0060000000000000001,-0.02,-0.00050000000000000001,0,0,0
1696,-0.005000000000000001,-0.02,-0.00050000000000000001,0,0,0
1697,-0.0040000000000000001,-0.02,-0.00050000000000000001,0,0,0
1698,-0.0029999999999999992,-0.02,-0.00050000000000000001,0,0,0
1699,-0.0019999999999999983,-0.02,-0.00050000000000000001,0,0,0
1700,-0.0010000000000000009,-0.02,-0.00050000000000000001,0,0,0
1701,0,-0.02,-0.00050000000000000001,0,0,0
1702,0.0010000000000000009,-0.02,-0.00050000000000000001,0,0,0
1703,0.0019999999999999983,-0.02,-0.00050000000000000001,0,0,0
1704,0.0029999999999999992,-0.02,-0.00050000000000000001,0,0,0
1705,0.0040000000000000001,-0.02,-0.00050000000000000001,0,0,0
1706,0.005000000000000001,-0.02,-0.00050000000000000001,0,0,0
1707,0.0060000000000000019,-0.02,-0.00050000000000000001,0,0,0
1708,0.0069999999999999993,-0.02,-0.00050000000000000001,0,0,0
1709,0.0080000000000000002,-0.02,-0.00050000000000000001,0,0,0
1710,0.0090000000000000011,-0.02,-0.00050000000000000001,0,0,0
1711,0.0099999999999999985,-0.02,-0.00050000000000000001,0,0,0
1712,0.010999999999999999,-0.02,-0.00050000000000000001,0,0,0
1713,0.012,-0.02,-0.00050000000000000001,0,0,0
1714,0.013000000000000001,-0.02,-0.00050000000000000001,0,0,0
1715,0.014000000000000002,-0.02,-0.00050000000000000001,0,0,0
1716,0.015000000000000003,-0.02,-0.00050000000000000001,0,0,0
1717,0.016000000000000004,-0.02,-0.00050000000000000001,0,0,0
1718,0.016999999999999998,-0.02,-0.00050000000000000001,0,0,0
1719,0.017999999999999999,-0.02,-0.00050000000000000001,0,0,0
1720,0.019,-0.02,-0.00050000000000000001,0,0,0
1721,0.02,-0.02,-0.00050000000000000001,0,0,0
1722,-0.02,-0.019,-0.00050000000000000001,0,0,0
1723,-0.019,-0.019,-0.00050000000000000001,0,0,0
1724,-0.018000000000000002,-0.019,-0.00050000000000000001,0,0,0
1725,-0.017000000000000001,-0.019,-0.00050000000000000001,0,0,0
1726,-0.016,-0.019,-0.00050000000000000001,0,0,0
1727,-0.014999999999999999,-0.019,-0.00050000000000000001,0,0,0
1728,-0.014,-0.019,-0.00050000000000000001,0,0,0
1729,-0.013000000000000001,-0.019,-0.00050000000000000001,0,0,0
1730,-0.012,-0.019,-0.00050000000000000001,0,0,0
1731,-0.010999999999999999,-0.019,-0.00050000000000000001,0,0,0
1732,-0.01,-0.019,-0.00050000000000000001,0,0,0
1733,-0.0090000000000000011,-0.019,-0.00050000000000000001,0,0,0
1734,-0.0080000000000000002,-0.019,-0.00050000000000000001,0,0,0
1735,-0.0069999999999999993,-0.019,-0.00050000000000000001,0,0,0
1736,-0.0060000000000000001,-0.019,-0.00050000000000000001,0,0,0
1737,-0.005000000000000001,-0.019,-0.00050000000000000001,0,0,0
1738,-0.0040000000000000001,-0.019,-0.00050000000000000001,0,0,0
1739,-0.0029999999999999992,-0.019,-0.00050000000000000001,0,0,0
1740,-0.0019999999999999983,-0.019,-0.00050000000000000001,0,0,0
1741,-0.0010000000000000009,-0.019,-0.00050000000000000001,0,0,0
1742,0,-0.019,-0.00050000000000000001,0,0,0
1743,0.0010000000000000009,-0.019,-0.00050000000000000001,0,0,0
1744,0.0019999999999999983,-0.019,-0.00050000000000000001,0,0,0
1745,0.0029999999999999992,-0.019,-0.00050000000000000001,0,0,0
1746,0.0040000000000000001,-0.019,-0.00050000000000000001,0,0,0
1747,0.005000000000000001,-0.019,-0.00050000000000000001,0,0,0
1748,0.0060000000000000019,-0.019,-0.00050000000000000001,0,0,0
1749,0.0069999999999999993,-0.019,-0.00050000000000000001,0,0,0
1750,0.0080000000000000002,-0.019,-0.00050000000000000001,0,0,0
1751,0.0090000000000000011,-0.019,-0.00050000000000000001,0,0,0
1752,0.0099999999999999985,-0.019,-0.00050000000000000001,0,0,0
1753,0.010999999999999999,-0.019,-0.00050000000000000001,0,0,0
1754,0.012,-0.019,-0.00050000000000000001,0,0,0
1755,0.013000000000000001,-0.019,-0.00050000000000000001,0,0,0
1756,0.014000000000000002,-0.019,-0.00050000000000000001,0,0,0
1757,0.015000000000000003,-0.019,-0.00050000000000000001,0,0,0
1758,0.016000000000000004,-0.019,-0.00050000000000000001,0,0,0
1759,0.016999999999999998,-0.019,-0.00050000000000000001,0,0,0
1760,0.017999999999999999,-0.019,-0.00050000000000000001,0,0,0
1761,0.019,-0.019,-0.00050000000000000001,0,0,0
1762,0.02,-0.019,-0.00050000000000000001,0,0,0
1763,-0.02,-0.018000000000000002,-0.00050000000000000001,0,0,0
1764,-0.019,-0.018000000000000002,-0.00050000000000000001,0,0,0
1765,-0.018000000000000002,-0.018000000000000002,-0.00050000000000000001,0,0,0
1766,-0.017000000000000001,-0.018000000000000002,-0.00050000000000000001,0,0,0
1767,-0.016,-0.018000000000000002,-0.00050000000000000001,0,0,0
1768,-0.014999999999999999,-0.018000000000000002,-0.00050000000000000001,0,0,0
1769,-0.014,-0.018000000000000002,-0.00050000000000000001,0,0,0
1770,-0.013000000000000001,-0.018000000000000002,-0.00050000000000000001,0,0,0
1771,-0.012,-0.018000000000000002,-0.00050000000000000001,0,0,0
1772,-0.010999999999999999,-0.018000000000000002,-0.00050000000000000001,0,0,0
1773,-0.01,-0.018000000000000002,-0.00050000000000000001,0,0,0
1774,-0.0090000000000000011,-0.018000000000000002,-0.00050000000000000001,0,0,0
1775,-0.0080000000000000002,-0.018000000000000002,-0.00050000000000000001,0,0,0
1776,-0.0069999999999999993,-0.018000000000000002,-0.00050000000000000001,0,0,0
1777,-0.0060000000000000001,-0.018000000000000002,-0.00050000000000000001,0,0,0
1778,-0.005000000000000001,-0.018000000000000002,-0.00050000000000000001,0,0,0
1779,-0.0040000000000000001,-0.018000000000000002,-0.00050000000000000001,0,0,0
1780,-0.0029999999999999992,-0.018000000000000002,-0.00050000000000000001,0,0,0
1781,-0.0019999999999999983,-0.018000000000000002,-0.00050000000000000001,0,0,0
1782,-0.0010000000000000009,-0.018000000000000002,-0.00050000000000000001,0,0,0
1783,0,-0.018000000000000002,-0.00050000000000000001,0,0,0
1784,0.0010000000000000009,-0.018000000000000002,-0.00050000000000000001,0,0,0
1785,0.0019999999999999983,-0.018000000000000002,-0.00050000000000000001,0,0,0
1786,0.0029999999999999992,-0.018000000000000002,-0.00050000000000000001,0,0,0
1787,0.0040000000000000001,-0.018000000000000002,-0.00050000000000000001,0,0,0
1788,0.005000000000000001,-0.018000000000000002,-0.00050000000000000001,0,0,0
1789,0.0060000000000000019,-0.018000000000000002,-0.00050000000000000001,0,0,0
1790,0.0069999999999999993,-0.018000000000000002,-0.00050000000000000001,0,0,0
1791,0.0080000000000000002,-0.018000000000000002,-0.00050000000000000001,0,0,0
1792,0.0090000000000000011,-0.018000000000000002,-0.00050000000000000001,0,0,0
1793,0.0099999999999999985,-0.018000000000000002,-0.00050000000000000001,0,0,0
1794,0.010999999999999999,-0.018000000000000002,-0.00050000000000000001,0,0,0
1795,0.012,-0.018000000000000002,-0.00050000000000000001,0,0,0
1796,0.013000000000000001,-0.018000000000000002,-0.00050000000000000001,0,0,0
1797,0.014000000000000002,-0.018000000000000002,-0.00050000000000000001,0,0,0
1798,0.015000000000000003,-0.018000000000000002,-0.00050000000000000001,0,0,0
1799,0.016000000000000004,-0.018000000000000002,-0.00050000000000000001,0,0,0
1800,0.016999999999999998,-0.018000000000000002,-0.00050000000000000001,0,0,0
1801,0.017999999999999999,-0.018000000000000002,-0.00050000000000000001,0,0,0
1802,0.019,-0.018000000000000002,-0.00050000000000000001,0,0,0
1803,0.02,-0.018000000000000002,-0.00050000000000000001,0,0,0
1804,-0.02,-0.017000000000000001,-0.00050000000000000001,0,0,0
1805,-0.019,-0.017000000000000001,-0.00050000000000000001,0,0,0
1806,-0.018000000000000002,-0.017000000000000001,-0.00050000000000000001,0,0,0
1807,-0.017000000000000001,-0.017000000000000001,-0.00050000000000000001,0,0,0
1808,-0.016,-0.017000000000000001,-0.00050000000000000001,0,0,0
1809,-0.014999999999999999,-0.017000000000000001,-0.00050000000000000001,0,0,0
1810,-0.014,-0.017000000000000001,-0.00050000000000000001,0,0,0
1811,-0.013000000000000001,-0.017000000000000001,-0.00050000000000000001,0,0,0
1812,-0.012,-0.017000000000000001,-0.00050000000000000001,0,0,0
1813,-0.010999999999999999,-0.017000000000000001,-0.00050000000000000001,0,0,0
1814,-0.01,-0.017000000000000001,-0.00050000000000000001,0,0,0
1815,-0.0090000000000000011,-0.017000000000000001,-0.00050000000000000001,0,0,0
1816,-0.0080000000000000002,-0.017000000000000001,-0.00050000000000000001,0,0,0
1817,-0.0069999999999999993,-0.017000000000000001,-0.00050000000000000001,0,0,0
1818,-0.0060000000000000001,-0.017000000000000001,-0.00050000000000000001,0,0,0
1819,-0.005000000000000001,-0.017000000000000001,-0.00050000000000000001,0,0,0
1820,-0.0040000000000000001,-0.017000000000000001,-0.00050000000000000001,0,0,0
1821,-0.0029999999999999992,-0.017000000000000001,-0.00050000000000000001,0,0,0
1822,-0.0019999999999999983,-0.017000000000000001,-0.00050000000000000001,0,0,0
1823,-0.0010000000000000009,-0.017000000000000001,-0.00050000000000000001,0,0,0
1824,0,-0.017000000000000001,-0.00050000000000000001,0,0,0
1825,0.0010000000000000009,-0.017000000000000001,-0.00050000000000000001,0,0,0
1826,0.0019999999999999983,-0.017000000000000001,-0.00050000000000000001,0,0,0
1827,0.0029999999999999992,-0.017000000000000001,-0.00050000000000000001,0,0,0
1828,0.0040000000000000001,-0.017000000000000001,-0.00050000000000000001,0,0,0
1829,0.005000000000000001,-0.017000000000000001,-0.00050000000000000001,0,0,0
1830,0.0060000000000000019,-0.017000000000000001,-0.00050000000000000001,0,0,0
1831,0.0069999999999999993,-0.017000000000000001,-0.00050000000000000001,0,0,0
1832,0.0080000000000000002,-0.017000000000000001,-0.00050000000000000001,0,0,0
1833,0.0090000000000000011,-0.017000000000000001,-0.00050000000000000001,0,0,0
1834,0.0099999999999999985,-0.017000000000000001,-0.00050000000000000001,0,0,0
1835,0.010999999999999999,-0.017000000000000001,-0.00050000000000000001,0,0,0
1836,0.012,-0.017000000000000001,-0.00050000000000000001,0,0,0
1837,0.013000000000000001,-0.017000000000000001,-0.00050000000000000001,0,0,0
1838,0.014000000000000002,-0.017000000000000001,-0.00050000000000000001,0,0,0
1839,0.015000000000000003,-0.017000000000000001,-0.00050000000000000001,0,0,0
1840,0.016000000000000004,-0.017000000000000001,-0.00050000000000000001,0,0,0
1841,0.016999999999999998,-0.017000000000000001,-0.00050000000000000001,0,0,0
1842,0.017999999999999999,-0.017000000000000001,-0.00050000000000000001,0,0,0
1843,0.019,-0.017000000000000001,-0.00050000000000000001,0,0,0
1844,0.02,-0.017000000000000001,-0.00050000000000000001,0,0,0
1845,-0.02,-0.016,-0.00050000000000000001,0,0,0
1846,-0.019,-0.016,-0.00050000000000000001,0,0,0
1847,-0.018000000000000002,-0.016,-0.00050000000000000001,0,0,0
1848,-0.017000000000000001,-0.016,-0.00050000000000000001,0,0,0
1849,-0.016,-0.016,-0.00050000000000000001,0,0,0
1850,-0.014999999999999999,-0.016,-0.00050000000000000001,0,0,0
1851,-0.014,-0.016,-0.00050000000000000001,0,0,0
1852,-0.013000000000000001,-0.016,-0.00050000000000000001,0,0,0
1853,-0.012,-0.016,-0.00050000000000000001,0,0,0
1854,-0.010999999999999999,-0.016,-0.00050000000000000001,0,0,0
1855,-0.01,-0.016,-0.00050000000000000001,0,0,0
1856,-0.0090000000000000011,-0.016,-0.00050000000000000001,0,0,0
1857,-0.0080000000000000002,-0.016,-0.00050000000000000001,0,0,0
1858,-0.0069999999999999993,-0.016,-0.00050000000000000001,0,0,0
1859,-0.0060000000000000001,-0.016,-0.00050000000000000001,0,0,0
1860,-0.005000000000000001,-0.016,-0.00050000000000000001,0,0,0
1861,-0.0040000000000000001,-0.016,-0.00050000000000000001,0,0,0
1862,-0.0029999999999999992,-0.016,-0.00050000000000000001,0,0,0
1863,-0.0019999999999999983,-0.016,-0.00050000000000000001,0,0,0
1864,-0.0010000000000000009,-0.016,-0.00050000000000000001,0,0,0
1865,0,-0.016,-0.00050000000000000001,0,0,0
1866,0.0010000000000000009,-0.016,-0.00050000000000000001,0,0,0
1867,0.0019999999999999983,-0.016,-0.00050000000000000001,0,0,0
1868,0.0029999999999999992,-0.016,-0.00050000000000000001,0,0,0
1869,0.0040000000000000001,-0.016,-0.00050000000000000001,0,0,0
1870,0.005000000000000001,-0.016,-0.00050000000000000001,0,0,0
1871,0.0060000000000000019,-0.016,-0.00050000000000000001,0,0,0
1872,0.0069999999999999993,-0.016,-0.00050000000000000001,0,0,0
1873,0.0080000000000000002,-0.016,-0.00050000000000000001,0,0,0
1874,0.0090000000000000011,-0.016,-0.00050000000000000001,0,0,0
1875,0.0099999999999999985,-0.016,-0.00050000000000000001,0,0,0
1876,0.010999999999999999,-0.016,-0.00050000000000000001,0,0,0
1877,0.012,-0.016,-0.00050000000000000001,0,0,0
1878,0.013000000000000001,-0.016,-0.00050000000000000001,0,0,0
1879,0.014000000000000002,-0.016,-0.00050000000000000001,0,0,0
1880,0.015000000000000003,-0.016,-0.00050000000000000001,0,0,0
1881,0.016000000000000004,-0.016,-0.00050000000000000001,0,0,0
1882,0.016999999999999998,-0.016,-0.00050000000000000001,0,0,0
1883,0.017999999999999999,-0.016,-0.00050000000000000001,0,0,0
1884,0.019,-0.016,-0.00050000000000000001,0,0,0
1885,0.02,-0.016,-0.00050000000000000001,0,0,0
1886,-0.02,-0.014999999999999999,-0.00050000000000000001,0,0,0
1887,-0.019,-0.014999999999999999,-0.00050000000000000001,0,0,0
1888,-0.018000000000000002,-0.014999999999999999,-0.00050000000000000001,0,0,0
1889,-0.017000000000000001,-0.014999999999999999,-0.00050000000000000001,0,0,0
1890,-0.016,-0.014999999999999999,-0.00050000000000000001,0,0,0
1891,-0.014999999999999999,-0.014999999999999999,-0.00050000000000000001,0,0,0
1892,-0.014,-0.014999999999999999,-0.00050000000000000001,0,0,0
1893,-0.013000000000000001,-0.014999999999999999,-0.00050000000000000001,0,0,0
1894,-0.012,-0.014999999999999999,-0.00050000000000000001,0,0,0
1895,-0.010999999999999999,-0.014999999999999999,-0.00050000000000000001,0,0,0
1896,-0.01,-0.014999999999999999,-0.00050000000000000001,0,0,0
1897,-0.0090000000000000011,-0.014999999999999999,-0.00050000000000000001,0,0,0
1898,-0.0080000000000000002,-0.014999999999999999,-0.00050000000000000001,0,0,0
1899,-0.0069999999999999993,-0.014999999999999999,-0.00050000000000000001,0,0,0
1900,-0.0060000000000000001,-0.014999999999999999,-0.00050000000000000001,0,0,0
1901,-0.005000000000000001,-0.014999999999999999,-0.00050000000000000001,0,0,0
1902,-0.0040000000000000001,-0.014999999999999999,-0.00050000000000000001,0,0,0
1903,-0.0029999999999999992,-0.014999999999999999,-0.00050000000000000001,0,0,0
1904,-0.0019999999999999983,-0.014999999999999999,-0.00050000000000000001,0,0,0
1905,-0.0010000000000000009,-0.014999999999999999,-0.00050000000000000001,0,0,0
1906,0,-0.014999999999999999,-0.00050000000000000001,0,0,0
1907,0.0010000000000000009,-0.014999999999999999,-0.00050000000000000001,0,0,0
1908,0.0019999999999999983,-0.014999999999999999,-0.00050000000000000001,0,0,0
1909,0.0029999999999999992,-0.014999999999999999,-0.00050000000000000001,0,0,0
1910,0.0040000000000000001,-0.014999999999999999,-0.00050000000000000001,0,0,0
1911,0.005000000000000001,-0.014999999999999999,-0.00050000000000000001,0,0,0
1912,0.0060000000000000019,-0.014999999999999999,-0.00050000000000000001,0,0,0
1913,0.0069999999999999993,-0.014999999999999999,-0.00050000000000000001,0,0,0
1914,0.0080000000000000002,-0.014999999999999999,-0.00050000000000000001,0,0,0
1915,0.0090000000000000011,-0.014999999999999999,-0.00050000000000000001,0,0,0
1916,0.0099999999999999985,-0.014999999999999999,-0.00050000000000000001,0,0,0
1917,0.010999999999999999,-0.014999999999999999,-0.00050000000000000001,0,0,0
1918,0.012,-0.014999999999999999,-0.00050000000000000001,0,0,0
1919,0.013000000000000001,-0.014999999999999999,-0.00050000000000000001,0,0,0
1920,0.014000000000000002,-0.014999999999999999,-0.00050000000000000001,0,0,0
1921,0.015000000000000003,-0.014999999999999999,-0.00050000000000000001,0,0,0
1922,0.016000000000000004,-0.014999999999999999,-0.00050000000000000001,0,0,0
1923,0.016999999999999998,-0.014999999999999999,-0.00050000000000000001,0,0,0
1924,0.017999999999999999,-0.014999999999999999,-0.00050000000000000001,0,0,0
1925,0.019,-0.014999999999999999,-0.00050000000000000001,0,0,0
1926,0.02,-0.014999999999999999,-0.00050000000000000001,0,0,0
1927,-0.02,-0.014,-0.00050000000000000001,0,0,0
1928,-0.019,-0.014,-0.00050000000000000001,0,0,0
1929,-0.018000000000000002,-0.014,-0.00050000000000000001,0,0,0
1930,-0.017000000000000001,-0.014,-0.00050000000000000001,0,0,0
1931,-0.016,-0.014,-0.00050000000000000001,0,0,0
1932,-0.014999999999999999,-0.014,-0.00050000000000000001,0,0,0
1933,-0.014,-0.014,-0.00050000000000000001,3.0495104213154031e-07,2.9191146039253389e-07,-1.3538483753267653e-08
1934,-0.013000000000000001,-0.014,-0.00050000000000000001,5.5703576072480306e-07,4.5580726761185906e-07,-3.8619486704819911e-07
1935,-0.012,-0.014,-0.00050000000000000001,7.2584021495178888e-07,6.9215641702348907e-07,-1.0457106395764143e-06
1936,-0.010999999999999999,-0.014,-0.00050000000000000001,9.2679019255814554e-07,1.1813908077355726e-06,-2.1072814832104678e-06
1937,-0.01,-0.014,-0.00050000000000000001,1.1522846143298942e-06,1.9117241144892147e-06,-3.6456940695094506e-06
1938,-0.0090000000000000011,-0.014,-0.00050000000000000001,1.4411872216693142e-06,2.867315154250838e-06,-5.5423196274492565e-06
1939,-0.0080000000000000002,-0.014,-0.00050000000000000001,1.7735759880159945e-06,3.9154714081507105e-06,-7.7539445963635813e-06
1940,-0.0069999999999999993,-0.014,-0.00050000000000000001,2.0737306274224886e-06,5.0856197710587645e-06,-1.0248643369154673e-05
1941,-0.0060000000000000001,-0.014,-0.00050000000000000001,2.2832841471989481e-06,6.3423397308606026e-06,-1.2900325871969747e-05
1942,-0.005000000000000001,-0.014,-0.00050000000000000001,2.362830135727031e-06,7.6128107098978185e-06,-1.5558330451333461e-05
1943,-0.0040000000000000001,-0.014,-0.00050000000000000001,2.2939433986880358e-06,8.8125175937151445e-06,-1.8071732702443874e-05
1944,-0.0029999999999999992,-0.014,-0.00050000000000000001,2.07122457920751e-06,9.8496271279885623e-06,-2.0290861367852574e-05
1945,-0.0019999999999999983,-0.014,-0.00050000000000000001,1.708231424292218e-06,1.0650461804780786e-05,-2.2082475884634873e-05
1946,-0.0010000000000000009,-0.014,-0.00050000000000000001,1.2318779934372174e-06,1.117180888369191e-05,-2.3338867463692928e-05
1947,0,-0.014,-0.00050000000000000001,6.7634216903776958e-07,1.1382291660745625e-05,-2.3980456894344269e-05
1948,0.0010000000000000009,-0.014,-0.00050000000000000001,9.1289011771572004e-08,1.1255491815629665e-05,-2.3957523445555853e-05
1949,0.0019999999999999983,-0.014,-0.00050000000000000001,-4.7087026017354029e-07,1.0796244837028492e-05,-2.3264479823820758e-05
1950,0.0029999999999999992,-0.014,-0.00050000000000000001,-9.6369276268156864e-07,1.0025450147198779e-05,-2.1915346743237654e-05
1951,0.0040000000000000001,-0.014,-0.00050000000000000001,-1.3504703003275536e-06,8.9773911108680173e-06,-1.9964970997445576e-05
1952,0.005000000000000001,-0.014,-0.00050000000000000001,-1.598328638649051e-06,7.7400778304134131e-06,-1.7589198589590126e-05
1953,0.0060000000000000019,-0.014,-0.00050000000000000001,-1.6872618941326447e-06,6.4117862965936579e-06,-1.49512447838648e-05
1954,0.0069999999999999993,-0.014,-0.00050000000000000001,-1.6204219348455391e-06,5.0950808697344018e-06,-1.2198988239901711e-05
1955,0.0080000000000000002,-0.014,-0.00050000000000000001,-1.4348065144609055e-06,3.882837902087673e-06,-9.4863808954164312e-06
1956,0.0090000000000000011,-0.014,-0.00050000000000000001,-1.1936416903631625e-06,2.814758067853355e-06,-6.958480637647795e-06
1957,0.0099999999999999985,-0.014,-0.00050000000000000001,-9.6664004859455868e-07,1.8742523432479259e-06,-4.7145238171876761e-06
1958,0.010999999999999999,-0.014,-0.00050000000000000001,-7.8241433713821146e-07,1.1800111494969026e-06,-2.8526971693112728e-06
1959,0.012,-0.014,-0.00050000000000000001,-6.1863562186681332e-07,6.8539003253488223e-07,-1.4487774340145254e-06
1960,0.013000000000000001,-0.014,-0.00050000000000000001,-4.8584418854472304e-07,4.4375353698376519e-07,-4.9820049966412874e-07
1961,0.014000000000000002,-0.014,-0.00050000000000000001,-2.7199866424399994e-07,2.7658975344663499e-07,1.465687788733347e-08
1962,0.015000000000000003,-0.014,-0.00050000000000000001,0,0,0
1963,0.016000000000000004,-0.014,-0.00050000000000000001,0,0,0
1964,0.016999999999999998,-0.014,-0.00050000000000000001,0,0,0
1965,0.017999999999999999,-0.014,-0.00050000000000000001,0,0,0
1966,0.019,-0.014,-0.00050000000000000001,0,0,0
1967,0.02,-0.014,-0.00050000000000000001,0,0,0
1968,-0.02,-0.013000000000000001,-0.00050000000000000001,0,0,0
1969,-0.019,-0.013000000000000001,-0.00050000000000000001,0,0,0
1970,-0.018000000000000002,-0.013000000000000001,-0.00050000000000000001,0,0,0
1971,-0.017000000000000001,-0.013000000000000001,-0.00050000000000000001,0,0,0
1972,-0.016,-0.013000000000000001,-0.00050000000000000001,0,0,0
1973,-0.014999999999999999,-0.013000000000000001,-0.00050000000000000001,0,0,0
1974,-0.014,-0.013000000000000001,-0.00050000000000000001,4.8958239686097546e-07,5.1564569697583621e-07,-3.8717710074399358e-07
1975,-0.013000000000000001,-0.013000000000000001,-0.00050000000000000001,1.0754468813639265e-06,9.7954012041872497e-07,-1.9781594994058026e-06
1976,-0.012,-0.013000000000000001,-0.00050000000000000001,1.6964386985533448e-06,1.7379913925401877e-06,-5.120497824163574e-06
1977,-0.010999999999999999,-0.013000000000000001,-0.00050000000000000001,2.5159149489345695e-06,3.1336098304736022e-06,-1.0178719906890075e-05
1978,-0.01,-0.013000000000000001,-0.00050000000000000001,3.4512207420583933e-06,5.193397942284828e-06,-1.710082557773504e-05
1979,-0.0090000000000000011,-0.013000000000000001,-0.00050000000000000001,4.3492827294118422e-06,7.5117597919576048e-06,-2.5691792802504346e-05
1980,-0.0080000000000000002,-0.013000000000000001,-0.00050000000000000001,5.0687695072485518e-06,9.937273805455671e-06,-3.5667719125612936e-05
1981,-0.0069999999999999993,-0.013000000000000001,-0.00050000000000000001,5.5446865139965878e-06,1.2445356578377751e-05,-4.655256347898731e-05
1982,-0.0060000000000000001,-0.013000000000000001,-0.00050000000000000001,5.7546645472777467e-06,1.4991710858028421e-05,-5.7798013618786706e-05
1983,-0.005000000000000001,-0.013000000000000001,-0.00050000000000000001,5.6788975039957363e-06,1.7479691599698483e-05,-6.8849906883126528e-05
1984,-0.0040000000000000001,-0.013000000000000001,-0.00050000000000000001,5.3066834285264479e-06,1.9781902229227322e-05,-7.9160740911164243e-05
1985,-0.0029999999999999992,-0.013000000000000001,-0.00050000000000000001,4.648902824346205e-06,2.1763924107013139e-05,-8.8204001268885819e-05
1986,-0.0019999999999999983,-0.013000000000000001,-0.00050000000000000001,3.7287216144006396e-06,2.3312388411281694e-05,-9.5477386115886599e-05
1987,-0.0010000000000000009,-0.013000000000000001,-0.00050000000000000001,2.5864613468067251e-06,2.4320178625448303e-05,-0.00010054006362492266
1988,0,-0.013000000000000001,-0.00050000000000000001,1.3020276904229238e-06,2.4701730115798209e-05,-0.00010306384166228884
1989,0.0010000000000000009,-0.013000000000000001,-0.00050000000000000001,-2.8544596361134756e-08,2.4418079014002927e-05,-0.0001028799267719546
1990,0.0019999999999999983,-0.013000000000000001,-0.00050000000000000001,-1.3043022081572029e-06,2.3489954225608382e-05,-9.9971975275606905e-05
1991,0.0029999999999999992,-0.013000000000000001,-0.00050000000000000001,-2.4353989333777558e-06,2.1985008238106751e-05,-9.4519229108247423e-05
1992,0.0040000000000000001,-0.013000000000000001,-0.00050000000000000001,-3.3637620166878417e-06,1.9987324259851687e-05,-8.6872840694610733e-05
1993,0.005000000000000001,-0.013000000000000001,-0.00050000000000000001,-4.0356042560472925e-06,1.7614696860061939e-05,-7.7461229798506161e-05
1994,0.0060000000000000019,-0.013000000000000001,-0.00050000000000000001,-4.4089904001425874e-06,1.5030360385787683e-05,-6.6737273120318416e-05
1995,0.0069999999999999993,-0.013000000000000001,-0.00050000000000000001,-4.4775832727603641e-06,1.2404407482000043e-05,-5.5219312413961123e-05
1996,0.0080000000000000002,-0.013000000000000001,-0.00050000000000000001,-4.2488299746688744e-06,9.8478862507736715e-06,-4.3482762829140236e-05
1997,0.0090000000000000011,-0.013000000000000001,-0.00050000000000000001,-3.7318104683479826e-06,7.4088139577022714e-06,-3.2177989131058554e-05
1998,0.0099999999999999985,-0.013000000000000001,-0.00050000000000000001,-2.9967796271066348e-06,5.1166027521509752e-06,-2.1958584398098997e-05
1999,0.010999999999999999,-0.013000000000000001,-0.00050000000000000001,-2.184824760381005e-06,3.1152411726460724e-06,-1.3405313948776933e-05
2000,0.012,-0.013000000000000001,-0.00050000000000000001,-1.4663308136754341e-06,1.741027183521397e-06,-6.9575661971182316e-06
2001,0.013000000000000001,-0.013000000000000001,-0.00050000000000000001,-9.312087321891542e-07,9.7509489362882582e-07,-2.7454290279281117e-06
2002,0.014000000000000002,-0.013000000000000001,-0.00050000000000000001,-4.2709814726476017e-07,5.0030117737748291e-07,-5.0269307818107569e-07
2003,0.015000000000000003,-0.013000000000000001,-0.00050000000000000001,0,0,0
2004,0.016000000000000004,-0.013000000000000001,-0.00050000000000000001,0,0,0
2005,0.016999999999999998,-0.013000000000000001,-0.00050000000000000001,0,0,0
2006,0.017999999999999999,-0.013000000000000001,-0.00050000000000000001,0,0,0
2007,0.019,-0.013000000000000001,-0.00050000000000000001,0,0,0
2008,0.02,-0.013000000000000001,-0.00050000000000000001,0,0,0
2009,-0.02,-0.012,-0.00050000000000000001,0,0,0
2010,-0.019,-0.012,-0.00050000000000000001,0,0,0
2011,-0.018000000000000002,-0.012,-0.00050000000000000001,0,0,0
2012,-0.017000000000000001,-0.012,-0.00050000000000000001,0,0,0
2013,-0.016,-0.012,-0.00050000000000000001,0,0,0
2014,-0.014999999999999999,-0.012,-0.00050000000000000001,0,0,0
2015,-0.014,-0.012,-0.00050000000000000001,7.4734429658429337e-07,6.4159017856964117e-07,-1.0468047528132564e-06
2016,-0.013000000000000001,-0.012,-0.00050000000000000001,1.889269337037631e-06,1.5154306010465555e-06,-5.114301555677862e-06
2017,-0.012,-0.012,-0.00050000000000000001,3.163640683864641e-06,2.886787754203536e-06,-1.284911035244783e-05
2018,-0.010999999999999999,-0.012,-0.00050000000000000001,4.6862358470766432e-06,5.0087034642281482e-06,-2.4477324995774893e-05
2019,-0.01,-0.012,-0.00050000000000000001,6.1003157734734611e-06,7.5715497061333475e-06,-3.9776977849808992e-05
2020,-0.0090000000000000011,-0.012,-0.00050000000000000001,7.260702304062188e-06,1.0207153337265585e-05,-5.8228804836611831e-05
2021,-0.0080000000000000002,-0.012,-0.00050000000000000001,8.0809951431522212e-06,1.2792168001097421e-05,-7.8990764378821605e-05
2022,-0.0069999999999999993,-0.012,-0.00050000000000000001,8.5351860424211677e-06,1.5302206830293852e-05,-0.00010109455045257215
2023,-0.0060000000000000001,-0.012,-0.00050000000000000001,8.605605874142267e-06,1.7701126817543353e-05,-0.00012354690761520176
2024,-0.005000000000000001,-0.012,-0.00050000000000000001,8.2943620869528134e-06,1.9918781260516511e-05,-0.00014534322419532469
2025,-0.0040000000000000001,-0.012,-0.00050000000000000001,7.6126066249851612e-06,2.18777513518871e-05,-0.00016548409527109497
2026,-0.0029999999999999992,-0.012,-0.00050000000000000001,6.5765380907134766e-06,2.3514408362982822e-05,-0.0001830093119372333
2027,-0.0019999999999999983,-0.012,-0.00050000000000000001,5.2192572844495329e-06,2.4760768760354339e-05,-0.00019703082374698211
2028,-0.0010000000000000009,-0.012,-0.00050000000000000001,3.6176185581370898e-06,2.5546549838019006e-05,-0.00020680146141631886
2029,0,-0.012,-0.00050000000000000001,1.8609609033114013e-06,2.5823461051312881e-05,-0.00021178313714860731
2030,0.0010000000000000009,-0.012,-0.00050000000000000001,5.8696168617017755e-08,2.5564201761245363e-05,-0.00021169379022528207
2031,0.0019999999999999983,-0.012,-0.00050000000000000001,-1.6873364008169332e-06,2.4783199807988978e-05,-0.00020651844151030977
2032,0.0029999999999999992,-0.012,-0.00050000000000000001,-3.2827576341322532e-06,2.3516040638804415e-05,-0.0001965208473704467
2033,0.0040000000000000001,-0.012,-0.00050000000000000001,-4.6343255902777325e-06,2.1825412366130377e-05,-0.00018218386357844127
2034,0.005000000000000001,-0.012,-0.00050000000000000001,-5.6905208023752397e-06,1.9781445862619891e-05,-0.0001641514336083209
2035,0.0060000000000000019,-0.012,-0.00050000000000000001,-6.4054876968016677e-06,1.7476810148324491e-05,-0.00014321928053716271
2036,0.0069999999999999993,-0.012,-0.00050000000000000001,-6.7313923167687054e-06,1.5034554480068666e-05,-0.00012032500689962909
2037,0.0080000000000000002,-0.012,-0.00050000000000000001,-6.6360859544357285e-06,1.2522712589970319e-05,-9.6517061106769192e-05
2038,0.0090000000000000011,-0.012,-0.00050000000000000001,-6.1273194533758073e-06,9.983807629305161e-06,-7.2988737631635012e-05
2039,0.0099999999999999985,-0.012,-0.00050000000000000001,-5.2377961284529005e-06,7.4307044990044573e-06,-5.1076495426849546e-05
2040,0.010999999999999999,-0.012,-0.00050000000000000001,-4.0612677131282616e-06,4.9624446273861965e-06,-3.2110019910502869e-05
2041,0.012,-0.012,-0.00050000000000000001,-2.7496215361826284e-06,2.9058963932598087e-06,-1.7202269024052102e-05
2042,0.013000000000000001,-0.012,-0.00050000000000000001,-1.6546623693626457e-06,1.5487086779668745e-06,-7.0420568785303802e-06
2043,0.014000000000000002,-0.012,-0.00050000000000000001,-6.52629498398715e-07,6.5236047658501758e-07,-1.482499830985201e-06
2044,0.015000000000000003,-0.012,-0.00050000000000000001,0,0,0
2045,0.016000000000000004,-0.012,-0.00050000000000000001,0,0,0
2046,0.016999999999999998,-0.012,-0.00050000000000000001,0,0,0
2047,0.017999999999999999,-0.012,-0.00050000000000000001,0,0,0
2048,0.019,-0.012,-0.00050000000000000001,0,0,0
2049,0.02,-0.012,-0.00050000000000000001,0,0,0
2050,-0.02,-0.010999999999999999,-0.00050000000000000001,0,0,0
2051,-0.019,-0.010999999999999999,-0.00050000000000000001,0,0,0
2052,-0.018000000000000002,-0.010999999999999999,-0.00050000000000000001,0,0,0
2053,-0.017000000000000001,-0.010999999999999999,-0.00050000000000000001,0,0,0
2054,-0.016,-0.010999999999999999,-0.00050000000000000001,0,0,0
2055,-0.014999999999999999,-0.010999999999999999,-0.00050000000000000001,0,0,0
2056,-0.014,-0.010999999999999999,-0.00050000000000000001,1.2552682938909492e-06,7.8511666177537448e-07,-2.101836533279815e-06
2057,-0.013000000000000001,-0.010999999999999999,-0.00050000000000000001,3.3340545551032563e-06,2.2247165153661469e-06,-1.0136819626123458e-05
2058,-0.012,-0.010999999999999999,-0.00050000000000000001,5.3714437101368258e-06,4.2506429445591048e-06,-2.4409629806736409e-05
2059,-0.010999999999999999,-0.010999999999999999,-0.00050000000000000001,7.4024983970791729e-06,6.8373331356536987e-06,-4.4801032709226088e-05
2060,-0.01,-0.010999999999999999,-0.00050000000000000001,9.0271378208261814e-06,9.5688169939646247e-06,-7.0593763967998041e-05
2061,-0.0090000000000000011,-0.010999999999999999,-0.00050000000000000001,1.0225748466040246e-05,1.2186263718149003e-05,-0.00010061654269223261
2062,-0.0080000000000000002,-0.010999999999999999,-0.00050000000000000001,1.0985761159507111e-05,1.4587899379357028e-05,-0.00013352562152685744
2063,-0.0069999999999999993,-0.010999999999999999,-0.00050000000000000001,1.1305793280387955e-05,1.6788573709286874e-05,-0.00016796262162948954
2064,-0.0060000000000000001,-0.010999999999999999,-0.00050000000000000001,1.1176529848434622e-05,1.8758628944648768e-05,-0.00020254266658073546
2065,-0.005000000000000001,-0.010999999999999999,-0.00050000000000000001,1.0594851198202513e-05,2.0451663051592795e-05,-0.00023584548480164665
2066,-0.0040000000000000001,-0.010999999999999999,-0.00050000000000000001,9.5763492708258075e-06,2.1844773268023699e-05,-0.00026644588003997977
2067,-0.0029999999999999992,-0.010999999999999999,-0.00050000000000000001,8.1691469057743809e-06,2.293607091850472e-05,-0.00029297484331186955
2068,-0.0019999999999999983,-0.010999999999999999,-0.00050000000000000001,6.4425447588327457e-06,2.3713166955413028e-05,-0.00031420160752200483
2069,-0.0010000000000000009,-0.010999999999999999,-0.00050000000000000001,4.4887498077009281e-06,2.4143134541269187e-05,-0.00032912757867341823
2070,0,-0.010999999999999999,-0.00050000000000000001,2.4081983206356071e-06,2.4229828484030282e-05,-0.00033703920631207639
2071,0.0010000000000000009,-0.010999999999999999,-0.00050000000000000001,2.761126400869834e-07,2.398201859100878e-05,-0.00033751862842031999
2072,0.0019999999999999983,-0.010999999999999999,-0.00050000000000000001,-1.8213049986590488e-06,2.3405666292525314e-05,-0.00033048820570381714
2073,0.0029999999999999992,-0.010999999999999999,-0.00050000000000000001,-3.7781435261194626e-06,2.2497006669150978e-05,-0.00031617910975177834
2074,0.0040000000000000001,-0.010999999999999999,-0.00050000000000000001,-5.5060461058458066e-06,2.1281173848652002e-05,-0.00029513078560311257
2075,0.005000000000000001,-0.010999999999999999,-0.00050000000000000001,-6.9252023706362472e-06,1.9789158779096214e-05,-0.00026819187260368173
2076,0.0060000000000000019,-0.010999999999999999,-0.00050000000000000001,-7.9543968132681255e-06,1.8026879322113316e-05,-0.00023648685291350355
2077,0.0069999999999999993,-0.010999999999999999,-0.00050000000000000001,-8.5411345636990372e-06,1.6067182720359314e-05,-0.000201297992964208
2078,0.0080000000000000002,-0.010999999999999999,-0.00050000000000000001,-8.681173330587134e-06,1.396567465610778e-05,-0.00016410949246763222
2079,0.0090000000000000011,-0.010999999999999999,-0.00050000000000000001,-8.3820298631551976e-06,1.173202958751808e-05,-0.00012666180165477471
2080,0.0099999999999999985,-0.010999999999999999,-0.00050000000000000001,-7.6168215248023708e-06,9.3099009916481008e-06,-9.0900940885113175e-05
2081,0.010999999999999999,-0.010999999999999999,-0.00050000000000000001,-6.3835762248503121e-06,6.7587738627708311e-06,-5.8907391668740847e-05
2082,0.012,-0.010999999999999999,-0.00050000000000000001,-4.6950636168344345e-06,4.3021973829295722e-06,-3.2678415407805093e-05
2083,0.013000000000000001,-0.010999999999999999,-0.00050000000000000001,-2.9558587393203892e-06,2.3325658495955099e-06,-1.3800728943382177e-05
2084,0.014000000000000002,-0.010999999999999999,-0.00050000000000000001,-1.1200352753462209e-06,8.4794170536103355e-07,-2.9579120915745979e-06
2085,0.015000000000000003,-0.010999999999999999,-0.00050000000000000001,0,0,0
2086,0.016000000000000004,-0.010999999999999999,-0.00050000000000000001,0,0,0
2087,0.016999999999999998,-0.010999999999999999,-0.00050000000000000001,0,0,0
2088,0.017999999999999999,-0.010999999999999999,-0.00050000000000000001,0,0,0
2089,0.019,-0.010999999999999999,-0.00050000000000000001,0,0,0
2090,0.02,-0.010999999999999999,-0.00050000000000000001,0,0,0
2091,-0.02,-0.01,-0.00050000000000000001,0,0,0
2092,-0.019,-0.01,-0.00050000000000000001,0,0,0
2093,-0.018000000000000002,-0.01,-0.00050000000000000001,0,0,0
2094,-0.017000000000000001,-0.01,-0.00050000000000000001,0,0,0
2095,-0.016,-0.01,-0.00050000000000000001,0,0,0
2096,-0.014999999999999999,-0.01,-0.00050000000000000001,0,0,0
2097,-0.014,-0.01,-0.00050000000000000001,1.999441922571481e-06,9.4071429604886271e-07,-3.6183035988481687e-06
2098,-0.013000000000000001,-0.01,-0.00050000000000000001,5.4327566510409162e-06,3.0283015868891943e-06,-1.6961861666074852e-05
2099,-0.012,-0.01,-0.00050000000000000001,8.0046752199552471e-06,5.4782385355371062e-06,-3.9514780919975876e-05
2100,-0.010999999999999999,-0.01,-0.00050000000000000001,1.0243074850373294e-05,8.2272686162404833e-06,-7.0324219415860927e-05
2101,-0.01,-0.01,-0.00050000000000000001,1.1846377949889848e-05,1.089462599033507e-05,-0.00010786138213041092
2102,-0.0090000000000000011,-0.01,-0.00050000000000000001,1.285213306668736e-05,1.3239253452869291e-05,-0.00015042973278764037
2103,-0.0080000000000000002,-0.01,-0.00050000000000000001,1.3324622118122474e-05,1.5216097227109308e-05,-0.0001963478034692797
2104,-0.0069999999999999993,-0.01,-0.00050000000000000001,1.3322499962872533e-05,1.6893184530356811e-05,-0.00024396283122773876
2105,-0.0060000000000000001,-0.01,-0.00050000000000000001,1.2884446497583752e-05,1.8273489259162585e-05,-0.00029156810097881756
2106,-0.005000000000000001,-0.01,-0.00050000000000000001,1.2039945306136006e-05,1.9362709702483158e-05,-0.00033736573314750392
2107,-0.0040000000000000001,-0.01,-0.00050000000000000001,1.0810155464040248e-05,2.0180418036826994e-05,-0.00037948998051467639
2108,-0.0029999999999999992,-0.01,-0.00050000000000000001,9.2234197417383112e-06,2.0754039871524974e-05,-0.00041610253687762787
2109,-0.0019999999999999983,-0.01,-0.00050000000000000001,7.3344377167904872e-06,2.1094990132155446e-05,-0.00044557316356026011
2110,-0.0010000000000000009,-0.01,-0.00050000000000000001,5.2098453650431553e-06,2.1187666304334609e-05,-0.00046658035683175964
2111,0,-0.01,-0.00050000000000000001,2.9329370926105877e-06,2.1057401597151128e-05,-0.00047812668586512852
2112,0.0010000000000000009,-0.01,-0.00050000000000000001,6.276931235923712e-07,2.0765084569565945e-05,-0.00047961235772736832
2113,0.0019999999999999983,-0.01,-0.00050000000000000001,-1.6051621226769919e-06,2.0284236500977044e-05,-0.00047084524832124509
2114,0.0029999999999999992,-0.01,-0.00050000000000000001,-3.6838126572711364e-06,1.9618875152289586e-05,-0.00045205007477812972
2115,0.0040000000000000001,-0.01,-0.00050000000000000001,-5.5471392851263222e-06,1.8794230914327746e-05,-0.00042387397595449464
2116,0.005000000000000001,-0.01,-0.00050000000000000001,-7.1383581719729022e-06,1.7813019085267306e-05,-0.00038740525248261696
2117,0.0060000000000000019,-0.01,-0.00050000000000000001,-8.4090006149567197e-06,1.6662825982946269e-05,-0.00034406381917481541
2118,0.0069999999999999993,-0.01,-0.00050000000000000001,-9.3411495140795712e-06,1.5386059395574875e-05,-0.00029550513940067335
2119,0.0080000000000000002,-0.01,-0.00050000000000000001,-9.912346408057415e-06,1.3971594701090658e-05,-0.00024372231195615314
2120,0.0090000000000000011,-0.01,-0.00050000000000000001,-1.0068351823477384e-05,1.2352879352870501e-05,-0.00019099634570644109
2121,0.0099999999999999985,-0.01,-0.00050000000000000001,-9.7091686622890485e-06,1.0397922827575848e-05,-0.00013982896022523663
2122,0.010999999999999999,-0.01,-0.00050000000000000001,-8.7192961954477352e-06,8.0754116778644934e-06,-9.2933666639548576e-05
2123,0.012,-0.01,-0.00050000000000000001,-7.0024305458643567e-06,5.5733097739807543e-06,-5.3137537111746948e-05
2124,0.013000000000000001,-0.01,-0.00050000000000000001,-4.861699420822106e-06,3.241710434028095e-06,-2.311886411534017e-05
2125,0.014000000000000002,-0.01,-0.00050000000000000001,-1.7780598031167764e-06,1.0884956762187872e-06,-4.9837273940116148e-06
2126,0.015000000000000003,-0.01,-0.00050000000000000001,0,0,0
2127,0.016000000000000004,-0.01,-0.00050000000000000001,0,0,0
2128,0.016999999999999998,-0.01,-0.00050000000000000001,0,0,0
2129,0.017999999999999999,-0.01,-0.00050000000000000001,0,0,0
2130,0.019,-0.01,-0.00050000000000000001,0,0,0
2131,0.02,-0.01,-0.00050000000000000001,0,0,0
2132,-0.02,-0.0090000000000000011,-0.00050000000000000001,0,0,0
2133,-0.019,-0.0090000000000000011,-0.00050000000000000001,0,0,0
2134,-0.018000000000000002,-0.0090000000000000011,-0.00050000000000000001,0,0,0
2135,-0.017000000000000001,-0.0090000000000000011,-0.00050000000000000001,0,0,0
2136,-0.016,-0.0090000000000000011,-0.00050000000000000001,0,0,0
2137,-0.014999999999999999,-0.0090000000000000011,-0.00050000000000000001,0,0,0
2138,-0.014,-0.0090000000000000011,-0.00050000000000000001,2.9623835483472867e-06,1.149334429185216e-06,-5.4674642204685498e-06
2139,-0.013000000000000001,-0.0090000000000000011,-0.00050000000000000001,7.7760079203246539e-06,3.7766275437137248e-06,-2.5358607804815071e-05
2140,-0.012,-0.0090000000000000011,-0.00050000000000000001,1.0691320287940145e-05,6.4296613117840471e-06,-5.7573718828725858e-05
2141,-0.010999999999999999,-0.0090000000000000011,-0.00050000000000000001,1.2946408046795213e-05,9.1662668508544966e-06,-9.9759245812207548e-05
2142,-0.01,-0.0090000000000000011,-0.00050000000000000001,1.4316306019340964e-05,1.159680594441173e-05,-0.00014971338848250877
2143,-0.0090000000000000011,-0.0090000000000000011,-0.00050000000000000001,1.4913206763987924e-05,1.349284075046846e-05,-0.00020544597697978706
2144,-0.0080000000000000002,-0.0090000000000000011,-0.00050000000000000001,1.4911352542020665e-05,1.4897176508220835e-05,-0.0002650651006580176
2145,-0.0069999999999999993,-0.0090000000000000011,-0.00050000000000000001,1.4424558473056936e-05,1.5907690121029735e-05,-0.00032674316698026924
2146,-0.0060000000000000001,-0.0090000000000000011,-0.00050000000000000001,1.3538981497279775e-05,1.6543988445085978e-05,-0.00038852125076576066
2147,-0.005000000000000001,-0.0090000000000000011,-0.00050000000000000001,1.2335871521008459e-05,1.6855742276814552e-05,-0.00044823634379288237
2148,-0.0040000000000000001,-0.0090000000000000011,-0.00050000000000000001,1.0895060815677484e-05,1.691803600378177e-05,-0.00050352604001796194
2149,-0.0029999999999999992,-0.0090000000000000011,-0.00050000000000000001,9.2664656382366045e-06,1.6821823662852252e-05,-0.00055199264541236403
2150,-0.0019999999999999983,-0.0090000000000000011,-0.00050000000000000001,7.453994414316568e-06,1.6611201606585939e-05,-0.00059143839651091558
2151,-0.0010000000000000009,-0.0090000000000000011,-0.00050000000000000001,5.4806890803169319e-06,1.6299896802312957e-05,-0.00061996661099898741
2152,0,-0.0090000000000000011,-0.00050000000000000001,3.4263881037039484e-06,1.5932151499647794e-05,-0.00063615010886041269
2153,0.0010000000000000009,-0.0090000000000000011,-0.00050000000000000001,1.362473455939295e-06,1.5483314585018043e-05,-0.00063911873928986559
2154,0.0019999999999999983,-0.0090000000000000011,-0.00050000000000000001,-6.0871753471606393e-07,1.5010026496999802e-05,-0.00062856192263577684
2155,0.0029999999999999992,-0.0090000000000000011,-0.00050000000000000001,-2.4590799255049166e-06,1.4575119432987741e-05,-0.00060474955310709172
2156,0.0040000000000000001,-0.0090000000000000011,-0.00050000000000000001,-4.2034689229990222e-06,1.4207417752831505e-05,-0.00056855793767470375
2157,0.005000000000000001,-0.0090000000000000011,-0.00050000000000000001,-5.8405874830577973e-06,1.3872635110457056e-05,-0.00052137771162918121
2158,0.0060000000000000019,-0.0090000000000000011,-0.00050000000000000001,-7.3680898721614584e-06,1.3553566663899066e-05,-0.0004649862348712742
2159,0.0069999999999999993,-0.0090000000000000011,-0.00050000000000000001,-8.7745687695350414e-06,1.321905819601983e-05,-0.00040155591245958516
2160,0.0080000000000000002,-0.0090000000000000011,-0.00050000000000000001,-9.9818149314437461e-06,1.2739055235490594e-05,-0.00033366676086749996
2161,0.0090000000000000011,-0.0090000000000000011,-0.00050000000000000001,-1.0865827469149011e-05,1.1979901421946201e-05,-0.00026419562328386728
2162,0.0099999999999999985,-0.0090000000000000011,-0.00050000000000000001,-1.1217476321894035e-05,1.0737088720005866e-05,-0.00019620364037577283
2163,0.010999999999999999,-0.0090000000000000011,-0.00050000000000000001,-1.0778794797398231e-05,8.8762436687736818e-06,-0.00013295426015351954
2164,0.012,-0.0090000000000000011,-0.00050000000000000001,-9.3217683552486558e-06,6.5616763849525759e-06,-7.7918678005237655e-05
2165,0.013000000000000001,-0.0090000000000000011,-0.00050000000000000001,-7.0461311310561444e-06,4.1131345880932416e-06,-3.4759571282671773e-05
2166,0.014000000000000002,-0.0090000000000000011,-0.00050000000000000001,-2.6883119367307741e-06,1.388649784821466e-06,-7.5553454756092075e-06
2167,0.015000000000000003,-0.0090000000000000011,-0.00050000000000000001,0,0,0
2168,0.016000000000000004,-0.0090000000000000011,-0.00050000000000000001,0,0,0
2169,0.016999999999999998,-0.0090000000000000011,-0.00050000000000000001,0,0,0
2170,0.017999999999999999,-0.0090000000000000011,-0.00050000000000000001,0,0,0
2171,0.019,-0.0090000000000000011,-0.00050000000000000001,0,0,0
2172,0.02,-0.0090000000000000011,-0.00050000000000000001,0,0,0
2173,-0.02,-0.0080000000000000002,-0.00050000000000000001,0,0,0
2174,-0.019,-0.0080000000000000002,-0.00050000000000000001,0,0,0
2175,-0.018000000000000002,-0.0080000000000000002,-0.00050000000000000001,0,0,0
2176,-0.017000000000000001,-0.0080000000000000002,-0.00050000000000000001,0,0,0
2177,-0.016,-0.0080000000000000002,-0.00050000000000000001,0,0,0
2178,-0.014999999999999999,-0.0080000000000000002,-0.00050000000000000001,0,0,0
2179,-0.014,-0.0080000000000000002,-0.00050000000000000001,4.0090518663795605e-06,1.3940201504483794e-06,-7.596108310813398e-06
2180,-0.013000000000000001,-0.0080000000000000002,-0.00050000000000000001,1.0208891575456199e-05,4.3341216856348956e-06,-3.5009003550775718e-05
2181,-0.012,-0.0080000000000000002,-0.00050000000000000001,1.3305881152932231e-05,7.0271295177979968e-06,-7.7676832617192795e-05
2182,-0.010999999999999999,-0.0080000000000000002,-0.00050000000000000001,1.5410740539444138e-05,9.6530908820144526e-06,-0.00013165293588591947
2183,-0.01,-0.0080000000000000002,-0.00050000000000000001,1.639472666883845e-05,1.1754128750947256e-05,-0.00019430868297252152
2184,-0.0090000000000000011,-0.0080000000000000002,-0.00050000000000000001,1.645774065346234e-05,1.3140090112102922e-05,-0.00026355479815398034
2185,-0.0080000000000000002,-0.0080000000000000002,-0.00050000000000000001,1.5858778802881932e-05,1.3915297122368911e-05,-0.00033746323134646047
2186,-0.0069999999999999993,-0.0080000000000000002,-0.00050000000000000001,1.4758359299562713e-05,1.4186386120394529e-05,-0.00041415871941143556
2187,-0.0060000000000000001,-0.0080000000000000002,-0.00050000000000000001,1.3288334558690439e-05,1.397263708620371e-05,-0.00049149326184378186
2188,-0.005000000000000001,-0.0080000000000000002,-0.00050000000000000001,1.160543744747155e-05,1.3357258425702149e-05,-0.00056693235107525114
2189,-0.0040000000000000001,-0.0080000000000000002,-0.00050000000000000001,9.8701229448114719e-06,1.2471189569881443e-05,-0.0006375423311629631
2190,-0.0029999999999999992,-0.0080000000000000002,-0.00050000000000000001,8.1872927208588264e-06,1.148421780380575e-05,-0.00070021433315420475
2191,-0.0019999999999999983,-0.0080000000000000002,-0.00050000000000000001,6.6340166937958881e-06,1.0530713679123456e-05,-0.00075190444831712286
2192,-0.0010000000000000009,-0.0080000000000000002,-0.00050000000000000001,5.2187149136270118e-06,9.6900404352440173e-06,-0.00078989379540313198
2193,0,-0.0080000000000000002,-0.00050000000000000001,3.8835800582913682e-06,8.9194601446664076e-06,-0.00081211979334457594
2194,0.0010000000000000009,-0.0080000000000000002,-0.00050000000000000001,2.6560364715975033e-06,8.281623446961956e-06,-0.0008173133411033828
2195,0.0019999999999999983,-0.0080000000000000002,-0.00050000000000000001,1.4851010935246272e-06,7.8733081017712101e-06,-0.00080503458159294952
2196,0.0029999999999999992,-0.0080000000000000002,-0.00050000000000000001,2.2977623047659687e-07,7.7419091680884918e-06,-0.00077563002715958656
2197,0.0040000000000000001,-0.0080000000000000002,-0.00050000000000000001,-1.2030623659526816e-06,7.8558742706638855e-06,-0.00073020179672394667
2198,0.005000000000000001,-0.0080000000000000002,-0.00050000000000000001,-2.8184349964170882e-06,8.2188293827574135e-06,-0.00067055438926287396
2199,0.0060000000000000019,-0.0080000000000000002,-0.00050000000000000001,-4.6551782678280865e-06,8.8776969683663347e-06,-0.00059907218393160733
2200,0.0069999999999999993,-0.0080000000000000002,-0.00050000000000000001,-6.6794804741086644e-06,9.7172194204878982e-06,-0.00051867054241541222
2201,0.0080000000000000002,-0.0080000000000000002,-0.00050000000000000001,-8.7706974941560287e-06,1.0448589295232507e-05,-0.00043271295109162166
2202,0.0090000000000000011,-0.0080000000000000002,-0.00050000000000000001,-1.0674967643771173e-05,1.0773433388887686e-05,-0.0003447836668959537
2203,0.0099999999999999985,-0.0080000000000000002,-0.00050000000000000001,-1.204655906728309e-05,1.0417400557680807e-05,-0.00025850304448557949
2204,0.010999999999999999,-0.0080000000000000002,-0.00050000000000000001,-1.246668348909427e-05,9.1729158264804171e-06,-0.00017762140520602191
2205,0.012,-0.0080000000000000002,-0.00050000000000000001,-1.15458058471297e-05,7.1795717000066036e-06,-0.00010609311501301654
2206,0.013000000000000001,-0.0080000000000000002,-0.00050000000000000001,-9.3966131412896269e-06,4.8101434730406825e-06,-4.8321448330567638e-05
2207,0.014000000000000002,-0.0080000000000000002,-0.00050000000000000001,-3.7484230514158574e-06,1.719726228217339e-06,-1.0580622153602945e-05
2208,0.015000000000000003,-0.0080000000000000002,-0.00050000000000000001,0,0,0
2209,0.016000000000000004,-0.0080000000000000002,-0.00050000000000000001,0,0,0
2210,0.016999999999999998,-0.0080000000000000002,-0.00050000000000000001,0,0,0
2211,0.017999999999999999,-0.0080000000000000002,-0.00050000000000000001,0,0,0
2212,0.019,-0.0080000000000000002,-0.00050000000000000001,0,0,0
2213,0.02,-0.0080000000000000002,-0.00050000000000000001,0,0,0
2214,-0.02,-0.0069999999999999993,-0.00050000000000000001,0,0,0
2215,-0.019,-0.0069999999999999993,-0.00050000000000000001,0,0,0
2216,-0.018000000000000002,-0.0069999999999999993,-0.00050000000000000001,0,0,0
2217,-0.017000000000000001,-0.0069999999999999993,-0.00050000000000000001,0,0,0
2218,-0.016,-0.0069999999999999993,-0.00050000000000000001,0,0,0
2219,-0.014999999999999999,-0.0069999999999999993,-0.00050000000000000001,0,0,0
2220,-0.014,-0.0069999999999999993,-0.00050000000000000001,5.1667056731601288e-06,1.6030257438429903e-06,-9.9641844725390219e-06
2221,-0.013000000000000001,-0.0069999999999999993,-0.00050000000000000001,1.2704306320380913e-05,4.6434892713618891e-06,-4.5409169417988941e-05
2222,-0.012,-0.0069999999999999993,-0.00050000000000000001,1.5823536395148714e-05,7.2554773364789838e-06,-9.8800846835102641e-05
2223,-0.010999999999999999,-0.0069999999999999993,-0.00050000000000000001,1.7653295197428525e-05,9.699720719287095e-06,-0.00016455725747986305
2224,-0.01,-0.0069999999999999993,-0.00050000000000000001,1.8155589789901997e-05,1.1441212261659339e-05,-0.00023986183380228382
2225,-0.0090000000000000011,-0.0069999999999999993,-0.00050000000000000001,1.7593509647340259e-05,1.2314251005759817e-05,-0.0003227437504429342
2226,-0.0080000000000000002,-0.0069999999999999993,-0.00050000000000000001,1.6286872442433916e-05,1.2455332052975878e-05,-0.00041142007885721938
2227,-0.0069999999999999993,-0.0069999999999999993,-0.00050000000000000001,1.4436056456253765e-05,1.1961021025075555e-05,-0.00050410305536261271
2228,-0.0060000000000000001,-0.0069999999999999993,-0.00050000000000000001,1.2225404322260167e-05,1.084083577476181e-05,-0.00059853952235166868
2229,-0.005000000000000001,-0.0069999999999999993,-0.00050000000000000001,9.9290004770385858e-06,9.2040464326546847e-06,-0.00069183378795463165
2230,-0.0040000000000000001,-0.0069999999999999993,-0.00050000000000000001,7.794213337795238e-06,7.2052902022719502e-06,-0.00078039770397754255
2231,-0.0029999999999999992,-0.0069999999999999993,-0.00050000000000000001,6.0570589854583386e-06,5.060885282243338e-06,-0.00086020185511482931
2232,-0.0019999999999999983,-0.0069999999999999993,-0.00050000000000000001,4.955904287145955e-06,3.0374992135538945e-06,-0.0009270955399952684
2233,-0.0010000000000000009,-0.0069999999999999993,-0.00050000000000000001,4.4157878409616739e-06,1.2937582625106194e-06,-0.0009771812811816005
2234,0,-0.0069999999999999993,-0.00050000000000000001,4.4537723749662956e-06,-1.7490418070255835e-08,-0.0010075051455810129
2235,0.0010000000000000009,-0.0069999999999999993,-0.00050000000000000001,4.7818254170038734e-06,-7.2024756569315762e-07,-0.0010162060757573583
2236,0.0019999999999999983,-0.0069999999999999993,-0.00050000000000000001,4.9936009146852222e-06,-9.6054476144012553e-07,-0.0010027010942604483
2237,0.0029999999999999992,-0.0069999999999999993,-0.00050000000000000001,4.7697401311732591e-06,-7.614380883407745e-07,-0.00096722858223068911
2238,0.0040000000000000001,-0.0069999999999999993,-0.00050000000000000001,3.9462999293098521e-06,-7.9064552802474425e-08,-0.00091102122002681906
2239,0.005000000000000001,-0.0069999999999999993,-0.00050000000000000001,2.3918212967163293e-06,1.108523481800101e-06,-0.00083647583012497456
2240,0.0060000000000000019,-0.0069999999999999993,-0.00050000000000000001,1.4379866973787618e-07,2.8681981203570645e-06,-0.00074696482948657917
2241,0.0069999999999999993,-0.0069999999999999993,-0.00050000000000000001,-2.7608774434676242e-06,5.0619227367764582e-06,-0.00064660678319336019
2242,0.0080000000000000002,-0.0069999999999999993,-0.00050000000000000001,-6.0511010203161079e-06,7.2110684097784491e-06,-0.00053989922877269018
2243,0.0090000000000000011,-0.0069999999999999993,-0.00050000000000000001,-9.3678894332709275e-06,8.8454060498028029e-06,-0.00043136943067621981
2244,0.0099999999999999985,-0.0069999999999999993,-0.00050000000000000001,-1.214234688744167e-05,9.5220428053068604e-06,-0.00032524154065286068
2245,0.010999999999999999,-0.0069999999999999993,-0.00050000000000000001,-1.3758261216061406e-05,8.999000595338733e-06,-0.00022558415566870387
2246,0.012,-0.0069999999999999993,-0.00050000000000000001,-1.3669811713727945e-05,7.419728654676478e-06,-0.00013661955587339092
2247,0.013000000000000001,-0.0069999999999999993,-0.00050000000000000001,-1.1908358207981554e-05,5.2573754725204702e-06,-6.3251221787586013e-05
2248,0.014000000000000002,-0.0069999999999999993,-0.00050000000000000001,-4.9974412565400635e-06,2.0221260102154947e-06,-1.3972877082948016e-05
2249,0.015000000000000003,-0.0069999999999999993,-0.00050000000000000001,0,0,0
2250,0.016000000000000004,-0.0069999999999999993,-0.00050000000000000001,0,0,0
2251,0.016999999999999998,-0.0069999999999999993,-0.00050000000000000001,0,0,0
2252,0.017999999999999999,-0.0069999999999999993,-0.00050000000000000001,0,0,0
2253,0.019,-0.0069999999999999993,-0.00050000000000000001,0,0,0
2254,0.02,-0.0069999999999999993,-0.00050000000000000001,0,0,0
2255,-0.02,-0.0060000000000000001,-0.00050000000000000001,0,0,0
2256,-0.019,-0.0060000000000000001,-0.00050000000000000001,0,0,0
2257,-0.018000000000000002,-0.0060000000000000001,-0.00050000000000000001,0,0,0
2258,-0.017000000000000001,-0.0060000000000000001,-0.00050000000000000001,0,0,0
2259,-0.016,-0.0060000000000000001,-0.00050000000000000001,0,0,0
2260,-0.014999999999999999,-0.0060000000000000001,-0.00050000000000000001,0,0,0
2261,-0.014,-0.0060000000000000001,-0.00050000000000000001,6.3983814834923848e-06,1.723528806604678e-06,-1.2440636948014058e-05
2262,-0.013000000000000001,-0.0060000000000000001,-0.00050000000000000001,1.521685275970401e-05,4.6924635176923479e-06,-5.5993465785626524e-05
2263,-0.012,-0.0060000000000000001,-0.00050000000000000001,1.8209526833485963e-05,7.1101646469922686e-06,-0.00011991777844794473
2264,-0.010999999999999999,-0.0060000000000000001,-0.00050000000000000001,1.9649000961427923e-05,9.3119808039690708e-06,-0.00019702851213153024
2265,-0.01,-0.0060000000000000001,-0.00050000000000000001,1.9610494411371761e-05,1.0713083524314022e-05,-0.00028457482769109286
2266,-0.0090000000000000011,-0.0060000000000000001,-0.00050000000000000001,1.8353242993891317e-05,1.1119012046469606e-05,-0.00038092055685826087
2267,-0.0080000000000000002,-0.0060000000000000001,-0.00050000000000000001,1.6233474834010356e-05,1.067140658082165e-05,-0.00048460190969928056
2268,-0.0069999999999999993,-0.0060000000000000001,-0.00050000000000000001,1.3489973536882575e-05,9.4500981525323335e-06,-0.00059407326278154314
2269,-0.0060000000000000001,-0.0060000000000000001,-0.00050000000000000001,1.0366822364053953e-05,7.4459160646558415e-06,-0.00070711467064811192
2270,-0.005000000000000001,-0.0060000000000000001,-0.00050000000000000001,7.2694643224354914e-06,4.7498534261961596e-06,-0.00082055773863090229
2271,-0.0040000000000000001,-0.0060000000000000001,-0.00050000000000000001,4.5359163100764982e-06,1.4809727755776736e-06,-0.00093019159750429617
2272,-0.0029999999999999992,-0.0060000000000000001,-0.00050000000000000001,2.738560318612156e-06,-2.0752888324745362e-06,-0.0010310022584388836
2273,-0.0019999999999999983,-0.0060000000000000001,-0.00050000000000000001,2.1878309114406058e-06,-5.6154639858645826e-06,-0.0011173482742267006
2274,-0.0010000000000000009,-0.0060000000000000001,-0.00050000000000000001,2.9940227852589723e-06,-8.7755361212295808e-06,-0.0011835302098348499
2275,0,-0.0060000000000000001,-0.00050000000000000001,5.2641073378177899e-06,-1.0934621459918759e-05,-0.0012252184756749414
2276,0.0010000000000000009,-0.0060000000000000001,-0.00050000000000000001,8.0928848342259324e-06,-1.1738121749553678e-05,-0.0012394954041608306
2277,0.0019999999999999983,-0.0060000000000000001,-0.00050000000000000001,1.0467842289100964e-05,-1.1820916576882147e-05,-0.0012255763192989086
2278,0.0029999999999999992,-0.0060000000000000001,-0.00050000000000000001,1.2006457459250829e-05,-1.151432123350521e-05,-0.0011833597558988573
2279,0.0040000000000000001,-0.0060000000000000001,-0.00050000000000000001,1.2218330785194812e-05,-1.023239171345548e-05,-0.001114318872406803
2280,0.005000000000000001,-0.0060000000000000001,-0.00050000000000000001,1.0843903013840191e-05,-7.8586011698027864e-06,-0.0010214499069693727
2281,0.0060000000000000019,-0.0060000000000000001,-0.00050000000000000001,7.8948379763216683e-06,-4.5203794492908036e-06,-0.00090965061496934478
2282,0.0069999999999999993,-0.0060000000000000001,-0.00050000000000000001,3.6094717079602951e-06,-5.6782019152822316e-07,-0.00078507377948135876
2283,0.0080000000000000002,-0.0060000000000000001,-0.00050000000000000001,-1.4930513992093617e-06,3.2742395050381131e-06,-0.00065404051410091694
2284,0.0090000000000000011,-0.0060000000000000001,-0.00050000000000000001,-6.7202820064106932e-06,6.3392764413254716e-06,-0.00052227540271672975
2285,0.0099999999999999985,-0.0060000000000000001,-0.00050000000000000001,-1.1359984589197545e-05,8.1352091648289923e-06,-0.0003946276491180366
2286,0.010999999999999999,-0.0060000000000000001,-0.00050000000000000001,-1.4547380162732853e-05,8.369119834216947e-06,-0.00027529408717004699
2287,0.012,-0.0060000000000000001,-0.00050000000000000001,-1.5618949978931157e-05,7.2719440145975906e-06,-0.00016837371434890052
2288,0.013000000000000001,-0.0060000000000000001,-0.00050000000000000001,-1.4523232794171275e-05,5.4142806296230223e-06,-7.8919054511399634e-05
2289,0.014000000000000002,-0.0060000000000000001,-0.00050000000000000001,-6.3953678825264267e-06,2.2211555360182007e-06,-1.7588322791353385e-05
2290,0.015000000000000003,-0.0060000000000000001,-0.00050000000000000001,0,0,0
2291,0.016000000000000004,-0.0060000000000000001,-0.00050000000000000001,0,0,0
2292,0.016999999999999998,-0.0060000000000000001,-0.00050000000000000001,0,0,0
2293,0.017999999999999999,-0.0060000000000000001,-0.00050000000000000001,0,0,0
2294,0.019,-0.0060000000000000001,-0.00050000000000000001,0,0,0
2295,0.02,-0.0060000000000000001,-0.00050000000000000001,0,0,0
2296,-0.02,-0.005000000000000001,-0.00050000000000000001,0,0,0
2297,-0.019,-0.005000000000000001,-0.00050000000000000001,0,0,0
2298,-0.018000000000000002,-0.005000000000000001,-0.00050000000000000001,0,0,0
2299,-0.017000000000000001,-0.005000000000000001,-0.00050000000000000001,0,0,0
2300,-0.016,-0.005000000000000001,-0.00050000000000000001,0,0,0
2301,-0.014999999999999999,-0.005000000000000001,-0.00050000000000000001,0,0,0
2302,-0.014,-0.005000000000000001,-0.00050000000000000001,7.6308668563713436e-06,1.7227297403654076e-06,-1.4873991533377291e-05
2303,-0.013000000000000001,-0.005000000000000001,-0.00050000000000000001,1.7650664046937062e-05,4.4725800650580101e-06,-6.6204501568647867e-05
2304,-0.012,-0.005000000000000001,-0.00050000000000000001,2.03967362202544e-05,6.6072937881916219e-06,-0.00014001472959497874
2305,-0.010999999999999999,-0.005000000000000001,-0.00050000000000000001,2.1358287610538973e-05,8.5016828764967674e-06,-0.00022762816088858781
2306,-0.01,-0.005000000000000001,-0.00050000000000000001,2.077631486357165e-05,9.6156499197487257e-06,-0.00032661258851592447
2307,-0.0090000000000000011,-0.005000000000000001,-0.00050000000000000001,1.8803759387880851e-05,9.6538209577699677e-06,-0.00043585527834350105
2308,-0.0080000000000000002,-0.005000000000000001,-0.00050000000000000001,1.5805248422535322e-05,8.7335667611963606e-06,-0.00055436840614439444
2309,-0.0069999999999999993,-0.005000000000000001,-0.00050000000000000001,1.2057667245483641e-05,6.927343199724509e-06,-0.00068102114597307398
2310,-0.0060000000000000001,-0.005000000000000001,-0.00050000000000000001,7.8363010941387887e-06,4.1772105790876492e-06,-0.00081383698418873622
2311,-0.005000000000000001,-0.005000000000000001,-0.00050000000000000001,3.6450460220704779e-06,4.6684907618692859e-07,-0.00094965128780335789
2312,-0.0040000000000000001,-0.005000000000000001,-0.00050000000000000001,-6.568962967141609e-08,-4.2193805771521982e-06,-0.0010840801706557058
2313,-0.0029999999999999992,-0.005000000000000001,-0.00050000000000000001,-2.1774447553300705e-06,-9.5803015775729878e-06,-0.0012113527211571648
2314,-0.0019999999999999983,-0.005000000000000001,-0.00050000000000000001,-2.3541939447480202e-06,-1.5370104382115094e-05,-0.0013238236648556909
2315,-0.0010000000000000009,-0.005000000000000001,-0.00050000000000000001,2.1045912637364426e-07,-2.1217791214606179e-05,-0.0014127424542291365
2316,0,-0.005000000000000001,-0.00050000000000000001,6.2542495228171751e-06,-2.4987296474800591e-05,-0.0014712853520610898
2317,0.0010000000000000009,-0.005000000000000001,-0.00050000000000000001,1.3458372291144751e-05,-2.6032461208924148e-05,-0.0014943438482719908
2318,0.0019999999999999983,-0.005000000000000001,-0.00050000000000000001,1.9721670367990255e-05,-2.5638837780071121e-05,-0.0014809762176530893
2319,0.0029999999999999992,-0.005000000000000001,-0.00050000000000000001,2.3880256595342493e-05,-2.5236943832522192e-05,-0.0014305416169233831
2320,0.0040000000000000001,-0.005000000000000001,-0.00050000000000000001,2.5767588192165773e-05,-2.3633116356402868e-05,-0.0013448598292938021
2321,0.005000000000000001,-0.005000000000000001,-0.00050000000000000001,2.4306734845418538e-05,-1.9615373761731845e-05,-0.0012282301221341811
2322,0.0060000000000000019,-0.005000000000000001,-0.00050000000000000001,1.996793126981866e-05,-1.3471126198108026e-05,-0.0010878789689179945
2323,0.0069999999999999993,-0.005000000000000001,-0.00050000000000000001,1.3249652229320611e-05,-6.8873139960994726e-06,-0.00093314982651899743
2324,0.0080000000000000002,-0.005000000000000001,-0.00050000000000000001,5.3668926430442582e-06,-1.040490316365697e-06,-0.00077307503545850085
2325,0.0090000000000000011,-0.005000000000000001,-0.00050000000000000001,-2.580529474809756e-06,3.547939423961669e-06,-0.00061504349153664744
2326,0.0099999999999999985,-0.005000000000000001,-0.00050000000000000001,-9.5973932732699099e-06,6.4076837078376935e-06,-0.00046430323770835767
2327,0.010999999999999999,-0.005000000000000001,-0.00050000000000000001,-1.4739315795699468e-05,7.3330052819776547e-06,-0.0003248118176813786
2328,0.012,-0.005000000000000001,-0.00050000000000000001,-1.7291036282478176e-05,6.7470705093424959e-06,-0.0002000288430818995
2329,0.013000000000000001,-0.005000000000000001,-0.00050000000000000001,-1.7117835320658552e-05,5.2505041474462626e-06,-9.4635866656060614e-05
2330,0.014000000000000002,-0.005000000000000001,-0.00050000000000000001,-7.8635593741656845e-06,2.2697639205022256e-06,-2.1257522299875435e-05
2331,0.015000000000000003,-0.005000000000000001,-0.00050000000000000001,0,0,0
2332,0.016000000000000004,-0.005000000000000001,-0.00050000000000000001,0,0,0
2333,0.016999999999999998,-0.005000000000000001,-0.00050000000000000001,0,0,0
2334,0.017999999999999999,-0.005000000000000001,-0.00050000000000000001,0,0,0
2335,0.019,-0.005000000000000001,-0.00050000000000000001,0,0,0
2336,0.02,-0.005000000000000001,-0.00050000000000000001,0,0,0
2337,-0.02,-0.0040000000000000001,-0.00050000000000000001,0,0,0
2338,-0.019,-0.0040000000000000001,-0.00050000000000000001,0,0,0
2339,-0.018000000000000002,-0.0040000000000000001,-0.00050000000000000001,0,0,0
2340,-0.017000000000000001,-0.0040000000000000001,-0.00050000000000000001,0,0,0
2341,-0.016,-0.0040000000000000001,-0.00050000000000000001,0,0,0
2342,-0.014999999999999999,-0.0040000000000000001,-0.00050000000000000001,0,0,0
2343,-0.014,-0.0040000000000000001,-0.00050000000000000001,8.7788342366448909e-06,1.5893150083737596e-06,-1.7115310739098028e-05
2344,-0.013000000000000001,-0.0040000000000000001,-0.00050000000000000001,1.9880994116970353e-05,3.9868952198103696e-06,-7.5510124666710901e-05
2345,-0.012,-0.0040000000000000001,-0.00050000000000000001,2.2313805345804816e-05,5.7731439175506686e-06,-0.00015811633177627003
2346,-0.010999999999999999,-0.0040000000000000001,-0.00050000000000000001,2.2766497742153529e-05,7.3006604760479205e-06,-0.00025495915340398897
2347,-0.01,-0.0040000000000000001,-0.00050000000000000001,2.1684870244049993e-05,8.1821033047084178e-06,-0.00036413707938555732
2348,-0.0090000000000000011,-0.0040000000000000001,-0.00050000000000000001,1.9035993475172689e-05,7.9973473501682492e-06,-0.00048520176708071421
2349,-0.0080000000000000002,-0.0040000000000000001,-0.00050000000000000001,1.5150712444758329e-05,6.7901440749136436e-06,-0.00061775237973542047
2350,-0.0069999999999999993,-0.0040000000000000001,-0.00050000000000000001,1.0311800046772087e-05,4.6289825125879308e-06,-0.00076122467569868517
2351,-0.0060000000000000001,-0.0040000000000000001,-0.00050000000000000001,4.7841701847956571e-06,1.3680249076261847e-06,-0.00091423025551047403
2352,-0.005000000000000001,-0.0040000000000000001,-0.00050000000000000001,-9.3197285225588497e-07,-3.189537901644331e-06,-0.0010743035031796774
2353,-0.0040000000000000001,-0.0040000000000000001,-0.00050000000000000001,-6.2251073574522252e-06,-9.252796808196449e-06,-0.0012378822714424029
2354,-0.0029999999999999992,-0.0040000000000000001,-0.00050000000000000001,-9.407009350803582e-06,-1.670346070300395e-05,-0.0013991453163667562
2355,-0.0019999999999999983,-0.0040000000000000001,-0.00050000000000000001,-1.0592302497524081e-05,-2.6078592059134541e-05,-0.00154817491867493
2356,-0.0010000000000000009,-0.0040000000000000001,-0.00050000000000000001,-5.9766631365058684e-06,-3.7517188191509461e-05,-0.0016712528519854059
2357,0,-0.0040000000000000001,-0.00050000000000000001,7.0280552332836699e-06,-4.4806174013186609e-05,-0.0017560104751892678
2358,0.0010000000000000009,-0.0040000000000000001,-0.00050000000000000001,2.2865669693672129e-05,-4.678865548145133e-05,-0.0017918104887619665
2359,0.0019999999999999983,-0.0040000000000000001,-0.00050000000000000001,3.5618357915718503e-05,-4.5750588714096692e-05,-0.0017798082047058299
2360,0.0029999999999999992,-0.0040000000000000001,-0.00050000000000000001,4.3953178307189141e-05,-4.477874671229452e-05,-0.0017190970770856247
2361,0.0040000000000000001,-0.0040000000000000001,-0.00050000000000000001,4.8080459241258513e-05,-4.1682505182651142e-05,-0.0016104219735902411
2362,0.005000000000000001,-0.0040000000000000001,-0.00050000000000000001,4.60522154764309e-05,-3.4290761686759955e-05,-0.001460171767446926
2363,0.0060000000000000019,-0.0040000000000000001,-0.00050000000000000001,3.8257708882593328e-05,-2.4092313918987643e-05,-0.0012810968244433214
2364,0.0069999999999999993,-0.0040000000000000001,-0.00050000000000000001,2.7117984345489418e-05,-1.3801593136549673e-05,-0.0010876085781044843
2365,0.0080000000000000002,-0.0040000000000000001,-0.00050000000000000001,1.4806154909852512e-05,-5.2964117750945541e-06,-0.00089297873645787624
2366,0.0090000000000000011,-0.0040000000000000001,-0.00050000000000000001,3.0712273572460702e-06,8.2875183350629794e-07,-0.00070577792586989235
2367,0.0099999999999999985,-0.0040000000000000001,-0.00050000000000000001,-6.936377256254629e-06,4.5514523487779302e-06,-0.00053101947159445064
2368,0.010999999999999999,-0.0040000000000000001,-0.00050000000000000001,-1.4338341102393275e-05,5.9915683484100541e-06,-0.00037167580683651353
2369,0.012,-0.0040000000000000001,-0.00050000000000000001,-1.8598380802905451e-05,5.8741633077321181e-06,-0.00022997962117898339
2370,0.013000000000000001,-0.0040000000000000001,-0.00050000000000000001,-1.9528712649120465e-05,4.74829552922577e-06,-0.00010961233512924842
2371,0.014000000000000002,-0.0040000000000000001,-0.00050000000000000001,-9.2942748514576227e-06,2.1383721015518598e-06,-2.4786902810166082e-05
2372,0.015000000000000003,-0.0040000000000000001,-0.00050000000000000001,0,0,0
2373,0.016000000000000004,-0.0040000000000000001,-0.00050000000000000001,0,0,0
2374,0.016999999999999998,-0.0040000000000000001,-0.00050000000000000001,0,0,0
2375,0.017999999999999999,-0.0040000000000000001,-0.00050000000000000001,0,0,0
2376,0.019,-0.0040000000000000001,-0.00050000000000000001,0,0,0
2377,0.02,-0.0040000000000000001,-0.00050000000000000001,0,0,0
2378,-0.02,-0.0029999999999999992,-0.00050000000000000001,0,0,0
2379,-0.019,-0.0029999999999999992,-0.00050000000000000001,0,0,0
2380,-0.018000000000000002,-0.0029999999999999992,-0.00050000000000000001,0,0,0
2381,-0.017000000000000001,-0.0029999999999999992,-0.00050000000000000001,0,0,0
2382,-0.016,-0.0029999999999999992,-0.00050000000000000001,0,0,0
2383,-0.014999999999999999,-0.0029999999999999992,-0.00050000000000000001,0,0,0
2384,-0.014,-0.0029999999999999992,-0.00050000000000000001,9.7531245339902381e-06,1.3263849827389681e-06,-1.902228689183968e-05
2385,-0.013000000000000001,-0.0029999999999999992,-0.00050000000000000001,2.1776291139018848e-05,3.2560040260111565e-06,-8.3407872960273251e-05
2386,-0.012,-0.0029999999999999992,-0.00050000000000000001,2.3902338961718295e-05,4.635919390726707e-06,-0.00017331635700235077
2387,-0.010999999999999999,-0.0029999999999999992,-0.00050000000000000001,2.3879724047611478e-05,5.7690746106306545e-06,-0.00027773387667136723
2388,-0.01,-0.0029999999999999992,-0.00050000000000000001,2.2364385653771844e-05,6.4429327587181351e-06,-0.00039540961352198804
2389,-0.0090000000000000011,-0.0029999999999999992,-0.00050000000000000001,1.9139735143155546e-05,6.1950305782983789e-06,-0.00052661612714890896
2390,-0.0080000000000000002,-0.0029999999999999992,-0.00050000000000000001,1.4452789799575439e-05,4.9428285954071713e-06,-0.00067158010386562017
2391,-0.0069999999999999993,-0.0029999999999999992,-0.00050000000000000001,8.5080044598394908e-06,2.7496517537232242e-06,-0.00083041245238815373
2392,-0.0060000000000000001,-0.0029999999999999992,-0.00050000000000000001,1.5372380734482941e-06,-5.7725393727732076e-07,-0.0010027555036325865
2393,-0.005000000000000001,-0.0029999999999999992,-0.00050000000000000001,-6.1197005169340747e-06,-5.3507739345037154e-06,-0.0011878926181305008
2394,-0.0040000000000000001,-0.0029999999999999992,-0.00050000000000000001,-1.3793512258192616e-05,-1.2094580886333168e-05,-0.0013846248899338886
2395,-0.0029999999999999992,-0.0029999999999999992,-0.00050000000000000001,-2.0433456600553891e-05,-2.2268332615792277e-05,-0.0015887028179235813
2396,-0.0019999999999999983,-0.0029999999999999992,-0.00050000000000000001,-2.6450433614778028e-05,-3.9098270827321219e-05,-0.0017887748677072493
2397,-0.0010000000000000009,-0.0029999999999999992,-0.00050000000000000001,-2.0224924062557224e-05,-6.1556856908209488e-05,-0.0019650820024538049
2398,0,-0.0029999999999999992,-0.00050000000000000001,4.918991032731852e-06,-7.5307783080662261e-05,-0.0020901938933750473
2399,0.0010000000000000009,-0.0029999999999999992,-0.00050000000000000001,3.5432497282436382e-05,-7.9652034622894479e-05,-0.0021404739795679436
2400,0.0019999999999999983,-0.0029999999999999992,-0.00050000000000000001,6.088946373535771e-05,-8.0249189208298765e-05,-0.0021287165216434026
2401,0.0029999999999999992,-0.0029999999999999992,-0.00050000000000000001,7.6538434376604067e-05,-7.8653051717106719e-05,-0.0020571274936159126
2402,0.0040000000000000001,-0.0029999999999999992,-0.00050000000000000001,8.4433906086062228e-05,-7.1574233346846663e-05,-0.0019168853564439699
2403,0.005000000000000001,-0.0029999999999999992,-0.00050000000000000001,8.0316251420439868e-05,-5.1722280732821643e-05,-0.0017183578251657946
2404,0.0060000000000000019,-0.0029999999999999992,-0.00050000000000000001,6.5614622224729707e-05,-3.3977960146235993e-05,-0.0014845577246345373
2405,0.0069999999999999993,-0.0029999999999999992,-0.00050000000000000001,4.6388722822555347e-05,-1.919213888614226e-05,-0.0012415502994627709
2406,0.0080000000000000002,-0.0029999999999999992,-0.00050000000000000001,2.6814913103326417e-05,-8.3900245409262515e-06,-0.0010067597008571018
2407,0.0090000000000000011,-0.0029999999999999992,-0.00050000000000000001,9.8336601845834456e-06,-1.2562973368419897e-06,-0.00078881295636185999
2408,0.0099999999999999985,-0.0029999999999999992,-0.00050000000000000001,-3.7144908205209942e-06,2.8242967211853237e-06,-0.00059055682947186413
2409,0.010999999999999999,-0.0029999999999999992,-0.00050000000000000001,-1.3517556313506315e-05,4.4905171413681551e-06,-0.00041292636760395556
2410,0.012,-0.0029999999999999992,-0.00050000000000000001,-1.9519325480014455e-05,4.6950259245071063e-06,-0.00025634423048167404
2411,0.013000000000000001,-0.0029999999999999992,-0.00050000000000000001,-2.1591505931450394e-05,3.9210122950710149e-06,-0.00012292750433125682
2412,0.014000000000000002,-0.0029999999999999992,-0.00050000000000000001,-1.0567478163353688e-05,1.8183126647886351e-06,-2.7950855656124159e-05
2413,0.015000000000000003,-0.0029999999999999992,-0.00050000000000000001,0,0,0
2414,0.016000000000000004,-0.0029999999999999992,-0.00050000000000000001,0,0,0
2415,0.016999999999999998,-0.0029999999999999992,-0.00050000000000000001,0,0,0
2416,0.017999999999999999,-0.0029999999999999992,-0.00050000000000000001,0,0,0
2417,0.019,-0.0029999999999999992,-0.00050000000000000001,0,0,0
2418,0.02,-0.0029999999999999992,-0.00050000000000000001,0,0,0
2419,-0.02,-0.0019999999999999983,-0.00050000000000000001,0,0,0
2420,-0.019,-0.0019999999999999983,-0.00050000000000000001,0,0,0
2421,-0.018000000000000002,-0.0019999999999999983,-0.00050000000000000001,0,0,0
2422,-0.017000000000000001,-0.0019999999999999983,-0.00050000000000000001,0,0,0
2423,-0.016,-0.0019999999999999983,-0.00050000000000000001,0,0,0
2424,-0.014999999999999999,-0.0019999999999999983,-0.00050000000000000001,0,0,0
2425,-0.014,-0.0019999999999999983,-0.00050000000000000001,1.0488826890786769e-05,9.5322793088720595e-07,-2.0477655203105801e-05
2426,-0.013000000000000001,-0.0019999999999999983,-0.00050000000000000001,2.3235341665219913e-05,2.312402136424606e-06,-8.9439005559639861e-05
2427,-0.012,-0.0019999999999999983,-0.00050000000000000001,2.5101651949722299e-05,3.2399975584162609e-06,-0.00018481077296898077
2428,-0.010999999999999999,-0.0019999999999999983,-0.00050000000000000001,2.4681961264413164e-05,3.9824840150091434e-06,-0.00029485486243968151
2429,-0.01,-0.0019999999999999983,-0.00050000000000000001,2.2825781895024061e-05,4.450365305898716e-06,-0.00041892441160133954
2430,-0.0090000000000000011,-0.0019999999999999983,-0.00050000000000000001,1.9179611817448924e-05,4.2511526300565712e-06,-0.00055795569428852951
2431,-0.0080000000000000002,-0.0019999999999999983,-0.00050000000000000001,1.3885867594612203e-05,3.225783159430934e-06,-0.00071275866405003281
2432,-0.0069999999999999993,-0.0019999999999999983,-0.00050000000000000001,6.9709653451812615e-06,1.4117953302245338e-06,-0.00088411505354813781
2433,-0.0060000000000000001,-0.0019999999999999983,-0.00050000000000000001,-1.4361260320371664e-06,-1.3690395220979678e-06,-0.0010729956478012226
2434,-0.005000000000000001,-0.0019999999999999983,-0.00050000000000000001,-1.1420627477249739e-05,-5.6484621680911952e-06,-0.0012813844536705599
2435,-0.0040000000000000001,-0.0019999999999999983,-0.00050000000000000001,-2.3028533249009972e-05,-1.2953647535462373e-05,-0.0015123382640062938
2436,-0.0029999999999999992,-0.0019999999999999983,-0.00050000000000000001,-3.8038896081564728e-05,-2.6908314162861149e-05,-0.0017661513246108069
2437,-0.0019999999999999983,-0.0019999999999999983,-0.00050000000000000001,-5.6379808245760112e-05,-5.4357401591400367e-05,-0.0020344350171842759
2438,-0.0010000000000000009,-0.0019999999999999983,-0.00050000000000000001,-4.9717994669797853e-05,-8.6522252043949536e-05,-0.0022874952284258013
2439,0,-0.0019999999999999983,-0.00050000000000000001,-7.4286652279259534e-06,-0.00010836278451322952,-0.0024753782115437472
2440,0.0010000000000000009,-0.0019999999999999983,-0.00050000000000000001,5.227926647704039e-05,-0.00011349605990784589,-0.0025340089786672969
2441,0.0019999999999999983,-0.0019999999999999983,-0.00050000000000000001,0.00010433490825454462,-0.00011849031057312452,-0.0025288611033735774
2442,0.0029999999999999992,-0.0019999999999999983,-0.00050000000000000001,0.00013741586755201661,-0.00011966364310900009,-0.0024525994777283545
2443,0.0040000000000000001,-0.0019999999999999983,-0.00050000000000000001,0.00015244786277004434,-0.00010784818734344439,-0.0022707542645540109
2444,0.005000000000000001,-0.0019999999999999983,-0.00050000000000000001,0.00013785086785544155,-7.4089519579504612e-05,-0.0019896002558519887
2445,0.0060000000000000019,-0.0019999999999999983,-0.00050000000000000001,0.00010227483426311264,-4.1636435918763711e-05,-0.0016803729010567447
2446,0.0069999999999999993,-0.0019999999999999983,-0.00050000000000000001,6.8684082874542212e-05,-2.1499188255711786e-05,-0.0013797254195118825
2447,0.0080000000000000002,-0.0019999999999999983,-0.00050000000000000001,3.9587111784518571e-05,-9.1812536290873595e-06,-0.001103744829292835
2448,0.0090000000000000011,-0.0019999999999999983,-0.00050000000000000001,1.661316473349779e-05,-2.1966864422945394e-06,-0.0008568596763858608
2449,0.0099999999999999985,-0.0019999999999999983,-0.00050000000000000001,-5.4960615625327417e-07,1.4677952414123993e-06,-0.00063809338731809985
2450,0.010999999999999999,-0.0019999999999999983,-0.00050000000000000001,-1.258280292420972e-05,2.9547121434969368e-06,-0.00044539665811387267
2451,0.012,-0.0019999999999999983,-0.00050000000000000001,-2.0101792710248791e-05,3.2682915645762687e-06,-0.00027709986240255383
2452,0.013000000000000001,-0.0019999999999999983,-0.00050000000000000001,-2.3181656135360915e-05,2.8032877079090827e-06,-0.0001335418878763051
2453,0.014000000000000002,-0.0019999999999999983,-0.00050000000000000001,-1.1562357202233325e-05,1.3232730705409663e-06,-3.0487074759764237e-05
2454,0.015000000000000003,-0.0019999999999999983,-0.00050000000000000001,0,0,0
2455,0.016000000000000004,-0.0019999999999999983,-0.00050000000000000001,0,0,0
2456,0.016999999999999998,-0.0019999999999999983,-0.00050000000000000001,0,0,0
2457,0.017999999999999999,-0.0019999999999999983,-0.00050000000000000001,0,0,0
2458,0.019,-0.0019999999999999983,-0.00050000000000000001,0,0,0
2459,0.02,-0.0019999999999999983,-0.00050000000000000001,0,0,0
2460,-0.02,-0.0010000000000000009,-0.00050000000000000001,0,0,0
2461,-0.019,-0.0010000000000000009,-0.00050000000000000001,0,0,0
2462,-0.018000000000000002,-0.0010000000000000009,-0.00050000000000000001,0,0,0
2463,-0.017000000000000001,-0.0010000000000000009,-0.00050000000000000001,0,0,0
2464,-0.016,-0.0010000000000000009,-0.00050000000000000001,0,0,0
2465,-0.014999999999999999,-0.0010000000000000009,-0.00050000000000000001,0,0,0
2466,-0.014,-0.0010000000000000009,-0.00050000000000000001,1.0948077963798819e-05,4.995150698619048e-07,-2.1391210914624252e-05
2467,-0.013000000000000001,-0.0010000000000000009,-0.00050000000000000001,2.4161874259904147e-05,1.200592647190101e-06,-9.3226661439750564e-05
2468,-0.012,-0.0010000000000000009,-0.00050000000000000001,2.5852361340196624e-05,1.6667321138087502e-06,-0.00019197266684498052
2469,-0.010999999999999999,-0.0010000000000000009,-0.00050000000000000001,2.5152559876402756e-05,2.0275217722396526e-06,-0.00030548260164876308
2470,-0.01,-0.0010000000000000009,-0.00050000000000000001,2.3080106601945437e-05,2.2764123384575092e-06,-0.00043352231620358419
2471,-0.0090000000000000011,-0.0010000000000000009,-0.00050000000000000001,1.9197378080209595e-05,2.1710831387503571e-06,-0.0005775033389074358
2472,-0.0080000000000000002,-0.0010000000000000009,-0.00050000000000000001,1.3558591815697593e-05,1.5976169938130247e-06,-0.00073865293076640093
2473,-0.0069999999999999993,-0.0010000000000000009,-0.00050000000000000001,5.9808705372299855e-06,5.536214621903623e-07,-0.00091827238159352743
2474,-0.0060000000000000001,-0.0010000000000000009,-0.00050000000000000001,-3.6697556116659471e-06,-1.0979109949186648e-06,-0.00111854449461389
2475,-0.005000000000000001,-0.0010000000000000009,-0.00050000000000000001,-1.6288900384070355e-05,-3.8604399036073598e-06,-0.0013440732721077494
2476,-0.0040000000000000001,-0.0010000000000000009,-0.00050000000000000001,-3.3576562020578776e-05,-9.2756058372711942e-06,-0.0016028694652795495
2477,-0.0029999999999999992,-0.0010000000000000009,-0.00050000000000000001,-6.0107546286927863e-05,-2.1077094149912166e-05,-0.0019036282920931933
2478,-0.0019999999999999983,-0.0010000000000000009,-0.00050000000000000001,-9.094237775263352e-05,-4.446674427186921e-05,-0.0022448622623601018
2479,-0.0010000000000000009,-0.0010000000000000009,-0.00050000000000000001,-9.2938712289559282e-05,-7.4664349479874322e-05,-0.0026182343699356382
2480,0,-0.0010000000000000009,-0.00050000000000000001,-3.296263234348692e-05,-9.2026252766520377e-05,-0.0028538264313072671
2481,0.0010000000000000009,-0.0010000000000000009,-0.00050000000000000001,5.5109824528275019e-05,-9.7495752061891252e-05,-0.0029201492029525006
2482,0.0019999999999999983,-0.0010000000000000009,-0.00050000000000000001,0.000145193009838031,-0.00010325995728570726,-0.0029186701017672625
2483,0.0029999999999999992,-0.0010000000000000009,-0.00050000000000000001,0.00021322154654207338,-0.00010563573660394062,-0.0028435298644314388
2484,0.0040000000000000001,-0.0010000000000000009,-0.00050000000000000001,0.00025248257584556904,-0.0001006368195831483,-0.0026388686357090747
2485,0.005000000000000001,-0.0010000000000000009,-0.00050000000000000001,0.00021703827541364769,-6.6938858870323984e-05,-0.002240054693218771
2486,0.0060000000000000019,-0.0010000000000000009,-0.00050000000000000001,0.00014796936954629978,-3.5248467321110837e-05,-0.0018387604896998315
2487,0.0069999999999999993,-0.0010000000000000009,-0.00050000000000000001,9.0595162940562229e-05,-1.5892005149124314e-05,-0.0014806429054158947
2488,0.0080000000000000002,-0.0010000000000000009,-0.00050000000000000001,5.0298416570335991e-05,-6.4156056575503619e-06,-0.0011705533377341089
2489,0.0090000000000000011,-0.0010000000000000009,-0.00050000000000000001,2.1817628008725021e-05,-1.6706760927513596e-06,-0.00090206284741866814
2490,0.0099999999999999985,-0.0010000000000000009,-0.00050000000000000001,1.792282566011183e-06,5.7233330946339333e-07,-0.00066896304722394823
2491,0.010999999999999999,-0.0010000000000000009,-0.00050000000000000001,-1.1855570468867324e-05,1.4538622241353128e-06,-0.00046621812999769383
2492,0.012,-0.0010000000000000009,-0.00050000000000000001,-2.0420523603793764e-05,1.6769369538025873e-06,-0.0002904080695034242
2493,0.013000000000000001,-0.0010000000000000009,-0.00050000000000000001,-2.4198126620926602e-05,1.4622303701478737e-06,-0.00014043255469414696
2494,0.014000000000000002,-0.0010000000000000009,-0.00050000000000000001,-1.2190574807447722e-05,6.9806805257108939e-07,-3.2137907775630369e-05
2495,0.015000000000000003,-0.0010000000000000009,-0.00050000000000000001,0,0,0
2496,0.016000000000000004,-0.0010000000000000009,-0.00050000000000000001,0,0,0
2497,0.016999999999999998,-0.0010000000000000009,-0.00050000000000000001,0,0,0
2498,0.017999999999999999,-0.0010000000000000009,-0.00050000000000000001,0,0,0
2499,0.019,-0.0010000000000000009,-0.00050000000000000001,0,0,0
2500,0.02,-0.0010000000000000009,-0.00050000000000000001,0,0,0
2501,-0.02,0,-0.00050000000000000001,0,0,0
2502,-0.019,0,-0.00050000000000000001,0,0,0
2503,-0.018000000000000002,0,-0.00050000000000000001,0,0,0
2504,-0.017000000000000001,0,-0.00050000000000000001,0,0,0
2505,-0.016,0,-0.00050000000000000001,0,0,0
2506,-0.014999999999999999,0,-0.00050000000000000001,0,0,0
2507,-0.014,0,-0.00050000000000000001,1.1106361475442057e-05,1.6889178742191661e-20,-2.1704095510441282e-05
2508,-0.013000000000000001,0,-0.00050000000000000001,2.4480643551035019e-05,-1.1222194799522212e-20,-9.4517412161367552e-05
2509,-0.012,0,-0.00050000000000000001,2.6107167340336259e-05,-1.8245372399758885e-20,-0.00019440527677188203
2510,-0.010999999999999999,0,-0.00050000000000000001,2.5305339786988082e-05,-7.8736483048193237e-21,-0.00030908643695213704
2511,-0.01,0,-0.00050000000000000001,2.3155453210500207e-05,1.9957790708131161e-20,-0.00043847174383633786
2512,-0.0090000000000000011,0,-0.00050000000000000001,1.9205794875610313e-05,2.7149261488457331e-21,-0.00058414671189398193
2513,-0.0080000000000000002,0,-0.00050000000000000001,1.3456970852943821e-05,3.4346333751449279e-20,-0.00074749245493973616
2514,-0.0069999999999999993,0,-0.00050000000000000001,5.6091685602700992e-06,5.3063839039986062e-20,-0.00093002746565552742
2515,-0.0060000000000000001,0,-0.00050000000000000001,-4.6190676492303534e-06,1.6046587132062276e-21,-0.0011344245956077586
2516,-0.005000000000000001,0,-0.00050000000000000001,-1.8381031607151282e-05,-2.2631778235429158e-20,-0.0013664180196927113
2517,-0.0040000000000000001,0,-0.00050000000000000001,-3.8159060637162756e-05,-1.8017109567496249e-20,-0.0016366259742235853
2518,-0.0029999999999999992,0,-0.00050000000000000001,-6.9862571963730071e-05,2.2068730670984268e-20,-0.0019589153813764143
2519,-0.0019999999999999983,0,-0.00050000000000000001,-0.0001088875832403803,-3.4641534995429835e-19,-0.002344982108349665
2520,-0.0010000000000000009,0,-0.00050000000000000001,-0.00011136324867086043,-1.1692167502191375e-20,-0.0027582766723196796
2521,0,0,-0.00050000000000000001,-4.428871936224087e-05,1.2880538443004359e-19,-0.0030158562045637478
2522,0.0010000000000000009,0,-0.00050000000000000001,5.2207673159975383e-05,1.6408708648813059e-19,-0.0030728638614134504
2523,0.0019999999999999983,0,-0.00050000000000000001,0.00015379921401972816,3.6737585996120712e-19,-0.0030733087777132409
2524,0.0029999999999999992,0,-0.00050000000000000001,0.00024024430382022484,-4.059857574387231e-19,-0.0029971494419734871
2525,0.0040000000000000001,0,-0.00050000000000000001,0.0002962920102041906,-4.6926494710681248e-19,-0.0027791060186250559
2526,0.005000000000000001,0,-0.00050000000000000001,0.00026533561925962725,-5.6518741168725137e-20,-0.0023633633650419475
2527,0.0060000000000000019,0,-0.00050000000000000001,0.00017378760270607099,-2.5312040405223533e-19,-0.0019034489214509441
2528,0.0069999999999999993,0,-0.00050000000000000001,0.00010139838228468952,-2.7432137309422744e-20,-0.0015190287652763782
2529,0.0080000000000000002,0,-0.00050000000000000001,5.489811243377914e-05,-3.9433790633895001e-20,-0.0011946582868103592
2530,0.0090000000000000011,0,-0.00050000000000000001,2.3815963301241951e-05,-5.2305475444735196e-20,-0.00091800668654688463
2531,0.0099999999999999985,0,-0.00050000000000000001,2.6638429817108569e-06,2.817552082201782e-20,-0.00067968792023869612
2532,0.010999999999999999,0,-0.00050000000000000001,-1.158239425187947e-05,-2.6248911557014207e-21,-0.00047339591614931054
2533,0.012,0,-0.00050000000000000001,-2.0521823877730119e-05,-2.6365935240566791e-20,-0.00029499495977155626
2534,0.013000000000000001,0,-0.00050000000000000001,-2.4549507471092402e-05,-2.8198771580413662e-20,-0.0001428244336583058
2535,0.014000000000000002,0,-0.00050000000000000001,-1.240759656115247e-05,2.8929620066292617e-21,-3.271300579513037e-05
2536,0.015000000000000003,0,-0.00050000000000000001,0,0,0
2537,0.016000000000000004,0,-0.00050000000000000001,0,0,0
2538,0.016999999999999998,0,-0.00050000000000000001,0,0,0
2539,0.017999999999999999,0,-0.00050000000000000001,0,0,0
2540,0.019,0,-0.00050000000000000001,0,0,0
2541,0.02,0,-0.00050000000000000001,0,0,0
2542,-0.02,0.0010000000000000009,-0.00050000000000000001,0,0,0
2543,-0.019,0.0010000000000000009,-0.00050000000000000001,0,0,0
2544,-0.018000000000000002,0.0010000000000000009,-0.00050000000000000001,0,0,0
2545,-0.017000000000000001,0.0010000000000000009,-0.00050000000000000001,0,0,0
2546,-0.016,0.0010000000000000009,-0.00050000000000000001,0,0,0
2547,-0.014999999999999999,0.0010000000000000009,-0.00050000000000000001,0,0,0
2548,-0.014,0.0010000000000000009,-0.00050000000000000001,1.0948077963798816e-05,-4.9951506986187029e-07,-2.1391210914624249e-05
2549,-0.013000000000000001,0.0010000000000000009,-0.00050000000000000001,2.4161874259904141e-05,-1.200592647190112e-06,-9.3226661439750551e-05
2550,-0.012,0.0010000000000000009,-0.00050000000000000001,2.5852361340196607e-05,-1.6667321138087797e-06,-0.00019197266684498052
2551,-0.010999999999999999,0.0010000000000000009,-0.00050000000000000001,2.5152559876402742e-05,-2.0275217722396568e-06,-0.00030548260164876308
2552,-0.01,0.0010000000000000009,-0.00050000000000000001,2.3080106601945403e-05,-2.2764123384574715e-06,-0.00043352231620358419
2553,-0.0090000000000000011,0.0010000000000000009,-0.00050000000000000001,1.9197378080209632e-05,-2.1710831387503182e-06,-0.0005775033389074359
2554,-0.0080000000000000002,0.0010000000000000009,-0.00050000000000000001,1.3558591815697537e-05,-1.5976169938129249e-06,-0.00073865293076640082
2555,-0.0069999999999999993,0.0010000000000000009,-0.00050000000000000001,5.9808705372299025e-06,-5.5362146219027389e-07,-0.0009182723815935271
2556,-0.0060000000000000001,0.0010000000000000009,-0.00050000000000000001,-3.6697556116660542e-06,1.0979109949187963e-06,-0.00111854449461389
2557,-0.005000000000000001,0.0010000000000000009,-0.00050000000000000001,-1.6288900384070233e-05,3.8604399036074454e-06,-0.0013440732721077494
2558,-0.0040000000000000001,0.0010000000000000009,-0.00050000000000000001,-3.3576562020578851e-05,9.2756058372712653e-06,-0.0016028694652795495
2559,-0.0029999999999999992,0.0010000000000000009,-0.00050000000000000001,-6.0107546286927945e-05,2.107709414991244e-05,-0.0019036282920931939
2560,-0.0019999999999999983,0.0010000000000000009,-0.00050000000000000001,-9.094237775263352e-05,4.4466744271869461e-05,-0.0022448622623601018
2561,-0.0010000000000000009,0.0010000000000000009,-0.00050000000000000001,-9.2938712289559769e-05,7.4664349479874634e-05,-0.0026182343699356382
2562,0,0.0010000000000000009,-0.00050000000000000001,-3.2962632343487021e-05,9.2026252766520689e-05,-0.0028538264313072671
2563,0.0010000000000000009,0.0010000000000000009,-0.00050000000000000001,5.5109824528275473e-05,9.749575206189136e-05,-0.0029201492029525011
2564,0.0019999999999999983,0.0010000000000000009,-0.00050000000000000001,0.00014519300983803111,0.00010325995728570852,-0.0029186701017672638
2565,0.0029999999999999992,0.0010000000000000009,-0.00050000000000000001,0.00021322154654207357,0.0001056357366039406,-0.0028435298644314383
2566,0.0040000000000000001,0.0010000000000000009,-0.00050000000000000001,0.00025248257584556931,0.00010063681958314871,-0.0026388686357090747
2567,0.005000000000000001,0.0010000000000000009,-0.00050000000000000001,0.0002170382754136475,6.6938858870323835e-05,-0.0022400546932187715
2568,0.0060000000000000019,0.0010000000000000009,-0.00050000000000000001,0.0001479693695462998,3.5248467321110817e-05,-0.0018387604896998315
2569,0.0069999999999999993,0.0010000000000000009,-0.00050000000000000001,9.05951629405625e-05,1.5892005149124365e-05,-0.0014806429054158947
2570,0.0080000000000000002,0.0010000000000000009,-0.00050000000000000001,5.0298416570335903e-05,6.415605657550367e-06,-0.0011705533377341089
2571,0.0090000000000000011,0.0010000000000000009,-0.00050000000000000001,2.1817628008724984e-05,1.670676092751271e-06,-0.00090206284741866825
2572,0.0099999999999999985,0.0010000000000000009,-0.00050000000000000001,1.7922825660112402e-06,-5.7233330946348979e-07,-0.00066896304722394834
2573,0.010999999999999999,0.0010000000000000009,-0.00050000000000000001,-1.1855570468867312e-05,-1.4538622241352925e-06,-0.00046621812999769378
2574,0.012,0.0010000000000000009,-0.00050000000000000001,-2.0420523603793808e-05,-1.6769369538026544e-06,-0.00029040806950342426
2575,0.013000000000000001,0.0010000000000000009,-0.00050000000000000001,-2.4198126620926602e-05,-1.4622303701479313e-06,-0.00014043255469414696
2576,0.014000000000000002,0.0010000000000000009,-0.00050000000000000001,-1.2190574807447705e-05,-6.9806805257108897e-07,-3.2137907775630369e-05
2577,0.015000000000000003,0.0010000000000000009,-0.00050000000000000001,0,0,0
2578,0.016000000000000004,0.0010000000000000009,-0.00050000000000000001,0,0,0
2579,0.016999999999999998,0.0010000000000000009,-0.00050000000000000001,0,0,0
2580,0.017999999999999999,0.0010000000000000009,-0.00050000000000000001,0,0,0
2581,0.019,0.0010000000000000009,-0.00050000000000000001,0,0,0
2582,0.02,0.0010000000000000009,-0.00050000000000000001,0,0,0
2583,-0.02,0.0019999999999999983,-0.00050000000000000001,0,0,0
2584,-0.019,0.0019999999999999983,-0.00050000000000000001,0,0,0
2585,-0.018000000000000002,0.0019999999999999983,-0.00050000000000000001,0,0,0
2586,-0.017000000000000001,0.0019999999999999983,-0.00050000000000000001,0,0,0
2587,-0.016,0.0019999999999999983,-0.00050000000000000001,0,0,0
2588,-0.014999999999999999,0.0019999999999999983,-0.00050000000000000001,0,0,0
2589,-0.014,0.0019999999999999983,-0.00050000000000000001,1.0488826890786764e-05,-9.5322793088716889e-07,-2.0477655203105798e-05
2590,-0.013000000000000001,0.0019999999999999983,-0.00050000000000000001,2.3235341665219924e-05,-2.3124021364246132e-06,-8.9439005559639861e-05
2591,-0.012,0.0019999999999999983,-0.00050000000000000001,2.5101651949722275e-05,-3.2399975584163016e-06,-0.00018481077296898077
2592,-0.010999999999999999,0.0019999999999999983,-0.00050000000000000001,2.4681961264413134e-05,-3.9824840150091587e-06,-0.00029485486243968151
2593,-0.01,0.0019999999999999983,-0.00050000000000000001,2.2825781895024075e-05,-4.4503653058986922e-06,-0.00041892441160133954
2594,-0.0090000000000000011,0.0019999999999999983,-0.00050000000000000001,1.9179611817448802e-05,-4.2511526300564653e-06,-0.0005579556942885294
2595,-0.0080000000000000002,0.0019999999999999983,-0.00050000000000000001,1.3885867594612184e-05,-3.2257831594308832e-06,-0.00071275866405003259
2596,-0.0069999999999999993,0.0019999999999999983,-0.00050000000000000001,6.9709653451812911e-06,-1.4117953302244652e-06,-0.00088411505354813759
2597,-0.0060000000000000001,0.0019999999999999983,-0.00050000000000000001,-1.4361260320372869e-06,1.3690395220981067e-06,-0.0010729956478012224
2598,-0.005000000000000001,0.0019999999999999983,-0.00050000000000000001,-1.1420627477249627e-05,5.6484621680911918e-06,-0.0012813844536705597
2599,-0.0040000000000000001,0.0019999999999999983,-0.00050000000000000001,-2.3028533249009873e-05,1.2953647535462419e-05,-0.0015123382640062938
2600,-0.0029999999999999992,0.0019999999999999983,-0.00050000000000000001,-3.8038896081564836e-05,2.6908314162861352e-05,-0.0017661513246108075
2601,-0.0019999999999999983,0.0019999999999999983,-0.00050000000000000001,-5.6379808245760234e-05,5.4357401591400754e-05,-0.0020344350171842764
2602,-0.0010000000000000009,0.0019999999999999983,-0.00050000000000000001,-4.9717994669798151e-05,8.652225204394997e-05,-0.0022874952284258018
2603,0,0.0019999999999999983,-0.00050000000000000001,-7.428665227926454e-06,0.00010836278451322962,-0.0024753782115437477
2604,0.0010000000000000009,0.0019999999999999983,-0.00050000000000000001,5.2279266477040628e-05,0.00011349605990784619,-0.002534008978667296
2605,0.0019999999999999983,0.0019999999999999983,-0.00050000000000000001,0.0001043349082545449,0.00011849031057312466,-0.0025288611033735787
2606,0.0029999999999999992,0.0019999999999999983,-0.00050000000000000001,0.00013741586755201685,0.00011966364310900048,-0.0024525994777283549
2607,0.0040000000000000001,0.0019999999999999983,-0.00050000000000000001,0.00015244786277004451,0.00010784818734344516,-0.0022707542645540109
2608,0.005000000000000001,0.0019999999999999983,-0.00050000000000000001,0.00013785086785544153,7.4089519579504897e-05,-0.0019896002558519883
2609,0.0060000000000000019,0.0019999999999999983,-0.00050000000000000001,0.00010227483426311268,4.1636435918763562e-05,-0.0016803729010567445
2610,0.0069999999999999993,0.0019999999999999983,-0.00050000000000000001,6.8684082874542239e-05,2.1499188255711731e-05,-0.0013797254195118825
2611,0.0080000000000000002,0.0019999999999999983,-0.00050000000000000001,3.958711178451853e-05,9.181253629087224e-06,-0.0011037448292928347
2612,0.0090000000000000011,0.0019999999999999983,-0.00050000000000000001,1.6613164733497783e-05,2.1966864422944463e-06,-0.0008568596763858608
2613,0.0099999999999999985,0.0019999999999999983,-0.00050000000000000001,-5.4960615625323171e-07,-1.4677952414124061e-06,-0.00063809338731809985
2614,0.010999999999999999,0.0019999999999999983,-0.00050000000000000001,-1.2582802924209766e-05,-2.9547121434969665e-06,-0.00044539665811387267
2615,0.012,0.0019999999999999983,-0.00050000000000000001,-2.0101792710248818e-05,-3.2682915645763132e-06,-0.00027709986240255383
2616,0.013000000000000001,0.0019999999999999983,-0.00050000000000000001,-2.3181656135360922e-05,-2.8032877079091403e-06,-0.00013354188787630513
2617,0.014000000000000002,0.0019999999999999983,-0.00050000000000000001,-1.1562357202233314e-05,-1.32327307054096e-06,-3.0487074759764231e-05
2618,0.015000000000000003,0.0019999999999999983,-0.00050000000000000001,0,0,0
2619,0.016000000000000004,0.0019999999999999983,-0.00050000000000000001,0,0,0
2620,0.016999999999999998,0.0019999999999999983,-0.00050000000000000001,0,0,0
2621,0.017999999999999999,0.0019999999999999983,-0.00050000000000000001,0,0,0
2622,0.019,0.0019999999999999983,-0.00050000000000000001,0,0,0
2623,0.02,0.0019999999999999983,-0.00050000000000000001,0,0,0
2624,-0.02,0.0029999999999999992,-0.00050000000000000001,0,0,0
2625,-0.019,0.0029999999999999992,-0.00050000000000000001,0,0,0
2626,-0.018000000000000002,0.0029999999999999992,-0.00050000000000000001,0,0,0
2627,-0.017000000000000001,0.0029999999999999992,-0.00050000000000000001,0,0,0
2628,-0.016,0.0029999999999999992,-0.00050000000000000001,0,0,0
2629,-0.014999999999999999,0.0029999999999999992,-0.00050000000000000001,0,0,0
2630,-0.014,0.0029999999999999992,-0.00050000000000000001,9.753124533990233e-06,-1.3263849827389414e-06,-1.9022286891839666e-05
2631,-0.013000000000000001,0.0029999999999999992,-0.00050000000000000001,2.1776291139018854e-05,-3.2560040260111591e-06,-8.3407872960273251e-05
2632,-0.012,0.0029999999999999992,-0.00050000000000000001,2.3902338961718319e-05,-4.6359193907267358e-06,-0.00017331635700235082
2633,-0.010999999999999999,0.0029999999999999992,-0.00050000000000000001,2.3879724047611417e-05,-5.7690746106306562e-06,-0.00027773387667136729
2634,-0.01,0.0029999999999999992,-0.00050000000000000001,2.2364385653771858e-05,-6.4429327587181054e-06,-0.00039540961352198809
2635,-0.0090000000000000011,0.0029999999999999992,-0.00050000000000000001,1.9139735143155502e-05,-6.1950305782982722e-06,-0.00052661612714890885
2636,-0.0080000000000000002,0.0029999999999999992,-0.00050000000000000001,1.4452789799575326e-05,-4.942828595407051e-06,-0.00067158010386561984
2637,-0.0069999999999999993,0.0029999999999999992,-0.00050000000000000001,8.508004459839479e-06,-2.7496517537231653e-06,-0.00083041245238815351
2638,-0.0060000000000000001,0.0029999999999999992,-0.00050000000000000001,1.537238073448408e-06,5.7725393727740239e-07,-0.0010027555036325861
2639,-0.005000000000000001,0.0029999999999999992,-0.00050000000000000001,-6.119700516934156e-06,5.3507739345038764e-06,-0.0011878926181305002
2640,-0.0040000000000000001,0.0029999999999999992,-0.00050000000000000001,-1.37935122581926e-05,1.2094580886333178e-05,-0.0013846248899338886
2641,-0.0029999999999999992,0.0029999999999999992,-0.00050000000000000001,-2.0433456600553935e-05,2.2268332615792193e-05,-0.0015887028179235815
2642,-0.0019999999999999983,0.0029999999999999992,-0.00050000000000000001,-2.6450433614778123e-05,3.9098270827321274e-05,-0.0017887748677072493
2643,-0.0010000000000000009,0.0029999999999999992,-0.00050000000000000001,-2.022492406255716e-05,6.1556856908209366e-05,-0.0019650820024538053
2644,0,0.0029999999999999992,-0.00050000000000000001,4.9189910327315734e-06,7.5307783080662247e-05,-0.0020901938933750477
2645,0.0010000000000000009,0.0029999999999999992,-0.00050000000000000001,3.5432497282436118e-05,7.965203462289498e-05,-0.0021404739795679436
2646,0.0019999999999999983,0.0029999999999999992,-0.00050000000000000001,6.0889463735357825e-05,8.0249189208298833e-05,-0.0021287165216434031
2647,0.0029999999999999992,0.0029999999999999992,-0.00050000000000000001,7.6538434376603945e-05,7.8653051717106923e-05,-0.0020571274936159131
2648,0.0040000000000000001,0.0029999999999999992,-0.00050000000000000001,8.4433906086062431e-05,7.1574233346846853e-05,-0.0019168853564439702
2649,0.005000000000000001,0.0029999999999999992,-0.00050000000000000001,8.0316251420439801e-05,5.1722280732821921e-05,-0.0017183578251657942
2650,0.0060000000000000019,0.0029999999999999992,-0.00050000000000000001,6.5614622224729693e-05,3.3977960146235904e-05,-0.0014845577246345371
2651,0.0069999999999999993,0.0029999999999999992,-0.00050000000000000001,4.6388722822555422e-05,1.9192138886142338e-05,-0.0012415502994627707
2652,0.0080000000000000002,0.0029999999999999992,-0.00050000000000000001,2.6814913103326305e-05,8.3900245409262871e-06,-0.001006759700857102
2653,0.0090000000000000011,0.0029999999999999992,-0.00050000000000000001,9.8336601845834828e-06,1.2562973368419584e-06,-0.00078881295636185999
2654,0.0099999999999999985,0.0029999999999999992,-0.00050000000000000001,-3.71449082052107e-06,-2.824296721185361e-06,-0.00059055682947186413
2655,0.010999999999999999,0.0029999999999999992,-0.00050000000000000001,-1.3517556313506259e-05,-4.4905171413681314e-06,-0.00041292636760395551
2656,0.012,0.0029999999999999992,-0.00050000000000000001,-1.9519325480014448e-05,-4.6950259245071309e-06,-0.00025634423048167415
2657,0.013000000000000001,0.0029999999999999992,-0.00050000000000000001,-2.1591505931450431e-05,-3.9210122950710513e-06,-0.00012292750433125685
2658,0.014000000000000002,0.0029999999999999992,-0.00050000000000000001,-1.0567478163353677e-05,-1.8183126647886245e-06,-2.7950855656124159e-05
2659,0.015000000000000003,0.0029999999999999992,-0.00050000000000000001,0,0,0
2660,0.016000000000000004,0.0029999999999999992,-0.00050000000000000001,0,0,0
2661,0.016999999999999998,0.0029999999999999992,-0.00050000000000000001,0,0,0
2662,0.017999999999999999,0.0029999999999999992,-0.00050000000000000001,0,0,0
2663,0.019,0.0029999999999999992,-0.00050000000000000001,0,0,0
2664,0.02,0.0029999999999999992,-0.00050000000000000001,0,0,0
2665,-0.02,0.0040000000000000001,-0.00050000000000000001,0,0,0
2666,-0.019,0.0040000000000000001,-0.00050000000000000001,0,0,0
2667,-0.018000000000000002,0.0040000000000000001,-0.00050000000000000001,0,0,0
2668,-0.017000000000000001,0.0040000000000000001,-0.00050000000000000001,0,0,0
2669,-0.016,0.0040000000000000001,-0.00050000000000000001,0,0,0
2670,-0.014999999999999999,0.0040000000000000001,-0.00050000000000000001,0,0,0
2671,-0.014,0.0040000000000000001,-0.00050000000000000001,8.7788342366448773e-06,-1.5893150083737274e-06,-1.7115310739098001e-05
2672,-0.013000000000000001,0.0040000000000000001,-0.00050000000000000001,1.9880994116970363e-05,-3.9868952198103857e-06,-7.5510124666710888e-05
2673,-0.012,0.0040000000000000001,-0.00050000000000000001,2.2313805345804857e-05,-5.7731439175507025e-06,-0.00015811633177627011
2674,-0.010999999999999999,0.0040000000000000001,-0.00050000000000000001,2.2766497742153526e-05,-7.3006604760479239e-06,-0.00025495915340398902
2675,-0.01,0.0040000000000000001,-0.00050000000000000001,2.1684870244049966e-05,-8.1821033047083822e-06,-0.00036413707938555737
2676,-0.0090000000000000011,0.0040000000000000001,-0.00050000000000000001,1.9035993475172703e-05,-7.9973473501682086e-06,-0.00048520176708071421
2677,-0.0080000000000000002,0.0040000000000000001,-0.00050000000000000001,1.5150712444758317e-05,-6.7901440749135962e-06,-0.00061775237973542014
2678,-0.0069999999999999993,0.0040000000000000001,-0.00050000000000000001,1.031180004677204e-05,-4.6289825125879071e-06,-0.00076122467569868485
2679,-0.0060000000000000001,0.0040000000000000001,-0.00050000000000000001,4.7841701847957842e-06,-1.3680249076263253e-06,-0.00091423025551047349
2680,-0.005000000000000001,0.0040000000000000001,-0.00050000000000000001,-9.3197285225588963e-07,3.1895379016443179e-06,-0.0010743035031796767
2681,-0.0040000000000000001,0.0040000000000000001,-0.00050000000000000001,-6.2251073574523472e-06,9.2527968081964456e-06,-0.0012378822714424029
2682,-0.0029999999999999992,0.0040000000000000001,-0.00050000000000000001,-9.4070093508035481e-06,1.6703460703003984e-05,-0.0013991453163667562
2683,-0.0019999999999999983,0.0040000000000000001,-0.00050000000000000001,-1.0592302497524398e-05,2.6078592059134527e-05,-0.0015481749186749296
2684,-0.0010000000000000009,0.0040000000000000001,-0.00050000000000000001,-5.9766631365057591e-06,3.7517188191509366e-05,-0.0016712528519854056
2685,0,0.0040000000000000001,-0.00050000000000000001,7.0280552332836047e-06,4.4806174013186541e-05,-0.0017560104751892683
2686,0.0010000000000000009,0.0040000000000000001,-0.00050000000000000001,2.2865669693672e-05,4.6788655481451425e-05,-0.0017918104887619667
2687,0.0019999999999999983,0.0040000000000000001,-0.00050000000000000001,3.5618357915718158e-05,4.5750588714097058e-05,-0.0017798082047058301
2688,0.0029999999999999992,0.0040000000000000001,-0.00050000000000000001,4.3953178307189188e-05,4.4778746712294621e-05,-0.0017190970770856247
2689,0.0040000000000000001,0.0040000000000000001,-0.00050000000000000001,4.8080459241258662e-05,4.1682505182651027e-05,-0.0016104219735902411
2690,0.005000000000000001,0.0040000000000000001,-0.00050000000000000001,4.605221547643069e-05,3.4290761686759948e-05,-0.0014601717674469258
2691,0.0060000000000000019,0.0040000000000000001,-0.00050000000000000001,3.8257708882593389e-05,2.4092313918987592e-05,-0.0012810968244433214
2692,0.0069999999999999993,0.0040000000000000001,-0.00050000000000000001,2.7117984345489435e-05,1.3801593136549657e-05,-0.0010876085781044843
2693,0.0080000000000000002,0.0040000000000000001,-0.00050000000000000001,1.4806154909852399e-05,5.2964117750943822e-06,-0.00089297873645787624
2694,0.0090000000000000011,0.0040000000000000001,-0.00050000000000000001,3.0712273572460215e-06,-8.2875183350630959e-07,-0.00070577792586989235
2695,0.0099999999999999985,0.0040000000000000001,-0.00050000000000000001,-6.9363772562546679e-06,-4.5514523487780056e-06,-0.00053101947159445064
2696,0.010999999999999999,0.0040000000000000001,-0.00050000000000000001,-1.4338341102393256e-05,-5.9915683484100117e-06,-0.00037167580683651348
2697,0.012,0.0040000000000000001,-0.00050000000000000001,-1.8598380802905489e-05,-5.8741633077321503e-06,-0.0002299796211789835
2698,0.013000000000000001,0.0040000000000000001,-0.00050000000000000001,-1.9528712649120519e-05,-4.7482955292258199e-06,-0.00010961233512924847
2699,0.014000000000000002,0.0040000000000000001,-0.00050000000000000001,-9.2942748514576176e-06,-2.1383721015518518e-06,-2.4786902810166066e-05
2700,0.015000000000000003,0.0040000000000000001,-0.00050000000000000001,0,0,0
2701,0.016000000000000004,0.0040000000000000001,-0.00050000000000000001,0,0,0
2702,0.016999999999999998,0.0040000000000000001,-0.00050000000000000001,0,0,0
2703,0.017999999999999999,0.0040000000000000001,-0.00050000000000000001,0,0,0
2704,0.019,0.0040000000000000001,-0.00050000000000000001,0,0,0
2705,0.02,0.0040000000000000001,-0.00050000000000000001,0,0,0
2706,-0.02,0.005000000000000001,-0.00050000000000000001,0,0,0
2707,-0.019,0.005000000000000001,-0.00050000000000000001,0,0,0
2708,-0.018000000000000002,0.005000000000000001,-0.00050000000000000001,0,0,0
2709,-0.017000000000000001,0.005000000000000001,-0.00050000000000000001,0,0,0
2710,-0.016,0.005000000000000001,-0.00050000000000000001,0,0,0
2711,-0.014999999999999999,0.005000000000000001,-0.00050000000000000001,0,0,0
2712,-0.014,0.005000000000000001,-0.00050000000000000001,7.6308668563713368e-06,-1.7227297403653866e-06,-1.4873991533377279e-05
2713,-0.013000000000000001,0.005000000000000001,-0.00050000000000000001,1.7650664046937076e-05,-4.4725800650580211e-06,-6.6204501568647853e-05
2714,-0.012,0.005000000000000001,-0.00050000000000000001,2.0396736220254393e-05,-6.6072937881916549e-06,-0.00014001472959497882
2715,-0.010999999999999999,0.005000000000000001,-0.00050000000000000001,2.1358287610539007e-05,-8.5016828764967962e-06,-0.00022762816088858789
2716,-0.01,0.005000000000000001,-0.00050000000000000001,2.0776314863571673e-05,-9.6156499197487104e-06,-0.00032661258851592452
2717,-0.0090000000000000011,0.005000000000000001,-0.00050000000000000001,1.8803759387880766e-05,-9.6538209577698864e-06,-0.0004358552783435011
2718,-0.0080000000000000002,0.005000000000000001,-0.00050000000000000001,1.5805248422535298e-05,-8.7335667611963301e-06,-0.00055436840614439423
2719,-0.0069999999999999993,0.005000000000000001,-0.00050000000000000001,1.2057667245483687e-05,-6.9273431997244828e-06,-0.00068102114597307366
2720,-0.0060000000000000001,0.005000000000000001,-0.00050000000000000001,7.8363010941388242e-06,-4.1772105790876501e-06,-0.00081383698418873579
2721,-0.005000000000000001,0.005000000000000001,-0.00050000000000000001,3.6450460220704745e-06,-4.6684907618700196e-07,-0.00094965128780335757
2722,-0.0040000000000000001,0.005000000000000001,-0.00050000000000000001,-6.5689629671374122e-08,4.2193805771521457e-06,-0.0010840801706557053
2723,-0.0029999999999999992,0.005000000000000001,-0.00050000000000000001,-2.1774447553301852e-06,9.5803015775730708e-06,-0.0012113527211571643
2724,-0.0019999999999999983,0.005000000000000001,-0.00050000000000000001,-2.3541939447481096e-06,1.537010438211507e-05,-0.0013238236648556909
2725,-0.0010000000000000009,0.005000000000000001,-0.00050000000000000001,2.1045912637352742e-07,2.1217791214606261e-05,-0.0014127424542291361
2726,0,0.005000000000000001,-0.00050000000000000001,6.2542495228171861e-06,2.4987296474800649e-05,-0.00147128535206109
2727,0.0010000000000000009,0.005000000000000001,-0.00050000000000000001,1.3458372291144628e-05,2.6032461208924195e-05,-0.0014943438482719913
2728,0.0019999999999999983,0.005000000000000001,-0.00050000000000000001,1.9721670367990146e-05,2.5638837780071304e-05,-0.0014809762176530897
2729,0.0029999999999999992,0.005000000000000001,-0.00050000000000000001,2.3880256595342218e-05,2.5236943832522582e-05,-0.0014305416169233833
2730,0.0040000000000000001,0.005000000000000001,-0.00050000000000000001,2.576758819216563e-05,2.3633116356402939e-05,-0.0013448598292938024
2731,0.005000000000000001,0.005000000000000001,-0.00050000000000000001,2.4306734845418308e-05,1.9615373761731693e-05,-0.0012282301221341813
2732,0.0060000000000000019,0.005000000000000001,-0.00050000000000000001,1.9967931269818599e-05,1.3471126198108067e-05,-0.0010878789689179945
2733,0.0069999999999999993,0.005000000000000001,-0.00050000000000000001,1.3249652229320543e-05,6.8873139960994269e-06,-0.00093314982651899743
2734,0.0080000000000000002,0.005000000000000001,-0.00050000000000000001,5.3668926430441625e-06,1.0404903163656165e-06,-0.00077307503545850085
2735,0.0090000000000000011,0.005000000000000001,-0.00050000000000000001,-2.5805294748097856e-06,-3.5479394239617414e-06,-0.00061504349153664744
2736,0.0099999999999999985,0.005000000000000001,-0.00050000000000000001,-9.5973932732699522e-06,-6.4076837078377206e-06,-0.00046430323770835772
2737,0.010999999999999999,0.005000000000000001,-0.00050000000000000001,-1.4739315795699446e-05,-7.3330052819776216e-06,-0.00032481181768137871
2738,0.012,0.005000000000000001,-0.00050000000000000001,-1.7291036282478216e-05,-6.7470705093425145e-06,-0.00020002884308189964
2739,0.013000000000000001,0.005000000000000001,-0.00050000000000000001,-1.7117835320658613e-05,-5.2505041474463007e-06,-9.4635866656060628e-05
2740,0.014000000000000002,0.005000000000000001,-0.00050000000000000001,-7.8635593741656845e-06,-2.2697639205022192e-06,-2.1257522299875428e-05
2741,0.015000000000000003,0.005000000000000001,-0.00050000000000000001,0,0,0
2742,0.016000000000000004,0.005000000000000001,-0.00050000000000000001,0,0,0
2743,0.016999999999999998,0.005000000000000001,-0.00050000000000000001,0,0,0
2744,0.017999999999999999,0.005000000000000001,-0.00050000000000000001,0,0,0
2745,0.019,0.005000000000000001,-0.00050000000000000001,0,0,0
2746,0.02,0.005000000000000001,-0.00050000000000000001,0,0,0
2747,-0.02,0.0060000000000000019,-0.00050000000000000001,0,0,0
2748,-0.019,0.0060000000000000019,-0.00050000000000000001,0,0,0
2749,-0.018000000000000002,0.0060000000000000019,-0.00050000000000000001,0,0,0
2750,-0.017000000000000001,0.0060000000000000019,-0.00050000000000000001,0,0,0
2751,-0.016,0.0060000000000000019,-0.00050000000000000001,0,0,0
2752,-0.014999999999999999,0.0060000000000000019,-0.00050000000000000001,0,0,0
2753,-0.014,0.0060000000000000019,-0.00050000000000000001,6.3983814834923738e-06,-1.7235288066046623e-06,-1.2440636948014041e-05
2754,-0.013000000000000001,0.0060000000000000019,-0.00050000000000000001,1.521685275970402e-05,-4.6924635176923623e-06,-5.5993465785626504e-05
2755,-0.012,0.0060000000000000019,-0.00050000000000000001,1.8209526833485967e-05,-7.1101646469922923e-06,-0.00011991777844794475
2756,-0.010999999999999999,0.0060000000000000019,-0.00050000000000000001,1.9649000961427919e-05,-9.3119808039690759e-06,-0.00019702851213153027
2757,-0.01,0.0060000000000000019,-0.00050000000000000001,1.9610494411371754e-05,-1.0713083524314002e-05,-0.00028457482769109286
2758,-0.0090000000000000011,0.0060000000000000019,-0.00050000000000000001,1.8353242993891286e-05,-1.1119012046469558e-05,-0.00038092055685826076
2759,-0.0080000000000000002,0.0060000000000000019,-0.00050000000000000001,1.6233474834010309e-05,-1.0671406580821545e-05,-0.00048460190969928024
2760,-0.0069999999999999993,0.0060000000000000019,-0.00050000000000000001,1.3489973536882556e-05,-9.4500981525323302e-06,-0.0005940732627815427
2761,-0.0060000000000000001,0.0060000000000000019,-0.00050000000000000001,1.0366822364053936e-05,-7.4459160646558415e-06,-0.00070711467064811138
2762,-0.005000000000000001,0.0060000000000000019,-0.00050000000000000001,7.2694643224355778e-06,-4.749853426196168e-06,-0.00082055773863090175
2763,-0.0040000000000000001,0.0060000000000000019,-0.00050000000000000001,4.5359163100765406e-06,-1.4809727755777408e-06,-0.00093019159750429563
2764,-0.0029999999999999992,0.0060000000000000019,-0.00050000000000000001,2.7385603186120505e-06,2.0752888324746531e-06,-0.0010310022584388832
2765,-0.0019999999999999983,0.0060000000000000019,-0.00050000000000000001,2.1878309114406761e-06,5.6154639858646072e-06,-0.0011173482742266999
2766,-0.0010000000000000009,0.0060000000000000019,-0.00050000000000000001,2.9940227852589329e-06,8.7755361212295825e-06,-0.0011835302098348495
2767,0,0.0060000000000000019,-0.00050000000000000001,5.2641073378177671e-06,1.0934621459918593e-05,-0.0012252184756749408
2768,0.0010000000000000009,0.0060000000000000019,-0.00050000000000000001,8.0928848342259341e-06,1.1738121749553608e-05,-0.0012394954041608302
2769,0.0019999999999999983,0.0060000000000000019,-0.00050000000000000001,1.0467842289100851e-05,1.1820916576882085e-05,-0.0012255763192989086
2770,0.0029999999999999992,0.0060000000000000019,-0.00050000000000000001,1.2006457459250552e-05,1.1514321233505083e-05,-0.0011833597558988571
2771,0.0040000000000000001,0.0060000000000000019,-0.00050000000000000001,1.2218330785194612e-05,1.0232391713455493e-05,-0.0011143188724068028
2772,0.005000000000000001,0.0060000000000000019,-0.00050000000000000001,1.0843903013840016e-05,7.8586011698029643e-06,-0.001021449906969372
2773,0.0060000000000000019,0.0060000000000000019,-0.00050000000000000001,7.894837976321587e-06,4.5203794492907553e-06,-0.00090965061496934457
2774,0.0069999999999999993,0.0060000000000000019,-0.00050000000000000001,3.6094717079602849e-06,5.6782019152821024e-07,-0.00078507377948135854
2775,0.0080000000000000002,0.0060000000000000019,-0.00050000000000000001,-1.4930513992094727e-06,-3.2742395050381385e-06,-0.00065404051410091672
2776,0.0090000000000000011,0.0060000000000000019,-0.00050000000000000001,-6.7202820064107729e-06,-6.3392764413254817e-06,-0.00052227540271672953
2777,0.0099999999999999985,0.0060000000000000019,-0.00050000000000000001,-1.1359984589197588e-05,-8.1352091648290278e-06,-0.00039462764911803654
2778,0.010999999999999999,0.0060000000000000019,-0.00050000000000000001,-1.454738016273283e-05,-8.3691198342168877e-06,-0.00027529408717004693
2779,0.012,0.0060000000000000019,-0.00050000000000000001,-1.5618949978931181e-05,-7.2719440145976059e-06,-0.0001683737143489006
2780,0.013000000000000001,0.0060000000000000019,-0.00050000000000000001,-1.4523232794171336e-05,-5.4142806296230519e-06,-7.891905451139962e-05
2781,0.014000000000000002,0.0060000000000000019,-0.00050000000000000001,-6.3953678825264216e-06,-2.2211555360181922e-06,-1.7588322791353361e-05
2782,0.015000000000000003,0.0060000000000000019,-0.00050000000000000001,0,0,0
2783,0.016000000000000004,0.0060000000000000019,-0.00050000000000000001,0,0,0
2784,0.016999999999999998,0.0060000000000000019,-0.00050000000000000001,0,0,0
2785,0.017999999999999999,0.0060000000000000019,-0.00050000000000000001,0,0,0
2786,0.019,0.0060000000000000019,-0.00050000000000000001,0,0,0
2787,0.02,0.0060000000000000019,-0.00050000000000000001,0,0,0
2788,-0.02,0.0069999999999999993,-0.00050000000000000001,0,0,0
2789,-0.019,0.0069999999999999993,-0.00050000000000000001,0,0,0
2790,-0.018000000000000002,0.0069999999999999993,-0.00050000000000000001,0,0,0
2791,-0.017000000000000001,0.0069999999999999993,-0.00050000000000000001,0,0,0
2792,-0.016,0.0069999999999999993,-0.00050000000000000001,0,0,0
2793,-0.014999999999999999,0.0069999999999999993,-0.00050000000000000001,0,0,0
2794,-0.014,0.0069999999999999993,-0.00050000000000000001,5.1667056731601262e-06,-1.6030257438429763e-06,-9.9641844725390084e-06
2795,-0.013000000000000001,0.0069999999999999993,-0.00050000000000000001,1.2704306320380911e-05,-4.6434892713618968e-06,-4.5409169417988941e-05
2796,-0.012,0.0069999999999999993,-0.00050000000000000001,1.5823536395148704e-05,-7.2554773364789965e-06,-9.8800846835102682e-05
2797,-0.010999999999999999,0.0069999999999999993,-0.00050000000000000001,1.7653295197428556e-05,-9.6997207192871085e-06,-0.00016455725747986316
2798,-0.01,0.0069999999999999993,-0.00050000000000000001,1.8155589789901957e-05,-1.1441212261659278e-05,-0.00023986183380228393
2799,-0.0090000000000000011,0.0069999999999999993,-0.00050000000000000001,1.7593509647340219e-05,-1.2314251005759739e-05,-0.00032274375044293426
2800,-0.0080000000000000002,0.0069999999999999993,-0.00050000000000000001,1.6286872442433865e-05,-1.2455332052975831e-05,-0.00041142007885721933
2801,-0.0069999999999999993,0.0069999999999999993,-0.00050000000000000001,1.4436056456253686e-05,-1.1961021025075479e-05,-0.0005041030553626126
2802,-0.0060000000000000001,0.0069999999999999993,-0.00050000000000000001,1.2225404322260123e-05,-1.0840835774761715e-05,-0.00059853952235166847
2803,-0.005000000000000001,0.0069999999999999993,-0.00050000000000000001,9.9290004770385452e-06,-9.2040464326546118e-06,-0.00069183378795463133
2804,-0.0040000000000000001,0.0069999999999999993,-0.00050000000000000001,7.7942133377951973e-06,-7.2052902022719705e-06,-0.00078039770397754212
2805,-0.0029999999999999992,0.0069999999999999993,-0.00050000000000000001,6.0570589854583589e-06,-5.0608852822432965e-06,-0.00086020185511482899
2806,-0.0019999999999999983,0.0069999999999999993,-0.00050000000000000001,4.9559042871459152e-06,-3.0374992135538017e-06,-0.00092709553999526808
2807,-0.0010000000000000009,0.0069999999999999993,-0.00050000000000000001,4.4157878409616061e-06,-1.2937582625104958e-06,-0.00097718128118160007
2808,0,0.0069999999999999993,-0.00050000000000000001,4.4537723749662329e-06,1.7490418070304705e-08,-0.0010075051455810126
2809,0.0010000000000000009,0.0069999999999999993,-0.00050000000000000001,4.7818254170038098e-06,7.2024756569329537e-07,-0.0010162060757573583
2810,0.0019999999999999983,0.0069999999999999993,-0.00050000000000000001,4.9936009146852442e-06,9.605447614400313e-07,-0.0010027010942604483
2811,0.0029999999999999992,0.0069999999999999993,-0.00050000000000000001,4.7697401311731855e-06,7.6143808834069869e-07,-0.00096722858223068922
2812,0.0040000000000000001,0.0069999999999999993,-0.00050000000000000001,3.9462999293098835e-06,7.9064552802536682e-08,-0.00091102122002681895
2813,0.005000000000000001,0.0069999999999999993,-0.00050000000000000001,2.3918212967163022e-06,-1.1085234818000163e-06,-0.00083647583012497466
2814,0.0060000000000000019,0.0069999999999999993,-0.00050000000000000001,1.4379866973784266e-07,-2.8681981203569802e-06,-0.00074696482948657917
2815,0.0069999999999999993,0.0069999999999999993,-0.00050000000000000001,-2.7608774434676275e-06,-5.0619227367763693e-06,-0.00064660678319336019
2816,0.0080000000000000002,0.0069999999999999993,-0.00050000000000000001,-6.0511010203162205e-06,-7.2110684097785219e-06,-0.00053989922877269018
2817,0.0090000000000000011,0.0069999999999999993,-0.00050000000000000001,-9.3678894332709563e-06,-8.8454060498028079e-06,-0.00043136943067621986
2818,0.0099999999999999985,0.0069999999999999993,-0.00050000000000000001,-1.2142346887441682e-05,-9.5220428053068434e-06,-0.00032524154065286068
2819,0.010999999999999999,0.0069999999999999993,-0.00050000000000000001,-1.37582612160614e-05,-8.9990005953386771e-06,-0.00022558415566870395
2820,0.012,0.0069999999999999993,-0.00050000000000000001,-1.3669811713727975e-05,-7.4197286546764865e-06,-0.00013661955587339103
2821,0.013000000000000001,0.0069999999999999993,-0.00050000000000000001,-1.1908358207981604e-05,-5.2573754725204948e-06,-6.325122178758604e-05
2822,0.014000000000000002,0.0069999999999999993,-0.00050000000000000001,-4.9974412565400626e-06,-2.0221260102154888e-06,-1.3972877082948002e-05
2823,0.015000000000000003,0.0069999999999999993,-0.00050000000000000001,0,0,0
2824,0.016000000000000004,0.0069999999999999993,-0.00050000000000000001,0,0,0
2825,0.016999999999999998,0.0069999999999999993,-0.00050000000000000001,0,0,0
2826,0.017999999999999999,0.0069999999999999993,-0.00050000000000000001,0,0,0
2827,0.019,0.0069999999999999993,-0.00050000000000000001,0,0,0
2828,0.02,0.0069999999999999993,-0.00050000000000000001,0,0,0
2829,-0.02,0.0080000000000000002,-0.00050000000000000001,0,0,0
2830,-0.019,0.0080000000000000002,-0.00050000000000000001,0,0,0
2831,-0.018000000000000002,0.0080000000000000002,-0.00050000000000000001,0,0,0
2832,-0.017000000000000001,0.0080000000000000002,-0.00050000000000000001,0,0,0
2833,-0.016,0.0080000000000000002,-0.00050000000000000001,0,0,0
2834,-0.014999999999999999,0.0080000000000000002,-0.00050000000000000001,0,0,0
2835,-0.014,0.0080000000000000002,-0.00050000000000000001,4.0090518663795537e-06,-1.3940201504483696e-06,-7.5961083108133904e-06
2836,-0.013000000000000001,0.0080000000000000002,-0.00050000000000000001,1.0208891575456205e-05,-4.33412168563491e-06,-3.5009003550775718e-05
2837,-0.012,0.0080000000000000002,-0.00050000000000000001,1.3305881152932229e-05,-7.0271295177980222e-06,-7.7676832617192836e-05
2838,-0.010999999999999999,0.0080000000000000002,-0.00050000000000000001,1.5410740539444148e-05,-9.6530908820144814e-06,-0.00013165293588591955
2839,-0.01,0.0080000000000000002,-0.00050000000000000001,1.6394726668838457e-05,-1.1754128750947246e-05,-0.00019430868297252166
2840,-0.0090000000000000011,0.0080000000000000002,-0.00050000000000000001,1.64577406534623e-05,-1.314009011210289e-05,-0.0002635547981539804
2841,-0.0080000000000000002,0.0080000000000000002,-0.00050000000000000001,1.5858778802881905e-05,-1.3915297122368911e-05,-0.00033746323134646047
2842,-0.0069999999999999993,0.0080000000000000002,-0.00050000000000000001,1.4758359299562716e-05,-1.418638612039449e-05,-0.00041415871941143556
2843,-0.0060000000000000001,0.0080000000000000002,-0.00050000000000000001,1.3288334558690458e-05,-1.3972637086203756e-05,-0.00049149326184378176
2844,-0.005000000000000001,0.0080000000000000002,-0.00050000000000000001,1.1605437447471557e-05,-1.3357258425702188e-05,-0.00056693235107525093
2845,-0.0040000000000000001,0.0080000000000000002,-0.00050000000000000001,9.870122944811477e-06,-1.2471189569881478e-05,-0.00063754233116296289
2846,-0.0029999999999999992,0.0080000000000000002,-0.00050000000000000001,8.1872927208588467e-06,-1.1484217803805899e-05,-0.00070021433315420464
2847,-0.0019999999999999983,0.0080000000000000002,-0.00050000000000000001,6.6340166937959075e-06,-1.0530713679123549e-05,-0.00075190444831712275
2848,-0.0010000000000000009,0.0080000000000000002,-0.00050000000000000001,5.2187149136270347e-06,-9.69004043524408e-06,-0.00078989379540313188
2849,0,0.0080000000000000002,-0.00050000000000000001,3.8835800582913046e-06,-8.9194601446663855e-06,-0.00081211979334457562
2850,0.0010000000000000009,0.0080000000000000002,-0.00050000000000000001,2.6560364715974787e-06,-8.2816234469619797e-06,-0.00081731334110338269
2851,0.0019999999999999983,0.0080000000000000002,-0.00050000000000000001,1.4851010935245419e-06,-7.8733081017711881e-06,-0.00080503458159294963
2852,0.0029999999999999992,0.0080000000000000002,-0.00050000000000000001,2.297762304764867e-07,-7.7419091680885494e-06,-0.00077563002715958656
2853,0.0040000000000000001,0.0080000000000000002,-0.00050000000000000001,-1.2030623659527779e-06,-7.8558742706640955e-06,-0.00073020179672394667
2854,0.005000000000000001,0.0080000000000000002,-0.00050000000000000001,-2.8184349964171712e-06,-8.2188293827576626e-06,-0.00067055438926287396
2855,0.0060000000000000019,0.0080000000000000002,-0.00050000000000000001,-4.655178267828161e-06,-8.8776969683664364e-06,-0.00059907218393160744
2856,0.0069999999999999993,0.0080000000000000002,-0.00050000000000000001,-6.6794804741087068e-06,-9.717219420487927e-06,-0.00051867054241541233
2857,0.0080000000000000002,0.0080000000000000002,-0.00050000000000000001,-8.7706974941560999e-06,-1.0448589295232627e-05,-0.00043271295109162172
2858,0.0090000000000000011,0.0080000000000000002,-0.00050000000000000001,-1.0674967643771201e-05,-1.0773433388887711e-05,-0.00034478366689595375
2859,0.0099999999999999985,0.0080000000000000002,-0.00050000000000000001,-1.2046559067283126e-05,-1.0417400557680829e-05,-0.0002585030444855796
2860,0.010999999999999999,0.0080000000000000002,-0.00050000000000000001,-1.2466683489094261e-05,-9.1729158264804018e-06,-0.00017762140520602196
2861,0.012,0.0080000000000000002,-0.00050000000000000001,-1.1545805847129739e-05,-7.1795717000066239e-06,-0.00010609311501301666
2862,0.013000000000000001,0.0080000000000000002,-0.00050000000000000001,-9.3966131412896777e-06,-4.8101434730407139e-06,-4.8321448330567671e-05
2863,0.014000000000000002,0.0080000000000000002,-0.00050000000000000001,-3.7484230514158574e-06,-1.7197262282173356e-06,-1.0580622153602937e-05
2864,0.015000000000000003,0.0080000000000000002,-0.00050000000000000001,0,0,0
2865,0.016000000000000004,0.0080000000000000002,-0.00050000000000000001,0,0,0
2866,0.016999999999999998,0.0080000000000000002,-0.00050000000000000001,0,0,0
2867,0.017999999999999999,0.0080000000000000002,-0.00050000000000000001,0,0,0
2868,0.019,0.0080000000000000002,-0.00050000000000000001,0,0,0
2869,0.02,0.0080000000000000002,-0.00050000000000000001,0,0,0
2870,-0.02,0.0090000000000000011,-0.00050000000000000001,0,0,0
2871,-0.019,0.0090000000000000011,-0.00050000000000000001,0,0,0
2872,-0.018000000000000002,0.0090000000000000011,-0.00050000000000000001,0,0,0
2873,-0.017000000000000001,0.0090000000000000011,-0.00050000000000000001,0,0,0
2874,-0.016,0.0090000000000000011,-0.00050000000000000001,0,0,0
2875,-0.014999999999999999,0.0090000000000000011,-0.00050000000000000001,0,0,0
2876,-0.014,0.0090000000000000011,-0.00050000000000000001,2.9623835483472804e-06,-1.1493344291852069e-06,-5.4674642204685422e-06
2877,-0.013000000000000001,0.0090000000000000011,-0.00050000000000000001,7.7760079203246556e-06,-3.7766275437137325e-06,-2.5358607804815071e-05
2878,-0.012,0.0090000000000000011,-0.00050000000000000001,1.0691320287940148e-05,-6.4296613117840683e-06,-5.7573718828725892e-05
2879,-0.010999999999999999,0.0090000000000000011,-0.00050000000000000001,1.294640804679521e-05,-9.1662668508545017e-06,-9.9759245812207616e-05
2880,-0.01,0.0090000000000000011,-0.00050000000000000001,1.4316306019340976e-05,-1.1596805944411728e-05,-0.00014971338848250888
2881,-0.0090000000000000011,0.0090000000000000011,-0.00050000000000000001,1.4913206763987907e-05,-1.349284075046843e-05,-0.00020544597697978717
2882,-0.0080000000000000002,0.0090000000000000011,-0.00050000000000000001,1.4911352542020665e-05,-1.4897176508220813e-05,-0.00026506510065801766
2883,-0.0069999999999999993,0.0090000000000000011,-0.00050000000000000001,1.4424558473056943e-05,-1.5907690121029735e-05,-0.00032674316698026924
2884,-0.0060000000000000001,0.0090000000000000011,-0.00050000000000000001,1.3538981497279738e-05,-1.6543988445085981e-05,-0.00038852125076576066
2885,-0.005000000000000001,0.0090000000000000011,-0.00050000000000000001,1.2335871521008466e-05,-1.6855742276814569e-05,-0.00044823634379288231
2886,-0.0040000000000000001,0.0090000000000000011,-0.00050000000000000001,1.0895060815677484e-05,-1.691803600378178e-05,-0.00050352604001796183
2887,-0.0029999999999999992,0.0090000000000000011,-0.00050000000000000001,9.2664656382365655e-06,-1.6821823662852306e-05,-0.00055199264541236392
2888,-0.0019999999999999983,0.0090000000000000011,-0.00050000000000000001,7.4539944143165578e-06,-1.6611201606585979e-05,-0.00059143839651091558
2889,-0.0010000000000000009,0.0090000000000000011,-0.00050000000000000001,5.4806890803169598e-06,-1.629989680231295e-05,-0.00061996661099898731
2890,0,0.0090000000000000011,-0.00050000000000000001,3.4263881037039022e-06,-1.5932151499647862e-05,-0.00063615010886041248
2891,0.0010000000000000009,0.0090000000000000011,-0.00050000000000000001,1.3624734559392664e-06,-1.5483314585018067e-05,-0.00063911873928986548
2892,0.0019999999999999983,0.0090000000000000011,-0.00050000000000000001,-6.0871753471612206e-07,-1.5010026496999819e-05,-0.00062856192263577673
2893,0.0029999999999999992,0.0090000000000000011,-0.00050000000000000001,-2.459079925504956e-06,-1.4575119432987734e-05,-0.00060474955310709161
2894,0.0040000000000000001,0.0090000000000000011,-0.00050000000000000001,-4.2034689229990612e-06,-1.4207417752831517e-05,-0.00056855793767470375
2895,0.005000000000000001,0.0090000000000000011,-0.00050000000000000001,-5.8405874830578693e-06,-1.3872635110457058e-05,-0.00052137771162918121
2896,0.0060000000000000019,0.0090000000000000011,-0.00050000000000000001,-7.3680898721614711e-06,-1.3553566663899061e-05,-0.00046498623487127431
2897,0.0069999999999999993,0.0090000000000000011,-0.00050000000000000001,-8.7745687695350685e-06,-1.3219058196019904e-05,-0.00040155591245958527
2898,0.0080000000000000002,0.0090000000000000011,-0.00050000000000000001,-9.9818149314437681e-06,-1.2739055235490646e-05,-0.00033366676086750007
2899,0.0090000000000000011,0.0090000000000000011,-0.00050000000000000001,-1.086582746914905e-05,-1.1979901421946239e-05,-0.00026419562328386739
2900,0.0099999999999999985,0.0090000000000000011,-0.00050000000000000001,-1.1217476321894068e-05,-1.0737088720005891e-05,-0.00019620364037577285
2901,0.010999999999999999,0.0090000000000000011,-0.00050000000000000001,-1.077879479739822e-05,-8.8762436687736361e-06,-0.00013295426015351962
2902,0.012,0.0090000000000000011,-0.00050000000000000001,-9.321768355248693e-06,-6.5616763849525937e-06,-7.791867800523775e-05
2903,0.013000000000000001,0.0090000000000000011,-0.00050000000000000001,-7.0461311310561843e-06,-4.1131345880932644e-06,-3.4759571282671794e-05
2904,0.014000000000000002,0.0090000000000000011,-0.00050000000000000001,-2.6883119367307733e-06,-1.3886497848214611e-06,-7.5553454756092016e-06
2905,0.015000000000000003,0.0090000000000000011,-0.00050000000000000001,0,0,0
2906,0.016000000000000004,0.0090000000000000011,-0.00050000000000000001,0,0,0
2907,0.016999999999999998,0.0090000000000000011,-0.00050000000000000001,0,0,0
2908,0.017999999999999999,0.0090000000000000011,-0.00050000000000000001,0,0,0
2909,0.019,0.0090000000000000011,-0.00050000000000000001,0,0,0
2910,0.02,0.0090000000000000011,-0.00050000000000000001,0,0,0
2911,-0.02,0.0099999999999999985,-0.00050000000000000001,0,0,0
2912,-0.019,0.0099999999999999985,-0.00050000000000000001,0,0,0
2913,-0.018000000000000002,0.0099999999999999985,-0.00050000000000000001,0,0,0
2914,-0.017000000000000001,0.0099999999999999985,-0.00050000000000000001,0,0,0
2915,-0.016,0.0099999999999999985,-0.00050000000000000001,0,0,0
2916,-0.014999999999999999,0.0099999999999999985,-0.00050000000000000001,0,0,0
2917,-0.014,0.0099999999999999985,-0.00050000000000000001,1.9994419225714793e-06,-9.4071429604885551e-07,-3.6183035988481678e-06
2918,-0.013000000000000001,0.0099999999999999985,-0.00050000000000000001,5.4327566510409298e-06,-3.0283015868892041e-06,-1.6961861666074866e-05
2919,-0.012,0.0099999999999999985,-0.00050000000000000001,8.0046752199552522e-06,-5.4782385355371223e-06,-3.9514780919975937e-05
2920,-0.010999999999999999,0.0099999999999999985,-0.00050000000000000001,1.0243074850373292e-05,-8.2272686162404833e-06,-7.0324219415861022e-05
2921,-0.01,0.0099999999999999985,-0.00050000000000000001,1.1846377949889833e-05,-1.0894625990335049e-05,-0.00010786138213041106
2922,-0.0090000000000000011,0.0099999999999999985,-0.00050000000000000001,1.2852133066687333e-05,-1.3239253452869267e-05,-0.00015042973278764054
2923,-0.0080000000000000002,0.0099999999999999985,-0.00050000000000000001,1.3324622118122452e-05,-1.5216097227109274e-05,-0.00019634780346927991
2924,-0.0069999999999999993,0.0099999999999999985,-0.00050000000000000001,1.3322499962872486e-05,-1.6893184530356794e-05,-0.00024396283122773892
2925,-0.0060000000000000001,0.0099999999999999985,-0.00050000000000000001,1.2884446497583717e-05,-1.8273489259162548e-05,-0.00029156810097881773
2926,-0.005000000000000001,0.0099999999999999985,-0.00050000000000000001,1.2039945306135991e-05,-1.9362709702483124e-05,-0.00033736573314750408
2927,-0.0040000000000000001,0.0099999999999999985,-0.00050000000000000001,1.0810155464040224e-05,-2.0180418036827e-05,-0.00037948998051467656
2928,-0.0029999999999999992,0.0099999999999999985,-0.00050000000000000001,9.223419741738257e-06,-2.075403987152494e-05,-0.00041610253687762803
2929,-0.0019999999999999983,0.0099999999999999985,-0.00050000000000000001,7.3344377167904906e-06,-2.1094990132155432e-05,-0.00044557316356026028
2930,-0.0010000000000000009,0.0099999999999999985,-0.00050000000000000001,5.209845365043151e-06,-2.1187666304334588e-05,-0.0004665803568317598
2931,0,0.0099999999999999985,-0.00050000000000000001,2.9329370926105754e-06,-2.1057401597151105e-05,-0.00047812668586512863
2932,0.0010000000000000009,0.0099999999999999985,-0.00050000000000000001,6.2769312359235807e-07,-2.0765084569565925e-05,-0.00047961235772736854
2933,0.0019999999999999983,0.0099999999999999985,-0.00050000000000000001,-1.6051621226770281e-06,-2.0284236500977016e-05,-0.0004708452483212453
2934,0.0029999999999999992,0.0099999999999999985,-0.00050000000000000001,-3.6838126572711203e-06,-1.961887515228959e-05,-0.00045205007477812999
2935,0.0040000000000000001,0.0099999999999999985,-0.00050000000000000001,-5.5471392851263459e-06,-1.8794230914327746e-05,-0.00042387397595449491
2936,0.005000000000000001,0.0099999999999999985,-0.00050000000000000001,-7.1383581719729174e-06,-1.7813019085267286e-05,-0.00038740525248261723
2937,0.0060000000000000019,0.0099999999999999985,-0.00050000000000000001,-8.4090006149567129e-06,-1.6662825982946303e-05,-0.00034406381917481574
2938,0.0069999999999999993,0.0099999999999999985,-0.00050000000000000001,-9.3411495140795813e-06,-1.5386059395574882e-05,-0.00029550513940067362
2939,0.0080000000000000002,0.0099999999999999985,-0.00050000000000000001,-9.912346408057454e-06,-1.3971594701090716e-05,-0.00024372231195615341
2940,0.0090000000000000011,0.0099999999999999985,-0.00050000000000000001,-1.0068351823477399e-05,-1.2352879352870503e-05,-0.00019099634570644128
2941,0.0099999999999999985,0.0099999999999999985,-0.00050000000000000001,-9.7091686622890722e-06,-1.0397922827575854e-05,-0.0001398289602252368
2942,0.010999999999999999,0.0099999999999999985,-0.00050000000000000001,-8.7192961954477403e-06,-8.0754116778644714e-06,-9.2933666639548698e-05
2943,0.012,0.0099999999999999985,-0.00050000000000000001,-7.0024305458643897e-06,-5.5733097739807662e-06,-5.3137537111747063e-05
2944,0.013000000000000001,0.0099999999999999985,-0.00050000000000000001,-4.8616994208221391e-06,-3.2417104340281128e-06,-2.3118864115340207e-05
2945,0.014000000000000002,0.0099999999999999985,-0.00050000000000000001,-1.7780598031167749e-06,-1.0884956762187812e-06,-4.9837273940116157e-06
2946,0.015000000000000003,0.0099999999999999985,-0.00050000000000000001,0,0,0
2947,0.016000000000000004,0.0099999999999999985,-0.00050000000000000001,0,0,0
2948,0.016999999999999998,0.0099999999999999985,-0.00050000000000000001,0,0,0
2949,0.017999999999999999,0.0099999999999999985,-0.00050000000000000001,0,0,0
2950,0.019,0.0099999999999999985,-0.00050000000000000001,0,0,0
2951,0.02,0.0099999999999999985,-0.00050000000000000001,0,0,0
2952,-0.02,0.010999999999999999,-0.00050000000000000001,0,0,0
2953,-0.019,0.010999999999999999,-0.00050000000000000001,0,0,0
2954,-0.018000000000000002,0.010999999999999999,-0.00050000000000000001,0,0,0
2955,-0.017000000000000001,0.010999999999999999,-0.00050000000000000001,0,0,0
2956,-0.016,0.010999999999999999,-0.00050000000000000001,0,0,0
2957,-0.014999999999999999,0.010999999999999999,-0.00050000000000000001,0,0,0
2958,-0.014,0.010999999999999999,-0.00050000000000000001,1.2552682938909484e-06,-7.8511666177537151e-07,-2.1018365332798129e-06
2959,-0.013000000000000001,0.010999999999999999,-0.00050000000000000001,3.3340545551032639e-06,-2.2247165153661553e-06,-1.0136819626123461e-05
2960,-0.012,0.010999999999999999,-0.00050000000000000001,5.3714437101368309e-06,-4.25064294455912e-06,-2.4409629806736439e-05
2961,-0.010999999999999999,0.010999999999999999,-0.00050000000000000001,7.4024983970791763e-06,-6.8373331356537021e-06,-4.4801032709226143e-05
2962,-0.01,0.010999999999999999,-0.00050000000000000001,9.0271378208261713e-06,-9.5688169939646146e-06,-7.0593763967998136e-05
2963,-0.0090000000000000011,0.010999999999999999,-0.00050000000000000001,1.0225748466040222e-05,-1.2186263718148983e-05,-0.00010061654269223271
2964,-0.0080000000000000002,0.010999999999999999,-0.00050000000000000001,1.0985761159507094e-05,-1.4587899379357031e-05,-0.00013352562152685757
2965,-0.0069999999999999993,0.010999999999999999,-0.00050000000000000001,1.1305793280387935e-05,-1.6788573709286884e-05,-0.00016796262162948968
2966,-0.0060000000000000001,0.010999999999999999,-0.00050000000000000001,1.1176529848434573e-05,-1.8758628944648778e-05,-0.00020254266658073557
2967,-0.005000000000000001,0.010999999999999999,-0.00050000000000000001,1.0594851198202471e-05,-2.0451663051592775e-05,-0.00023584548480164679
2968,-0.0040000000000000001,0.010999999999999999,-0.00050000000000000001,9.57634927082576e-06,-2.1844773268023648e-05,-0.00026644588003997983
2969,-0.0029999999999999992,0.010999999999999999,-0.00050000000000000001,8.1691469057743334e-06,-2.2936070918504703e-05,-0.00029297484331186965
2970,-0.0019999999999999983,0.010999999999999999,-0.00050000000000000001,6.4425447588327118e-06,-2.3713166955413e-05,-0.00031420160752200488
2971,-0.0010000000000000009,0.010999999999999999,-0.00050000000000000001,4.488749807700956e-06,-2.4143134541269163e-05,-0.00032912757867341829
2972,0,0.010999999999999999,-0.00050000000000000001,2.4081983206356016e-06,-2.4229828484030235e-05,-0.00033703920631207639
2973,0.0010000000000000009,0.010999999999999999,-0.00050000000000000001,2.7611264008696355e-07,-2.3982018591008763e-05,-0.00033751862842032004
2974,0.0019999999999999983,0.010999999999999999,-0.00050000000000000001,-1.8213049986590087e-06,-2.3405666292525263e-05,-0.0003304882057038173
2975,0.0029999999999999992,0.010999999999999999,-0.00050000000000000001,-3.778143526119449e-06,-2.2497006669150947e-05,-0.0003161791097517785
2976,0.0040000000000000001,0.010999999999999999,-0.00050000000000000001,-5.5060461058457541e-06,-2.1281173848651968e-05,-0.00029513078560311284
2977,0.005000000000000001,0.010999999999999999,-0.00050000000000000001,-6.92520237063621e-06,-1.9789158779096187e-05,-0.00026819187260368195
2978,0.0060000000000000019,0.010999999999999999,-0.00050000000000000001,-7.9543968132680696e-06,-1.8026879322113326e-05,-0.00023648685291350382
2979,0.0069999999999999993,0.010999999999999999,-0.00050000000000000001,-8.5411345636989915e-06,-1.6067182720359344e-05,-0.00020129799296420822
2980,0.0080000000000000002,0.010999999999999999,-0.00050000000000000001,-8.6811733305871069e-06,-1.3965674656107802e-05,-0.00016410949246763241
2981,0.0090000000000000011,0.010999999999999999,-0.00050000000000000001,-8.3820298631551671e-06,-1.17320295875181e-05,-0.00012666180165477484
2982,0.0099999999999999985,0.010999999999999999,-0.00050000000000000001,-7.616821524802364e-06,-9.309900991648116e-06,-9.0900940885113284e-05
2983,0.010999999999999999,0.010999999999999999,-0.00050000000000000001,-6.3835762248502969e-06,-6.7587738627708142e-06,-5.8907391668740941e-05
2984,0.012,0.010999999999999999,-0.00050000000000000001,-4.6950636168344531e-06,-4.3021973829295908e-06,-3.2678415407805161e-05
2985,0.013000000000000001,0.010999999999999999,-0.00050000000000000001,-2.9558587393204113e-06,-2.3325658495955239e-06,-1.3800728943382196e-05
2986,0.014000000000000002,0.010999999999999999,-0.00050000000000000001,-1.1200352753462218e-06,-8.479417053610326e-07,-2.9579120915745967e-06
2987,0.015000000000000003,0.010999999999999999,-0.00050000000000000001,0,0,0
2988,0.016000000000000004,0.010999999999999999,-0.00050000000000000001,0,0,0
2989,0.016999999999999998,0.010999999999999999,-0.00050000000000000001,0,0,0
2990,0.017999999999999999,0.010999999999999999,-0.00050000000000000001,0,0,0
2991,0.019,0.010999999999999999,-0.00050000000000000001,0,0,0
2992,0.02,0.010999999999999999,-0.00050000000000000001,0,0,0
2993,-0.02,0.012,-0.00050000000000000001,0,0,0
2994,-0.019,0.012,-0.00050000000000000001,0,0,0
2995,-0.018000000000000002,0.012,-0.00050000000000000001,0,0,0
2996,-0.017000000000000001,0.012,-0.00050000000000000001,0,0,0
2997,-0.016,0.012,-0.00050000000000000001,0,0,0
2998,-0.014999999999999999,0.012,-0.00050000000000000001,0,0,0
2999,-0.014,0.012,-0.00050000000000000001,7.4734429658429316e-07,-6.4159017856964128e-07,-1.0468047528132547e-06
3000,-0.013000000000000001,0.012,-0.00050000000000000001,1.8892693370376391e-06,-1.5154306010465653e-06,-5.114301555677862e-06
3001,-0.012,0.012,-0.00050000000000000001,3.1636406838646588e-06,-2.8867877542035584e-06,-1.2849110352447852e-05
3002,-0.010999999999999999,0.012,-0.00050000000000000001,4.6862358470766813e-06,-5.0087034642281787e-06,-2.4477324995774937e-05
3003,-0.01,0.012,-0.00050000000000000001,6.1003157734735153e-06,-7.571549706133389e-06,-3.9776977849809073e-05
3004,-0.0090000000000000011,0.012,-0.00050000000000000001,7.2607023040622481e-06,-1.020715333726563e-05,-5.8228804836611926e-05
3005,-0.0080000000000000002,0.012,-0.00050000000000000001,8.0809951431523076e-06,-1.2792168001097499e-05,-7.8990764378821714e-05
3006,-0.0069999999999999993,0.012,-0.00050000000000000001,8.5351860424212524e-06,-1.5302206830293981e-05,-0.00010109455045257225
3007,-0.0060000000000000001,0.012,-0.00050000000000000001,8.6056058741423483e-06,-1.7701126817543512e-05,-0.00012354690761520184
3008,-0.005000000000000001,0.012,-0.00050000000000000001,8.2943620869529117e-06,-1.9918781260516697e-05,-0.00014534322419532477
3009,-0.0040000000000000001,0.012,-0.00050000000000000001,7.6126066249852519e-06,-2.1877751351887331e-05,-0.00016548409527109508
3010,-0.0029999999999999992,0.012,-0.00050000000000000001,6.576538090713557e-06,-2.3514408362983045e-05,-0.00018300931193723343
3011,-0.0019999999999999983,0.012,-0.00050000000000000001,5.2192572844496074e-06,-2.4760768760354634e-05,-0.00019703082374698225
3012,-0.0010000000000000009,0.012,-0.00050000000000000001,3.6176185581371017e-06,-2.5546549838019345e-05,-0.00020680146141631897
3013,0,0.012,-0.00050000000000000001,1.8609609033113975e-06,-2.5823461051313206e-05,-0.00021178313714860739
3014,0.0010000000000000009,0.012,-0.00050000000000000001,5.8696168616992423e-08,-2.5564201761245678e-05,-0.00021169379022528218
3015,0.0019999999999999983,0.012,-0.00050000000000000001,-1.6873364008170139e-06,-2.4783199807989273e-05,-0.00020651844151030994
3016,0.0029999999999999992,0.012,-0.00050000000000000001,-3.2827576341323404e-06,-2.3516040638804679e-05,-0.00019652084737044692
3017,0.0040000000000000001,0.012,-0.00050000000000000001,-4.6343255902778341e-06,-2.1825412366130627e-05,-0.00018218386357844155
3018,0.005000000000000001,0.012,-0.00050000000000000001,-5.6905208023753371e-06,-1.9781445862620129e-05,-0.0001641514336083212
3019,0.0060000000000000019,0.012,-0.00050000000000000001,-6.4054876968017702e-06,-1.7476810148324681e-05,-0.00014321928053716298
3020,0.0069999999999999993,0.012,-0.00050000000000000001,-6.7313923167688011e-06,-1.5034554480068838e-05,-0.00012032500689962933
3021,0.0080000000000000002,0.012,-0.00050000000000000001,-6.6360859544358344e-06,-1.2522712589970461e-05,-9.6517061106769409e-05
3022,0.0090000000000000011,0.012,-0.00050000000000000001,-6.1273194533758954e-06,-9.983807629305261e-06,-7.2988737631635162e-05
3023,0.0099999999999999985,0.012,-0.00050000000000000001,-5.2377961284529691e-06,-7.4307044990045293e-06,-5.1076495426849654e-05
3024,0.010999999999999999,0.012,-0.00050000000000000001,-4.0612677131283073e-06,-4.962444627386227e-06,-3.2110019910502943e-05
3025,0.012,0.012,-0.00050000000000000001,-2.7496215361826602e-06,-2.9058963932598375e-06,-1.7202269024052153e-05
3026,0.013000000000000001,0.012,-0.00050000000000000001,-1.654662369362666e-06,-1.5487086779668878e-06,-7.0420568785303912e-06
3027,0.014000000000000002,0.012,-0.00050000000000000001,-6.5262949839871892e-07,-6.52360476585018e-07,-1.4824998309852006e-06
3028,0.015000000000000003,0.012,-0.00050000000000000001,0,0,0
3029,0.016000000000000004,0.012,-0.00050000000000000001,0,0,0
3030,0.016999999999999998,0.012,-0.00050000000000000001,0,0,0
3031,0.017999999999999999,0.012,-0.00050000000000000001,0,0,0
3032,0.019,0.012,-0.00050000000000000001,0,0,0
3033,0.02,0.012,-0.00050000000000000001,0,0,0
3034,-0.02,0.013000000000000001,-0.00050000000000000001,0,0,0
3035,-0.019,0.013000000000000001,-0.00050000000000000001,0,0,0
3036,-0.018000000000000002,0.013000000000000001,-0.00050000000000000001,0,0,0
3037,-0.017000000000000001,0.013000000000000001,-0.00050000000000000001,0,0,0
3038,-0.016,0.013000000000000001,-0.00050000000000000001,0,0,0
3039,-0.014999999999999999,0.013000000000000001,-0.00050000000000000001,0,0,0
3040,-0.014,0.013000000000000001,-0.00050000000000000001,4.8958239686097609e-07,-5.1564569697583642e-07,-3.8717710074399421e-07
3041,-0.013000000000000001,0.013000000000000001,-0.00050000000000000001,1.075446881363929e-06,-9.7954012041872688e-07,-1.978159499405806e-06
3042,-0.012,0.013000000000000001,-0.00050000000000000001,1.6964386985533465e-06,-1.7379913925401904e-06,-5.1204978241635867e-06
3043,-0.010999999999999999,0.013000000000000001,-0.00050000000000000001,2.5159149489345703e-06,-3.133609830473595e-06,-1.0178719906890101e-05
3044,-0.01,0.013000000000000001,-0.00050000000000000001,3.4512207420583908e-06,-5.1933979422848068e-06,-1.710082557773508e-05
3045,-0.0090000000000000011,0.013000000000000001,-0.00050000000000000001,4.3492827294118346e-06,-7.5117597919575667e-06,-2.56917928025044e-05
3046,-0.0080000000000000002,0.013000000000000001,-0.00050000000000000001,5.0687695072485424e-06,-9.9372738054556269e-06,-3.5667719125613003e-05
3047,-0.0069999999999999993,0.013000000000000001,-0.00050000000000000001,5.5446865139965742e-06,-1.2445356578377689e-05,-4.6552563478987371e-05
3048,-0.0060000000000000001,0.013000000000000001,-0.00050000000000000001,5.7546645472777417e-06,-1.4991710858028358e-05,-5.779801361878676e-05
3049,-0.005000000000000001,0.013000000000000001,-0.00050000000000000001,5.6788975039957159e-06,-1.7479691599698409e-05,-6.8849906883126582e-05
3050,-0.0040000000000000001,0.013000000000000001,-0.00050000000000000001,5.3066834285264411e-06,-1.9781902229227231e-05,-7.916074091116427e-05
3051,-0.0029999999999999992,0.013000000000000001,-0.00050000000000000001,4.6489028243461889e-06,-2.1763924107013057e-05,-8.8204001268885819e-05
3052,-0.0019999999999999983,0.013000000000000001,-0.00050000000000000001,3.728721614400621e-06,-2.3312388411281582e-05,-9.5477386115886545e-05
3053,-0.0010000000000000009,0.013000000000000001,-0.00050000000000000001,2.5864613468067132e-06,-2.4320178625448184e-05,-0.00010054006362492257
3054,0,0.013000000000000001,-0.00050000000000000001,1.3020276904229198e-06,-2.4701730115798104e-05,-0.00010306384166228875
3055,0.0010000000000000009,0.013000000000000001,-0.00050000000000000001,-2.8544596361115542e-08,-2.4418079014002829e-05,-0.00010287992677195454
3056,0.0019999999999999983,0.013000000000000001,-0.00050000000000000001,-1.3043022081571965e-06,-2.3489954225608297e-05,-9.9971975275606919e-05
3057,0.0029999999999999992,0.013000000000000001,-0.00050000000000000001,-2.435398933377738e-06,-2.198500823810669e-05,-9.4519229108247491e-05
3058,0.0040000000000000001,0.013000000000000001,-0.00050000000000000001,-3.3637620166878299e-06,-1.9987324259851666e-05,-8.6872840694610855e-05
3059,0.005000000000000001,0.013000000000000001,-0.00050000000000000001,-4.0356042560472908e-06,-1.7614696860061915e-05,-7.7461229798506297e-05
3060,0.0060000000000000019,0.013000000000000001,-0.00050000000000000001,-4.4089904001425857e-06,-1.5030360385787686e-05,-6.6737273120318565e-05
3061,0.0069999999999999993,0.013000000000000001,-0.00050000000000000001,-4.4775832727603675e-06,-1.2404407482000055e-05,-5.5219312413961266e-05
3062,0.0080000000000000002,0.013000000000000001,-0.00050000000000000001,-4.2488299746688871e-06,-9.8478862507736969e-06,-4.3482762829140372e-05
3063,0.0090000000000000011,0.013000000000000001,-0.00050000000000000001,-3.7318104683479957e-06,-7.4088139577022833e-06,-3.2177989131058649e-05
3064,0.0099999999999999985,0.013000000000000001,-0.00050000000000000001,-2.9967796271066463e-06,-5.116602752150988e-06,-2.1958584398099054e-05
3065,0.010999999999999999,0.013000000000000001,-0.00050000000000000001,-2.1848247603810139e-06,-3.1152411726460719e-06,-1.340531394877697e-05
3066,0.012,0.013000000000000001,-0.00050000000000000001,-1.4663308136754426e-06,-1.7410271835214059e-06,-6.9575661971182536e-06
3067,0.013000000000000001,0.013000000000000001,-0.00050000000000000001,-9.3120873218916246e-07,-9.7509489362883302e-07,-2.7454290279281172e-06
3068,0.014000000000000002,0.013000000000000001,-0.00050000000000000001,-4.2709814726476228e-07,-5.003011773774845e-07,-5.0269307818107611e-07
3069,0.015000000000000003,0.013000000000000001,-0.00050000000000000001,0,0,0
3070,0.016000000000000004,0.013000000000000001,-0.00050000000000000001,0,0,0
3071,0.016999999999999998,0.013000000000000001,-0.00050000000000000001,0,0,0
3072,0.017999999999999999,0.013000000000000001,-0.00050000000000000001,0,0,0
3073,0.019,0.013000000000000001,-0.00050000000000000001,0,0,0
3074,0.02,0.013000000000000001,-0.00050000000000000001,0,0,0
3075,-0.02,0.014000000000000002,-0.00050000000000000001,0,0,0
3076,-0.019,0.014000000000000002,-0.00050000000000000001,0,0,0
3077,-0.018000000000000002,0.014000000000000002,-0.00050000000000000001,0,0,0
3078,-0.017000000000000001,0.014000000000000002,-0.00050000000000000001,0,0,0
3079,-0.016,0.014000000000000002,-0.00050000000000000001,0,0,0
3080,-0.014999999999999999,0.014000000000000002,-0.00050000000000000001,0,0,0
3081,-0.014,0.014000000000000002,-0.00050000000000000001,3.0495104213154131e-07,-2.9191146039253505e-07,-1.3538483753268574e-08
3082,-0.013000000000000001,0.014000000000000002,-0.00050000000000000001,5.5703576072480518e-07,-4.5580726761186239e-07,-3.8619486704820249e-07
3083,-0.012,0.014000000000000002,-0.00050000000000000001,7.2584021495179004e-07,-6.9215641702349436e-07,-1.0457106395764239e-06
3084,-0.010999999999999999,0.014000000000000002,-0.00050000000000000001,9.2679019255814713e-07,-1.1813908077355755e-06,-2.107281483210486e-06
3085,-0.01,0.014000000000000002,-0.00050000000000000001,1.152284614329894e-06,-1.9117241144892139e-06,-3.6456940695094823e-06
3086,-0.0090000000000000011,0.014000000000000002,-0.00050000000000000001,1.4411872216693153e-06,-2.8673151542508414e-06,-5.5423196274493048e-06
3087,-0.0080000000000000002,0.014000000000000002,-0.00050000000000000001,1.7735759880159949e-06,-3.9154714081507105e-06,-7.7539445963636456e-06
3088,-0.0069999999999999993,0.014000000000000002,-0.00050000000000000001,2.0737306274224877e-06,-5.0856197710587636e-06,-1.0248643369154748e-05
3089,-0.0060000000000000001,0.014000000000000002,-0.00050000000000000001,2.283284147198946e-06,-6.3423397308605924e-06,-1.2900325871969835e-05
3090,-0.005000000000000001,0.014000000000000002,-0.00050000000000000001,2.3628301357270243e-06,-7.6128107098978032e-06,-1.5558330451333556e-05
3091,-0.0040000000000000001,0.014000000000000002,-0.00050000000000000001,2.2939433986880328e-06,-8.8125175937151259e-06,-1.8071732702443972e-05
3092,-0.0029999999999999992,0.014000000000000002,-0.00050000000000000001,2.071224579207513e-06,-9.849627127988559e-06,-2.0290861367852679e-05
3093,-0.0019999999999999983,0.014000000000000002,-0.00050000000000000001,1.7082314242922288e-06,-1.0650461804780785e-05,-2.2082475884634995e-05
3094,-0.0010000000000000009,0.014000000000000002,-0.00050000000000000001,1.2318779934372188e-06,-1.1171808883691915e-05,-2.3338867463693053e-05
3095,0,0.014000000000000002,-0.00050000000000000001,6.7634216903777202e-07,-1.138229166074565e-05,-2.3980456894344387e-05
3096,0.0010000000000000009,0.014000000000000002,-0.00050000000000000001,9.1289011771573897e-08,-1.1255491815629688e-05,-2.3957523445555978e-05
3097,0.0019999999999999983,0.014000000000000002,-0.00050000000000000001,-4.7087026017353569e-07,-1.0796244837028503e-05,-2.3264479823820893e-05
3098,0.0029999999999999992,0.014000000000000002,-0.00050000000000000001,-9.6369276268156504e-07,-1.0025450147198781e-05,-2.191534674323778e-05
3099,0.0040000000000000001,0.014000000000000002,-0.00050000000000000001,-1.3504703003275492e-06,-8.9773911108680122e-06,-1.9964970997445704e-05
3100,0.005000000000000001,0.014000000000000002,-0.00050000000000000001,-1.5983286386490434e-06,-7.740077830413408e-06,-1.7589198589590248e-05
3101,0.0060000000000000019,0.014000000000000002,-0.00050000000000000001,-1.6872618941326392e-06,-6.4117862965936604e-06,-1.4951244783864918e-05
3102,0.0069999999999999993,0.014000000000000002,-0.00050000000000000001,-1.6204219348455334e-06,-5.0950808697344094e-06,-1.2198988239901816e-05
3103,0.0080000000000000002,0.014000000000000002,-0.00050000000000000001,-1.4348065144609059e-06,-3.882837902087678e-06,-9.4863808954165142e-06
3104,0.0090000000000000011,0.014000000000000002,-0.00050000000000000001,-1.1936416903631604e-06,-2.8147580678533545e-06,-6.9584806376478526e-06
3105,0.0099999999999999985,0.014000000000000002,-0.00050000000000000001,-9.6664004859456101e-07,-1.87425234324793e-06,-4.7145238171877159e-06
3106,0.010999999999999999,0.014000000000000002,-0.00050000000000000001,-7.8241433713821231e-07,-1.1800111494969e-06,-2.8526971693112956e-06
3107,0.012,0.014000000000000002,-0.00050000000000000001,-6.1863562186681523e-07,-6.8539003253488721e-07,-1.4487774340145375e-06
3108,0.013000000000000001,0.014000000000000002,-0.00050000000000000001,-4.8584418854472547e-07,-4.4375353698376747e-07,-4.9820049966413245e-07
3109,0.014000000000000002,0.014000000000000002,-0.00050000000000000001,-2.7199866424400147e-07,-2.7658975344663695e-07,1.4656877887332575e-08
3110,0.015000000000000003,0.014000000000000002,-0.00050000000000000001,0,0,0
3111,0.016000000000000004,0.014000000000000002,-0.00050000000000000001,0,0,0
3112,0.016999999999999998,0.014000000000000002,-0.00050000000000000001,0,0,0
3113,0.017999999999999999,0.014000000000000002,-0.00050000000000000001,0,0,0
3114,0.019,0.014000000000000002,-0.00050000000000000001,0,0,0
3115,0.02,0.014000000000000002,-0.00050000000000000001,0,0,0
3116,-0.02,0.015000000000000003,-0.00050000000000000001,0,0,0
3117,-0.019,0.015000000000000003,-0.00050000000000000001,0,0,0
3118,-0.018000000000000002,0.015000000000000003,-0.00050000000000000001,0,0,0
3119,-0.017000000000000001,0.015000000000000003,-0.00050000000000000001,0,0,0
3120,-0.016,0.015000000000000003,-0.00050000000000000001,0,0,0
3121,-0.014999999999999999,0.015000000000000003,-0.00050000000000000001,0,0,0
3122,-0.014,0.015000000000000003,-0.00050000000000000001,0,0,0
3123,-0.013000000000000001,0.015000000000000003,-0.00050000000000000001,0,0,0
3124,-0.012,0.015000000000000003,-0.00050000000000000001,0,0,0
3125,-0.010999999999999999,0.015000000000000003,-0.00050000000000000001,0,0,0
3126,-0.01,0.015000000000000003,-0.00050000000000000001,0,0,0
3127,-0.0090000000000000011,0.015000000000000003,-0.00050000000000000001,0,0,0
3128,-0.0080000000000000002,0.015000000000000003,-0.00050000000000000001,0,0,0
3129,-0.0069999999999999993,0.015000000000000003,-0.00050000000000000001,0,0,0
3130,-0.0060000000000000001,0.015000000000000003,-0.00050000000000000001,0,0,0
3131,-0.005000000000000001,0.015000000000000003,-0.00050000000000000001,0,0,0
3132,-0.0040000000000000001,0.015000000000000003,-0.00050000000000000001,0,0,0
3133,-0.0029999999999999992,0.015000000000000003,-0.00050000000000000001,0,0,0
3134,-0.0019999999999999983,0.015000000000000003,-0.00050000000000000001,0,0,0
3135,-0.0010000000000000009,0.015000000000000003,-0.00050000000000000001,0,0,0
3136,0,0.015000000000000003,-0.00050000000000000001,0,0,0
3137,0.0010000000000000009,0.015000000000000003,-0.00050000000000000001,0,0,0
3138,0.0019999999999999983,0.015000000000000003,-0.00050000000000000001,0,0,0
3139,0.0029999999999999992,0.015000000000000003,-0.00050000000000000001,0,0,0
3140,0.0040000000000000001,0.015000000000000003,-0.00050000000000000001,0,0,0
3141,0.005000000000000001,0.015000000000000003,-0.00050000000000000001,0,0,0
3142,0.0060000000000000019,0.015000000000000003,-0.00050000000000000001,0,0,0
3143,0.0069999999999999993,0.015000000000000003,-0.00050000000000000001,0,0,0
3144,0.0080000000000000002,0.015000000000000003,-0.00050000000000000001,0,0,0
3145,0.0090000000000000011,0.015000000000000003,-0.00050000000000000001,0,0,0
3146,0.0099999999999999985,0.015000000000000003,-0.00050000000000000001,0,0,0
3147,0.010999999999999999,0.015000000000000003,-0.00050000000000000001,0,0,0
3148,0.012,0.015000000000000003,-0.00050000000000000001,0,0,0
3149,0.013000000000000001,0.015000000000000003,-0.00050000000000000001,0,0,0
3150,0.014000000000000002,0.015000000000000003,-0.00050000000000000001,0,0,0
3151,0.015000000000000003,0.015000000000000003,-0.00050000000000000001,0,0,0
3152,0.016000000000000004,0.015000000000000003,-0.00050000000000000001,0,0,0
3153,0.016999999999999998,0.015000000000000003,-0.00050000000000000001,0,0,0
3154,0.017999999999999999,0.015000000000000003,-0.00050000000000000001,0,0,0
3155,0.019,0.015000000000000003,-0.00050000000000000001,0,0,0
3156,0.02,0.015000000000000003,-0.00050000000000000001,0,0,0
3157,-0.02,0.016000000000000004,-0.00050000000000000001,0,0,0
3158,-0.019,0.016000000000000004,-0.00050000000000000001,0,0,0
3159,-0.018000000000000002,0.016000000000000004,-0.00050000000000000001,0,0,0
3160,-0.017000000000000001,0.016000000000000004,-0.00050000000000000001,0,0,0
3161,-0.016,0.016000000000000004,-0.00050000000000000001,0,0,0
3162,-0.014999999999999999,0.016000000000000004,-0.00050000000000000001,0,0,0
3163,-0.014,0.016000000000000004,-0.00050000000000000001,0,0,0
3164,-0.013000000000000001,0.016000000000000004,-0.00050000000000000001,0,0,0
3165,-0.012,0.016000000000000004,-0.00050000000000000001,0,0,0
3166,-0.010999999999999999,0.016000000000000004,-0.00050000000000000001,0,0,0
3167,-0.01,0.016000000000000004,-0.00050000000000000001,0,0,0
3168,-0.0090000000000000011,0.016000000000000004,-0.00050000000000000001,0,0,0
3169,-0.0080000000000000002,0.016000000000000004,-0.00050000000000000001,0,0,0
3170,-0.0069999999999999993,0.016000000000000004,-0.00050000000000000001,0,0,0
3171,-0.0060000000000000001,0.016000000000000004,-0.00050000000000000001,0,0,0
3172,-0.005000000000000001,0.016000000000000004,-0.00050000000000000001,0,0,0
3173,-0.0040000000000000001,0.016000000000000004,-0.00050000000000000001,0,0,0
3174,-0.0029999999999999992,0.016000000000000004,-0.00050000000000000001,0,0,0
3175,-0.0019999999999999983,0.016000000000000004,-0.00050000000000000001,0,0,0
3176,-0.0010000000000000009,0.016000000000000004,-0.00050000000000000001,0,0,0
3177,0,0.016000000000000004,-0.00050000000000000001,0,0,0
3178,0.0010000000000000009,0.016000000000000004,-0.00050000000000000001,0,0,0
3179,0.0019999999999999983,0.016000000000000004,-0.00050000000000000001,0,0,0
3180,0.0029999999999999992,0.016000000000000004,-0.00050000000000000001,0,0,0
3181,0.0040000000000000001,0.016000000000000004,-0.00050000000000000001,0,0,0
3182,0.005000000000000001,0.016000000000000004,-0.00050000000000000001,0,0,0
3183,0.0060000000000000019,0.016000000000000004,-0.00050000000000000001,0,0,0
3184,0.0069999999999999993,0.016000000000000004,-0.00050000000000000001,0,0,0
3185,0.0080000000000000002,0.016000000000000004,-0.00050000000000000001,0,0,0
3186,0.0090000000000000011,0.016000000000000004,-0.00050000000000000001,0,0,0
3187,0.0099999999999999985,0.016000000000000004,-0.00050000000000000001,0,0,0
3188,0.010999999999999999,0.016000000000000004,-0.00050000000000000001,0,0,0
3189,0.012,0.016000000000000004,-0.00050000000000000001,0,0,0
3190,0.013000000000000001,0.016000000000000004,-0.00050000000000000001,0,0,0
3191,0.014000000000000002,0.016000000000000004,-0.00050000000000000001,0,0,0
3192,0.015000000000000003,0.016000000000000004,-0.00050000000000000001,0,0,0
3193,0.016000000000000004,0.016000000000000004,-0.00050000000000000001,0,0,0
3194,0.016999999999999998,0.016000000000000004,-0.00050000000000000001,0,0,0
3195,0.017999999999999999,0.016000000000000004,-0.00050000000000000001,0,0,0
3196,0.019,0.016000000000000004,-0.00050000000000000001,0,0,0
3197,0.02,0.016000000000000004,-0.00050000000000000001,0,0,0
3198,-0.02,0.016999999999999998,-0.00050000000000000001,0,0,0
3199,-0.019,0.016999999999999998,-0.00050000000000000001,0,0,0
3200,-0.018000000000000002,0.016999999999999998,-0.00050000000000000001,0,0,0
3201,-0.017000000000000001,0.016999999999999998,-0.00050000000000000001,0,0,0
3202,-0.016,0.016999999999999998,-0.00050000000000000001,0,0,0
3203,-0.014999999999999999,0.016999999999999998,-0.00050000000000000001,0,0,0
3204,-0.014,0.016999999999999998,-0.00050000000000000001,0,0,0
3205,-0.013000000000000001,0.016999999999999998,-0.00050000000000000001,0,0,0
3206,-0.012,0.016999999999999998,-0.00050000000000000001,0,0,0
3207,-0.010999999999999999,0.016999999999999998,-0.00050000000000000001,0,0,0
3208,-0.01,0.016999999999999998,-0.00050000000000000001,0,0,0
3209,-0.0090000000000000011,0.016999999999999998,-0.00050000000000000001,0,0,0
3210,-0.0080000000000000002,0.016999999999999998,-0.00050000000000000001,0,0,0
3211,-0.0069999999999999993,0.016999999999999998,-0.00050000000000000001,0,0,0
3212,-0.0060000000000000001,0.016999999999999998,-0.00050000000000000001,0,0,0
3213,-0.005000000000000001,0.016999999999999998,-0.00050000000000000001,0,0,0
3214,-0.0040000000000000001,0.016999999999999998,-0.00050000000000000001,0,0,0
3215,-0.0029999999999999992,0.016999999999999998,-0.00050000000000000001,0,0,0
3216,-0.0019999999999999983,0.016999999999999998,-0.00050000000000000001,0,0,0
3217,-0.0010000000000000009,0.016999999999999998,-0.00050000000000000001,0,0,0
3218,0,0.016999999999999998,-0.00050000000000000001,0,0,0
3219,0.0010000000000000009,0.016999999999999998,-0.00050000000000000001,0,0,0
3220,0.0019999999999999983,0.016999999999999998,-0.00050000000000000001,0,0,0
3221,0.0029999999999999992,0.016999999999999998,-0.00050000000000000001,0,0,0
3222,0.0040000000000000001,0.016999999999999998,-0.00050000000000000001,0,0,0
3223,0.005000000000000001,0.016999999999999998,-0.00050000000000000001,0,0,0
3224,0.0060000000000000019,0.016999999999999998,-0.00050000000000000001,0,0,0
3225,0.0069999999999999993,0.016999999999999998,-0.00050000000000000001,0,0,0
3226,0.0080000000000000002,0.016999999999999998,-0.00050000000000000001,0,0,0
3227,0.0090000000000000011,0.016999999999999998,-0.00050000000000000001,0,0,0
3228,0.0099999999999999985,0.016999999999999998,-0.00050000000000000001,0,0,0
3229,0.010999999999999999,0.016999999999999998,-0.00050000000000000001,0,0,0
3230,0.012,0.016999999999999998,-0.00050000000000000001,0,0,0
3231,0.013000000000000001,0.016999999999999998,-0.00050000000000000001,0,0,0
3232,0.014000000000000002,0.016999999999999998,-0.00050000000000000001,0,0,0
3233,0.015000000000000003,0.016999999999999998,-0.00050000000000000001,0,0,0
3234,0.016000000000000004,0.016999999999999998,-0.00050000000000000001,0,0,0
3235,0.016999999999999998,0.016999999999999998,-0.00050000000000000001,0,0,0
3236,0.017999999999999999,0.016999999999999998,-0.00050000000000000001,0,0,0
3237,0.019,0.016999999999999998,-0.00050000000000000001,0,0,0
3238,0.02,0.016999999999999998,-0.00050000000000000001,0,0,0
3239,-0.02,0.017999999999999999,-0.00050000000000000001,0,0,0
3240,-0.019,0.017999999999999999,-0.00050000000000000001,0,0,0
3241,-0.018000000000000002,0.017999999999999999,-0.00050000000000000001,0,0,0
3242,-0.017000000000000001,0.017999999999999999,-0.00050000000000000001,0,0,0
3243,-0.016,0.017999999999999999,-0.00050000000000000001,0,0,0
3244,-0.014999999999999999,0.017999999999999999,-0.00050000000000000001,0,0,0
3245,-0.014,0.017999999999999999,-0.00050000000000000001,0,0,0
3246,-0.013000000000000001,0.017999999999999999,-0.00050000000000000001,0,0,0
3247,-0.012,0.017999999999999999,-0.00050000000000000001,0,0,0
3248,-0.010999999999999999,0.017999999999999999,-0.00050000000000000001,0,0,0
3249,-0.01,0.017999999999999999,-0.00050000000000000001,0,0,0
3250,-0.0090000000000000011,0.017999999999999999,-0.00050000000000000001,0,0,0
3251,-0.0080000000000000002,0.017999999999999999,-0.00050000000000000001,0,0,0
3252,-0.0069999999999999993,0.017999999999999999,-0.00050000000000000001,0,0,0
3253,-0.0060000000000000001,0.017999999999999999,-0.00050000000000000001,0,0,0
3254,-0.005000000000000001,0.017999999999999999,-0.00050000000000000001,0,0,0
3255,-0.0040000000000000001,0.017999999999999999,-0.00050000000000000001,0,0,0
3256,-0.0029999999999999992,0.017999999999999999,-0.00050000000000000001,0,0,0
3257,-0.0019999999999999983,0.017999999999999999,-0.00050000000000000001,0,0,0
3258,-0.0010000000000000009,0.017999999999999999,-0.00050000000000000001,0,0,0
3259,0,0.017999999999999999,-0.00050000000000000001,0,0,0
3260,0.0010000000000000009,0.017999999999999999,-0.00050000000000000001,0,0,0
3261,0.0019999999999999983,0.017999999999999999,-0.00050000000000000001,0,0,0
3262,0.0029999999999999992,0.017999999999999999,-0.00050000000000000001,0,0,0
3263,0.0040000000000000001,0.017999999999999999,-0.00050000000000000001,0,0,0
3264,0.005000000000000001,0.017999999999999999,-0.00050000000000000001,0,0,0
3265,0.0060000000000000019,0.017999999999999999,-0.00050000000000000001,0,0,0
3266,0.0069999999999999993,0.017999999999999999,-0.00050000000000000001,0,0,0
3267,0.0080000000000000002,0.017999999999999999,-0.00050000000000000001,0,0,0
3268,0.0090000000000000011,0.017999999999999999,-0.00050000000000000001,0,0,0
3269,0.0099999999999999985,0.017999999999999999,-0.00050000000000000001,0,0,0
3270,0.010999999999999999,0.017999999999999999,-0.00050000000000000001,0,0,0
3271,0.012,0.017999999999999999,-0.00050000000000000001,0,0,0
3272,0.013000000000000001,0.017999999999999999,-0.00050000000000000001,0,0,0
3273,0.014000000000000002,0.017999999999999999,-0.00050000000000000001,0,0,0
3274,0.015000000000000003,0.017999999999999999,-0.00050000000000000001,0,0,0
3275,0.016000000000000004,0.017999999999999999,-0.00050000000000000001,0,0,0
3276,0.016999999999999998,0.017999999999999999,-0.00050000000000000001,0,0,0
3277,0.017999999999999999,0.017999999999999999,-0.00050000000000000001,0,0,0
3278,0.019,0.017999999999999999,-0.00050000000000000001,0,0,0
3279,0.02,0.017999999999999999,-0.00050000000000000001,0,0,0
3280,-0.02,0.019,-0.00050000000000000001,0,0,0
3281,-0.019,0.019,-0.00050000000000000001,0,0,0
3282,-0.018000000000000002,0.019,-0.00050000000000000001,0,0,0
3283,-0.017000000000000001,0.019,-0.00050000000000000001,0,0,0
3284,-0.016,0.019,-0.00050000000000000001,0,0,0
3285,-0.014999999999999999,0.019,-0.00050000000000000001,0,0,0
3286,-0.014,0.019,-0.00050000000000000001,0,0,0
3287,-0.013000000000000001,0.019,-0.00050000000000000001,0,0,0
3288,-0.012,0.019,-0.00050000000000000001,0,0,0
3289,-0.010999999999999999,0.019,-0.00050000000000000001,0,0,0
3290,-0.01,0.019,-0.00050000000000000001,0,0,0
3291,-0.0090000000000000011,0.019,-0.00050000000000000001,0,0,0
3292,-0.0080000000000000002,0.019,-0.00050000000000000001,0,0,0
3293,-0.0069999999999999993,0.019,-0.00050000000000000001,0,0,0
3294,-0.0060000000000000001,0.019,-0.00050000000000000001,0,0,0
3295,-0.005000000000000001,0.019,-0.00050000000000000001,0,0,0
3296,-0.0040000000000000001,0.019,-0.00050000000000000001,0,0,0
3297,-0.0029999999999999992,0.019,-0.00050000000000000001,0,0,0
3298,-0.0019999999999999983,0.019,-0.00050000000000000001,0,0,0
3299,-0.0010000000000000009,0.019,-0.00050000000000000001,0,0,0
3300,0,0.019,-0.00050000000000000001,0,0,0
3301,0.0010000000000000009,0.019,-0.00050000000000000001,0,0,0
3302,0.0019999999999999983,0.019,-0.00050000000000000001,0,0,0
3303,0.0029999999999999992,0.019,-0.00050000000000000001,0,0,0
3304,0.0040000000000000001,0.019,-0.00050000000000000001,0,0,0
3305,0.005000000000000001,0.019,-0.00050000000000000001,0,0,0
3306,0.0060000000000000019,0.019,-0.00050000000000000001,0,0,0
3307,0.0069999999999999993,0.019,-0.00050000000000000001,0,0,0
3308,0.0080000000000000002,0.019,-0.00050000000000000001,0,0,0
3309,0.0090000000000000011,0.019,-0.00050000000000000001,0,0,0
3310,0.0099999999999999985,0.019,-0.00050000000000000001,0,0,0
3311,0.010999999999999999,0.019,-0.00050000000000000001,0,0,0
3312,0.012,0.019,-0.00050000000000000001,0,0,0
3313,0.013000000000000001,0.019,-0.00050000000000000001,0,0,0
3314,0.014000000000000002,0.019,-0.00050000000000000001,0,0,0
3315,0.015000000000000003,0.019,-0.00050000000000000001,0,0,0
3316,0.016000000000000004,0.019,-0.00050000000000000001,0,0,0
3317,0.016999999999999998,0.019,-0.00050000000000000001,0,0,0
3318,0.017999999999999999,0.019,-0.00050000000000000001,0,0,0
3319,0.019,0.019,-0.00050000000000000001,0,0,0
3320,0.02,0.019,-0.00050000000000000001,0,0,0
3321,-0.02,0.02,-0.00050000000000000001,0,0,0
3322,-0.019,0.02,-0.00050000000000000001,0,0,0
3323,-0.018000000000000002,0.02,-0.00050000000000000001,0,0,0
3324,-0.017000000000000001,0.02,-0.00050000000000000001,0,0,0
3325,-0.016,0.02,-0.00050000000000000001,0,0,0
3326,-0.014999999999999999,0.02,-0.00050000000000000001,0,0,0
3327,-0.014,0.02,-0.00050000000000000001,0,0,0
3328,-0.013000000000000001,0.02,-0.00050000000000000001,0,0,0
3329,-0.012,0.02,-0.00050000000000000001,0,0,0
3330,-0.010999999999999999,0.02,-0.00050000000000000001,0,0,0
3331,-0.01,0.02,-0.00050000000000000001,0,0,0
3332,-0.0090000000000000011,0.02,-0.00050000000000000001,0,0,0
3333,-0.0080000000000000002,0.02,-0.00050000000000000001,0,0,0
3334,-0.0069999999999999993,0.02,-0.00050000000000000001,0,0,0
3335,-0.0060000000000000001,0.02,-0.00050000000000000001,0,0,0
3336,-0.005000000000000001,0.02,-0.00050000000000000001,0,0,0
3337,-0.0040000000000000001,0.02,-0.00050000000000000001,0,0,0
3338,-0.0029999999999999992,0.02,-0.00050000000000000001,0,0,0
3339,-0.0019999999999999983,0.02,-0.00050000000000000001,0,0,0
3340,-0.0010000000000000009,0.02,-0.00050000000000000001,0,0,0
3341,0,0.02,-0.00050000000000000001,0,0,0
3342,0.0010000000000000009,0.02,-0.00050000000000000001,0,0,0
3343,0.0019999999999999983,0.02,-0.00050000000000000001,0,0,0
3344,0.0029999999999999992,0.02,-0.00050000000000000001,0,0,0
3345,0.0040000000000000001,0.02,-0.00050000000000000001,0,0,0
3346,0.005000000000000001,0.02,-0.00050000000000000001,0,0,0
3347,0.0060000000000000019,0.02,-0.00050000000000000001,0,0,0
3348,0.0069999999999999993,0.02,-0.00050000000000000001,0,0,0
3349,0.0080000000000000002,0.02,-0.00050000000000000001,0,0,0
3350,0.0090000000000000011,0.02,-0.00050000000000000001,0,0,0
3351,0.0099999999999999985,0.02,-0.00050000000000000001,0,0,0
3352,0.010999999999999999,0.02,-0.00050000000000000001,0,0,0
3353,0.012,0.02,-0.00050000000000000001,0,0,0
3354,0.013000000000000001,0.02,-0.00050000000000000001,0,0,0
3355,0.014000000000000002,0.02,-0.00050000000000000001,0,0,0
3356,0.015000000000000003,0.02,-0.00050000000000000001,0,0,0
3357,0.016000000000000004,0.02,-0.00050000000000000001,0,0,0
3358,0.016999999999999998,0.02,-0.00050000000000000001,0,0,0
3359,0.017999999999999999,0.02,-0.00050000000000000001,0,0,0
3360,0.019,0.02,-0.00050000000000000001,0,0,0
3361,0.02,0.02,-0.00050000000000000001,0,0,0
3362,-0.02,-0.02,0,0,0,0
3363,-0.019,-0.02,0,0,0,0
3364,-0.018000000000000002,-0.02,0,0,0,0
3365,-0.017000000000000001,-0.02,0,0,0,0
3366,-0.016,-0.02,0,0,0,0
3367,-0.014999999999999999,-0.02,0,0,0,0
3368,-0.014,-0.02,0,0,0,0
3369,-0.013000000000000001,-0.02,0,0,0,0
3370,-0.012,-0.02,0,0,0,0
3371,-0.010999999999999999,-0.02,0,0,0,0
3372,-0.01,-0.02,0,0,0,0
3373,-0.0090000000000000011,-0.02,0,0,0,0
3374,-0.0080000000000000002,-0.02,0,0,0,0
3375,-0.0069999999999999993,-0.02,0,0,0,0
3376,-0.0060000000000000001,-0.02,0,0,0,0
3377,-0.005000000000000001,-0.02,0,0,0,0
3378,-0.0040000000000000001,-0.02,0,0,0,0
3379,-0.0029999999999999992,-0.02,0,0,0,0
3380,-0.0019999999999999983,-0.02,0,0,0,0
3381,-0.0010000000000000009,-0.02,0,0,0,0
3382,0,-0.02,0,0,0,0
3383,0.0010000000000000009,-0.02,0,0,0,0
3384,0.0019999999999999983,-0.02,0,0,0,0
3385,0.0029999999999999992,-0.02,0,0,0,0
3386,0.0040000000000000001,-0.02,0,0,0,0
3387,0.005000000000000001,-0.02,0,0,0,0
3388,0.0060000000000000019,-0.02,0,0,0,0
3389,0.0069999999999999993,-0.02,0,0,0,0
3390,0.0080000000000000002,-0.02,0,0,0,0
3391,0.0090000000000000011,-0.02,0,0,0,0
3392,0.0099999999999999985,-0.02,0,0,0,0
3393,0.010999999999999999,-0.02,0,0,0,0
3394,0.012,-0.02,0,0,0,0
3395,0.013000000000000001,-0.02,0,0,0,0
3396,0.014000000000000002,-0.02,0,0,0,0
3397,0.015000000000000003,-0.02,0,0,0,0
3398,0.016000000000000004,-0.02,0,0,0,0
3399,0.016999999999999998,-0.02,0,0,0,0
3400,0.017999999999999999,-0.02,0,0,0,0
3401,0.019,-0.02,0,0,0,0
3402,0.02,-0.02,0,0,0,0
3403,-0.02,-0.019,0,0,0,0
3404,-0.019,-0.019,0,0,0,0
3405,-0.018000000000000002,-0.019,0,0,0,0
3406,-0.017000000000000001,-0.019,0,0,0,0
3407,-0.016,-0.019,0,0,0,0
3408,-0.014999999999999999,-0.019,0,0,0,0
3409,-0.014,-0.019,0,0,0,0
3410,-0.013000000000000001,-0.019,0,0,0,0
3411,-0.012,-0.019,0,0,0,0
3412,-0.010999999999999999,-0.019,0,0,0,0
3413,-0.01,-0.019,0,0,0,0
3414,-0.0090000000000000011,-0.019,0,0,0,0
3415,-0.0080000000000000002,-0.019,0,0,0,0
3416,-0.0069999999999999993,-0.019,0,0,0,0
3417,-0.0060000000000000001,-0.019,0,0,0,0
3418,-0.005000000000000001,-0.019,0,0,0,0
3419,-0.0040000000000000001,-0.019,0,0,0,0
3420,-0.0029999999999999992,-0.019,0,0,0,0
3421,-0.0019999999999999983,-0.019,0,0,0,0
3422,-0.0010000000000000009,-0.019,0,0,0,0
3423,0,-0.019,0,0,0,0
3424,0.0010000000000000009,-0.019,0,0,0,0
3425,0.0019999999999999983,-0.019,0,0,0,0
3426,0.0029999999999999992,-0.019,0,0,0,0
3427,0.0040000000000000001,-0.019,0,0,0,0
3428,0.005000000000000001,-0.019,0,0,0,0
3429,0.0060000000000000019,-0.019,0,0,0,0
3430,0.0069999999999999993,-0.019,0,0,0,0
3431,0.0080000000000000002,-0.019,0,0,0,0
3432,0.0090000000000000011,-0.019,0,0,0,0
3433,0.0099999999999999985,-0.019,0,0,0,0
3434,0.010999999999999999,-0.019,0,0,0,0
3435,0.012,-0.019,0,0,0,0
3436,0.013000000000000001,-0.019,0,0,0,0
3437,0.014000000000000002,-0.019,0,0,0,0
3438,0.015000000000000003,-0.019,0,0,0,0
3439,0.016000000000000004,-0.019,0,0,0,0
3440,0.016999999999999998,-0.019,0,0,0,0
3441,0.017999999999999999,-0.019,0,0,0,0
3442,0.019,-0.019,0,0,0,0
3443,0.02,-0.019,0,0,0,0
3444,-0.02,-0.018000000000000002,0,0,0,0
3445,-0.019,-0.018000000000000002,0,0,0,0
3446,-0.018000000000000002,-0.018000000000000002,0,0,0,0
3447,-0.017000000000000001,-0.018000000000000002,0,0,0,0
3448,-0.016,-0.018000000000000002,0,0,0,0
3449,-0.014999999999999999,-0.018000000000000002,0,0,0,0
3450,-0.014,-0.018000000000000002,0,0,0,0
3451,-0.013000000000000001,-0.018000000000000002,0,0,0,0
3452,-0.012,-0.018000000000000002,0,0,0,0
3453,-0.010999999999999999,-0.018000000000000002,0,0,0,0
3454,-0.01,-0.018000000000000002,0,0,0,0
3455,-0.0090000000000000011,-0.018000000000000002,0,0,0,0
3456,-0.0080000000000000002,-0.018000000000000002,0,0,0,0
3457,-0.0069999999999999993,-0.018000000000000002,0,0,0,0
3458,-0.0060000000000000001,-0.018000000000000002,0,0,0,0
3459,-0.005000000000000001,-0.018000000000000002,0,0,0,0
3460,-0.0040000000000000001,-0.018000000000000002,0,0,0,0
3461,-0.0029999999999999992,-0.018000000000000002,0,0,0,0
3462,-0.0019999999999999983,-0.018000000000000002,0,0,0,0
3463,-0.0010000000000000009,-0.018000000000000002,0,0,0,0
3464,0,-0.018000000000000002,0,0,0,0
3465,0.0010000000000000009,-0.018000000000000002,0,0,0,0
3466,0.0019999999999999983,-0.018000000000000002,0,0,0,0
3467,0.0029999999999999992,-0.018000000000000002,0,0,0,0
3468,0.0040000000000000001,-0.018000000000000002,0,0,0,0
3469,0.005000000000000001,-0.018000000000000002,0,0,0,0
3470,0.0060000000000000019,-0.018000000000000002,0,0,0,0
3471,0.0069999999999999993,-0.018000000000000002,0,0,0,0
3472,0.0080000000000000002,-0.018000000000000002,0,0,0,0
3473,0.0090000000000000011,-0.018000000000000002,0,0,0,0
3474,0.0099999999999999985,-0.018000000000000002,0,0,0,0
3475,0.010999999999999999,-0.018000000000000002,0,0,0,0
3476,0.012,-0.018000000000000002,0,0,0,0
3477,0.013000000000000001,-0.018000000000000002,0,0,0,0
3478,0.014000000000000002,-0.018000000000000002,0,0,0,0
3479,0.015000000000000003,-0.018000000000000002,0,0,0,0
3480,0.016000000000000004,-0.018000000000000002,0,0,0,0
3481,0.016999999999999998,-0.018000000000000002,0,0,0,0
3482,0.017999999999999999,-0.018000000000000002,0,0,0,0
3483,0.019,-0.018000000000000002,0,0,0,0
3484,0.02,-0.018000000000000002,0,0,0,0
3485,-0.02,-0.017000000000000001,0,0,0,0
3486,-0.019,-0.017000000000000001,0,0,0,0
3487,-0.018000000000000002,-0.017000000000000001,0,0,0,0
3488,-0.017000000000000001,-0.017000000000000001,0,0,0,0
3489,-0.016,-0.017000000000000001,0,0,0,0
3490,-0.014999999999999999,-0.017000000000000001,0,0,0,0
3491,-0.014,-0.017000000000000001,0,0,0,0
3492,-0.013000000000000001,-0.017000000000000001,0,0,0,0
3493,-0.012,-0.017000000000000001,0,0,0,0
3494,-0.010999999999999999,-0.017000000000000001,0,0,0,0
3495,-0.01,-0.017000000000000001,0,0,0,0
3496,-0.0090000000000000011,-0.017000000000000001,0,0,0,0
3497,-0.0080000000000000002,-0.017000000000000001,0,0,0,0
3498,-0.0069999999999999993,-0.017000000000000001,0,0,0,0
3499,-0.0060000000000000001,-0.017000000000000001,0,0,0,0
3500,-0.005000000000000001,-0.017000000000000001,0,0,0,0
3501,-0.0040000000000000001,-0.017000000000000001,0,0,0,0
3502,-0.0029999999999999992,-0.017000000000000001,0,0,0,0
3503,-0.0019999999999999983,-0.017000000000000001,0,0,0,0
3504,-0.0010000000000000009,-0.017000000000000001,0,0,0,0
3505,0,-0.017000000000000001,0,0,0,0
3506,0.0010000000000000009,-0.017000000000000001,0,0,0,0
3507,0.0019999999999999983,-0.017000000000000001,0,0,0,0
3508,0.0029999999999999992,-0.017000000000000001,0,0,0,0
3509,0.0040000000000000001,-0.017000000000000001,0,0,0,0
3510,0.005000000000000001,-0.017000000000000001,0,0,0,0
3511,0.0060000000000000019,-0.017000000000000001,0,0,0,0
3512,0.0069999999999999993,-0.017000000000000001,0,0,0,0
3513,0.0080000000000000002,-0.017000000000000001,0,0,0,0
3514,0.0090000000000000011,-0.017000000000000001,0,0,0,0
3515,0.0099999999999999985,-0.017000000000000001,0,0,0,0
3516,0.010999999999999999,-0.017000000000000001,0,0,0,0
3517,0.012,-0.017000000000000001,0,0,0,0
3518,0.013000000000000001,-0.017000000000000001,0,0,0,0
3519,0.014000000000000002,-0.017000000000000001,0,0,0,0
3520,0.015000000000000003,-0.017000000000000001,0,0,0,0
3521,0.016000000000000004,-0.017000000000000001,0,0,0,0
3522,0.016999999999999998,-0.017000000000000001,0,0,0,0
3523,0.017999999999999999,-0.017000000000000001,0,0,0,0
3524,0.019,-0.017000000000000001,0,0,0,0
3525,0.02,-0.017000000000000001,0,0,0,0
3526,-0.02,-0.016,0,0,0,0
3527,-0.019,-0.016,0,0,0,0
3528,-0.018000000000000002,-0.016,0,0,0,0
3529,-0.017000000000000001,-0.016,0,0,0,0
3530,-0.016,-0.016,0,0,0,0
3531,-0.014999999999999999,-0.016,0,0,0,0
3532,-0.014,-0.016,0,0,0,0
3533,-0.013000000000000001,-0.016,0,0,0,0
3534,-0.012,-0.016,0,0,0,0
3535,-0.010999999999999999,-0.016,0,0,0,0
3536,-0.01,-0.016,0,0,0,0
3537,-0.0090000000000000011,-0.016,0,0,0,0
3538,-0.0080000000000000002,-0.016,0,0,0,0
3539,-0.0069999999999999993,-0.016,0,0,0,0
3540,-0.0060000000000000001,-0.016,0,0,0,0
3541,-0.005000000000000001,-0.016,0,0,0,0
3542,-0.0040000000000000001,-0.016,0,0,0,0
3543,-0.0029999999999999992,-0.016,0,0,0,0
3544,-0.0019999999999999983,-0.016,0,0,0,0
3545,-0.0010000000000000009,-0.016,0,0,0,0
3546,0,-0.016,0,0,0,0
3547,0.0010000000000000009,-0.016,0,0,0,0
3548,0.0019999999999999983,-0.016,0,0,0,0
3549,0.0029999999999999992,-0.016,0,0,0,0
3550,0.0040000000000000001,-0.016,0,0,0,0
3551,0.005000000000000001,-0.016,0,0,0,0
3552,0.0060000000000000019,-0.016,0,0,0,0
3553,0.0069999999999999993,-0.016,0,0,0,0
3554,0.0080000000000000002,-0.016,0,0,0,0
3555,0.0090000000000000011,-0.016,0,0,0,0
3556,0.0099999999999999985,-0.016,0,0,0,0
3557,0.010999999999999999,-0.016,0,0,0,0
3558,0.012,-0.016,0,0,0,0
3559,0.013000000000000001,-0.016,0,0,0,0
3560,0.014000000000000002,-0.016,0,0,0,0
3561,0.015000000000000003,-0.016,0,0,0,0
3562,0.016000000000000004,-0.016,0,0,0,0
3563,0.016999999999999998,-0.016,0,0,0,0
3564,0.017999999999999999,-0.016,0,0,0,0
3565,0.019,-0.016,0,0,0,0
3566,0.02,-0.016,0,0,0,0
3567,-0.02,-0.014999999999999999,0,0,0,0
3568,-0.019,-0.014999999999999999,0,0,0,0
3569,-0.018000000000000002,-0.014999999999999999,0,0,0,0
3570,-0.017000000000000001,-0.014999999999999999,0,0,0,0
3571,-0.016,-0.014999999999999999,0,0,0,0
3572,-0.014999999999999999,-0.014999999999999999,0,0,0,0
3573,-0.014,-0.014999999999999999,0,0,0,0
3574,-0.013000000000000001,-0.014999999999999999,0,0,0,0
3575,-0.012,-0.014999999999999999,0,0,0,0
3576,-0.010999999999999999,-0.014999999999999999,0,0,0,0
3577,-0.01,-0.014999999999999999,0,0,0,0
3578,-0.0090000000000000011,-0.014999999999999999,0,0,0,0
3579,-0.0080000000000000002,-0.014999999999999999,0,0,0,0
3580,-0.0069999999999999993,-0.014999999999999999,0,0,0,0
3581,-0.0060000000000000001,-0.014999999999999999,0,0,0,0
3582,-0.005000000000000001,-0.014999999999999999,0,0,0,0
3583,-0.0040000000000000001,-0.014999999999999999,0,0,0,0
3584,-0.0029999999999999992,-0.014999999999999999,0,0,0,0
3585,-0.0019999999999999983,-0.014999999999999999,0,0,0,0
3586,-0.0010000000000000009,-0.014999999999999999,0,0,0,0
3587,0,-0.014999999999999999,0,0,0,0
3588,0.0010000000000000009,-0.014999999999999999,0,0,0,0
3589,0.0019999999999999983,-0.014999999999999999,0,0,0,0
3590,0.0029999999999999992,-0.014999999999999999,0,0,0,0
3591,0.0040000000000000001,-0.014999999999999999,0,0,0,0
3592,0.005000000000000001,-0.014999999999999999,0,0,0,0
3593,0.0060000000000000019,-0.014999999999999999,0,0,0,0
3594,0.0069999999999999993,-0.014999999999999999,0,0,0,0
3595,0.0080000000000000002,-0.014999999999999999,0,0,0,0
3596,0.0090000000000000011,-0.014999999999999999,0,0,0,0
3597,0.0099999999999999985,-0.014999999999999999,0,0,0,0
3598,0.010999999999999999,-0.014999999999999999,0,0,0,0
3599,0.012,-0.014999999999999999,0,0,0,0
3600,0.013000000000000001,-0.014999999999999999,0,0,0,0
3601,0.014000000000000002,-0.014999999999999999,0,0,0,0
3602,0.015000000000000003,-0.014999999999999999,0,0,0,0
3603,0.016000000000000004,-0.014999999999999999,0,0,0,0
3604,0.016999999999999998,-0.014999999999999999,0,0,0,0
3605,0.017999999999999999,-0.014999999999999999,0,0,0,0
3606,0.019,-0.014999999999999999,0,0,0,0
3607,0.02,-0.014999999999999999,0,0,0,0
3608,-0.02,-0.014,0,0,0,0
3609,-0.019,-0.014,0,0,0,0
3610,-0.018000000000000002,-0.014,0,0,0,0
3611,-0.017000000000000001,-0.014,0,0,0,0
3612,-0.016,-0.014,0,0,0,0
3613,-0.014999999999999999,-0.014,0,0,0,0
3614,-0.014,-0.014,0,5.1281357043372002e-07,5.0032408294184432e-07,-2.4609110767692601e-07
3615,-0.013000000000000001,-0.014,0,9.190382092262765e-07,9.507779701880232e-07,-7.2024765609974065e-07
3616,-0.012,-0.014,0,1.4506200683632364e-06,1.8591307191303625e-06,-1.9573491748122306e-06
3617,-0.010999999999999999,-0.014,0,2.1255908611224816e-06,3.5137168741844587e-06,-4.0760652461628533e-06
3618,-0.01,-0.014,0,2.8450320839600973e-06,5.840696221235977e-06,-7.1390592731427258e-06
3619,-0.0090000000000000011,-0.014,0,3.5124626968103425e-06,8.6992370084335031e-06,-1.0920989278991436e-05
3620,-0.0080000000000000002,-0.014,0,4.1089460686641496e-06,1.1919599068875009e-05,-1.5239009441667013e-05
3621,-0.0069999999999999993,-0.014,0,4.5733821790801699e-06,1.5375896648028057e-05,-1.9965615204664026e-05
3622,-0.0060000000000000001,-0.014,0,4.8194405289218992e-06,1.8910143374344579e-05,-2.4896477500398603e-05
3623,-0.005000000000000001,-0.014,0,4.798419724357146e-06,2.2359694242405402e-05,-2.9779278064070237e-05
3624,-0.0040000000000000001,-0.014,0,4.492618829331956e-06,2.5557562734944681e-05,-3.4343790575592709e-05
3625,-0.0029999999999999992,-0.014,0,3.9093999960120852e-06,2.8340193913934639e-05,-3.8322346314299053e-05
3626,-0.0019999999999999983,-0.014,0,3.0792807235596012e-06,3.0555240643071023e-05,-4.1476214808445256e-05
3627,-0.0010000000000000009,-0.014,0,2.05318381235671e-06,3.2075025662377775e-05,-4.3612718772808506e-05
3628,0,-0.014,0,8.9648078012585413e-07,3.2803439930042744e-05,-4.4595055434859342e-05
3629,0.0010000000000000009,-0.014,0,-3.0857254494604197e-07,3.2683410756340791e-05,-4.4349304026034727e-05
3630,0.0019999999999999983,-0.014,0,-1.4747437657642811e-06,3.1721038120669107e-05,-4.2877448022827621e-05
3631,0.0029999999999999992,-0.014,0,-2.528080855486067e-06,2.9942896593174994e-05,-4.0246501472799301e-05
3632,0.0040000000000000001,-0.014,0,-3.3759319605305747e-06,2.7445182315563202e-05,-3.661438425134116e-05
3633,0.005000000000000001,-0.014,0,-3.9492278751037427e-06,2.4414722984506254e-05,-3.2242603658433069e-05
3634,0.0060000000000000019,-0.014,0,-4.2276831728172112e-06,2.1000143775997007e-05,-2.7395515835511537e-05
3635,0.0069999999999999993,-0.014,0,-4.2166017881691183e-06,1.7366427432167649e-05,-2.2339308531457958e-05
3636,0.0080000000000000002,-0.014,0,-3.9521949168154333e-06,1.3691437003177717e-05,-1.7337563020899867e-05
3637,0.0090000000000000011,-0.014,0,-3.5004364217117671e-06,1.0158636643103946e-05,-1.2628261662846996e-05
3638,0.0099999999999999985,-0.014,0,-2.9126790807327339e-06,6.9415437674928067e-06,-8.4141766719897796e-06
3639,0.010999999999999999,-0.014,0,-2.2419465120378889e-06,4.277429557240788e-06,-4.9462955679169912e-06
3640,0.012,-0.014,0,-1.5875935171047438e-06,2.3190798331242868e-06,-2.4335404125838388e-06
3641,0.013000000000000001,-0.014,0,-1.0211522269519214e-06,1.1561307646042363e-06,-8.7415583260556747e-07
3642,0.014000000000000002,-0.014,0,-5.4393510852911975e-07,5.4935986173132239e-07,-2.3143934824766794e-07
3643,0.015000000000000003,-0.014,0,0,0,0
3644,0.016000000000000004,-0.014,0,0,0,0
3645,0.016999999999999998,-0.014,0,0,0,0
3646,0.017999999999999999,-0.014,0,0,0,0
3647,0.019,-0.014,0,0,0,0
3648,0.02,-0.014,0,0,0,0
3649,-0.02,-0.013000000000000001,0,0,0,0
3650,-0.019,-0.013000000000000001,0,0,0,0
3651,-0.018000000000000002,-0.013000000000000001,0,0,0,0
3652,-0.017000000000000001,-0.013000000000000001,0,0,0,0
3653,-0.016,-0.013000000000000001,0,0,0,0
3654,-0.014999999999999999,-0.013000000000000001,0,0,0,0
3655,-0.014,-0.013000000000000001,0,9.8441025146843555e-07,8.7859210282774303e-07,-7.254991889725916e-07
3656,-0.013000000000000001,-0.013000000000000001,0,2.276731306125712e-06,2.1815618252523204e-06,-2.569813703741459e-06
3657,-0.012,-0.013000000000000001,0,3.9433123505383904e-06,4.6619717466919651e-06,-6.4306909312164105e-06
3658,-0.010999999999999999,-0.013000000000000001,0,5.8583196567628282e-06,8.650196922480777e-06,-1.22053595008909e-05
3659,-0.01,-0.013000000000000001,0,7.7933289962022598e-06,1.3994722136855176e-05,-1.9876894080215985e-05
3660,-0.0090000000000000011,-0.013000000000000001,0,9.5632308918766136e-06,2.0360162771601737e-05,-2.9118132164558911e-05
3661,-0.0080000000000000002,-0.013000000000000001,0,1.0964495683711718e-05,2.7376312286703431e-05,-3.96822063510265e-05
3662,-0.0069999999999999993,-0.013000000000000001,0,1.1857866670731715e-05,3.4778423438117196e-05,-5.1119210044335044e-05
3663,-0.0060000000000000001,-0.013000000000000001,0,1.2176336357781449e-05,4.2291617779649328e-05,-6.2904801179594001e-05
3664,-0.005000000000000001,-0.013000000000000001,0,1.1883731075541332e-05,4.9590977327367464e-05,-7.4485443406771101e-05
3665,-0.0040000000000000001,-0.013000000000000001,0,1.09646008839757e-05,5.6325058629760355e-05,-8.5300572810272074e-05
3666,-0.0029999999999999992,-0.013000000000000001,0,9.4320172383563744e-06,6.214544729083242e-05,-9.4800812608524836e-05
3667,-0.0019999999999999983,-0.013000000000000001,0,7.3353175244307073e-06,6.674042200422444e-05,-0.0001024559178405031
3668,-0.0010000000000000009,-0.013000000000000001,0,4.7813336757882715e-06,6.9853008973112154e-05,-0.00010779177682287423
3669,0,-0.013000000000000001,0,1.9385684822780044e-06,7.1299026439382662e-05,-0.00011045561337872109
3670,0.0010000000000000009,-0.013000000000000001,0,-1.0002237912379785e-06,7.097850405574652e-05,-0.00011026453843190671
3671,0.0019999999999999983,-0.013000000000000001,0,-3.8239328788189631e-06,6.8882283735073911e-05,-0.00010721343104548193
3672,0.0029999999999999992,-0.013000000000000001,0,-6.3239503886969302e-06,6.5176797195012451e-05,-0.0001015065429083228
3673,0.0040000000000000001,-0.013000000000000001,0,-8.3662141716915146e-06,6.0085562918062842e-05,-9.350063898893152e-05
3674,0.005000000000000001,-0.013000000000000001,0,-9.8736819927344622e-06,5.3803536603087214e-05,-8.3617036236670629e-05
3675,0.0060000000000000019,-0.013000000000000001,0,-1.0786829592472718e-05,4.6645208721947655e-05,-7.2344719958804946e-05
3676,0.0069999999999999993,-0.013000000000000001,0,-1.1070930182467768e-05,3.8979956000001005e-05,-6.0231570758077946e-05
3677,0.0080000000000000002,-0.013000000000000001,0,-1.0710201824804645e-05,3.1165008978304527e-05,-4.7869456074169877e-05
3678,0.0090000000000000011,-0.013000000000000001,0,-9.7213853649331411e-06,2.3531189136374177e-05,-3.5898512504018242e-05
3679,0.0099999999999999985,-0.013000000000000001,0,-8.1955728339565695e-06,1.6425141975674289e-05,-2.496182410674478e-05
3680,0.010999999999999999,-0.013000000000000001,0,-6.3286165539124994e-06,1.0310506494191973e-05,-1.558714323480915e-05
3681,0.012,-0.013000000000000001,0,-4.3701307628829593e-06,5.6451990822564075e-06,-8.3495347800156598e-06
3682,0.013000000000000001,-0.013000000000000001,0,-2.606200829366767e-06,2.6644298949482132e-06,-3.3776727280007171e-06
3683,0.014000000000000002,-0.013000000000000001,0,-1.1449894635422502e-06,1.0466137606172213e-06,-8.7736955051778641e-07
3684,0.015000000000000003,-0.013000000000000001,0,0,0,0
3685,0.016000000000000004,-0.013000000000000001,0,0,0,0
3686,0.016999999999999998,-0.013000000000000001,0,0,0,0
3687,0.017999999999999999,-0.013000000000000001,0,0,0,0
3688,0.019,-0.013000000000000001,0,0,0,0
3689,0.02,-0.013000000000000001,0,0,0,0
3690,-0.02,-0.012,0,0,0,0
3691,-0.019,-0.012,0,0,0,0
3692,-0.018000000000000002,-0.012,0,0,0,0
3693,-0.017000000000000001,-0.012,0,0,0,0
3694,-0.016,-0.012,0,0,0,0
3695,-0.014999999999999999,-0.012,0,0,0,0
3696,-0.014,-0.012,0,1.9117145613091912e-06,1.3633273305603959e-06,-1.9658557224396865e-06
3697,-0.013000000000000001,-0.012,0,4.8076898624572788e-06,3.7520313096536979e-06,-6.4257646750819947e-06
3698,-0.012,-0.012,0,8.0683922104407282e-06,7.7770524174031649e-06,-1.508500248903169e-05
3699,-0.010999999999999999,-0.012,0,1.1481876592430863e-05,1.3560991997628051e-05,-2.738575801302963e-05
3700,-0.01,-0.012,0,1.456940250886708e-05,2.0619396272508467e-05,-4.3255541816042002e-05
3701,-0.0090000000000000011,-0.012,0,1.7074845512472925e-05,2.8443544077926658e-05,-6.214516761964315e-05
3702,-0.0080000000000000002,-0.012,0,1.8789872534090439e-05,3.659890793087966e-05,-8.3331142960121191e-05
3703,-0.0069999999999999993,-0.012,0,1.9654788507676845e-05,4.4844865894449193e-05,-0.00010585888060745164
3704,-0.0060000000000000001,-0.012,0,1.9636011274451553e-05,5.2934448902598855e-05,-0.00012872877883363611
3705,-0.005000000000000001,-0.012,0,1.8733890735025342e-05,6.0588814251189935e-05,-0.00015091476652999606
3706,-0.0040000000000000001,-0.012,0,1.6974105721431572e-05,6.7515133758604216e-05,-0.00017140566089970512
3707,-0.0029999999999999992,-0.012,0,1.4408497420654039e-05,7.34394606342404e-05,-0.00018923237250253997
3708,-0.0019999999999999983,-0.012,0,1.113562739803938e-05,7.8116350833094505e-05,-0.00020349919113438206
3709,-0.0010000000000000009,-0.012,0,7.3020850633068187e-06,8.131327407854351e-05,-0.00021346090505418116
3710,0,-0.012,0,3.112068700627503e-06,8.2882703187647214e-05,-0.00021858654828245809
3711,0.0010000000000000009,-0.012,0,-1.1910658679433102e-06,8.2735900215962321e-05,-0.00021858178468284116
3712,0.0019999999999999983,-0.012,0,-5.3771048414279259e-06,8.0912467457174884e-05,-0.00021342813325946159
3713,0.0029999999999999992,-0.012,0,-9.2501541198160028e-06,7.7461455673709007e-05,-0.00020333904576002665
3714,0.0040000000000000001,-0.012,0,-1.2621168154526378e-05,7.2481245370563317e-05,-0.00018878068026582375
3715,0.005000000000000001,-0.012,0,-1.5335764149651533e-05,6.6153205988435444e-05,-0.00017041886443057942
3716,0.0060000000000000019,-0.012,0,-1.7279800616506839e-05,5.874151606689914e-05,-0.00014907095886730821
3717,0.0069999999999999993,-0.012,0,-1.8346774829583659e-05,5.0548295098777748e-05,-0.00012569244411803808
3718,0.0080000000000000002,-0.012,0,-1.8440282501590388e-05,4.1866177431176741e-05,-0.00010136726702389088
3719,0.0090000000000000011,-0.012,0,-1.7499023685565621e-05,3.2994939680368249e-05,-7.7315384885969261e-05
3720,0.0099999999999999985,-0.012,0,-1.5509146028769714e-05,2.4265618978038481e-05,-5.4874068190885376e-05
3721,0.010999999999999999,-0.012,0,-1.2628655126959827e-05,1.6195519254419007e-05,-3.5268645219392477e-05
3722,0.012,-0.012,0,-9.1101702770855081e-06,9.3980210387432171e-06,-1.9625210993640094e-05
3723,0.013000000000000001,-0.012,0,-5.5678904737710559e-06,4.5410131311759725e-06,-8.4453795591177356e-06
3724,0.014000000000000002,-0.012,0,-2.3088424581052107e-06,1.6522214726093966e-06,-2.4670868745585489e-06
3725,0.015000000000000003,-0.012,0,0,0,0
3726,0.016000000000000004,-0.012,0,0,0,0
3727,0.016999999999999998,-0.012,0,0,0,0
3728,0.017999999999999999,-0.012,0,0,0,0
3729,0.019,-0.012,0,0,0,0
3730,0.02,-0.012,0,0,0,0
3731,-0.02,-0.010999999999999999,0,0,0,0
3732,-0.019,-0.010999999999999999,0,0,0,0
3733,-0.018000000000000002,-0.010999999999999999,0,0,0,0
3734,-0.017000000000000001,-0.010999999999999999,0,0,0,0
3735,-0.016,-0.010999999999999999,0,0,0,0
3736,-0.014999999999999999,-0.010999999999999999,0,0,0,0
3737,-0.014,-0.010999999999999999,0,3.5747194941880613e-06,1.9719710715983082e-06,-4.0790609862209436e-06
3738,-0.013000000000000001,-0.010999999999999999,0,8.8258144594745954e-06,5.5326034361248793e-06,-1.2164282859080926e-05
3739,-0.012,-0.010999999999999999,0,1.3925536233357447e-05,1.0985121265508234e-05,-2.7317155289088879e-05
3740,-0.010999999999999999,-0.010999999999999999,0,1.8847113822388456e-05,1.820857492978752e-05,-4.798477742917758e-05
3741,-0.01,-0.010999999999999999,0,2.2862362635039628e-05,2.6331507669384645e-05,-7.405597650266712e-05
3742,-0.0090000000000000011,-0.010999999999999999,0,2.585633984772485e-05,3.486307982332784e-05,-0.00010429427458472672
3743,-0.0080000000000000002,-0.010999999999999999,0,2.7719583717572948e-05,4.3438046397624952e-05,-0.00013748567655446907
3744,-0.0069999999999999993,-0.010999999999999999,0,2.8461444720154736e-05,5.1910213926473008e-05,-0.00017226118798081781
3745,-0.0060000000000000001,-0.010999999999999999,0,2.8051044379842916e-05,6.0067571237760334e-05,-0.00020723607077657754
3746,-0.005000000000000001,-0.010999999999999999,0,2.6479858376355518e-05,6.7667652021194727e-05,-0.00024097637228443758
3747,-0.0040000000000000001,-0.010999999999999999,0,2.3777910152296289e-05,7.446797920454662e-05,-0.00027203504088849518
3748,-0.0029999999999999992,-0.010999999999999999,0,2.00348690931141e-05,8.0235229957766865e-05,-0.0002990067900408783
3749,-0.0019999999999999983,-0.010999999999999999,0,1.5418327403390315e-05,8.4773607475316587e-05,-0.00032063150432354076
3750,-0.0010000000000000009,-0.010999999999999999,0,1.0167812969327749e-05,8.791589847911652e-05,-0.00033588582334811203
3751,0,-0.010999999999999999,0,4.5336390697784642e-06,8.9590238793752595e-05,-0.0003440225508152281
3752,0.0010000000000000009,-0.010999999999999999,0,-1.2779670398460015e-06,8.970889970405826e-05,-0.00034460652910483667
3753,0.0019999999999999983,-0.010999999999999999,0,-7.0285823249830459e-06,8.8237555575670297e-05,-0.00033753661617295293
3754,0.0029999999999999992,-0.010999999999999999,0,-1.2463139358579082e-05,8.5152376672856982e-05,-0.00032305021620032594
3755,0.0040000000000000001,-0.010999999999999999,0,-1.7335432158841609e-05,8.0518394268001416e-05,-0.00030169792355462207
3756,0.005000000000000001,-0.010999999999999999,0,-2.1418112992061183e-05,7.4481708511646387e-05,-0.00027435649306533597
3757,0.0060000000000000019,-0.010999999999999999,0,-2.4523658716753878e-05,6.7224478072646173e-05,-0.00024217302380070976
3758,0.0069999999999999993,-0.010999999999999999,0,-2.6502406421420096e-05,5.8989597895851922e-05,-0.00020647573288994352
3759,0.0080000000000000002,-0.010999999999999999,0,-2.7223207770663935e-05,5.0054746570057761e-05,-0.00016881008686119589
3760,0.0090000000000000011,-0.010999999999999999,0,-2.6581259087263733e-05,4.0695498250884245e-05,-0.00013093876720627587
3761,0.0099999999999999985,-0.010999999999999999,0,-2.4451072425557654e-05,3.1130742587644074e-05,-9.4828091149403205e-05
3762,0.010999999999999999,-0.010999999999999999,0,-2.0865374597593092e-05,2.1823264261281295e-05,-6.2443094839868026e-05
3763,0.012,-0.010999999999999999,0,-1.5887381284603231e-05,1.335289461242484e-05,-3.5864367442034936e-05
3764,0.013000000000000001,-0.010999999999999999,0,-1.031225651244973e-05,6.7390817836384418e-06,-1.6025646305620143e-05
3765,0.014000000000000002,-0.010999999999999999,0,-4.3107285844127774e-06,2.3845312614959018e-06,-5.0755529656043712e-06
3766,0.015000000000000003,-0.010999999999999999,0,0,0,0
3767,0.016000000000000004,-0.010999999999999999,0,0,0,0
3768,0.016999999999999998,-0.010999999999999999,0,0,0,0
3769,0.017999999999999999,-0.010999999999999999,0,0,0,0
3770,0.019,-0.010999999999999999,0,0,0,0
3771,0.02,-0.010999999999999999,0,0,0,0
3772,-0.02,-0.01,0,0,0,0
3773,-0.019,-0.01,0,0,0,0
3774,-0.018000000000000002,-0.01,0,0,0,0
3775,-0.017000000000000001,-0.01,0,0,0,0
3776,-0.016,-0.01,0,0,0,0
3777,-0.014999999999999999,-0.01,0,0,0,0
3778,-0.014,-0.01,0,5.8901023513959789e-06,2.6056235316483588e-06,-7.1172123453201882e-06
3779,-0.013000000000000001,-0.01,0,1.4162055535925343e-05,7.2930688669070317e-06,-1.9735221944632428e-05
3780,-0.012,-0.01,0,2.1006652933919211e-05,1.3803803518698342e-05,-4.2987606945929558e-05
3781,-0.010999999999999999,-0.01,0,2.7053960805469345e-05,2.1859881240098724e-05,-7.3781063938621125e-05
3782,-0.01,-0.01,0,3.1547336923573393e-05,3.0369057915406683e-05,-0.00011149942887834229
3783,-0.0090000000000000011,-0.01,0,3.4684751378572122e-05,3.9026156952900589e-05,-0.00015422701053085001
3784,-0.0080000000000000002,-0.01,0,3.643202348352504e-05,4.7565981140814782e-05,-0.00020044968906590861
3785,-0.0069999999999999993,-0.01,0,3.6877579785561405e-05,5.5951043024672035e-05,-0.00024846905809730992
3786,-0.0060000000000000001,-0.01,0,3.6009964115104612e-05,6.4014268910810747e-05,-0.00029657822743811319
3787,-0.005000000000000001,-0.01,0,3.3823878984460729e-05,7.1564958874791452e-05,-0.00034295691921223086
3788,-0.0040000000000000001,-0.01,0,3.0327681035650752e-05,7.8388044384143098e-05,-0.0003857087312744394
3789,-0.0029999999999999992,-0.01,0,2.5602926794841274e-05,8.4239947433384192e-05,-0.00042296353088703263
3790,-0.0019999999999999983,-0.01,0,1.9861669415910299e-05,8.8939610909101135e-05,-0.00045304672328508121
3791,-0.0010000000000000009,-0.01,0,1.3318112628351559e-05,9.2278445213994509e-05,-0.00047454579287258003
3792,0,-0.01,0,6.2287296170775428e-06,9.4112771217654201e-05,-0.00048643121398803796
3793,0.0010000000000000009,-0.01,0,-1.0882038552354442e-06,9.4394676704326029e-05,-0.00048805915141403295
3794,0.0019999999999999983,-0.01,0,-8.3290556324314697e-06,9.3051638587670618e-05,-0.00047920901020384723
3795,0.0029999999999999992,-0.01,0,-1.5201514750977122e-05,9.0097417773492207e-05,-0.00046012484701110022
3796,0.0040000000000000001,-0.01,0,-2.1436151180419054e-05,8.5626759958464657e-05,-0.00043150522272390133
3797,0.005000000000000001,-0.01,0,-2.6790264660021064e-05,7.9758271975066794e-05,-0.00039447306083448556
3798,0.0060000000000000019,-0.01,0,-3.1080571936150235e-05,7.2626636787973323e-05,-0.00035049742557746749
3799,0.0069999999999999993,-0.01,0,-3.4131933956544747e-05,6.4471340731147412e-05,-0.00030129930888887936
3800,0.0080000000000000002,-0.01,0,-3.575015326647271e-05,5.5557357510734365e-05,-0.00024892028118820452
3801,0.0090000000000000011,-0.01,0,-3.5752520623015896e-05,4.6119876384666514e-05,-0.00019567892717733338
3802,0.0099999999999999985,-0.01,0,-3.3906234349885516e-05,3.6288017417924757e-05,-0.00014416078825561909
3803,0.010999999999999999,-0.01,0,-3.0125243582755756e-05,2.6407382161015127e-05,-9.6921429583153259e-05
3804,0.012,-0.01,0,-2.413404781136845e-05,1.6905359722348763e-05,-5.7019269780272487e-05
3805,0.013000000000000001,-0.01,0,-1.6686416951248412e-05,8.9920084759946606e-06,-2.6211049625305676e-05
3806,0.014000000000000002,-0.01,0,-7.1300064605673135e-06,3.1985681300907769e-06,-8.7789805788020773e-06
3807,0.015000000000000003,-0.01,0,0,0,0
3808,0.016000000000000004,-0.01,0,0,0,0
3809,0.016999999999999998,-0.01,0,0,0,0
3810,0.017999999999999999,-0.01,0,0,0,0
3811,0.019,-0.01,0,0,0,0
3812,0.02,-0.01,0,0,0,0
3813,-0.02,-0.0090000000000000011,0,0,0,0
3814,-0.019,-0.0090000000000000011,0,0,0,0
3815,-0.018000000000000002,-0.0090000000000000011,0,0,0,0
3816,-0.017000000000000001,-0.0090000000000000011,0,0,0,0
3817,-0.016,-0.0090000000000000011,0,0,0,0
3818,-0.014999999999999999,-0.0090000000000000011,0,0,0,0
3819,-0.014,-0.0090000000000000011,0,8.7070484094112332e-06,3.1699131335035522e-06,-1.0842897869972998e-05
3820,-0.013000000000000001,-0.0090000000000000011,0,2.0463124123513355e-05,8.8521621188736888e-06,-2.8773772374950226e-05
3821,-0.012,-0.0090000000000000011,0,2.8780251636317339e-05,1.5983109412706081e-05,-6.1473207180184832e-05
3822,-0.010999999999999999,-0.0090000000000000011,0,3.5585477179445486e-05,2.4408802791451714e-05,-0.00010341894134460698
3823,-0.01,-0.0090000000000000011,0,4.0290725144807166e-05,3.2942650002200892e-05,-0.00015349698204716248
3824,-0.0090000000000000011,-0.0090000000000000011,0,4.3393728484824292e-05,4.1448588427626388e-05,-0.0002093648620880001
3825,-0.0080000000000000002,-0.0090000000000000011,0,4.4917664176453599e-05,4.9772961692886875e-05,-0.00026934432796900571
3826,-0.0069999999999999993,-0.0090000000000000011,0,4.5026830674293665e-05,5.7983376191928191e-05,-0.00033151248526426389
3827,-0.0060000000000000001,-0.0090000000000000011,0,4.3704526931525086e-05,6.5950694204166242e-05,-0.00039391710161411049
3828,-0.005000000000000001,-0.0090000000000000011,0,4.0937798873256756e-05,7.3538926779877369e-05,-0.00045436240952140397
3829,-0.0040000000000000001,-0.0090000000000000011,0,3.6715027338762185e-05,8.0531113499767289e-05,-0.00051046357248734373
3830,-0.0029999999999999992,-0.0090000000000000011,0,3.1158749165623846e-05,8.6730672685406541e-05,-0.0005597879504175672
3831,-0.0019999999999999983,-0.0090000000000000011,0,2.4403142170850637e-05,9.186416504809318e-05,-0.00060003892132323418
3832,-0.0010000000000000009,-0.0090000000000000011,0,1.6650694359886735e-05,9.5601554559571802e-05,-0.00062926439757988257
3833,0,-0.0090000000000000011,0,8.2387664664275305e-06,9.7735670994488147e-05,-0.00064594991905065117
3834,0.0010000000000000009,-0.0090000000000000011,0,-4.5530524633425517e-07,9.8143202172565471e-05,-0.00064913146153866303
3835,0.0019999999999999983,-0.0090000000000000011,0,-9.062105014821443e-06,9.6812675564018471e-05,-0.00063850880478104766
3836,0.0029999999999999992,-0.0090000000000000011,0,-1.7273717215696964e-05,9.3815600561369944e-05,-0.00061435910153396231
3837,0.0040000000000000001,-0.0090000000000000011,0,-2.4814099109109103e-05,8.9276587770712137e-05,-0.00057758012432366091
3838,0.005000000000000001,-0.0090000000000000011,0,-3.147246302293219e-05,8.3329383099065845e-05,-0.00052963301911145857
3839,0.0060000000000000019,-0.0090000000000000011,0,-3.7035124494294519e-05,7.6178423579603889e-05,-0.00047240540481733879
3840,0.0069999999999999993,-0.0090000000000000011,0,-4.1295731338557548e-05,6.8085640690438036e-05,-0.00040816186190620525
3841,0.0080000000000000002,-0.0090000000000000011,0,-4.3985662677793126e-05,5.924658369135873e-05,-0.00033954323898498977
3842,0.0090000000000000011,-0.0090000000000000011,0,-4.4870974776468394e-05,4.9865892435512565e-05,-0.00026944340280231333
3843,0.0099999999999999985,-0.0090000000000000011,0,-4.3581612848691284e-05,3.9991342279403873e-05,-0.00020103455912239834
3844,0.010999999999999999,-0.0090000000000000011,0,-3.994394117212562e-05,2.9876446086873888e-05,-0.00013742028754713654
3845,0.012,-0.0090000000000000011,0,-3.3354905430320671e-05,1.9790977842789446e-05,-8.2428412343587569e-05
3846,0.013000000000000001,-0.0090000000000000011,0,-2.4336907161813041e-05,1.1046862453340214e-05,-3.8652273490357553e-05
3847,0.014000000000000002,-0.0090000000000000011,0,-1.064784927194217e-05,3.9866381239135085e-06,-1.343168699722378e-05
3848,0.015000000000000003,-0.0090000000000000011,0,0,0,0
3849,0.016000000000000004,-0.0090000000000000011,0,0,0,0
3850,0.016999999999999998,-0.0090000000000000011,0,0,0,0
3851,0.017999999999999999,-0.0090000000000000011,0,0,0,0
3852,0.019,-0.0090000000000000011,0,0,0,0
3853,0.02,-0.0090000000000000011,0,0,0,0
3854,-0.02,-0.0080000000000000002,0,0,0,0
3855,-0.019,-0.0080000000000000002,0,0,0,0
3856,-0.018000000000000002,-0.0080000000000000002,0,0,0,0
3857,-0.017000000000000001,-0.0080000000000000002,0,0,0,0
3858,-0.016,-0.0080000000000000002,0,0,0,0
3859,-0.014999999999999999,-0.0080000000000000002,0,0,0,0
3860,-0.014,-0.0080000000000000002,0,1.1846209007346867e-05,3.6497751733498401e-06,-1.5061334347319979e-05
3861,-0.013000000000000001,-0.0080000000000000002,0,2.7342204636861537e-05,1.0014211921687511e-05,-3.8996717949329664e-05
3862,-0.012,-0.0080000000000000002,0,3.6791843415357608e-05,1.7327232228185733e-05,-8.1980080351073611e-05
3863,-0.010999999999999999,-0.0080000000000000002,0,4.4054363128916282e-05,2.5763353284610551e-05,-0.00013557187689442715
3864,-0.01,-0.0080000000000000002,0,4.8803631271935462e-05,3.404125243453126e-05,-0.00019837169470247093
3865,-0.0090000000000000011,-0.0080000000000000002,0,5.1804247689879553e-05,4.2183437894384055e-05,-0.00026780789473649567
3866,-0.0080000000000000002,-0.0080000000000000002,0,5.3118081617877782e-05,5.0158878703509426e-05,-0.00034220129819909995
3867,-0.0069999999999999993,-0.0080000000000000002,0,5.2947939451636268e-05,5.8120792966314118e-05,-0.00041953262950343795
3868,-0.0060000000000000001,-0.0080000000000000002,0,5.1238839278376959e-05,6.5967815332880109e-05,-0.00049768065367105437
3869,-0.005000000000000001,-0.0080000000000000002,0,4.7940871122938512e-05,7.3592980036073436e-05,-0.00057407418006906702
3870,-0.0040000000000000001,-0.0080000000000000002,0,4.3032325206524732e-05,8.0772581855336324e-05,-0.00064574704224282036
3871,-0.0029999999999999992,-0.0080000000000000002,0,3.6664912899011573e-05,8.7327205401317373e-05,-0.00070953594962501552
3872,-0.0019999999999999983,-0.0080000000000000002,0,2.8959278760596439e-05,9.2898185622155183e-05,-0.00076232350228163097
3873,-0.0010000000000000009,-0.0080000000000000002,0,2.0204856290022089e-05,9.7105274078211244e-05,-0.00080129139615563378
3874,0,-0.0080000000000000002,0,1.0747695391908613e-05,9.964715005679425e-05,-0.00082426376051203116
3875,0.0010000000000000009,-0.0080000000000000002,0,9.8983097711606709e-07,0.00010032939482120467,-0.00082993185516494505
3876,0.0019999999999999983,-0.0080000000000000002,0,-8.7561600199460842e-06,9.9172589074946393e-05,-0.00081773190980146922
3877,0.0029999999999999992,-0.0080000000000000002,0,-1.8228350016739061e-05,9.6244042680816206e-05,-0.00078794475961501082
3878,0.0040000000000000001,-0.0080000000000000002,0,-2.7194042734724648e-05,9.1597575457157292e-05,-0.00074170757625128235
3879,0.005000000000000001,-0.0080000000000000002,0,-3.5315936680799855e-05,8.5442192733807822e-05,-0.0006809531207060763
3880,0.0060000000000000019,-0.0080000000000000002,0,-4.2333434220186496e-05,7.8145731842280169e-05,-0.00060826586677952064
3881,0.0069999999999999993,-0.0080000000000000002,0,-4.7943304809419511e-05,7.0024308787062847e-05,-0.00052670565719057164
3882,0.0080000000000000002,-0.0080000000000000002,0,-5.1850285329206273e-05,6.1263241815776481e-05,-0.00043973926096236356
3883,0.0090000000000000011,-0.0080000000000000002,0,-5.377059541825094e-05,5.2017791529354972e-05,-0.00035096101398287004
3884,0.0099999999999999985,-0.0080000000000000002,0,-5.3245283324634535e-05,4.2265817736394504e-05,-0.00026412840035611813
3885,0.010999999999999999,-0.0080000000000000002,0,-5.0002108868469646e-05,3.2155357654187272e-05,-0.00018277517514287247
3886,0.012,-0.0080000000000000002,0,-4.3155246832716575e-05,2.1820617416134367e-05,-0.00011132562522294111
3887,0.013000000000000001,-0.0080000000000000002,0,-3.2920561397584937e-05,1.2686368296228569e-05,-5.3012788285957803e-05
3888,0.014000000000000002,-0.0080000000000000002,0,-1.4673649848834139e-05,4.6890748523371051e-06,-1.8897537863530965e-05
3889,0.015000000000000003,-0.0080000000000000002,0,0,0,0
3890,0.016000000000000004,-0.0080000000000000002,0,0,0,0
3891,0.016999999999999998,-0.0080000000000000002,0,0,0,0
3892,0.017999999999999999,-0.0080000000000000002,0,0,0,0
3893,0.019,-0.0080000000000000002,0,0,0,0
3894,0.02,-0.0080000000000000002,0,0,0,0
3895,-0.02,-0.0069999999999999993,0,0,0,0
3896,-0.019,-0.0069999999999999993,0,0,0,0
3897,-0.018000000000000002,-0.0069999999999999993,0,0,0,0
3898,-0.017000000000000001,-0.0069999999999999993,0,0,0,0
3899,-0.016,-0.0069999999999999993,0,0,0,0
3900,-0.014999999999999999,-0.0069999999999999993,0,0,0,0
3901,-0.014,-0.0069999999999999993,0,1.5174025445013329e-05,3.9902535008908491e-06,-1.9635206834061984e-05
3902,-0.013000000000000001,-0.0069999999999999993,0,3.4521403999204665e-05,1.0652318057224142e-05,-4.992389516607482e-05
3903,-0.012,-0.0069999999999999993,0,4.4785889610033655e-05,1.7795692467657503e-05,-0.00010349540632685606
3904,-0.010999999999999999,-0.0069999999999999993,0,5.2298452615660229e-05,2.5958876088336572e-05,-0.00016877751785450247
3905,-0.01,-0.0069999999999999993,0,5.7031820361072717e-05,3.3786164739331692e-05,-0.00024428863542336508
3906,-0.0090000000000000011,-0.0069999999999999993,0,5.9966427906196385e-05,4.1435551135373117e-05,-0.00032744458785703912
3907,-0.0080000000000000002,-0.0069999999999999993,0,6.1167796396897098e-05,4.8976841960683627e-05,-0.00041675115466314371
3908,-0.0069999999999999993,-0.0069999999999999993,0,6.0845540143694682e-05,5.663628489160803e-05,-0.00051023630286253134
3909,-0.0060000000000000001,-0.0069999999999999993,0,5.8885713827082252e-05,6.4345859203632295e-05,-0.0006057122723529746
3910,-0.005000000000000001,-0.0069999999999999993,0,5.5174067844109864e-05,7.2019282567541349e-05,-0.00070024666466938351
3911,-0.0040000000000000001,-0.0069999999999999993,0,4.970167379690292e-05,7.9459187096008011e-05,-0.00079021608009297462
3912,-0.0029999999999999992,-0.0069999999999999993,0,4.2592938208920779e-05,8.6435927793862823e-05,-0.00087158622871760533
3913,-0.0019999999999999983,-0.0069999999999999993,0,3.4026444699080574e-05,9.2537833791060987e-05,-0.00094002525609530657
3914,-0.0010000000000000009,-0.0069999999999999993,0,2.4402635371162256e-05,9.7333272216047621e-05,-0.00099156055315917542
3915,0,-0.0069999999999999993,0,1.4152511191433279e-05,0.00010046379458956692,-0.0010231397164547039
3916,0.0010000000000000009,-0.0069999999999999993,0,3.6059148596543858e-06,0.00010170388574624137,-0.0010326744713192468
3917,0.0019999999999999983,-0.0069999999999999993,0,-7.0632902118058214e-06,0.00010097952119769936,-0.0010193452718606794
3918,0.0029999999999999992,-0.0069999999999999993,0,-1.7840575519330152e-05,9.8169342872848401e-05,-0.00098332780706702171
3919,0.0040000000000000001,-0.0069999999999999993,0,-2.8351767341938712e-05,9.3356706861559281e-05,-0.0009260416871501334
3920,0.005000000000000001,-0.0069999999999999993,0,-3.8246739646183933e-05,8.680362584920753e-05,-0.00084998175972722404
3921,0.0060000000000000019,-0.0069999999999999993,0,-4.6989678097194274e-05,7.9054620754723536e-05,-0.00075872706002242133
3922,0.0069999999999999993,-0.0069999999999999993,0,-5.4185359211637212e-05,7.06582796774911e-05,-0.00065667861106225955
3923,0.0080000000000000002,-0.0069999999999999993,0,-5.9443748645144799e-05,6.1847589182525148e-05,-0.00054852540270674578
3924,0.0090000000000000011,-0.0069999999999999993,0,-6.2505969838023623e-05,5.2732930853157314e-05,-0.00043879789516520427
3925,0.0099999999999999985,-0.0069999999999999993,0,-6.2851735311265976e-05,4.3180228830555568e-05,-0.00033188557316384904
3926,0.010999999999999999,-0.0069999999999999993,0,-6.0175746563311509e-05,3.3254671755300837e-05,-0.00023159336071222812
3927,0.012,-0.0069999999999999993,0,-5.3319914624555098e-05,2.2938360630678965e-05,-0.00014270366015187139
3928,0.013000000000000001,-0.0069999999999999993,0,-4.2185378782851171e-05,1.3774971426295746e-05,-6.8778512612960527e-05
3929,0.014000000000000002,-0.0069999999999999993,0,-1.9067309254432493e-05,5.2325164110411656e-06,-2.498476208753594e-05
3930,0.015000000000000003,-0.0069999999999999993,0,0,0,0
3931,0.016000000000000004,-0.0069999999999999993,0,0,0,0
3932,0.016999999999999998,-0.0069999999999999993,0,0,0,0
3933,0.017999999999999999,-0.0069999999999999993,0,0,0,0
3934,0.019,-0.0069999999999999993,0,0,0,0
3935,0.02,-0.0069999999999999993,0,0,0,0
3936,-0.02,-0.0060000000000000001,0,0,0,0
3937,-0.019,-0.0060000000000000001,0,0,0,0
3938,-0.018000000000000002,-0.0060000000000000001,0,0,0,0
3939,-0.017000000000000001,-0.0060000000000000001,0,0,0,0
3940,-0.016,-0.0060000000000000001,0,0,0,0
3941,-0.014999999999999999,-0.0060000000000000001,0,0,0,0
3942,-0.014,-0.0060000000000000001,0,1.8528111686982555e-05,4.1131516322446533e-06,-2.4354154579475912e-05
3943,-0.013000000000000001,-0.0060000000000000001,0,4.1718152228817228e-05,1.0715565518913663e-05,-6.1011220845054405e-05
3944,-0.012,-0.0060000000000000001,0,5.2507328040706182e-05,1.7379339562468476e-05,-0.00012498171475895016
3945,-0.010999999999999999,-0.0060000000000000001,0,6.0097262292574911e-05,2.49970698413595e-05,-0.00020158906513409951
3946,-0.01,-0.0060000000000000001,0,6.4799322229717289e-05,3.2206068870595739e-05,-0.00028944623692778279
3947,-0.0090000000000000011,-0.0060000000000000001,0,6.7742637257105852e-05,3.9236126671835945e-05,-0.00038618596382404032
3948,-0.0080000000000000002,-0.0060000000000000001,0,6.8956926806394253e-05,4.6229158631180071e-05,-0.00049068536940558558
3949,-0.0069999999999999993,-0.0060000000000000001,0,6.8640438459665039e-05,5.3483016868910744e-05,-0.00060118797752602756
3950,-0.0060000000000000001,-0.0060000000000000001,0,6.6614390526742044e-05,6.0982479794902118e-05,-0.00071556875763919311
3951,-0.005000000000000001,-0.0060000000000000001,0,6.2651778270747104e-05,6.8678479376164532e-05,-0.00083059333723450326
3952,-0.0040000000000000001,-0.0060000000000000001,0,5.6832865850826462e-05,7.6443001407282981e-05,-0.00094210887587380836
3953,-0.0029999999999999992,-0.0060000000000000001,0,4.9238972600768707e-05,8.4046799968107844e-05,-0.0010451947466448503
3954,-0.0019999999999999983,-0.0060000000000000001,0,3.996454809846028e-05,9.0938564722376557e-05,-0.0011337387837260307
3955,-0.0010000000000000009,-0.0060000000000000001,0,2.9732742757632596e-05,9.6562371279547418e-05,-0.001202319020000917
3956,0,-0.0060000000000000001,0,1.8989086207630943e-05,0.00010063667894110945,-0.0012460470000296995
3957,0.0010000000000000009,-0.0060000000000000001,0,8.0915401743785117e-06,0.00010291976182895007,-0.0012617449515202044
3958,0.0019999999999999983,-0.0060000000000000001,0,-3.3199211831942061e-06,0.00010284449896852254,-0.0012480619441741214
3959,0.0029999999999999992,-0.0060000000000000001,0,-1.532435761277219e-05,9.9839855802076317e-05,-0.001204924782903406
3960,0.0040000000000000001,-0.0060000000000000001,0,-2.7694047244472023e-05,9.4548738883657848e-05,-0.0011340773102459809
3961,0.005000000000000001,-0.0060000000000000001,0,-3.9696713985894347e-05,8.7336989617293662e-05,-0.0010390626888156145
3962,0.0060000000000000019,-0.0060000000000000001,0,-5.0688130645168566e-05,7.8932569462253742e-05,-0.00092496187684508598
3963,0.0069999999999999993,-0.0060000000000000001,0,-5.9821509734033556e-05,7.0043707276983325e-05,-0.00079805572336267129
3964,0.0080000000000000002,-0.0060000000000000001,0,-6.6672205938456244e-05,6.0980178349673411e-05,-0.00066492710366467217
3965,0.0090000000000000011,-0.0060000000000000001,0,-7.0946733455055284e-05,5.1901099414898158e-05,-0.00053139231256585557
3966,0.0099999999999999985,-0.0060000000000000001,0,-7.2192724797594992e-05,4.2609907646807456e-05,-0.00040256846591792237
3967,0.010999999999999999,-0.0060000000000000001,0,-7.0176564812841015e-05,3.3047495648027128e-05,-0.00028232584141134803
3968,0.012,-0.0060000000000000001,0,-6.3543985384209977e-05,2.306199065904485e-05,-0.00017540262442424147
3969,0.013000000000000001,-0.0060000000000000001,0,-5.1815905891585085e-05,1.4217631803336244e-05,-8.5355211031127318e-05
3970,0.014000000000000002,-0.0060000000000000001,0,-2.3636292097558687e-05,5.5278225175993606e-06,-3.1443131709508924e-05
3971,0.015000000000000003,-0.0060000000000000001,0,0,0,0
3972,0.016000000000000004,-0.0060000000000000001,0,0,0,0
3973,0.016999999999999998,-0.0060000000000000001,0,0,0,0
3974,0.017999999999999999,-0.0060000000000000001,0,0,0,0
3975,0.019,-0.0060000000000000001,0,0,0,0
3976,0.02,-0.0060000000000000001,0,0,0,0
3977,-0.02,-0.005000000000000001,0,0,0,0
3978,-0.019,-0.005000000000000001,0,0,0,0
3979,-0.018000000000000002,-0.005000000000000001,0,0,0,0
3980,-0.017000000000000001,-0.005000000000000001,0,0,0,0
3981,-0.016,-0.005000000000000001,0,0,0,0
3982,-0.014999999999999999,-0.005000000000000001,0,0,0,0
3983,-0.014,-0.005000000000000001,0,2.174571991695716e-05,3.9790996879208518e-06,-2.8964659117419365e-05
3984,-0.013000000000000001,-0.005000000000000001,0,4.8607035774536685e-05,1.0188203638391688e-05,-7.170082281487443e-05
3985,-0.012,-0.005000000000000001,0,5.9677272601220519e-05,1.6107484603852032e-05,-0.00014540291899863426
3986,-0.010999999999999999,-0.005000000000000001,0,6.7209116991837631e-05,2.2906365768989658e-05,-0.00023255186419283925
3987,-0.01,-0.005000000000000001,0,7.1916291466568051e-05,2.9340560937505748e-05,-0.00033198491305601769
3988,-0.0090000000000000011,-0.005000000000000001,0,7.4993363773093074e-05,3.5623015193705493e-05,-0.00044176929571604806
3989,-0.0080000000000000002,-0.005000000000000001,0,7.637743206979546e-05,4.1920778804994343e-05,-0.00056132171380533736
3990,-0.0069999999999999993,-0.005000000000000001,0,7.6261610966132823e-05,4.8618641733978092e-05,-0.00068928614503841227
3991,-0.0060000000000000001,-0.005000000000000001,0,7.4387947807574956e-05,5.5759167606603461e-05,-0.00082377118200898357
3992,-0.005000000000000001,-0.005000000000000001,0,7.0494310974663886e-05,6.3430327674695992e-05,-0.00096165944144168086
3993,-0.0040000000000000001,-0.005000000000000001,0,6.4807041704140607e-05,7.1705423600322657e-05,-0.0010988221293312525
3994,-0.0029999999999999992,-0.005000000000000001,0,5.7120229283278008e-05,8.0470995188249687e-05,-0.0012296294803578758
3995,-0.0019999999999999983,-0.005000000000000001,0,4.7341716102882185e-05,8.887049812507772e-05,-0.0013454119515976868
3996,-0.0010000000000000009,-0.005000000000000001,0,3.6635403066374301e-05,9.5672196104904913e-05,-0.0014385932961868495
3997,0,-0.005000000000000001,0,2.5692470038983908e-05,0.00010107868177627447,-0.0015003095381982206
3998,0.0010000000000000009,-0.005000000000000001,0,1.504816237981497e-05,0.0001044946384001978,-0.0015257896711414569
3999,0.0019999999999999983,-0.005000000000000001,0,3.9026757256716817e-06,0.00010518560278298914,-0.0015123508700426458
4000,0.0029999999999999992,-0.005000000000000001,0,-9.2311229761615638e-06,0.00010155553449326905,-0.0014605963567977992
4001,0.0040000000000000001,-0.005000000000000001,0,-2.3890957318901357e-05,9.4907355016963016e-05,-0.001371633274916337
4002,0.005000000000000001,-0.005000000000000001,0,-3.8980219836918617e-05,8.6456506480467402e-05,-0.0012514283023650158
4003,0.0060000000000000019,-0.005000000000000001,0,-5.2945958879825139e-05,7.7201538234556583e-05,-0.0011076985096367137
4004,0.0069999999999999993,-0.005000000000000001,0,-6.4724434413634675e-05,6.7656253944942512e-05,-0.00094969224402387362
4005,0.0080000000000000002,-0.005000000000000001,0,-7.3375723918728952e-05,5.8247363257903832e-05,-0.00078669871249726524
4006,0.0090000000000000011,-0.005000000000000001,0,-7.8913166275296722e-05,4.925045240486794e-05,-0.00062622699714033354
4007,0.0099999999999999985,-0.005000000000000001,0,-8.1012284644257318e-05,4.0338020936390363e-05,-0.0004737909276072031
4008,0.010999999999999999,-0.005000000000000001,0,-7.964626223247631e-05,3.1360197860321732e-05,-0.00033300152263971767
4009,0.012,-0.005000000000000001,0,-7.3419408096663135e-05,2.208166472575126e-05,-0.00020804672549407991
4010,0.013000000000000001,-0.005000000000000001,0,-6.1387695174643924e-05,1.3916238551896177e-05,-0.00010203114346496411
4011,0.014000000000000002,-0.005000000000000001,0,-2.8180125647040093e-05,5.4999630377761917e-06,-3.7976951076713164e-05
4012,0.015000000000000003,-0.005000000000000001,0,0,0,0
4013,0.016000000000000004,-0.005000000000000001,0,0,0,0
4014,0.016999999999999998,-0.005000000000000001,0,0,0,0
4015,0.017999999999999999,-0.005000000000000001,0,0,0,0
4016,0.019,-0.005000000000000001,0,0,0,0
4017,0.02,-0.005000000000000001,0,0,0,0
4018,-0.02,-0.0040000000000000001,0,0,0,0
4019,-0.019,-0.0040000000000000001,0,0,0,0
4020,-0.018000000000000002,-0.0040000000000000001,0,0,0,0
4021,-0.017000000000000001,-0.0040000000000000001,0,0,0,0
4022,-0.016,-0.0040000000000000001,0,0,0,0
4023,-0.014999999999999999,-0.0040000000000000001,0,0,0,0
4024,-0.014,-0.0040000000000000001,0,2.4664020723457452e-05,3.5804423290683507e-06,-3.319974541105032e-05
4025,-0.013000000000000001,-0.0040000000000000001,0,5.4844004317306467e-05,9.073754466765468e-06,-8.1446472813125694e-05
4026,-0.012,-0.0040000000000000001,0,6.6012743369951414e-05,1.4036039372751283e-05,-0.00016377114870616221
4027,-0.010999999999999999,-0.0040000000000000001,0,7.3398798104918055e-05,1.9754743534692753e-05,-0.00026024759639127899
4028,-0.01,-0.0040000000000000001,0,7.8175013188072192e-05,2.5245636146491837e-05,-0.00037003606422098153
4029,-0.0090000000000000011,-0.0040000000000000001,0,8.1525682977797597e-05,3.0636425248949101e-05,-0.00049181001247728252
4030,-0.0080000000000000002,-0.0040000000000000001,0,8.3219599616100984e-05,3.605361361472138e-05,-0.00062563282124405311
4031,-0.0069999999999999993,-0.0040000000000000001,0,8.3474334340066829e-05,4.1971911574272381e-05,-0.00077073538533878794
4032,-0.0060000000000000001,-0.0040000000000000001,0,8.202158850535646e-05,4.8550935792952867e-05,-0.00092582910377639002
4033,-0.005000000000000001,-0.0040000000000000001,0,7.8748319330263972e-05,5.617720099149498e-05,-0.0010888136519207866
4034,-0.0040000000000000001,-0.0040000000000000001,0,7.3803419272119218e-05,6.5127059645862957e-05,-0.0012563388949141515
4035,-0.0029999999999999992,-0.0040000000000000001,0,6.6422361247520215e-05,7.5253606720852425e-05,-0.0014225326501801482
4036,-0.0019999999999999983,-0.0040000000000000001,0,5.621656245446088e-05,8.5204285166470291e-05,-0.0015760636489213771
4037,-0.0010000000000000009,-0.0040000000000000001,0,4.5446722701882393e-05,9.3120920584005486e-05,-0.0017070979314330824
4038,0,-0.0040000000000000001,0,3.450861020347203e-05,9.9591003672566336e-05,-0.0017964990791133309
4039,0.0010000000000000009,-0.0040000000000000001,0,2.6086501906985398e-05,0.00010334579290176814,-0.00183607980442069
4040,0.0019999999999999983,-0.0040000000000000001,0,1.7564793384715106e-05,0.00010473771616980682,-0.001822231993788681
4041,0.0029999999999999992,-0.0040000000000000001,0,4.4317507017886337e-06,0.00010112153532862898,-0.0017598749756509448
4042,0.0040000000000000001,-0.0040000000000000001,0,-1.3872668294220956e-05,9.3346474607432047e-05,-0.0016469488307155346
4043,0.005000000000000001,-0.0040000000000000001,0,-3.4388545992022675e-05,8.3508841021113388e-05,-0.001491876787578121
4044,0.0060000000000000019,-0.0040000000000000001,0,-5.3489124665594602e-05,7.3536437376220374e-05,-0.0013073793553649345
4045,0.0069999999999999993,-0.0040000000000000001,0,-6.8614431734888512e-05,6.3020102381651323e-05,-0.001109015597149999
4046,0.0080000000000000002,-0.0040000000000000001,0,-7.9351129089009996e-05,5.3171014140379551e-05,-0.00091000522990473953
4047,0.0090000000000000011,-0.0040000000000000001,0,-8.6141130451165509e-05,4.4362862047331433e-05,-0.00071936277511847914
4048,0.0099999999999999985,-0.0040000000000000001,0,-8.8973519237703943e-05,3.6095740610288645e-05,-0.00054222963908349953
4049,0.010999999999999999,-0.0040000000000000001,0,-8.8172719057173933e-05,2.8023008171429119e-05,-0.00038110216573509478
4050,0.012,-0.0040000000000000001,0,-8.2451409070116513e-05,1.9883838677970448e-05,-0.00023895878944582365
4051,0.013000000000000001,-0.0040000000000000001,0,-7.0386667463654185e-05,1.2775369086310689e-05,-0.00011795154690415121
4052,0.014000000000000002,-0.0040000000000000001,0,-3.2467118278094282e-05,5.1034147078744999e-06,-4.4232348424218459e-05
4053,0.015000000000000003,-0.0040000000000000001,0,0,0,0
4054,0.016000000000000004,-0.0040000000000000001,0,0,0,0
4055,0.016999999999999998,-0.0040000000000000001,0,0,0,0
4056,0.017999999999999999,-0.0040000000000000001,0,0,0,0
4057,0.019,-0.0040000000000000001,0,0,0,0
4058,0.02,-0.0040000000000000001,0,0,0,0
4059,-0.02,-0.0029999999999999992,0,0,0,0
4060,-0.019,-0.0029999999999999992,0,0,0,0
4061,-0.018000000000000002,-0.0029999999999999992,0,0,0,0
4062,-0.017000000000000001,-0.0029999999999999992,0,0,0,0
4063,-0.016,-0.0029999999999999992,0,0,0,0
4064,-0.014999999999999999,-0.0029999999999999992,0,0,0,0
4065,-0.014,-0.0029999999999999992,0,2.712801352538438e-05,2.9360231660120544e-06,-3.6801070514416458e-05
4066,-0.013000000000000001,-0.0029999999999999992,0,6.0096349828420472e-05,7.4041368125739844e-06,-8.9725637821359868e-05
4067,-0.012,-0.0029999999999999992,0,7.1258123329659176e-05,1.1242625041919245e-05,-0.00017917397425599763
4068,-0.010999999999999999,-0.0029999999999999992,0,7.8459578498090647e-05,1.5676243832509407e-05,-0.00028335406805218117
4069,-0.01,-0.0029999999999999992,0,8.3351650750344692e-05,2.0036316617763816e-05,-0.00040181228841745629
4070,-0.0090000000000000011,-0.0029999999999999992,0,8.7085503830718584e-05,2.4368120942605409e-05,-0.00053390446512419185
4071,-0.0080000000000000002,-0.0029999999999999992,0,8.9193205447419979e-05,2.8695658215349554e-05,-0.0006803592423342634
4072,-0.0069999999999999993,-0.0029999999999999992,0,8.9952854384822394e-05,3.3544059781529508e-05,-0.00084115657379505988
4073,-0.0060000000000000001,-0.0029999999999999992,0,8.9205594340859159e-05,3.9206461204359524e-05,-0.0010161129496790986
4074,-0.005000000000000001,-0.0029999999999999992,0,8.7204206983119135e-05,4.6394307130698061e-05,-0.0012052603761119032
4075,-0.0040000000000000001,-0.0029999999999999992,0,8.3675610852079803e-05,5.5587518972642409e-05,-0.0014073214178927621
4076,-0.0029999999999999992,-0.0029999999999999992,0,7.7020265778480026e-05,6.6778366445843454e-05,-0.0016181059322257158
4077,-0.0019999999999999983,-0.0029999999999999992,0,6.6605041557041706e-05,7.8051057343362564e-05,-0.0018250331771337924
4078,-0.0010000000000000009,-0.0029999999999999992,0,5.3334237636244925e-05,8.5199621026305503e-05,-0.0020151731028902938
4079,0,-0.0029999999999999992,0,4.1341923165938519e-05,8.9091284316389325e-05,-0.0021447452347348227
4080,0.0010000000000000009,-0.0029999999999999992,0,3.7351150329813839e-05,9.1902182091351209e-05,-0.0022003654751463599
4081,0.0019999999999999983,-0.0029999999999999992,0,3.6493804644924317e-05,9.1621553088055697e-05,-0.002182729491063904
4082,0.0029999999999999992,-0.0029999999999999992,0,2.5618224887036566e-05,8.9258290384056188e-05,-0.0021078173256831884
4083,0.0040000000000000001,-0.0029999999999999992,0,3.0622237123703187e-06,8.270469063668063e-05,-0.0019626357289913672
4084,0.005000000000000001,-0.0029999999999999992,0,-2.4618625648432083e-05,7.5482668518734192e-05,-0.0017595265673674802
4085,0.0060000000000000019,-0.0029999999999999992,0,-5.0743052341988388e-05,6.4497508594697284e-05,-0.0015182093148206593
4086,0.0069999999999999993,-0.0029999999999999992,0,-7.0948582995369021e-05,5.4078951940678519e-05,-0.001268016462013716
4087,0.0080000000000000002,-0.0029999999999999992,0,-8.4231112831457814e-05,4.4784457405934665e-05,-0.0010274013230842757
4088,0.0090000000000000011,-0.0029999999999999992,0,-9.2286753423992496e-05,3.6864009477492363e-05,-0.00080489289897907085
4089,0.0099999999999999985,-0.0029999999999999992,0,-9.5723310140374921e-05,2.9703853966202114e-05,-0.00060351661590516553
4090,0.010999999999999999,-0.0029999999999999992,0,-9.5342062938089131e-05,2.2977501746495901e-05,-0.00042356842416923818
4091,0.012,-0.0029999999999999992,0,-9.0122514278507301e-05,1.6401580966430753e-05,-0.0002661726238274661
4092,0.013000000000000001,-0.0029999999999999992,0,-7.8234500144112754e-05,1.072745492259937e-05,-0.00013210884146016322
4093,0.014000000000000002,-0.0029999999999999992,0,-3.6240941945187511e-05,4.3119960237181637e-06,-4.9799461208949567e-05
4094,0.015000000000000003,-0.0029999999999999992,0,0,0,0
4095,0.016000000000000004,-0.0029999999999999992,0,0,0,0
4096,0.016999999999999998,-0.0029999999999999992,0,0,0,0
4097,0.017999999999999999,-0.0029999999999999992,0,0,0,0
4098,0.019,-0.0029999999999999992,0,0,0,0
4099,0.02,-0.0029999999999999992,0,0,0,0
4100,-0.02,-0.0019999999999999983,0,0,0,0
4101,-0.019,-0.0019999999999999983,0,0,0,0
4102,-0.018000000000000002,-0.0019999999999999983,0,0,0,0
4103,-0.017000000000000001,-0.0019999999999999983,0,0,0,0
4104,-0.016,-0.0019999999999999983,0,0,0,0
4105,-0.014999999999999999,-0.0019999999999999983,0,0,0,0
4106,-0.014,-0.0019999999999999983,0,2.9000845076381825e-05,2.0850857574028341e-06,-3.9548533274896662e-05
4107,-0.013000000000000001,-0.0019999999999999983,0,6.4080129189923905e-05,5.2484808817090219e-06,-9.605597997301402e-05
4108,-0.012,-0.0019999999999999983,0,7.5192887723960701e-05,7.8498998442503337e-06,-0.00019080635267375577
4109,-0.010999999999999999,-0.0019999999999999983,0,8.2206131574805391e-05,1.086498931641445e-05,-0.00030073758550421974
4110,-0.01,-0.0019999999999999983,0,8.7217650598932274e-05,1.3910122977143148e-05,-0.00042575076922238308
4111,-0.0090000000000000011,-0.0019999999999999983,0,9.1369314574528209e-05,1.6977495442350774e-05,-0.00056583206249264468
4112,-0.0080000000000000002,-0.0019999999999999983,0,9.3937610283045594e-05,2.0011414959449321e-05,-0.00072230338950583545
4113,-0.0069999999999999993,-0.0019999999999999983,0,9.5248584069355523e-05,2.3457495092405548e-05,-0.00089592981335356208
4114,-0.0060000000000000001,-0.0019999999999999983,0,9.5338177800346807e-05,2.7691649614304731e-05,-0.0010879583709895628
4115,-0.005000000000000001,-0.0019999999999999983,0,9.4965343632783778e-05,3.3661233791318785e-05,-0.001301382600605981
4116,-0.0040000000000000001,-0.0019999999999999983,0,9.3054661303996447e-05,4.2037667362390113e-05,-0.0015385214842057516
4117,-0.0029999999999999992,-0.0019999999999999983,0,8.7112444400779484e-05,5.3642344970614356e-05,-0.0018007255532943214
4118,-0.0019999999999999983,-0.0019999999999999983,0,7.1843940074758865e-05,6.0858701358152611e-05,-0.0020776493983149678
4119,-0.0010000000000000009,-0.0019999999999999983,0,4.9616261365688634e-05,6.092320577722695e-05,-0.0023501790283621
4120,0,-0.0019999999999999983,0,4.0025942911312374e-05,5.1870665361726595e-05,-0.0025391532279286427
4121,0.0010000000000000009,-0.0019999999999999983,0,5.6255656179842575e-05,5.5937013292456474e-05,-0.0026097394384892699
4122,0.0019999999999999983,-0.0019999999999999983,0,7.9143598851997828e-05,5.1722599206320782e-05,-0.0025974472514052631
4123,0.0029999999999999992,-0.0019999999999999983,0,7.9238773698871493e-05,5.0954062770894318e-05,-0.0025155051397707496
4124,0.0040000000000000001,-0.0019999999999999983,0,4.7912946756418771e-05,5.0970528523281789e-05,-0.0023319221894839023
4125,0.005000000000000001,-0.0019999999999999983,0,-7.6898510018721867e-06,5.7998105756510085e-05,-0.0020393101331581264
4126,0.0060000000000000019,-0.0019999999999999983,0,-4.5459143924242417e-05,4.9508369409973925e-05,-0.0017226695624168642
4127,0.0069999999999999993,-0.0019999999999999983,0,-7.1386112428944407e-05,4.0357607252592666e-05,-0.0014115234462849144
4128,0.0080000000000000002,-0.0019999999999999983,0,-8.7823129014208173e-05,3.2775814965423336e-05,-0.0011279839533795894
4129,0.0090000000000000011,-0.0019999999999999983,0,-9.7062503127613926e-05,2.6617410188589749e-05,-0.00087527748577966155
4130,0.0099999999999999985,-0.0019999999999999983,0,-0.00010092404046422271,2.1245346238983909e-05,-0.00065260940124055018
4131,0.010999999999999999,-0.0019999999999999983,0,-0.00010078544982898726,1.6353140773867455e-05,-0.00045709090017644196
4132,0.012,-0.0019999999999999983,0,-9.5969977159749887e-05,1.1716215674511058e-05,-0.00028758976871360984
4133,0.013000000000000001,-0.0019999999999999983,0,-8.4358065298572696e-05,7.7871005217912e-06,-0.00014338207597503559
4134,0.014000000000000002,-0.0019999999999999983,0,-3.9223714964168551e-05,3.1399617936848209e-06,-5.4232407108896533e-05
4135,0.015000000000000003,-0.0019999999999999983,0,0,0,0
4136,0.016000000000000004,-0.0019999999999999983,0,0,0,0
4137,0.016999999999999998,-0.0019999999999999983,0,0,0,0
4138,0.017999999999999999,-0.0019999999999999983,0,0,0,0
4139,0.019,-0.0019999999999999983,0,0,0,0
4140,0.02,-0.0019999999999999983,0,0,0,0
4141,-0.02,-0.0010000000000000009,0,0,0,0
4142,-0.019,-0.0010000000000000009,0,0,0,0
4143,-0.018000000000000002,-0.0010000000000000009,0,0,0,0
4144,-0.017000000000000001,-0.0010000000000000009,0,0,0,0
4145,-0.016,-0.0010000000000000009,0,0,0,0
4146,-0.014999999999999999,-0.0010000000000000009,0,0,0,0
4147,-0.014,-0.0010000000000000009,0,3.0174349679718652e-05,1.0837464780655884e-06,-4.1271740389163883e-05
4148,-0.013000000000000001,-0.0010000000000000009,0,6.6570729927488428e-05,2.7233387690041629e-06,-0.00010003472412793139
4149,-0.012,-0.0010000000000000009,0,7.7635704047394126e-05,4.034481925828508e-06,-0.0001980456204243508
4150,-0.010999999999999999,-0.0010000000000000009,0,8.4496535269712735e-05,5.5548256877456383e-06,-0.00031153164741124162
4151,-0.01,-0.0010000000000000009,0,8.9595741067983697e-05,7.1284361258627444e-06,-0.00044063444220918488
4152,-0.0090000000000000011,-0.0010000000000000009,0,9.4084597703367827e-05,8.7267808234019049e-06,-0.00058578504811037692
4153,-0.0080000000000000002,-0.0010000000000000009,0,9.7040069858809824e-05,1.0294795447280354e-05,-0.00074872207406687986
4154,-0.0069999999999999993,-0.0010000000000000009,0,9.8799296860566267e-05,1.2091098491084971e-05,-0.00093082193276425892
4155,-0.0060000000000000001,-0.0010000000000000009,0,9.9502171893044446e-05,1.4402421115881604e-05,-0.0011345643615636534
4156,-0.005000000000000001,-0.0010000000000000009,0,0.00010012551197253031,1.7901623618039597e-05,-0.0013658362463496172
4157,-0.0040000000000000001,-0.0010000000000000009,0,9.8949357417956103e-05,2.3336172137440703e-05,-0.0016322519226630243
4158,-0.0029999999999999992,-0.0010000000000000009,0,9.2937990939148535e-05,3.0722186706001742e-05,-0.0019462179396073319
4159,-0.0019999999999999983,-0.0010000000000000009,0,7.0489982533028105e-05,3.1356751792798617e-05,-0.0023019919676981323
4160,-0.0010000000000000009,-0.0010000000000000009,0,2.6955006115387173e-05,2.1713223246265238e-05,-0.0026934491528671964
4161,0,-0.0010000000000000009,0,2.3192893805861553e-05,9.0762855933124124e-06,-0.0029202503758630682
4162,0.0010000000000000009,-0.0010000000000000009,0,6.6093782633269341e-05,1.1311051180539294e-05,-0.0030004861613966566
4163,0.0019999999999999983,-0.0010000000000000009,0,0.00013156781923856102,7.0217697118771579e-06,-0.0029924886645213812
4164,0.0029999999999999992,-0.0010000000000000009,0,0.00016292598727186736,8.4906066797300872e-06,-0.0029083670066857342
4165,0.0040000000000000001,-0.0010000000000000009,0,0.00013918333902236216,1.1749846273010282e-05,-0.0027046460277901441
4166,0.005000000000000001,-0.0010000000000000009,0,4.0181580272649044e-05,2.8132704422527468e-05,-0.0023002485696278184
4167,0.0060000000000000019,-0.0010000000000000009,0,-3.4321447324947014e-05,2.6899715493204036e-05,-0.0018894115786251772
4168,0.0069999999999999993,-0.0010000000000000009,0,-6.9744511174891344e-05,2.2090699654959315e-05,-0.0015174911700856701
4169,0.0080000000000000002,-0.0010000000000000009,0,-8.9747109438524696e-05,1.7452348189469588e-05,-0.0011975761797004675
4170,0.0090000000000000011,-0.0010000000000000009,0,-0.00010008184482509829,1.4022305249129856e-05,-0.00092220582234606434
4171,0.0099999999999999985,-0.0010000000000000009,0,-0.00010424114198787918,1.110473487623876e-05,-0.00068456866652636349
4172,0.010999999999999999,-0.0010000000000000009,0,-0.00010419423397664857,8.5081193452158851e-06,-0.00047863982703844434
4173,0.012,-0.0010000000000000009,0,-9.96330655685612e-05,6.1060937360205304e-06,-0.0003013150847335351
4174,0.013000000000000001,-0.0010000000000000009,0,-8.8261848415509031e-05,4.1048806396270975e-06,-0.00015068862171127459
4175,0.014000000000000002,-0.0010000000000000009,0,-4.1150248117054833e-05,1.6583479035896657e-06,-5.7106411281587846e-05
4176,0.015000000000000003,-0.0010000000000000009,0,0,0,0
4177,0.016000000000000004,-0.0010000000000000009,0,0,0,0
4178,0.016999999999999998,-0.0010000000000000009,0,0,0,0
4179,0.017999999999999999,-0.0010000000000000009,0,0,0,0
4180,0.019,-0.0010000000000000009,0,0,0,0
4181,0.02,-0.0010000000000000009,0,0,0,0
4182,-0.02,0,0,0,0,0
4183,-0.019,0,0,0,0,0
4184,-0.018000000000000002,0,0,0,0,0
4185,-0.017000000000000001,0,0,0,0,0
4186,-0.016,0,0,0,0,0
4187,-0.014999999999999999,0,0,0,0,0
4188,-0.014,0,0,3.0575605539546915e-05,4.2895644332034833e-20,-4.1860393442766731e-05
4189,-0.013000000000000001,0,0,6.7418504242495913e-05,-2.1682572191814071e-20,-0.00010139118011354249
4190,-0.012,0,0,7.8464010018463313e-05,-5.7042562803861827e-20,-0.00020050278580257725
4191,-0.010999999999999999,0,0,8.5265459749134898e-05,-3.8188634118085982e-20,-0.00031519186713930793
4192,-0.01,0,0,9.0393821544645342e-05,1.4654419947514025e-21,-0.00044568502835972784
4193,-0.0090000000000000011,0,0,9.5017622616197208e-05,-2.5632386781117112e-21,-0.00059257473919061216
4194,-0.0080000000000000002,0,0,9.8133173220673174e-05,-3.6223435921664339e-20,-0.00075774678103999473
4195,-0.0069999999999999993,0,0,0.00010005859755790825,1.6237315520821899e-21,-0.00094282310353604006
4196,-0.0060000000000000001,0,0,0.00010091802411562203,-2.3086861457638418e-20,-0.0011508396004838244
4197,-0.005000000000000001,0,0,0.00010187064218583352,-1.4827451507348187e-21,-0.0013889429645794669
4198,-0.0040000000000000001,0,0,0.00010132261110401824,5.7720661801232118e-20,-0.0016671975829145799
4199,-0.0029999999999999992,0,0,9.5498890150545247e-05,2.0684859320866543e-19,-0.0020032016253673118
4200,-0.0019999999999999983,0,0,6.1941668671562818e-05,-1.2906244766967283e-20,-0.0023968203330435064
4201,-0.0010000000000000009,0,0,1.2021150201314579e-05,1.3150550992085528e-19,-0.0028140328106734461
4202,0,0,0,1.681629126729716e-05,3.2286429979509561e-19,-0.0030552964342075413
4203,0.0010000000000000009,0,0,6.7830747056937978e-05,7.7511838101241014e-20,-0.0031298017529983982
4204,0.0019999999999999983,0,0,0.00014443260015174994,7.1138256697220892e-19,-0.0031261300113236655
4205,0.0029999999999999992,0,0,0.00018437760518613769,-5.8103566116287627e-19,-0.0030406324209614069
4206,0.0040000000000000001,0,0,0.00016917922556604394,-1.3810133944626883e-19,-0.0028255928253684342
4207,0.005000000000000001,0,0,7.7874576557309105e-05,7.5035371043304849e-20,-0.0024176508109115297
4208,0.0060000000000000019,0,0,-2.3254672583390567e-05,-6.7130703306418939e-20,-0.0019559072238672284
4209,0.0069999999999999993,0,0,-6.7975934923296399e-05,7.6198465442992352e-20,-0.0015578633658707318
4210,0.0080000000000000002,0,0,-9.0114030565553613e-05,-1.1770249535918723e-19,-0.0012226651757971327
4211,0.0090000000000000011,0,0,-0.00010112477322273164,-6.8600492814870488e-21,-0.000938775267670093
4212,0.0099999999999999985,0,0,-0.00010538580139930906,1.7785182677886287e-20,-0.00069568799395271913
4213,0.010999999999999999,0,0,-0.0001053566908078542,2.5334244359825101e-20,-0.00048607927313505677
4214,0.012,0,0,-0.00010088020624041283,-5.2075467735897358e-20,-0.00030604393479605028
4215,0.013000000000000001,0,0,-8.9604001649592482e-05,-4.7832810118732171e-20,-0.00015322192740241654
4216,0.014000000000000002,0,0,-4.1819634963015463e-05,3.2183671636955408e-20,-5.8104702562399938e-05
4217,0.015000000000000003,0,0,0,0,0
4218,0.016000000000000004,0,0,0,0,0
4219,0.016999999999999998,0,0,0,0,0
4220,0.017999999999999999,0,0,0,0,0
4221,0.019,0,0,0,0,0
4222,0.02,0,0,0,0,0
4223,-0.02,0.0010000000000000009,0,0,0,0
4224,-0.019,0.0010000000000000009,0,0,0,0
4225,-0.018000000000000002,0.0010000000000000009,0,0,0,0
4226,-0.017000000000000001,0.0010000000000000009,0,0,0,0
4227,-0.016,0.0010000000000000009,0,0,0,0
4228,-0.014999999999999999,0.0010000000000000009,0,0,0,0
4229,-0.014,0.0010000000000000009,0,3.0174349679718642e-05,-1.0837464780655173e-06,-4.1271740389163869e-05
4230,-0.013000000000000001,0.0010000000000000009,0,6.6570729927488415e-05,-2.7233387690041727e-06,-0.00010003472412793139
4231,-0.012,0.0010000000000000009,0,7.763570404739414e-05,-4.0344819258285935e-06,-0.00019804562042435078
4232,-0.010999999999999999,0.0010000000000000009,0,8.4496535269712708e-05,-5.5548256877457391e-06,-0.00031153164741124162
4233,-0.01,0.0010000000000000009,0,8.9595741067983697e-05,-7.1284361258627419e-06,-0.00044063444220918488
4234,-0.0090000000000000011,0.0010000000000000009,0,9.4084597703367773e-05,-8.7267808234019218e-06,-0.00058578504811037692
4235,-0.0080000000000000002,0.0010000000000000009,0,9.7040069858809715e-05,-1.0294795447280239e-05,-0.00074872207406687975
4236,-0.0069999999999999993,0.0010000000000000009,0,9.8799296860566227e-05,-1.2091098491085013e-05,-0.00093082193276425881
4237,-0.0060000000000000001,0.0010000000000000009,0,9.9502171893044541e-05,-1.4402421115881473e-05,-0.0011345643615636534
4238,-0.005000000000000001,0.0010000000000000009,0,0.00010012551197253012,-1.7901623618039475e-05,-0.0013658362463496172
4239,-0.0040000000000000001,0.0010000000000000009,0,9.8949357417956387e-05,-2.3336172137440588e-05,-0.001632251922663024
4240,-0.0029999999999999992,0.0010000000000000009,0,9.2937990939148251e-05,-3.0722186706001396e-05,-0.001946217939607333
4241,-0.0019999999999999983,0.0010000000000000009,0,7.0489982533028173e-05,-3.135675179279798e-05,-0.0023019919676981328
4242,-0.0010000000000000009,0.0010000000000000009,0,2.6955006115387129e-05,-2.1713223246264669e-05,-0.0026934491528671969
4243,0,0.0010000000000000009,0,2.3192893805861295e-05,-9.0762855933117771e-06,-0.0029202503758630686
4244,0.0010000000000000009,0.0010000000000000009,0,6.6093782633269639e-05,-1.1311051180538903e-05,-0.0030004861613966574
4245,0.0019999999999999983,0.0010000000000000009,0,0.00013156781923856083,-7.0217697118765785e-06,-0.0029924886645213817
4246,0.0029999999999999992,0.0010000000000000009,0,0.0001629259872718669,-8.4906066797304345e-06,-0.0029083670066857351
4247,0.0040000000000000001,0.0010000000000000009,0,0.00013918333902236254,-1.1749846273010213e-05,-0.0027046460277901441
4248,0.005000000000000001,0.0010000000000000009,0,4.018158027264905e-05,-2.8132704422527559e-05,-0.0023002485696278188
4249,0.0060000000000000019,0.0010000000000000009,0,-3.4321447324946804e-05,-2.6899715493204348e-05,-0.0018894115786251781
4250,0.0069999999999999993,0.0010000000000000009,0,-6.9744511174891249e-05,-2.2090699654959376e-05,-0.0015174911700856699
4251,0.0080000000000000002,0.0010000000000000009,0,-8.974710943852471e-05,-1.7452348189469731e-05,-0.0011975761797004675
4252,0.0090000000000000011,0.0010000000000000009,0,-0.00010008184482509833,-1.4022305249129933e-05,-0.00092220582234606434
4253,0.0099999999999999985,0.0010000000000000009,0,-0.00010424114198787912,-1.1104734876238772e-05,-0.00068456866652636349
4254,0.010999999999999999,0.0010000000000000009,0,-0.00010419423397664855,-8.5081193452157885e-06,-0.00047863982703844434
4255,0.012,0.0010000000000000009,0,-9.9633065568561214e-05,-6.1060937360206388e-06,-0.00030131508473353515
4256,0.013000000000000001,0.0010000000000000009,0,-8.8261848415509045e-05,-4.1048806396271814e-06,-0.00015068862171127462
4257,0.014000000000000002,0.0010000000000000009,0,-4.1150248117054826e-05,-1.6583479035896223e-06,-5.7106411281587825e-05
4258,0.015000000000000003,0.0010000000000000009,0,0,0,0
4259,0.016000000000000004,0.0010000000000000009,0,0,0,0
4260,0.016999999999999998,0.0010000000000000009,0,0,0,0
4261,0.017999999999999999,0.0010000000000000009,0,0,0,0
4262,0.019,0.0010000000000000009,0,0,0,0
4263,0.02,0.0010000000000000009,0,0,0,0
4264,-0.02,0.0019999999999999983,0,0,0,0
4265,-0.019,0.0019999999999999983,0,0,0,0
4266,-0.018000000000000002,0.0019999999999999983,0,0,0,0
4267,-0.017000000000000001,0.0019999999999999983,0,0,0,0
4268,-0.016,0.0019999999999999983,0,0,0,0
4269,-0.014999999999999999,0.0019999999999999983,0,0,0,0
4270,-0.014,0.0019999999999999983,0,2.9000845076381818e-05,-2.0850857574027591e-06,-3.9548533274896648e-05
4271,-0.013000000000000001,0.0019999999999999983,0,6.4080129189923919e-05,-5.2484808817090286e-06,-9.6055979973014006e-05
4272,-0.012,0.0019999999999999983,0,7.5192887723960701e-05,-7.8498998442504201e-06,-0.00019080635267375577
4273,-0.010999999999999999,0.0019999999999999983,0,8.2206131574805391e-05,-1.0864989316414524e-05,-0.00030073758550421974
4274,-0.01,0.0019999999999999983,0,8.721765059893222e-05,-1.3910122977143167e-05,-0.00042575076922238302
4275,-0.0090000000000000011,0.0019999999999999983,0,9.136931457452806e-05,-1.6977495442350693e-05,-0.00056583206249264458
4276,-0.0080000000000000002,0.0019999999999999983,0,9.3937610283045472e-05,-2.0011414959449291e-05,-0.00072230338950583545
4277,-0.0069999999999999993,0.0019999999999999983,0,9.5248584069355455e-05,-2.3457495092405464e-05,-0.00089592981335356165
4278,-0.0060000000000000001,0.0019999999999999983,0,9.5338177800346685e-05,-2.7691649614304673e-05,-0.0010879583709895628
4279,-0.005000000000000001,0.0019999999999999983,0,9.49653436327839e-05,-3.3661233791318866e-05,-0.0013013826006059805
4280,-0.0040000000000000001,0.0019999999999999983,0,9.3054661303996894e-05,-4.2037667362390221e-05,-0.0015385214842057518
4281,-0.0029999999999999992,0.0019999999999999983,0,8.7112444400779158e-05,-5.3642344970614289e-05,-0.0018007255532943214
4282,-0.0019999999999999983,0.0019999999999999983,0,7.184394007475854e-05,-6.0858701358152496e-05,-0.0020776493983149678
4283,-0.0010000000000000009,0.0019999999999999983,0,4.9616261365688377e-05,-6.0923205777226557e-05,-0.0023501790283621
4284,0,0.0019999999999999983,0,4.0025942911312266e-05,-5.1870665361726364e-05,-0.0025391532279286431
4285,0.0010000000000000009,0.0019999999999999983,0,5.6255656179842446e-05,-5.5937013292456284e-05,-0.0026097394384892707
4286,0.0019999999999999983,0.0019999999999999983,0,7.9143598851998912e-05,-5.172259920632123e-05,-0.0025974472514052631
4287,0.0029999999999999992,0.0019999999999999983,0,7.9238773698871859e-05,-5.0954062770894209e-05,-0.00251550513977075
4288,0.0040000000000000001,0.0019999999999999983,0,4.791294675641848e-05,-5.0970528523281674e-05,-0.0023319221894839018
4289,0.005000000000000001,0.0019999999999999983,0,-7.6898510018721647e-06,-5.7998105756510153e-05,-0.0020393101331581259
4290,0.0060000000000000019,0.0019999999999999983,0,-4.5459143924242512e-05,-4.9508369409974101e-05,-0.0017226695624168638
4291,0.0069999999999999993,0.0019999999999999983,0,-7.138611242894442e-05,-4.0357607252592774e-05,-0.0014115234462849142
4292,0.0080000000000000002,0.0019999999999999983,0,-8.7823129014208038e-05,-3.2775814965423485e-05,-0.0011279839533795892
4293,0.0090000000000000011,0.0019999999999999983,0,-9.7062503127613966e-05,-2.6617410188589749e-05,-0.00087527748577966155
4294,0.0099999999999999985,0.0019999999999999983,0,-0.00010092404046422275,-2.1245346238983943e-05,-0.00065260940124055018
4295,0.010999999999999999,0.0019999999999999983,0,-0.00010078544982898728,-1.6353140773867387e-05,-0.00045709090017644185
4296,0.012,0.0019999999999999983,0,-9.59699771597499e-05,-1.1716215674511158e-05,-0.0002875897687136099
4297,0.013000000000000001,0.0019999999999999983,0,-8.4358065298572723e-05,-7.7871005217912847e-06,-0.00014338207597503565
4298,0.014000000000000002,0.0019999999999999983,0,-3.9223714964168551e-05,-3.1399617936847692e-06,-5.423240710889654e-05
4299,0.015000000000000003,0.0019999999999999983,0,0,0,0
4300,0.016000000000000004,0.0019999999999999983,0,0,0,0
4301,0.016999999999999998,0.0019999999999999983,0,0,0,0
4302,0.017999999999999999,0.0019999999999999983,0,0,0,0
4303,0.019,0.0019999999999999983,0,0,0,0
4304,0.02,0.0019999999999999983,0,0,0,0
4305,-0.02,0.0029999999999999992,0,0,0,0
4306,-0.019,0.0029999999999999992,0,0,0,0
4307,-0.018000000000000002,0.0029999999999999992,0,0,0,0
4308,-0.017000000000000001,0.0029999999999999992,0,0,0,0
4309,-0.016,0.0029999999999999992,0,0,0,0
4310,-0.014999999999999999,0.0029999999999999992,0,0,0,0
4311,-0.014,0.0029999999999999992,0,2.7128013525384384e-05,-2.936023166011996e-06,-3.6801070514416431e-05
4312,-0.013000000000000001,0.0029999999999999992,0,6.0096349828420486e-05,-7.4041368125739954e-06,-8.9725637821359909e-05
4313,-0.012,0.0029999999999999992,0,7.1258123329659203e-05,-1.1242625041919322e-05,-0.00017917397425599765
4314,-0.010999999999999999,0.0029999999999999992,0,7.8459578498090606e-05,-1.5676243832509488e-05,-0.00028335406805218117
4315,-0.01,0.0029999999999999992,0,8.3351650750344679e-05,-2.0036316617763782e-05,-0.00040181228841745635
4316,-0.0090000000000000011,0.0029999999999999992,0,8.7085503830718462e-05,-2.4368120942605344e-05,-0.00053390446512419163
4317,-0.0080000000000000002,0.0029999999999999992,0,8.9193205447419884e-05,-2.8695658215349438e-05,-0.00068035924233426318
4318,-0.0069999999999999993,0.0029999999999999992,0,8.995285438482234e-05,-3.3544059781529535e-05,-0.00084115657379505977
4319,-0.0060000000000000001,0.0029999999999999992,0,8.920559434085924e-05,-3.9206461204359531e-05,-0.001016112949679098
4320,-0.005000000000000001,0.0029999999999999992,0,8.7204206983119054e-05,-4.6394307130698048e-05,-0.0012052603761119028
4321,-0.0040000000000000001,0.0029999999999999992,0,8.3675610852080142e-05,-5.5587518972642416e-05,-0.0014073214178927625
4322,-0.0029999999999999992,0.0029999999999999992,0,7.7020265778479741e-05,-6.6778366445843535e-05,-0.0016181059322257156
4323,-0.0019999999999999983,0.0029999999999999992,0,6.660504155704172e-05,-7.805105734336278e-05,-0.0018250331771337927
4324,-0.0010000000000000009,0.0029999999999999992,0,5.3334237636244925e-05,-8.5199621026305476e-05,-0.0020151731028902938
4325,0,0.0029999999999999992,0,4.1341923165938295e-05,-8.9091284316389094e-05,-0.0021447452347348223
4326,0.0010000000000000009,0.0029999999999999992,0,3.7351150329812978e-05,-9.1902182091350884e-05,-0.0022003654751463603
4327,0.0019999999999999983,0.0029999999999999992,0,3.6493804644924974e-05,-9.1621553088055697e-05,-0.0021827294910639048
4328,0.0029999999999999992,0.0029999999999999992,0,2.5618224887036484e-05,-8.9258290384056026e-05,-0.0021078173256831889
4329,0.0040000000000000001,0.0029999999999999992,0,3.0622237123700519e-06,-8.2704690636680386e-05,-0.0019626357289913676
4330,0.005000000000000001,0.0029999999999999992,0,-2.4618625648432117e-05,-7.5482668518733894e-05,-0.0017595265673674798
4331,0.0060000000000000019,0.0029999999999999992,0,-5.0743052341988225e-05,-6.4497508594697555e-05,-0.0015182093148206595
4332,0.0069999999999999993,0.0029999999999999992,0,-7.0948582995368939e-05,-5.4078951940678343e-05,-0.0012680164620137155
4333,0.0080000000000000002,0.0029999999999999992,0,-8.4231112831457895e-05,-4.4784457405934753e-05,-0.001027401323084276
4334,0.0090000000000000011,0.0029999999999999992,0,-9.2286753423992537e-05,-3.6864009477492424e-05,-0.00080489289897907096
4335,0.0099999999999999985,0.0029999999999999992,0,-9.5723310140374948e-05,-2.9703853966202077e-05,-0.00060351661590516542
4336,0.010999999999999999,0.0029999999999999992,0,-9.5342062938089036e-05,-2.2977501746495755e-05,-0.00042356842416923823
4337,0.012,0.0029999999999999992,0,-9.0122514278507301e-05,-1.6401580966430831e-05,-0.0002661726238274661
4338,0.013000000000000001,0.0029999999999999992,0,-7.8234500144112808e-05,-1.0727454922599429e-05,-0.0001321088414601633
4339,0.014000000000000002,0.0029999999999999992,0,-3.6240941945187518e-05,-4.3119960237181154e-06,-4.9799461208949553e-05
4340,0.015000000000000003,0.0029999999999999992,0,0,0,0
4341,0.016000000000000004,0.0029999999999999992,0,0,0,0
4342,0.016999999999999998,0.0029999999999999992,0,0,0,0
4343,0.017999999999999999,0.0029999999999999992,0,0,0,0
4344,0.019,0.0029999999999999992,0,0,0,0
4345,0.02,0.0029999999999999992,0,0,0,0
4346,-0.02,0.0040000000000000001,0,0,0,0
4347,-0.019,0.0040000000000000001,0,0,0,0
4348,-0.018000000000000002,0.0040000000000000001,0,0,0,0
4349,-0.017000000000000001,0.0040000000000000001,0,0,0,0
4350,-0.016,0.0040000000000000001,0,0,0,0
4351,-0.014999999999999999,0.0040000000000000001,0,0,0,0
4352,-0.014,0.0040000000000000001,0,2.4664020723457435e-05,-3.5804423290682782e-06,-3.3199745411050286e-05
4353,-0.013000000000000001,0.0040000000000000001,0,5.4844004317306514e-05,-9.0737544667654917e-06,-8.1446472813125748e-05
4354,-0.012,0.0040000000000000001,0,6.6012743369951455e-05,-1.4036039372751356e-05,-0.00016377114870616224
4355,-0.010999999999999999,0.0040000000000000001,0,7.3398798104918069e-05,-1.9754743534692821e-05,-0.00026024759639127904
4356,-0.01,0.0040000000000000001,0,7.8175013188072151e-05,-2.5245636146491844e-05,-0.00037003606422098158
4357,-0.0090000000000000011,0.0040000000000000001,0,8.1525682977797503e-05,-3.0636425248949053e-05,-0.00049181001247728252
4358,-0.0080000000000000002,0.0040000000000000001,0,8.3219599616100903e-05,-3.6053613614721312e-05,-0.00062563282124405268
4359,-0.0069999999999999993,0.0040000000000000001,0,8.3474334340066748e-05,-4.1971911574272415e-05,-0.00077073538533878761
4360,-0.0060000000000000001,0.0040000000000000001,0,8.2021588505356351e-05,-4.8550935792952894e-05,-0.00092582910377638958
4361,-0.005000000000000001,0.0040000000000000001,0,7.8748319330264162e-05,-5.6177200991494865e-05,-0.0010888136519207859
4362,-0.0040000000000000001,0.0040000000000000001,0,7.3803419272119178e-05,-6.5127059645863012e-05,-0.0012563388949141515
4363,-0.0029999999999999992,0.0040000000000000001,0,6.6422361247520174e-05,-7.5253606720852465e-05,-0.0014225326501801482
4364,-0.0019999999999999983,0.0040000000000000001,0,5.6216562454460501e-05,-8.5204285166470413e-05,-0.0015760636489213771
4365,-0.0010000000000000009,0.0040000000000000001,0,4.5446722701882542e-05,-9.3120920584005513e-05,-0.0017070979314330831
4366,0,0.0040000000000000001,0,3.450861020347203e-05,-9.9591003672566363e-05,-0.0017964990791133309
4367,0.0010000000000000009,0.0040000000000000001,0,2.6086501906985236e-05,-0.00010334579290176815,-0.0018360798044206902
4368,0.0019999999999999983,0.0040000000000000001,0,1.7564793384714862e-05,-0.00010473771616980626,-0.0018222319937886814
4369,0.0029999999999999992,0.0040000000000000001,0,4.4317507017886583e-06,-0.0001011215353286287,-0.0017598749756509453
4370,0.0040000000000000001,0.0040000000000000001,0,-1.3872668294221213e-05,-9.3346474607432101e-05,-0.0016469488307155348
4371,0.005000000000000001,0.0040000000000000001,0,-3.4388545992022783e-05,-8.3508841021113375e-05,-0.0014918767875781208
4372,0.0060000000000000019,0.0040000000000000001,0,-5.3489124665594609e-05,-7.3536437376220333e-05,-0.0013073793553649348
4373,0.0069999999999999993,0.0040000000000000001,0,-6.8614431734888512e-05,-6.3020102381651337e-05,-0.0011090155971499986
4374,0.0080000000000000002,0.0040000000000000001,0,-7.9351129089010036e-05,-5.3171014140379714e-05,-0.00091000522990473942
4375,0.0090000000000000011,0.0040000000000000001,0,-8.6141130451165604e-05,-4.4362862047331433e-05,-0.00071936277511847925
4376,0.0099999999999999985,0.0040000000000000001,0,-8.8973519237703943e-05,-3.6095740610288645e-05,-0.00054222963908349942
4377,0.010999999999999999,0.0040000000000000001,0,-8.817271905717392e-05,-2.8023008171429004e-05,-0.00038110216573509489
4378,0.012,0.0040000000000000001,0,-8.2451409070116513e-05,-1.9883838677970482e-05,-0.00023895878944582362
4379,0.013000000000000001,0.0040000000000000001,0,-7.0386667463654293e-05,-1.2775369086310794e-05,-0.00011795154690415136
4380,0.014000000000000002,0.0040000000000000001,0,-3.2467118278094295e-05,-5.1034147078744542e-06,-4.4232348424218452e-05
4381,0.015000000000000003,0.0040000000000000001,0,0,0,0
4382,0.016000000000000004,0.0040000000000000001,0,0,0,0
4383,0.016999999999999998,0.0040000000000000001,0,0,0,0
4384,0.017999999999999999,0.0040000000000000001,0,0,0,0
4385,0.019,0.0040000000000000001,0,0,0,0
4386,0.02,0.0040000000000000001,0,0,0,0
4387,-0.02,0.005000000000000001,0,0,0,0
4388,-0.019,0.005000000000000001,0,0,0,0
4389,-0.018000000000000002,0.005000000000000001,0,0,0,0
4390,-0.017000000000000001,0.005000000000000001,0,0,0,0
4391,-0.016,0.005000000000000001,0,0,0,0
4392,-0.014999999999999999,0.005000000000000001,0,0,0,0
4393,-0.014,0.005000000000000001,0,2.174571991695715e-05,-3.9790996879207875e-06,-2.8964659117419338e-05
4394,-0.013000000000000001,0.005000000000000001,0,4.8607035774536705e-05,-1.0188203638391705e-05,-7.1700822814874443e-05
4395,-0.012,0.005000000000000001,0,5.9677272601220553e-05,-1.61074846038521e-05,-0.00014540291899863431
4396,-0.010999999999999999,0.005000000000000001,0,6.7209116991837645e-05,-2.2906365768989736e-05,-0.00023255186419283942
4397,-0.01,0.005000000000000001,0,7.1916291466568051e-05,-2.9340560937505782e-05,-0.00033198491305601769
4398,-0.0090000000000000011,0.005000000000000001,0,7.4993363773093007e-05,-3.5623015193705412e-05,-0.00044176929571604795
4399,-0.0080000000000000002,0.005000000000000001,0,7.6377432069795311e-05,-4.1920778804994207e-05,-0.00056132171380533736
4400,-0.0069999999999999993,0.005000000000000001,0,7.6261610966132877e-05,-4.8618641733978045e-05,-0.00068928614503841205
4401,-0.0060000000000000001,0.005000000000000001,0,7.4387947807574875e-05,-5.5759167606603434e-05,-0.00082377118200898313
4402,-0.005000000000000001,0.005000000000000001,0,7.0494310974663927e-05,-6.3430327674696019e-05,-0.00096165944144168021
4403,-0.0040000000000000001,0.005000000000000001,0,6.4807041704140688e-05,-7.1705423600322766e-05,-0.0010988221293312523
4404,-0.0029999999999999992,0.005000000000000001,0,5.7120229283277994e-05,-8.0470995188249592e-05,-0.0012296294803578758
4405,-0.0019999999999999983,0.005000000000000001,0,4.7341716102881996e-05,-8.8870498125077639e-05,-0.0013454119515976866
4406,-0.0010000000000000009,0.005000000000000001,0,3.6635403066374437e-05,-9.5672196104904764e-05,-0.0014385932961868493
4407,0,0.005000000000000001,0,2.5692470038984156e-05,-0.00010107868177627434,-0.0015003095381982206
4408,0.0010000000000000009,0.005000000000000001,0,1.5048162379814859e-05,-0.0001044946384001978,-0.0015257896711414578
4409,0.0019999999999999983,0.005000000000000001,0,3.9026757256715496e-06,-0.00010518560278298904,-0.001512350870042646
4410,0.0029999999999999992,0.005000000000000001,0,-9.2311229761619399e-06,-0.00010155553449326883,-0.0014605963567977996
4411,0.0040000000000000001,0.005000000000000001,0,-2.3890957318901523e-05,-9.4907355016963016e-05,-0.0013716332749163372
4412,0.005000000000000001,0.005000000000000001,0,-3.8980219836918786e-05,-8.6456506480467633e-05,-0.001251428302365016
4413,0.0060000000000000019,0.005000000000000001,0,-5.2945958879825241e-05,-7.7201538234556745e-05,-0.0011076985096367137
4414,0.0069999999999999993,0.005000000000000001,0,-6.472443441363477e-05,-6.765625394494243e-05,-0.00094969224402387362
4415,0.0080000000000000002,0.005000000000000001,0,-7.3375723918729007e-05,-5.8247363257903981e-05,-0.00078669871249726557
4416,0.0090000000000000011,0.005000000000000001,0,-7.8913166275296776e-05,-4.9250452404868028e-05,-0.00062622699714033365
4417,0.0099999999999999985,0.005000000000000001,0,-8.1012284644257373e-05,-4.0338020936390309e-05,-0.00047379092760720321
4418,0.010999999999999999,0.005000000000000001,0,-7.9646262232476283e-05,-3.136019786032159e-05,-0.00033300152263971778
4419,0.012,0.005000000000000001,0,-7.341940809666323e-05,-2.2081664725751331e-05,-0.00020804672549407994
4420,0.013000000000000001,0.005000000000000001,0,-6.1387695174644006e-05,-1.3916238551896265e-05,-0.00010203114346496426
4421,0.014000000000000002,0.005000000000000001,0,-2.8180125647040096e-05,-5.4999630377761476e-06,-3.797695107671315e-05
4422,0.015000000000000003,0.005000000000000001,0,0,0,0
4423,0.016000000000000004,0.005000000000000001,0,0,0,0
4424,0.016999999999999998,0.005000000000000001,0,0,0,0
4425,0.017999999999999999,0.005000000000000001,0,0,0,0
4426,0.019,0.005000000000000001,0,0,0,0
4427,0.02,0.005000000000000001,0,0,0,0
4428,-0.02,0.0060000000000000019,0,0,0,0
4429,-0.019,0.0060000000000000019,0,0,0,0
4430,-0.018000000000000002,0.0060000000000000019,0,0,0,0
4431,-0.017000000000000001,0.0060000000000000019,0,0,0,0
4432,-0.016,0.0060000000000000019,0,0,0,0
4433,-0.014999999999999999,0.0060000000000000019,0,0,0,0
4434,-0.014,0.0060000000000000019,0,1.8528111686982548e-05,-4.1131516322446042e-06,-2.4354154579475879e-05
4435,-0.013000000000000001,0.0060000000000000019,0,4.1718152228817242e-05,-1.0715565518913699e-05,-6.1011220845054425e-05
4436,-0.012,0.0060000000000000019,0,5.2507328040706202e-05,-1.7379339562468537e-05,-0.00012498171475895016
4437,-0.010999999999999999,0.0060000000000000019,0,6.0097262292574925e-05,-2.4997069841359575e-05,-0.00020158906513409957
4438,-0.01,0.0060000000000000019,0,6.4799322229717275e-05,-3.2206068870595739e-05,-0.00028944623692778279
4439,-0.0090000000000000011,0.0060000000000000019,0,6.7742637257105757e-05,-3.9236126671835871e-05,-0.00038618596382404026
4440,-0.0080000000000000002,0.0060000000000000019,0,6.8956926806394171e-05,-4.6229158631180004e-05,-0.00049068536940558537
4441,-0.0069999999999999993,0.0060000000000000019,0,6.8640438459664945e-05,-5.3483016868910683e-05,-0.00060118797752602713
4442,-0.0060000000000000001,0.0060000000000000019,0,6.6614390526742031e-05,-6.0982479794902064e-05,-0.00071556875763919257
4443,-0.005000000000000001,0.0060000000000000019,0,6.2651778270747131e-05,-6.8678479376164465e-05,-0.00083059333723450282
4444,-0.0040000000000000001,0.0060000000000000019,0,5.6832865850826503e-05,-7.6443001407283158e-05,-0.00094210887587380771
4445,-0.0029999999999999992,0.0060000000000000019,0,4.923897260076851e-05,-8.4046799968107749e-05,-0.0010451947466448496
4446,-0.0019999999999999983,0.0060000000000000019,0,3.996454809846051e-05,-9.0938564722376557e-05,-0.0011337387837260301
4447,-0.0010000000000000009,0.0060000000000000019,0,2.9732742757632478e-05,-9.65623712795475e-05,-0.0012023190200009168
4448,0,0.0060000000000000019,0,1.8989086207631034e-05,-0.00010063667894110954,-0.0012460470000296988
4449,0.0010000000000000009,0.0060000000000000019,0,8.0915401743784626e-06,-0.00010291976182895003,-0.0012617449515202042
4450,0.0019999999999999983,0.0060000000000000019,0,-3.3199211831943145e-06,-0.00010284449896852262,-0.0012480619441741212
4451,0.0029999999999999992,0.0060000000000000019,0,-1.5324357612772461e-05,-9.9839855802076466e-05,-0.0012049247829034057
4452,0.0040000000000000001,0.0060000000000000019,0,-2.7694047244472155e-05,-9.454873888365797e-05,-0.0011340773102459806
4453,0.005000000000000001,0.0060000000000000019,0,-3.9696713985894476e-05,-8.7336989617293296e-05,-0.001039062688815614
4454,0.0060000000000000019,0.0060000000000000019,0,-5.0688130645168694e-05,-7.8932569462253824e-05,-0.00092496187684508609
4455,0.0069999999999999993,0.0060000000000000019,0,-5.982150973403359e-05,-7.0043707276983339e-05,-0.00079805572336267107
4456,0.0080000000000000002,0.0060000000000000019,0,-6.6672205938456339e-05,-6.0980178349673519e-05,-0.00066492710366467184
4457,0.0090000000000000011,0.0060000000000000019,0,-7.0946733455055284e-05,-5.1901099414898151e-05,-0.00053139231256585557
4458,0.0099999999999999985,0.0060000000000000019,0,-7.2192724797595032e-05,-4.260990764680749e-05,-0.00040256846591792231
4459,0.010999999999999999,0.0060000000000000019,0,-7.0176564812840975e-05,-3.3047495648026993e-05,-0.00028232584141134809
4460,0.012,0.0060000000000000019,0,-6.3543985384210004e-05,-2.3061990659044914e-05,-0.00017540262442424138
4461,0.013000000000000001,0.0060000000000000019,0,-5.1815905891585152e-05,-1.4217631803336307e-05,-8.5355211031127386e-05
4462,0.014000000000000002,0.0060000000000000019,0,-2.3636292097558687e-05,-5.5278225175993259e-06,-3.1443131709508897e-05
4463,0.015000000000000003,0.0060000000000000019,0,0,0,0
4464,0.016000000000000004,0.0060000000000000019,0,0,0,0
4465,0.016999999999999998,0.0060000000000000019,0,0,0,0
4466,0.017999999999999999,0.0060000000000000019,0,0,0,0
4467,0.019,0.0060000000000000019,0,0,0,0
4468,0.02,0.0060000000000000019,0,0,0,0
4469,-0.02,0.0069999999999999993,0,0,0,0
4470,-0.019,0.0069999999999999993,0,0,0,0
4471,-0.018000000000000002,0.0069999999999999993,0,0,0,0
4472,-0.017000000000000001,0.0069999999999999993,0,0,0,0
4473,-0.016,0.0069999999999999993,0,0,0,0
4474,-0.014999999999999999,0.0069999999999999993,0,0,0,0
4475,-0.014,0.0069999999999999993,0,1.5174025445013324e-05,-3.9902535008908136e-06,-1.9635206834061967e-05
4476,-0.013000000000000001,0.0069999999999999993,0,3.4521403999204665e-05,-1.0652318057224156e-05,-4.9923895166074827e-05
4477,-0.012,0.0069999999999999993,0,4.4785889610033682e-05,-1.7795692467657547e-05,-0.00010349540632685612
4478,-0.010999999999999999,0.0069999999999999993,0,5.2298452615660263e-05,-2.5958876088336626e-05,-0.00016877751785450258
4479,-0.01,0.0069999999999999993,0,5.7031820361072669e-05,-3.3786164739331665e-05,-0.00024428863542336519
4480,-0.0090000000000000011,0.0069999999999999993,0,5.996642790619625e-05,-4.1435551135373022e-05,-0.00032744458785703917
4481,-0.0080000000000000002,0.0069999999999999993,0,6.116779639689703e-05,-4.8976841960683553e-05,-0.0004167511546631436
4482,-0.0069999999999999993,0.0069999999999999993,0,6.0845540143694581e-05,-5.6636284891607915e-05,-0.00051023630286253134
4483,-0.0060000000000000001,0.0069999999999999993,0,5.8885713827082089e-05,-6.4345859203632173e-05,-0.00060571227235297438
4484,-0.005000000000000001,0.0069999999999999993,0,5.5174067844109796e-05,-7.2019282567541227e-05,-0.00070024666466938319
4485,-0.0040000000000000001,0.0069999999999999993,0,4.9701673796902859e-05,-7.9459187096008011e-05,-0.00079021608009297441
4486,-0.0029999999999999992,0.0069999999999999993,0,4.2592938208920806e-05,-8.6435927793862742e-05,-0.00087158622871760501
4487,-0.0019999999999999983,0.0069999999999999993,0,3.402644469908052e-05,-9.2537833791060811e-05,-0.00094002525609530603
4488,-0.0010000000000000009,0.0069999999999999993,0,2.4402635371162212e-05,-9.7333272216047553e-05,-0.0009915605531591752
4489,0,0.0069999999999999993,0,1.4152511191433409e-05,-0.0001004637945895669,-0.0010231397164547037
4490,0.0010000000000000009,0.0069999999999999993,0,3.6059148596543667e-06,-0.00010170388574624123,-0.0010326744713192468
4491,0.0019999999999999983,0.0069999999999999993,0,-7.0632902118057739e-06,-0.0001009795211976994,-0.0010193452718606794
4492,0.0029999999999999992,0.0069999999999999993,0,-1.7840575519330179e-05,-9.816934287284855e-05,-0.00098332780706702214
4493,0.0040000000000000001,0.0069999999999999993,0,-2.8351767341938796e-05,-9.3356706861559349e-05,-0.0009260416871501334
4494,0.005000000000000001,0.0069999999999999993,0,-3.8246739646183893e-05,-8.6803625849207557e-05,-0.00084998175972722393
4495,0.0060000000000000019,0.0069999999999999993,0,-4.6989678097194166e-05,-7.9054620754723495e-05,-0.00075872706002242133
4496,0.0069999999999999993,0.0069999999999999993,0,-5.41853592116373e-05,-7.0658279677490978e-05,-0.00065667861106225955
4497,0.0080000000000000002,0.0069999999999999993,0,-5.9443748645144873e-05,-6.1847589182525162e-05,-0.00054852540270674578
4498,0.0090000000000000011,0.0069999999999999993,0,-6.250596983802365e-05,-5.2732930853157341e-05,-0.00043879789516520438
4499,0.0099999999999999985,0.0069999999999999993,0,-6.2851735311265962e-05,-4.3180228830555521e-05,-0.00033188557316384904
4500,0.010999999999999999,0.0069999999999999993,0,-6.0175746563311496e-05,-3.3254671755300742e-05,-0.00023159336071222822
4501,0.012,0.0069999999999999993,0,-5.3319914624555145e-05,-2.2938360630679002e-05,-0.00014270366015187145
4502,0.013000000000000001,0.0069999999999999993,0,-4.2185378782851266e-05,-1.3774971426295807e-05,-6.8778512612960635e-05
4503,0.014000000000000002,0.0069999999999999993,0,-1.9067309254432483e-05,-5.2325164110411334e-06,-2.498476208753593e-05
4504,0.015000000000000003,0.0069999999999999993,0,0,0,0
4505,0.016000000000000004,0.0069999999999999993,0,0,0,0
4506,0.016999999999999998,0.0069999999999999993,0,0,0,0
4507,0.017999999999999999,0.0069999999999999993,0,0,0,0
4508,0.019,0.0069999999999999993,0,0,0,0
4509,0.02,0.0069999999999999993,0,0,0,0
4510,-0.02,0.0080000000000000002,0,0,0,0
4511,-0.019,0.0080000000000000002,0,0,0,0
4512,-0.018000000000000002,0.0080000000000000002,0,0,0,0
4513,-0.017000000000000001,0.0080000000000000002,0,0,0,0
4514,-0.016,0.0080000000000000002,0,0,0,0
4515,-0.014999999999999999,0.0080000000000000002,0,0,0,0
4516,-0.014,0.0080000000000000002,0,1.184620900734686e-05,-3.6497751733498075e-06,-1.506133434731996e-05
4517,-0.013000000000000001,0.0080000000000000002,0,2.7342204636861543e-05,-1.0014211921687524e-05,-3.8996717949329684e-05
4518,-0.012,0.0080000000000000002,0,3.6791843415357629e-05,-1.7327232228185787e-05,-8.1980080351073639e-05
4519,-0.010999999999999999,0.0080000000000000002,0,4.4054363128916316e-05,-2.5763353284610642e-05,-0.00013557187689442729
4520,-0.01,0.0080000000000000002,0,4.8803631271935462e-05,-3.4041252434531267e-05,-0.00019837169470247095
4521,-0.0090000000000000011,0.0080000000000000002,0,5.1804247689879519e-05,-4.2183437894383988e-05,-0.00026780789473649573
4522,-0.0080000000000000002,0.0080000000000000002,0,5.3118081617877708e-05,-5.0158878703509406e-05,-0.0003422012981991
4523,-0.0069999999999999993,0.0080000000000000002,0,5.2947939451636228e-05,-5.8120792966314057e-05,-0.00041953262950343784
4524,-0.0060000000000000001,0.0080000000000000002,0,5.1238839278376905e-05,-6.5967815332880109e-05,-0.00049768065367105426
4525,-0.005000000000000001,0.0080000000000000002,0,4.7940871122938526e-05,-7.3592980036073382e-05,-0.00057407418006906669
4526,-0.0040000000000000001,0.0080000000000000002,0,4.3032325206524759e-05,-8.0772581855336351e-05,-0.00064574704224282015
4527,-0.0029999999999999992,0.0080000000000000002,0,3.666491289901158e-05,-8.732720540131736e-05,-0.00070953594962501541
4528,-0.0019999999999999983,0.0080000000000000002,0,2.8959278760596476e-05,-9.2898185622155197e-05,-0.00076232350228163076
4529,-0.0010000000000000009,0.0080000000000000002,0,2.0204856290022079e-05,-9.7105274078211189e-05,-0.00080129139615563356
4530,0,0.0080000000000000002,0,1.0747695391908558e-05,-9.9647150056794223e-05,-0.00082426376051203095
4531,0.0010000000000000009,0.0080000000000000002,0,9.89830977116062e-07,-0.00010032939482120461,-0.00082993185516494494
4532,0.0019999999999999983,0.0080000000000000002,0,-8.7561600199460842e-06,-9.9172589074946407e-05,-0.00081773190980146922
4533,0.0029999999999999992,0.0080000000000000002,0,-1.8228350016739221e-05,-9.6244042680816247e-05,-0.00078794475961501092
4534,0.0040000000000000001,0.0080000000000000002,0,-2.719404273472479e-05,-9.1597575457157441e-05,-0.00074170757625128235
4535,0.005000000000000001,0.0080000000000000002,0,-3.5315936680799903e-05,-8.5442192733807957e-05,-0.0006809531207060763
4536,0.0060000000000000019,0.0080000000000000002,0,-4.2333434220186611e-05,-7.8145731842280304e-05,-0.00060826586677952086
4537,0.0069999999999999993,0.0080000000000000002,0,-4.7943304809419592e-05,-7.0024308787062833e-05,-0.00052670565719057164
4538,0.0080000000000000002,0.0080000000000000002,0,-5.1850285329206341e-05,-6.1263241815776658e-05,-0.00043973926096236362
4539,0.0090000000000000011,0.0080000000000000002,0,-5.3770595418250981e-05,-5.2017791529354959e-05,-0.00035096101398287009
4540,0.0099999999999999985,0.0080000000000000002,0,-5.3245283324634542e-05,-4.2265817736394511e-05,-0.00026412840035611813
4541,0.010999999999999999,0.0080000000000000002,0,-5.0002108868469632e-05,-3.2155357654187204e-05,-0.0001827751751428726
4542,0.012,0.0080000000000000002,0,-4.3155246832716629e-05,-2.1820617416134421e-05,-0.00011132562522294111
4543,0.013000000000000001,0.0080000000000000002,0,-3.2920561397585012e-05,-1.2686368296228621e-05,-5.3012788285957898e-05
4544,0.014000000000000002,0.0080000000000000002,0,-1.4673649848834144e-05,-4.689074852337078e-06,-1.8897537863530958e-05
4545,0.015000000000000003,0.0080000000000000002,0,0,0,0
4546,0.016000000000000004,0.0080000000000000002,0,0,0,0
4547,0.016999999999999998,0.0080000000000000002,0,0,0,0
4548,0.017999999999999999,0.0080000000000000002,0,0,0,0
4549,0.019,0.0080000000000000002,0,0,0,0
4550,0.02,0.0080000000000000002,0,0,0,0
4551,-0.02,0.0090000000000000011,0,0,0,0
4552,-0.019,0.0090000000000000011,0,0,0,0
4553,-0.018000000000000002,0.0090000000000000011,0,0,0,0
4554,-0.017000000000000001,0.0090000000000000011,0,0,0,0
4555,-0.016,0.0090000000000000011,0,0,0,0
4556,-0.014999999999999999,0.0090000000000000011,0,0,0,0
4557,-0.014,0.0090000000000000011,0,8.7070484094112247e-06,-3.169913133503523e-06,-1.0842897869972986e-05
4558,-0.013000000000000001,0.0090000000000000011,0,2.0463124123513368e-05,-8.8521621188737057e-06,-2.8773772374950256e-05
4559,-0.012,0.0090000000000000011,0,2.8780251636317363e-05,-1.5983109412706125e-05,-6.1473207180184859e-05
4560,-0.010999999999999999,0.0090000000000000011,0,3.5585477179445506e-05,-2.4408802791451768e-05,-0.0001034189413446071
4561,-0.01,0.0090000000000000011,0,4.0290725144807179e-05,-3.2942650002200905e-05,-0.00015349698204716262
4562,-0.0090000000000000011,0.0090000000000000011,0,4.3393728484824279e-05,-4.1448588427626361e-05,-0.00020936486208800021
4563,-0.0080000000000000002,0.0090000000000000011,0,4.4917664176453578e-05,-4.9772961692886821e-05,-0.00026934432796900582
4564,-0.0069999999999999993,0.0090000000000000011,0,4.5026830674293645e-05,-5.7983376191928164e-05,-0.00033151248526426395
4565,-0.0060000000000000001,0.0090000000000000011,0,4.3704526931525018e-05,-6.5950694204166134e-05,-0.00039391710161411049
4566,-0.005000000000000001,0.0090000000000000011,0,4.0937798873256729e-05,-7.3538926779877301e-05,-0.00045436240952140391
4567,-0.0040000000000000001,0.0090000000000000011,0,3.6715027338762198e-05,-8.0531113499767248e-05,-0.00051046357248734351
4568,-0.0029999999999999992,0.0090000000000000011,0,3.115874916562384e-05,-8.6730672685406541e-05,-0.00055978795041756698
4569,-0.0019999999999999983,0.0090000000000000011,0,2.440314217085062e-05,-9.186416504809318e-05,-0.00060003892132323418
4570,-0.0010000000000000009,0.0090000000000000011,0,1.6650694359886701e-05,-9.5601554559571748e-05,-0.00062926439757988225
4571,0,0.0090000000000000011,0,8.2387664664275322e-06,-9.773567099448812e-05,-0.00064594991905065095
4572,0.0010000000000000009,0.0090000000000000011,0,-4.553052463342449e-07,-9.8143202172565458e-05,-0.00064913146153866281
4573,0.0019999999999999983,0.0090000000000000011,0,-9.0621050148214735e-06,-9.6812675564018444e-05,-0.00063850880478104766
4574,0.0029999999999999992,0.0090000000000000011,0,-1.7273717215696988e-05,-9.3815600561369958e-05,-0.00061435910153396242
4575,0.0040000000000000001,0.0090000000000000011,0,-2.481409910910912e-05,-8.9276587770712192e-05,-0.00057758012432366113
4576,0.005000000000000001,0.0090000000000000011,0,-3.1472463022932224e-05,-8.3329383099065818e-05,-0.00052963301911145867
4577,0.0060000000000000019,0.0090000000000000011,0,-3.7035124494294533e-05,-7.6178423579603929e-05,-0.0004724054048173389
4578,0.0069999999999999993,0.0090000000000000011,0,-4.1295731338557561e-05,-6.808564069043805e-05,-0.00040816186190620541
4579,0.0080000000000000002,0.0090000000000000011,0,-4.3985662677793166e-05,-5.9246583691358778e-05,-0.00033954323898498988
4580,0.0090000000000000011,0.0090000000000000011,0,-4.4870974776468482e-05,-4.9865892435512579e-05,-0.00026944340280231349
4581,0.0099999999999999985,0.0090000000000000011,0,-4.3581612848691311e-05,-3.9991342279403873e-05,-0.00020103455912239845
4582,0.010999999999999999,0.0090000000000000011,0,-3.9943941172125607e-05,-2.987644608687382e-05,-0.00013742028754713662
4583,0.012,0.0090000000000000011,0,-3.3354905430320725e-05,-1.9790977842789496e-05,-8.242841234358761e-05
4584,0.013000000000000001,0.0090000000000000011,0,-2.4336907161813112e-05,-1.104686245334026e-05,-3.8652273490357635e-05
4585,0.014000000000000002,0.0090000000000000011,0,-1.0647849271942168e-05,-3.9866381239134882e-06,-1.3431686997223777e-05
4586,0.015000000000000003,0.0090000000000000011,0,0,0,0
4587,0.016000000000000004,0.0090000000000000011,0,0,0,0
4588,0.016999999999999998,0.0090000000000000011,0,0,0,0
4589,0.017999999999999999,0.0090000000000000011,0,0,0,0
4590,0.019,0.0090000000000000011,0,0,0,0
4591,0.02,0.0090000000000000011,0,0,0,0
4592,-0.02,0.0099999999999999985,0,0,0,0
4593,-0.019,0.0099999999999999985,0,0,0,0
4594,-0.018000000000000002,0.0099999999999999985,0,0,0,0
4595,-0.017000000000000001,0.0099999999999999985,0,0,0,0
4596,-0.016,0.0099999999999999985,0,0,0,0
4597,-0.014999999999999999,0.0099999999999999985,0,0,0,0
4598,-0.014,0.0099999999999999985,0,5.8901023513959764e-06,-2.6056235316483423e-06,-7.1172123453201772e-06
4599,-0.013000000000000001,0.0099999999999999985,0,1.4162055535925367e-05,-7.2930688669070512e-06,-1.9735221944632455e-05
4600,-0.012,0.0099999999999999985,0,2.1006652933919231e-05,-1.3803803518698384e-05,-4.2987606945929571e-05
4601,-0.010999999999999999,0.0099999999999999985,0,2.7053960805469375e-05,-2.1859881240098772e-05,-7.378106393862122e-05
4602,-0.01,0.0099999999999999985,0,3.1547336923573386e-05,-3.0369057915406703e-05,-0.00011149942887834238
4603,-0.0090000000000000011,0.0099999999999999985,0,3.4684751378572102e-05,-3.9026156952900602e-05,-0.00015422701053085012
4604,-0.0080000000000000002,0.0099999999999999985,0,3.6432023483525027e-05,-4.7565981140814782e-05,-0.00020044968906590872
4605,-0.0069999999999999993,0.0099999999999999985,0,3.6877579785561351e-05,-5.5951043024672048e-05,-0.00024846905809731008
4606,-0.0060000000000000001,0.0099999999999999985,0,3.6009964115104565e-05,-6.4014268910810747e-05,-0.0002965782274381133
4607,-0.005000000000000001,0.0099999999999999985,0,3.3823878984460709e-05,-7.1564958874791425e-05,-0.00034295691921223096
4608,-0.0040000000000000001,0.0099999999999999985,0,3.0327681035650742e-05,-7.8388044384143126e-05,-0.00038570873127443951
4609,-0.0029999999999999992,0.0099999999999999985,0,2.560292679484125e-05,-8.4239947433384124e-05,-0.00042296353088703274
4610,-0.0019999999999999983,0.0099999999999999985,0,1.9861669415910248e-05,-8.8939610909101135e-05,-0.00045304672328508127
4611,-0.0010000000000000009,0.0099999999999999985,0,1.3318112628351527e-05,-9.2278445213994469e-05,-0.00047454579287258003
4612,0,0.0099999999999999985,0,6.228729617077553e-06,-9.4112771217654215e-05,-0.00048643121398803807
4613,0.0010000000000000009,0.0099999999999999985,0,-1.0882038552354463e-06,-9.4394676704325975e-05,-0.00048805915141403316
4614,0.0019999999999999983,0.0099999999999999985,0,-8.3290556324315341e-06,-9.305163858767055e-05,-0.00047920901020384734
4615,0.0029999999999999992,0.0099999999999999985,0,-1.5201514750977083e-05,-9.0097417773492207e-05,-0.00046012484701110027
4616,0.0040000000000000001,0.0099999999999999985,0,-2.1436151180419081e-05,-8.5626759958464644e-05,-0.00043150522272390149
4617,0.005000000000000001,0.0099999999999999985,0,-2.6790264660021084e-05,-7.9758271975066808e-05,-0.00039447306083448573
4618,0.0060000000000000019,0.0099999999999999985,0,-3.1080571936150228e-05,-7.2626636787973404e-05,-0.0003504974255774677
4619,0.0069999999999999993,0.0099999999999999985,0,-3.4131933956544747e-05,-6.4471340731147466e-05,-0.00030129930888887969
4620,0.0080000000000000002,0.0099999999999999985,0,-3.5750153266472791e-05,-5.5557357510734467e-05,-0.00024892028118820474
4621,0.0090000000000000011,0.0099999999999999985,0,-3.5752520623015936e-05,-4.6119876384666535e-05,-0.00019567892717733352
4622,0.0099999999999999985,0.0099999999999999985,0,-3.3906234349885536e-05,-3.6288017417924784e-05,-0.0001441607882556192
4623,0.010999999999999999,0.0099999999999999985,0,-3.0125243582755769e-05,-2.6407382161015086e-05,-9.6921429583153381e-05
4624,0.012,0.0099999999999999985,0,-2.4134047811368494e-05,-1.6905359722348803e-05,-5.7019269780272521e-05
4625,0.013000000000000001,0.0099999999999999985,0,-1.668641695124848e-05,-8.9920084759947047e-06,-2.621104962530576e-05
4626,0.014000000000000002,0.0099999999999999985,0,-7.1300064605673144e-06,-3.1985681300907617e-06,-8.7789805788020722e-06
4627,0.015000000000000003,0.0099999999999999985,0,0,0,0
4628,0.016000000000000004,0.0099999999999999985,0,0,0,0
4629,0.016999999999999998,0.0099999999999999985,0,0,0,0
4630,0.017999999999999999,0.0099999999999999985,0,0,0,0
4631,0.019,0.0099999999999999985,0,0,0,0
4632,0.02,0.0099999999999999985,0,0,0,0
4633,-0.02,0.010999999999999999,0,0,0,0
4634,-0.019,0.010999999999999999,0,0,0,0
4635,-0.018000000000000002,0.010999999999999999,0,0,0,0
4636,-0.017000000000000001,0.010999999999999999,0,0,0,0
4637,-0.016,0.010999999999999999,0,0,0,0
4638,-0.014999999999999999,0.010999999999999999,0,0,0,0
4639,-0.014,0.010999999999999999,0,3.5747194941880553e-06,-1.9719710715982921e-06,-4.0790609862209318e-06
4640,-0.013000000000000001,0.010999999999999999,0,8.8258144594746073e-06,-5.5326034361248861e-06,-1.2164282859080936e-05
4641,-0.012,0.010999999999999999,0,1.3925536233357454e-05,-1.0985121265508246e-05,-2.7317155289088869e-05
4642,-0.010999999999999999,0.010999999999999999,0,1.8847113822388463e-05,-1.820857492978753e-05,-4.7984777429177627e-05
4643,-0.01,0.010999999999999999,0,2.2862362635039611e-05,-2.6331507669384625e-05,-7.405597650266712e-05
4644,-0.0090000000000000011,0.010999999999999999,0,2.5856339847724819e-05,-3.4863079823327799e-05,-0.00010429427458472673
4645,-0.0080000000000000002,0.010999999999999999,0,2.7719583717572914e-05,-4.3438046397624932e-05,-0.00013748567655446909
4646,-0.0069999999999999993,0.010999999999999999,0,2.8461444720154688e-05,-5.1910213926472995e-05,-0.00017226118798081776
4647,-0.0060000000000000001,0.010999999999999999,0,2.8051044379842835e-05,-6.006757123776032e-05,-0.00020723607077657746
4648,-0.005000000000000001,0.010999999999999999,0,2.6479858376355436e-05,-6.76676520211947e-05,-0.00024097637228443741
4649,-0.0040000000000000001,0.010999999999999999,0,2.3777910152296245e-05,-7.4467979204546553e-05,-0.00027203504088849507
4650,-0.0029999999999999992,0.010999999999999999,0,2.0034869093114049e-05,-8.0235229957766838e-05,-0.00029900679004087819
4651,-0.0019999999999999983,0.010999999999999999,0,1.5418327403390241e-05,-8.4773607475316574e-05,-0.0003206315043235406
4652,-0.0010000000000000009,0.010999999999999999,0,1.0167812969327778e-05,-8.7915898479116547e-05,-0.00033588582334811182
4653,0,0.010999999999999999,0,4.5336390697784515e-06,-8.9590238793752595e-05,-0.00034402255081522799
4654,0.0010000000000000009,0.010999999999999999,0,-1.2779670398459844e-06,-8.9708899704058287e-05,-0.00034460652910483646
4655,0.0019999999999999983,0.010999999999999999,0,-7.028582324982907e-06,-8.8237555575670297e-05,-0.00033753661617295282
4656,0.0029999999999999992,0.010999999999999999,0,-1.2463139358579039e-05,-8.5152376672856941e-05,-0.00032305021620032594
4657,0.0040000000000000001,0.010999999999999999,0,-1.7335432158841528e-05,-8.0518394268001375e-05,-0.00030169792355462207
4658,0.005000000000000001,0.010999999999999999,0,-2.1418112992061105e-05,-7.4481708511646305e-05,-0.00027435649306533597
4659,0.0060000000000000019,0.010999999999999999,0,-2.452365871675381e-05,-6.722447807264616e-05,-0.00024217302380070987
4660,0.0069999999999999993,0.010999999999999999,0,-2.6502406421420039e-05,-5.8989597895851868e-05,-0.00020647573288994358
4661,0.0080000000000000002,0.010999999999999999,0,-2.7223207770663907e-05,-5.0054746570057754e-05,-0.000168810086861196
4662,0.0090000000000000011,0.010999999999999999,0,-2.6581259087263706e-05,-4.0695498250884218e-05,-0.00013093876720627595
4663,0.0099999999999999985,0.010999999999999999,0,-2.4451072425557641e-05,-3.1130742587644054e-05,-9.4828091149403232e-05
4664,0.010999999999999999,0.010999999999999999,0,-2.0865374597593075e-05,-2.1823264261281238e-05,-6.2443094839868094e-05
4665,0.012,0.010999999999999999,0,-1.5887381284603251e-05,-1.3352894612424864e-05,-3.586436744203495e-05
4666,0.013000000000000001,0.010999999999999999,0,-1.0312256512449765e-05,-6.7390817836384656e-06,-1.6025646305620187e-05
4667,0.014000000000000002,0.010999999999999999,0,-4.3107285844127774e-06,-2.3845312614958904e-06,-5.0755529656043662e-06
4668,0.015000000000000003,0.010999999999999999,0,0,0,0
4669,0.016000000000000004,0.010999999999999999,0,0,0,0
4670,0.016999999999999998,0.010999999999999999,0,0,0,0
4671,0.017999999999999999,0.010999999999999999,0,0,0,0
4672,0.019,0.010999999999999999,0,0,0,0
4673,0.02,0.010999999999999999,0,0,0,0
4674,-0.02,0.012,0,0,0,0
4675,-0.019,0.012,0,0,0,0
4676,-0.018000000000000002,0.012,0,0,0,0
4677,-0.017000000000000001,0.012,0,0,0,0
4678,-0.016,0.012,0,0,0,0
4679,-0.014999999999999999,0.012,0,0,0,0
4680,-0.014,0.012,0,1.9117145613091933e-06,-1.3633273305603912e-06,-1.965855722439687e-06
4681,-0.013000000000000001,0.012,0,4.8076898624572983e-06,-3.7520313096537119e-06,-6.4257646750820176e-06
4682,-0.012,0.012,0,8.0683922104407689e-06,-7.7770524174031937e-06,-1.5085002489031735e-05
4683,-0.010999999999999999,0.012,0,1.1481876592430927e-05,-1.3560991997628095e-05,-2.7385758013029735e-05
4684,-0.01,0.012,0,1.4569402508867153e-05,-2.0619396272508504e-05,-4.3255541816042131e-05
4685,-0.0090000000000000011,0.012,0,1.7074845512473006e-05,-2.8443544077926692e-05,-6.2145167619643326e-05
4686,-0.0080000000000000002,0.012,0,1.8789872534090541e-05,-3.6598907930879707e-05,-8.3331142960121394e-05
4687,-0.0069999999999999993,0.012,0,1.9654788507676943e-05,-4.4844865894449261e-05,-0.00010585888060745186
4688,-0.0060000000000000001,0.012,0,1.9636011274451648e-05,-5.2934448902598929e-05,-0.00012872877883363636
4689,-0.005000000000000001,0.012,0,1.8733890735025457e-05,-6.0588814251190002e-05,-0.00015091476652999631
4690,-0.0040000000000000001,0.012,0,1.6974105721431677e-05,-6.7515133758604311e-05,-0.00017140566089970534
4691,-0.0029999999999999992,0.012,0,1.4408497420654125e-05,-7.3439460634240467e-05,-0.00018923237250254016
4692,-0.0019999999999999983,0.012,0,1.113562739803945e-05,-7.811635083309464e-05,-0.0002034991911343823
4693,-0.0010000000000000009,0.012,0,7.302085063306828e-06,-8.1313274078543619e-05,-0.00021346090505418135
4694,0,0.012,0,3.1120687006275144e-06,-8.2882703187647308e-05,-0.00021858654828245828
4695,0.0010000000000000009,0.012,0,-1.1910658679433468e-06,-8.2735900215962429e-05,-0.00021858178468284138
4696,0.0019999999999999983,0.012,0,-5.3771048414280013e-06,-8.0912467457175006e-05,-0.00021342813325946183
4697,0.0029999999999999992,0.012,0,-9.2501541198160909e-06,-7.7461455673709116e-05,-0.00020333904576002698
4698,0.0040000000000000001,0.012,0,-1.2621168154526473e-05,-7.2481245370563439e-05,-0.00018878068026582408
4699,0.005000000000000001,0.012,0,-1.5335764149651641e-05,-6.6153205988435593e-05,-0.00017041886443057978
4700,0.0060000000000000019,0.012,0,-1.7279800616506964e-05,-5.8741516066899262e-05,-0.00014907095886730856
4701,0.0069999999999999993,0.012,0,-1.8346774829583785e-05,-5.054829509877789e-05,-0.00012569244411803838
4702,0.0080000000000000002,0.012,0,-1.8440282501590534e-05,-4.1866177431176856e-05,-0.00010136726702389111
4703,0.0090000000000000011,0.012,0,-1.7499023685565729e-05,-3.2994939680368317e-05,-7.7315384885969451e-05
4704,0.0099999999999999985,0.012,0,-1.5509146028769812e-05,-2.4265618978038545e-05,-5.4874068190885498e-05
4705,0.010999999999999999,0.012,0,-1.2628655126959892e-05,-1.6195519254419027e-05,-3.5268645219392571e-05
4706,0.012,0.012,0,-9.110170277085564e-06,-9.3980210387432561e-06,-1.9625210993640141e-05
4707,0.013000000000000001,0.012,0,-5.5678904737710957e-06,-4.5410131311759962e-06,-8.4453795591177729e-06
4708,0.014000000000000002,0.012,0,-2.3088424581052179e-06,-1.6522214726093932e-06,-2.4670868745585514e-06
4709,0.015000000000000003,0.012,0,0,0,0
4710,0.016000000000000004,0.012,0,0,0,0
4711,0.016999999999999998,0.012,0,0,0,0
4712,0.017999999999999999,0.012,0,0,0,0
4713,0.019,0.012,0,0,0,0
4714,0.02,0.012,0,0,0,0
4715,-0.02,0.013000000000000001,0,0,0,0
4716,-0.019,0.013000000000000001,0,0,0,0
4717,-0.018000000000000002,0.013000000000000001,0,0,0,0
4718,-0.017000000000000001,0.013000000000000001,0,0,0,0
4719,-0.016,0.013000000000000001,0,0,0,0
4720,-0.014999999999999999,0.013000000000000001,0,0,0,0
4721,-0.014,0.013000000000000001,0,9.8441025146843598e-07,-8.7859210282774144e-07,-7.2549918897259118e-07
4722,-0.013000000000000001,0.013000000000000001,0,2.2767313061257162e-06,-2.1815618252523238e-06,-2.5698137037414619e-06
4723,-0.012,0.013000000000000001,0,3.9433123505383954e-06,-4.6619717466919787e-06,-6.4306909312164181e-06
4724,-0.010999999999999999,0.013000000000000001,0,5.8583196567628375e-06,-8.6501969224807956e-06,-1.2205359500890929e-05
4725,-0.01,0.013000000000000001,0,7.7933289962022598e-06,-1.3994722136855188e-05,-1.9876894080216012e-05
4726,-0.0090000000000000011,0.013000000000000001,0,9.5632308918766119e-06,-2.0360162771601737e-05,-2.9118132164558948e-05
4727,-0.0080000000000000002,0.013000000000000001,0,1.0964495683711711e-05,-2.7376312286703451e-05,-3.9682206351026561e-05
4728,-0.0069999999999999993,0.013000000000000001,0,1.1857866670731695e-05,-3.4778423438117203e-05,-5.1119210044335111e-05
4729,-0.0060000000000000001,0.013000000000000001,0,1.2176336357781444e-05,-4.2291617779649342e-05,-6.2904801179594069e-05
4730,-0.005000000000000001,0.013000000000000001,0,1.1883731075541316e-05,-4.9590977327367477e-05,-7.4485443406771169e-05
4731,-0.0040000000000000001,0.013000000000000001,0,1.0964600883975686e-05,-5.6325058629760376e-05,-8.5300572810272156e-05
4732,-0.0029999999999999992,0.013000000000000001,0,9.4320172383563676e-06,-6.2145447290832474e-05,-9.4800812608524903e-05
4733,-0.0019999999999999983,0.013000000000000001,0,7.3353175244306946e-06,-6.6740422004224467e-05,-0.00010245591784050315
4734,-0.0010000000000000009,0.013000000000000001,0,4.7813336757882604e-06,-6.9853008973112235e-05,-0.00010779177682287428
4735,0,0.013000000000000001,0,1.9385684822780002e-06,-7.1299026439382743e-05,-0.00011045561337872112
4736,0.0010000000000000009,0.013000000000000001,0,-1.0002237912379301e-06,-7.0978504055746615e-05,-0.00011026453843190681
4737,0.0019999999999999983,0.013000000000000001,0,-3.8239328788189411e-06,-6.8882283735073978e-05,-0.00010721343104548203
4738,0.0029999999999999992,0.013000000000000001,0,-6.3239503886968895e-06,-6.5176797195012573e-05,-0.00010150654290832295
4739,0.0040000000000000001,0.013000000000000001,0,-8.3662141716915095e-06,-6.0085562918062991e-05,-9.350063898893175e-05
4740,0.005000000000000001,0.013000000000000001,0,-9.8736819927344554e-06,-5.3803536603087315e-05,-8.3617036236670846e-05
4741,0.0060000000000000019,0.013000000000000001,0,-1.0786829592472737e-05,-4.6645208721947777e-05,-7.2344719958805176e-05
4742,0.0069999999999999993,0.013000000000000001,0,-1.1070930182467786e-05,-3.89799560000011e-05,-6.0231570758078142e-05
4743,0.0080000000000000002,0.013000000000000001,0,-1.0710201824804684e-05,-3.1165008978304629e-05,-4.786945607417004e-05
4744,0.0090000000000000011,0.013000000000000001,0,-9.7213853649331801e-06,-2.3531189136374245e-05,-3.5898512504018378e-05
4745,0.0099999999999999985,0.013000000000000001,0,-8.1955728339566017e-06,-1.6425141975674336e-05,-2.4961824106744862e-05
4746,0.010999999999999999,0.013000000000000001,0,-6.3286165539125188e-06,-1.0310506494191987e-05,-1.5587143234809211e-05
4747,0.012,0.013000000000000001,0,-4.3701307628829771e-06,-5.6451990822564354e-06,-8.3495347800156869e-06
4748,0.013000000000000001,0.013000000000000001,0,-2.6062008293667806e-06,-2.6644298949482251e-06,-3.3776727280007336e-06
4749,0.014000000000000002,0.013000000000000001,0,-1.144989463542253e-06,-1.0466137606172217e-06,-8.773695505177881e-07
4750,0.015000000000000003,0.013000000000000001,0,0,0,0
4751,0.016000000000000004,0.013000000000000001,0,0,0,0
4752,0.016999999999999998,0.013000000000000001,0,0,0,0
4753,0.017999999999999999,0.013000000000000001,0,0,0,0
4754,0.019,0.013000000000000001,0,0,0,0
4755,0.02,0.013000000000000001,0,0,0,0
4756,-0.02,0.014000000000000002,0,0,0,0
4757,-0.019,0.014000000000000002,0,0,0,0
4758,-0.018000000000000002,0.014000000000000002,0,0,0,0
4759,-0.017000000000000001,0.014000000000000002,0,0,0,0
4760,-0.016,0.014000000000000002,0,0,0,0
4761,-0.014999999999999999,0.014000000000000002,0,0,0,0
4762,-0.014,0.014000000000000002,0,5.1281357043372097e-07,-5.0032408294184432e-07,-2.4609110767692681e-07
4763,-0.013000000000000001,0.014000000000000002,0,9.1903820922627915e-07,-9.5077797018802563e-07,-7.2024765609974393e-07
4764,-0.012,0.014000000000000002,0,1.4506200683632396e-06,-1.859130719130368e-06,-1.9573491748122374e-06
4765,-0.010999999999999999,0.014000000000000002,0,2.1255908611224829e-06,-3.5137168741844621e-06,-4.076065246162866e-06
4766,-0.01,0.014000000000000002,0,2.8450320839600965e-06,-5.8406962212359719e-06,-7.139059273142736e-06
4767,-0.0090000000000000011,0.014000000000000002,0,3.5124626968103399e-06,-8.6992370084335014e-06,-1.0920989278991452e-05
4768,-0.0080000000000000002,0.014000000000000002,0,4.1089460686641437e-06,-1.1919599068875001e-05,-1.523900944166703e-05
4769,-0.0069999999999999993,0.014000000000000002,0,4.5733821790801615e-06,-1.5375896648028037e-05,-1.9965615204664029e-05
4770,-0.0060000000000000001,0.014000000000000002,0,4.8194405289218798e-06,-1.8910143374344552e-05,-2.4896477500398596e-05
4771,-0.005000000000000001,0.014000000000000002,0,4.7984197243571333e-06,-2.2359694242405351e-05,-2.9779278064070224e-05
4772,-0.0040000000000000001,0.014000000000000002,0,4.4926188293319348e-06,-2.5557562734944627e-05,-3.4343790575592661e-05
4773,-0.0029999999999999992,0.014000000000000002,0,3.9093999960120844e-06,-2.8340193913934555e-05,-3.8322346314299025e-05
4774,-0.0019999999999999983,0.014000000000000002,0,3.079280723559605e-06,-3.0555240643070915e-05,-4.1476214808445195e-05
4775,-0.0010000000000000009,0.014000000000000002,0,2.0531838123566888e-06,-3.2075025662377639e-05,-4.3612718772808445e-05
4776,0,0.014000000000000002,0,8.9648078012585932e-07,-3.2803439930042622e-05,-4.4595055434859295e-05
4777,0.0010000000000000009,0.014000000000000002,0,-3.0857254494602969e-07,-3.2683410756340676e-05,-4.4349304026034672e-05
4778,0.0019999999999999983,0.014000000000000002,0,-1.474743765764268e-06,-3.1721038120669039e-05,-4.2877448022827601e-05
4779,0.0029999999999999992,0.014000000000000002,0,-2.5280808554860534e-06,-2.994289659317492e-05,-4.0246501472799288e-05
4780,0.0040000000000000001,0.014000000000000002,0,-3.375931960530554e-06,-2.7445182315563155e-05,-3.6614384251341153e-05
4781,0.005000000000000001,0.014000000000000002,0,-3.9492278751037215e-06,-2.4414722984506221e-05,-3.2242603658433083e-05
4782,0.0060000000000000019,0.014000000000000002,0,-4.2276831728171925e-06,-2.1000143775996997e-05,-2.7395515835511575e-05
4783,0.0069999999999999993,0.014000000000000002,0,-4.216601788169109e-06,-1.7366427432167649e-05,-2.2339308531458009e-05
4784,0.0080000000000000002,0.014000000000000002,0,-3.9521949168154367e-06,-1.3691437003177732e-05,-1.7337563020899908e-05
4785,0.0090000000000000011,0.014000000000000002,0,-3.5004364217117642e-06,-1.0158636643103953e-05,-1.2628261662847016e-05
4786,0.0099999999999999985,0.014000000000000002,0,-2.9126790807327339e-06,-6.9415437674928093e-06,-8.4141766719897898e-06
4787,0.010999999999999999,0.014000000000000002,0,-2.2419465120378885e-06,-4.277429557240783e-06,-4.946295567916998e-06
4788,0.012,0.014000000000000002,0,-1.5875935171047436e-06,-2.3190798331242919e-06,-2.4335404125838426e-06
4789,0.013000000000000001,0.014000000000000002,0,-1.0211522269519255e-06,-1.1561307646042392e-06,-8.7415583260557086e-07
4790,0.014000000000000002,0.014000000000000002,0,-5.4393510852912113e-07,-5.4935986173132344e-07,-2.3143934824766855e-07
4791,0.015000000000000003,0.014000000000000002,0,0,0,0
4792,0.016000000000000004,0.014000000000000002,0,0,0,0
4793,0.016999999999999998,0.014000000000000002,0,0,0,0
4794,0.017999999999999999,0.014000000000000002,0,0,0,0
4795,0.019,0.014000000000000002,0,0,0,0
4796,0.02,0.014000000000000002,0,0,0,0
4797,-0.02,0.015000000000000003,0,0,0,0
4798,-0.019,0.015000000000000003,0,0,0,0
4799,-0.018000000000000002,0.015000000000000003,0,0,0,0
4800,-0.017000000000000001,0.015000000000000003,0,0,0,0
4801,-0.016,0.015000000000000003,0,0,0,0
4802,-0.014999999999999999,0.015000000000000003,0,0,0,0
4803,-0.014,0.015000000000000003,0,0,0,0
4804,-0.013000000000000001,0.015000000000000003,0,0,0,0
4805,-0.012,0.015000000000000003,0,0,0,0
4806,-0.010999999999999999,0.015000000000000003,0,0,0,0
4807,-0.01,0.015000000000000003,0,0,0,0
4808,-0.0090000000000000011,0.015000000000000003,0,0,0,0
4809,-0.0080000000000000002,0.015000000000000003,0,0,0,0
4810,-0.0069999999999999993,0.015000000000000003,0,0,0,0
4811,-0.0060000000000000001,0.015000000000000003,0,0,0,0
4812,-0.005000000000000001,0.015000000000000003,0,0,0,0
4813,-0.0040000000000000001,0.015000000000000003,0,0,0,0
4814,-0.0029999999999999992,0.015000000000000003,0,0,0,0
4815,-0.0019999999999999983,0.015000000000000003,0,0,0,0
4816,-0.0010000000000000009,0.015000000000000003,0,0,0,0
4817,0,0.015000000000000003,0,0,0,0
4818,0.0010000000000000009,0.015000000000000003,0,0,0,0
4819,0.0019999999999999983,0.015000000000000003,0,0,0,0
4820,0.0029999999999999992,0.015000000000000003,0,0,0,0
4821,0.0040000000000000001,0.015000000000000003,0,0,0,0
4822,0.005000000000000001,0.015000000000000003,0,0,0,0
4823,0.0060000000000000019,0.015000000000000003,0,0,0,0
4824,0.0069999999999999993,0.015000000000000003,0,0,0,0
4825,0.0080000000000000002,0.015000000000000003,0,0,0,0
4826,0.0090000000000000011,0.015000000000000003,0,0,0,0
4827,0.0099999999999999985,0.015000000000000003,0,0,0,0
4828,0.010999999999999999,0.015000000000000003,0,0,0,0
4829,0.012,0.015000000000000003,0,0,0,0
4830,0.013000000000000001,0.015000000000000003,0,0,0,0
4831,0.014000000000000002,0.015000000000000003,0,0,0,0
4832,0.015000000000000003,0.015000000000000003,0,0,0,0
4833,0.016000000000000004,0.015000000000000003,0,0,0,0
4834,0.016999999999999998,0.015000000000000003,0,0,0,0
4835,0.017999999999999999,0.015000000000000003,0,0,0,0
4836,0.019,0.015000000000000003,0,0,0,0
4837,0.02,0.015000000000000003,0,0,0,0
4838,-0.02,0.016000000000000004,0,0,0,0
4839,-0.019,0.016000000000000004,0,0,0,0
4840,-0.018000000000000002,0.016000000000000004,0,0,0,0
4841,-0.017000000000000001,0.016000000000000004,0,0,0,0
4842,-0.016,0.016000000000000004,0,0,0,0
4843,-0.014999999999999999,0.016000000000000004,0,0,0,0
4844,-0.014,0.016000000000000004,0,0,0,0
4845,-0.013000000000000001,0.016000000000000004,0,0,0,0
4846,-0.012,0.016000000000000004,0,0,0,0
4847,-0.010999999999999999,0.016000000000000004,0,0,0,0
4848,-0.01,0.016000000000000004,0,0,0,0
4849,-0.0090000000000000011,0.016000000000000004,0,0,0,0
4850,-0.0080000000000000002,0.016000000000000004,0,0,0,0
4851,-0.0069999999999999993,0.016000000000000004,0,0,0,0
4852,-0.0060000000000000001,0.016000000000000004,0,0,0,0
4853,-0.005000000000000001,0.016000000000000004,0,0,0,0
4854,-0.0040000000000000001,0.016000000000000004,0,0,0,0
4855,-0.0029999999999999992,0.016000000000000004,0,0,0,0
4856,-0.0019999999999999983,0.016000000000000004,0,0,0,0
4857,-0.0010000000000000009,0.016000000000000004,0,0,0,0
4858,0,0.016000000000000004,0,0,0,0
4859,0.0010000000000000009,0.016000000000000004,0,0,0,0
4860,0.0019999999999999983,0.016000000000000004,0,0,0,0
4861,0.0029999999999999992,0.016000000000000004,0,0,0,0
4862,0.0040000000000000001,0.016000000000000004,0,0,0,0
4863,0.005000000000000001,0.016000000000000004,0,0,0,0
4864,0.0060000000000000019,0.016000000000000004,0,0,0,0
4865,0.0069999999999999993,0.016000000000000004,0,0,0,0
4866,0.0080000000000000002,0.016000000000000004,0,0,0,0
4867,0.0090000000000000011,0.016000000000000004,0,0,0,0
4868,0.0099999999999999985,0.016000000000000004,0,0,0,0
4869,0.010999999999999999,0.016000000000000004,0,0,0,0
4870,0.012,0.016000000000000004,0,0,0,0
4871,0.013000000000000001,0.016000000000000004,0,0,0,0
4872,0.014000000000000002,0.016000000000000004,0,0,0,0
4873,0.015000000000000003,0.016000000000000004,0,0,0,0
4874,0.016000000000000004,0.016000000000000004,0,0,0,0
4875,0.016999999999999998,0.016000000000000004,0,0,0,0
4876,0.017999999999999999,0.016000000000000004,0,0,0,0
4877,0.019,0.016000000000000004,0,0,0,0
4878,0.02,0.016000000000000004,0,0,0,0
4879,-0.02,0.016999999999999998,0,0,0,0
4880,-0.019,0.016999999999999998,0,0,0,0
4881,-0.018000000000000002,0.016999999999999998,0,0,0,0
4882,-0.017000000000000001,0.016999999999999998,0,0,0,0
4883,-0.016,0.016999999999999998,0,0,0,0
4884,-0.014999999999999999,0.016999999999999998,0,0,0,0
4885,-0.014,0.016999999999999998,0,0,0,0
4886,-0.013000000000000001,0.016999999999999998,0,0,0,0
4887,-0.012,0.016999999999999998,0,0,0,0
4888,-0.010999999999999999,0.016999999999999998,0,0,0,0
4889,-0.01,0.016999999999999998,0,0,0,0
4890,-0.0090000000000000011,0.016999999999999998,0,0,0,0
4891,-0.0080000000000000002,0.016999999999999998,0,0,0,0
4892,-0.0069999999999999993,0.016999999999999998,0,0,0,0
4893,-0.0060000000000000001,0.016999999999999998,0,0,0,0
4894,-0.005000000000000001,0.016999999999999998,0,0,0,0
4895,-0.0040000000000000001,0.016999999999999998,0,0,0,0
4896,-0.0029999999999999992,0.016999999999999998,0,0,0,0
4897,-0.0019999999999999983,0.016999999999999998,0,0,0,0
4898,-0.0010000000000000009,0.016999999999999998,0,0,0,0
4899,0,0.016999999999999998,0,0,0,0
4900,0.0010000000000000009,0.016999999999999998,0,0,0,0
4901,0.0019999999999999983,0.016999999999999998,0,0,0,0
4902,0.0029999999999999992,0.016999999999999998,0,0,0,0
4903,0.0040000000000000001,0.016999999999999998,0,0,0,0
4904,0.005000000000000001,0.016999999999999998,0,0,0,0
4905,0.0060000000000000019,0.016999999999999998,0,0,0,0
4906,0.0069999999999999993,0.016999999999999998,0,0,0,0
4907,0.0080000000000000002,0.016999999999999998,0,0,0,0
4908,0.0090000000000000011,0.016999999999999998,0,0,0,0
4909,0.0099999999999999985,0.016999999999999998,0,0,0,0
4910,0.010999999999999999,0.016999999999999998,0,0,0,0
4911,0.012,0.016999999999999998,0,0,0,0
4912,0.013000000000000001,0.016999999999999998,0,0,0,0
4913,0.014000000000000002,0.016999999999999998,0,0,0,0
4914,0.015000000000000003,0.016999999999999998,0,0,0,0
4915,0.016000000000000004,0.016999999999999998,0,0,0,0
4916,0.016999999999999998,0.016999999999999998,0,0,0,0
4917,0.017999999999999999,0.016999999999999998,0,0,0,0
4918,0.019,0.016999999999999998,0,0,0,0
4919,0.02,0.016999999999999998,0,0,0,0
4920,-0.02,0.017999999999999999,0,0,0,0
4921,-0.019,0.017999999999999999,0,0,0,0
4922,-0.018000000000000002,0.017999999999999999,0,0,0,0
4923,-0.017000000000000001,0.017999999999999999,0,0,0,0
4924,-0.016,0.017999999999999999,0,0,0,0
4925,-0.014999999999999999,0.017999999999999999,0,0,0,0
4926,-0.014,0.017999999999999999,0,0,0,0
4927,-0.013000000000000001,0.017999999999999999,0,0,0,0
4928,-0.012,0.017999999999999999,0,0,0,0
4929,-0.010999999999999999,0.017999999999999999,0,0,0,0
4930,-0.01,0.017999999999999999,0,0,0,0
4931,-0.0090000000000000011,0.017999999999999999,0,0,0,0
4932,-0.0080000000000000002,0.017999999999999999,0,0,0,0
4933,-0.0069999999999999993,0.017999999999999999,0,0,0,0
4934,-0.0060000000000000001,0.017999999999999999,0,0,0,0
4935,-0.005000000000000001,0.017999999999999999,0,0,0,0
4936,-0.0040000000000000001,0.017999999999999999,0,0,0,0
4937,-0.0029999999999999992,0.017999999999999999,0,0,0,0
4938,-0.0019999999999999983,0.017999999999999999,0,0,0,0
4939,-0.0010000000000000009,0.017999999999999999,0,0,0,0
4940,0,0.017999999999999999,0,0,0,0
4941,0.0010000000000000009,0.017999999999999999,0,0,0,0
4942,0.0019999999999999983,0.017999999999999999,0,0,0,0
4943,0.0029999999999999992,0.017999999999999999,0,0,0,0
4944,0.0040000000000000001,0.017999999999999999,0,0,0,0
4945,0.005000000000000001,0.017999999999999999,0,0,0,0
4946,0.0060000000000000019,0.017999999999999999,0,0,0,0
4947,0.0069999999999999993,0.017999999999999999,0,0,0,0
4948,0.0080000000000000002,0.017999999999999999,0,0,0,0
4949,0.0090000000000000011,0.017999999999999999,0,0,0,0
4950,0.0099999999999999985,0.017999999999999999,0,0,0,0
4951,0.010999999999999999,0.017999999999999999,0,0,0,0
4952,0.012,0.017999999999999999,0,0,0,0
4953,0.013000000000000001,0.017999999999999999,0,0,0,0
4954,0.014000000000000002,0.017999999999999999,0,0,0,0
4955,0.015000000000000003,0.017999999999999999,0,0,0,0
4956,0.016000000000000004,0.017999999999999999,0,0,0,0
4957,0.016999999999999998,0.017999999999999999,0,0,0,0
4958,0.017999999999999999,0.017999999999999999,0,0,0,0
4959,0.019,0.017999999999999999,0,0,0,0
4960,0.02,0.017999999999999999,0,0,0,0
4961,-0.02,0.019,0,0,0,0
4962,-0.019,0.019,0,0,0,0
4963,-0.018000000000000002,0.019,0,0,0,0
4964,-0.017000000000000001,0.019,0,0,0,0
4965,-0.016,0.019,0,0,0,0
4966,-0.014999999999999999,0.019,0,0,0,0
4967,-0.014,0.019,0,0,0,0
4968,-0.013000000000000001,0.019,0,0,0,0
4969,-0.012,0.019,0,0,0,0
4970,-0.010999999999999999,0.019,0,0,0,0
4971,-0.01,0.019,0,0,0,0
4972,-0.0090000000000000011,0.019,0,0,0,0
4973,-0.0080000000000000002,0.019,0,0,0,0
4974,-0.0069999999999999993,0.019,0,0,0,0
4975,-0.0060000000000000001,0.019,0,0,0,0
4976,-0.005000000000000001,0.019,0,0,0,0
4977,-0.0040000000000000001,0.019,0,0,0,0
4978,-0.0029999999999999992,0.019,0,0,0,0
4979,-0.0019999999999999983,0.019,0,0,0,0
4980,-0.0010000000000000009,0.019,0,0,0,0
4981,0,0.019,0,0,0,0
4982,0.0010000000000000009,0.019,0,0,0,0
4983,0.0019999999999999983,0.019,0,0,0,0
4984,0.0029999999999999992,0.019,0,0,0,0
4985,0.0040000000000000001,0.019,0,0,0,0
4986,0.005000000000000001,0.019,0,0,0,0
4987,0.0060000000000000019,0.019,0,0,0,0
4988,0.0069999999999999993,0.019,0,0,0,0
4989,0.0080000000000000002,0.019,0,0,0,0
4990,0.0090000000000000011,0.019,0,0,0,0
4991,0.0099999999999999985,0.019,0,0,0,0
4992,0.010999999999999999,0.019,0,0,0,0
4993,0.012,0.019,0,0,0,0
4994,0.013000000000000001,0.019,0,0,0,0
4995,0.014000000000000002,0.019,0,0,0,0
4996,0.015000000000000003,0.019,0,0,0,0
4997,0.016000000000000004,0.019,0,0,0,0
4998,0.016999999999999998,0.019,0,0,0,0
4999,0.017999999999999999,0.019,0,0,0,0
5000,0.019,0.019,0,0,0,0
5001,0.02,0.019,0,0,0,0
5002,-0.02,0.02,0,0,0,0
5003,-0.019,0.02,0,0,0,0
5004,-0.018000000000000002,0.02,0,0,0,0
5005,-0.017000000000000001,0.02,0,0,0,0
5006,-0.016,0.02,0,0,0,0
5007,-0.014999999999999999,0.02,0,0,0,0
5008,-0.014,0.02,0,0,0,0
5009,-0.013000000000000001,0.02,0,0,0,0
5010,-0.012,0.02,0,0,0,0
5011,-0.010999999999999999,0.02,0,0,0,0
5012,-0.01,0.02,0,0,0,0
5013,-0.0090000000000000011,0.02,0,0,0,0
5014,-0.0080000000000000002,0.02,0,0,0,0
5015,-0.0069999999999999993,0.02,0,0,0,0
5016,-0.0060000000000000001,0.02,0,0,0,0
5017,-0.005000000000000001,0.02,0,0,0,0
5018,-0.0040000000000000001,0.02,0,0,0,0
5019,-0.0029999999999999992,0.02,0,0,0,0
5020,-0.0019999999999999983,0.02,0,0,0,0
5021,-0.0010000000000000009,0.02,0,0,0,0
5022,0,0.02,0,0,0,0
5023,0.0010000000000000009,0.02,0,0,0,0
5024,0.0019999999999999983,0.02,0,0,0,0
5025,0.0029999999999999992,0.02,0,0,0,0
5026,0.0040000000000000001,0.02,0,0,0,0
5027,0.005000000000000001,0.02,0,0,0,0
5028,0.0060000000000000019,0.02,0,0,0,0
5029,0.0069999999999999993,0.02,0,0,0,0
5030,0.0080000000000000002,0.02,0,0,0,0
5031,0.0090000000000000011,0.02,0,0,0,0
5032,0.0099999999999999985,0.02,0,0,0,0
5033,0.010999999999999999,0.02,0,0,0,0
5034,0.012,0.02,0,0,0,0
5035,0.013000000000000001,0.02,0,0,0,0
5036,0.014000000000000002,0.02,0,0,0,0
5037,0.015000000000000003,0.02,0,0,0,0
5038,0.016000000000000004,0.02,0,0,0,0
5039,0.016999999999999998,0.02,0,0,0,0
5040,0.017999999999999999,0.02,0,0,0,0
5041,0.019,0.02,0,0,0,0
5042,0.02,0.02,0,0,0,0
