node,X,Y,Z,ux,uy,uz
0,-0.02,-0.02,-0.001,0,0,0
1,-0.019166666666666669,-0.02,-0.001,0,0,0
2,-0.018333333333333333,-0.02,-0.001,0,0,0
3,-0.017500000000000002,-0.02,-0.001,0,0,0
4,-0.016666666666666666,-0.02,-0.001,0,0,0
5,-0.015833333333333335,-0.02,-0.001,0,0,0
6,-0.014999999999999999,-0.02,-0.001,0,0,0
7,-0.014166666666666668,-0.02,-0.001,0,0,0
8,-0.013333333333333332,-0.02,-0.001,0,0,0
9,-0.012500000000000001,-0.02,-0.001,0,0,0
10,-0.011666666666666667,-0.02,-0.001,0,0,0
11,-0.010833333333333334,-0.02,-0.001,0,0,0
12,-0.01,-0.02,-0.001,0,0,0
13,-0.0091666666666666667,-0.02,-0.001,0,0,0
14,-0.0083333333333333332,-0.02,-0.001,0,0,0
15,-0.0074999999999999997,-0.02,-0.001,0,0,0
16,-0.0066666666666666662,-0.02,-0.001,0,0,0
17,-0.0058333333333333327,-0.02,-0.001,0,0,0
18,-0.0049999999999999992,-0.02,-0.001,0,0,0
19,-0.0041666666666666657,-0.02,-0.001,0,0,0
20,-0.003333333333333334,-0.02,-0.001,0,0,0
21,-0.0024999999999999988,-0.02,-0.001,0,0,0
22,-0.001666666666666667,-0.02,-0.001,0,0,0
23,-0.00083333333333333176,-0.02,-0.001,0,0,0
24,0,-0.02,-0.001,0,0,0
25,0.00083333333333333523,-0.02,-0.001,0,0,0
26,0.001666666666666667,-0.02,-0.001,0,0,0
27,0.0025000000000000022,-0.02,-0.001,0,0,0
28,0.003333333333333334,-0.02,-0.001,0,0,0
29,0.0041666666666666692,-0.02,-0.001,0,0,0
30,0.005000000000000001,-0.02,-0.001,0,0,0
31,0.0058333333333333362,-0.02,-0.001,0,0,0
32,0.006666666666666668,-0.02,-0.001,0,0,0
33,0.0074999999999999997,-0.02,-0.001,0,0,0
34,0.008333333333333335,-0.02,-0.001,0,0,0
35,0.0091666666666666667,-0.02,-0.001,0,0,0
36,0.010000000000000002,-0.02,-0.001,0,0,0
37,0.010833333333333334,-0.02,-0.001,0,0,0
38,0.011666666666666669,-0.02,-0.001,0,0,0
39,0.012500000000000001,-0.02,-0.001,0,0,0
40,0.013333333333333332,-0.02,-0.001,0,0,0
41,0.014166666666666671,-0.02,-0.001,0,0,0
42,0.015000000000000003,-0.02,-0.001,0,0,0
43,0.015833333333333335,-0.02,-0.001,0,0,0
44,0.016666666666666666,-0.02,-0.001,0,0,0
45,0.017500000000000005,-0.02,-0.001,0,0,0
46,0.018333333333333337,-0.02,-0.001,0,0,0
47,0.019166666666666669,-0.02,-0.001,0,0,0
48,0.02,-0.02,-0.001,0,0,0
49,-0.02,-0.019166666666666669,-0.001,0,0,0
50,-0.019166666666666669,-0.019166666666666669,-0.001,0,0,0
51,-0.018333333333333333,-0.019166666666666669,-0.001,0,0,0
52,-0.017500000000000002,-0.019166666666666669,-0.001,0,0,0
53,-0.016666666666666666,-0.019166666666666669,-0.001,0,0,0
54,-0.015833333333333335,-0.019166666666666669,-0.001,0,0,0
55,-0.014999999999999999,-0.019166666666666669,-0.001,0,0,0
56,-0.014166666666666668,-0.019166666666666669,-0.001,0,0,0
57,-0.013333333333333332,-0.019166666666666669,-0.001,0,0,0
58,-0.012500000000000001,-0.019166666666666669,-0.001,0,0,0
59,-0.011666666666666667,-0.019166666666666669,-0.001,0,0,0
60,-0.010833333333333334,-0.019166666666666669,-0.001,0,0,0
61,-0.01,-0.019166666666666669,-0.001,0,0,0
62,-0.0091666666666666667,-0.019166666666666669,-0.001,0,0,0
63,-0.0083333333333333332,-0.019166666666666669,-0.001,0,0,0
64,-0.0074999999999999997,-0.019166666666666669,-0.001,0,0,0
65,-0.0066666666666666662,-0.019166666666666669,-0.001,0,0,0
66,-0.0058333333333333327,-0.019166666666666669,-0.001,0,0,0
67,-0.0049999999999999992,-0.019166666666666669,-0.001,0,0,0
68,-0.0041666666666666657,-0.019166666666666669,-0.001,0,0,0
69,-0.003333333333333334,-0.019166666666666669,-0.001,0,0,0
70,-0.0024999999999999988,-0.019166666666666669,-0.001,0,0,0
71,-0.001666666666666667,-0.019166666666666669,-0.001,0,0,0
72,-0.00083333333333333176,-0.019166666666666669,-0.001,0,0,0
73,0,-0.019166666666666669,-0.001,0,0,0
74,0.00083333333333333523,-0.019166666666666669,-0.001,0,0,0
75,0.001666666666666667,-0.019166666666666669,-0.001,0,0,0
76,0.0025000000000000022,-0.019166666666666669,-0.001,0,0,0
77,0.003333333333333334,-0.019166666666666669,-0.001,0,0,0
78,0.0041666666666666692,-0.019166666666666669,-0.001,0,0,0
79,0.005000000000000001,-0.019166666666666669,-0.001,0,0,0
80,0.0058333333333333362,-0.019166666666666669,-0.001,0,0,0
81,0.006666666666666668,-0.019166666666666669,-0.001,0,0,0
82,0.0074999999999999997,-0.019166666666666669,-0.001,0,0,0
83,0.008333333333333335,-0.019166666666666669,-0.001,0,0,0
84,0.0091666666666666667,-0.019166666666666669,-0.001,0,0,0
85,0.010000000000000002,-0.019166666666666669,-0.001,0,0,0
86,0.010833333333333334,-0.019166666666666669,-0.001,0,0,0
87,0.011666666666666669,-0.019166666666666669,-0.001,0,0,0
88,0.012500000000000001,-0.019166666666666669,-0.001,0,0,0
89,0.013333333333333332,-0.019166666666666669,-0.001,0,0,0
90,0.014166666666666671,-0.019166666666666669,-0.001,0,0,0
91,0.015000000000000003,-0.019166666666666669,-0.001,0,0,0
92,0.015833333333333335,-0.019166666666666669,-0.001,0,0,0
93,0.016666666666666666,-0.019166666666666669,-0.001,0,0,0
94,0.017500000000000005,-0.019166666666666669,-0.001,0,0,0
95,0.018333333333333337,-0.019166666666666669,-0.001,0,0,0
96,0.019166666666666669,-0.019166666666666669,-0.001,0,0,0
97,0.02,-0.019166666666666669,-0.001,0,0,0
98,-0.02,-0.018333333333333333,-0.001,0,0,0
99,-0.019166666666666669,-0.018333333333333333,-0.001,0,0,0
100,-0.018333333333333333,-0.018333333333333333,-0.001,0,0,0
101,-0.017500000000000002,-0.018333333333333333,-0.001,0,0,0
102,-0.016666666666666666,-0.018333333333333333,-0.001,0,0,0
103,-0.015833333333333335,-0.018333333333333333,-0.001,0,0,0
104,-0.014999999999999999,-0.018333333333333333,-0.001,0,0,0
105,-0.014166666666666668,-0.018333333333333333,-0.001,0,0,0
106,-0.013333333333333332,-0.018333333333333333,-0.001,0,0,0
107,-0.012500000000000001,-0.018333333333333333,-0.001,0,0,0
108,-0.011666666666666667,-0.018333333333333333,-0.001,0,0,0
109,-0.010833333333333334,-0.018333333333333333,-0.001,0,0,0
110,-0.01,-0.018333333333333333,-0.001,0,0,0
111,-0.0091666666666666667,-0.018333333333333333,-0.001,0,0,0
112,-0.0083333333333333332,-0.018333333333333333,-0.001,0,0,0
113,-0.0074999999999999997,-0.018333333333333333,-0.001,0,0,0
114,-0.0066666666666666662,-0.018333333333333333,-0.001,0,0,0
115,-0.0058333333333333327,-0.018333333333333333,-0.001,0,0,0
116,-0.0049999999999999992,-0.018333333333333333,-0.001,0,0,0
117,-0.0041666666666666657,-0.018333333333333333,-0.001,0,0,0
118,-0.003333333333333334,-0.018333333333333333,-0.001,0,0,0
119,-0.0024999999999999988,-0.018333333333333333,-0.001,0,0,0
120,-0.001666666666666667,-0.018333333333333333,-0.001,0,0,0
121,-0.00083333333333333176,-0.018333333333333333,-0.001,0,0,0
122,0,-0.018333333333333333,-0.001,0,0,0
123,0.00083333333333333523,-0.018333333333333333,-0.001,0,0,0
124,0.001666666666666667,-0.018333333333333333,-0.001,0,0,0
125,0.0025000000000000022,-0.018333333333333333,-0.001,0,0,0
126,0.003333333333333334,-0.018333333333333333,-0.001,0,0,0
127,0.0041666666666666692,-0.018333333333333333,-0.001,0,0,0
128,0.005000000000000001,-0.018333333333333333,-0.001,0,0,0
129,0.0058333333333333362,-0.018333333333333333,-0.001,0,0,0
130,0.006666666666666668,-0.018333333333333333,-0.001,0,0,0
131,0.0074999999999999997,-0.018333333333333333,-0.001,0,0,0
132,0.008333333333333335,-0.018333333333333333,-0.001,0,0,0
133,0.0091666666666666667,-0.018333333333333333,-0.001,0,0,0
134,0.010000000000000002,-0.018333333333333333,-0.001,0,0,0
135,0.010833333333333334,-0.018333333333333333,-0.001,0,0,0
136,0.011666666666666669,-0.018333333333333333,-0.001,0,0,0
137,0.012500000000000001,-0.018333333333333333,-0.001,0,0,0
138,0.013333333333333332,-0.018333333333333333,-0.001,0,0,0
139,0.014166666666666671,-0.018333333333333333,-0.001,0,0,0
140,0.015000000000000003,-0.018333333333333333,-0.001,0,0,0
141,0.015833333333333335,-0.018333333333333333,-0.001,0,0,0
142,0.016666666666666666,-0.018333333333333333,-0.001,0,0,0
143,0.017500000000000005,-0.018333333333333333,-0.001,0,0,0
144,0.018333333333333337,-0.018333333333333333,-0.001,0,0,0
145,0.019166666666666669,-0.018333333333333333,-0.001,0,0,0
146,0.02,-0.018333333333333333,-0.001,0,0,0
147,-0.02,-0.017500000000000002,-0.001,0,0,0
148,-0.019166666666666669,-0.017500000000000002,-0.001,0,0,0
149,-0.018333333333333333,-0.017500000000000002,-0.001,0,0,0
150,-0.017500000000000002,-0.017500000000000002,-0.001,0,0,0
151,-0.016666666666666666,-0.017500000000000002,-0.001,0,0,0
152,-0.015833333333333335,-0.017500000000000002,-0.001,0,0,0
153,-0.014999999999999999,-0.017500000000000002,-0.001,0,0,0
154,-0.014166666666666668,-0.017500000000000002,-0.001,0,0,0
155,-0.013333333333333332,-0.017500000000000002,-0.001,0,0,0
156,-0.012500000000000001,-0.017500000000000002,-0.001,0,0,0
157,-0.011666666666666667,-0.017500000000000002,-0.001,0,0,0
158,-0.010833333333333334,-0.017500000000000002,-0.001,0,0,0
159,-0.01,-0.017500000000000002,-0.001,0,0,0
160,-0.0091666666666666667,-0.017500000000000002,-0.001,0,0,0
161,-0.0083333333333333332,-0.017500000000000002,-0.001,0,0,0
162,-0.0074999999999999997,-0.017500000000000002,-0.001,0,0,0
163,-0.0066666666666666662,-0.017500000000000002,-0.001,0,0,0
164,-0.0058333333333333327,-0.017500000000000002,-0.001,0,0,0
165,-0.0049999999999999992,-0.017500000000000002,-0.001,0,0,0
166,-0.0041666666666666657,-0.017500000000000002,-0.001,0,0,0
167,-0.003333333333333334,-0.017500000000000002,-0.001,0,0,0
168,-0.0024999999999999988,-0.017500000000000002,-0.001,0,0,0
169,-0.001666666666666667,-0.017500000000000002,-0.001,0,0,0
170,-0.00083333333333333176,-0.017500000000000002,-0.001,0,0,0
171,0,-0.017500000000000002,-0.001,0,0,0
172,0.00083333333333333523,-0.017500000000000002,-0.001,0,0,0
173,0.001666666666666667,-0.017500000000000002,-0.001,0,0,0
174,0.0025000000000000022,-0.017500000000000002,-0.001,0,0,0
175,0.003333333333333334,-0.017500000000000002,-0.001,0,0,0
176,0.0041666666666666692,-0.017500000000000002,-0.001,0,0,0
177,0.005000000000000001,-0.017500000000000002,-0.001,0,0,0
178,0.0058333333333333362,-0.017500000000000002,-0.001,0,0,0
179,0.006666666666666668,-0.017500000000000002,-0.001,0,0,0
180,0.0074999999999999997,-0.017500000000000002,-0.001,0,0,0
181,0.008333333333333335,-0.017500000000000002,-0.001,0,0,0
182,0.0091666666666666667,-0.017500000000000002,-0.001,0,0,0
183,0.010000000000000002,-0.017500000000000002,-0.001,0,0,0
184,0.010833333333333334,-0.017500000000000002,-0.001,0,0,0
185,0.011666666666666669,-0.017500000000000002,-0.001,0,0,0
186,0.012500000000000001,-0.017500000000000002,-0.001,0,0,0
187,0.013333333333333332,-0.017500000000000002,-0.001,0,0,0
188,0.014166666666666671,-0.017500000000000002,-0.001,0,0,0
189,0.015000000000000003,-0.017500000000000002,-0.001,0,0,0
190,0.015833333333333335,-0.017500000000000002,-0.001,0,0,0
191,0.016666666666666666,-0.017500000000000002,-0.001,0,0,0
192,0.017500000000000005,-0.017500000000000002,-0.001,0,0,0
193,0.018333333333333337,-0.017500000000000002,-0.001,0,0,0
194,0.019166666666666669,-0.017500000000000002,-0.001,0,0,0
195,0.02,-0.017500000000000002,-0.001,0,0,0
196,-0.02,-0.016666666666666666,-0.001,0,0,0
197,-0.019166666666666669,-0.016666666666666666,-0.001,0,0,0
198,-0.018333333333333333,-0.016666666666666666,-0.001,0,0,0
199,-0.017500000000000002,-0.016666666666666666,-0.001,0,0,0
200,-0.016666666666666666,-0.016666666666666666,-0.001,0,0,0
201,-0.015833333333333335,-0.016666666666666666,-0.001,0,0,0
202,-0.014999999999999999,-0.016666666666666666,-0.001,0,0,0
203,-0.014166666666666668,-0.016666666666666666,-0.001,0,0,0
204,-0.013333333333333332,-0.016666666666666666,-0.001,0,0,0
205,-0.012500000000000001,-0.016666666666666666,-0.001,0,0,0
206,-0.011666666666666667,-0.016666666666666666,-0.001,0,0,0
207,-0.010833333333333334,-0.016666666666666666,-0.001,0,0,0
208,-0.01,-0.016666666666666666,-0.001,0,0,0
209,-0.0091666666666666667,-0.016666666666666666,-0.001,0,0,0
210,-0.0083333333333333332,-0.016666666666666666,-0.001,0,0,0
211,-0.0074999999999999997,-0.016666666666666666,-0.001,0,0,0
212,-0.0066666666666666662,-0.016666666666666666,-0.001,0,0,0
213,-0.0058333333333333327,-0.016666666666666666,-0.001,0,0,0
214,-0.0049999999999999992,-0.016666666666666666,-0.001,0,0,0
215,-0.0041666666666666657,-0.016666666666666666,-0.001,0,0,0
216,-0.003333333333333334,-0.016666666666666666,-0.001,0,0,0
217,-0.0024999999999999988,-0.016666666666666666,-0.001,0,0,0
218,-0.001666666666666667,-0.016666666666666666,-0.001,0,0,0
219,-0.00083333333333333176,-0.016666666666666666,-0.001,0,0,0
220,0,-0.016666666666666666,-0.001,0,0,0
221,0.00083333333333333523,-0.016666666666666666,-0.001,0,0,0
222,0.001666666666666667,-0.016666666666666666,-0.001,0,0,0
223,0.0025000000000000022,-0.016666666666666666,-0.001,0,0,0
224,0.003333333333333334,-0.016666666666666666,-0.001,0,0,0
225,0.0041666666666666692,-0.016666666666666666,-0.001,0,0,0
226,0.005000000000000001,-0.016666666666666666,-0.001,0,0,0
227,0.0058333333333333362,-0.016666666666666666,-0.001,0,0,0
228,0.006666666666666668,-0.016666666666666666,-0.001,0,0,0
229,0.0074999999999999997,-0.016666666666666666,-0.001,0,0,0
230,0.008333333333333335,-0.016666666666666666,-0.001,0,0,0
231,0.0091666666666666667,-0.016666666666666666,-0.001,0,0,0
232,0.010000000000000002,-0.016666666666666666,-0.001,0,0,0
233,0.010833333333333334,-0.016666666666666666,-0.001,0,0,0
234,0.011666666666666669,-0.016666666666666666,-0.001,0,0,0
235,0.012500000000000001,-0.016666666666666666,-0.001,0,0,0
236,0.013333333333333332,-0.016666666666666666,-0.001,0,0,0
237,0.014166666666666671,-0.016666666666666666,-0.001,0,0,0
238,0.015000000000000003,-0.016666666666666666,-0.001,0,0,0
239,0.015833333333333335,-0.016666666666666666,-0.001,0,0,0
240,0.016666666666666666,-0.016666666666666666,-0.001,0,0,0
241,0.017500000000000005,-0.016666666666666666,-0.001,0,0,0
242,0.018333333333333337,-0.016666666666666666,-0.001,0,0,0
243,0.019166666666666669,-0.016666666666666666,-0.001,0,0,0
244,0.02,-0.016666666666666666,-0.001,0,0,0
245,-0.02,-0.015833333333333335,-0.001,0,0,0
246,-0.019166666666666669,-0.015833333333333335,-0.001,0,0,0
247,-0.018333333333333333,-0.015833333333333335,-0.001,0,0,0
248,-0.017500000000000002,-0.015833333333333335,-0.001,0,0,0
249,-0.016666666666666666,-0.015833333333333335,-0.001,0,0,0
250,-0.015833333333333335,-0.015833333333333335,-0.001,0,0,0
251,-0.014999999999999999,-0.015833333333333335,-0.001,0,0,0
252,-0.014166666666666668,-0.015833333333333335,-0.001,0,0,0
253,-0.013333333333333332,-0.015833333333333335,-0.001,0,0,0
254,-0.012500000000000001,-0.015833333333333335,-0.001,0,0,0
255,-0.011666666666666667,-0.015833333333333335,-0.001,0,0,0
256,-0.010833333333333334,-0.015833333333333335,-0.001,0,0,0
257,-0.01,-0.015833333333333335,-0.001,0,0,0
258,-0.0091666666666666667,-0.015833333333333335,-0.001,0,0,0
259,-0.0083333333333333332,-0.015833333333333335,-0.001,0,0,0
260,-0.0074999999999999997,-0.015833333333333335,-0.001,0,0,0
261,-0.0066666666666666662,-0.015833333333333335,-0.001,0,0,0
262,-0.0058333333333333327,-0.015833333333333335,-0.001,0,0,0
263,-0.0049999999999999992,-0.015833333333333335,-0.001,0,0,0
264,-0.0041666666666666657,-0.015833333333333335,-0.001,0,0,0
265,-0.003333333333333334,-0.015833333333333335,-0.001,0,0,0
266,-0.0024999999999999988,-0.015833333333333335,-0.001,0,0,0
267,-0.001666666666666667,-0.015833333333333335,-0.001,0,0,0
268,-0.00083333333333333176,-0.015833333333333335,-0.001,0,0,0
269,0,-0.015833333333333335,-0.001,0,0,0
270,0.00083333333333333523,-0.015833333333333335,-0.001,0,0,0
271,0.001666666666666667,-0.015833333333333335,-0.001,0,0,0
272,0.0025000000000000022,-0.015833333333333335,-0.001,0,0,0
273,0.003333333333333334,-0.015833333333333335,-0.001,0,0,0
274,0.0041666666666666692,-0.015833333333333335,-0.001,0,0,0
275,0.005000000000000001,-0.015833333333333335,-0.001,0,0,0
276,0.0058333333333333362,-0.015833333333333335,-0.001,0,0,0
277,0.006666666666666668,-0.015833333333333335,-0.001,0,0,0
278,0.0074999999999999997,-0.015833333333333335,-0.001,0,0,0
279,0.008333333333333335,-0.015833333333333335,-0.001,0,0,0
280,0.0091666666666666667,-0.015833333333333335,-0.001,0,0,0
281,0.010000000000000002,-0.015833333333333335,-0.001,0,0,0
282,0.010833333333333334,-0.015833333333333335,-0.001,0,0,0
283,0.011666666666666669,-0.015833333333333335,-0.001,0,0,0
284,0.012500000000000001,-0.015833333333333335,-0.001,0,0,0
285,0.013333333333333332,-0.015833333333333335,-0.001,0,0,0
286,0.014166666666666671,-0.015833333333333335,-0.001,0,0,0
287,0.015000000000000003,-0.015833333333333335,-0.001,0,0,0
288,0.015833333333333335,-0.015833333333333335,-0.001,0,0,0
289,0.016666666666666666,-0.015833333333333335,-0.001,0,0,0
290,0.017500000000000005,-0.015833333333333335,-0.001,0,0,0
291,0.018333333333333337,-0.015833333333333335,-0.001,0,0,0
292,0.019166666666666669,-0.015833333333333335,-0.001,0,0,0
293,0.02,-0.015833333333333335,-0.001,0,0,0
294,-0.02,-0.014999999999999999,-0.001,0,0,0
295,-0.019166666666666669,-0.014999999999999999,-0.001,0,0,0
296,-0.018333333333333333,-0.014999999999999999,-0.001,0,0,0
297,-0.017500000000000002,-0.014999999999999999,-0.001,0,0,0
298,-0.016666666666666666,-0.014999999999999999,-0.001,0,0,0
299,-0.015833333333333335,-0.014999999999999999,-0.001,0,0,0
300,-0.014999999999999999,-0.014999999999999999,-0.001,0,0,0
301,-0.014166666666666668,-0.014999999999999999,-0.001,0,0,0
302,-0.013333333333333332,-0.014999999999999999,-0.001,0,0,0
303,-0.012500000000000001,-0.014999999999999999,-0.001,0,0,0
304,-0.011666666666666667,-0.014999999999999999,-0.001,0,0,0
305,-0.010833333333333334,-0.014999999999999999,-0.001,0,0,0
306,-0.01,-0.014999999999999999,-0.001,0,0,0
307,-0.0091666666666666667,-0.014999999999999999,-0.001,0,0,0
308,-0.0083333333333333332,-0.014999999999999999,-0.001,0,0,0
309,-0.0074999999999999997,-0.014999999999999999,-0.001,0,0,0
310,-0.0066666666666666662,-0.014999999999999999,-0.001,0,0,0
311,-0.0058333333333333327,-0.014999999999999999,-0.001,0,0,0
312,-0.0049999999999999992,-0.014999999999999999,-0.001,0,0,0
313,-0.0041666666666666657,-0.014999999999999999,-0.001,0,0,0
314,-0.003333333333333334,-0.014999999999999999,-0.001,0,0,0
315,-0.0024999999999999988,-0.014999999999999999,-0.001,0,0,0
316,-0.001666666666666667,-0.014999999999999999,-0.001,0,0,0
317,-0.00083333333333333176,-0.014999999999999999,-0.001,0,0,0
318,0,-0.014999999999999999,-0.001,0,0,0
319,0.00083333333333333523,-0.014999999999999999,-0.001,0,0,0
320,0.001666666666666667,-0.014999999999999999,-0.001,0,0,0
321,0.0025000000000000022,-0.014999999999999999,-0.001,0,0,0
322,0.003333333333333334,-0.014999999999999999,-0.001,0,0,0
323,0.0041666666666666692,-0.014999999999999999,-0.001,0,0,0
324,0.005000000000000001,-0.014999999999999999,-0.001,0,0,0
325,0.0058333333333333362,-0.014999999999999999,-0.001,0,0,0
326,0.006666666666666668,-0.014999999999999999,-0.001,0,0,0
327,0.0074999999999999997,-0.014999999999999999,-0.001,0,0,0
328,0.008333333333333335,-0.014999999999999999,-0.001,0,0,0
329,0.0091666666666666667,-0.014999999999999999,-0.001,0,0,0
330,0.010000000000000002,-0.014999999999999999,-0.001,0,0,0
331,0.010833333333333334,-0.014999999999999999,-0.001,0,0,0
332,0.011666666666666669,-0.014999999999999999,-0.001,0,0,0
333,0.012500000000000001,-0.014999999999999999,-0.001,0,0,0
334,0.013333333333333332,-0.014999999999999999,-0.001,0,0,0
335,0.014166666666666671,-0.014999999999999999,-0.001,0,0,0
336,0.015000000000000003,-0.014999999999999999,-0.001,0,0,0
337,0.015833333333333335,-0.014999999999999999,-0.001,0,0,0
338,0.016666666666666666,-0.014999999999999999,-0.001,0,0,0
339,0.017500000000000005,-0.014999999999999999,-0.001,0,0,0
340,0.018333333333333337,-0.014999999999999999,-0.001,0,0,0
341,0.019166666666666669,-0.014999999999999999,-0.001,0,0,0
342,0.02,-0.014999999999999999,-0.001,0,0,0
343,-0.02,-0.014166666666666668,-0.001,0,0,0
344,-0.019166666666666669,-0.014166666666666668,-0.001,0,0,0
345,-0.018333333333333333,-0.014166666666666668,-0.001,0,0,0
346,-0.017500000000000002,-0.014166666666666668,-0.001,0,0,0
347,-0.016666666666666666,-0.014166666666666668,-0.001,0,0,0
348,-0.015833333333333335,-0.014166666666666668,-0.001,0,0,0
349,-0.014999999999999999,-0.014166666666666668,-0.001,0,0,0
350,-0.014166666666666668,-0.014166666666666668,-0.001,3.3555154610456011e-08,3.292351843717612e-08,1.399225578749892e-07
351,-0.013333333333333332,-0.014166666666666668,-0.001,-4.4096403639463261e-08,-1.0699094479702882e-07,1.0288714197283674e-07
352,-0.012500000000000001,-0.014166666666666668,-0.001,-1.5784481489887502e-07,-4.9910969166391609e-07,-2.0016390894110591e-07
353,-0.011666666666666667,-0.014166666666666668,-0.001,-2.9650790198740739e-07,-1.2267919297582441e-06,-8.4598744762794504e-07
354,-0.010833333333333334,-0.014166666666666668,-0.001,-4.4696154373365871e-07,-2.3150427703052391e-06,-1.8297242520703756e-06
355,-0.01,-0.014166666666666668,-0.001,-5.8108021807318445e-07,-3.7075113319966442e-06,-3.1029731169820162e-06
356,-0.0091666666666666667,-0.014166666666666668,-0.001,-6.8197335519758929e-07,-5.3383314340190774e-06,-4.6040466755096711e-06
357,-0.0083333333333333332,-0.014166666666666668,-0.001,-7.4996232257907146e-07,-7.153382817596095e-06,-6.2663226415034949e-06
358,-0.0074999999999999997,-0.014166666666666668,-0.001,-7.8899712767332072e-07,-9.091906523065115e-06,-8.0319838220440816e-06
359,-0.0066666666666666662,-0.014166666666666668,-0.001,-8.0314541617442334e-07,-1.1085809446200884e-05,-9.8441687090943065e-06
360,-0.0058333333333333327,-0.014166666666666668,-0.001,-7.9351447323217373e-07,-1.3054742243500944e-05,-1.1640345905968631e-05
361,-0.0049999999999999992,-0.014166666666666668,-0.001,-7.6084021230513679e-07,-1.4923921247290461e-05,-1.334755312058296e-05
362,-0.0041666666666666657,-0.014166666666666668,-0.001,-7.0788050710049236e-07,-1.6614911881113869e-05,-1.4901396811223157e-05
363,-0.003333333333333334,-0.014166666666666668,-0.001,-6.4167236469326116e-07,-1.8065271382407954e-05,-1.6242665307881491e-05
364,-0.0024999999999999988,-0.014166666666666668,-0.001,-5.638270799196066e-07,-1.9216315899072248e-05,-1.7304486673883792e-05
365,-0.001666666666666667,-0.014166666666666668,-0.001,-4.7673479358911917e-07,-2.0028766530438931e-05,-1.8047065027809758e-05
366,-0.00083333333333333176,-0.014166666666666668,-0.001,-3.876366793787138e-07,-2.0501356383251563e-05,-1.8465321424900717e-05
367,0,-0.014166666666666668,-0.001,-2.9531674501292215e-07,-2.0633860746843003e-05,-1.8568248603228866e-05
368,0.00083333333333333523,-0.014166666666666668,-0.001,-1.9909865344499557e-07,-2.0424879281067549e-05,-1.8357342439959995e-05
369,0.001666666666666667,-0.014166666666666668,-0.001,-9.8347957725819149e-08,-1.9886735284864681e-05,-1.7847471618622004e-05
370,0.0025000000000000022,-0.014166666666666668,-0.001,3.2671329476375475e-09,-1.9033302516321457e-05,-1.7051795277276318e-05
371,0.003333333333333334,-0.014166666666666668,-0.001,1.0173070312152528e-07,-1.788342325577809e-05,-1.5990692397124879e-05
372,0.0041666666666666692,-0.014166666666666668,-0.001,1.9541162953485144e-07,-1.6473638652117271e-05,-1.4693839049559217e-05
373,0.005000000000000001,-0.014166666666666668,-0.001,2.8699003575802664e-07,-1.4838581457084251e-05,-1.3196809578801728e-05
374,0.0058333333333333362,-0.014166666666666668,-0.001,3.7162472724888256e-07,-1.3028582657972319e-05,-1.1543117297605417e-05
375,0.006666666666666668,-0.014166666666666668,-0.001,4.4181814914494722e-07,-1.1110823510040123e-05,-9.7958616106799014e-06
376,0.0074999999999999997,-0.014166666666666668,-0.001,4.9265034289568549e-07,-9.1560325100022417e-06,-8.0207909687524191e-06
377,0.008333333333333335,-0.014166666666666668,-0.001,5.1779603182590619e-07,-7.236051566521408e-06,-6.2753529583269724e-06
378,0.0091666666666666667,-0.014166666666666668,-0.001,5.1006018363115197e-07,-5.4204717175130816e-06,-4.6206776466129326e-06
379,0.010000000000000002,-0.014166666666666668,-0.001,4.6209645478394614e-07,-3.7752607301498746e-06,-3.1215880888808909e-06
380,0.010833333333333334,-0.014166666666666668,-0.001,3.7047585647935412e-07,-2.3647007532337935e-06,-1.8379657943846936e-06
381,0.011666666666666669,-0.014166666666666668,-0.001,2.4637649941461936e-07,-1.2464247613302971e-06,-8.429996852388663e-07
382,0.012500000000000001,-0.014166666666666668,-0.001,1.2693530151607624e-07,-4.9197893777670671e-07,-1.7668486365302e-07
383,0.013333333333333332,-0.014166666666666668,-0.001,3.1967857962384934e-08,-1.0096595983379703e-07,1.2834925867186726e-07
384,0.014166666666666671,-0.014166666666666668,-0.001,-3.934022541158781e-08,3.8583090048922238e-08,1.5283295667684463e-07
385,0.015000000000000003,-0.014166666666666668,-0.001,0,0,0
386,0.015833333333333335,-0.014166666666666668,-0.001,0,0,0
387,0.016666666666666666,-0.014166666666666668,-0.001,0,0,0
388,0.017500000000000005,-0.014166666666666668,-0.001,0,0,0
389,0.018333333333333337,-0.014166666666666668,-0.001,0,0,0
390,0.019166666666666669,-0.014166666666666668,-0.001,0,0,0
391,0.02,-0.014166666666666668,-0.001,0,0,0
392,-0.02,-0.013333333333333332,-0.001,0,0,0
393,-0.019166666666666669,-0.013333333333333332,-0.001,0,0,0
394,-0.018333333333333333,-0.013333333333333332,-0.001,0,0,0
395,-0.017500000000000002,-0.013333333333333332,-0.001,0,0,0
396,-0.016666666666666666,-0.013333333333333332,-0.001,0,0,0
397,-0.015833333333333335,-0.013333333333333332,-0.001,0,0,0
398,-0.014999999999999999,-0.013333333333333332,-0.001,0,0,0
399,-0.014166666666666668,-0.013333333333333332,-0.001,-1.0602982604990612e-07,-4.2946255005927462e-08,1.0661876057041666e-07
400,-0.013333333333333332,-0.013333333333333332,-0.001,-3.4940269222118584e-07,-3.4184160393927842e-07,-7.7669211086053611e-07
401,-0.012500000000000001,-0.013333333333333332,-0.001,-6.8811622357399834e-07,-1.1285346763391527e-06,-2.7627180525438516e-06
402,-0.011666666666666667,-0.013333333333333332,-0.001,-1.0652794003454198e-06,-2.438736822882023e-06,-5.9424144026234218e-06
403,-0.010833333333333334,-0.013333333333333332,-0.001,-1.4472746159466417e-06,-4.2682410420851841e-06,-1.024620643943331e-05
404,-0.01,-0.013333333333333332,-0.001,-1.7942041662208558e-06,-6.5199727674193646e-06,-1.5555516917465777e-05
405,-0.0091666666666666667,-0.013333333333333332,-0.001,-2.0823083322710502e-06,-9.102610031804309e-06,-2.1713188808300744e-05
406,-0.0083333333333333332,-0.013333333333333332,-0.001,-2.2999380062055472e-06,-1.1933106112353443e-05,-2.8537088587973205e-05
407,-0.0074999999999999997,-0.013333333333333332,-0.001,-2.4426356611856614e-06,-1.4922254964788996e-05,-3.5826978072489663e-05
408,-0.0066666666666666662,-0.013333333333333332,-0.001,-2.5046299049870087e-06,-1.7974833841243555e-05,-4.33503014715122e-05
409,-0.0058333333333333327,-0.013333333333333332,-0.001,-2.4807547066188591e-06,-2.0997420791065457e-05,-5.0855936053358963e-05
410,-0.0049999999999999992,-0.013333333333333332,-0.001,-2.3708088948702845e-06,-2.3879565088622752e-05,-5.8077992989777196e-05
411,-0.0041666666666666657,-0.013333333333333332,-0.001,-2.1732134504458473e-06,-2.6505247049498271e-05,-6.4738913248207786e-05
412,-0.003333333333333334,-0.013333333333333332,-0.001,-1.8886229704322959e-06,-2.8782622624679526e-05,-7.0556522507364897e-05
413,-0.0024999999999999988,-0.013333333333333332,-0.001,-1.5401347530622172e-06,-3.0637652282502092e-05,-7.5291301682424262e-05
414,-0.001666666666666667,-0.013333333333333332,-0.001,-1.1450442274487869e-06,-3.1998199624792439e-05,-7.8775980869797159e-05
415,-0.00083333333333333176,-0.013333333333333332,-0.001,-7.2321733117609963e-07,-3.2815508259818567e-05,-8.0899964444568505e-05
416,0,-0.013333333333333332,-0.001,-2.9018783011307979e-07,-3.3063312033966108e-05,-8.1595007635058879e-05
417,0.00083333333333333523,-0.013333333333333332,-0.001,1.3932994975412428e-07,-3.2742162393480722e-05,-8.0839133562522129e-05
418,0.001666666666666667,-0.013333333333333332,-0.001,5.5409212221349881e-07,-3.1872473879133791e-05,-7.865881075929533e-05
419,0.0025000000000000022,-0.013333333333333332,-0.001,9.3623963785801402e-07,-3.0492182825313152e-05,-7.5141001053446695e-05
420,0.003333333333333334,-0.013333333333333332,-0.001,1.2722413774232422e-06,-2.8652687107424322e-05,-7.0425692480817606e-05
421,0.0041666666666666692,-0.013333333333333332,-0.001,1.5561560040795863e-06,-2.6416755048017845e-05,-6.4689370622877891e-05
422,0.005000000000000001,-0.013333333333333332,-0.001,1.7793185028960355e-06,-2.3863500373442226e-05,-5.8149166091029244e-05
423,0.0058333333333333362,-0.013333333333333332,-0.001,1.9343258904471254e-06,-2.1072803501202694e-05,-5.1046157395664277e-05
424,0.006666666666666668,-0.013333333333333332,-0.001,2.0163709845541752e-06,-1.8133518247368425e-05,-4.3633067497889142e-05
425,0.0074999999999999997,-0.013333333333333332,-0.001,2.0231508112484991e-06,-1.5135636389531263e-05,-3.6170524773154084e-05
426,0.008333333333333335,-0.013333333333333332,-0.001,1.9573431787042901e-06,-1.2170022805551573e-05,-2.8907546463005766e-05
427,0.0091666666666666667,-0.013333333333333332,-0.001,1.8202242983233301e-06,-9.3360885515112589e-06,-2.2064691030359976e-05
428,0.010000000000000002,-0.013333333333333332,-0.001,1.6090469054058795e-06,-6.7234412988485868e-06,-1.5854178134262618e-05
429,0.010833333333333334,-0.013333333333333332,-0.001,1.3283632259628579e-06,-4.4299630229076753e-06,-1.0470046353109815e-05
430,0.011666666666666669,-0.013333333333333332,-0.001,9.9296358683585328e-07,-2.5446675857277025e-06,-6.085613901947869e-06
431,0.012500000000000001,-0.013333333333333332,-0.001,6.3560205986315458e-07,-1.1598300607624682e-06,-2.830919666186605e-06
432,0.013333333333333332,-0.013333333333333332,-0.001,3.1739083489545784e-07,-3.4043417736935178e-07,-7.8835693330051013e-07
433,0.014166666666666671,-0.013333333333333332,-0.001,9.6174120361464676e-08,-3.840506750164589e-08,1.2666390630054289e-07
434,0.015000000000000003,-0.013333333333333332,-0.001,0,0,0
435,0.015833333333333335,-0.013333333333333332,-0.001,0,0,0
436,0.016666666666666666,-0.013333333333333332,-0.001,0,0,0
437,0.017500000000000005,-0.013333333333333332,-0.001,0,0,0
438,0.018333333333333337,-0.013333333333333332,-0.001,0,0,0
439,0.019166666666666669,-0.013333333333333332,-0.001,0,0,0
440,0.02,-0.013333333333333332,-0.001,0,0,0
441,-0.02,-0.012500000000000001,-0.001,0,0,0
442,-0.019166666666666669,-0.012500000000000001,-0.001,0,0,0
443,-0.018333333333333333,-0.012500000000000001,-0.001,0,0,0
444,-0.017500000000000002,-0.012500000000000001,-0.001,0,0,0
445,-0.016666666666666666,-0.012500000000000001,-0.001,0,0,0
446,-0.015833333333333335,-0.012500000000000001,-0.001,0,0,0
447,-0.014999999999999999,-0.012500000000000001,-0.001,0,0,0
448,-0.014166666666666668,-0.012500000000000001,-0.001,-4.970766642508771e-07,-1.4776923302056432e-07,-1.8921083726636476e-07
449,-0.013333333333333332,-0.012500000000000001,-0.001,-1.148199319729335e-06,-6.5692317016292159e-07,-2.7495318133327088e-06
450,-0.012500000000000001,-0.012500000000000001,-0.001,-1.9480633969869114e-06,-1.8802740761247176e-06,-7.4892964949117647e-06
451,-0.011666666666666667,-0.012500000000000001,-0.001,-2.7682812035491072e-06,-3.7656405019764929e-06,-1.4508242825659942e-05
452,-0.010833333333333334,-0.012500000000000001,-0.001,-3.5307688795633858e-06,-6.2369810401538462e-06,-2.3628354421990354e-05
453,-0.01,-0.012500000000000001,-0.001,-4.2010239789727272e-06,-9.188379653624047e-06,-3.4599033643590679e-05
454,-0.0091666666666666667,-0.012500000000000001,-0.001,-4.7581606242634983e-06,-1.2521470648900286e-05,-4.7108243086533186e-05
455,-0.0083333333333333332,-0.012500000000000001,-0.001,-5.1829524097876769e-06,-1.6134578764325096e-05,-6.0810081322334035e-05
456,-0.0074999999999999997,-0.012500000000000001,-0.001,-5.4530079284759217e-06,-1.993052312904189e-05,-7.5315476771359703e-05
457,-0.0066666666666666662,-0.012500000000000001,-0.001,-5.5528412164900636e-06,-2.381134658730574e-05,-9.0202068481212076e-05
458,-0.0058333333333333327,-0.012500000000000001,-0.001,-5.4706347206648865e-06,-2.7656326608313221e-05,-0.00010500687225001586
459,-0.0049999999999999992,-0.012500000000000001,-0.001,-5.1995288177188825e-06,-3.1339851992637064e-05,-0.00011922113159199368
460,-0.0041666666666666657,-0.012500000000000001,-0.001,-4.7368659456003896e-06,-3.4745781012153442e-05,-0.0001323270814786654
461,-0.003333333333333334,-0.012500000000000001,-0.001,-4.0954481899591242e-06,-3.7761244954085966e-05,-0.00014383822962347673
462,-0.0024999999999999988,-0.012500000000000001,-0.001,-3.2883070541012356e-06,-4.0262067638111171e-05,-0.00015330543899789843
463,-0.001666666666666667,-0.012500000000000001,-0.001,-2.3430993073311863e-06,-4.2128324183306793e-05,-0.00016035444000762325
464,-0.00083333333333333176,-0.012500000000000001,-0.001,-1.3008424954490412e-06,-4.3270877213844604e-05,-0.00016469541195420173
465,0,-0.012500000000000001,-0.001,-2.1536431507718829e-07,-4.3635070466997741e-05,-0.0001661472980877974
466,0.00083333333333333523,-0.012500000000000001,-0.001,8.5712598711496074e-07,-4.3210973020993057e-05,-0.00016465468906703287
467,0.001666666666666667,-0.012500000000000001,-0.001,1.8656963296896751e-06,-4.203262297316989e-05,-0.00016029416911499198
468,0.0025000000000000022,-0.012500000000000001,-0.001,2.7677368242788944e-06,-4.0168411786253349e-05,-0.00015325803167270046
469,0.003333333333333334,-0.012500000000000001,-0.001,3.5313448557926413e-06,-3.7701967975734917e-05,-0.00014384561932577166
470,0.0041666666666666692,-0.012500000000000001,-0.001,4.131820539032217e-06,-3.4737516582906554e-05,-0.00013244427923171436
471,0.005000000000000001,-0.012500000000000001,-0.001,4.5635030598771439e-06,-3.1392055183938264e-05,-0.00011950344329822308
472,0.0058333333333333362,-0.012500000000000001,-0.001,4.8245209356092839e-06,-2.7782004885787365e-05,-0.00010549856908186656
473,0.006666666666666668,-0.012500000000000001,-0.001,4.9238912191472668e-06,-2.4019554253287853e-05,-9.0897120867929185e-05
474,0.0074999999999999997,-0.012500000000000001,-0.001,4.8749628339434703e-06,-2.0217600801200521e-05,-7.6159747319001224e-05
475,0.008333333333333335,-0.012500000000000001,-0.001,4.6848994780343724e-06,-1.6466666875163169e-05,-6.1721008179505834e-05
476,0.0091666666666666667,-0.012500000000000001,-0.001,4.3579213386245745e-06,-1.2862359114810456e-05,-4.7998152100581347e-05
477,0.010000000000000002,-0.012500000000000001,-0.001,3.9022577156776508e-06,-9.501744992686974e-06,-3.5385365111110569e-05
478,0.010833333333333334,-0.012500000000000001,-0.001,3.32457147933087e-06,-6.4926367616868939e-06,-2.4252041062153848e-05
479,0.011666666666666669,-0.012500000000000001,-0.001,2.6413868302645869e-06,-3.9469886451361121e-06,-1.4939839834483433e-05
480,0.012500000000000001,-0.012500000000000001,-0.001,1.8843301315621517e-06,-1.9779677150067761e-06,-7.7330187350027497e-06
481,0.013333333333333332,-0.012500000000000001,-0.001,1.1185875183556998e-06,-6.9288053714261259e-07,-2.8401327326191737e-06
482,0.014166666666666671,-0.012500000000000001,-0.001,4.8345269600804008e-07,-1.4788001098444171e-07,-1.8385339057600693e-07
483,0.015000000000000003,-0.012500000000000001,-0.001,0,0,0
484,0.015833333333333335,-0.012500000000000001,-0.001,0,0,0
485,0.016666666666666666,-0.012500000000000001,-0.001,0,0,0
486,0.017500000000000005,-0.012500000000000001,-0.001,0,0,0
487,0.018333333333333337,-0.012500000000000001,-0.001,0,0,0
488,0.019166666666666669,-0.012500000000000001,-0.001,0,0,0
489,0.02,-0.012500000000000001,-0.001,0,0,0
490,-0.02,-0.011666666666666667,-0.001,0,0,0
491,-0.019166666666666669,-0.011666666666666667,-0.001,0,0,0
492,-0.018333333333333333,-0.011666666666666667,-0.001,0,0,0
493,-0.017500000000000002,-0.011666666666666667,-0.001,0,0,0
494,-0.016666666666666666,-0.011666666666666667,-0.001,0,0,0
495,-0.015833333333333335,-0.011666666666666667,-0.001,0,0,0
496,-0.014999999999999999,-0.011666666666666667,-0.001,0,0,0
497,-0.014166666666666668,-0.011666666666666667,-0.001,-1.227489143798927e-06,-2.6755139194169386e-07,-8.2905147639011562e-07
498,-0.013333333333333332,-0.011666666666666667,-0.001,-2.4878726455981536e-06,-9.9427040285350295e-07,-5.8986318606332432e-06
499,-0.012500000000000001,-0.011666666666666667,-0.001,-3.8851371518189886e-06,-2.6367551778291816e-06,-1.4464648762155413e-05
500,-0.011666666666666667,-0.011666666666666667,-0.001,-5.2405064075784194e-06,-5.0306076681269965e-06,-2.6534393025299518e-05
501,-0.010833333333333334,-0.011666666666666667,-0.001,-6.4838226806010213e-06,-8.0799089606452246e-06,-4.1752067348649182e-05
502,-0.01,-0.011666666666666667,-0.001,-7.571949417732389e-06,-1.1664510685641745e-05,-5.9685416037950058e-05
503,-0.0091666666666666667,-0.011666666666666667,-0.001,-8.4774292033202628e-06,-1.5689030450166458e-05,-7.9847161822374683e-05
504,-0.0083333333333333332,-0.011666666666666667,-0.001,-9.172321967959502e-06,-2.0062649301004787e-05,-0.00010170984722946922
505,-0.0074999999999999997,-0.011666666666666667,-0.001,-9.6292661007505488e-06,-2.4691720608245534e-05,-0.00012469798890594365
506,-0.0066666666666666662,-0.011666666666666667,-0.001,-9.8115784590527626e-06,-2.9467712784114664e-05,-0.00014818311478356875
507,-0.0058333333333333327,-0.011666666666666667,-0.001,-9.6850573324502188e-06,-3.4266300361329802e-05,-0.00017146683122089415
508,-0.0049999999999999992,-0.011666666666666667,-0.001,-9.2201237750894971e-06,-3.8942190825996553e-05,-0.00019381375592995932
509,-0.0041666666666666657,-0.011666666666666667,-0.001,-8.4058780607119099e-06,-4.3339501898845251e-05,-0.00021446795510723717
510,-0.003333333333333334,-0.011666666666666667,-0.001,-7.2424744441665188e-06,-4.7289111987764061e-05,-0.0002326771730044694
511,-0.0024999999999999988,-0.011666666666666667,-0.001,-5.7559273481634061e-06,-5.0598840102243548e-05,-0.00024771757259627552
512,-0.001666666666666667,-0.011666666666666667,-0.001,-3.9927968117850713e-06,-5.3102933216112657e-05,-0.00025895404705248559
513,-0.00083333333333333176,-0.011666666666666667,-0.001,-2.0392635284477449e-06,-5.4654720210462702e-05,-0.00026588907563874261
514,0,-0.011666666666666667,-0.001,-6.273182082568901e-10,-5.516471512521099e-05,-0.00026821277290358736
515,0.00083333333333333523,-0.011666666666666667,-0.001,2.0104178162053488e-06,-5.4607728589081476e-05,-0.00026583515850233335
516,0.001666666666666667,-0.011666666666666667,-0.001,3.8864969446990333e-06,-5.3031207882875005e-05,-0.00025888034874254289
517,0.0025000000000000022,-0.011666666666666667,-0.001,5.5328985480160456e-06,-5.0539083081853793e-05,-0.0002476863056861133
518,0.003333333333333334,-0.011666666666666667,-0.001,6.8828289134099764e-06,-4.7285791993585194e-05,-0.00023276498379566038
519,0.0041666666666666692,-0.011666666666666667,-0.001,7.9071099643902334e-06,-4.3419445021771928e-05,-0.00021475856664835758
520,0.005000000000000001,-0.011666666666666667,-0.001,8.5976044028145274e-06,-3.9103745451512572e-05,-0.00019437324750683216
521,0.0058333333333333362,-0.011666666666666667,-0.001,8.9808584404272738e-06,-3.4515923273213542e-05,-0.00017233881679281564
522,0.006666666666666668,-0.011666666666666667,-0.001,9.0835736269599268e-06,-2.9812418911905698e-05,-0.00014936716118397813
523,0.0074999999999999997,-0.011666666666666667,-0.001,8.9326921928945317e-06,-2.5121735914458873e-05,-0.00012613185377510408
524,0.008333333333333335,-0.011666666666666667,-0.001,8.5505702769229721e-06,-2.0547839084087759e-05,-0.00010327613636149777
525,0.0091666666666666667,-0.011666666666666667,-0.001,7.9637719530597955e-06,-1.6185239354469325e-05,-8.1405946553338772e-05
526,0.010000000000000002,-0.011666666666666667,-0.001,7.1865714146253371e-06,-1.212395476575562e-05,-6.1097566098011134e-05
527,0.010833333333333334,-0.011666666666666667,-0.001,6.229149727984081e-06,-8.4626167224613479e-06,-4.2906547405864173e-05
528,0.011666666666666669,-0.011666666666666667,-0.001,5.0995732004249959e-06,-5.3130915339170001e-06,-2.7366627239868178e-05
529,0.012500000000000001,-0.011666666666666667,-0.001,3.8264245022387816e-06,-2.8047440739162107e-06,-1.4961530481461272e-05
530,0.013333333333333332,-0.011666666666666667,-0.001,2.4880741391587618e-06,-1.0993480719814408e-06,-6.110643945989559e-06
531,0.014166666666666671,-0.011666666666666667,-0.001,1.2347543590984974e-06,-2.9273206733469383e-07,-8.5691683323030505e-07
532,0.015000000000000003,-0.011666666666666667,-0.001,0,0,0
533,0.015833333333333335,-0.011666666666666667,-0.001,0,0,0
534,0.016666666666666666,-0.011666666666666667,-0.001,0,0,0
535,0.017500000000000005,-0.011666666666666667,-0.001,0,0,0
536,0.018333333333333337,-0.011666666666666667,-0.001,0,0,0
537,0.019166666666666669,-0.011666666666666667,-0.001,0,0,0
538,0.02,-0.011666666666666667,-0.001,0,0,0
539,-0.02,-0.010833333333333334,-0.001,0,0,0
540,-0.019166666666666669,-0.010833333333333334,-0.001,0,0,0
541,-0.018333333333333333,-0.010833333333333334,-0.001,0,0,0
542,-0.017500000000000002,-0.010833333333333334,-0.001,0,0,0
543,-0.016666666666666666,-0.010833333333333334,-0.001,0,0,0
544,-0.015833333333333335,-0.010833333333333334,-0.001,0,0,0
545,-0.014999999999999999,-0.010833333333333334,-0.001,0,0,0
546,-0.014166666666666668,-0.010833333333333334,-0.001,-2.3214476610336856e-06,-3.8678349008105722e-07,-1.7976925127016485e-06
547,-0.013333333333333332,-0.010833333333333334,-0.001,-4.3512440901810486e-06,-1.3232804093079563e-06,-1.0148253953066648e-05
548,-0.012500000000000001,-0.010833333333333334,-0.001,-6.410273500927448e-06,-3.3241317369255131e-06,-2.3496771869895731e-05
549,-0.011666666666666667,-0.010833333333333334,-0.001,-8.3679947763030827e-06,-6.1649716466813492e-06,-4.1636336321672788e-05
550,-0.010833333333333334,-0.010833333333333334,-0.001,-1.0160529581135895e-05,-9.7350339227481664e-06,-6.3977632390192174e-05
551,-0.01,-0.010833333333333334,-0.001,-1.1749087677420458e-05,-1.3921619745502592e-05,-8.9898075299945856e-05
552,-0.0091666666666666667,-0.010833333333333334,-0.001,-1.3101942738883442e-05,-1.8646303573918411e-05,-0.00011874000392396114
553,-0.0083333333333333332,-0.010833333333333334,-0.001,-1.4181178979367434e-05,-2.3841577567449322e-05,-0.0001498092582238693
554,-0.0074999999999999997,-0.010833333333333334,-0.001,-1.493114193593584e-05,-2.9422702596778402e-05,-0.00018235876553148697
555,-0.0066666666666666662,-0.010833333333333334,-0.001,-1.5288761311452224e-05,-3.5289194394576222e-05,-0.00021555927821427211
556,-0.0058333333333333327,-0.010833333333333334,-0.001,-1.5178519701664832e-05,-4.1301854472012518e-05,-0.00024850311343203489
557,-0.0049999999999999992,-0.010833333333333334,-0.001,-1.4537946760306038e-05,-4.7274567879737878e-05,-0.00028020434095309463
558,-0.0041666666666666657,-0.010833333333333334,-0.001,-1.3319205568658347e-05,-5.2991764338629587e-05,-0.00030960928030803766
559,-0.003333333333333334,-0.010833333333333334,-0.001,-1.1508580150672151e-05,-5.8203753858720387e-05,-0.00033562970567014915
560,-0.0024999999999999988,-0.010833333333333334,-0.001,-9.1286482024035463e-06,-6.2634472080347534e-05,-0.00035720797631209222
561,-0.001666666666666667,-0.010833333333333334,-0.001,-6.2647612714727286e-06,-6.6025232922827177e-05,-0.0003733818219063282
562,-0.00083333333333333176,-0.010833333333333334,-0.001,-3.0462209691887099e-06,-6.8147854710065767e-05,-0.00038339596031298037
563,0,-0.010833333333333334,-0.001,3.3861984473289834e-07,-6.8858602066028784e-05,-0.00038677980674697951
564,0.00083333333333333523,-0.010833333333333334,-0.001,3.6856053610557583e-06,-6.8121309519591971e-05,-0.00038338647008704524
565,0.001666666666666667,-0.010833333333333334,-0.001,6.7895429118458466e-06,-6.5987899763615465e-05,-0.00037341030648174934
566,0.0025000000000000022,-0.010833333333333334,-0.001,9.4715179969971343e-06,-6.26281239629317e-05,-0.00035736599214313382
567,0.003333333333333334,-0.010833333333333334,-0.001,1.1622840276485299e-05,-5.8262229404175857e-05,-0.00033602470750353371
568,0.0041666666666666692,-0.010833333333333334,-0.001,1.3181544028399723e-05,-5.3144137621016096e-05,-0.00031034406569804092
569,0.005000000000000001,-0.010833333333333334,-0.001,1.4172590735043309e-05,-4.7535161087981128e-05,-0.00028135958087387766
570,0.0058333333333333362,-0.010833333333333334,-0.001,1.4629951146309522e-05,-4.1688743049155454e-05,-0.00025010015940977797
571,0.006666666666666668,-0.010833333333333334,-0.001,1.4626401267539543e-05,-3.5804506839509467e-05,-0.00021756175587277104
572,0.0074999999999999997,-0.010833333333333334,-0.001,1.4230599230956721e-05,-3.0039095461850045e-05,-0.00018467212883824507
573,0.008333333333333335,-0.010833333333333334,-0.001,1.3520511225402214e-05,-2.4516749655714604e-05,-0.00015228548346664895
574,0.0091666666666666667,-0.010833333333333334,-0.001,1.2539195262536444e-05,-1.9327948651709524e-05,-0.00012118888759772608
575,0.010000000000000002,-0.010833333333333334,-0.001,1.132242118660813e-05,-1.455050215157994e-05,-9.2123615030508102e-05
576,0.010833333333333334,-0.010833333333333334,-0.001,9.8821672142671769e-06,-1.0259554469632324e-05,-6.5813528899262441e-05
577,0.011666666666666669,-0.010833333333333334,-0.001,8.2202845363438214e-06,-6.5564734273369676e-06,-4.2979960324445443e-05
578,0.012500000000000001,-0.010833333333333334,-0.001,6.3559101593536647e-06,-3.569275365065464e-06,-2.4322864484363453e-05
579,0.013333333333333332,-0.010833333333333334,-0.001,4.3641044565684603e-06,-1.4931697031067935e-06,-1.0521503270423924e-05
580,0.014166666666666671,-0.010833333333333334,-0.001,2.3515975164664106e-06,-4.5331252475180831e-07,-1.8611245806577559e-06
581,0.015000000000000003,-0.010833333333333334,-0.001,0,0,0
582,0.015833333333333335,-0.010833333333333334,-0.001,0,0,0
583,0.016666666666666666,-0.010833333333333334,-0.001,0,0,0
584,0.017500000000000005,-0.010833333333333334,-0.001,0,0,0
585,0.018333333333333337,-0.010833333333333334,-0.001,0,0,0
586,0.019166666666666669,-0.010833333333333334,-0.001,0,0,0
587,0.02,-0.010833333333333334,-0.001,0,0,0
588,-0.02,-0.01,-0.001,0,0,0
589,-0.019166666666666669,-0.01,-0.001,0,0,0
590,-0.018333333333333333,-0.01,-0.001,0,0,0
591,-0.017500000000000002,-0.01,-0.001,0,0,0
592,-0.016666666666666666,-0.01,-0.001,0,0,0
593,-0.015833333333333335,-0.01,-0.001,0,0,0
594,-0.014999999999999999,-0.01,-0.001,0,0,0
595,-0.014166666666666668,-0.01,-0.001,-3.7123683285995682e-06,-4.7899616468068727e-07,-3.0546474739155949e-06
596,-0.013333333333333332,-0.01,-0.001,-6.6342095718568636e-06,-1.6094212766227008e-06,-1.538164074812091e-05
597,-0.012500000000000001,-0.01,-0.001,-9.4075568215079541e-06,-3.9136258364535643e-06,-3.4330258173967419e-05
598,-0.011666666666666667,-0.01,-0.001,-1.2015804723071456e-05,-7.1382034619054497e-06,-5.9364868029124954e-05
599,-0.010833333333333334,-0.01,-0.001,-1.4427091023535627e-05,-1.1182441268410279e-05,-8.964890592541359e-05
600,-0.01,-0.01,-0.001,-1.6616710915562416e-05,-1.5960788070184366e-05,-0.00012438415931358851
601,-0.0091666666666666667,-0.01,-0.001,-1.8549919745875589e-05,-2.1421518110215213e-05,-0.00016277373337422242
602,-0.0083333333333333332,-0.01,-0.001,-2.0169167596151573e-05,-2.7530136929801871e-05,-0.00020399564230968393
603,-0.0074999999999999997,-0.01,-0.001,-2.1387148981627152e-05,-3.4233209695054698e-05,-0.00024715938215690415
604,-0.0066666666666666662,-0.01,-0.001,-2.2091666563749718e-05,-4.1434206025034994e-05,-0.00029126859110348475
605,-0.0058333333333333327,-0.01,-0.001,-2.2157489290694951e-05,-4.8993484535647658e-05,-0.00033520433482425016
606,-0.0049999999999999992,-0.01,-0.001,-2.1440315650666813e-05,-5.6692868352227592e-05,-0.00037770409044062469
607,-0.0041666666666666657,-0.01,-0.001,-1.9836061036283481e-05,-6.4252185346302184e-05,-0.00041735911359436987
608,-0.003333333333333334,-0.01,-0.001,-1.725676299560502e-05,-7.1302820717624276e-05,-0.00045264811152043567
609,-0.0024999999999999988,-0.01,-0.001,-1.3723967257165538e-05,-7.7420817545096753e-05,-0.00048205546365018981
610,-0.001666666666666667,-0.01,-0.001,-9.3343680936798627e-06,-8.2165437628860556e-05,-0.00050419150659723917
611,-0.00083333333333333176,-0.01,-0.001,-4.3403077431580187e-06,-8.5155191311045409e-05,-0.00051794982574621649
612,0,-0.01,-0.001,9.3458056125578078e-07,-8.6173659271901966e-05,-0.00052264213603442919
613,0.00083333333333333523,-0.01,-0.001,6.1382036138773697e-06,-8.5119422886795104e-05,-0.00051807208757354191
614,0.001666666666666667,-0.01,-0.001,1.0917145348548934e-05,-8.2110795647986594e-05,-0.00050450545134674365
615,0.0025000000000000022,-0.01,-0.001,1.4983265453860482e-05,-7.7396369105051796e-05,-0.0004826796145229105
616,0.003333333333333334,-0.01,-0.001,1.8132191467273407e-05,-7.1362016570064127e-05,-0.00045371181780425219
617,0.0041666666666666692,-0.01,-0.001,2.032499215424487e-05,-6.44352315606415e-05,-0.00041896580614456195
618,0.005000000000000001,-0.01,-0.001,2.1564122325901757e-05,-5.7036502538481735e-05,-0.00037990793645150555
619,0.0058333333333333362,-0.01,-0.001,2.1979478545373783e-05,-4.9500799335717425e-05,-0.00033797902784197246
620,0.006666666666666668,-0.01,-0.001,2.1683432128729398e-05,-4.2090618622818504e-05,-0.0002945283866747692
621,0.0074999999999999997,-0.01,-0.001,2.084519855845327e-05,-3.5018638861864692e-05,-0.0002507549001508381
622,0.008333333333333335,-0.01,-0.001,1.959184172000843e-05,-2.8394453433187969e-05,-0.00020772917055348879
623,0.0091666666666666667,-0.01,-0.001,1.8033500310836801e-05,-2.2294012118876236e-05,-0.00016640200919394241
624,0.010000000000000002,-0.01,-0.001,1.6220075196253975e-05,-1.6763562446230576e-05,-0.00012765223784476544
625,0.010833333333333334,-0.01,-0.001,1.4171872773265553e-05,-1.1854719723201517e-05,-9.2336750950799393e-05
626,0.011666666666666669,-0.01,-0.001,1.1885559537486467e-05,-7.6416242407129354e-06,-6.133238990528841e-05
627,0.012500000000000001,-0.01,-0.001,9.3689813426710219e-06,-4.2381719583610517e-06,-3.5546608072244e-05
628,0.013333333333333332,-0.01,-0.001,6.6540236019494271e-06,-1.8385097863440059e-06,-1.5946980937104459e-05
629,0.014166666666666671,-0.01,-0.001,3.7599457946629465e-06,-5.8962195536515109e-07,-3.1585262421048309e-06
630,0.015000000000000003,-0.01,-0.001,0,0,0
631,0.015833333333333335,-0.01,-0.001,0,0,0
632,0.016666666666666666,-0.01,-0.001,0,0,0
633,0.017500000000000005,-0.01,-0.001,0,0,0
634,0.018333333333333337,-0.01,-0.001,0,0,0
635,0.019166666666666669,-0.01,-0.001,0,0,0
636,0.02,-0.01,-0.001,0,0,0
637,-0.02,-0.0091666666666666667,-0.001,0,0,0
638,-0.019166666666666669,-0.0091666666666666667,-0.001,0,0,0
639,-0.018333333333333333,-0.0091666666666666667,-0.001,0,0,0
640,-0.017500000000000002,-0.0091666666666666667,-0.001,0,0,0
641,-0.016666666666666666,-0.0091666666666666667,-0.001,0,0,0
642,-0.015833333333333335,-0.0091666666666666667,-0.001,0,0,0
643,-0.014999999999999999,-0.0091666666666666667,-0.001,0,0,0
644,-0.014166666666666668,-0.0091666666666666667,-0.001,-5.344176495964106e-06,-5.3326496654208818e-07,-4.542226679663897e-06
645,-0.013333333333333332,-0.0091666666666666667,-0.001,-9.2380687988488289e-06,-1.833517688603167e-06,-2.1448331996624537e-05
646,-0.012500000000000001,-0.0091666666666666667,-0.001,-1.2762324308801423e-05,-4.3934654018002552e-06,-4.6651673506184076e-05
647,-0.011666666666666667,-0.0091666666666666667,-0.001,-1.6067651232224038e-05,-7.9449566977592813e-06,-7.9222315581725731e-05
648,-0.010833333333333334,-0.0091666666666666667,-0.001,-1.9180235453533633e-05,-1.2420670574503338e-05,-0.00011808560636291481
649,-0.01,-0.0091666666666666667,-0.001,-2.2099675269644915e-05,-1.7781686086051962e-05,-0.00016231075092955398
650,-0.0091666666666666667,-0.0091666666666666667,-0.001,-2.4784239146053223e-05,-2.4019411329588776e-05,-0.00021101450694177245
651,-0.0083333333333333332,-0.0091666666666666667,-0.001,-2.7156452786365502e-05,-3.1140379922218885e-05,-0.00026329624101546588
652,-0.0074999999999999997,-0.0091666666666666667,-0.001,-2.9095956210499075e-05,-3.9142434888498008e-05,-0.00031817192773360892
653,-0.0066666666666666662,-0.0091666666666666667,-0.001,-3.0441502149235447e-05,-4.7985337233447007e-05,-0.00037451256700330116
654,-0.0058333333333333327,-0.0091666666666666667,-0.001,-3.0967480108629858e-05,-5.7547515494548899e-05,-0.00043102089893546676
655,-0.0049999999999999992,-0.0091666666666666667,-0.001,-3.0423341170141749e-05,-6.7614009342102782e-05,-0.00048613069379304643
656,-0.0041666666666666657,-0.0091666666666666667,-0.001,-2.8518914333616372e-05,-7.7806724420346321e-05,-0.00053799494860758265
657,-0.003333333333333334,-0.0091666666666666667,-0.001,-2.5056371885740503e-05,-8.7549961609571035e-05,-0.00058452219766272362
658,-0.0024999999999999988,-0.0091666666666666667,-0.001,-1.9979201516064594e-05,-9.6154663204133715e-05,-0.00062355338213225878
659,-0.001666666666666667,-0.0091666666666666667,-0.001,-1.3476872161545876e-05,-0.00010290730737230977,-0.00065306795670456487
660,-0.00083333333333333176,-0.0091666666666666667,-0.001,-5.9490679497411903e-06,-0.00010716476601282803,-0.00067146594239405537
661,0,-0.0091666666666666667,-0.001,1.9778304051326322e-06,-0.00010856976588724494,-0.00067778469937827563
662,0.00083333333333333523,-0.0091666666666666667,-0.001,9.7518735947968068e-06,-0.00010701420231139043,-0.00067179116750860229
663,0.001666666666666667,-0.0091666666666666667,-0.001,1.6831670638812403e-05,-0.0001026573477909402,-0.00065382814833014858
664,0.0025000000000000022,-0.0091666666666666667,-0.001,2.269538621192549e-05,-9.5941473297948016e-05,-0.00062492238678700355
665,0.003333333333333334,-0.0091666666666666667,-0.001,2.7104427581926676e-05,-8.7452095220665258e-05,-0.00058666196761088653
666,0.0041666666666666692,-0.0091666666666666667,-0.001,2.9906103388971678e-05,-7.7909328106889384e-05,-0.00054097773970513503
667,0.005000000000000001,-0.0091666666666666667,-0.001,3.1259955993845325e-05,-6.7960383021168838e-05,-0.00048994996636872847
668,0.0058333333333333362,-0.0091666666666666667,-0.001,3.1346326419914421e-05,-5.8120056568962411e-05,-0.0004355692251040687
669,0.006666666666666668,-0.0091666666666666667,-0.001,3.0482504137495879e-05,-4.8755998896843309e-05,-0.00037960017271813879
670,0.0074999999999999997,-0.0091666666666666667,-0.001,2.8890157371237586e-05,-4.0060310126717356e-05,-0.00032355912727667814
671,0.008333333333333335,-0.0091666666666666667,-0.001,2.6825270392274734e-05,-3.2154774389916867e-05,-0.00026871745393404982
672,0.0091666666666666667,-0.0091666666666666667,-0.001,2.4436993115401196e-05,-2.504317949171979e-05,-0.00021616848070728396
673,0.010000000000000002,-0.0091666666666666667,-0.001,2.1824386726177791e-05,-1.8731794371583463e-05,-0.00016688669724263005
674,0.010833333333333334,-0.0091666666666666667,-0.001,1.9012234863571069e-05,-1.3220373495876427e-05,-0.00012181600218246337
675,0.011666666666666669,-0.0091666666666666667,-0.001,1.5999412154998434e-05,-8.5469426203924645e-06,-8.1936932767435417e-05
676,0.012500000000000001,-0.0091666666666666667,-0.001,1.2765592962889529e-05,-4.7920701064548499e-06,-4.8320697664070075e-05
677,0.013333333333333332,-0.0091666666666666667,-0.001,9.2803367601244379e-06,-2.1215628686781474e-06,-2.2219908052441306e-05
678,0.014166666666666671,-0.0091666666666666667,-0.001,5.4130059694461912e-06,-6.9277214521119763e-07,-4.6752059331356294e-06
679,0.015000000000000003,-0.0091666666666666667,-0.001,0,0,0
680,0.015833333333333335,-0.0091666666666666667,-0.001,0,0,0
681,0.016666666666666666,-0.0091666666666666667,-0.001,0,0,0
682,0.017500000000000005,-0.0091666666666666667,-0.001,0,0,0
683,0.018333333333333337,-0.0091666666666666667,-0.001,0,0,0
684,0.019166666666666669,-0.0091666666666666667,-0.001,0,0,0
685,0.02,-0.0091666666666666667,-0.001,0,0,0
686,-0.02,-0.0083333333333333332,-0.001,0,0,0
687,-0.019166666666666669,-0.0083333333333333332,-0.001,0,0,0
688,-0.018333333333333333,-0.0083333333333333332,-0.001,0,0,0
689,-0.017500000000000002,-0.0083333333333333332,-0.001,0,0,0
690,-0.016666666666666666,-0.0083333333333333332,-0.001,0,0,0
691,-0.015833333333333335,-0.0083333333333333332,-0.001,0,0,0
692,-0.014999999999999999,-0.0083333333333333332,-0.001,0,0,0
693,-0.014166666666666668,-0.0083333333333333332,-0.001,-7.1669286731897261e-06,-5.527715282132599e-07,-6.1987122791067175e-06
694,-0.013333333333333332,-0.0083333333333333332,-0.001,-1.2071307737173585e-05,-1.990638705652e-06,-2.8176282927779528e-05
695,-0.012500000000000001,-0.0083333333333333332,-0.001,-1.6374283109416762e-05,-4.7548630453983855e-06,-6.0116685377797503e-05
696,-0.011666666666666667,-0.0083333333333333332,-0.001,-2.0424553040558315e-05,-8.5778017821795127e-06,-0.00010068684936400763
697,-0.010833333333333334,-0.0083333333333333332,-0.001,-2.4340592894233845e-05,-1.3441617206333643e-05,-0.00014860150351237719
698,-0.01,-0.0083333333333333332,-0.001,-2.814606131724493e-05,-1.9363885280297939e-05,-0.00020285902199838459
699,-0.0091666666666666667,-0.0083333333333333332,-0.001,-3.1800395247417071e-05,-2.6401762190186155e-05,-0.00026255657503026402
700,-0.0083333333333333332,-0.0083333333333333332,-0.001,-3.5217328337140461e-05,-3.4625389183980339e-05,-0.00032678219407157773
701,-0.0074999999999999997,-0.0083333333333333332,-0.001,-3.826200413768248e-05,-4.4136347265586633e-05,-0.00039453207502159371
702,-0.0066666666666666662,-0.0083333333333333332,-0.001,-4.0689890979326271e-05,-5.4989919110303435e-05,-0.00046462972224823641
703,-0.0058333333333333327,-0.0083333333333333332,-0.001,-4.214940583845785e-05,-6.7164593439020373e-05,-0.00053561347215830605
704,-0.0049999999999999992,-0.0083333333333333332,-0.001,-4.2152911207762048e-05,-8.0418720826909001e-05,-0.00060561727011274296
705,-0.0041666666666666657,-0.0083333333333333332,-0.001,-4.016903146705478e-05,-9.4240760444932995e-05,-0.00067226987573116008
706,-0.003333333333333334,-0.0083333333333333332,-0.001,-3.5690524059340159e-05,-0.0001077684530560357,-0.00073268829289461568
707,-0.0024999999999999988,-0.0083333333333333332,-0.001,-2.8636473828463626e-05,-0.0001199387543741417,-0.00078378806816502939
708,-0.001666666666666667,-0.0083333333333333332,-0.001,-1.9196148112030172e-05,-0.00012960591759808161,-0.00082264918015430039
709,-0.00083333333333333176,-0.0083333333333333332,-0.001,-8.0617134051415185e-06,-0.00013564018892907141,-0.00084694997088303971
710,0,-0.0083333333333333332,-0.001,3.626363347319834e-06,-0.00013757494198746316,-0.00085533343097702068
711,0.00083333333333333523,-0.0083333333333333332,-0.001,1.5036380073287973e-05,-0.00013520376054329078,-0.00084755271695766143
712,0.001666666666666667,-0.0083333333333333332,-0.001,2.5275167427682417e-05,-0.00012889644136378681,-0.00082401985370353771
713,0.0025000000000000022,-0.0083333333333333332,-0.001,3.3586183804806804e-05,-0.00011923978539353419,-0.00078620162300098125
714,0.003333333333333334,-0.0083333333333333332,-0.001,3.9454558247926102e-05,-0.00010725751382700845,-0.00073635607793527268
715,0.0041666666666666692,-0.0083333333333333332,-0.001,4.2876138657294394e-05,-9.4006909426239062e-05,-0.00067721230121602126
716,0.005000000000000001,-0.0083333333333333332,-0.001,4.3968735799944685e-05,-8.0543981307505162e-05,-0.00061172371900820692
717,0.0058333333333333362,-0.0083333333333333332,-0.001,4.3317537188191288e-05,-6.7635612422163951e-05,-0.00054261299930061105
718,0.006666666666666668,-0.0083333333333333332,-0.001,4.1351949435625142e-05,-5.5737872358036243e-05,-0.00047219030101645654
719,0.0074999999999999997,-0.0083333333333333332,-0.001,3.8579812833356434e-05,-4.5083797501256367e-05,-0.00040228796577794588
720,0.008333333333333335,-0.0083333333333333332,-0.001,3.5294423451089465e-05,-3.5683552015759882e-05,-0.00033436502118971664
721,0.0091666666666666667,-0.0083333333333333332,-0.001,3.1755884233682087e-05,-2.7493540771866325e-05,-0.00026960123639570657
722,0.010000000000000002,-0.0083333333333333332,-0.001,2.808538987263587e-05,-2.0394194986947112e-05,-0.00020901397683140789
723,0.010833333333333334,-0.0083333333333333332,-0.001,2.4327221327791783e-05,-1.432012942778852e-05,-0.00015356450258552219
724,0.011666666666666669,-0.0083333333333333332,-0.001,2.0464270316965436e-05,-9.2486646620267451e-06,-0.0001042696605533117
725,0.012500000000000001,-0.0083333333333333332,-0.001,1.6446323281276425e-05,-5.2136426758653384e-06,-6.2303420837857417e-05
726,0.013333333333333332,-0.0083333333333333332,-0.001,1.2155532364517376e-05,-2.3375075759046889e-06,-2.9163555865160808e-05
727,0.014166666666666671,-0.0083333333333333332,-0.001,7.2426503415041399e-06,-7.626039495986032e-07,-6.3460199252949293e-06
728,0.015000000000000003,-0.0083333333333333332,-0.001,0,0,0
729,0.015833333333333335,-0.0083333333333333332,-0.001,0,0,0
730,0.016666666666666666,-0.0083333333333333332,-0.001,0,0,0
731,0.017500000000000005,-0.0083333333333333332,-0.001,0,0,0
732,0.018333333333333337,-0.0083333333333333332,-0.001,0,0,0
733,0.019166666666666669,-0.0083333333333333332,-0.001,0,0,0
734,0.02,-0.0083333333333333332,-0.001,0,0,0
735,-0.02,-0.0074999999999999997,-0.001,0,0,0
736,-0.019166666666666669,-0.0074999999999999997,-0.001,0,0,0
737,-0.018333333333333333,-0.0074999999999999997,-0.001,0,0,0
738,-0.017500000000000002,-0.0074999999999999997,-0.001,0,0,0
739,-0.016666666666666666,-0.0074999999999999997,-0.001,0,0,0
740,-0.015833333333333335,-0.0074999999999999997,-0.001,0,0,0
741,-0.014999999999999999,-0.0074999999999999997,-0.001,0,0,0
742,-0.014166666666666668,-0.0074999999999999997,-0.001,-9.1238085315385693e-06,-5.4470741991312986e-07,-7.9691294852041457e-06
743,-0.013333333333333332,-0.0074999999999999997,-0.001,-1.5047919665004693e-05,-2.0799290998093861e-06,-3.5367417845506143e-05
744,-0.012500000000000001,-0.0074999999999999997,-0.001,-2.0144671667114446e-05,-4.9883939264821868e-06,-7.4358688955531536e-05
745,-0.011666666666666667,-0.0074999999999999997,-0.001,-2.4998324155708627e-05,-9.0182093382813938e-06,-0.00012321070714820076
746,-0.010833333333333334,-0.0074999999999999997,-0.001,-2.9832677430221383e-05,-1.4212265486439579e-05,-0.00018048647636027723
747,-0.01,-0.0074999999999999997,-0.001,-3.4709731020596754e-05,-2.0656294329751184e-05,-0.00024518128148259978
748,-0.0091666666666666667,-0.0074999999999999997,-0.001,-3.9608973998141388e-05,-2.8483697260718582e-05,-0.00031645531375329038
749,-0.0083333333333333332,-0.0074999999999999997,-0.001,-4.4472628717817517e-05,-3.7892666921913124e-05,-0.00039348078574548098
750,-0.0074999999999999997,-0.0074999999999999997,-0.001,-4.9132898419888794e-05,-4.9110033986258058e-05,-0.00047535758678317531
751,-0.0066666666666666662,-0.0074999999999999997,-0.001,-5.3273970481513616e-05,-6.2385402546981148e-05,-0.00056093342247985753
752,-0.0058333333333333327,-0.0074999999999999997,-0.001,-5.6343533314165269e-05,-7.7800872628174249e-05,-0.00064867564812009972
753,-0.0049999999999999992,-0.0074999999999999997,-0.001,-5.7568618540474423e-05,-9.5194675729919689e-05,-0.00073643463441331041
754,-0.0041666666666666657,-0.0074999999999999997,-0.001,-5.588572992708603e-05,-0.00011395026319421878,-0.00082122533767837894
755,-0.003333333333333334,-0.0074999999999999997,-0.001,-5.0336335480674308e-05,-0.00013278654551115613,-0.00089902746346895998
756,-0.0024999999999999988,-0.0074999999999999997,-0.001,-4.0641140437000746e-05,-0.00015007691402694183,-0.00096549848520698447
757,-0.001666666666666667,-0.0074999999999999997,-0.001,-2.7018912131756974e-05,-0.00016395552782755323,-0.0010163655248117539
758,-0.00083333333333333176,-0.0074999999999999997,-0.001,-1.0578834608135557e-05,-0.00017251494995981334,-0.0010482571119560028
759,0,-0.0074999999999999997,-0.001,6.4712586327459998e-06,-0.0001750622599651788,-0.0010593110656026915
760,0.00083333333333333523,-0.0074999999999999997,-0.001,2.30162973223855e-05,-0.00017146718905308232,-0.0010491917260520612
761,0.001666666666666667,-0.0074999999999999997,-0.001,3.7706100050289384e-05,-0.00016218650572998741,-0.0010185212265314332
762,0.0025000000000000022,-0.0074999999999999997,-0.001,4.9073458588423965e-05,-0.00014831865422323834,-0.00096928982564439532
763,0.003333333333333334,-0.0074999999999999997,-0.001,5.6718620657175334e-05,-0.00013133124009507657,-0.00090473214563743874
764,0.0041666666666666692,-0.0074999999999999997,-0.001,6.0389042642192058e-05,-0.00011296092105866445,-0.00082877862817567268
765,0.005000000000000001,-0.0074999999999999997,-0.001,6.0773046218250244e-05,-9.4791688537889716e-05,-0.00074551368327139861
766,0.0058333333333333362,-0.0074999999999999997,-0.001,5.8553467427573481e-05,-7.7875912547447596e-05,-0.00065882752821868858
767,0.006666666666666668,-0.0074999999999999997,-0.001,5.4779280486851395e-05,-6.2870028990058197e-05,-0.00057158405044160942
768,0.0074999999999999997,-0.0074999999999999997,-0.001,5.0109616396644458e-05,-4.986705904507869e-05,-0.00048600964866252655
769,0.008333333333333335,-0.0074999999999999997,-0.001,4.5090746139136232e-05,-3.8820878514929177e-05,-0.00040365524925588064
770,0.0091666666666666667,-0.0074999999999999997,-0.001,3.998346032632434e-05,-2.9500285063113684e-05,-0.00032571189167219063
771,0.010000000000000002,-0.0074999999999999997,-0.001,3.4956544841993322e-05,-2.1664700927602941e-05,-0.00025314588709998009
772,0.010833333333333334,-0.0074999999999999997,-0.001,3.0037279216019921e-05,-1.510148745887208e-05,-0.00018684392624461314
773,0.011666666666666669,-0.0074999999999999997,-0.001,2.5185360217302689e-05,-9.7188978962062468e-06,-0.00012776961901461451
774,0.012500000000000001,-0.0074999999999999997,-0.001,2.0302787213257501e-05,-5.4861400596015878e-06,-7.7120415864951342e-05
775,0.013333333333333332,-0.0074999999999999997,-0.001,1.5184347721520467e-05,-2.4785461732997088e-06,-3.6586849339796348e-05
776,0.014166666666666671,-0.0074999999999999997,-0.001,9.1853048275838486e-06,-8.0447497197349987e-07,-8.112389424959603e-06
777,0.015000000000000003,-0.0074999999999999997,-0.001,0,0,0
778,0.015833333333333335,-0.0074999999999999997,-0.001,0,0,0
779,0.016666666666666666,-0.0074999999999999997,-0.001,0,0,0
780,0.017500000000000005,-0.0074999999999999997,-0.001,0,0,0
781,0.018333333333333337,-0.0074999999999999997,-0.001,0,0,0
782,0.019166666666666669,-0.0074999999999999997,-0.001,0,0,0
783,0.02,-0.0074999999999999997,-0.001,0,0,0
784,-0.02,-0.0066666666666666662,-0.001,0,0,0
785,-0.019166666666666669,-0.0066666666666666662,-0.001,0,0,0
786,-0.018333333333333333,-0.0066666666666666662,-0.001,0,0,0
787,-0.017500000000000002,-0.0066666666666666662,-0.001,0,0,0
788,-0.016666666666666666,-0.0066666666666666662,-0.001,0,0,0
789,-0.015833333333333335,-0.0066666666666666662,-0.001,0,0,0
790,-0.014999999999999999,-0.0066666666666666662,-0.001,0,0,0
791,-0.014166666666666668,-0.0066666666666666662,-0.001,-1.114519203121109e-05,-5.1312378756685023e-07,-9.7977367249487616e-06
792,-0.013333333333333332,-0.0066666666666666662,-0.001,-1.8080899413267374e-05,-2.1016140499752093e-06,-4.2807376710060205e-05
793,-0.012500000000000001,-0.0066666666666666662,-0.001,-2.3976407571808333e-05,-5.0870301256702585e-06,-8.8983735553876026e-05
794,-0.011666666666666667,-0.0066666666666666662,-0.001,-2.9695688026148502e-05,-9.239673275992186e-06,-0.00014621243817289638
795,-0.010833333333333334,-0.0066666666666666662,-0.001,-3.5572971078322216e-05,-1.4678104033186943e-05,-0.00021298287554500904
796,-0.01,-0.0066666666666666662,-0.001,-4.1733051261838851e-05,-2.1564466458622961e-05,-0.00028836193991975178
797,-0.0091666666666666667,-0.0066666666666666662,-0.001,-4.8216614126235462e-05,-3.0139582069246627e-05,-0.0003716687429035918
798,-0.0083333333333333332,-0.0066666666666666662,-0.001,-5.5007018552023894e-05,-4.0738118545752589e-05,-0.00046230649976015259
799,-0.0074999999999999997,-0.0066666666666666662,-0.001,-6.1951369008534941e-05,-5.3811728440878665e-05,-0.00055957025049022048
800,-0.0066666666666666662,-0.0066666666666666662,-0.001,-6.863384135339073e-05,-6.9810370787659241e-05,-0.00066250977316743506
801,-0.0058333333333333327,-0.0066666666666666662,-0.001,-7.4306948790739703e-05,-8.9128707491961572e-05,-0.00076962960158708568
802,-0.0049999999999999992,-0.0066666666666666662,-0.001,-7.7730566404415167e-05,-0.00011178445659758388,-0.00087862008636609157
803,-0.0041666666666666657,-0.0066666666666666662,-0.001,-7.7096412759900378e-05,-0.0001371663892991896,-0.00098572530862212657
804,-0.003333333333333334,-0.0066666666666666662,-0.001,-7.0411836104981461e-05,-0.00016333946109297676,-0.0010854624808321566
805,-0.0024999999999999988,-0.0066666666666666662,-0.001,-5.7265209981753327e-05,-0.00018790985807169447,-0.0011716920287053751
806,-0.001666666666666667,-0.0066666666666666662,-0.001,-3.7452946988605994e-05,-0.00020784784560912674,-0.0012381382026398872
807,-0.00083333333333333176,-0.0066666666666666662,-0.001,-1.3081480615464013e-05,-0.00021988107017750067,-0.0012799399816294662
808,0,-0.0066666666666666662,-0.001,1.1828898047844044e-05,-0.00022320137694911634,-0.0012944863864869035
809,0.00083333333333333523,-0.0066666666666666662,-0.001,3.569408753722967e-05,-0.00021747789512377427,-0.0012812699227792027
810,0.001666666666666667,-0.0066666666666666662,-0.001,5.6425155632101285e-05,-0.0002039094180515396,-0.001241258438780664
811,0.0025000000000000022,-0.0066666666666666662,-0.001,7.1826667715487664e-05,-0.00018373226898275207,-0.0011772953684299548
812,0.003333333333333334,-0.0066666666666666662,-0.001,8.1011756229265204e-05,-0.00015988415522490636,-0.0010938048662185295
813,0.0041666666666666692,-0.0066666666666666662,-0.001,8.4613724373292805e-05,-0.00013463406149451267,-0.00099662095495210365
814,0.005000000000000001,-0.0066666666666666662,-0.001,8.2871934064753563e-05,-0.00011026824098493116,-0.00089139599873701953
815,0.0058333333333333362,-0.0066666666666666662,-0.001,7.7991903395567859e-05,-8.8474858804466527e-05,-0.00078355797974097318
816,0.006666666666666668,-0.0066666666666666662,-0.001,7.1185167338102485e-05,-6.9675000444012394e-05,-0.00067680731423042215
817,0.0074999999999999997,-0.0066666666666666662,-0.001,6.3732144005567879e-05,-5.4097127354462182e-05,-0.00057352138554935916
818,0.008333333333333335,-0.0066666666666666662,-0.001,5.6241150499583898e-05,-4.1292056972162899e-05,-0.00047536345493755987
819,0.0091666666666666667,-0.0066666666666666662,-0.001,4.9081602025120382e-05,-3.0890197477550287e-05,-0.00038334999173108105
820,0.010000000000000002,-0.0066666666666666662,-0.001,4.2347696859222195e-05,-2.2411271289857836e-05,-0.00029826899498738282
821,0.010833333333333334,-0.0066666666666666662,-0.001,3.6045213786655667e-05,-1.5491375730762741e-05,-0.00022081698976679506
822,0.011666666666666669,-0.0066666666666666662,-0.001,3.0065185279822623e-05,-9.9189549543548256e-06,-0.00015180538895799149
823,0.012500000000000001,-0.0066666666666666662,-0.001,2.4247112589231199e-05,-5.593714912076838e-06,-9.2354950914230703e-05
824,0.013333333333333332,-0.0066666666666666662,-0.001,1.827186277533959e-05,-2.5354074233526683e-06,-4.4273902178879123e-05
825,0.014166666666666671,-0.0066666666666666662,-0.001,1.1180324332712368e-05,-8.2213694709064641e-07,-9.9228176073765647e-06
826,0.015000000000000003,-0.0066666666666666662,-0.001,0,0,0
827,0.015833333333333335,-0.0066666666666666662,-0.001,0,0,0
828,0.016666666666666666,-0.0066666666666666662,-0.001,0,0,0
829,0.017500000000000005,-0.0066666666666666662,-0.001,0,0,0
830,0.018333333333333337,-0.0066666666666666662,-0.001,0,0,0
831,0.019166666666666669,-0.0066666666666666662,-0.001,0,0,0
832,0.02,-0.0066666666666666662,-0.001,0,0,0
833,-0.02,-0.0058333333333333327,-0.001,0,0,0
834,-0.019166666666666669,-0.0058333333333333327,-0.001,0,0,0
835,-0.018333333333333333,-0.0058333333333333327,-0.001,0,0,0
836,-0.017500000000000002,-0.0058333333333333327,-0.001,0,0,0
837,-0.016666666666666666,-0.0058333333333333327,-0.001,0,0,0
838,-0.015833333333333335,-0.0058333333333333327,-0.001,0,0,0
839,-0.014999999999999999,-0.0058333333333333327,-0.001,0,0,0
840,-0.014166666666666668,-0.0058333333333333327,-0.001,-1.3160340443616836e-05,-4.6527523452677822e-07,-1.1622468455145611e-05
841,-0.013333333333333332,-0.0058333333333333327,-0.001,-2.1079092240099394e-05,-2.0558711411191237e-06,-5.0267941250493974e-05
842,-0.012500000000000001,-0.0058333333333333327,-0.001,-2.7772922403992859e-05,-5.0361652343417702e-06,-0.0001035704476525208
843,-0.011666666666666667,-0.0058333333333333327,-0.001,-3.4418419751928462e-05,-9.2145268892218227e-06,-0.00016906881261391808
844,-0.010833333333333334,-0.0058333333333333327,-0.001,-4.1460743972649612e-05,-1.476771277161404e-05,-0.00024526754276857007
845,-0.01,-0.0058333333333333327,-0.001,-4.9122856817039304e-05,-2.1967174181175358e-05,-0.00033138155510970782
846,-0.0091666666666666667,-0.0058333333333333327,-0.001,-5.7551157981711553e-05,-3.1158510655521411e-05,-0.00042701244056361347
847,-0.0083333333333333332,-0.0058333333333333327,-0.001,-6.6833773963412973e-05,-4.2861261116077418e-05,-0.00053189344323232809
848,-0.0074999999999999997,-0.0058333333333333327,-0.001,-7.68411318204281e-05,-5.7746691670498449e-05,-0.00064570662532278565
849,-0.0066666666666666662,-0.0058333333333333327,-0.001,-8.7107274812284262e-05,-7.6657694155639255e-05,-0.00076787989479655842
850,-0.0058333333333333327,-0.0058333333333333327,-0.001,-9.6671350494561539e-05,-0.00010041428728672272,-0.00089719337097385972
851,-0.0049999999999999992,-0.0058333333333333327,-0.001,-0.00010386052531013063,-0.00012960966877013951,-0.0010315376923356961
852,-0.0041666666666666657,-0.0058333333333333327,-0.001,-0.00010532645994426104,-0.00016373914184463373,-0.0011663159375132658
853,-0.003333333333333334,-0.0058333333333333327,-0.001,-9.7652963498820624e-05,-0.00020001317845633212,-0.001293997787318964
854,-0.0024999999999999988,-0.0058333333333333327,-0.001,-7.9894328603927398e-05,-0.00023498839690856463,-0.0014059367141933403
855,-0.001666666666666667,-0.0058333333333333327,-0.001,-5.080670563972783e-05,-0.00026357892758265472,-0.0014930316933313582
856,-0.00083333333333333176,-0.0058333333333333327,-0.001,-1.440748970971757e-05,-0.00028029976337799853,-0.0015481862183702063
857,0,-0.0058333333333333327,-0.001,2.2068187686139226e-05,-0.00028409849184353648,-0.0015675765215341533
858,0.00083333333333333523,-0.0058333333333333327,-0.001,5.6233628079274132e-05,-0.00027512030874116009,-0.0015499676170279923
859,0.001666666666666667,-0.0058333333333333327,-0.001,8.5173303629695841e-05,-0.00025484094133137656,-0.0014976056857797064
860,0.0025000000000000022,-0.0058333333333333327,-0.001,0.00010492443230892977,-0.00022602609654312557,-0.0014142957236103644
861,0.003333333333333334,-0.0058333333333333327,-0.001,0.0001155847715471025,-0.00019268564497259264,-0.0013060892366556461
862,0.0041666666666666692,-0.0058333333333333327,-0.001,0.00011745035771336282,-0.00015846605781857971,-0.0011818332626000014
863,0.005000000000000001,-0.0058333333333333327,-0.001,0.00011206659104596474,-0.00012612643093304972,-0.0010491406528433775
864,0.0058333333333333362,-0.0058333333333333327,-0.001,0.00010228662041999349,-9.82828832810942e-05,-0.00091566246100264191
865,0.006666666666666668,-0.0058333333333333327,-0.001,9.1035067713557036e-05,-7.5484342552774799e-05,-0.00078623935782022852
866,0.0074999999999999997,-0.0058333333333333327,-0.001,7.9530135566915975e-05,-5.7140326070643195e-05,-0.00066321252390500005
867,0.008333333333333335,-0.0058333333333333327,-0.001,6.8718866279528364e-05,-4.2746529156161516e-05,-0.00054793735651319112
868,0.0091666666666666667,-0.0058333333333333327,-0.001,5.8910015101823468e-05,-3.1405021030789579e-05,-0.00044114618896268091
869,0.010000000000000002,-0.0058333333333333327,-0.001,5.0120701378101859e-05,-2.2493012018272194e-05,-0.0003432261797586759
870,0.010833333333333334,-0.0058333333333333327,-0.001,4.2211464181112119e-05,-1.5399349813744699e-05,-0.00025455076260182206
871,0.011666666666666669,-0.0058333333333333327,-0.001,3.498208337176984e-05,-9.8085996750029885e-06,-0.0001756702974114356
872,0.012500000000000001,-0.0058333333333333327,-0.001,2.816606618173419e-05,-5.5168768042458435e-06,-0.00010754246479669947
873,0.013333333333333332,-0.0058333333333333327,-0.001,2.1322055685451669e-05,-2.5017707791392508e-06,-5.1976248200790532e-05
874,0.014166666666666671,-0.0058333333333333327,-0.001,1.316300768581883e-05,-8.1495298688746941e-07,-1.1719409034761778e-05
875,0.015000000000000003,-0.0058333333333333327,-0.001,0,0,0
876,0.015833333333333335,-0.0058333333333333327,-0.001,0,0,0
877,0.016666666666666666,-0.0058333333333333327,-0.001,0,0,0
878,0.017500000000000005,-0.0058333333333333327,-0.001,0,0,0
879,0.018333333333333337,-0.0058333333333333327,-0.001,0,0,0
880,0.019166666666666669,-0.0058333333333333327,-0.001,0,0,0
881,0.02,-0.0058333333333333327,-0.001,0,0,0
882,-0.02,-0.0049999999999999992,-0.001,0,0,0
883,-0.019166666666666669,-0.0049999999999999992,-0.001,0,0,0
884,-0.018333333333333333,-0.0049999999999999992,-0.001,0,0,0
885,-0.017500000000000002,-0.0049999999999999992,-0.001,0,0,0
886,-0.016666666666666666,-0.0049999999999999992,-0.001,0,0,0
887,-0.015833333333333335,-0.0049999999999999992,-0.001,0,0,0
888,-0.014999999999999999,-0.0049999999999999992,-0.001,0,0,0
889,-0.014166666666666668,-0.0049999999999999992,-0.001,-1.5094741755161281e-05,-4.0608591118674985e-07,-1.337571722007413e-05
890,-0.013333333333333332,-0.0049999999999999992,-0.001,-2.3958131662881447e-05,-1.9410347305795413e-06,-5.7504991055007019e-05
891,-0.012500000000000001,-0.0049999999999999992,-0.001,-3.1438522524943269e-05,-4.8199628184162998e-06,-0.00011766440758340658
892,-0.011666666666666667,-0.0049999999999999992,-0.001,-3.9050776503579745e-05,-8.9049226640024633e-06,-0.0001911158538854618
893,-0.010833333333333334,-0.0049999999999999992,-0.001,-4.7353412822063892e-05,-1.4409200133516818e-05,-0.00027644306656348657
894,-0.01,-0.0049999999999999992,-0.001,-5.6710013752042986e-05,-2.1708701558359203e-05,-0.00037310113286493648
895,-0.0091666666666666667,-0.0049999999999999992,-0.001,-6.7443715336449293e-05,-3.1278411442135876e-05,-0.00048105220016549094
896,-0.0083333333333333332,-0.0049999999999999992,-0.001,-7.9768767385990513e-05,-4.3808250869053007e-05,-0.00060050199613565414
897,-0.0074999999999999997,-0.0049999999999999992,-0.001,-9.3642544909117295e-05,-6.0250055453126941e-05,-0.00073172029041267096
898,-0.0066666666666666662,-0.0049999999999999992,-0.001,-0.00010867351431107631,-8.1946028917369873e-05,-0.00087478740118275913
899,-0.0058333333333333327,-0.0049999999999999992,-0.001,-0.000123769335228054,-0.00011047386469072887,-0.0010291695944058244
900,-0.0049999999999999992,-0.0049999999999999992,-0.001,-0.00013682995808634132,-0.00014721978764585349,-0.0011936525927956942
901,-0.0041666666666666657,-0.0049999999999999992,-0.001,-0.00014209824848426529,-0.00019182209228564836,-0.0013618462518821942
902,-0.003333333333333334,-0.0049999999999999992,-0.001,-0.00013339921940465227,-0.00023964046617848099,-0.0015237818362565559
903,-0.0024999999999999988,-0.0049999999999999992,-0.001,-0.00010882143617775515,-0.00028408794379890533,-0.0016663300725198913
904,-0.001666666666666667,-0.0049999999999999992,-0.001,-6.6571932027471365e-05,-0.00032139904343651165,-0.0017844524589844693
905,-0.00083333333333333176,-0.0049999999999999992,-0.001,-1.3373858680759385e-05,-0.00034160451516328011,-0.0018646287799887957
906,0,-0.0049999999999999992,-0.001,3.8989001436577232e-05,-0.0003437900265102827,-0.0018925407796705996
907,0.00083333333333333523,-0.0049999999999999992,-0.001,8.6819006766102554e-05,-0.0003285079810135857,-0.0018667938143902333
908,0.001666666666666667,-0.0049999999999999992,-0.001,0.00012680760423228326,-0.00029947047649150118,-0.0017910786462601548
909,0.0025000000000000022,-0.0049999999999999992,-0.001,0.00015271677117972542,-0.00026146533565728545,-0.0016802576661596696
910,0.003333333333333334,-0.0049999999999999992,-0.001,0.00016199939072022366,-0.00022024983064613355,-0.0015386222589993299
911,0.0041666666666666692,-0.0049999999999999992,-0.001,0.00016154236267172686,-0.00017955695847088348,-0.0013819205274195603
912,0.005000000000000001,-0.0049999999999999992,-0.001,0.00014957308588913271,-0.00013959138229920913,-0.0012170084497261345
913,0.0058333333333333362,-0.0049999999999999992,-0.001,0.0001323157368992933,-0.00010571293815164672,-0.0010530466217414892
914,0.006666666666666668,-0.0049999999999999992,-0.001,0.00011426860137560697,-7.8818498662724208e-05,-0.00089752128329020485
915,0.0074999999999999997,-0.0049999999999999992,-0.001,9.7372811746710176e-05,-5.8265082759122497e-05,-0.00075277862202433174
916,0.008333333333333335,-0.0049999999999999992,-0.001,8.2288374850157366e-05,-4.2631063494913306e-05,-0.00061939239297603113
917,0.0091666666666666667,-0.0049999999999999992,-0.001,6.9242077528005607e-05,-3.0787950364438474e-05,-0.00049742802740397921
918,0.010000000000000002,-0.0049999999999999992,-0.001,5.8043364390586288e-05,-2.1735431405793028e-05,-0.00038667593230656626
919,0.010833333333333334,-0.0049999999999999992,-0.001,4.8354349049920103e-05,-1.4750617540576339e-05,-0.00028701001371858587
920,0.011666666666666669,-0.0049999999999999992,-0.001,3.9787804703673031e-05,-9.341020906672724e-06,-0.00019859992380985743
921,0.012500000000000001,-0.0049999999999999992,-0.001,3.1933057547940406e-05,-5.2415102964603173e-06,-0.00012216507830363249
922,0.013333333333333332,-0.0049999999999999992,-0.001,2.4239134260928052e-05,-2.3714240935646418e-06,-5.942685298062855e-05
923,0.014166666666666671,-0.0049999999999999992,-0.001,1.5066392071306302e-05,-7.8457438274324992e-07,-1.3443088308151087e-05
924,0.015000000000000003,-0.0049999999999999992,-0.001,0,0,0
925,0.015833333333333335,-0.0049999999999999992,-0.001,0,0,0
926,0.016666666666666666,-0.0049999999999999992,-0.001,0,0,0
927,0.017500000000000005,-0.0049999999999999992,-0.001,0,0,0
928,0.018333333333333337,-0.0049999999999999992,-0.001,0,0,0
929,0.019166666666666669,-0.0049999999999999992,-0.001,0,0,0
930,0.02,-0.0049999999999999992,-0.001,0,0,0
931,-0.02,-0.0041666666666666657,-0.001,0,0,0
932,-0.019166666666666669,-0.0041666666666666657,-0.001,0,0,0
933,-0.018333333333333333,-0.0041666666666666657,-0.001,0,0,0
934,-0.017500000000000002,-0.0041666666666666657,-0.001,0,0,0
935,-0.016666666666666666,-0.0041666666666666657,-0.001,0,0,0
936,-0.015833333333333335,-0.0041666666666666657,-0.001,0,0,0
937,-0.014999999999999999,-0.0041666666666666657,-0.001,0,0,0
938,-0.014166666666666668,-0.0041666666666666657,-0.001,-1.6878169837878394e-05,-3.3558647195316068e-07,-1.5001136301599109e-05
939,-0.013333333333333332,-0.0041666666666666657,-0.001,-2.6616914297296192e-05,-1.7538624978842436e-06,-6.426715161409209e-05
940,-0.012500000000000001,-0.0041666666666666657,-0.001,-3.4855423631994207e-05,-4.4280672353519242e-06,-0.00013080080335895454
941,-0.011666666666666667,-0.0041666666666666657,-0.001,-4.3441190240386838e-05,-8.2710454961285652e-06,-0.00021165530729230753
942,-0.010833333333333334,-0.0041666666666666657,-0.001,-5.3062892303906553e-05,-1.3528352196328698e-05,-0.0003055401543645438
943,-0.01,-0.0041666666666666657,-0.001,-6.4250485328268327e-05,-2.0644171922995409e-05,-0.00041222022121753358
944,-0.0091666666666666667,-0.0041666666666666657,-0.001,-7.755923371428437e-05,-3.020750766579503e-05,-0.0005320918752952543
945,-0.0083333333333333332,-0.0041666666666666657,-0.001,-9.3386523283746267e-05,-4.3055761194635488e-05,-0.0006659421857465993
946,-0.0074999999999999997,-0.0041666666666666657,-0.001,-0.00011186783070842625,-6.0440039719068614e-05,-0.0008148188108932199
947,-0.0066666666666666662,-0.0041666666666666657,-0.001,-0.00013280991675789527,-8.4243810957627317e-05,-0.00097972414277327753
948,-0.0058333333333333327,-0.0041666666666666657,-0.001,-0.00015529029161383184,-0.00011683886512357633,-0.0011613731638675021
949,-0.0049999999999999992,-0.0041666666666666657,-0.001,-0.00017655394293854271,-0.00016070051470704877,-0.0013593592763414511
950,-0.0041666666666666657,-0.0041666666666666657,-0.001,-0.00018576037594771638,-0.00021367693397752208,-0.0015639984972473978
951,-0.003333333333333334,-0.0041666666666666657,-0.001,-0.00017533936612340451,-0.00027090650152829829,-0.0017697633517365571
952,-0.0024999999999999988,-0.0041666666666666657,-0.001,-0.00014495089126686172,-0.00032463765309935033,-0.0019657440021006705
953,-0.001666666666666667,-0.0041666666666666657,-0.001,-8.8503246083341844e-05,-0.00036074863149551157,-0.0021091445223743229
954,-0.00083333333333333176,-0.0041666666666666657,-0.001,-1.4723539247573848e-05,-0.00037525308676552573,-0.0021988137673735297
955,0,-0.0041666666666666657,-0.001,5.8233554065157784e-05,-0.0003679492759751838,-0.0022275924133058908
956,0.00083333333333333523,-0.0041666666666666657,-0.001,0.0001211385067284087,-0.00034927090426106782,-0.0021996063309310471
957,0.001666666666666667,-0.0041666666666666657,-0.001,0.00017372349418580356,-0.00031717546827512018,-0.0021081960809068755
958,0.0025000000000000022,-0.0041666666666666657,-0.001,0.00020805250763624816,-0.00027521582926433335,-0.0019657538945382557
959,0.003333333333333334,-0.0041666666666666657,-0.001,0.00022157640049616078,-0.00023125317697211733,-0.0017980947797012941
960,0.0041666666666666692,-0.0041666666666666657,-0.001,0.00021194280167288255,-0.00018312366604759543,-0.0015871698266462693
961,0.005000000000000001,-0.0041666666666666657,-0.001,0.00019419879976280549,-0.00014380085248589204,-0.0013873460510145236
962,0.0058333333333333362,-0.0041666666666666657,-0.001,0.00016743927503094422,-0.0001064365186889026,-0.0011904176897863999
963,0.006666666666666668,-0.0041666666666666657,-0.001,0.00014024437628394908,-7.7807394970944374e-05,-0.001006499013303668
964,0.0074999999999999997,-0.0041666666666666657,-0.001,0.00011657209935749124,-5.6232132627098865e-05,-0.00083903180720861252
965,0.008333333333333335,-0.0041666666666666657,-0.001,9.6440263425147803e-05,-4.0451258133235655e-05,-0.00068719153491458634
966,0.0091666666666666667,-0.0041666666666666657,-0.001,7.9683134841773289e-05,-2.872801779838714e-05,-0.0005502304955911834
967,0.010000000000000002,-0.0041666666666666657,-0.001,6.5816575722512884e-05,-2.0028499994483552e-05,-0.00042710452551912771
968,0.010833333333333334,-0.0041666666666666657,-0.001,5.4237330784666669e-05,-1.3475293264053364e-05,-0.00031705812467406057
969,0.011666666666666669,-0.0041666666666666657,-0.001,4.4302935329641792e-05,-8.4889047991014418e-06,-0.00021978338964812082
970,0.012500000000000001,-0.0041666666666666657,-0.001,3.5428525018396021e-05,-4.7589566494698537e-06,-0.00013567670237562068
971,0.013333333333333332,-0.0041666666666666657,-0.001,2.6922740423660789e-05,-2.1507766079596411e-06,-6.6329007217166339e-05
972,0.014166666666666671,-0.0041666666666666657,-0.001,1.6817864755041939e-05,-7.2862905517827814e-07,-1.5032798984678877e-05
973,0.015000000000000003,-0.0041666666666666657,-0.001,0,0,0
974,0.015833333333333335,-0.0041666666666666657,-0.001,0,0,0
975,0.016666666666666666,-0.0041666666666666657,-0.001,0,0,0
976,0.017500000000000005,-0.0041666666666666657,-0.001,0,0,0
977,0.018333333333333337,-0.0041666666666666657,-0.001,0,0,0
978,0.019166666666666669,-0.0041666666666666657,-0.001,0,0,0
979,0.02,-0.0041666666666666657,-0.001,0,0,0
980,-0.02,-0.003333333333333334,-0.001,0,0,0
981,-0.019166666666666669,-0.003333333333333334,-0.001,0,0,0
982,-0.018333333333333333,-0.003333333333333334,-0.001,0,0,0
983,-0.017500000000000002,-0.003333333333333334,-0.001,0,0,0
984,-0.016666666666666666,-0.003333333333333334,-0.001,0,0,0
985,-0.015833333333333335,-0.003333333333333334,-0.001,0,0,0
986,-0.014999999999999999,-0.003333333333333334,-0.001,0,0,0
987,-0.014166666666666668,-0.003333333333333334,-0.001,-1.8458223291601008e-05,-2.552990716295199e-07,-1.6448471691115416e-05
988,-0.013333333333333332,-0.003333333333333334,-0.001,-2.8968929482304337e-05,-1.4974690425715431e-06,-7.0295849405099741e-05
989,-0.012500000000000001,-0.003333333333333334,-0.001,-3.7917397295027995e-05,-3.8561774761880037e-06,-0.00014251278915145362
990,-0.011666666666666667,-0.003333333333333334,-0.001,-4.7430711565411816e-05,-7.2858820228485773e-06,-0.00022997147797036686
991,-0.010833333333333334,-0.003333333333333334,-0.001,-5.8341530495083784e-05,-1.2056348409403883e-05,-0.00033153798842640433
992,-0.01,-0.003333333333333334,-0.001,-7.1407192402791632e-05,-1.864974780739226e-05,-0.00044732107923280422
993,-0.0091666666666666667,-0.003333333333333334,-0.001,-8.7385631680623937e-05,-2.7703373601544807e-05,-0.00057820527635211766
994,-0.0083333333333333332,-0.003333333333333334,-0.001,-0.0001069154214252771,-4.0145822294618013e-05,-0.00072561465268042682
995,-0.0074999999999999997,-0.003333333333333334,-0.001,-0.00013045575385354756,-5.7510500256069516e-05,-0.00089150958097323617
996,-0.0066666666666666662,-0.003333333333333334,-0.001,-0.00015816873647189598,-8.2111946460595065e-05,-0.0010779637109425374
997,-0.0058333333333333327,-0.003333333333333334,-0.001,-0.00018965542318088955,-0.00011696408134672276,-0.0012873349753441013
998,-0.0049999999999999992,-0.003333333333333334,-0.001,-0.00022079776343283226,-0.00016546532268684564,-0.0015192102022709149
999,-0.0041666666666666657,-0.003333333333333334,-0.001,-0.00023187080759992345,-0.00022304441432034611,-0.0017633622843107948
1000,-0.003333333333333334,-0.003333333333333334,-0.001,-0.00022273994784396592,-0.00028605707374858351,-0.0020273459478835302
1001,-0.0024999999999999988,-0.003333333333333334,-0.001,-0.00018026786534359633,-0.00033314572091615432,-0.0022425860025604731
1002,-0.001666666666666667,-0.003333333333333334,-0.001,-0.00010973596800033711,-0.00035090993922575316,-0.0024008171146609122
1003,-0.00083333333333333176,-0.003333333333333334,-0.001,-2.5271849401349247e-05,-0.00035523247359821303,-0.0025168129519630559
1004,0,-0.003333333333333334,-0.001,6.5237536395407284e-05,-0.00033828734271082488,-0.0025498328431691722
1005,0.00083333333333333523,-0.003333333333333334,-0.001,0.00014807900315869652,-0.00032216289693066643,-0.0025190216414432238
1006,0.001666666666666667,-0.003333333333333334,-0.001,0.00021944514762425903,-0.00029565609881522276,-0.0024120941422728958
1007,0.0025000000000000022,-0.003333333333333334,-0.001,0.00026107256935623056,-0.00025757844367085017,-0.0022455884994901452
1008,0.003333333333333334,-0.003333333333333334,-0.001,0.00027354458271518721,-0.0002133922255244453,-0.002029398700674962
1009,0.0041666666666666692,-0.003333333333333334,-0.001,0.00027151751610770945,-0.00017284315777632572,-0.0018102244313814944
1010,0.005000000000000001,-0.003333333333333334,-0.001,0.00024075887278626648,-0.00013241837186721051,-0.0015498340354452302
1011,0.0058333333333333362,-0.003333333333333334,-0.001,0.00020489030091915334,-9.8062370487750298e-05,-0.0013200439783136422
1012,0.006666666666666668,-0.003333333333333334,-0.001,0.00016711652197908781,-7.0519605767284038e-05,-0.001107548258847848
1013,0.0074999999999999997,-0.003333333333333334,-0.001,0.00013587954277993891,-5.0338291634907777e-05,-0.00091782908130953365
1014,0.008333333333333335,-0.003333333333333334,-0.001,0.00011030299254008802,-3.5669799064378901e-05,-0.00074837871097881083
1015,0.0091666666666666667,-0.003333333333333334,-0.001,8.9650103162886813e-05,-2.5055436479761561e-05,-0.00059737507623195188
1016,0.010000000000000002,-0.003333333333333334,-0.001,7.3051475162697819e-05,-1.7270844534542142e-05,-0.00046290222006197576
1017,0.010833333333333334,-0.003333333333333334,-0.001,5.9589686880160831e-05,-1.1553810755903286e-05,-0.00034351559018730356
1018,0.011666666666666669,-0.003333333333333334,-0.001,4.8337312359312117e-05,-7.2460153066049204e-06,-0.00023838861077525638
1019,0.012500000000000001,-0.003333333333333334,-0.001,3.8526789289852325e-05,-4.0736338832671936e-06,-0.00014754109149550079
1020,0.013333333333333332,-0.003333333333333334,-0.001,2.927870171498206e-05,-1.8536203931907079e-06,-7.2389023222540564e-05
1021,0.014166666666666671,-0.003333333333333334,-0.001,1.8344966453427743e-05,-6.5135352075022203e-07,-1.642485557588781e-05
1022,0.015000000000000003,-0.003333333333333334,-0.001,0,0,0
1023,0.015833333333333335,-0.003333333333333334,-0.001,0,0,0
1024,0.016666666666666666,-0.003333333333333334,-0.001,0,0,0
1025,0.017500000000000005,-0.003333333333333334,-0.001,0,0,0
1026,0.018333333333333337,-0.003333333333333334,-0.001,0,0,0
1027,0.019166666666666669,-0.003333333333333334,-0.001,0,0,0
1028,0.02,-0.003333333333333334,-0.001,0,0,0
1029,-0.02,-0.0024999999999999988,-0.001,0,0,0
1030,-0.019166666666666669,-0.0024999999999999988,-0.001,0,0,0
1031,-0.018333333333333333,-0.0024999999999999988,-0.001,0,0,0
1032,-0.017500000000000002,-0.0024999999999999988,-0.001,0,0,0
1033,-0.016666666666666666,-0.0024999999999999988,-0.001,0,0,0
1034,-0.015833333333333335,-0.0024999999999999988,-0.001,0,0,0
1035,-0.014999999999999999,-0.0024999999999999988,-0.001,0,0,0
1036,-0.014166666666666668,-0.0024999999999999988,-0.001,-1.9781848589576821e-05,-1.6294067260613625e-07,-1.767319885709414e-05
1037,-0.013333333333333332,-0.0024999999999999988,-0.001,-3.0937762193877029e-05,-1.1772590955272504e-06,-7.5365086411305107e-05
1038,-0.012500000000000001,-0.0024999999999999988,-0.001,-4.0491264109781587e-05,-3.1031880894126288e-06,-0.00015234600828140568
1039,-0.011666666666666667,-0.0024999999999999988,-0.001,-5.0824743812379378e-05,-5.9452805460755774e-06,-0.00024535200396684959
1040,-0.010833333333333334,-0.0024999999999999988,-0.001,-6.2908527888376811e-05,-9.970316438305954e-06,-0.00035340096848620949
1041,-0.01,-0.0024999999999999988,-0.001,-7.7734662191922903e-05,-1.5663893125191885e-05,-0.00047695345131847653
1042,-0.0091666666666666667,-0.0024999999999999988,-0.001,-9.6260065029075634e-05,-2.3623705008191465e-05,-0.00061735591437202264
1043,-0.0083333333333333332,-0.0024999999999999988,-0.001,-0.00011939063831837694,-3.4802429711459961e-05,-0.00077667697288773751
1044,-0.0074999999999999997,-0.0024999999999999988,-0.001,-0.00014804339411172019,-5.0849160022256595e-05,-0.00095772415277216945
1045,-0.0066666666666666662,-0.0024999999999999988,-0.001,-0.00018275796419196775,-7.4294657097071407e-05,-0.0011636468923637551
1046,-0.0058333333333333327,-0.0024999999999999988,-0.001,-0.00022399099933054478,-0.00010844407333243003,-0.0013983787463574455
1047,-0.0049999999999999992,-0.0024999999999999988,-0.001,-0.00026290689333712073,-0.0001562126187956558,-0.0016603273015273368
1048,-0.0041666666666666657,-0.0024999999999999988,-0.001,-0.00028361468178971785,-0.00021636951291100395,-0.0019636105481400708
1049,-0.003333333333333334,-0.0024999999999999988,-0.001,-0.00026472890050497689,-0.0002715624517536727,-0.0022357954304830312
1050,-0.0024999999999999988,-0.0024999999999999988,-0.001,-0.0002095662920251313,-0.00029613770042069754,-0.0024725291315074206
1051,-0.001666666666666667,-0.0024999999999999988,-0.001,-0.00012230803305437023,-0.00029208404177412687,-0.0026642069041990482
1052,-0.00083333333333333176,-0.0024999999999999988,-0.001,-2.7981675537313556e-05,-0.00026384195857603778,-0.0027696161386863852
1053,0,-0.0024999999999999988,-0.001,5.2886328435271846e-05,-0.00023495634239658952,-0.0027939928029072471
1054,0.00083333333333333523,-0.0024999999999999988,-0.001,0.0001289749917393165,-0.00022282954102016776,-0.0027704002396009161
1055,0.001666666666666667,-0.0024999999999999988,-0.001,0.00021661779817642483,-0.0002234160058501722,-0.0026723399050429743
1056,0.0025000000000000022,-0.0024999999999999988,-0.001,0.00029280976152015509,-0.00020524027038552469,-0.0024944343296969015
1057,0.003333333333333334,-0.0024999999999999988,-0.001,0.00032083707693402309,-0.0001738419079530165,-0.002247782573779188
1058,0.0041666666666666692,-0.0024999999999999988,-0.001,0.00031792843740563947,-0.00014000322448511217,-0.0019944722969971272
1059,0.005000000000000001,-0.0024999999999999988,-0.001,0.00028472405855816996,-0.00010632064161839437,-0.0017032198093945915
1060,0.0058333333333333362,-0.0024999999999999988,-0.001,0.00024003683885771203,-7.8037208637268566e-05,-0.0014328264054392192
1061,0.006666666666666668,-0.0024999999999999988,-0.001,0.00019177125457033709,-5.6355184347883745e-05,-0.0011942040292052705
1062,0.0074999999999999997,-0.0024999999999999988,-0.001,0.00015343051531635282,-3.997655613641143e-05,-0.00098461490118530149
1063,0.008333333333333335,-0.0024999999999999988,-0.001,0.00012268869548718301,-2.8205626569675469e-05,-0.00079974122724761263
1064,0.0091666666666666667,-0.0024999999999999988,-0.001,9.8427924780383698e-05,-1.9672093064081185e-05,-0.00063661554346985093
1065,0.010000000000000002,-0.0024999999999999988,-0.001,7.9302795244049059e-05,-1.349526769625047e-05,-0.00049248645187469531
1066,0.010833333333333334,-0.0024999999999999988,-0.001,6.4119192907957228e-05,-9.0034480643424596e-06,-0.00036526322033435553
1067,0.011666666666666669,-0.0024999999999999988,-0.001,5.1699021981374262e-05,-5.6552331092473465e-06,-0.00025362902704291967
1068,0.012500000000000001,-0.0024999999999999988,-0.001,4.1079197099350815e-05,-3.2043707947973463e-06,-0.0001572580765065921
1069,0.013333333333333332,-0.0024999999999999988,-0.001,3.1211567418979935e-05,-1.4888584306737012e-06,-7.7345503403605312e-05
1070,0.014166666666666671,-0.0024999999999999988,-0.001,1.9587287335243168e-05,-5.5863555584618597e-07,-1.7560807173541688e-05
1071,0.015000000000000003,-0.0024999999999999988,-0.001,0,0,0
1072,0.015833333333333335,-0.0024999999999999988,-0.001,0,0,0
1073,0.016666666666666666,-0.0024999999999999988,-0.001,0,0,0
1074,0.017500000000000005,-0.0024999999999999988,-0.001,0,0,0
1075,0.018333333333333337,-0.0024999999999999988,-0.001,0,0,0
1076,0.019166666666666669,-0.0024999999999999988,-0.001,0,0,0
1077,0.02,-0.0024999999999999988,-0.001,0,0,0
1078,-0.02,-0.001666666666666667,-0.001,0,0,0
1079,-0.019166666666666669,-0.001666666666666667,-0.001,0,0,0
1080,-0.018333333333333333,-0.001666666666666667,-0.001,0,0,0
1081,-0.017500000000000002,-0.001666666666666667,-0.001,0,0,0
1082,-0.016666666666666666,-0.001666666666666667,-0.001,0,0,0
1083,-0.015833333333333335,-0.001666666666666667,-0.001,0,0,0
1084,-0.014999999999999999,-0.001666666666666667,-0.001,0,0,0
1085,-0.014166666666666668,-0.001666666666666667,-0.001,-2.0790082905249413e-05,-6.2877154359956025e-08,-1.8614553604846337e-05
1086,-0.013333333333333332,-0.001666666666666667,-0.001,-3.2443882772041631e-05,-7.9828686844300941e-07,-7.9268679553479922e-05
1087,-0.012500000000000001,-0.001666666666666667,-0.001,-4.2446811199488732e-05,-2.1861760620920129e-06,-0.00015988443827979039
1088,-0.011666666666666667,-0.001666666666666667,-0.001,-5.3435768772442182e-05,-4.2744171305180091e-06,-0.00025712738156302776
1089,-0.010833333333333334,-0.001666666666666667,-0.001,-6.6471296660519563e-05,-7.309373479152808e-06,-0.00037016154464480569
1090,-0.01,-0.001666666666666667,-0.001,-8.276722961530713e-05,-1.1713418066111817e-05,-0.00049972330393684443
1091,-0.0091666666666666667,-0.001666666666666667,-0.001,-0.00010344716960095451,-1.7982631796136724e-05,-0.00064755913787497405
1092,-0.0083333333333333332,-0.001666666666666667,-0.001,-0.0001296990826830562,-2.7009488262854964e-05,-0.00081634130036464651
1093,-0.0074999999999999997,-0.001666666666666667,-0.001,-0.00016286494875979957,-4.0365365790080013e-05,-0.001009622128844545
1094,-0.0066666666666666662,-0.001666666666666667,-0.001,-0.00020417575208977697,-6.0593822307517103e-05,-0.0012314564579555265
1095,-0.0058333333333333327,-0.001666666666666667,-0.001,-0.00025467399238448846,-9.084913619093697e-05,-0.0014871912267379393
1096,-0.0049999999999999992,-0.001666666666666667,-0.001,-0.00030039452086389661,-0.00013299254617210463,-0.0017764211463109658
1097,-0.0041666666666666657,-0.001666666666666667,-0.001,-0.00032420194027106515,-0.00018109065583673286,-0.0021050524254246782
1098,-0.003333333333333334,-0.001666666666666667,-0.001,-0.00030065834736834289,-0.00022097030866603907,-0.0023983117765839822
1099,-0.0024999999999999988,-0.001666666666666667,-0.001,-0.00022809500516895098,-0.00022387520529770237,-0.0026604759008798371
1100,-0.001666666666666667,-0.001666666666666667,-0.001,-0.00011373585962459059,-0.00019608332392166548,-0.0028205936785780346
1101,-0.00083333333333333176,-0.001666666666666667,-0.001,-2.0866972686784504e-05,-0.00014584261207867605,-0.0028812901952631116
1102,0,-0.001666666666666667,-0.001,4.5481417639300368e-05,-0.00010097190014020127,-0.0028706350115168225
1103,0.00083333333333333523,-0.001666666666666667,-0.001,9.9995920681659635e-05,-9.6123722186548127e-05,-0.0028852906215284363
1104,0.001666666666666667,-0.001666666666666667,-0.001,0.00018393667269669565,-0.00011266560307630417,-0.0028320085673944361
1105,0.0025000000000000022,-0.001666666666666667,-0.001,0.00028810215665911622,-0.00012394087660215088,-0.0026837215999064817
1106,0.003333333333333334,-0.001666666666666667,-0.001,0.00034847066259221523,-0.00010417248055026879,-0.0024255660497366775
1107,0.0041666666666666692,-0.001666666666666667,-0.001,0.00034526118790932214,-8.331889698810977e-05,-0.0021168850802464113
1108,0.005000000000000001,-0.001666666666666667,-0.001,0.00031919819382496311,-6.3631640295466415e-05,-0.0018231244975502158
1109,0.0058333333333333362,-0.001666666666666667,-0.001,0.00026811791321333466,-4.7961111845258604e-05,-0.0015201760295446571
1110,0.006666666666666668,-0.001666666666666667,-0.001,0.00021173420199813175,-3.5575672236957707e-05,-0.0012605308887067173
1111,0.0074999999999999997,-0.001666666666666667,-0.001,0.00016728717418916256,-2.5692351672854619e-05,-0.001035244331311003
1112,0.008333333333333335,-0.001666666666666667,-0.001,0.00013241725312207142,-1.8266599154502821e-05,-0.00083833398781521398
1113,0.0091666666666666667,-0.001666666666666667,-0.001,0.0001052433660663508,-1.2828804708629618e-05,-0.00066589309154741914
1114,0.010000000000000002,-0.001666666666666667,-0.001,8.411127360121339e-05,-8.8280393079191794e-06,-0.0005144343208346307
1115,0.010833333333333334,-0.001666666666666667,-0.001,6.7552903101477342e-05,-5.9349079356779857e-06,-0.00038131734354228104
1116,0.011666666666666669,-0.001666666666666667,-0.001,5.4219939133683821e-05,-3.7824269372692817e-06,-0.00026483572080159012
1117,0.012500000000000001,-0.001666666666666667,-0.001,4.2963773129703604e-05,-2.2007128708105507e-06,-0.00016440066785496009
1118,0.013333333333333332,-0.001666666666666667,-0.001,3.2636613775184178e-05,-1.073072301207602e-06,-8.0989581109753734e-05
1119,0.014166666666666671,-0.001666666666666667,-0.001,2.0498274588120151e-05,-4.5882684627569327e-07,-1.8387785245200744e-05
1120,0.015000000000000003,-0.001666666666666667,-0.001,0,0,0
1121,0.015833333333333335,-0.001666666666666667,-0.001,0,0,0
1122,0.016666666666666666,-0.001666666666666667,-0.001,0,0,0
1123,0.017500000000000005,-0.001666666666666667,-0.001,0,0,0
1124,0.018333333333333337,-0.001666666666666667,-0.001,0,0,0
1125,0.019166666666666669,-0.001666666666666667,-0.001,0,0,0
1126,0.02,-0.001666666666666667,-0.001,0,0,0
1127,-0.02,-0.00083333333333333176,-0.001,0,0,0
1128,-0.019166666666666669,-0.00083333333333333176,-0.001,0,0,0
1129,-0.018333333333333333,-0.00083333333333333176,-0.001,0,0,0
1130,-0.017500000000000002,-0.00083333333333333176,-0.001,0,0,0
1131,-0.016666666666666666,-0.00083333333333333176,-0.001,0,0,0
1132,-0.015833333333333335,-0.00083333333333333176,-0.001,0,0,0
1133,-0.014999999999999999,-0.00083333333333333176,-0.001,0,0,0
1134,-0.014166666666666668,-0.00083333333333333176,-0.001,-2.1440623837816743e-05,4.3132852878796927e-08,-1.9224029504727289e-05
1135,-0.013333333333333332,-0.00083333333333333176,-0.001,-3.3420732621554069e-05,-3.7003034632462641e-07,-8.1831694173242769e-05
1136,-0.012500000000000001,-0.00083333333333333176,-0.001,-4.3682780142284201e-05,-1.1347239880138747e-06,-0.00016478299907299836
1137,-0.011666666666666667,-0.00083333333333333176,-0.001,-5.5103114499284475e-05,-2.3432768346016679e-06,-0.00026474146473769817
1138,-0.010833333333333334,-0.00083333333333333176,-0.001,-6.8770293405526024e-05,-4.1756064796780268e-06,-0.00038097940052890121
1139,-0.01,-0.00083333333333333176,-0.001,-8.6065444224270063e-05,-6.9430471680495348e-06,-0.00051441128678134617
1140,-0.0091666666666666667,-0.00083333333333333176,-0.001,-0.00010825615929894764,-1.0988424755961597e-05,-0.0006670871642774712
1141,-0.0083333333333333332,-0.00083333333333333176,-0.001,-0.00013675750772828402,-1.6950349656151921e-05,-0.00084209932163049775
1142,-0.0074999999999999997,-0.00083333333333333176,-0.001,-0.00017330974285926359,-2.615441323538696e-05,-0.0010435052525418734
1143,-0.0066666666666666662,-0.00083333333333333176,-0.001,-0.00021970559972150688,-4.066051780068294e-05,-0.0012760177733617561
1144,-0.0058333333333333327,-0.00083333333333333176,-0.001,-0.00027775079448620746,-6.3834026140981401e-05,-0.0015459914342424599
1145,-0.0049999999999999992,-0.00083333333333333176,-0.001,-0.00033207240308620763,-9.5581647516908966e-05,-0.0018607550589377743
1146,-0.0041666666666666657,-0.00083333333333333176,-0.001,-0.00035227739473227569,-0.00012693988218607773,-0.0021879340742858369
1147,-0.003333333333333334,-0.00083333333333333176,-0.001,-0.00032366376701876677,-0.00014975107015288282,-0.0025058563113985791
1148,-0.0024999999999999988,-0.00083333333333333176,-0.001,-0.00023148684023948727,-0.00014019601955413694,-0.0027663948218531347
1149,-0.001666666666666667,-0.00083333333333333176,-0.001,-9.5767957875188828e-05,-0.0001118017100212361,-0.0028736202313083873
1150,-0.00083333333333333176,-0.00083333333333333176,-0.001,-5.2424849488403916e-06,-6.7921904244680858e-05,-0.0028578401950539092
1151,0,-0.00083333333333333176,-0.001,3.1416183351272816e-05,-2.4584979933610152e-05,-0.0028509758185073755
1152,0.00083333333333333523,-0.00083333333333333176,-0.001,6.0614683904812183e-05,-7.4825608572281576e-06,-0.0028801414044031036
1153,0.001666666666666667,-0.00083333333333333176,-0.001,0.00013833335204851789,-2.2356371287373372e-05,-0.0029071338058189507
1154,0.0025000000000000022,-0.00083333333333333176,-0.001,0.0002618952306176123,-2.9137509913007098e-05,-0.002785493396830025
1155,0.003333333333333334,-0.00083333333333333176,-0.001,0.00035156835328481218,-2.018001184058952e-05,-0.0025345755427411448
1156,0.0041666666666666692,-0.00083333333333333176,-0.001,0.00036296409646337046,-1.3242435566902697e-05,-0.0022123211976532867
1157,0.005000000000000001,-0.00083333333333333176,-0.001,0.00034020179265232203,-9.0463172801141259e-06,-0.0019012590220303745
1158,0.0058333333333333362,-0.00083333333333333176,-0.001,0.00028597686765574918,-1.0566490453618402e-05,-0.0015734533913528241
1159,0.006666666666666668,-0.00083333333333333176,-0.001,0.00022413898466419263,-1.0285296206666719e-05,-0.0013009701972521647
1160,0.0074999999999999997,-0.00083333333333333176,-0.001,0.00017603806962936892,-8.6335981921753155e-06,-0.0010659867829046412
1161,0.008333333333333335,-0.00083333333333333176,-0.001,0.00013848054750743052,-6.6853973430063974e-06,-0.00086173948547938535
1162,0.0091666666666666667,-0.00083333333333333176,-0.001,0.00010951166980446846,-4.9706002985558945e-06,-0.00068358815516305607
1163,0.010000000000000002,-0.00083333333333333176,-0.001,8.7097351081873015e-05,-3.5683468376042235e-06,-0.00052764524222045776
1164,0.010833333333333334,-0.00083333333333333176,-0.001,6.9677503484392216e-05,-2.509269651650888e-06,-0.00039093712194881411
1165,0.011666666666666669,-0.00083333333333333176,-0.001,5.5770828861822198e-05,-1.7298631351369969e-06,-0.00027152079022811442
1166,0.012500000000000001,-0.00083333333333333176,-0.001,4.4097372362826698e-05,-1.109605567053375e-06,-0.0001686571238135388
1167,0.013333333333333332,-0.00083333333333333176,-0.001,3.3481520507264338e-05,-6.2646074340757612e-07,-8.3174797594543471e-05
1168,0.014166666666666671,-0.00083333333333333176,-0.001,2.1041836080352836e-05,-3.5255766234734059e-07,-1.8879091957819553e-05
1169,0.015000000000000003,-0.00083333333333333176,-0.001,0,0,0
1170,0.015833333333333335,-0.00083333333333333176,-0.001,0,0,0
1171,0.016666666666666666,-0.00083333333333333176,-0.001,0,0,0
1172,0.017500000000000005,-0.00083333333333333176,-0.001,0,0,0
1173,0.018333333333333337,-0.00083333333333333176,-0.001,0,0,0
1174,0.019166666666666669,-0.00083333333333333176,-0.001,0,0,0
1175,0.02,-0.00083333333333333176,-0.001,0,0,0
1176,-0.02,0,-0.001,0,0,0
1177,-0.019166666666666669,0,-0.001,0,0,0
1178,-0.018333333333333333,0,-0.001,0,0,0
1179,-0.017500000000000002,0,-0.001,0,0,0
1180,-0.016666666666666666,0,-0.001,0,0,0
1181,-0.015833333333333335,0,-0.001,0,0,0
1182,-0.014999999999999999,0,-0.001,0,0,0
1183,-0.014166666666666668,0,-0.001,-2.1703478773155594e-05,1.5884078462932787e-07,-1.9472337453782402e-05
1184,-0.013333333333333332,0,-0.001,-3.3823349820362142e-05,1.0188473478435054e-07,-8.2916802767191185e-05
1185,-0.012500000000000001,0,-0.001,-4.4138906721631029e-05,1.8348891191485355e-09,-0.00016679985248661561
1186,-0.011666666666666667,0,-0.001,-5.5709894149607354e-05,-2.4915905477255074e-07,-0.00026779438647345395
1187,-0.010833333333333334,0,-0.001,-6.9615179774410219e-05,-7.4675278884315083e-07,-0.00038524285139743107
1188,-0.01,0,-0.001,-8.7309845855066803e-05,-1.6364570787735269e-06,-0.00052013111160745652
1189,-0.0091666666666666667,0,-0.001,-0.00011015883346543142,-3.0710206728673117e-06,-0.00067465436924126106
1190,-0.0083333333333333332,0,-0.001,-0.0001396869766538352,-5.324841388618844e-06,-0.00085205746761260644
1191,-0.0074999999999999997,0,-0.001,-0.00017786232457861527,-9.1847568911939199e-06,-0.0010565814103721484
1192,-0.0066666666666666662,0,-0.001,-0.00022673676518418078,-1.6088435674517424e-05,-0.0012931388525123143
1193,-0.0058333333333333327,0,-0.001,-0.00028855367584920525,-2.8777738897289029e-05,-0.0015685573816795043
1194,-0.0049999999999999992,0,-0.001,-0.00034897931468643383,-4.5442518820253309e-05,-0.0018966306532564373
1195,-0.0041666666666666657,0,-0.001,-0.00037141456495634059,-5.9579287085787048e-05,-0.0022225186133937413
1196,-0.003333333333333334,0,-0.001,-0.00034633350143153078,-6.6331070581183245e-05,-0.0025523704976053848
1197,-0.0024999999999999988,0,-0.001,-0.0002422633829356934,-5.8569026536901055e-05,-0.0027969792360202595
1198,-0.001666666666666667,0,-0.001,-0.00010544484020111166,-5.11909906800384e-05,-0.0028751912681835375
1199,-0.00083333333333333176,0,-0.001,-3.0495639223901054e-05,-3.3778464236185017e-05,-0.0028499310460048648
1200,0,0,-0.001,-7.0826315324598578e-06,4.5150109696429067e-06,-0.0028615949763574817
1201,0.00083333333333333523,0,-0.001,2.2347030579800707e-05,3.4779442082498376e-05,-0.0028795969152299893
1202,0.001666666666666667,0,-0.001,0.00010771171431866472,4.1957874855732913e-05,-0.0029280629297817988
1203,0.0025000000000000022,0,-0.001,0.00024141035336229448,5.6471989271053993e-05,-0.0028152936401770897
1204,0.003333333333333334,0,-0.001,0.00034443952805155565,6.7495057630471633e-05,-0.0025745222588454495
1205,0.0041666666666666692,0,-0.001,0.00035928468381357306,6.0706139076455943e-05,-0.0022410719175378702
1206,0.005000000000000001,0,-0.001,0.0003402163116142141,4.6477993270619565e-05,-0.0019228473688006004
1207,0.0058333333333333362,0,-0.001,0.00028908812423211668,2.7763683647329761e-05,-0.0015910149468844595
1208,0.006666666666666668,0,-0.001,0.00022698987324852395,1.5780003507798071e-05,-0.0013136875425213872
1209,0.0074999999999999997,0,-0.001,0.00017829694585689884,9.2054664465257515e-06,-0.0010754511404415142
1210,0.008333333333333335,0,-0.001,0.00014022748506939116,5.4673527354382927e-06,-0.00086877842190107523
1211,0.0091666666666666667,0,-0.001,0.0001107970565000372,3.2680758420964528e-06,-0.00068881686758996393
1212,0.010000000000000002,0,-0.001,8.8029134250104042e-05,1.9336517125926071e-06,-0.00053148578525175863
1213,0.010833333333333334,0,-0.001,7.0346227750235873e-05,1.0509507962287599e-06,-0.00039369654989296338
1214,0.011666666666666669,0,-0.001,5.6266810187716476e-05,3.9769050170726576e-07,-0.00027341558443683752
1215,0.012500000000000001,0,-0.001,4.4447680357529276e-05,1.7575151488551596e-08,-0.00016985707249732865
1216,0.013333333333333332,0,-0.001,3.3732322213481314e-05,-1.7173983067883091e-07,-8.380778687979367e-05
1217,0.014166666666666671,0,-0.001,2.1208351785102036e-05,-2.4462516246917299e-07,-1.9026462602737272e-05
1218,0.015000000000000003,0,-0.001,0,0,0
1219,0.015833333333333335,0,-0.001,0,0,0
1220,0.016666666666666666,0,-0.001,0,0,0
1221,0.017500000000000005,0,-0.001,0,0,0
1222,0.018333333333333337,0,-0.001,0,0,0
1223,0.019166666666666669,0,-0.001,0,0,0
1224,0.02,0,-0.001,0,0,0
1225,-0.02,0.00083333333333333523,-0.001,0,0,0
1226,-0.019166666666666669,0.00083333333333333523,-0.001,0,0,0
1227,-0.018333333333333333,0.00083333333333333523,-0.001,0,0,0
1228,-0.017500000000000002,0.00083333333333333523,-0.001,0,0,0
1229,-0.016666666666666666,0.00083333333333333523,-0.001,0,0,0
1230,-0.015833333333333335,0.00083333333333333523,-0.001,0,0,0
1231,-0.014999999999999999,0.00083333333333333523,-0.001,0,0,0
1232,-0.014166666666666668,0.00083333333333333523,-0.001,-2.1571055092091056e-05,2.8653305810634137e-07,-1.9348259847516251e-05
1233,-0.013333333333333332,0.00083333333333333523,-0.001,-3.3626058571567158e-05,6.0333213475192767e-07,-8.2423296109031372e-05
1234,-0.012500000000000001,0.00083333333333333523,-0.001,-4.3791982625753383e-05,1.1656976800995977e-06,-0.00016580350265356329
1235,-0.011666666666666667,0.00083333333333333523,-0.001,-5.5203125070774985e-05,1.8871343943152355e-06,-0.00026610450322695585
1236,-0.010833333333333334,0.00083333333333333523,-0.001,-6.8929709065222231e-05,2.7503869261972398e-06,-0.00038268355022534205
1237,-0.01,0.00083333333333333523,-0.001,-8.6365192895391572e-05,3.8189185746946634e-06,-0.00051648211661356588
1238,-0.0091666666666666667,0.00083333333333333523,-0.001,-0.00010886374667876212,5.13834081485862e-06,-0.00066963788921859801
1239,-0.0083333333333333332,0.00083333333333333523,-0.001,-0.00013793196413777346,6.8245443005176462e-06,-0.00084530178246329329
1240,-0.0074999999999999997,0.00083333333333333523,-0.001,-0.00017545301917881555,8.7287640779266822e-06,-0.0010475645198818214
1241,-0.0066666666666666662,0.00083333333333333523,-0.001,-0.00022357231979631522,1.0402588838068965e-05,-0.0012810083749945254
1242,-0.0058333333333333327,0.00083333333333333523,-0.001,-0.00028461808659663193,1.0021965362482721e-05,-0.0015517738014910159
1243,-0.0049999999999999992,0.00083333333333333523,-0.001,-0.00034548445289598527,1.0389378436476134e-05,-0.0018724625178695676
1244,-0.0041666666666666657,0.00083333333333333523,-0.001,-0.00037301113896884188,1.0660753748075051e-05,-0.002197079890678104
1245,-0.003333333333333334,0.00083333333333333523,-0.001,-0.00035717625479253533,1.9777773353600611e-05,-0.0025122228693256832
1246,-0.0024999999999999988,0.00083333333333333523,-0.001,-0.0002738007355399299,2.3758695685217467e-05,-0.0027720893114253379
1247,-0.001666666666666667,0.00083333333333333523,-0.001,-0.00015369442051798481,1.7450274054927742e-05,-0.0028827931373045386
1248,-0.00083333333333333176,0.00083333333333333523,-0.001,-7.3854679532357983e-05,6.115146070561259e-06,-0.0028711114170195656
1249,0,0.00083333333333333523,-0.001,-4.0746681838153937e-05,3.5998672246977238e-05,-0.0028680302428780663
1250,0.00083333333333333523,0.00083333333333333523,-0.001,1.0540799735019167e-06,7.7350361089742318e-05,-0.0029064930945593781
1251,0.001666666666666667,0.00083333333333333523,-0.001,0.00010156032751554853,0.00010991802213405829,-0.0029111714974236753
1252,0.0025000000000000022,0.00083333333333333523,-0.001,0.00023242032946523358,0.0001445104087501548,-0.00278130426297207
1253,0.003333333333333334,0.00083333333333333523,-0.001,0.00032286838140987181,0.00015379597227326968,-0.0025256031420096752
1254,0.0041666666666666692,0.00083333333333333523,-0.001,0.00033763169914463576,0.00012552055952482703,-0.002202666401883152
1255,0.005000000000000001,0.00083333333333333523,-0.001,0.00032400388054570808,9.5918525956489379e-05,-0.0018911628089542166
1256,0.0058333333333333362,0.00083333333333333523,-0.001,0.00027915639521660897,6.2439841237055577e-05,-0.0015699113819463762
1257,0.006666666666666668,0.00083333333333333523,-0.001,0.0002206844562971621,4.0187978125680061e-05,-0.001297564561432965
1258,0.0074999999999999997,0.00083333333333333523,-0.001,0.00017430276873709713,2.610340435116341e-05,-0.0010629886491401181
1259,0.008333333333333335,0.00083333333333333523,-0.001,0.00013760911752710585,1.7150321588928657e-05,-0.00085912258760683974
1260,0.0091666666666666667,0.00083333333333333523,-0.001,0.00010906189032857026,1.1251144161038372e-05,-0.00068136963868373494
1261,0.010000000000000002,0.00083333333333333523,-0.001,8.6839347103992236e-05,7.2970919940662773e-06,-0.00052582222195310868
1262,0.010833333333333334,0.00083333333333333523,-0.001,6.9520695745138028e-05,4.5202209904699403e-06,-0.00038950766867406321
1263,0.011666666666666669,0.00083333333333333523,-0.001,5.5669391709847506e-05,2.4851018993695545e-06,-0.00027047918443371283
1264,0.012500000000000001,0.00083333333333333523,-0.001,4.4001135223725793e-05,1.1268286997914434e-06,-0.00016798489466739056
1265,0.013333333333333332,0.00083333333333333523,-0.001,3.3398582944115086e-05,2.7500957501384525e-07,-8.2869425424895394e-05
1266,0.014166666666666671,0.00083333333333333523,-0.001,2.1002602308699799e-05,-1.3969384132940258e-07,-1.8826941980592211e-05
1267,0.015000000000000003,0.00083333333333333523,-0.001,0,0,0
1268,0.015833333333333335,0.00083333333333333523,-0.001,0,0,0
1269,0.016666666666666666,0.00083333333333333523,-0.001,0,0,0
1270,0.017500000000000005,0.00083333333333333523,-0.001,0,0,0
1271,0.018333333333333337,0.00083333333333333523,-0.001,0,0,0
1272,0.019166666666666669,0.00083333333333333523,-0.001,0,0,0
1273,0.02,0.00083333333333333523,-0.001,0,0,0
1274,-0.02,0.001666666666666667,-0.001,0,0,0
1275,-0.019166666666666669,0.001666666666666667,-0.001,0,0,0
1276,-0.018333333333333333,0.001666666666666667,-0.001,0,0,0
1277,-0.017500000000000002,0.001666666666666667,-0.001,0,0,0
1278,-0.016666666666666666,0.001666666666666667,-0.001,0,0,0
1279,-0.015833333333333335,0.001666666666666667,-0.001,0,0,0
1280,-0.014999999999999999,0.001666666666666667,-0.001,0,0,0
1281,-0.014166666666666668,0.001666666666666667,-0.001,-2.1041915969239836e-05,4.2065462150690203e-07,-1.8856271538399469e-05
1282,-0.013333333333333332,0.001666666666666667,-0.001,-3.2831510597395891e-05,1.1006463594446034e-06,-8.0336186260750067e-05
1283,-0.012500000000000001,0.001666666666666667,-0.001,-4.2687837075085035e-05,2.2920746607532334e-06,-0.00016178406233468949
1284,-0.011666666666666667,0.001666666666666667,-0.001,-5.3649258851128141e-05,3.9310097067629586e-06,-0.00025971819271871564
1285,-0.010833333333333334,0.001666666666666667,-0.001,-6.6786526120697295e-05,6.0891460165141642e-06,-0.00037341316392842006
1286,-0.01,0.001666666666666667,-0.001,-8.3328421044939947e-05,9.0034899411533012e-06,-0.00050362486709269771
1287,-0.0091666666666666667,0.001666666666666667,-0.001,-0.00010453509685129047,1.2888325157716591e-05,-0.00065225420786778137
1288,-0.0083333333333333332,0.001666666666666667,-0.001,-0.00013172452277154437,1.8245556293959864e-05,-0.00082211635848811182
1289,-0.0074999999999999997,0.001666666666666667,-0.001,-0.00016656502220585326,2.5544563472318082e-05,-0.0010167709667114979
1290,-0.0066666666666666662,0.001666666666666667,-0.001,-0.00021073013302898148,3.5381275008795019e-05,-0.0012400976869013569
1291,-0.0058333333333333327,0.001666666666666667,-0.001,-0.00026662289462505269,4.7531397797458449e-05,-0.0014967135491435587
1292,-0.0049999999999999992,0.001666666666666667,-0.001,-0.0003214468159524146,6.2509082417670854e-05,-0.0017898285252907879
1293,-0.0041666666666666657,0.001666666666666667,-0.001,-0.00036056350865957892,8.0168977297445548e-05,-0.0021176261347546064
1294,-0.003333333333333334,0.001666666666666667,-0.001,-0.00035303131378953116,0.00010458379944779973,-0.0024044554431997831
1295,-0.0024999999999999988,0.001666666666666667,-0.001,-0.00029654446650718118,0.00011846475852236988,-0.0026731976852264337
1296,-0.001666666666666667,0.001666666666666667,-0.001,-0.00019938367787579168,0.00011441251323959435,-0.0028291378697839946
1297,-0.00083333333333333176,0.001666666666666667,-0.001,-0.00011144642829693185,0.00010290181948986792,-0.0028870762924155776
1298,0,0.001666666666666667,-0.001,-5.1892305489585658e-05,0.00011736406602747848,-0.0029034237704976579
1299,0.00083333333333333523,0.001666666666666667,-0.001,1.6551023348776361e-05,0.00016120330715816607,-0.0029064164488187597
1300,0.001666666666666667,0.001666666666666667,-0.001,0.00011637085291059915,0.00020246676673272754,-0.0028380017644507281
1301,0.0025000000000000022,0.001666666666666667,-0.001,0.00022708094312290047,0.00023444210920680705,-0.0026834201314101577
1302,0.003333333333333334,0.001666666666666667,-0.001,0.00029571785022932084,0.00022053746224905845,-0.0024187668124275377
1303,0.0041666666666666692,0.001666666666666667,-0.001,0.0003100097698335826,0.00017806694055867483,-0.0021163227963747863
1304,0.005000000000000001,0.001666666666666667,-0.001,0.00029550977673236745,0.00013479853645716162,-0.0018132509555575139
1305,0.0058333333333333362,0.001666666666666667,-0.001,0.00025762368767820757,9.1380025464175361e-05,-0.0015131658547942611
1306,0.006666666666666668,0.001666666666666667,-0.001,0.00020607503788315653,6.1015310467431628e-05,-0.0012541481179684942
1307,0.0074999999999999997,0.001666666666666667,-0.001,0.00016441407860350702,4.0851195421758242e-05,-0.0010296427145104238
1308,0.008333333333333335,0.001666666666666667,-0.001,0.00013089100811556584,2.7480876812022735e-05,-0.0008334949758355641
1309,0.0091666666666666667,0.001666666666666667,-0.001,0.00010445458427581115,1.84268131040394e-05,-0.00066177709858428473
1310,0.010000000000000002,0.001666666666666667,-0.001,8.3649801553383534e-05,1.2162253011598039e-05,-0.00051103020687836686
1311,0.010833333333333334,0.001666666666666667,-0.001,6.726316274670909e-05,7.690958602399056e-06,-0.00037863457147410754
1312,0.011666666666666669,0.001666666666666667,-0.001,5.4021514904795766e-05,4.4157163484553051e-06,-0.00026288741831544766
1313,0.012500000000000001,0.001666666666666667,-0.001,4.2777700455589826e-05,2.1677417569747683e-06,-0.0001631698505841993
1314,0.013333333333333332,0.001666666666666667,-0.001,3.2499200902113747e-05,6.980873025506102e-07,-8.0419439824872693e-05
1315,0.014166666666666671,0.001666666666666667,-0.001,2.0426211028402547e-05,-3.8420804729406323e-08,-1.8285020538607719e-05
1316,0.015000000000000003,0.001666666666666667,-0.001,0,0,0
1317,0.015833333333333335,0.001666666666666667,-0.001,0,0,0
1318,0.016666666666666666,0.001666666666666667,-0.001,0,0,0
1319,0.017500000000000005,0.001666666666666667,-0.001,0,0,0
1320,0.018333333333333337,0.001666666666666667,-0.001,0,0,0
1321,0.019166666666666669,0.001666666666666667,-0.001,0,0,0
1322,0.02,0.001666666666666667,-0.001,0,0,0
1323,-0.02,0.0025000000000000022,-0.001,0,0,0
1324,-0.019166666666666669,0.0025000000000000022,-0.001,0,0,0
1325,-0.018333333333333333,0.0025000000000000022,-0.001,0,0,0
1326,-0.017500000000000002,0.0025000000000000022,-0.001,0,0,0
1327,-0.016666666666666666,0.0025000000000000022,-0.001,0,0,0
1328,-0.015833333333333335,0.0025000000000000022,-0.001,0,0,0
1329,-0.014999999999999999,0.0025000000000000022,-0.001,0,0,0
1330,-0.014166666666666668,0.0025000000000000022,-0.001,-2.012334425978526e-05,5.49645798322569e-07,-1.8011287906071624e-05
1331,-0.013333333333333332,0.0025000000000000022,-0.001,-3.1456367787757747e-05,1.5566978960588053e-06,-7.6747455835385431e-05
1332,-0.012500000000000001,0.0025000000000000022,-0.001,-4.0891121382073106e-05,3.3142273932545356e-06,-0.00015488489726250986
1333,-0.011666666666666667,0.0025000000000000022,-0.001,-5.1179642130531323e-05,5.7669350017925374e-06,-0.00024890504911824881
1334,-0.010833333333333334,0.0025000000000000022,-0.001,-6.3366948351076979e-05,9.0757836138668613e-06,-0.00035787718603635515
1335,-0.01,0.0025000000000000022,-0.001,-7.8491875205249166e-05,1.3547553132324734e-05,-0.0004822666288623601
1336,-0.0091666666666666667,0.0025000000000000022,-0.001,-9.7644242994790673e-05,1.9548222888419608e-05,-0.00062359640606079927
1337,-0.0083333333333333332,0.0025000000000000022,-0.001,-0.00012186912814000556,2.7787963441274541e-05,-0.00078413997254171827
1338,-0.0074999999999999997,0.0025000000000000022,-0.001,-0.00015238701491711917,3.9229997388329303e-05,-0.00096669585947696068
1339,-0.0066666666666666662,0.0025000000000000022,-0.001,-0.00019054208569312535,5.5013843824219446e-05,-0.0011741688326500435
1340,-0.0058333333333333327,0.0025000000000000022,-0.001,-0.00023758971446484513,7.6554471714689688e-05,-0.0014098564906952305
1341,-0.0049999999999999992,0.0025000000000000022,-0.001,-0.00028602082685815183,0.00010351510272300378,-0.0016708130562530976
1342,-0.0041666666666666657,0.0025000000000000022,-0.001,-0.00032661453708072134,0.00013783016834064383,-0.0019763429600222699
1343,-0.003333333333333334,0.0025000000000000022,-0.001,-0.00032704754191933532,0.00017094864152164576,-0.0022313910644809975
1344,-0.0024999999999999988,0.0025000000000000022,-0.001,-0.00029587077023389478,0.00020626347613776522,-0.002476660272737144
1345,-0.001666666666666667,0.0025000000000000022,-0.001,-0.0002320252510008471,0.00022443118178890281,-0.0026692650993220151
1346,-0.00083333333333333176,0.0025000000000000022,-0.001,-0.00014443876099549699,0.00023665812467477042,-0.0027706595087017617
1347,0,0.0025000000000000022,-0.001,-6.0414369069108826e-05,0.00025079117176786761,-0.0028025792589518343
1348,0.00083333333333333523,0.0025000000000000022,-0.001,2.6646087854940613e-05,0.00027668129964956333,-0.0027812708195045117
1349,0.001666666666666667,0.0025000000000000022,-0.001,0.00011932337216003923,0.00030326066893448752,-0.0026812129130269944
1350,0.0025000000000000022,0.0025000000000000022,-0.001,0.00020210769386658665,0.00029946615559117105,-0.0024900437935452095
1351,0.003333333333333334,0.0025000000000000022,-0.001,0.00025529183090152992,0.00026364948494710371,-0.0022390703062536003
1352,0.0041666666666666692,0.0025000000000000022,-0.001,0.00027471541346434672,0.00021448634867425638,-0.0019845716438515759
1353,0.005000000000000001,0.0025000000000000022,-0.001,0.00025825277750647559,0.00015821153476245945,-0.0016904296067694849
1354,0.0058333333333333362,0.0025000000000000022,-0.001,0.0002281217665323438,0.00011091166896071901,-0.0014258388587553995
1355,0.006666666666666668,0.0025000000000000022,-0.001,0.00018527429530835779,7.6127083945275086e-05,-0.0011868643697253902
1356,0.0074999999999999997,0.0025000000000000022,-0.001,0.00014992330648912956,5.2055484904695636e-05,-0.00097772907670087362
1357,0.008333333333333335,0.0025000000000000022,-0.001,0.00012084141034218124,3.5678998562124616e-05,-0.00079351763986441231
1358,0.0091666666666666667,0.0025000000000000022,-0.001,9.7453883928828628e-05,2.4287654841229496e-05,-0.00063119090451151571
1359,0.010000000000000002,0.0025000000000000022,-0.001,7.8741052452742898e-05,1.6244498864084969e-05,-0.00048793339050428258
1360,0.010833333333333334,0.0025000000000000022,-0.001,6.3756833180615e-05,1.0394607364866375e-05,-0.00036165510339168725
1361,0.011666666666666669,0.0025000000000000022,-0.001,5.1434026008886406e-05,6.0952714455040036e-06,-0.00025102434607901687
1362,0.012500000000000001,0.0025000000000000022,-0.001,4.0846261899732961e-05,3.0933374766692417e-06,-0.00015565289272232685
1363,0.013333333333333332,0.0025000000000000022,-0.001,3.1071362378735175e-05,1.0841003017270934e-06,-7.6582778930699976e-05
1364,0.014166666666666671,0.0025000000000000022,-0.001,1.9498257143461515e-05,5.9453292509038356e-08,-1.7420337425043651e-05
1365,0.015000000000000003,0.0025000000000000022,-0.001,0,0,0
1366,0.015833333333333335,0.0025000000000000022,-0.001,0,0,0
1367,0.016666666666666666,0.0025000000000000022,-0.001,0,0,0
1368,0.017500000000000005,0.0025000000000000022,-0.001,0,0,0
1369,0.018333333333333337,0.0025000000000000022,-0.001,0,0,0
1370,0.019166666666666669,0.0025000000000000022,-0.001,0,0,0
1371,0.02,0.0025000000000000022,-0.001,0,0,0
1372,-0.02,0.003333333333333334,-0.001,0,0,0
1373,-0.019166666666666669,0.003333333333333334,-0.001,0,0,0
1374,-0.018333333333333333,0.003333333333333334,-0.001,0,0,0
1375,-0.017500000000000002,0.003333333333333334,-0.001,0,0,0
1376,-0.016666666666666666,0.003333333333333334,-0.001,0,0,0
1377,-0.015833333333333335,0.003333333333333334,-0.001,0,0,0
1378,-0.014999999999999999,0.003333333333333334,-0.001,0,0,0
1379,-0.014166666666666668,0.003333333333333334,-0.001,-1.8847522776552165e-05,6.6045669758441907e-07,-1.6846921317602238e-05
1380,-0.013333333333333332,0.003333333333333334,-0.001,-2.9552463518986798e-05,1.9463751041521623e-06,-7.1836336026818886e-05
1381,-0.012500000000000001,0.003333333333333334,-0.001,-3.8453826793564269e-05,4.1907266125648701e-06,-0.00014540654791498589
1382,-0.011666666666666667,0.003333333333333334,-0.001,-4.7923874807066564e-05,7.3306881878194607e-06,-0.00023413141193553053
1383,-0.010833333333333334,0.003333333333333334,-0.001,-5.8931274682602614e-05,1.1559451344572796e-05,-0.00033678812748176427
1384,-0.01,0.003333333333333334,-0.001,-7.2284364187504929e-05,1.721823822840624e-05,-0.00045351240509936648
1385,-0.0091666666666666667,0.003333333333333334,-0.001,-8.8903970516274143e-05,2.4749637133272461e-05,-0.00058533053779535665
1386,-0.0083333333333333332,0.003333333333333334,-0.001,-0.00010948432226852286,3.502904350275973e-05,-0.00073386735291380433
1387,-0.0074999999999999997,0.003333333333333334,-0.001,-0.00013482513993207123,4.9125127996121116e-05,-0.00090105275707683585
1388,-0.0066666666666666662,0.003333333333333334,-0.001,-0.00016563606668052084,6.8612617906082407e-05,-0.0010886873066193734
1389,-0.0058333333333333327,0.003333333333333334,-0.001,-0.00020252561573475399,9.4801362840157878e-05,-0.001298596568825342
1390,-0.0049999999999999992,0.003333333333333334,-0.001,-0.00024211233283887552,0.0001297379485909312,-0.0015291361754067689
1391,-0.0041666666666666657,0.003333333333333334,-0.001,-0.00027063254889297944,0.00016795562893615388,-0.0017709961626077926
1392,-0.003333333333333334,0.003333333333333334,-0.001,-0.00028708822776575782,0.00021618437387083356,-0.0020369726914238107
1393,-0.0024999999999999988,0.003333333333333334,-0.001,-0.00026621225465166243,0.0002549259053798725,-0.0022285388038350853
1394,-0.001666666666666667,0.003333333333333334,-0.001,-0.00022364837464646206,0.00028980361167218951,-0.0024012965660117499
1395,-0.00083333333333333176,0.003333333333333334,-0.001,-0.00015353818913290738,0.00032412488437605065,-0.0025202635693554539
1396,0,0.003333333333333334,-0.001,-6.9218930952160914e-05,0.00034650771839480878,-0.0025570001479540551
1397,0.00083333333333333523,0.003333333333333334,-0.001,2.0773915942621498e-05,0.00035745255258219676,-0.0025294752384255612
1398,0.001666666666666667,0.003333333333333334,-0.001,0.00010297987559463589,0.00035328415313979532,-0.0024150815704328597
1399,0.0025000000000000022,0.003333333333333334,-0.001,0.00016892574999272583,0.00032429062193685182,-0.0022401422760549511
1400,0.003333333333333334,0.003333333333333334,-0.001,0.00021337297051151927,0.00028334456419297499,-0.0020443006896947117
1401,0.0041666666666666692,0.003333333333333334,-0.001,0.00022468883158483006,0.00022483182741909455,-0.0017941430434194514
1402,0.005000000000000001,0.003333333333333334,-0.001,0.00021773601588736207,0.00016817505444016148,-0.0015445754338556867
1403,0.0058333333333333362,0.003333333333333334,-0.001,0.0001930938724475259,0.00012041140734529646,-0.0013137122054118482
1404,0.006666666666666668,0.003333333333333334,-0.001,0.00016050847166876277,8.4633480178650057e-05,-0.001100320347268282
1405,0.0074999999999999997,0.003333333333333334,-0.001,0.00013245037479777365,5.9142408708061634e-05,-0.0009106854905496152
1406,0.008333333333333335,0.003333333333333334,-0.001,0.00010850906041236633,4.1294362238065865e-05,-0.00074167786381567681
1407,0.0091666666666666667,0.003333333333333334,-0.001,8.8711326560897747e-05,2.8566257299674057e-05,-0.00059134530886166005
1408,0.010000000000000002,0.003333333333333334,-0.001,7.2506008943942456e-05,1.9351404628917156e-05,-0.00045774311933640982
1409,0.010833333333333334,0.003333333333333334,-0.001,5.9239220997101736e-05,1.2528603607476236e-05,-0.00033939831211101133
1410,0.011666666666666669,0.003333333333333334,-0.001,4.8066530838247474e-05,7.4645975804335341e-06,-0.00023543653238356944
1411,0.012500000000000001,0.003333333333333334,-0.001,3.8315408103227706e-05,3.869947597996894e-06,-0.00014576564799493498
1412,0.013333333333333332,0.003333333333333334,-0.001,2.9166433305822854e-05,1.4222713424407612e-06,-7.1540803394261554e-05
1413,0.014166666666666671,0.003333333333333334,-0.001,1.8265165579022741e-05,1.5198680358000133e-07,-1.627701894777584e-05
1414,0.015000000000000003,0.003333333333333334,-0.001,0,0,0
1415,0.015833333333333335,0.003333333333333334,-0.001,0,0,0
1416,0.016666666666666666,0.003333333333333334,-0.001,0,0,0
1417,0.017500000000000005,0.003333333333333334,-0.001,0,0,0
1418,0.018333333333333337,0.003333333333333334,-0.001,0,0,0
1419,0.019166666666666669,0.003333333333333334,-0.001,0,0,0
1420,0.02,0.003333333333333334,-0.001,0,0,0
1421,-0.02,0.0041666666666666692,-0.001,0,0,0
1422,-0.019166666666666669,0.0041666666666666692,-0.001,0,0,0
1423,-0.018333333333333333,0.0041666666666666692,-0.001,0,0,0
1424,-0.017500000000000002,0.0041666666666666692,-0.001,0,0,0
1425,-0.016666666666666666,0.0041666666666666692,-0.001,0,0,0
1426,-0.015833333333333335,0.0041666666666666692,-0.001,0,0,0
1427,-0.014999999999999999,0.0041666666666666692,-0.001,0,0,0
1428,-0.014166666666666668,0.0041666666666666692,-0.001,-1.7270123228951493e-05,7.4588046332895561e-07,-1.5414324507508374e-05
1429,-0.013333333333333332,0.0041666666666666692,-0.001,-2.720310704486952e-05,2.2500251802409897e-06,-6.5842322988779925e-05
1430,-0.012500000000000001,0.0041666666666666692,-0.001,-3.5470593182409433e-05,4.8881934009324018e-06,-0.00013377704683929513
1431,-0.011666666666666667,0.0041666666666666692,-0.001,-4.402711228271249e-05,8.560835774751855e-06,-0.00021602725345575192
1432,-0.010833333333333334,0.0041666666666666692,-0.001,-5.3724701901204018e-05,1.3453418881697952e-05,-0.00031108112344415979
1433,-0.01,0.0041666666666666692,-0.001,-6.5180464641161249e-05,1.9896792545640221e-05,-0.00041872674117594415
1434,-0.0091666666666666667,0.0041666666666666692,-0.001,-7.9042653019963455e-05,2.8368704821517841e-05,-0.00053945025839711384
1435,-0.0083333333333333332,0.0041666666666666692,-0.001,-9.5780931941101988e-05,3.9685584560606006e-05,-0.0006741840308647877
1436,-0.0074999999999999997,0.0041666666666666692,-0.001,-0.00011575397265209442,5.4984190387066458e-05,-0.00082398540422009333
1437,-0.0066666666666666662,0.0041666666666666692,-0.001,-0.00013921762892120769,7.5552545868695552e-05,-0.00098967020087661352
1438,-0.0058333333333333327,0.0041666666666666692,-0.001,-0.0001659809041210136,0.00010306528742202593,-0.0011715557930640828
1439,-0.0049999999999999992,0.0041666666666666692,-0.001,-0.00019460025421788965,0.00013856438581362542,-0.0013684148433258823
1440,-0.0041666666666666657,0.0041666666666666692,-0.001,-0.0002170768710036426,0.00018180988886145632,-0.0015713261906082335
1441,-0.003333333333333334,0.0041666666666666692,-0.001,-0.00022460637501519319,0.000224232540701517,-0.0017714470393842706
1442,-0.0024999999999999988,0.0041666666666666692,-0.001,-0.00022056320690852258,0.00027403293915582712,-0.0019744705860772552
1443,-0.001666666666666667,0.0041666666666666692,-0.001,-0.00018756057723412028,0.00031180776356698199,-0.0021125131821765572
1444,-0.00083333333333333176,0.0041666666666666692,-0.001,-0.00013035483499549758,0.00034225351338652182,-0.0021934003405717955
1445,0,0.0041666666666666692,-0.001,-6.2061951287306958e-05,0.00036240744781481147,-0.0022277291931464701
1446,0.00083333333333333523,0.0041666666666666692,-0.001,1.2312212996772883e-05,0.00036565237535350934,-0.0021982940402597798
1447,0.001666666666666667,0.0041666666666666692,-0.001,8.0182537789378282e-05,0.00035279745899080789,-0.0021213802401373544
1448,0.0025000000000000022,0.0041666666666666692,-0.001,0.00013452106789346377,0.00032528291794016418,-0.0019940234548563316
1449,0.003333333333333334,0.0041666666666666692,-0.001,0.00016643750755682477,0.00027208537737821427,-0.0017936217835609462
1450,0.0041666666666666692,0.0041666666666666692,-0.001,0.00018025709305657074,0.00021659352391468123,-0.0015876647603886211
1451,0.005000000000000001,0.0041666666666666692,-0.001,0.00017635401478272868,0.00016574842068323067,-0.0013840053252050773
1452,0.0058333333333333362,0.0041666666666666692,-0.001,0.0001575875361514043,0.00012098283963814897,-0.0011856639417603049
1453,0.006666666666666668,0.0041666666666666692,-0.001,0.00013481528913031842,8.7174268889397228e-05,-0.0010004892753294179
1454,0.0074999999999999997,0.0041666666666666692,-0.001,0.00011376520045368701,6.2354880235435139e-05,-0.00083265989736933338
1455,0.008333333333333335,0.0041666666666666692,-0.001,9.501804845014028e-05,4.4392825549809311e-05,-0.00068085089945765179
1456,0.0091666666666666667,0.0041666666666666692,-0.001,7.8949283980107163e-05,3.120707585325456e-05,-0.00054427746971957207
1457,0.010000000000000002,0.0041666666666666692,-0.001,6.5393153282053515e-05,2.1430949714596218e-05,-0.00042189338394950588
1458,0.010833333333333334,0.0041666666666666692,-0.001,5.3974597842154012e-05,1.4046735346673739e-05,-0.00031286406283468417
1459,0.011666666666666669,0.0041666666666666692,-0.001,4.4099302535221382e-05,8.5017395913303941e-06,-0.00021679532020266195
1460,0.012500000000000001,0.0041666666666666692,-0.001,3.5290956838005363e-05,4.4804656323408092e-06,-0.00013391478672981978
1461,0.013333333333333332,0.0041666666666666692,-0.001,2.6852324719578906e-05,1.7041035046203783e-06,-6.5507178051039971e-05
1462,0.014166666666666671,0.0041666666666666692,-0.001,1.6771650144899321e-05,2.4203734188916252e-07,-1.490560566463932e-05
1463,0.015000000000000003,0.0041666666666666692,-0.001,0,0,0
1464,0.015833333333333335,0.0041666666666666692,-0.001,0,0,0
1465,0.016666666666666666,0.0041666666666666692,-0.001,0,0,0
1466,0.017500000000000005,0.0041666666666666692,-0.001,0,0,0
1467,0.018333333333333337,0.0041666666666666692,-0.001,0,0,0
1468,0.019166666666666669,0.0041666666666666692,-0.001,0,0,0
1469,0.02,0.0041666666666666692,-0.001,0,0,0
1470,-0.02,0.005000000000000001,-0.001,0,0,0
1471,-0.019166666666666669,0.005000000000000001,-0.001,0,0,0
1472,-0.018333333333333333,0.005000000000000001,-0.001,0,0,0
1473,-0.017500000000000002,0.005000000000000001,-0.001,0,0,0
1474,-0.016666666666666666,0.005000000000000001,-0.001,0,0,0
1475,-0.015833333333333335,0.005000000000000001,-0.001,0,0,0
1476,-0.014999999999999999,0.005000000000000001,-0.001,0,0,0
1477,-0.014166666666666668,0.005000000000000001,-0.001,-1.5453281174115084e-05,8.0588852933878754e-07,-1.3767501062546262e-05
1478,-0.013333333333333332,0.005000000000000001,-0.001,-2.4500381614046999e-05,2.4589776749624397e-06,-5.9026314113499826e-05
1479,-0.012500000000000001,0.005000000000000001,-0.001,-3.2052058125870969e-05,5.3837500477155478e-06,-0.00012050875625200081
1480,-0.011666666666666667,0.005000000000000001,-0.001,-3.9651847760672416e-05,9.4218148894324995e-06,-0.0001953489707939909
1481,-0.010833333333333334,0.005000000000000001,-0.001,-4.8008778332927364e-05,1.4725560643337398e-05,-0.00028183269998472305
1482,-0.01,0.005000000000000001,-0.001,-5.7588467830372096e-05,2.1588915959947627e-05,-0.00037940493734667479
1483,-0.0091666666666666667,0.005000000000000001,-0.001,-6.8775265509949182e-05,3.0419989128661371e-05,-0.00048806951674364044
1484,-0.0083333333333333332,0.005000000000000001,-0.001,-8.1842759200658605e-05,4.1940335322749014e-05,-0.0006080975181281961
1485,-0.0074999999999999997,0.005000000000000001,-0.001,-9.6879817799984001e-05,5.7018862892879859e-05,-0.00073979803477006796
1486,-0.0066666666666666662,0.005000000000000001,-0.001,-0.00011379707437729311,7.6840097096975523e-05,-0.00088313207017015291
1487,-0.0058333333333333327,0.005000000000000001,-0.001,-0.00013197952711381449,0.00010236088856555588,-0.0010374106028951707
1488,-0.0049999999999999992,0.005000000000000001,-0.001,-0.00015028616599612252,0.00013482963027772416,-0.0012010063095673441
1489,-0.0041666666666666657,0.005000000000000001,-0.001,-0.00016469082754055943,0.00017435041353226928,-0.0013683827449127123
1490,-0.003333333333333334,0.005000000000000001,-0.001,-0.00016998436579728946,0.00021726511100749596,-0.0015291798283360101
1491,-0.0024999999999999988,0.005000000000000001,-0.001,-0.00016247797688419375,0.0002564244998601511,-0.0016724872768993553
1492,-0.001666666666666667,0.005000000000000001,-0.001,-0.00014036957792808719,0.00029531376605129858,-0.0017969988535392666
1493,-0.00083333333333333176,0.005000000000000001,-0.001,-0.00010047237941041767,0.00032752535878473852,-0.0018827404219958429
1494,0,0.005000000000000001,-0.001,-4.852096299949398e-05,0.00034148239789762354,-0.0019088996367771988
1495,0.00083333333333333523,0.005000000000000001,-0.001,8.9592373265372491e-06,0.00033985123972744136,-0.0018852643042824007
1496,0.001666666666666667,0.005000000000000001,-0.001,6.1562161124932899e-05,0.00032041442532935137,-0.0018109663876080294
1497,0.0025000000000000022,0.005000000000000001,-0.001,0.00010213875028677892,0.00028683766282570856,-0.0016918807427600199
1498,0.003333333333333334,0.005000000000000001,-0.001,0.00012912930330824141,0.00024330564207618741,-0.0015449701665565506
1499,0.0041666666666666692,0.005000000000000001,-0.001,0.00013967536062898777,0.000196446861674827,-0.001384703919949995
1500,0.005000000000000001,0.005000000000000001,-0.001,0.000136760194157476,0.00015215117919046276,-0.0012164540568579444
1501,0.0058333333333333362,0.005000000000000001,-0.001,0.00012510014837414663,0.0001143522576976562,-0.0010504359370400623
1502,0.006666666666666668,0.005000000000000001,-0.001,0.00011032459008007372,8.4860449320407077e-05,-0.00089340794464618217
1503,0.0074999999999999997,0.005000000000000001,-0.001,9.5348946341344436e-05,6.230062205864282e-05,-0.00074781911591910563
1504,0.008333333333333335,0.005000000000000001,-0.001,8.133563932439695e-05,4.5270331432206934e-05,-0.00061399424713221723
1505,0.0091666666666666667,0.005000000000000001,-0.001,6.8792722308068962e-05,3.2373177323499563e-05,-0.00049210309579513357
1506,0.010000000000000002,0.005000000000000001,-0.001,5.7820578329217346e-05,2.2532100040574427e-05,-0.00038188984815565335
1507,0.010833333333333334,0.005000000000000001,-0.001,4.8235821417098878e-05,1.4958279788470266e-05,-0.00028311988147287773
1508,0.011666666666666669,0.005000000000000001,-0.001,3.9700634526260259e-05,9.1926070945009552e-06,-0.00019583259288328219
1509,0.012500000000000001,0.005000000000000001,-0.001,3.1887046795503001e-05,4.9176414607953895e-06,-0.0001205604779273954
1510,0.013333333333333332,0.005000000000000001,-0.001,2.4217147114858932e-05,1.9194271894549334e-06,-5.8716646011501581e-05
1511,0.014166666666666671,0.005000000000000001,-0.001,1.5066191102864398e-05,3.3025326401987527e-07,-1.3354256302811678e-05
1512,0.015000000000000003,0.005000000000000001,-0.001,0,0,0
1513,0.015833333333333335,0.005000000000000001,-0.001,0,0,0
1514,0.016666666666666666,0.005000000000000001,-0.001,0,0,0
1515,0.017500000000000005,0.005000000000000001,-0.001,0,0,0
1516,0.018333333333333337,0.005000000000000001,-0.001,0,0,0
1517,0.019166666666666669,0.005000000000000001,-0.001,0,0,0
1518,0.02,0.005000000000000001,-0.001,0,0,0
1519,-0.02,0.0058333333333333362,-0.001,0,0,0
1520,-0.019166666666666669,0.0058333333333333362,-0.001,0,0,0
1521,-0.018333333333333333,0.0058333333333333362,-0.001,0,0,0
1522,-0.017500000000000002,0.0058333333333333362,-0.001,0,0,0
1523,-0.016666666666666666,0.0058333333333333362,-0.001,0,0,0
1524,-0.015833333333333335,0.0058333333333333362,-0.001,0,0,0
1525,-0.014999999999999999,0.0058333333333333362,-0.001,0,0,0
1526,-0.014166666666666668,0.0058333333333333362,-0.001,-1.3467609430418363e-05,8.3804383351853296e-07,-1.1971265509917389e-05
1527,-0.013333333333333332,0.0058333333333333362,-0.001,-2.1550215416263273e-05,2.5754159299285523e-06,-5.1650423374973814e-05
1528,-0.012500000000000001,0.0058333333333333362,-0.001,-2.8324004782954626e-05,5.6729714757089273e-06,-0.00010613949881012108
1529,-0.011666666666666667,0.0058333333333333362,-0.001,-3.4966690842314714e-05,9.9089806326132971e-06,-0.00017291185990082964
1530,-0.010833333333333334,0.0058333333333333362,-0.001,-4.2034683242494744e-05,1.5398094083368484e-05,-0.00025016920365702089
1531,-0.01,0.0058333333333333362,-0.001,-4.9848074139703607e-05,2.2350338341055528e-05,-0.0003370809182738417
1532,-0.0091666666666666667,0.0058333333333333362,-0.001,-5.8640623120450828e-05,3.1108983977606793e-05,-0.00043323991816037746
1533,-0.0083333333333333332,0.0058333333333333362,-0.001,-6.8494037619348688e-05,4.2158988012204038e-05,-0.00053842089651102369
1534,-0.0074999999999999997,0.0058333333333333362,-0.001,-7.9398853815843345e-05,5.6212871407781047e-05,-0.00065234205736883514
1535,-0.0066666666666666662,0.0058333333333333362,-0.001,-9.103218717670345e-05,7.3927080659517109e-05,-0.00077442156573294559
1536,-0.0058333333333333327,0.0058333333333333362,-0.001,-0.0001027679285532772,9.6137865335094031e-05,-0.00090331717200676652
1537,-0.0049999999999999992,0.0058333333333333362,-0.001,-0.00011320339083604581,0.0001229241159891389,-0.0010368530893146274
1538,-0.0041666666666666657,0.0058333333333333362,-0.001,-0.00012058201997004444,0.00015437385124084378,-0.0011710861553793192
1539,-0.003333333333333334,0.0058333333333333362,-0.001,-0.00012153029758426795,0.00018903577835546517,-0.0012992280296200143
1540,-0.0024999999999999988,0.0058333333333333362,-0.001,-0.00011452077320425428,0.00022367775489777995,-0.0014131207264681961
1541,-0.001666666666666667,0.0058333333333333362,-0.001,-9.565147861309517e-05,0.00025536788513678212,-0.0015034235407684539
1542,-0.00083333333333333176,0.0058333333333333362,-0.001,-6.5910820156051483e-05,0.00027759918840922324,-0.0015621394443085959
1543,0,0.0058333333333333362,-0.001,-3.0021912768585635e-05,0.00028771221932750524,-0.0015841743040018133
1544,0.00083333333333333523,0.0058333333333333362,-0.001,8.9795384644648262e-06,0.00028432247411220917,-0.0015667974861355632
1545,0.001666666666666667,0.0058333333333333362,-0.001,4.5906225857857872e-05,0.00026778126367843437,-0.0015132022715716952
1546,0.0025000000000000022,0.0058333333333333362,-0.001,7.5791098543391945e-05,0.00023996683233130074,-0.0014261613285456473
1547,0.003333333333333334,0.0058333333333333362,-0.001,9.5284262926119344e-05,0.00020517334119171028,-0.0013144716482028414
1548,0.0041666666666666692,0.0058333333333333362,-0.001,0.00010386492293123073,0.00016840923581093979,-0.0011867194683707828
1549,0.005000000000000001,0.0058333333333333362,-0.001,0.00010379425438068876,0.00013394030529738843,-0.0010513307627747757
1550,0.0058333333333333362,0.0058333333333333362,-0.001,9.7594166145075793e-05,0.00010400074417326474,-0.00091551902805178101
1551,0.006666666666666668,0.0058333333333333362,-0.001,8.8424993038229831e-05,7.9473113071019944e-05,-0.00078421373180752318
1552,0.0074999999999999997,0.0058333333333333362,-0.001,7.8283322455877953e-05,5.9843141173073289e-05,-0.0006598586048167513
1553,0.008333333333333335,0.0058333333333333362,-0.001,6.8227082361864286e-05,4.4412985392275854e-05,-0.0005438081010675081
1554,0.0091666666666666667,0.0058333333333333362,-0.001,5.8770191398562867e-05,3.230447303028065e-05,-0.00043681033262224446
1555,0.010000000000000002,0.0058333333333333362,-0.001,5.0132657421648858e-05,2.2797217821866347e-05,-0.00033920042402982759
1556,0.010833333333333334,0.0058333333333333362,-0.001,4.2271928485995007e-05,1.5317481685893388e-05,-0.00025122905980904401
1557,0.011666666666666669,0.0058333333333333362,-0.001,3.503839323154305e-05,9.5439593317857819e-06,-0.00017329714000907114
1558,0.012500000000000001,0.0058333333333333362,-0.001,2.8220397400248858e-05,5.1763584470210943e-06,-0.00010619178860811913
1559,0.013333333333333332,0.0058333333333333362,-0.001,2.1357211661650421e-05,2.0644908220972828e-06,-5.1414814899098585e-05
1560,0.014166666666666671,0.0058333333333333362,-0.001,1.3209499752838872e-05,4.1124162549828549e-07,-1.1669937901777331e-05
1561,0.015000000000000003,0.0058333333333333362,-0.001,0,0,0
1562,0.015833333333333335,0.0058333333333333362,-0.001,0,0,0
1563,0.016666666666666666,0.0058333333333333362,-0.001,0,0,0
1564,0.017500000000000005,0.0058333333333333362,-0.001,0,0,0
1565,0.018333333333333337,0.0058333333333333362,-0.001,0,0,0
1566,0.019166666666666669,0.0058333333333333362,-0.001,0,0,0
1567,0.02,0.0058333333333333362,-0.001,0,0,0
1568,-0.02,0.006666666666666668,-0.001,0,0,0
1569,-0.019166666666666669,0.006666666666666668,-0.001,0,0,0
1570,-0.018333333333333333,0.006666666666666668,-0.001,0,0,0
1571,-0.017500000000000002,0.006666666666666668,-0.001,0,0,0
1572,-0.016666666666666666,0.006666666666666668,-0.001,0,0,0
1573,-0.015833333333333335,0.006666666666666668,-0.001,0,0,0
1574,-0.014999999999999999,0.006666666666666668,-0.001,0,0,0
1575,-0.014166666666666668,0.006666666666666668,-0.001,-1.1404445523182114e-05,8.4487718571627635e-07,-1.0104701749753545e-05
1576,-0.013333333333333332,0.006666666666666668,-0.001,-1.8458420637109683e-05,2.6014418870606071e-06,-4.39908521546024e-05
1577,-0.012500000000000001,0.006666666666666668,-0.001,-2.4420437185333908e-05,5.7607929860869714e-06,-9.119117796028506e-05
1578,-0.011666666666666667,0.006666666666666668,-0.001,-3.0138224283956152e-05,1.0049430133514049e-05,-0.00014951764259511297
1579,-0.010833333333333334,0.006666666666666668,-0.001,-3.6008792019185138e-05,1.552343533757047e-05,-0.00021719751944294588
1580,-0.01,0.006666666666666668,-0.001,-4.2248601826590793e-05,2.2316479011263612e-05,-0.0002932064321414632
1581,-0.0091666666666666667,0.006666666666666668,-0.001,-4.8990258214956744e-05,3.0660418819396971e-05,-0.00037685282224026199
1582,-0.0083333333333333332,0.006666666666666668,-0.001,-5.6241951689144739e-05,4.0894665914322875e-05,-0.0004675569072914536
1583,-0.0074999999999999997,0.006666666666666668,-0.001,-6.3872797385500701e-05,5.3427633927300182e-05,-0.00056468030000001248
1584,-0.0066666666666666662,0.006666666666666668,-0.001,-7.1584633287584588e-05,6.8744326557398802e-05,-0.00066728774785627357
1585,-0.0058333333333333327,0.006666666666666668,-0.001,-7.8731584835283868e-05,8.7111544322377292e-05,-0.00077394441523836988
1586,-0.0049999999999999992,0.006666666666666668,-0.001,-8.448201147083628e-05,0.0001086257602555712,-0.00088230929313051841
1587,-0.0041666666666666657,0.006666666666666668,-0.001,-8.7360184570551175e-05,0.00013264750920201582,-0.00098905500480533145
1588,-0.003333333333333334,0.006666666666666668,-0.001,-8.5965453304895188e-05,0.00015820617811376409,-0.0010893287189269189
1589,-0.0024999999999999988,0.006666666666666668,-0.001,-7.8473387098729582e-05,0.00018326580416690665,-0.0011773638250037004
1590,-0.001666666666666667,0.006666666666666668,-0.001,-6.3768453737308634e-05,0.00020533366062763195,-0.0012466269160350111
1591,-0.00083333333333333176,0.006666666666666668,-0.001,-4.227903856799669e-05,0.00022051547428167628,-0.0012914205379626509
1592,0,0.006666666666666668,-0.001,-1.7434464697752012e-05,0.00022689503921363219,-0.0013084314053291785
1593,0.00083333333333333523,0.006666666666666668,-0.001,9.0362839505386526e-06,0.00022412880286010927,-0.0012958766708235157
1594,0.001666666666666667,0.006666666666666668,-0.001,3.4311289019066245e-05,0.00021203068115911562,-0.0012552272966126906
1595,0.0025000000000000022,0.006666666666666668,-0.001,5.4858876979171793e-05,0.00019227862698606305,-0.0011890622020054714
1596,0.003333333333333334,0.006666666666666668,-0.001,6.8964942118560248e-05,0.00016773986325945833,-0.0011029223405128324
1597,0.0041666666666666692,0.006666666666666668,-0.001,7.6258002893890003e-05,0.00014123938149429699,-0.0010029938863543035
1598,0.005000000000000001,0.006666666666666668,-0.001,7.7777230479222212e-05,0.00011554815074875202,-0.00089530077186346271
1599,0.0058333333333333362,0.006666666666666668,-0.001,7.5006493563757159e-05,9.2298341120957507e-05,-0.0007851309834472996
1600,0.006666666666666668,0.006666666666666668,-0.001,6.9684151440845167e-05,7.2402914712598027e-05,-0.0006764087817006726
1601,0.0074999999999999997,0.006666666666666668,-0.001,6.3152125654951079e-05,5.5855774313775031e-05,-0.00057166851604600693
1602,0.008333333333333335,0.006666666666666668,-0.001,5.617441020803841e-05,4.2300417489791088e-05,-0.00047256744369109468
1603,0.0091666666666666667,0.006666666666666668,-0.001,4.9242701462515597e-05,3.1290958408650131e-05,-0.00038016032726042502
1604,0.010000000000000002,0.006666666666666668,-0.001,4.2604800552268567e-05,2.238039963901117e-05,-0.00029516859843549013
1605,0.010833333333333334,0.006666666666666668,-0.001,3.6285079546916765e-05,1.5216999067531729e-05,-0.00021819995057641907
1606,0.011666666666666669,0.006666666666666668,-0.001,3.026058233726893e-05,9.5828828303730375e-06,-0.0001499205344159475
1607,0.012500000000000001,0.006666666666666668,-0.001,2.4403896143804762e-05,5.2593211757440651e-06,-9.1295736091336538e-05
1608,0.013333333333333332,0.006666666666666668,-0.001,1.8372311606809366e-05,2.1396468376847797e-06,-4.3854820599682969e-05
1609,0.014166666666666671,0.006666666666666668,-0.001,1.1260809533613766e-05,4.7856231776718575e-07,-9.9068589152783394e-06
1610,0.015000000000000003,0.006666666666666668,-0.001,0,0,0
1611,0.015833333333333335,0.006666666666666668,-0.001,0,0,0
1612,0.016666666666666666,0.006666666666666668,-0.001,0,0,0
1613,0.017500000000000005,0.006666666666666668,-0.001,0,0,0
1614,0.018333333333333337,0.006666666666666668,-0.001,0,0,0
1615,0.019166666666666669,0.006666666666666668,-0.001,0,0,0
1616,0.02,0.006666666666666668,-0.001,0,0,0
1617,-0.02,0.0074999999999999997,-0.001,0,0,0
1618,-0.019166666666666669,0.0074999999999999997,-0.001,0,0,0
1619,-0.018333333333333333,0.0074999999999999997,-0.001,0,0,0
1620,-0.017500000000000002,0.0074999999999999997,-0.001,0,0,0
1621,-0.016666666666666666,0.0074999999999999997,-0.001,0,0,0
1622,-0.015833333333333335,0.0074999999999999997,-0.001,0,0,0
1623,-0.014999999999999999,0.0074999999999999997,-0.001,0,0,0
1624,-0.014166666666666668,0.0074999999999999997,-0.001,-9.344791913210899e-06,8.2805615754097353e-07,-8.2410157441525819e-06
1625,-0.013333333333333332,0.0074999999999999997,-0.001,-1.5335461875256176e-05,2.5422387335370847e-06,-3.63279079132653e-05
1626,-0.012500000000000001,0.0074999999999999997,-0.001,-2.0478926752969951e-05,5.6609726126744939e-06,-7.6154290401468961e-05
1627,-0.011666666666666667,0.0074999999999999997,-0.001,-2.5311435849724962e-05,9.8742623368053795e-06,-0.00012591062860496796
1628,-0.010833333333333334,0.0074999999999999997,-0.001,-3.0106851872492658e-05,1.5182988686841642e-05,-0.00018393033815331168
1629,-0.01,0.0074999999999999997,-0.001,-3.500004860418264e-05,2.1635191638017567e-05,-0.00024909344001475286
1630,-0.0091666666666666667,0.0074999999999999997,-0.001,-4.0061822147165059e-05,2.9366129889091531e-05,-0.0003205307603071912
1631,-0.0083333333333333332,0.0074999999999999997,-0.001,-4.5266644726457209e-05,3.8577646989410689e-05,-0.00039746231225374333
1632,-0.0074999999999999997,0.0074999999999999997,-0.001,-5.0468235968469142e-05,4.9506093537903771e-05,-0.00047903359105955099
1633,-0.0066666666666666662,0.0074999999999999997,-0.001,-5.5373792799969052e-05,6.2356541304929683e-05,-0.00056419232741575741
1634,-0.0058333333333333327,0.0074999999999999997,-0.001,-5.9566874245620225e-05,7.7261113473304677e-05,-0.00065147393195090074
1635,-0.0049999999999999992,0.0074999999999999997,-0.001,-6.2347179041761686e-05,9.4038790523087647e-05,-0.00073887847369478619
1636,-0.0041666666666666657,0.0074999999999999997,-0.001,-6.2968575993434736e-05,0.00011229067636240511,-0.00082361633739706731
1637,-0.003333333333333334,0.0074999999999999997,-0.001,-6.027297237478244e-05,0.0001311235749897038,-0.00090212258782483492
1638,-0.0024999999999999988,0.0074999999999999997,-0.001,-5.3646143765343686e-05,0.00014900555631585115,-0.00097018190818982974
1639,-0.001666666666666667,0.0074999999999999997,-0.001,-4.2536917056924648e-05,0.00016423059424366596,-0.0010233656240860992
1640,-0.00083333333333333176,0.0074999999999999997,-0.001,-2.7533527482956025e-05,0.00017453238349888296,-0.0010576402489454692
1641,0,0.0074999999999999997,-0.001,-1.0324284455627791e-05,0.00017871253811401855,-0.0010707279072548587
1642,0.00083333333333333523,0.0074999999999999997,-0.001,7.7368386069564686e-06,0.00017643724866266936,-0.0010614908283696101
1643,0.001666666666666667,0.0074999999999999997,-0.001,2.4898066715802277e-05,0.00016782293357212752,-0.0010306604188418476
1644,0.0025000000000000022,0.0074999999999999997,-0.001,3.9191174242259433e-05,0.00015390956484706602,-0.00098015733688229067
1645,0.003333333333333334,0.0074999999999999997,-0.001,4.946612600620176e-05,0.00013648730453764664,-0.00091368732783788308
1646,0.0041666666666666692,0.0074999999999999997,-0.001,5.5474150056831155e-05,0.00011742429364384365,-0.0008355902830622918
1647,0.005000000000000001,0.0074999999999999997,-0.001,5.7696247439564265e-05,9.8381812454611419e-05,-0.0007502257420274862
1648,0.0058333333333333362,0.0074999999999999997,-0.001,5.6923458980711561e-05,8.0567755581662006e-05,-0.00066147987736597347
1649,0.006666666666666668,0.0074999999999999997,-0.001,5.4121715885894421e-05,6.4719205619282155e-05,-0.00057245657429007388
1650,0.0074999999999999997,0.0074999999999999997,-0.001,5.007947117059594e-05,5.101469576609583e-05,-0.00048544623941521172
1651,0.008333333333333335,0.0074999999999999997,-0.001,4.5385272735027698e-05,3.9366371532098139e-05,-0.00040210353672492737
1652,0.0091666666666666667,0.0074999999999999997,-0.001,4.0432565075387722e-05,2.958366872539256e-05,-0.00032364102702643079
1653,0.010000000000000002,0.0074999999999999997,-0.001,3.5426185792002764e-05,2.1440963826642217e-05,-0.00025098349607931704
1654,0.010833333333333334,0.0074999999999999997,-0.001,3.0436071893705386e-05,1.4739604576808744e-05,-0.00018495685718046396
1655,0.011666666666666669,0.0074999999999999997,-0.001,2.5502362385503137e-05,9.3545738412030427e-06,-0.0001263877991581774
1656,0.012500000000000001,0.0074999999999999997,-0.001,2.0552369029017965e-05,5.1768677407432221e-06,-7.6338105513610409e-05
1657,0.013333333333333332,0.0074999999999999997,-0.001,1.53492459957257e-05,2.1428699726597465e-06,-3.6286068132574978e-05
1658,0.014166666666666671,0.0074999999999999997,-0.001,9.2807410140193385e-06,5.2752196201856355e-07,-8.1155223159084143e-06
1659,0.015000000000000003,0.0074999999999999997,-0.001,0,0,0
1660,0.015833333333333335,0.0074999999999999997,-0.001,0,0,0
1661,0.016666666666666666,0.0074999999999999997,-0.001,0,0,0
1662,0.017500000000000005,0.0074999999999999997,-0.001,0,0,0
1663,0.018333333333333337,0.0074999999999999997,-0.001,0,0,0
1664,0.019166666666666669,0.0074999999999999997,-0.001,0,0,0
1665,0.02,0.0074999999999999997,-0.001,0,0,0
1666,-0.02,0.008333333333333335,-0.001,0,0,0
1667,-0.019166666666666669,0.008333333333333335,-0.001,0,0,0
1668,-0.018333333333333333,0.008333333333333335,-0.001,0,0,0
1669,-0.017500000000000002,0.008333333333333335,-0.001,0,0,0
1670,-0.016666666666666666,0.008333333333333335,-0.001,0,0,0
1671,-0.015833333333333335,0.008333333333333335,-0.001,0,0,0
1672,-0.014999999999999999,0.008333333333333335,-0.001,0,0,0
1673,-0.014166666666666668,0.008333333333333335,-0.001,-7.3564185637999067e-06,7.8730250776189338e-07,-6.4357072293274967e-06
1674,-0.013333333333333332,0.008333333333333335,-0.001,-1.2289803309721358e-05,2.4054597954427666e-06,-2.8925101328368854e-05
1675,-0.012500000000000001,0.008333333333333335,-0.001,-1.6620989018588703e-05,5.3895144919363525e-06,-6.1498847952459401e-05
1676,-0.011666666666666667,0.008333333333333335,-0.001,-2.0626034076047955e-05,9.4221595242177683e-06,-0.00010277184629780317
1677,-0.010833333333333334,0.008333333333333335,-0.001,-2.4475088561039411e-05,1.4450773000956305e-05,-0.00015126588078990519
1678,-0.01,0.008333333333333335,-0.001,-2.8245954963484705e-05,2.0450570864286719e-05,-0.00020586357184947625
1679,-0.0091666666666666667,0.008333333333333335,-0.001,-3.1970592324180007e-05,2.7463614647506358e-05,-0.00026561077559595373
1680,-0.0083333333333333332,0.008333333333333335,-0.001,-3.56127123510044e-05,3.5595412039108102e-05,-0.00032963543182950125
1681,-0.0074999999999999997,0.008333333333333335,-0.001,-3.9060271045458249e-05,4.4948146502326415e-05,-0.00039701247193098206
1682,-0.0066666666666666662,0.008333333333333335,-0.001,-4.2095018270177251e-05,5.5583111275729787e-05,-0.00046666628490737853
1683,-0.0058333333333333327,0.008333333333333335,-0.001,-4.4384331509444469e-05,6.7464755902022308e-05,-0.00053726685542372676
1684,-0.0049999999999999992,0.008333333333333335,-0.001,-4.5542189740587105e-05,8.0458310918225324e-05,-0.00060707528078082578
1685,-0.0041666666666666657,0.008333333333333335,-0.001,-4.4961737480454186e-05,9.415155482653194e-05,-0.00067390629784333479
1686,-0.003333333333333334,0.008333333333333335,-0.001,-4.2168846293956097e-05,0.00010787046788750195,-0.00073506680135969294
1687,-0.0024999999999999988,0.008333333333333335,-0.001,-3.6692581813610711e-05,0.00012056166825784549,-0.0007875325923986763
1688,-0.001666666666666667,0.008333333333333335,-0.001,-2.8565834775574266e-05,0.00013102681206269022,-0.00082823728031851428
1689,-0.00083333333333333176,0.008333333333333335,-0.001,-1.8071844249800901e-05,0.00013805528610637226,-0.0008544775799721393
1690,0,0.008333333333333335,-0.001,-6.2189036449055383e-06,0.0001407900139475088,-0.00086456443028042063
1691,0.00083333333333333523,0.008333333333333335,-0.001,6.1089687509154196e-06,0.00013907077042268133,-0.00085771589978772935
1692,0.001666666666666667,0.008333333333333335,-0.001,1.7826485218481386e-05,0.00013297180226636292,-0.00083435458520186064
1693,0.0025000000000000022,0.008333333333333335,-0.001,2.7770018521231559e-05,0.00012319249527870764,-0.00079587201230774205
1694,0.003333333333333334,0.008333333333333335,-0.001,3.5263619762357202e-05,0.00011085108291819679,-0.00074474194347710595
1695,0.0041666666666666692,0.008333333333333335,-0.001,4.0060936211477774e-05,9.7127342602863472e-05,-0.00068400771702827111
1696,0.005000000000000001,0.008333333333333335,-0.001,4.2375706199661899e-05,8.3086249736032144e-05,-0.00061678888589889434
1697,0.0058333333333333362,0.008333333333333335,-0.001,4.2639015746936676e-05,6.9541560246016724e-05,-0.00054596225257733545
1698,0.006666666666666668,0.008333333333333335,-0.001,4.1343181116810921e-05,5.7030391433512124e-05,-0.000473965656900247
1699,0.0074999999999999997,0.008333333333333335,-0.001,3.897663623462316e-05,4.5805268494960456e-05,-0.00040274798909397259
1700,0.008333333333333335,0.008333333333333335,-0.001,3.5915790435321902e-05,3.5946518914854877e-05,-0.00033385155259301114
1701,0.0091666666666666667,0.008333333333333335,-0.001,3.244253472293871e-05,2.7408936046285529e-05,-0.00026849864126739589
1702,0.010000000000000002,0.008333333333333335,-0.001,2.8720765362754899e-05,2.0106283293118917e-05,-0.00020768928831812051
1703,0.010833333333333334,0.008333333333333335,-0.001,2.4852052245534259e-05,1.3953167551880444e-05,-0.00015233593524161603
1704,0.011666666666666669,0.008333333333333335,-0.001,2.0875969674223742e-05,8.9020662631708406e-06,-0.00010333804943378323
1705,0.012500000000000001,0.008333333333333335,-0.001,1.676126182293393e-05,4.9464388805736787e-06,-6.1761174152278502e-05
1706,0.013333333333333332,0.008333333333333335,-0.001,1.2370489901020984e-05,2.0731793295172324e-06,-2.895150510276368e-05
1707,0.014166666666666671,0.008333333333333335,-0.001,7.3386435372370415e-06,5.5182503443410737e-07,-6.3563686822446929e-06
1708,0.015000000000000003,0.008333333333333335,-0.001,0,0,0
1709,0.015833333333333335,0.008333333333333335,-0.001,0,0,0
1710,0.016666666666666666,0.008333333333333335,-0.001,0,0,0
1711,0.017500000000000005,0.008333333333333335,-0.001,0,0,0
1712,0.018333333333333337,0.008333333333333335,-0.001,0,0,0
1713,0.019166666666666669,0.008333333333333335,-0.001,0,0,0
1714,0.02,0.008333333333333335,-0.001,0,0,0
1715,-0.02,0.0091666666666666667,-0.001,0,0,0
1716,-0.019166666666666669,0.0091666666666666667,-0.001,0,0,0
1717,-0.018333333333333333,0.0091666666666666667,-0.001,0,0,0
1718,-0.017500000000000002,0.0091666666666666667,-0.001,0,0,0
1719,-0.016666666666666666,0.0091666666666666667,-0.001,0,0,0
1720,-0.015833333333333335,0.0091666666666666667,-0.001,0,0,0
1721,-0.014999999999999999,0.0091666666666666667,-0.001,0,0,0
1722,-0.014166666666666668,0.0091666666666666667,-0.001,-5.4987908164866275e-06,7.18736431382576e-07,-4.7415746530008893e-06
1723,-0.013333333333333332,0.0091666666666666667,-0.001,-9.4128763155912339e-06,2.1932916472535476e-06,-2.2010423494983772e-05
1724,-0.012500000000000001,0.0091666666666666667,-0.001,-1.2955861233189616e-05,4.9640866886338505e-06,-4.7663037091617281e-05
1725,-0.011666666666666667,0.0091666666666666667,-0.001,-1.6200121691640191e-05,8.7294522619006073e-06,-8.0743821300473224e-05
1726,-0.010833333333333334,0.0091666666666666667,-0.001,-1.9226506340315235e-05,1.3389006945398466e-05,-0.0001200266034157722
1727,-0.01,0.0091666666666666667,-0.001,-2.2072579531524598e-05,1.8863074325998575e-05,-0.00016448603723340417
1728,-0.0091666666666666667,0.0091666666666666667,-0.001,-2.4754574971023e-05,2.5133302782473859e-05,-0.0002131849184114925
1729,-0.0083333333333333332,0.0091666666666666667,-0.001,-2.724299820088552e-05,3.2214816027995732e-05,-0.00026523785417530176
1730,-0.0074999999999999997,0.0091666666666666667,-0.001,-2.9457381242916745e-05,4.0124331013742943e-05,-0.00031973879548802188
1731,-0.0066666666666666662,0.0091666666666666667,-0.001,-3.1250838016797422e-05,4.884190971796192e-05,-0.00037568139452481386
1732,-0.0058333333333333327,0.0091666666666666667,-0.001,-3.2422721130210487e-05,5.8281910049068472e-05,-0.00043188816438384384
1733,-0.0049999999999999992,0.0091666666666666667,-0.001,-3.2666913454943591e-05,6.8264971463873479e-05,-0.00048693188127685121
1734,-0.0041666666666666657,0.0091666666666666667,-0.001,-3.1691766132588717e-05,7.8493672868811581e-05,-0.00053907980211645966
1735,-0.003333333333333334,0.0091666666666666667,-0.001,-2.9177284129234533e-05,8.8449323726581504e-05,-0.00058633757523854769
1736,-0.0024999999999999988,0.0091666666666666667,-0.001,-2.4995654445286307e-05,9.7434120952137943e-05,-0.00062652650786392645
1737,-0.001666666666666667,0.0091666666666666667,-0.001,-1.9136294667365874e-05,0.00010468881606940815,-0.00065752778067887493
1738,-0.00083333333333333176,0.0091666666666666667,-0.001,-1.1897916089457683e-05,0.0001094827389370956,-0.00067751603130775237
1739,0,0.0091666666666666667,-0.001,-3.7799207332011878e-06,0.00011132101008269926,-0.00068524808093647905
1740,0.00083333333333333523,0.0091666666666666667,-0.001,4.586865530938849e-06,0.00011003632629882881,-0.00068019004394469695
1741,0.001666666666666667,0.0091666666666666667,-0.001,1.2551334605314126e-05,0.00010574525373873042,-0.00066258280863351247
1742,0.0025000000000000022,0.0091666666666666667,-0.001,1.9456344161887853e-05,9.8872408662080736e-05,-0.00063340740610311229
1743,0.003333333333333334,0.0091666666666666667,-0.001,2.4863767915176115e-05,9.0104864458781417e-05,-0.00059433199345181769
1744,0.0041666666666666692,0.0091666666666666667,-0.001,2.858568245676556e-05,8.0183321105596893e-05,-0.00054746949169367132
1745,0.005000000000000001,0.0091666666666666667,-0.001,3.0691908111522186e-05,6.9802238368288372e-05,-0.00049505981392578761
1746,0.0058333333333333362,0.0091666666666666667,-0.001,3.1385757524522865e-05,5.9492315407863739e-05,-0.00043925196160877903
1747,0.006666666666666668,0.0091666666666666667,-0.001,3.0945446829470135e-05,4.9654419416744535e-05,-0.00038193633919274207
1748,0.0074999999999999997,0.0091666666666666667,-0.001,2.9635239053135875e-05,4.0540875007391943e-05,-0.00032471972389932807
1749,0.008333333333333335,0.0091666666666666667,-0.001,2.7685065060367142e-05,3.2283301765259403e-05,-0.00026896428515594655
1750,0.0091666666666666667,0.0091666666666666667,-0.001,2.5280782334966119e-05,2.4927480548520288e-05,-0.00021580232268056398
1751,0.010000000000000002,0.0091666666666666667,-0.001,2.256385774518627e-05,1.8470330651748956e-05,-0.00016621532327175758
1752,0.010833333333333334,0.0091666666666666667,-0.001,1.9616920456500133e-05,1.2908478791431689e-05,-0.00012110748296036655
1753,0.011666666666666669,0.0091666666666666667,-0.001,1.6467347230924474e-05,8.2561586895663434e-06,-8.136306621317966e-05
1754,0.012500000000000001,0.0091666666666666667,-0.001,1.3116921703212786e-05,4.5821004289933689e-06,-4.7970558233298044e-05
1755,0.013333333333333332,0.0091666666666666667,-0.001,9.5166910987906133e-06,1.9283559429485601e-06,-2.207215793149103e-05
1756,0.014166666666666671,0.0091666666666666667,-0.001,5.5012455371884168e-06,5.4268477359268954e-07,-4.6901574448232099e-06
1757,0.015000000000000003,0.0091666666666666667,-0.001,0,0,0
1758,0.015833333333333335,0.0091666666666666667,-0.001,0,0,0
1759,0.016666666666666666,0.0091666666666666667,-0.001,0,0,0
1760,0.017500000000000005,0.0091666666666666667,-0.001,0,0,0
1761,0.018333333333333337,0.0091666666666666667,-0.001,0,0,0
1762,0.019166666666666669,0.0091666666666666667,-0.001,0,0,0
1763,0.02,0.0091666666666666667,-0.001,0,0,0
1764,-0.02,0.010000000000000002,-0.001,0,0,0
1765,-0.019166666666666669,0.010000000000000002,-0.001,0,0,0
1766,-0.018333333333333333,0.010000000000000002,-0.001,0,0,0
1767,-0.017500000000000002,0.010000000000000002,-0.001,0,0,0
1768,-0.016666666666666666,0.010000000000000002,-0.001,0,0,0
1769,-0.015833333333333335,0.010000000000000002,-0.001,0,0,0
1770,-0.014999999999999999,0.010000000000000002,-0.001,0,0,0
1771,-0.014166666666666668,0.010000000000000002,-0.001,-3.832571614094994e-06,6.1637263675059876e-07,-3.2141958438475805e-06
1772,-0.013333333333333332,0.010000000000000002,-0.001,-6.7775382049269844e-06,1.9050616189622028e-06,-1.5781380285746866e-05
1773,-0.012500000000000001,0.010000000000000002,-0.001,-9.5563738358315074e-06,4.4001550479224315e-06,-3.5035230256880659e-05
1774,-0.011666666666666667,0.010000000000000002,-0.001,-1.2108594380511355e-05,7.8274606445821064e-06,-6.0416887599876301e-05
1775,-0.010833333333333334,0.010000000000000002,-0.001,-1.4428793198336379e-05,1.2050629384648797e-05,-9.0979878703883064e-05
1776,-0.01,0.010000000000000002,-0.001,-1.6527078268789358e-05,1.6957133057815387e-05,-0.00012586325090357381
1777,-0.0091666666666666667,0.010000000000000002,-0.001,-1.8410860104500278e-05,2.2480630367252664e-05,-0.00016422744147456207
1778,-0.0083333333333333332,0.010000000000000002,-0.001,-2.0065852363669672e-05,2.8582131376715799e-05,-0.00020525311937711363
1779,-0.0074999999999999997,0.010000000000000002,-0.001,-2.1442966779775134e-05,3.5221033521333835e-05,-0.00024811215461082738
1780,-0.0066666666666666662,0.010000000000000002,-0.001,-2.2452142906746232e-05,4.2341501673124402e-05,-0.00029191808319916908
1781,-0.0058333333333333327,0.010000000000000002,-0.001,-2.295068535108965e-05,4.9838094556644666e-05,-0.00033565979842014514
1782,-0.0049999999999999992,0.010000000000000002,-0.001,-2.2778016387147886e-05,5.7547633436961083e-05,-0.00037818090459413808
1783,-0.0041666666666666657,0.010000000000000002,-0.001,-2.1755429807982751e-05,6.5197997883960433e-05,-0.00041816470379192166
1784,-0.003333333333333334,0.010000000000000002,-0.001,-1.9761112792397871e-05,7.2442177976381715e-05,-0.00045411994126912255
1785,-0.0024999999999999988,0.010000000000000002,-0.001,-1.6700795517745854e-05,7.8837045498001136e-05,-0.00048450000193589102
1786,-0.001666666666666667,0.010000000000000002,-0.001,-1.2635112968899048e-05,8.3897854762197952e-05,-0.00050783708560946247
1787,-0.00083333333333333176,0.010000000000000002,-0.001,-7.7183741162747497e-06,8.7199618367485949e-05,-0.00052287971975033449
1788,0,0.010000000000000002,-0.001,-2.2745375377840718e-06,8.8434754344856437e-05,-0.00052874488730587194
1789,0.00083333333333333523,0.010000000000000002,-0.001,3.3282054889904659e-06,8.7504951036558283e-05,-0.00052504665924340979
1790,0.001666666666666667,0.010000000000000002,-0.001,8.6804370222557571e-06,8.4477133884204204e-05,-0.00051193194292924215
1791,0.0025000000000000022,0.010000000000000002,-0.001,1.3409521025630458e-05,7.9629675458756208e-05,-0.00049006544488539331
1792,0.003333333333333334,0.010000000000000002,-0.001,1.7233029220600948e-05,7.336848592266439e-05,-0.00046058257970756799
1793,0.0041666666666666692,0.010000000000000002,-0.001,2.001338079011775e-05,6.6146177474274588e-05,-0.00042495058811013931
1794,0.005000000000000001,0.010000000000000002,-0.001,2.1745925855668909e-05,5.8396555755252082e-05,-0.00038478581787007652
1795,0.0058333333333333362,0.010000000000000002,-0.001,2.2525118259067136e-05,5.0499944567177884e-05,-0.00034166884145875803
1796,0.006666666666666668,0.010000000000000002,-0.001,2.248916638693319e-05,4.2762957825125226e-05,-0.00029705837551467063
1797,0.0074999999999999997,0.010000000000000002,-0.001,2.1790999327271758e-05,3.5387092140241738e-05,-0.00025225739605189135
1798,0.008333333333333335,0.010000000000000002,-0.001,2.0568426690754825e-05,2.8511603935588509e-05,-0.00020840662184700971
1799,0.0091666666666666667,0.010000000000000002,-0.001,1.8938757425993101e-05,2.2229448835499644e-05,-0.00016649561159644564
1800,0.010000000000000002,0.010000000000000002,-0.001,1.6994394493058768e-05,1.6587600713650127e-05,-0.00012741802845142887
1801,0.010833333333333334,0.010000000000000002,-0.001,1.4797483484127575e-05,1.1634765512671963e-05,-9.1992167238483054e-05
1802,0.011666666666666669,0.010000000000000002,-0.001,1.2364412274866648e-05,7.4345155397503842e-06,-6.1016398605552706e-05
1803,0.012500000000000001,0.010000000000000002,-0.001,9.7184990429461654e-06,4.0922976670875238e-06,-3.5336710548536325e-05
1804,0.013333333333333332,0.010000000000000002,-0.001,6.8791210498626187e-06,1.7071491652533402e-06,-1.5851377946270791e-05
1805,0.014166666666666671,0.010000000000000002,-0.001,3.8413580675695998e-06,4.9310593435546121e-07,-3.1788402304920478e-06
1806,0.015000000000000003,0.010000000000000002,-0.001,0,0,0
1807,0.015833333333333335,0.010000000000000002,-0.001,0,0,0
1808,0.016666666666666666,0.010000000000000002,-0.001,0,0,0
1809,0.017500000000000005,0.010000000000000002,-0.001,0,0,0
1810,0.018333333333333337,0.010000000000000002,-0.001,0,0,0
1811,0.019166666666666669,0.010000000000000002,-0.001,0,0,0
1812,0.02,0.010000000000000002,-0.001,0,0,0
1813,-0.02,0.010833333333333334,-0.001,0,0,0
1814,-0.019166666666666669,0.010833333333333334,-0.001,0,0,0
1815,-0.018333333333333333,0.010833333333333334,-0.001,0,0,0
1816,-0.017500000000000002,0.010833333333333334,-0.001,0,0,0
1817,-0.016666666666666666,0.010833333333333334,-0.001,0,0,0
1818,-0.015833333333333335,0.010833333333333334,-0.001,0,0,0
1819,-0.014999999999999999,0.010833333333333334,-0.001,0,0,0
1820,-0.014166666666666668,0.010833333333333334,-0.001,-2.4097895461000386e-06,4.796189085696608e-07,-1.9146639999436049e-06
1821,-0.013333333333333332,0.010833333333333334,-0.001,-4.4658479768080703e-06,1.5515513078657011e-06,-1.0416208356316533e-05
1822,-0.012500000000000001,0.010833333333333334,-0.001,-6.5227417707523397e-06,3.7161129969412129e-06,-2.3960902216461281e-05
1823,-0.011666666666666667,0.010833333333333334,-0.001,-8.4299583381148585e-06,6.7332932967599857e-06,-4.231976081223959e-05
1824,-0.010833333333333334,0.010833333333333334,-0.001,-1.0139451414254639e-05,1.0463175669522472e-05,-6.4835779558698435e-05
1825,-0.01,0.010833333333333334,-0.001,-1.1637220737465648e-05,1.4775401525164871e-05,-9.0845211423064265e-05
1826,-0.0091666666666666667,0.010833333333333334,-0.001,-1.2926373125305265e-05,1.9573737863966098e-05,-0.0001196627045064165
1827,-0.0083333333333333332,0.010833333333333334,-0.001,-1.400119766566235e-05,2.4781680477724921e-05,-0.00015060215246888109
1828,-0.0074999999999999997,0.010833333333333334,-0.001,-1.4831262983973078e-05,3.0329989607721294e-05,-0.00018295738041208739
1829,-0.0066666666666666662,0.010833333333333334,-0.001,-1.5352032870509643e-05,3.6142360084660576e-05,-0.0002159794010717411
1830,-0.0058333333333333327,0.010833333333333334,-0.001,-1.5487685050267509e-05,4.2119533215091812e-05,-0.0002488457784367913
1831,-0.0049999999999999992,0.010833333333333334,-0.001,-1.5157226083815595e-05,4.8107301325181555e-05,-0.00028064659810694923
1832,-0.0041666666666666657,0.010833333333333334,-0.001,-1.4286075129396711e-05,5.3905805041155374e-05,-0.00031038485077163253
1833,-0.003333333333333334,0.010833333333333334,-0.001,-1.2794767518479206e-05,5.926042617276388e-05,-0.00033699034727601086
1834,-0.0024999999999999988,0.010833333333333334,-0.001,-1.067009350611787e-05,6.3877652841828962e-05,-0.00035938017566338842
1835,-0.001666666666666667,0.010833333333333334,-0.001,-7.9473849987542366e-06,6.7461622523802564e-05,-0.00037652966069444898
1836,-0.00083333333333333176,0.010833333333333334,-0.001,-4.744028285252353e-06,6.9762135850247542e-05,-0.00038757819241013212
1837,0,0.010833333333333334,-0.001,-1.2246637226366096e-06,7.0610660934515427e-05,-0.00039191755590232882
1838,0.00083333333333333523,0.010833333333333334,-0.001,2.3890067521821903e-06,6.9931885611551736e-05,-0.0003892716140563411
1839,0.001666666666666667,0.010833333333333334,-0.001,5.8685910988988067e-06,6.7779036631903798e-05,-0.00037971589097706424
1840,0.0025000000000000022,0.010833333333333334,-0.001,8.9877848444350957e-06,6.4316170969077395e-05,-0.00036369752296669475
1841,0.003333333333333334,0.010833333333333334,-0.001,1.1571567434091266e-05,5.9778181649642447e-05,-0.00034199330046865036
1842,0.0041666666666666692,0.010833333333333334,-0.001,1.3522976455968544e-05,5.4445292669529079e-05,-0.00031561815684417798
1843,0.005000000000000001,0.010833333333333334,-0.001,1.4818308383579079e-05,4.8599887261019084e-05,-0.0002857175906938119
1844,0.0058333333333333362,0.010833333333333334,-0.001,1.5489306740803354e-05,4.2500907231804597e-05,-0.00025345303595472634
1845,0.006666666666666668,0.010833333333333334,-0.001,1.5603664256243651e-05,3.6372374564815914e-05,-0.00021992991495848287
1846,0.0074999999999999997,0.010833333333333334,-0.001,1.5244244579142556e-05,3.0388015155736445e-05,-0.00018616595340100931
1847,0.008333333333333335,0.010833333333333334,-0.001,1.4490916802371181e-05,2.4679979332459822e-05,-0.00015307617697071747
1848,0.0091666666666666667,0.010833333333333334,-0.001,1.340691238674936e-05,1.9350173195922281e-05,-0.00012148110172170049
1849,0.010000000000000002,0.010833333333333334,-0.001,1.2052662881569471e-05,1.4478201361104405e-05,-9.2125461079295705e-05
1850,0.010833333333333334,0.010833333333333334,-0.001,1.0466785217096259e-05,1.014456817510005e-05,-6.568728478738898e-05
1851,0.011666666666666669,0.010833333333333334,-0.001,8.6607458557058477e-06,6.4408107497776179e-06,-4.2829217285931699e-05
1852,0.012500000000000001,0.010833333333333334,-0.001,6.6693515130934174e-06,3.4871429576236919e-06,-2.4211433594558677e-05
1853,0.013333333333333332,0.010833333333333334,-0.001,4.5523441294801448e-06,1.4137722307187599e-06,-1.0475603570853064e-05
1854,0.014166666666666671,0.010833333333333334,-0.001,2.4209528667561922e-06,3.9935264418665599e-07,-1.8879880796864042e-06
1855,0.015000000000000003,0.010833333333333334,-0.001,0,0,0
1856,0.015833333333333335,0.010833333333333334,-0.001,0,0,0
1857,0.016666666666666666,0.010833333333333334,-0.001,0,0,0
1858,0.017500000000000005,0.010833333333333334,-0.001,0,0,0
1859,0.018333333333333337,0.010833333333333334,-0.001,0,0,0
1860,0.019166666666666669,0.010833333333333334,-0.001,0,0,0
1861,0.02,0.010833333333333334,-0.001,0,0,0
1862,-0.02,0.011666666666666669,-0.001,0,0,0
1863,-0.019166666666666669,0.011666666666666669,-0.001,0,0,0
1864,-0.018333333333333333,0.011666666666666669,-0.001,0,0,0
1865,-0.017500000000000002,0.011666666666666669,-0.001,0,0,0
1866,-0.016666666666666666,0.011666666666666669,-0.001,0,0,0
1867,-0.015833333333333335,0.011666666666666669,-0.001,0,0,0
1868,-0.014999999999999999,0.011666666666666669,-0.001,0,0,0
1869,-0.014166666666666668,0.011666666666666669,-0.001,-1.2867312873659966e-06,3.2337023431845063e-07,-9.1222510534071184e-07
1870,-0.013333333333333332,0.011666666666666669,-0.001,-2.5763386556204329e-06,1.1550516890614198e-06,-6.0669446733705109e-06
1871,-0.012500000000000001,0.011666666666666669,-0.001,-3.9703528487950033e-06,2.9330560847237751e-06,-1.4746462008205797e-05
1872,-0.011666666666666667,0.011666666666666669,-0.001,-5.286778948020883e-06,5.4723011703307451e-06,-2.6943886089924185e-05
1873,-0.010833333333333334,0.011666666666666669,-0.001,-6.46291505015531e-06,8.6564502939169742e-06,-4.2264073267478063e-05
1874,-0.01,0.011666666666666669,-0.001,-7.4746903757396937e-06,1.2352134732352744e-05,-6.0253757359007547e-05
1875,-0.0091666666666666667,0.011666666666666669,-0.001,-8.3185486387171249e-06,1.6447359849852411e-05,-8.041281305008276e-05
1876,-0.0083333333333333332,0.011666666666666669,-0.001,-8.9886132409766582e-06,2.0849020365679879e-05,-0.00010222112288522569
1877,-0.0074999999999999997,0.011666666666666669,-0.001,-9.4642681866886392e-06,2.5465020013505052e-05,-0.00012512958696499134
1878,-0.0066666666666666662,0.011666666666666669,-0.001,-9.7144155010927746e-06,3.0211785518302462e-05,-0.00014855361412309228
1879,-0.0058333333333333327,0.011666666666666669,-0.001,-9.7050365681463223e-06,3.4995007997545652e-05,-0.00017186506712189601
1880,-0.0049999999999999992,0.011666666666666669,-0.001,-9.3936852350877385e-06,3.968756081324586e-05,-0.00019438063086599596
1881,-0.0041666666666666657,0.011666666666666669,-0.001,-8.7346764702124248e-06,4.4127308210695971e-05,-0.00021537743906478894
1882,-0.003333333333333334,0.011666666666666669,-0.001,-7.710443479884591e-06,4.8140098545776184e-05,-0.0002341096241072698
1883,-0.0024999999999999988,0.011666666666666669,-0.001,-6.3237139738648392e-06,5.1537117067166343e-05,-0.00024983276858538378
1884,-0.001666666666666667,0.011666666666666669,-0.001,-4.6159995902066878e-06,5.4138758614486031e-05,-0.00026185256507861565
1885,-0.00083333333333333176,0.011666666666666669,-0.001,-2.6518409007485907e-06,5.5793376899177483e-05,-0.00026958922847678381
1886,0,0.011666666666666669,-0.001,-5.2485601003989084e-07,5.6397943021520914e-05,-0.00027263397047795428
1887,0.00083333333333333523,0.011666666666666669,-0.001,1.6590883564354588e-06,5.5906088395456255e-05,-0.00027079284868419682
1888,0.001666666666666667,0.011666666666666669,-0.001,3.765060299526693e-06,5.4352796451531283e-05,-0.00026411090835209332
1889,0.0025000000000000022,0.011666666666666669,-0.001,5.6809311100579333e-06,5.1839883867540352e-05,-0.00025288383728072048
1890,0.003333333333333334,0.011666666666666669,-0.001,7.3100294610357468e-06,4.8501513301927095e-05,-0.00023762543678068485
1891,0.0041666666666666692,0.011666666666666669,-0.001,8.5744651116812076e-06,4.4502632681380818e-05,-0.00021902807858983431
1892,0.005000000000000001,0.011666666666666669,-0.001,9.4447440242073613e-06,4.0029954295233702e-05,-0.00019788835083649377
1893,0.0058333333333333362,0.011666666666666669,-0.001,9.93056174978825e-06,3.5262580297339141e-05,-0.00017503062077636893
1894,0.006666666666666668,0.011666666666666669,-0.001,1.0062574498102622e-05,3.03676341327913e-05,-0.00015126239449965109
1895,0.0074999999999999997,0.011666666666666669,-0.001,9.8790577081387181e-06,2.5491884068242431e-05,-0.00012733698947529223
1896,0.008333333333333335,0.011666666666666669,-0.001,9.4135017013396889e-06,2.0761667374691913e-05,-0.00010394319466795444
1897,0.0091666666666666667,0.011666666666666669,-0.001,8.7105975772265001e-06,1.6280433626140135e-05,-8.1707123779155622e-05
1898,0.010000000000000002,0.011666666666666669,-0.001,7.8080664289203856e-06,1.2140012967455659e-05,-6.1186750631447861e-05
1899,0.010833333333333334,0.011666666666666669,-0.001,6.7236204336997409e-06,8.4393659226705179e-06,-4.2890661947023451e-05
1900,0.011666666666666669,0.011666666666666669,-0.001,5.4673632977332211e-06,5.2761597987975548e-06,-2.7315566118596176e-05
1901,0.012500000000000001,0.011666666666666669,-0.001,4.0802525706850466e-06,2.7769342246747715e-06,-1.4920318093069039e-05
1902,0.013333333333333332,0.011666666666666669,-0.001,2.6321505398574089e-06,1.0615036061982007e-06,-6.1027184956302305e-06
1903,0.014166666666666671,0.011666666666666669,-0.001,1.2884708049308822e-06,2.7145069430226465e-07,-8.8807180747935514e-07
1904,0.015000000000000003,0.011666666666666669,-0.001,0,0,0
1905,0.015833333333333335,0.011666666666666669,-0.001,0,0,0
1906,0.016666666666666666,0.011666666666666669,-0.001,0,0,0
1907,0.017500000000000005,0.011666666666666669,-0.001,0,0,0
1908,0.018333333333333337,0.011666666666666669,-0.001,0,0,0
1909,0.019166666666666669,0.011666666666666669,-0.001,0,0,0
1910,0.02,0.011666666666666669,-0.001,0,0,0
1911,-0.02,0.012500000000000001,-0.001,0,0,0
1912,-0.019166666666666669,0.012500000000000001,-0.001,0,0,0
1913,-0.018333333333333333,0.012500000000000001,-0.001,0,0,0
1914,-0.017500000000000002,0.012500000000000001,-0.001,0,0,0
1915,-0.016666666666666666,0.012500000000000001,-0.001,0,0,0
1916,-0.015833333333333335,0.012500000000000001,-0.001,0,0,0
1917,-0.014999999999999999,0.012500000000000001,-0.001,0,0,0
1918,-0.014166666666666668,0.012500000000000001,-0.001,-5.2904877588253553e-07,1.7942233751565114e-07,-2.4336123770598186e-07
1919,-0.013333333333333332,0.012500000000000001,-0.001,-1.1984166551867318e-06,7.4932733774759565e-07,-2.8499314317281597e-06
1920,-0.012500000000000001,0.012500000000000001,-0.001,-2.0069679695882298e-06,2.0811451370622006e-06,-7.645748290263578e-06
1921,-0.011666666666666667,0.012500000000000001,-0.001,-2.8048474878813643e-06,4.0836882418610424e-06,-1.4728120247813492e-05
1922,-0.010833333333333334,0.012500000000000001,-0.001,-3.525092396134222e-06,6.6661935479570187e-06,-2.3904097714297937e-05
1923,-0.01,0.012500000000000001,-0.001,-4.1411908455845942e-06,9.7119243492666361e-06,-3.491334123986099e-05
1924,-0.0091666666666666667,0.012500000000000001,-0.001,-4.6430836588154194e-06,1.3108159161639325e-05,-4.7443109623773166e-05
1925,-0.0083333333333333332,0.012500000000000001,-0.001,-5.0236762988376979e-06,1.6756292452000585e-05,-6.1151414428813191e-05
1926,-0.0074999999999999997,0.012500000000000001,-0.001,-5.2744675774874019e-06,2.0560557807733725e-05,-7.5666945013128681e-05
1927,-0.0066666666666666662,0.012500000000000001,-0.001,-5.3838232796526011e-06,2.4429080577144759e-05,-9.0596703087802061e-05
1928,-0.0058333333333333327,0.012500000000000001,-0.001,-5.3321573343616373e-06,2.826793576463593e-05,-0.00010549971224222047
1929,-0.0049999999999999992,0.012500000000000001,-0.001,-5.1001994025797958e-06,3.1970849371936066e-05,-0.0001199100965567883
1930,-0.0041666666666666657,0.012500000000000001,-0.001,-4.6860364969681764e-06,3.541725495255074e-05,-0.00013334973992794533
1931,-0.003333333333333334,0.012500000000000001,-0.001,-4.0853597557941685e-06,3.8475780136343248e-05,-0.00014533098402381289
1932,-0.0024999999999999988,0.012500000000000001,-0.001,-3.3081357896639026e-06,4.1027237793838946e-05,-0.00015537494613563599
1933,-0.001666666666666667,0.012500000000000001,-0.001,-2.368758804470355e-06,4.2964838379060691e-05,-0.00016303802427701297
1934,-0.00083333333333333176,0.012500000000000001,-0.001,-1.300082498027268e-06,4.4189924189028603e-05,-0.00016795861976366132
1935,0,0.012500000000000001,-0.001,-1.4656428306074611e-07,4.4640026005743823e-05,-0.00016987979355500627
1936,0.00083333333333333523,0.012500000000000001,-0.001,1.0320339267578858e-06,4.4292370284757692e-05,-0.00016867801742880264
1937,0.001666666666666667,0.012500000000000001,-0.001,2.1783297090092653e-06,4.3169794866535093e-05,-0.00016438150163903495
1938,0.0025000000000000022,0.012500000000000001,-0.001,3.2292621952292248e-06,4.1309947647319042e-05,-0.00015716547290215707
1939,0.003333333333333334,0.012500000000000001,-0.001,4.1305866506228627e-06,3.878973180386124e-05,-0.00014736077693222754
1940,0.0041666666666666692,0.012500000000000001,-0.001,4.8378194460489468e-06,3.5713640330849761e-05,-0.0001354226381211287
1941,0.005000000000000001,0.012500000000000001,-0.001,5.339513022967987e-06,3.2220877524937867e-05,-0.00012187328759455223
1942,0.0058333333333333362,0.012500000000000001,-0.001,5.6354536615400064e-06,2.8452195303322784e-05,-0.0001072576645258895
1943,0.006666666666666668,0.012500000000000001,-0.001,5.729108100416e-06,2.453101383492753e-05,-9.2103080520424078e-05
1944,0.0074999999999999997,0.012500000000000001,-0.001,5.6271207826517064e-06,2.057240203637881e-05,-7.6909920197286891e-05
1945,0.008333333333333335,0.012500000000000001,-0.001,5.350294650465576e-06,1.6689764219685102e-05,-6.2141735383609124e-05
1946,0.0091666666666666667,0.012500000000000001,-0.001,4.923173735282299e-06,1.2988502879988294e-05,-4.8211053941489997e-05
1947,0.010000000000000002,0.012500000000000001,-0.001,4.3666362938578031e-06,9.5702650133657646e-06,-3.5478501188112315e-05
1948,0.010833333333333334,0.012500000000000001,-0.001,3.69382951166419e-06,6.5318045952738522e-06,-2.4282264989215143e-05
1949,0.011666666666666669,0.012500000000000001,-0.001,2.9172016673763401e-06,3.9646997939598661e-06,-1.4945631742555266e-05
1950,0.012500000000000001,0.012500000000000001,-0.001,2.0673414364400997e-06,1.9857226782892764e-06,-7.7386085777926077e-06
1951,0.013333333333333332,0.012500000000000001,-0.001,1.2107375042212603e-06,6.847636219038308e-07,-2.8594536976844428e-06
1952,0.014166666666666671,0.012500000000000001,-0.001,5.1683799985502995e-07,1.4642574426832332e-07,-2.1633912281829122e-07
1953,0.015000000000000003,0.012500000000000001,-0.001,0,0,0
1954,0.015833333333333335,0.012500000000000001,-0.001,0,0,0
1955,0.016666666666666666,0.012500000000000001,-0.001,0,0,0
1956,0.017500000000000005,0.012500000000000001,-0.001,0,0,0
1957,0.018333333333333337,0.012500000000000001,-0.001,0,0,0
1958,0.019166666666666669,0.012500000000000001,-0.001,0,0,0
1959,0.02,0.012500000000000001,-0.001,0,0,0
1960,-0.02,0.013333333333333332,-0.001,0,0,0
1961,-0.019166666666666669,0.013333333333333332,-0.001,0,0,0
1962,-0.018333333333333333,0.013333333333333332,-0.001,0,0,0
1963,-0.017500000000000002,0.013333333333333332,-0.001,0,0,0
1964,-0.016666666666666666,0.013333333333333332,-0.001,0,0,0
1965,-0.015833333333333335,0.013333333333333332,-0.001,0,0,0
1966,-0.014999999999999999,0.013333333333333332,-0.001,0,0,0
1967,-0.014166666666666668,0.013333333333333332,-0.001,-1.2590749004974979e-07,6.1811297056739483e-08,7.6072803352441723e-08
1968,-0.013333333333333332,0.013333333333333332,-0.001,-3.7213882128353672e-07,3.8767541534024157e-07,-8.3104769480831737e-07
1969,-0.012500000000000001,0.013333333333333332,-0.001,-7.0917758770587981e-07,1.2293155298950469e-06,-2.844225111240969e-06
1970,-0.011666666666666667,0.013333333333333332,-0.001,-1.0776594802127053e-06,2.6312021114334912e-06,-6.0478917022903289e-06
1971,-0.010833333333333334,0.013333333333333332,-0.001,-1.4268623803831259e-06,4.5434668603066906e-06,-1.0372907606035941e-05
1972,-0.01,0.013333333333333332,-0.001,-1.7259719921820307e-06,6.870619241882658e-06,-1.5702010911159322e-05
1973,-0.0091666666666666667,0.013333333333333332,-0.001,-1.9570051540749767e-06,9.5124802002250881e-06,-2.1881550095726951e-05
1974,-0.0083333333333333332,0.013333333333333332,-0.001,-2.1177200605370307e-06,1.2380040366288511e-05,-2.8739775423976715e-05
1975,-0.0074999999999999997,0.013333333333333332,-0.001,-2.2092458021299733e-06,1.5387599236551588e-05,-3.6074574245047449e-05
1976,-0.0066666666666666662,0.013333333333333332,-0.001,-2.2341423234238047e-06,1.84490155332344e-05,-4.3668064144723173e-05
1977,-0.0058333333333333327,0.013333333333333332,-0.001,-2.1886344794168507e-06,2.1478652469327753e-05,-5.1288395714913773e-05
1978,-0.0049999999999999992,0.013333333333333332,-0.001,-2.0687466022222365e-06,2.4384484964625786e-05,-5.8682823003452428e-05
1979,-0.0041666666666666657,0.013333333333333332,-0.001,-1.8730599668492161e-06,2.7072479328336589e-05,-6.5588628632082623e-05
1980,-0.003333333333333334,0.013333333333333332,-0.001,-1.6042808610521234e-06,2.9444082909437031e-05,-7.174650567626986e-05
1981,-0.0024999999999999988,0.013333333333333332,-0.001,-1.2635034482863662e-06,3.1400455268318566e-05,-7.6907807217588034e-05
1982,-0.001666666666666667,0.013333333333333332,-0.001,-8.6101964233114297e-07,3.2867779352200284e-05,-8.0836098831057755e-05
1983,-0.00083333333333333176,0.013333333333333332,-0.001,-4.1363492410694416e-07,3.3792209516926755e-05,-8.3338997408987292e-05
1984,0,0.013333333333333332,-0.001,6.2428817544894846e-08,3.4127174962481942e-05,-8.4288740103055057e-05
1985,0.00083333333333333523,0.013333333333333332,-0.001,5.5564705163506425e-07,3.3854532658602343e-05,-8.3625127856614063e-05
1986,0.001666666666666667,0.013333333333333332,-0.001,1.0460047885699704e-06,3.298692620708386e-05,-8.1353015863843461e-05
1987,0.0025000000000000022,0.013333333333333332,-0.001,1.4971496211187531e-06,3.1548612219351227e-05,-7.7580810384400196e-05
1988,0.003333333333333334,0.013333333333333332,-0.001,1.8856941528439004e-06,2.9592460991471396e-05,-7.2501008682530961e-05
1989,0.0041666666666666692,0.013333333333333332,-0.001,2.199030831234262e-06,2.7207760578836212e-05,-6.6352543636127059e-05
1990,0.005000000000000001,0.013333333333333332,-0.001,2.4240125553065936e-06,2.4500400363653355e-05,-5.9401620892543918e-05
1991,0.0058333333333333362,0.013333333333333332,-0.001,2.5530571116250791e-06,2.1564368358084766e-05,-5.1932326428976789e-05
1992,0.006666666666666668,0.013333333333333332,-0.001,2.5815191052542038e-06,1.8482241678299349e-05,-4.4225031593274232e-05
1993,0.0074999999999999997,0.013333333333333332,-0.001,2.5203619335493813e-06,1.5362042192783938e-05,-3.6552097501769799e-05
1994,0.008333333333333335,0.013333333333333332,-0.001,2.3830912869365436e-06,1.23106242183276e-05,-2.9149392629236755e-05
1995,0.0091666666666666667,0.013333333333333332,-0.001,2.1757506387042214e-06,9.4278767443011841e-06,-2.2217195225581341e-05
1996,0.010000000000000002,0.013333333333333332,-0.001,1.8957434136524847e-06,6.7901745511878443e-06,-1.5949715478430838e-05
1997,0.010833333333333334,0.013333333333333332,-0.001,1.5473761771100532e-06,4.4763527252217841e-06,-1.0534422215314754e-05
1998,0.011666666666666669,0.013333333333333332,-0.001,1.146120193745234e-06,2.5733175144447332e-06,-6.1321876262493124e-06
1999,0.012500000000000001,0.013333333333333332,-0.001,7.2910457809678116e-07,1.1772144474353096e-06,-2.8685897430628813e-06
2000,0.013333333333333332,0.013333333333333332,-0.001,3.6453001346508455e-07,3.4908417334997744e-07,-8.2104413936300188e-07
2001,0.014166666666666671,0.013333333333333332,-0.001,1.1723872901844166e-07,4.6178666012747176e-08,9.7886548645258446e-08
2002,0.015000000000000003,0.013333333333333332,-0.001,0,0,0
2003,0.015833333333333335,0.013333333333333332,-0.001,0,0,0
2004,0.016666666666666666,0.013333333333333332,-0.001,0,0,0
2005,0.017500000000000005,0.013333333333333332,-0.001,0,0,0
2006,0.018333333333333337,0.013333333333333332,-0.001,0,0,0
2007,0.019166666666666669,0.013333333333333332,-0.001,0,0,0
2008,0.02,0.013333333333333332,-0.001,0,0,0
2009,-0.02,0.014166666666666671,-0.001,0,0,0
2010,-0.019166666666666669,0.014166666666666671,-0.001,0,0,0
2011,-0.018333333333333333,0.014166666666666671,-0.001,0,0,0
2012,-0.017500000000000002,0.014166666666666671,-0.001,0,0,0
2013,-0.016666666666666666,0.014166666666666671,-0.001,0,0,0
2014,-0.015833333333333335,0.014166666666666671,-0.001,0,0,0
2015,-0.014999999999999999,0.014166666666666671,-0.001,0,0,0
2016,-0.014166666666666668,0.014166666666666671,-0.001,2.3802164799394299e-08,-2.3523369755318546e-08,1.2813204393827231e-07
2017,-0.013333333333333332,0.014166666666666671,-0.001,-5.7864049385326782e-08,1.2975310406870582e-07,7.7082216455232158e-08
2018,-0.012500000000000001,0.014166666666666671,-0.001,-1.6510482700529534e-07,5.3522559238553791e-07,-2.4034477613248607e-07
2019,-0.011666666666666667,0.014166666666666671,-0.001,-2.903595979626056e-07,1.2978567970971614e-06,-9.0621732355455729e-07
2020,-0.010833333333333334,0.014166666666666671,-0.001,-4.1764826047911209e-07,2.4259744831516477e-06,-1.901612670446773e-06
2021,-0.01,0.014166666666666671,-0.001,-5.1597938312067475e-07,3.8474556282720496e-06,-3.189530579380141e-06
2022,-0.0091666666666666667,0.014166666666666671,-0.001,-5.7273041627721254e-07,5.5088730317886156e-06,-4.7073900995391363e-06
2023,-0.0083333333333333332,0.014166666666666671,-0.001,-5.9329926256507524e-07,7.3619468466496231e-06,-6.390595145119839e-06
2024,-0.0074999999999999997,0.014166666666666671,-0.001,-5.8272695036745208e-07,9.3424281188646591e-06,-8.1837101978247074e-06
2025,-0.0066666666666666662,0.014166666666666671,-0.001,-5.479972087773175e-07,1.137814200240072e-05,-1.0026306771365667e-05
2026,-0.0058333333333333327,0.014166666666666671,-0.001,-4.9756424222119058e-07,1.340192641585094e-05,-1.1861383682296093e-05
2027,-0.0049999999999999992,0.014166666666666671,-0.001,-4.3342301744810739e-07,1.534759539922399e-05,-1.3629375400322447e-05
2028,-0.0041666666666666657,0.014166666666666671,-0.001,-3.5473497193360584e-07,1.714619440975321e-05,-1.5267549540662069e-05
2029,-0.003333333333333334,0.014166666666666671,-0.001,-2.6094411788176078e-07,1.8724509526080144e-05,-1.6710911114591082e-05
2030,-0.0024999999999999988,0.014166666666666671,-0.001,-1.5890768405786749e-07,2.0010635730984152e-05,-1.7895943350558639e-05
2031,-0.001666666666666667,0.014166666666666671,-0.001,-5.2291283976830359e-08,2.0954379376598532e-05,-1.8776898066530302e-05
2032,-0.00083333333333333176,0.014166666666666671,-0.001,5.6035627975788371e-08,2.1528936061346905e-05,-1.9318633734494688e-05
2033,0,0.014166666666666671,-0.001,1.6933699910616348e-07,2.1728463196642106e-05,-1.950285195686227e-05
2034,0.00083333333333333523,0.014166666666666671,-0.001,2.9484872800089205e-07,2.1534623860212189e-05,-1.9315900290108929e-05
2035,0.001666666666666667,0.014166666666666671,-0.001,4.2764445218357903e-07,2.0945374610930919e-05,-1.8759814657039437e-05
2036,0.0025000000000000022,0.014166666666666671,-0.001,5.5273628462349516e-07,1.9975443691528011e-05,-1.7870110029259362e-05
2037,0.003333333333333334,0.014166666666666671,-0.001,6.6092230835089444e-07,1.8662495785483877e-05,-1.6682748585514134e-05
2038,0.0041666666666666692,0.014166666666666671,-0.001,7.4464600423902788e-07,1.7071030528898548e-05,-1.5245684192463641e-05
2039,0.005000000000000001,0.014166666666666671,-0.001,8.0369636924554859e-07,1.5271959102615026e-05,-1.3618043951558953e-05
2040,0.0058333333333333362,0.014166666666666671,-0.001,8.344137674258622e-07,1.3326446189345886e-05,-1.1862439617013561e-05
2041,0.006666666666666668,0.014166666666666671,-0.001,8.3605962405990693e-07,1.130618732161258e-05,-1.0041254298811742e-05
2042,0.0074999999999999997,0.014166666666666671,-0.001,8.1422305181289492e-07,9.2828512422572571e-06,-8.2148801311511259e-06
2043,0.008333333333333335,0.014166666666666671,-0.001,7.7067307699714057e-07,7.3206642318588597e-06,-6.4326101912105608e-06
2044,0.0091666666666666667,0.014166666666666671,-0.001,7.0244332534349121e-07,5.4779953168231503e-06,-4.7463162231093374e-06
2045,0.010000000000000002,0.014166666666666671,-0.001,6.0291070800653112e-07,3.8218541506629165e-06,-3.2173946388358107e-06
2046,0.010833333333333334,0.014166666666666671,-0.001,4.6813985512249008e-07,2.4048780680157126e-06,-1.9133005489486323e-06
2047,0.011666666666666669,0.014166666666666671,-0.001,3.0888813179288664e-07,1.2756423906980082e-06,-9.0135456127860669e-07
2048,0.012500000000000001,0.014166666666666671,-0.001,1.6314748732691373e-07,5.1228041254137162e-07,-2.2386537173666079e-07
2049,0.013333333333333332,0.014166666666666671,-0.001,5.1089819124597086e-08,1.1473102447789703e-07,9.5037197997307027e-08
2050,0.014166666666666671,0.014166666666666671,-0.001,-2.9913069015608207e-08,-3.0552601071637359e-08,1.380176546106643e-07
2051,0.015000000000000003,0.014166666666666671,-0.001,0,0,0
2052,0.015833333333333335,0.014166666666666671,-0.001,0,0,0
2053,0.016666666666666666,0.014166666666666671,-0.001,0,0,0
2054,0.017500000000000005,0.014166666666666671,-0.001,0,0,0
2055,0.018333333333333337,0.014166666666666671,-0.001,0,0,0
2056,0.019166666666666669,0.014166666666666671,-0.001,0,0,0
2057,0.02,0.014166666666666671,-0.001,0,0,0
2058,-0.02,0.015000000000000003,-0.001,0,0,0
2059,-0.019166666666666669,0.015000000000000003,-0.001,0,0,0
2060,-0.018333333333333333,0.015000000000000003,-0.001,0,0,0
2061,-0.017500000000000002,0.015000000000000003,-0.001,0,0,0
2062,-0.016666666666666666,0.015000000000000003,-0.001,0,0,0
2063,-0.015833333333333335,0.015000000000000003,-0.001,0,0,0
2064,-0.014999999999999999,0.015000000000000003,-0.001,0,0,0
2065,-0.014166666666666668,0.015000000000000003,-0.001,0,0,0
2066,-0.013333333333333332,0.015000000000000003,-0.001,0,0,0
2067,-0.012500000000000001,0.015000000000000003,-0.001,0,0,0
2068,-0.011666666666666667,0.015000000000000003,-0.001,0,0,0
2069,-0.010833333333333334,0.015000000000000003,-0.001,0,0,0
2070,-0.01,0.015000000000000003,-0.001,0,0,0
2071,-0.0091666666666666667,0.015000000000000003,-0.001,0,0,0
2072,-0.0083333333333333332,0.015000000000000003,-0.001,0,0,0
2073,-0.0074999999999999997,0.015000000000000003,-0.001,0,0,0
2074,-0.0066666666666666662,0.015000000000000003,-0.001,0,0,0
2075,-0.0058333333333333327,0.015000000000000003,-0.001,0,0,0
2076,-0.0049999999999999992,0.015000000000000003,-0.001,0,0,0
2077,-0.0041666666666666657,0.015000000000000003,-0.001,0,0,0
2078,-0.003333333333333334,0.015000000000000003,-0.001,0,0,0
2079,-0.0024999999999999988,0.015000000000000003,-0.001,0,0,0
2080,-0.001666666666666667,0.015000000000000003,-0.001,0,0,0
2081,-0.00083333333333333176,0.015000000000000003,-0.001,0,0,0
2082,0,0.015000000000000003,-0.001,0,0,0
2083,0.00083333333333333523,0.015000000000000003,-0.001,0,0,0
2084,0.001666666666666667,0.015000000000000003,-0.001,0,0,0
2085,0.0025000000000000022,0.015000000000000003,-0.001,0,0,0
2086,0.003333333333333334,0.015000000000000003,-0.001,0,0,0
2087,0.0041666666666666692,0.015000000000000003,-0.001,0,0,0
2088,0.005000000000000001,0.015000000000000003,-0.001,0,0,0
2089,0.0058333333333333362,0.015000000000000003,-0.001,0,0,0
2090,0.006666666666666668,0.015000000000000003,-0.001,0,0,0
2091,0.0074999999999999997,0.015000000000000003,-0.001,0,0,0
2092,0.008333333333333335,0.015000000000000003,-0.001,0,0,0
2093,0.0091666666666666667,0.015000000000000003,-0.001,0,0,0
2094,0.010000000000000002,0.015000000000000003,-0.001,0,0,0
2095,0.010833333333333334,0.015000000000000003,-0.001,0,0,0
2096,0.011666666666666669,0.015000000000000003,-0.001,0,0,0
2097,0.012500000000000001,0.015000000000000003,-0.001,0,0,0
2098,0.013333333333333332,0.015000000000000003,-0.001,0,0,0
2099,0.014166666666666671,0.015000000000000003,-0.001,0,0,0
2100,0.015000000000000003,0.015000000000000003,-0.001,0,0,0
2101,0.015833333333333335,0.015000000000000003,-0.001,0,0,0
2102,0.016666666666666666,0.015000000000000003,-0.001,0,0,0
2103,0.017500000000000005,0.015000000000000003,-0.001,0,0,0
2104,0.018333333333333337,0.015000000000000003,-0.001,0,0,0
2105,0.019166666666666669,0.015000000000000003,-0.001,0,0,0
2106,0.02,0.015000000000000003,-0.001,0,0,0
2107,-0.02,0.015833333333333335,-0.001,0,0,0
2108,-0.019166666666666669,0.015833333333333335,-0.001,0,0,0
2109,-0.018333333333333333,0.015833333333333335,-0.001,0,0,0
2110,-0.017500000000000002,0.015833333333333335,-0.001,0,0,0
2111,-0.016666666666666666,0.015833333333333335,-0.001,0,0,0
2112,-0.015833333333333335,0.015833333333333335,-0.001,0,0,0
2113,-0.014999999999999999,0.015833333333333335,-0.001,0,0,0
2114,-0.014166666666666668,0.015833333333333335,-0.001,0,0,0
2115,-0.013333333333333332,0.015833333333333335,-0.001,0,0,0
2116,-0.012500000000000001,0.015833333333333335,-0.001,0,0,0
2117,-0.011666666666666667,0.015833333333333335,-0.001,0,0,0
2118,-0.010833333333333334,0.015833333333333335,-0.001,0,0,0
2119,-0.01,0.015833333333333335,-0.001,0,0,0
2120,-0.0091666666666666667,0.015833333333333335,-0.001,0,0,0
2121,-0.0083333333333333332,0.015833333333333335,-0.001,0,0,0
2122,-0.0074999999999999997,0.015833333333333335,-0.001,0,0,0
2123,-0.0066666666666666662,0.015833333333333335,-0.001,0,0,0
2124,-0.0058333333333333327,0.015833333333333335,-0.001,0,0,0
2125,-0.0049999999999999992,0.015833333333333335,-0.001,0,0,0
2126,-0.0041666666666666657,0.015833333333333335,-0.001,0,0,0
2127,-0.003333333333333334,0.015833333333333335,-0.001,0,0,0
2128,-0.0024999999999999988,0.015833333333333335,-0.001,0,0,0
2129,-0.001666666666666667,0.015833333333333335,-0.001,0,0,0
2130,-0.00083333333333333176,0.015833333333333335,-0.001,0,0,0
2131,0,0.015833333333333335,-0.001,0,0,0
2132,0.00083333333333333523,0.015833333333333335,-0.001,0,0,0
2133,0.001666666666666667,0.015833333333333335,-0.001,0,0,0
2134,0.0025000000000000022,0.015833333333333335,-0.001,0,0,0
2135,0.003333333333333334,0.015833333333333335,-0.001,0,0,0
2136,0.0041666666666666692,0.015833333333333335,-0.001,0,0,0
2137,0.005000000000000001,0.015833333333333335,-0.001,0,0,0
2138,0.0058333333333333362,0.015833333333333335,-0.001,0,0,0
2139,0.006666666666666668,0.015833333333333335,-0.001,0,0,0
2140,0.0074999999999999997,0.015833333333333335,-0.001,0,0,0
2141,0.008333333333333335,0.015833333333333335,-0.001,0,0,0
2142,0.0091666666666666667,0.015833333333333335,-0.001,0,0,0
2143,0.010000000000000002,0.015833333333333335,-0.001,0,0,0
2144,0.010833333333333334,0.015833333333333335,-0.001,0,0,0
2145,0.011666666666666669,0.015833333333333335,-0.001,0,0,0
2146,0.012500000000000001,0.015833333333333335,-0.001,0,0,0
2147,0.013333333333333332,0.015833333333333335,-0.001,0,0,0
2148,0.014166666666666671,0.015833333333333335,-0.001,0,0,0
2149,0.015000000000000003,0.015833333333333335,-0.001,0,0,0
2150,0.015833333333333335,0.015833333333333335,-0.001,0,0,0
2151,0.016666666666666666,0.015833333333333335,-0.001,0,0,0
2152,0.017500000000000005,0.015833333333333335,-0.001,0,0,0
2153,0.018333333333333337,0.015833333333333335,-0.001,0,0,0
2154,0.019166666666666669,0.015833333333333335,-0.001,0,0,0
2155,0.02,0.015833333333333335,-0.001,0,0,0
2156,-0.02,0.016666666666666666,-0.001,0,0,0
2157,-0.019166666666666669,0.016666666666666666,-0.001,0,0,0
2158,-0.018333333333333333,0.016666666666666666,-0.001,0,0,0
2159,-0.017500000000000002,0.016666666666666666,-0.001,0,0,0
2160,-0.016666666666666666,0.016666666666666666,-0.001,0,0,0
2161,-0.015833333333333335,0.016666666666666666,-0.001,0,0,0
2162,-0.014999999999999999,0.016666666666666666,-0.001,0,0,0
2163,-0.014166666666666668,0.016666666666666666,-0.001,0,0,0
2164,-0.013333333333333332,0.016666666666666666,-0.001,0,0,0
2165,-0.012500000000000001,0.016666666666666666,-0.001,0,0,0
2166,-0.011666666666666667,0.016666666666666666,-0.001,0,0,0
2167,-0.010833333333333334,0.016666666666666666,-0.001,0,0,0
2168,-0.01,0.016666666666666666,-0.001,0,0,0
2169,-0.0091666666666666667,0.016666666666666666,-0.001,0,0,0
2170,-0.0083333333333333332,0.016666666666666666,-0.001,0,0,0
2171,-0.0074999999999999997,0.016666666666666666,-0.001,0,0,0
2172,-0.0066666666666666662,0.016666666666666666,-0.001,0,0,0
2173,-0.0058333333333333327,0.016666666666666666,-0.001,0,0,0
2174,-0.0049999999999999992,0.016666666666666666,-0.001,0,0,0
2175,-0.0041666666666666657,0.016666666666666666,-0.001,0,0,0
2176,-0.003333333333333334,0.016666666666666666,-0.001,0,0,0
2177,-0.0024999999999999988,0.016666666666666666,-0.001,0,0,0
2178,-0.001666666666666667,0.016666666666666666,-0.001,0,0,0
2179,-0.00083333333333333176,0.016666666666666666,-0.001,0,0,0
2180,0,0.016666666666666666,-0.001,0,0,0
2181,0.00083333333333333523,0.016666666666666666,-0.001,0,0,0
2182,0.001666666666666667,0.016666666666666666,-0.001,0,0,0
2183,0.0025000000000000022,0.016666666666666666,-0.001,0,0,0
2184,0.003333333333333334,0.016666666666666666,-0.001,0,0,0
2185,0.0041666666666666692,0.016666666666666666,-0.001,0,0,0
2186,0.005000000000000001,0.016666666666666666,-0.001,0,0,0
2187,0.0058333333333333362,0.016666666666666666,-0.001,0,0,0
2188,0.006666666666666668,0.016666666666666666,-0.001,0,0,0
2189,0.0074999999999999997,0.016666666666666666,-0.001,0,0,0
2190,0.008333333333333335,0.016666666666666666,-0.001,0,0,0
2191,0.0091666666666666667,0.016666666666666666,-0.001,0,0,0
2192,0.010000000000000002,0.016666666666666666,-0.001,0,0,0
2193,0.010833333333333334,0.016666666666666666,-0.001,0,0,0
2194,0.011666666666666669,0.016666666666666666,-0.001,0,0,0
2195,0.012500000000000001,0.016666666666666666,-0.001,0,0,0
2196,0.013333333333333332,0.016666666666666666,-0.001,0,0,0
2197,0.014166666666666671,0.016666666666666666,-0.001,0,0,0
2198,0.015000000000000003,0.016666666666666666,-0.001,0,0,0
2199,0.015833333333333335,0.016666666666666666,-0.001,0,0,0
2200,0.016666666666666666,0.016666666666666666,-0.001,0,0,0
2201,0.017500000000000005,0.016666666666666666,-0.001,0,0,0
2202,0.018333333333333337,0.016666666666666666,-0.001,0,0,0
2203,0.019166666666666669,0.016666666666666666,-0.001,0,0,0
2204,0.02,0.016666666666666666,-0.001,0,0,0
2205,-0.02,0.017500000000000005,-0.001,0,0,0
2206,-0.019166666666666669,0.017500000000000005,-0.001,0,0,0
2207,-0.018333333333333333,0.017500000000000005,-0.001,0,0,0
2208,-0.017500000000000002,0.017500000000000005,-0.001,0,0,0
2209,-0.016666666666666666,0.017500000000000005,-0.001,0,0,0
2210,-0.015833333333333335,0.017500000000000005,-0.001,0,0,0
2211,-0.014999999999999999,0.017500000000000005,-0.001,0,0,0
2212,-0.014166666666666668,0.017500000000000005,-0.001,0,0,0
2213,-0.013333333333333332,0.017500000000000005,-0.001,0,0,0
2214,-0.012500000000000001,0.017500000000000005,-0.001,0,0,0
2215,-0.011666666666666667,0.017500000000000005,-0.001,0,0,0
2216,-0.010833333333333334,0.017500000000000005,-0.001,0,0,0
2217,-0.01,0.017500000000000005,-0.001,0,0,0
2218,-0.0091666666666666667,0.017500000000000005,-0.001,0,0,0
2219,-0.0083333333333333332,0.017500000000000005,-0.001,0,0,0
2220,-0.0074999999999999997,0.017500000000000005,-0.001,0,0,0
2221,-0.0066666666666666662,0.017500000000000005,-0.001,0,0,0
2222,-0.0058333333333333327,0.017500000000000005,-0.001,0,0,0
2223,-0.0049999999999999992,0.017500000000000005,-0.001,0,0,0
2224,-0.0041666666666666657,0.017500000000000005,-0.001,0,0,0
2225,-0.003333333333333334,0.017500000000000005,-0.001,0,0,0
2226,-0.0024999999999999988,0.017500000000000005,-0.001,0,0,0
2227,-0.001666666666666667,0.017500000000000005,-0.001,0,0,0
2228,-0.00083333333333333176,0.017500000000000005,-0.001,0,0,0
2229,0,0.017500000000000005,-0.001,0,0,0
2230,0.00083333333333333523,0.017500000000000005,-0.001,0,0,0
2231,0.001666666666666667,0.017500000000000005,-0.001,0,0,0
2232,0.0025000000000000022,0.017500000000000005,-0.001,0,0,0
2233,0.003333333333333334,0.017500000000000005,-0.001,0,0,0
2234,0.0041666666666666692,0.017500000000000005,-0.001,0,0,0
2235,0.005000000000000001,0.017500000000000005,-0.001,0,0,0
2236,0.0058333333333333362,0.017500000000000005,-0.001,0,0,0
2237,0.006666666666666668,0.017500000000000005,-0.001,0,0,0
2238,0.0074999999999999997,0.017500000000000005,-0.001,0,0,0
2239,0.008333333333333335,0.017500000000000005,-0.001,0,0,0
2240,0.0091666666666666667,0.017500000000000005,-0.001,0,0,0
2241,0.010000000000000002,0.017500000000000005,-0.001,0,0,0
2242,0.010833333333333334,0.017500000000000005,-0.001,0,0,0
2243,0.011666666666666669,0.017500000000000005,-0.001,0,0,0
2244,0.012500000000000001,0.017500000000000005,-0.001,0,0,0
2245,0.013333333333333332,0.017500000000000005,-0.001,0,0,0
2246,0.014166666666666671,0.017500000000000005,-0.001,0,0,0
2247,0.015000000000000003,0.017500000000000005,-0.001,0,0,0
2248,0.015833333333333335,0.017500000000000005,-0.001,0,0,0
2249,0.016666666666666666,0.017500000000000005,-0.001,0,0,0
2250,0.017500000000000005,0.017500000000000005,-0.001,0,0,0
2251,0.018333333333333337,0.017500000000000005,-0.001,0,0,0
2252,0.019166666666666669,0.017500000000000005,-0.001,0,0,0
2253,0.02,0.017500000000000005,-0.001,0,0,0
2254,-0.02,0.018333333333333337,-0.001,0,0,0
2255,-0.019166666666666669,0.018333333333333337,-0.001,0,0,0
2256,-0.018333333333333333,0.018333333333333337,-0.001,0,0,0
2257,-0.017500000000000002,0.018333333333333337,-0.001,0,0,0
2258,-0.016666666666666666,0.018333333333333337,-0.001,0,0,0
2259,-0.015833333333333335,0.018333333333333337,-0.001,0,0,0
2260,-0.014999999999999999,0.018333333333333337,-0.001,0,0,0
2261,-0.014166666666666668,0.018333333333333337,-0.001,0,0,0
2262,-0.013333333333333332,0.018333333333333337,-0.001,0,0,0
2263,-0.012500000000000001,0.018333333333333337,-0.001,0,0,0
2264,-0.011666666666666667,0.018333333333333337,-0.001,0,0,0
2265,-0.010833333333333334,0.018333333333333337,-0.001,0,0,0
2266,-0.01,0.018333333333333337,-0.001,0,0,0
2267,-0.0091666666666666667,0.018333333333333337,-0.001,0,0,0
2268,-0.0083333333333333332,0.018333333333333337,-0.001,0,0,0
2269,-0.0074999999999999997,0.018333333333333337,-0.001,0,0,0
2270,-0.0066666666666666662,0.018333333333333337,-0.001,0,0,0
2271,-0.0058333333333333327,0.018333333333333337,-0.001,0,0,0
2272,-0.0049999999999999992,0.018333333333333337,-0.001,0,0,0
2273,-0.0041666666666666657,0.018333333333333337,-0.001,0,0,0
2274,-0.003333333333333334,0.018333333333333337,-0.001,0,0,0
2275,-0.0024999999999999988,0.018333333333333337,-0.001,0,0,0
2276,-0.001666666666666667,0.018333333333333337,-0.001,0,0,0
2277,-0.00083333333333333176,0.018333333333333337,-0.001,0,0,0
2278,0,0.018333333333333337,-0.001,0,0,0
2279,0.00083333333333333523,0.018333333333333337,-0.001,0,0,0
2280,0.001666666666666667,0.018333333333333337,-0.001,0,0,0
2281,0.0025000000000000022,0.018333333333333337,-0.001,0,0,0
2282,0.003333333333333334,0.018333333333333337,-0.001,0,0,0
2283,0.0041666666666666692,0.018333333333333337,-0.001,0,0,0
2284,0.005000000000000001,0.018333333333333337,-0.001,0,0,0
2285,0.0058333333333333362,0.018333333333333337,-0.001,0,0,0
2286,0.006666666666666668,0.018333333333333337,-0.001,0,0,0
2287,0.0074999999999999997,0.018333333333333337,-0.001,0,0,0
2288,0.008333333333333335,0.018333333333333337,-0.001,0,0,0
2289,0.0091666666666666667,0.018333333333333337,-0.001,0,0,0
2290,0.010000000000000002,0.018333333333333337,-0.001,0,0,0
2291,0.010833333333333334,0.018333333333333337,-0.001,0,0,0
2292,0.011666666666666669,0.018333333333333337,-0.001,0,0,0
2293,0.012500000000000001,0.018333333333333337,-0.001,0,0,0
2294,0.013333333333333332,0.018333333333333337,-0.001,0,0,0
2295,0.014166666666666671,0.018333333333333337,-0.001,0,0,0
2296,0.015000000000000003,0.018333333333333337,-0.001,0,0,0
2297,0.015833333333333335,0.018333333333333337,-0.001,0,0,0
2298,0.016666666666666666,0.018333333333333337,-0.001,0,0,0
2299,0.017500000000000005,0.018333333333333337,-0.001,0,0,0
2300,0.018333333333333337,0.018333333333333337,-0.001,0,0,0
2301,0.019166666666666669,0.018333333333333337,-0.001,0,0,0
2302,0.02,0.018333333333333337,-0.001,0,0,0
2303,-0.02,0.019166666666666669,-0.001,0,0,0
2304,-0.019166666666666669,0.019166666666666669,-0.001,0,0,0
2305,-0.018333333333333333,0.019166666666666669,-0.001,0,0,0
2306,-0.017500000000000002,0.019166666666666669,-0.001,0,0,0
2307,-0.016666666666666666,0.019166666666666669,-0.001,0,0,0
2308,-0.015833333333333335,0.019166666666666669,-0.001,0,0,0
2309,-0.014999999999999999,0.019166666666666669,-0.001,0,0,0
2310,-0.014166666666666668,0.019166666666666669,-0.001,0,0,0
2311,-0.013333333333333332,0.019166666666666669,-0.001,0,0,0
2312,-0.012500000000000001,0.019166666666666669,-0.001,0,0,0
2313,-0.011666666666666667,0.019166666666666669,-0.001,0,0,0
2314,-0.010833333333333334,0.019166666666666669,-0.001,0,0,0
2315,-0.01,0.019166666666666669,-0.001,0,0,0
2316,-0.0091666666666666667,0.019166666666666669,-0.001,0,0,0
2317,-0.0083333333333333332,0.019166666666666669,-0.001,0,0,0
2318,-0.0074999999999999997,0.019166666666666669,-0.001,0,0,0
2319,-0.0066666666666666662,0.019166666666666669,-0.001,0,0,0
2320,-0.0058333333333333327,0.019166666666666669,-0.001,0,0,0
2321,-0.0049999999999999992,0.019166666666666669,-0.001,0,0,0
2322,-0.0041666666666666657,0.019166666666666669,-0.001,0,0,0
2323,-0.003333333333333334,0.019166666666666669,-0.001,0,0,0
2324,-0.0024999999999999988,0.019166666666666669,-0.001,0,0,0
2325,-0.001666666666666667,0.019166666666666669,-0.001,0,0,0
2326,-0.00083333333333333176,0.019166666666666669,-0.001,0,0,0
2327,0,0.019166666666666669,-0.001,0,0,0
2328,0.00083333333333333523,0.019166666666666669,-0.001,0,0,0
2329,0.001666666666666667,0.019166666666666669,-0.001,0,0,0
2330,0.0025000000000000022,0.019166666666666669,-0.001,0,0,0
2331,0.003333333333333334,0.019166666666666669,-0.001,0,0,0
2332,0.0041666666666666692,0.019166666666666669,-0.001,0,0,0
2333,0.005000000000000001,0.019166666666666669,-0.001,0,0,0
2334,0.0058333333333333362,0.019166666666666669,-0.001,0,0,0
2335,0.006666666666666668,0.019166666666666669,-0.001,0,0,0
2336,0.0074999999999999997,0.019166666666666669,-0.001,0,0,0
2337,0.008333333333333335,0.019166666666666669,-0.001,0,0,0
2338,0.0091666666666666667,0.019166666666666669,-0.001,0,0,0
2339,0.010000000000000002,0.019166666666666669,-0.001,0,0,0
2340,0.010833333333333334,0.019166666666666669,-0.001,0,0,0
2341,0.011666666666666669,0.019166666666666669,-0.001,0,0,0
2342,0.012500000000000001,0.019166666666666669,-0.001,0,0,0
2343,0.013333333333333332,0.019166666666666669,-0.001,0,0,0
2344,0.014166666666666671,0.019166666666666669,-0.001,0,0,0
2345,0.015000000000000003,0.019166666666666669,-0.001,0,0,0
2346,0.015833333333333335,0.019166666666666669,-0.001,0,0,0
2347,0.016666666666666666,0.019166666666666669,-0.001,0,0,0
2348,0.017500000000000005,0.019166666666666669,-0.001,0,0,0
2349,0.018333333333333337,0.019166666666666669,-0.001,0,0,0
2350,0.019166666666666669,0.019166666666666669,-0.001,0,0,0
2351,0.02,0.019166666666666669,-0.001,0,0,0
2352,-0.02,0.02,-0.001,0,0,0
2353,-0.019166666666666669,0.02,-0.001,0,0,0
2354,-0.018333333333333333,0.02,-0.001,0,0,0
2355,-0.017500000000000002,0.02,-0.001,0,0,0
2356,-0.016666666666666666,0.02,-0.001,0,0,0
2357,-0.015833333333333335,0.02,-0.001,0,0,0
2358,-0.014999999999999999,0.02,-0.001,0,0,0
2359,-0.014166666666666668,0.02,-0.001,0,0,0
2360,-0.013333333333333332,0.02,-0.001,0,0,0
2361,-0.012500000000000001,0.02,-0.001,0,0,0
2362,-0.011666666666666667,0.02,-0.001,0,0,0
2363,-0.010833333333333334,0.02,-0.001,0,0,0
2364,-0.01,0.02,-0.001,0,0,0
2365,-0.0091666666666666667,0.02,-0.001,0,0,0
2366,-0.0083333333333333332,0.02,-0.001,0,0,0
2367,-0.0074999999999999997,0.02,-0.001,0,0,0
2368,-0.0066666666666666662,0.02,-0.001,0,0,0
2369,-0.0058333333333333327,0.02,-0.001,0,0,0
2370,-0.0049999999999999992,0.02,-0.001,0,0,0
2371,-0.0041666666666666657,0.02,-0.001,0,0,0
2372,-0.003333333333333334,0.02,-0.001,0,0,0
2373,-0.0024999999999999988,0.02,-0.001,0,0,0
2374,-0.001666666666666667,0.02,-0.001,0,0,0
2375,-0.00083333333333333176,0.02,-0.001,0,0,0
2376,0,0.02,-0.001,0,0,0
2377,0.00083333333333333523,0.02,-0.001,0,0,0
2378,0.001666666666666667,0.02,-0.001,0,0,0
2379,0.0025000000000000022,0.02,-0.001,0,0,0
2380,0.003333333333333334,0.02,-0.001,0,0,0
2381,0.0041666666666666692,0.02,-0.001,0,0,0
2382,0.005000000000000001,0.02,-0.001,0,0,0
2383,0.0058333333333333362,0.02,-0.001,0,0,0
2384,0.006666666666666668,0.02,-0.001,0,0,0
2385,0.0074999999999999997,0.02,-0.001,0,0,0
2386,0.008333333333333335,0.02,-0.001,0,0,0
2387,0.0091666666666666667,0.02,-0.001,0,0,0
2388,0.010000000000000002,0.02,-0.001,0,0,0
2389,0.010833333333333334,0.02,-0.001,0,0,0
2390,0.011666666666666669,0.02,-0.001,0,0,0
2391,0.012500000000000001,0.02,-0.001,0,0,0
2392,0.013333333333333332,0.02,-0.001,0,0,0
2393,0.014166666666666671,0.02,-0.001,0,0,0
2394,0.015000000000000003,0.02,-0.001,0,0,0
2395,0.015833333333333335,0.02,-0.001,0,0,0
2396,0.016666666666666666,0.02,-0.001,0,0,0
2397,0.017500000000000005,0.02,-0.001,0,0,0
2398,0.018333333333333337,0.02,-0.001,0,0,0
2399,0.019166666666666669,0.02,-0.001,0,0,0
2400,0.02,0.02,-0.001,0,0,0
2401,-0.02,-0.02,0,0,0,0
2402,-0.019166666666666669,-0.02,0,0,0,0
2403,-0.018333333333333333,-0.02,0,0,0,0
2404,-0.017500000000000002,-0.02,0,0,0,0
2405,-0.016666666666666666,-0.02,0,0,0,0
2406,-0.015833333333333335,-0.02,0,0,0,0
2407,-0.014999999999999999,-0.02,0,0,0,0
2408,-0.014166666666666668,-0.02,0,0,0,0
2409,-0.013333333333333332,-0.02,0,0,0,0
2410,-0.012500000000000001,-0.02,0,0,0,0
2411,-0.011666666666666667,-0.02,0,0,0,0
2412,-0.010833333333333334,-0.02,0,0,0,0
2413,-0.01,-0.02,0,0,0,0
2414,-0.0091666666666666667,-0.02,0,0,0,0
2415,-0.0083333333333333332,-0.02,0,0,0,0
2416,-0.0074999999999999997,-0.02,0,0,0,0
2417,-0.0066666666666666662,-0.02,0,0,0,0
2418,-0.0058333333333333327,-0.02,0,0,0,0
2419,-0.0049999999999999992,-0.02,0,0,0,0
2420,-0.0041666666666666657,-0.02,0,0,0,0
2421,-0.003333333333333334,-0.02,0,0,0,0
2422,-0.0024999999999999988,-0.02,0,0,0,0
2423,-0.001666666666666667,-0.02,0,0,0,0
2424,-0.00083333333333333176,-0.02,0,0,0,0
2425,0,-0.02,0,0,0,0
2426,0.00083333333333333523,-0.02,0,0,0,0
2427,0.001666666666666667,-0.02,0,0,0,0
2428,0.0025000000000000022,-0.02,0,0,0,0
2429,0.003333333333333334,-0.02,0,0,0,0
2430,0.0041666666666666692,-0.02,0,0,0,0
2431,0.005000000000000001,-0.02,0,0,0,0
2432,0.0058333333333333362,-0.02,0,0,0,0
2433,0.006666666666666668,-0.02,0,0,0,0
2434,0.0074999999999999997,-0.02,0,0,0,0
2435,0.008333333333333335,-0.02,0,0,0,0
2436,0.0091666666666666667,-0.02,0,0,0,0
2437,0.010000000000000002,-0.02,0,0,0,0
2438,0.010833333333333334,-0.02,0,0,0,0
2439,0.011666666666666669,-0.02,0,0,0,0
2440,0.012500000000000001,-0.02,0,0,0,0
2441,0.013333333333333332,-0.02,0,0,0,0
2442,0.014166666666666671,-0.02,0,0,0,0
2443,0.015000000000000003,-0.02,0,0,0,0
2444,0.015833333333333335,-0.02,0,0,0,0
2445,0.016666666666666666,-0.02,0,0,0,0
2446,0.017500000000000005,-0.02,0,0,0,0
2447,0.018333333333333337,-0.02,0,0,0,0
2448,0.019166666666666669,-0.02,0,0,0,0
2449,0.02,-0.02,0,0,0,0
2450,-0.02,-0.019166666666666669,0,0,0,0
2451,-0.019166666666666669,-0.019166666666666669,0,0,0,0
2452,-0.018333333333333333,-0.019166666666666669,0,0,0,0
2453,-0.017500000000000002,-0.019166666666666669,0,0,0,0
2454,-0.016666666666666666,-0.019166666666666669,0,0,0,0
2455,-0.015833333333333335,-0.019166666666666669,0,0,0,0
2456,-0.014999999999999999,-0.019166666666666669,0,0,0,0
2457,-0.014166666666666668,-0.019166666666666669,0,0,0,0
2458,-0.013333333333333332,-0.019166666666666669,0,0,0,0
2459,-0.012500000000000001,-0.019166666666666669,0,0,0,0
2460,-0.011666666666666667,-0.019166666666666669,0,0,0,0
2461,-0.010833333333333334,-0.019166666666666669,0,0,0,0
2462,-0.01,-0.019166666666666669,0,0,0,0
2463,-0.0091666666666666667,-0.019166666666666669,0,0,0,0
2464,-0.0083333333333333332,-0.019166666666666669,0,0,0,0
2465,-0.0074999999999999997,-0.019166666666666669,0,0,0,0
2466,-0.0066666666666666662,-0.019166666666666669,0,0,0,0
2467,-0.0058333333333333327,-0.019166666666666669,0,0,0,0
2468,-0.0049999999999999992,-0.019166666666666669,0,0,0,0
2469,-0.0041666666666666657,-0.019166666666666669,0,0,0,0
2470,-0.003333333333333334,-0.019166666666666669,0,0,0,0
2471,-0.0024999999999999988,-0.019166666666666669,0,0,0,0
2472,-0.001666666666666667,-0.019166666666666669,0,0,0,0
2473,-0.00083333333333333176,-0.019166666666666669,0,0,0,0
2474,0,-0.019166666666666669,0,0,0,0
2475,0.00083333333333333523,-0.019166666666666669,0,0,0,0
2476,0.001666666666666667,-0.019166666666666669,0,0,0,0
2477,0.0025000000000000022,-0.019166666666666669,0,0,0,0
2478,0.003333333333333334,-0.019166666666666669,0,0,0,0
2479,0.0041666666666666692,-0.019166666666666669,0,0,0,0
2480,0.005000000000000001,-0.019166666666666669,0,0,0,0
2481,0.0058333333333333362,-0.019166666666666669,0,0,0,0
2482,0.006666666666666668,-0.019166666666666669,0,0,0,0
2483,0.0074999999999999997,-0.019166666666666669,0,0,0,0
2484,0.008333333333333335,-0.019166666666666669,0,0,0,0
2485,0.0091666666666666667,-0.019166666666666669,0,0,0,0
2486,0.010000000000000002,-0.019166666666666669,0,0,0,0
2487,0.010833333333333334,-0.019166666666666669,0,0,0,0
2488,0.011666666666666669,-0.019166666666666669,0,0,0,0
2489,0.012500000000000001,-0.019166666666666669,0,0,0,0
2490,0.013333333333333332,-0.019166666666666669,0,0,0,0
2491,0.014166666666666671,-0.019166666666666669,0,0,0,0
2492,0.015000000000000003,-0.019166666666666669,0,0,0,0
2493,0.015833333333333335,-0.019166666666666669,0,0,0,0
2494,0.016666666666666666,-0.019166666666666669,0,0,0,0
2495,0.017500000000000005,-0.019166666666666669,0,0,0,0
2496,0.018333333333333337,-0.019166666666666669,0,0,0,0
2497,0.019166666666666669,-0.019166666666666669,0,0,0,0
2498,0.02,-0.019166666666666669,0,0,0,0
2499,-0.02,-0.018333333333333333,0,0,0,0
2500,-0.019166666666666669,-0.018333333333333333,0,0,0,0
2501,-0.018333333333333333,-0.018333333333333333,0,0,0,0
2502,-0.017500000000000002,-0.018333333333333333,0,0,0,0
2503,-0.016666666666666666,-0.018333333333333333,0,0,0,0
2504,-0.015833333333333335,-0.018333333333333333,0,0,0,0
2505,-0.014999999999999999,-0.018333333333333333,0,0,0,0
2506,-0.014166666666666668,-0.018333333333333333,0,0,0,0
2507,-0.013333333333333332,-0.018333333333333333,0,0,0,0
2508,-0.012500000000000001,-0.018333333333333333,0,0,0,0
2509,-0.011666666666666667,-0.018333333333333333,0,0,0,0
2510,-0.010833333333333334,-0.018333333333333333,0,0,0,0
2511,-0.01,-0.018333333333333333,0,0,0,0
2512,-0.0091666666666666667,-0.018333333333333333,0,0,0,0
2513,-0.0083333333333333332,-0.018333333333333333,0,0,0,0
2514,-0.0074999999999999997,-0.018333333333333333,0,0,0,0
2515,-0.0066666666666666662,-0.018333333333333333,0,0,0,0
2516,-0.0058333333333333327,-0.018333333333333333,0,0,0,0
2517,-0.0049999999999999992,-0.018333333333333333,0,0,0,0
2518,-0.0041666666666666657,-0.018333333333333333,0,0,0,0
2519,-0.003333333333333334,-0.018333333333333333,0,0,0,0
2520,-0.0024999999999999988,-0.018333333333333333,0,0,0,0
2521,-0.001666666666666667,-0.018333333333333333,0,0,0,0
2522,-0.00083333333333333176,-0.018333333333333333,0,0,0,0
2523,0,-0.018333333333333333,0,0,0,0
2524,0.00083333333333333523,-0.018333333333333333,0,0,0,0
2525,0.001666666666666667,-0.018333333333333333,0,0,0,0
2526,0.0025000000000000022,-0.018333333333333333,0,0,0,0
2527,0.003333333333333334,-0.018333333333333333,0,0,0,0
2528,0.0041666666666666692,-0.018333333333333333,0,0,0,0
2529,0.005000000000000001,-0.018333333333333333,0,0,0,0
2530,0.0058333333333333362,-0.018333333333333333,0,0,0,0
2531,0.006666666666666668,-0.018333333333333333,0,0,0,0
2532,0.0074999999999999997,-0.018333333333333333,0,0,0,0
2533,0.008333333333333335,-0.018333333333333333,0,0,0,0
2534,0.0091666666666666667,-0.018333333333333333,0,0,0,0
2535,0.010000000000000002,-0.018333333333333333,0,0,0,0
2536,0.010833333333333334,-0.018333333333333333,0,0,0,0
2537,0.011666666666666669,-0.018333333333333333,0,0,0,0
2538,0.012500000000000001,-0.018333333333333333,0,0,0,0
2539,0.013333333333333332,-0.018333333333333333,0,0,0,0
2540,0.014166666666666671,-0.018333333333333333,0,0,0,0
2541,0.015000000000000003,-0.018333333333333333,0,0,0,0
2542,0.015833333333333335,-0.018333333333333333,0,0,0,0
2543,0.016666666666666666,-0.018333333333333333,0,0,0,0
2544,0.017500000000000005,-0.018333333333333333,0,0,0,0
2545,0.018333333333333337,-0.018333333333333333,0,0,0,0
2546,0.019166666666666669,-0.018333333333333333,0,0,0,0
2547,0.02,-0.018333333333333333,0,0,0,0
2548,-0.02,-0.017500000000000002,0,0,0,0
2549,-0.019166666666666669,-0.017500000000000002,0,0,0,0
2550,-0.018333333333333333,-0.017500000000000002,0,0,0,0
2551,-0.017500000000000002,-0.017500000000000002,0,0,0,0
2552,-0.016666666666666666,-0.017500000000000002,0,0,0,0
2553,-0.015833333333333335,-0.017500000000000002,0,0,0,0
2554,-0.014999999999999999,-0.017500000000000002,0,0,0,0
2555,-0.014166666666666668,-0.017500000000000002,0,0,0,0
2556,-0.013333333333333332,-0.017500000000000002,0,0,0,0
2557,-0.012500000000000001,-0.017500000000000002,0,0,0,0
2558,-0.011666666666666667,-0.017500000000000002,0,0,0,0
2559,-0.010833333333333334,-0.017500000000000002,0,0,0,0
2560,-0.01,-0.017500000000000002,0,0,0,0
2561,-0.0091666666666666667,-0.017500000000000002,0,0,0,0
2562,-0.0083333333333333332,-0.017500000000000002,0,0,0,0
2563,-0.0074999999999999997,-0.017500000000000002,0,0,0,0
2564,-0.0066666666666666662,-0.017500000000000002,0,0,0,0
2565,-0.0058333333333333327,-0.017500000000000002,0,0,0,0
2566,-0.0049999999999999992,-0.017500000000000002,0,0,0,0
2567,-0.0041666666666666657,-0.017500000000000002,0,0,0,0
2568,-0.003333333333333334,-0.017500000000000002,0,0,0,0
2569,-0.0024999999999999988,-0.017500000000000002,0,0,0,0
2570,-0.001666666666666667,-0.017500000000000002,0,0,0,0
2571,-0.00083333333333333176,-0.017500000000000002,0,0,0,0
2572,0,-0.017500000000000002,0,0,0,0
2573,0.00083333333333333523,-0.017500000000000002,0,0,0,0
2574,0.001666666666666667,-0.017500000000000002,0,0,0,0
2575,0.0025000000000000022,-0.017500000000000002,0,0,0,0
2576,0.003333333333333334,-0.017500000000000002,0,0,0,0
2577,0.0041666666666666692,-0.017500000000000002,0,0,0,0
2578,0.005000000000000001,-0.017500000000000002,0,0,0,0
2579,0.0058333333333333362,-0.017500000000000002,0,0,0,0
2580,0.006666666666666668,-0.017500000000000002,0,0,0,0
2581,0.0074999999999999997,-0.017500000000000002,0,0,0,0
2582,0.008333333333333335,-0.017500000000000002,0,0,0,0
2583,0.0091666666666666667,-0.017500000000000002,0,0,0,0
2584,0.010000000000000002,-0.017500000000000002,0,0,0,0
2585,0.010833333333333334,-0.017500000000000002,0,0,0,0
2586,0.011666666666666669,-0.017500000000000002,0,0,0,0
2587,0.012500000000000001,-0.017500000000000002,0,0,0,0
2588,0.013333333333333332,-0.017500000000000002,0,0,0,0
2589,0.014166666666666671,-0.017500000000000002,0,0,0,0
2590,0.015000000000000003,-0.017500000000000002,0,0,0,0
2591,0.015833333333333335,-0.017500000000000002,0,0,0,0
2592,0.016666666666666666,-0.017500000000000002,0,0,0,0
2593,0.017500000000000005,-0.017500000000000002,0,0,0,0
2594,0.018333333333333337,-0.017500000000000002,0,0,0,0
2595,0.019166666666666669,-0.017500000000000002,0,0,0,0
2596,0.02,-0.017500000000000002,0,0,0,0
2597,-0.02,-0.016666666666666666,0,0,0,0
2598,-0.019166666666666669,-0.016666666666666666,0,0,0,0
2599,-0.018333333333333333,-0.016666666666666666,0,0,0,0
2600,-0.017500000000000002,-0.016666666666666666,0,0,0,0
2601,-0.016666666666666666,-0.016666666666666666,0,0,0,0
2602,-0.015833333333333335,-0.016666666666666666,0,0,0,0
2603,-0.014999999999999999,-0.016666666666666666,0,0,0,0
2604,-0.014166666666666668,-0.016666666666666666,0,0,0,0
2605,-0.013333333333333332,-0.016666666666666666,0,0,0,0
2606,-0.012500000000000001,-0.016666666666666666,0,0,0,0
2607,-0.011666666666666667,-0.016666666666666666,0,0,0,0
2608,-0.010833333333333334,-0.016666666666666666,0,0,0,0
2609,-0.01,-0.016666666666666666,0,0,0,0
2610,-0.0091666666666666667,-0.016666666666666666,0,0,0,0
2611,-0.0083333333333333332,-0.016666666666666666,0,0,0,0
2612,-0.0074999999999999997,-0.016666666666666666,0,0,0,0
2613,-0.0066666666666666662,-0.016666666666666666,0,0,0,0
2614,-0.0058333333333333327,-0.016666666666666666,0,0,0,0
2615,-0.0049999999999999992,-0.016666666666666666,0,0,0,0
2616,-0.0041666666666666657,-0.016666666666666666,0,0,0,0
2617,-0.003333333333333334,-0.016666666666666666,0,0,0,0
2618,-0.0024999999999999988,-0.016666666666666666,0,0,0,0
2619,-0.001666666666666667,-0.016666666666666666,0,0,0,0
2620,-0.00083333333333333176,-0.016666666666666666,0,0,0,0
2621,0,-0.016666666666666666,0,0,0,0
2622,0.00083333333333333523,-0.016666666666666666,0,0,0,0
2623,0.001666666666666667,-0.016666666666666666,0,0,0,0
2624,0.0025000000000000022,-0.016666666666666666,0,0,0,0
2625,0.003333333333333334,-0.016666666666666666,0,0,0,0
2626,0.0041666666666666692,-0.016666666666666666,0,0,0,0
2627,0.005000000000000001,-0.016666666666666666,0,0,0,0
2628,0.0058333333333333362,-0.016666666666666666,0,0,0,0
2629,0.006666666666666668,-0.016666666666666666,0,0,0,0
2630,0.0074999999999999997,-0.016666666666666666,0,0,0,0
2631,0.008333333333333335,-0.016666666666666666,0,0,0,0
2632,0.0091666666666666667,-0.016666666666666666,0,0,0,0
2633,0.010000000000000002,-0.016666666666666666,0,0,0,0
2634,0.010833333333333334,-0.016666666666666666,0,0,0,0
2635,0.011666666666666669,-0.016666666666666666,0,0,0,0
2636,0.012500000000000001,-0.016666666666666666,0,0,0,0
2637,0.013333333333333332,-0.016666666666666666,0,0,0,0
2638,0.014166666666666671,-0.016666666666666666,0,0,0,0
2639,0.015000000000000003,-0.016666666666666666,0,0,0,0
2640,0.015833333333333335,-0.016666666666666666,0,0,0,0
2641,0.016666666666666666,-0.016666666666666666,0,0,0,0
2642,0.017500000000000005,-0.016666666666666666,0,0,0,0
2643,0.018333333333333337,-0.016666666666666666,0,0,0,0
2644,0.019166666666666669,-0.016666666666666666,0,0,0,0
2645,0.02,-0.016666666666666666,0,0,0,0
2646,-0.02,-0.015833333333333335,0,0,0,0
2647,-0.019166666666666669,-0.015833333333333335,0,0,0,0
2648,-0.018333333333333333,-0.015833333333333335,0,0,0,0
2649,-0.017500000000000002,-0.015833333333333335,0,0,0,0
2650,-0.016666666666666666,-0.015833333333333335,0,0,0,0
2651,-0.015833333333333335,-0.015833333333333335,0,0,0,0
2652,-0.014999999999999999,-0.015833333333333335,0,0,0,0
2653,-0.014166666666666668,-0.015833333333333335,0,0,0,0
2654,-0.013333333333333332,-0.015833333333333335,0,0,0,0
2655,-0.012500000000000001,-0.015833333333333335,0,0,0,0
2656,-0.011666666666666667,-0.015833333333333335,0,0,0,0
2657,-0.010833333333333334,-0.015833333333333335,0,0,0,0
2658,-0.01,-0.015833333333333335,0,0,0,0
2659,-0.0091666666666666667,-0.015833333333333335,0,0,0,0
2660,-0.0083333333333333332,-0.015833333333333335,0,0,0,0
2661,-0.0074999999999999997,-0.015833333333333335,0,0,0,0
2662,-0.0066666666666666662,-0.015833333333333335,0,0,0,0
2663,-0.0058333333333333327,-0.015833333333333335,0,0,0,0
2664,-0.0049999999999999992,-0.015833333333333335,0,0,0,0
2665,-0.0041666666666666657,-0.015833333333333335,0,0,0,0
2666,-0.003333333333333334,-0.015833333333333335,0,0,0,0
2667,-0.0024999999999999988,-0.015833333333333335,0,0,0,0
2668,-0.001666666666666667,-0.015833333333333335,0,0,0,0
2669,-0.00083333333333333176,-0.015833333333333335,0,0,0,0
2670,0,-0.015833333333333335,0,0,0,0
2671,0.00083333333333333523,-0.015833333333333335,0,0,0,0
2672,0.001666666666666667,-0.015833333333333335,0,0,0,0
2673,0.0025000000000000022,-0.015833333333333335,0,0,0,0
2674,0.003333333333333334,-0.015833333333333335,0,0,0,0
2675,0.0041666666666666692,-0.015833333333333335,0,0,0,0
2676,0.005000000000000001,-0.015833333333333335,0,0,0,0
2677,0.0058333333333333362,-0.015833333333333335,0,0,0,0
2678,0.006666666666666668,-0.015833333333333335,0,0,0,0
2679,0.0074999999999999997,-0.015833333333333335,0,0,0,0
2680,0.008333333333333335,-0.015833333333333335,0,0,0,0
2681,0.0091666666666666667,-0.015833333333333335,0,0,0,0
2682,0.010000000000000002,-0.015833333333333335,0,0,0,0
2683,0.010833333333333334,-0.015833333333333335,0,0,0,0
2684,0.011666666666666669,-0.015833333333333335,0,0,0,0
2685,0.012500000000000001,-0.015833333333333335,0,0,0,0
2686,0.013333333333333332,-0.015833333333333335,0,0,0,0
2687,0.014166666666666671,-0.015833333333333335,0,0,0,0
2688,0.015000000000000003,-0.015833333333333335,0,0,0,0
2689,0.015833333333333335,-0.015833333333333335,0,0,0,0
2690,0.016666666666666666,-0.015833333333333335,0,0,0,0
2691,0.017500000000000005,-0.015833333333333335,0,0,0,0
2692,0.018333333333333337,-0.015833333333333335,0,0,0,0
2693,0.019166666666666669,-0.015833333333333335,0,0,0,0
2694,0.02,-0.015833333333333335,0,0,0,0
2695,-0.02,-0.014999999999999999,0,0,0,0
2696,-0.019166666666666669,-0.014999999999999999,0,0,0,0
2697,-0.018333333333333333,-0.014999999999999999,0,0,0,0
2698,-0.017500000000000002,-0.014999999999999999,0,0,0,0
2699,-0.016666666666666666,-0.014999999999999999,0,0,0,0
2700,-0.015833333333333335,-0.014999999999999999,0,0,0,0
2701,-0.014999999999999999,-0.014999999999999999,0,0,0,0
2702,-0.014166666666666668,-0.014999999999999999,0,0,0,0
2703,-0.013333333333333332,-0.014999999999999999,0,0,0,0
2704,-0.012500000000000001,-0.014999999999999999,0,0,0,0
2705,-0.011666666666666667,-0.014999999999999999,0,0,0,0
2706,-0.010833333333333334,-0.014999999999999999,0,0,0,0
2707,-0.01,-0.014999999999999999,0,0,0,0
2708,-0.0091666666666666667,-0.014999999999999999,0,0,0,0
2709,-0.0083333333333333332,-0.014999999999999999,0,0,0,0
2710,-0.0074999999999999997,-0.014999999999999999,0,0,0,0
2711,-0.0066666666666666662,-0.014999999999999999,0,0,0,0
2712,-0.0058333333333333327,-0.014999999999999999,0,0,0,0
2713,-0.0049999999999999992,-0.014999999999999999,0,0,0,0
2714,-0.0041666666666666657,-0.014999999999999999,0,0,0,0
2715,-0.003333333333333334,-0.014999999999999999,0,0,0,0
2716,-0.0024999999999999988,-0.014999999999999999,0,0,0,0
2717,-0.001666666666666667,-0.014999999999999999,0,0,0,0
2718,-0.00083333333333333176,-0.014999999999999999,0,0,0,0
2719,0,-0.014999999999999999,0,0,0,0
2720,0.00083333333333333523,-0.014999999999999999,0,0,0,0
2721,0.001666666666666667,-0.014999999999999999,0,0,0,0
2722,0.0025000000000000022,-0.014999999999999999,0,0,0,0
2723,0.003333333333333334,-0.014999999999999999,0,0,0,0
2724,0.0041666666666666692,-0.014999999999999999,0,0,0,0
2725,0.005000000000000001,-0.014999999999999999,0,0,0,0
2726,0.0058333333333333362,-0.014999999999999999,0,0,0,0
2727,0.006666666666666668,-0.014999999999999999,0,0,0,0
2728,0.0074999999999999997,-0.014999999999999999,0,0,0,0
2729,0.008333333333333335,-0.014999999999999999,0,0,0,0
2730,0.0091666666666666667,-0.014999999999999999,0,0,0,0
2731,0.010000000000000002,-0.014999999999999999,0,0,0,0
2732,0.010833333333333334,-0.014999999999999999,0,0,0,0
2733,0.011666666666666669,-0.014999999999999999,0,0,0,0
2734,0.012500000000000001,-0.014999999999999999,0,0,0,0
2735,0.013333333333333332,-0.014999999999999999,0,0,0,0
2736,0.014166666666666671,-0.014999999999999999,0,0,0,0
2737,0.015000000000000003,-0.014999999999999999,0,0,0,0
2738,0.015833333333333335,-0.014999999999999999,0,0,0,0
2739,0.016666666666666666,-0.014999999999999999,0,0,0,0
2740,0.017500000000000005,-0.014999999999999999,0,0,0,0
2741,0.018333333333333337,-0.014999999999999999,0,0,0,0
2742,0.019166666666666669,-0.014999999999999999,0,0,0,0
2743,0.02,-0.014999999999999999,0,0,0,0
2744,-0.02,-0.014166666666666668,0,0,0,0
2745,-0.019166666666666669,-0.014166666666666668,0,0,0,0
2746,-0.018333333333333333,-0.014166666666666668,0,0,0,0
2747,-0.017500000000000002,-0.014166666666666668,0,0,0,0
2748,-0.016666666666666666,-0.014166666666666668,0,0,0,0
2749,-0.015833333333333335,-0.014166666666666668,0,0,0,0
2750,-0.014999999999999999,-0.014166666666666668,0,0,0,0
2751,-0.014166666666666668,-0.014166666666666668,0,2.0360379392678991e-07,2.0222488399548272e-07,-1.2490937990760461e-07
2752,-0.013333333333333332,-0.014166666666666668,0,5.8738133102334086e-07,6.2315141883661537e-07,-4.735187105637342e-07
2753,-0.012500000000000001,-0.014166666666666668,0,1.0420113410766441e-06,1.4156315040262442e-06,-1.2067618642907133e-06
2754,-0.011666666666666667,-0.014166666666666668,0,1.5124269317893168e-06,2.5898751387574133e-06,-2.3233615254644686e-06
2755,-0.010833333333333334,-0.014166666666666668,0,1.9562851878706071e-06,4.1314832468304114e-06,-3.8094335950466248e-06
2756,-0.01,-0.014166666666666668,0,2.3482530778452245e-06,6.0274168377498072e-06,-5.6706216544346935e-06
2757,-0.0091666666666666667,-0.014166666666666668,0,2.6724983401199506e-06,8.2395012056968359e-06,-7.8758369795245366e-06
2758,-0.0083333333333333332,-0.014166666666666668,0,2.9196432500509803e-06,1.0725379573006084e-05,-1.0369837360648338e-05
2759,-0.0074999999999999997,-0.014166666666666668,0,3.0791315211843095e-06,1.3422040490299801e-05,-1.3084548777506649e-05
2760,-0.0066666666666666662,-0.014166666666666668,0,3.1375427721753517e-06,1.6235885967615515e-05,-1.5940804450990878e-05
2761,-0.0058333333333333327,-0.014166666666666668,0,3.0784575790327753e-06,1.9063887676059072e-05,-1.8842341659495343e-05
2762,-0.0049999999999999992,-0.014166666666666668,0,2.8938319068106318e-06,2.1798740806723914e-05,-2.1683042394188856e-05
2763,-0.0041666666666666657,-0.014166666666666668,0,2.578906410544456e-06,2.4338264529454608e-05,-2.4345499238343169e-05
2764,-0.003333333333333334,-0.014166666666666668,0,2.1313998866188002e-06,2.6566265659566837e-05,-2.6701369346280794e-05
2765,-0.0024999999999999988,-0.014166666666666668,0,1.569549589857472e-06,2.8376576486532164e-05,-2.8642820577280683e-05
2766,-0.001666666666666667,-0.014166666666666668,0,9.2934132470473779e-07,2.9707706830754394e-05,-3.0091682411574494e-05
2767,-0.00083333333333333176,-0.014166666666666668,0,2.589875799879539e-07,3.0528402369523832e-05,-3.0990503770007704e-05
2768,0,-0.014166666666666668,0,-4.133278354370197e-07,3.0809879621396279e-05,-3.1301421252008987e-05
2769,0.00083333333333333523,-0.014166666666666668,0,-1.0671906368652457e-06,3.0538615007331796e-05,-3.1011786195180537e-05
2770,0.001666666666666667,-0.014166666666666668,0,-1.6825907920147363e-06,2.9718048198240533e-05,-3.0128894789288471e-05
2771,0.0025000000000000022,-0.014166666666666668,0,-2.232880789073275e-06,2.8376077934139337e-05,-2.8686609509523791e-05
2772,0.003333333333333334,-0.014166666666666668,0,-2.6972108133571459e-06,2.656893072465909e-05,-2.6755874906032717e-05
2773,0.0041666666666666692,-0.014166666666666668,0,-3.0575206618310522e-06,2.4371459325626079e-05,-2.4425308377078004e-05
2774,0.005000000000000001,-0.014166666666666668,0,-3.3035526066165746e-06,2.1866180336830264e-05,-2.1796286513798942e-05
2775,0.0058333333333333362,-0.014166666666666668,0,-3.4292395235189936e-06,1.9152532869439609e-05,-1.8983013798255613e-05
2776,0.006666666666666668,-0.014166666666666668,0,-3.4314078186771783e-06,1.6341163982960882e-05,-1.6097387178780768e-05
2777,0.0074999999999999997,-0.014166666666666668,0,-3.321352187948255e-06,1.3541948878094666e-05,-1.3246187367376219e-05
2778,0.008333333333333335,-0.014166666666666668,0,-3.115642750921384e-06,1.0857395561754084e-05,-1.0528480011164619e-05
2779,0.0091666666666666667,-0.014166666666666668,0,-2.826757173887891e-06,8.3618848229271247e-06,-8.0213780004326278e-06
2780,0.010000000000000002,-0.014166666666666668,0,-2.4673790662471438e-06,6.1287046792161747e-06,-5.788798977117605e-06
2781,0.010833333333333334,-0.014166666666666668,0,-2.0494441789179704e-06,4.2110323246265697e-06,-3.8919164199419713e-06
2782,0.011666666666666669,-0.014166666666666668,0,-1.5812292222169102e-06,2.6453804905134865e-06,-2.3790329073848016e-06
2783,0.012500000000000001,-0.014166666666666668,0,-1.087595756002305e-06,1.4590788694688016e-06,-1.2608023120356328e-06
2784,0.013333333333333332,-0.014166666666666668,0,-6.1437624103526537e-07,6.5267673042947259e-07,-5.0739806594531701e-07
2785,0.014166666666666671,-0.014166666666666668,0,-2.0854261867714914e-07,2.1118777272782912e-07,-1.3980183753156933e-07
2786,0.015000000000000003,-0.014166666666666668,0,0,0,0
2787,0.015833333333333335,-0.014166666666666668,0,0,0,0
2788,0.016666666666666666,-0.014166666666666668,0,0,0,0
2789,0.017500000000000005,-0.014166666666666668,0,0,0,0
2790,0.018333333333333337,-0.014166666666666668,0,0,0,0
2791,0.019166666666666669,-0.014166666666666668,0,0,0,0
2792,0.02,-0.014166666666666668,0,0,0,0
2793,-0.02,-0.013333333333333332,0,0,0,0
2794,-0.019166666666666669,-0.013333333333333332,0,0,0,0
2795,-0.018333333333333333,-0.013333333333333332,0,0,0,0
2796,-0.017500000000000002,-0.013333333333333332,0,0,0,0
2797,-0.016666666666666666,-0.013333333333333332,0,0,0,0
2798,-0.015833333333333335,-0.013333333333333332,0,0,0,0
2799,-0.014999999999999999,-0.013333333333333332,0,0,0,0
2800,-0.014166666666666668,-0.013333333333333332,0,6.2324422690942925e-07,5.8148149168194744e-07,-4.7439972160534232e-07
2801,-0.013333333333333332,-0.013333333333333332,0,1.6869039971093582e-06,1.6854568662011094e-06,-1.5985745028980064e-06
2802,-0.012500000000000001,-0.013333333333333332,0,2.8231391677993331e-06,3.4221915283344296e-06,-3.8662118025455101e-06
2803,-0.011666666666666667,-0.013333333333333332,0,3.9592880150607261e-06,5.8002363665691798e-06,-7.304657327492113e-06
2804,-0.010833333333333334,-0.013333333333333332,0,5.0050988385710823e-06,8.7435916028493786e-06,-1.1937422541014223e-05
2805,-0.01,-0.013333333333333332,0,5.9170773056502831e-06,1.2211309809384045e-05,-1.7661843083822877e-05
2806,-0.0091666666666666667,-0.013333333333333332,0,6.6707331792119163e-06,1.6147716285279014e-05,-2.4322036975543248e-05
2807,-0.0083333333333333332,-0.013333333333333332,0,7.244450009685907e-06,2.04734571415433e-05,-3.1736990924534142e-05
2808,-0.0074999999999999997,-0.013333333333333332,0,7.6101483857498917e-06,2.5075095061294045e-05,-3.969814563182165e-05
2809,-0.0066666666666666662,-0.013333333333333332,0,7.7343409593088628e-06,2.982290593793414e-05,-4.7973187359195131e-05
2810,-0.0058333333333333327,-0.013333333333333332,0,7.586137752436082e-06,3.4573051164101224e-05,-5.6296999901157286e-05
2811,-0.0049999999999999992,-0.013333333333333332,0,7.1405032581161124e-06,3.9163042192545787e-05,-6.4373109884661959e-05
2812,-0.0041666666666666657,-0.013333333333333332,0,6.3836279676333372e-06,4.3419285409573808e-05,-7.1876412046532868e-05
2813,-0.003333333333333334,-0.013333333333333332,0,5.3356346612183808e-06,4.7167295880819124e-05,-7.8490054440483441e-05
2814,-0.0024999999999999988,-0.013333333333333332,0,4.0513730299337185e-06,5.02787804973075e-05,-8.3944550747054551e-05
2815,-0.001666666666666667,-0.013333333333333332,0,2.5960323866885079e-06,5.2636701020300195e-05,-8.800472153802046e-05
2816,-0.00083333333333333176,-0.013333333333333332,0,1.0270068501929028e-06,5.4124923667836544e-05,-9.0498769043081211e-05
2817,0,-0.013333333333333332,0,-5.9614761590875479e-07,5.4663090334470944e-05,-9.1326776925510904e-05
2818,0.00083333333333333523,-0.013333333333333332,0,-2.2024724289860061e-06,5.4222490610093834e-05,-9.0455930141252256e-05
2819,0.001666666666666667,-0.013333333333333332,0,-3.7196743318165007e-06,5.2818357524016016e-05,-8.7931948357684804e-05
2820,0.0025000000000000022,-0.013333333333333332,0,-5.0846211315839615e-06,5.0515060450116829e-05,-8.3868941537891358e-05
2821,0.003333333333333334,-0.013333333333333332,0,-6.2426415237898855e-06,4.7416264011135038e-05,-7.8446994107164874e-05
2822,0.0041666666666666692,-0.013333333333333332,0,-7.1519498860986387e-06,4.366466363792402e-05,-7.190957527778978e-05
2823,0.005000000000000001,-0.013333333333333332,0,-7.7885722133127374e-06,3.9425928812708287e-05,-6.4524995895660502e-05
2824,0.0058333333333333362,-0.013333333333333332,0,-8.1429626627415114e-06,3.4874310335415425e-05,-5.658124566409465e-05
2825,0.006666666666666668,-0.013333333333333332,0,-8.2234972817023842e-06,3.0158212780827414e-05,-4.8369418635099904e-05
2826,0.0074999999999999997,-0.013333333333333332,0,-8.045983021110674e-06,2.5427190443787384e-05,-4.0161922022747137e-05
2827,0.008333333333333335,-0.013333333333333332,0,-7.6335467394921195e-06,2.0824419093191245e-05,-3.2220196256593943e-05
2828,0.0091666666666666667,-0.013333333333333332,0,-7.0144422135440271e-06,1.6478945391810521e-05,-2.478165806471067e-05
2829,0.010000000000000002,-0.013333333333333332,0,-6.2140943355186364e-06,1.2499020392410557e-05,-1.8059495587275967e-05
2830,0.010833333333333334,-0.013333333333333332,0,-5.2541560328629684e-06,8.9766809402245695e-06,-1.2244997876173758e-05
2831,0.011666666666666669,-0.013333333333333332,0,-4.1599486927579596e-06,5.9774004721110161e-06,-7.5068476278398924e-06
2832,0.012500000000000001,-0.013333333333333332,0,-2.9668866145340842e-06,3.5466418244717941e-06,-3.9803750121338867e-06
2833,0.013333333333333332,-0.013333333333333332,0,-1.7744092362111822e-06,1.7578008838948184e-06,-1.6608384766078006e-06
2834,0.014166666666666671,-0.013333333333333332,0,-6.5640653411862883e-07,6.1553058992258932e-07,-5.0714066210648442e-07
2835,0.015000000000000003,-0.013333333333333332,0,0,0,0
2836,0.015833333333333335,-0.013333333333333332,0,0,0,0
2837,0.016666666666666666,-0.013333333333333332,0,0,0,0
2838,0.017500000000000005,-0.013333333333333332,0,0,0,0
2839,0.018333333333333337,-0.013333333333333332,0,0,0,0
2840,0.019166666666666669,-0.013333333333333332,0,0,0,0
2841,0.02,-0.013333333333333332,0,0,0,0
2842,-0.02,-0.012500000000000001,0,0,0,0
2843,-0.019166666666666669,-0.012500000000000001,0,0,0,0
2844,-0.018333333333333333,-0.012500000000000001,0,0,0,0
2845,-0.017500000000000002,-0.012500000000000001,0,0,0,0
2846,-0.016666666666666666,-0.012500000000000001,0,0,0,0
2847,-0.015833333333333335,-0.012500000000000001,0,0,0,0
2848,-0.014999999999999999,-0.012500000000000001,0,0,0,0
2849,-0.014166666666666668,-0.012500000000000001,0,1.4068210530204231e-06,1.0346033017590296e-06,-1.2017750454662e-06
2850,-0.013333333333333332,-0.012500000000000001,0,3.4084441324534166e-06,2.8273287246096067e-06,-3.8494502826640865e-06
2851,-0.012500000000000001,-0.012500000000000001,0,5.3852320819840417e-06,5.4142568452242147e-06,-8.8498802067221008e-06
2852,-0.011666666666666667,-0.012500000000000001,0,7.284086986724986e-06,8.7636886126907548e-06,-1.6135252787125891e-05
2853,-0.010833333333333334,-0.012500000000000001,0,8.9835966445525153e-06,1.2747290443421804e-05,-2.5606663723511144e-05
2854,-0.01,-0.012500000000000001,0,1.0432050810354206e-05,1.7281128509768435e-05,-3.701855361543605e-05
2855,-0.0091666666666666667,-0.012500000000000001,0,1.1591968634034926e-05,2.2271694987056546e-05,-5.0075738489790659e-05
2856,-0.0083333333333333332,-0.012500000000000001,0,1.2431946507718638e-05,2.7601349435099368e-05,-6.4436142873196188e-05
2857,-0.0074999999999999997,-0.012500000000000001,0,1.2917132040162885e-05,3.3139855008761561e-05,-7.9713119569017828e-05
2858,-0.0066666666666666662,-0.012500000000000001,0,1.3014149727074214e-05,3.8751730941611466e-05,-9.5466632364691505e-05
2859,-0.0058333333333333327,-0.012500000000000001,0,1.2683839758001227e-05,4.4278391886332025e-05,-0.00011120616169225907
2860,-0.0049999999999999992,-0.012500000000000001,0,1.1901099045034649e-05,4.9558617231600976e-05,-0.00012640353487523609
2861,-0.0041666666666666657,-0.012500000000000001,0,1.0676349120577751e-05,5.4433391758143875e-05,-0.00014050717400932992
2862,-0.003333333333333334,-0.012500000000000001,0,9.0380236321293367e-06,5.8733918593259348e-05,-0.00015296428108389326
2863,-0.0024999999999999988,-0.012500000000000001,0,7.0342925320898975e-06,6.231264901163287e-05,-0.00016326286122874705
2864,-0.001666666666666667,-0.012500000000000001,0,4.7254581857208616e-06,6.5016224712468931e-05,-0.00017095371864212294
2865,-0.00083333333333333176,-0.012500000000000001,0,2.2047271104771046e-06,6.6711782967683491e-05,-0.00017569288583699921
2866,0,-0.012500000000000001,0,-4.2310726057453482e-07,6.7313866325670541e-05,-0.00017727066895998581
2867,0.00083333333333333523,-0.012500000000000001,0,-3.042475519843103e-06,6.6786539935550203e-05,-0.00017562618473363211
2868,0.001666666666666667,-0.012500000000000001,0,-5.5423352340338593e-06,6.5157352586558027e-05,-0.00017084584281419591
2869,0.0025000000000000022,-0.012500000000000001,0,-7.8129245724158042e-06,6.2501080455048755e-05,-0.00016316169576011808
2870,0.003333333333333334,-0.012500000000000001,0,-9.7606850217730025e-06,5.8941295562216361e-05,-0.00015293464842979556
2871,0.0041666666666666692,-0.012500000000000001,0,-1.1325653957426042e-05,5.4645142317942278e-05,-0.00014061707989871733
2872,0.005000000000000001,-0.012500000000000001,0,-1.2474531369130652e-05,4.9788185005789475e-05,-0.00012671350862487543
2873,0.0058333333333333362,-0.012500000000000001,0,-1.3200256596223408e-05,4.4541131717515116e-05,-0.00011173866274124148
2874,0.006666666666666668,-0.012500000000000001,0,-1.3503642008694797e-05,3.9064014916917938e-05,-9.6207224725816781e-05
2875,0.0074999999999999997,-0.012500000000000001,0,-1.340186997676032e-05,3.3495042350563368e-05,-8.0609842574238218e-05
2876,0.008333333333333335,-0.012500000000000001,0,-1.2914122096503904e-05,2.7979009098243027e-05,-6.540873154585431e-05
2877,0.0091666666666666667,-0.012500000000000001,0,-1.2066712306359496e-05,2.2650930318771948e-05,-5.1032889695636881e-05
2878,0.010000000000000002,-0.012500000000000001,0,-1.0884315979348185e-05,1.7635565337780956e-05,-3.7875609752460219e-05
2879,0.010833333333333334,-0.012500000000000001,0,-9.3941734511257769e-06,1.3049675631118755e-05,-2.6301951918461703e-05
2880,0.011666666666666669,-0.012500000000000001,0,-7.6338968123566116e-06,9.0015515567130192e-06,-1.6635323530783831e-05
2881,0.012500000000000001,-0.012500000000000001,0,-5.6543087012114706e-06,5.5820705202976814e-06,-9.1498552959872969e-06
2882,0.013333333333333332,-0.012500000000000001,0,-3.5788969406372839e-06,2.9212103068747356e-06,-3.9869148103053071e-06
2883,0.014166666666666671,-0.012500000000000001,0,-1.4712588742937522e-06,1.0792477079245239e-06,-1.2634967125795164e-06
2884,0.015000000000000003,-0.012500000000000001,0,0,0,0
2885,0.015833333333333335,-0.012500000000000001,0,0,0,0
2886,0.016666666666666666,-0.012500000000000001,0,0,0,0
2887,0.017500000000000005,-0.012500000000000001,0,0,0,0
2888,0.018333333333333337,-0.012500000000000001,0,0,0,0
2889,0.019166666666666669,-0.012500000000000001,0,0,0,0
2890,0.02,-0.012500000000000001,0,0,0,0
2891,-0.02,-0.011666666666666667,0,0,0,0
2892,-0.019166666666666669,-0.011666666666666667,0,0,0,0
2893,-0.018333333333333333,-0.011666666666666667,0,0,0,0
2894,-0.017500000000000002,-0.011666666666666667,0,0,0,0
2895,-0.016666666666666666,-0.011666666666666667,0,0,0,0
2896,-0.015833333333333335,-0.011666666666666667,0,0,0,0
2897,-0.014999999999999999,-0.011666666666666667,0,0,0,0
2898,-0.014166666666666668,-0.011666666666666667,0,2.5583002671040474e-06,1.5088739173552577e-06,-2.2955494582872813e-06
2899,-0.013333333333333332,-0.011666666666666667,0,5.7456630664513334e-06,3.9787060667672605e-06,-7.2473841620403334e-06
2900,-0.012500000000000001,-0.011666666666666667,0,8.6789504643602288e-06,7.3289150621820562e-06,-1.6080409450206676e-05
2901,-0.011666666666666667,-0.011666666666666667,0,1.1392511995733598e-05,1.1497779539533692e-05,-2.8433063258311878e-05
2902,-0.010833333333333334,-0.011666666666666667,0,1.3748758653779785e-05,1.6289135546100588e-05,-4.4035177435960328e-05
2903,-0.01,-0.011666666666666667,0,1.5706552626641078e-05,2.1594002105399029e-05,-6.2470106244853223e-05
2904,-0.0091666666666666667,-0.011666666666666667,0,1.7233458632435353e-05,2.7292873098038673e-05,-8.3267683082312814e-05
2905,-0.0083333333333333332,-0.011666666666666667,0,1.8297725513124853e-05,3.3259308818593495e-05,-0.000105903101910913
2906,-0.0074999999999999997,-0.011666666666666667,0,1.8868155623461766e-05,3.9368636692746011e-05,-0.00012980212383089637
2907,-0.0066666666666666662,-0.011666666666666667,0,1.8900388155600274e-05,4.5481009360338941e-05,-0.00015432109951572649
2908,-0.0058333333333333327,-0.011666666666666667,0,1.8360560544292468e-05,5.1456114780724378e-05,-0.00017875042533919291
2909,-0.0049999999999999992,-0.011666666666666667,0,1.7235514524003874e-05,5.7149838236899405e-05,-0.00020231614483670921
2910,-0.0041666666666666657,-0.011666666666666667,0,1.552063578331319e-05,6.2397552188538471e-05,-0.00022420089853584379
2911,-0.003333333333333334,-0.011666666666666667,0,1.3232583727328357e-05,6.7019713431923757e-05,-0.00024357346797843847
2912,-0.0024999999999999988,-0.011666666666666667,0,1.0410692776998154e-05,7.084457221423265e-05,-0.00025963728887545552
2913,-0.001666666666666667,-0.011666666666666667,0,7.1505881164550476e-06,7.371735117217661e-05,-0.00027167144488014864
2914,-0.00083333333333333176,-0.011666666666666667,0,3.5711981877317209e-06,7.5511005624056236e-05,-0.00027911338906492876
2915,0,-0.011666666666666667,0,-1.7059710068188447e-07,7.6143767314056267e-05,-0.00028161136015109799
2916,0.00083333333333333523,-0.011666666666666667,0,-3.9097756181353039e-06,7.5583309994192897e-05,-0.00027905643204023905
2917,0.001666666666666667,-0.011666666666666667,0,-7.4802611336212628e-06,7.3850026947636958e-05,-0.00027159873027772285
2918,0.0025000000000000022,-0.011666666666666667,0,-1.0733874918584542e-05,7.1033941630186932e-05,-0.00025962294381617711
2919,0.003333333333333334,-0.011666666666666667,0,-1.3558928010145044e-05,6.7258554331047711e-05,-0.00024370441265428755
2920,0.0041666666666666692,-0.011666666666666667,0,-1.5862822971007681e-05,6.269323290535088e-05,-0.00022456034439731127
2921,0.005000000000000001,-0.011666666666666667,0,-1.760667891475673e-05,5.7502691095826521e-05,-0.00020297488799077821
2922,0.0058333333333333362,-0.011666666666666667,0,-1.8764682043371269e-05,5.1849073526481322e-05,-0.00017973581348056116
2923,0.006666666666666668,-0.011666666666666667,0,-1.9346081627700432e-05,4.5898449442003647e-05,-0.0001556128202490267
2924,0.0074999999999999997,-0.011666666666666667,0,-1.9367168659142136e-05,3.9801888774116634e-05,-0.00013133191086426441
2925,0.008333333333333335,-0.011666666666666667,0,-1.8857518496782126e-05,3.370176609746223e-05,-0.00010756028315329811
2926,0.0091666666666666667,-0.011666666666666667,0,-1.7836368918271542e-05,2.772725858774984e-05,-8.4915025977856201e-05
2927,0.010000000000000002,-0.011666666666666667,0,-1.6326075717532107e-05,2.2000432682155387e-05,-6.3973707091838334e-05
2928,0.010833333333333334,-0.011666666666666667,0,-1.4344861028206785e-05,1.6641815661985367e-05,-4.5281274139343891e-05
2929,0.011666666666666669,-0.011666666666666667,0,-1.1923833710759132e-05,1.1774859570937329e-05,-2.9351528451942867e-05
2930,0.012500000000000001,-0.011666666666666667,0,-9.1050934482947126e-06,7.5194289315075773e-06,-1.6663135510739561e-05
2931,0.013333333333333332,-0.011666666666666667,0,-6.0296498998171798e-06,4.0759860851955882e-06,-7.5301059301813652e-06
2932,0.014166666666666671,-0.011666666666666667,0,-2.6688066301074003e-06,1.5549050436435906e-06,-2.3899149016902733e-06
2933,0.015000000000000003,-0.011666666666666667,0,0,0,0
2934,0.015833333333333335,-0.011666666666666667,0,0,0,0
2935,0.016666666666666666,-0.011666666666666667,0,0,0,0
2936,0.017500000000000005,-0.011666666666666667,0,0,0,0
2937,0.018333333333333337,-0.011666666666666667,0,0,0,0
2938,0.019166666666666669,-0.011666666666666667,0,0,0,0
2939,0.02,-0.011666666666666667,0,0,0,0
2940,-0.02,-0.010833333333333334,0,0,0,0
2941,-0.019166666666666669,-0.010833333333333334,0,0,0,0
2942,-0.018333333333333333,-0.010833333333333334,0,0,0,0
2943,-0.017500000000000002,-0.010833333333333334,0,0,0,0
2944,-0.016666666666666666,-0.010833333333333334,0,0,0,0
2945,-0.015833333333333335,-0.010833333333333334,0,0,0,0
2946,-0.014999999999999999,-0.010833333333333334,0,0,0,0
2947,-0.014166666666666668,-0.010833333333333334,0,4.0638546828801866e-06,1.9695605516591254e-06,-3.741629616686041e-06
2948,-0.013333333333333332,-0.010833333333333334,0,8.6269784920009886e-06,5.0483371220149334e-06,-1.1813208172443883e-05
2949,-0.012500000000000001,-0.010833333333333334,0,1.2578107939466947e-05,9.0450272956783152e-06,-2.5449347153310079e-05
2950,-0.011666666666666667,-0.010833333333333334,0,1.6092014416074716e-05,1.3864181560119959e-05,-4.3907572662530126e-05
2951,-0.010833333333333334,-0.010833333333333334,0,1.9049950271971748e-05,1.924784452217613e-05,-6.6707601503262533e-05
2952,-0.01,-0.010833333333333334,0,2.1442656885364177e-05,2.5072931397857531e-05,-9.3236095189473599e-05
2953,-0.0091666666666666667,-0.010833333333333334,0,2.3260422544966231e-05,3.1220937849023569e-05,-0.00012285078776117064
2954,-0.0083333333333333332,-0.010833333333333334,0,2.4485737562059127e-05,3.7577928930970844e-05,-0.00015486578892063391
2955,-0.0074999999999999997,-0.010833333333333334,0,2.5088887880562459e-05,4.4030607578371394e-05,-0.00018853298135908692
2956,-0.0066666666666666662,-0.010833333333333334,0,2.5031470553955906e-05,5.0454129421099802e-05,-0.00022302216642831275
2957,-0.0058333333333333327,-0.010833333333333334,0,2.4285692199409081e-05,5.6727751749923258e-05,-0.0002574016332522205
2958,-0.0049999999999999992,-0.010833333333333334,0,2.2813094540194653e-05,6.2707138635048761e-05,-0.00029062832037788185
2959,-0.0041666666666666657,-0.010833333333333334,0,2.0598756216670306e-05,6.8219305007815952e-05,-0.00032157483937670696
2960,-0.003333333333333334,-0.010833333333333334,0,1.7639541272896162e-05,7.3070379008896699e-05,-0.00034906003759951069
2961,-0.0024999999999999988,-0.010833333333333334,0,1.3993515539257199e-05,7.7080387289316245e-05,-0.00037191640749891132
2962,-0.001666666666666667,-0.010833333333333334,0,9.7544457839791666e-06,8.0089881263558884e-05,-0.00038909507563274508
2963,-0.00083333333333333176,-0.010833333333333334,0,5.098463301201068e-06,8.1968708688499891e-05,-0.00039975585613225039
2964,0,-0.010833333333333334,0,2.258660100693269e-07,8.2651988813404914e-05,-0.0004033685904881288
2965,0.00083333333333333523,-0.010833333333333334,0,-4.6525506423922182e-06,8.2103730334528012e-05,-0.0003997738906824581
2966,0.001666666666666667,-0.010833333333333334,0,-9.3308187791470256e-06,8.035873614946565e-05,-0.00038918803410914677
2967,0.0025000000000000022,-0.010833333333333334,0,-1.3619237017156489e-05,7.7474614020530598e-05,-0.00037217354385412699
2968,0.003333333333333334,-0.010833333333333334,0,-1.7350399592005458e-05,7.3579298394361095e-05,-0.00034959174537330763
2969,0.0041666666666666692,-0.010833333333333334,0,-2.0435330741783075e-05,6.8824344502990686e-05,-0.00032247700296468866
2970,0.005000000000000001,-0.010833333333333334,0,-2.2797717058703259e-05,6.3382552964144875e-05,-0.00029195359036041449
2971,0.0058333333333333362,-0.010833333333333334,0,-2.4431574885452699e-05,5.7432303623055769e-05,-0.00025916251439161568
2972,0.006666666666666668,-0.010833333333333334,0,-2.5336886902074462e-05,5.1144154372894212e-05,-0.00022517957092598893
2973,0.0074999999999999997,-0.010833333333333334,0,-2.5548034276475474e-05,4.4680892364716205e-05,-0.00019098912910434234
2974,0.008333333333333335,-0.010833333333333334,0,-2.5085199231120792e-05,3.8179175623025388e-05,-0.00015747009139504563
2975,0.0091666666666666667,-0.010833333333333334,0,-2.3975250596550557e-05,3.1765973444885482e-05,-0.00012542142580263788
2976,0.010000000000000002,-0.010833333333333334,0,-2.2226316832054957e-05,2.5550845647699338e-05,-9.5583291396314179e-05
2977,0.010833333333333334,-0.010833333333333334,0,-1.9844765743965004e-05,1.9645298745338389e-05,-6.8664806539940729e-05
2978,0.011666666666666669,-0.010833333333333334,0,-1.6832344552762014e-05,1.4167977850635794e-05,-4.5365001261492223e-05
2979,0.012500000000000001,-0.010833333333333334,0,-1.3193915489602432e-05,9.2420249643861599e-06,-2.6389170386352872e-05
2980,0.013333333333333332,-0.010833333333333334,0,-9.0549317562946513e-06,5.1273750235650827e-06,-1.2300199238992691e-05
2981,0.014166666666666671,-0.010833333333333334,0,-4.2478075073533733e-06,1.997613197206724e-06,-3.9161481826871624e-06
2982,0.015000000000000003,-0.010833333333333334,0,0,0,0
2983,0.015833333333333335,-0.010833333333333334,0,0,0,0
2984,0.016666666666666666,-0.010833333333333334,0,0,0,0
2985,0.017500000000000005,-0.010833333333333334,0,0,0,0
2986,0.018333333333333337,-0.010833333333333334,0,0,0,0
2987,0.019166666666666669,-0.010833333333333334,0,0,0,0
2988,0.02,-0.010833333333333334,0,0,0,0
2989,-0.02,-0.01,0,0,0,0
2990,-0.019166666666666669,-0.01,0,0,0,0
2991,-0.018333333333333333,-0.01,0,0,0,0
2992,-0.017500000000000002,-0.01,0,0,0,0
2993,-0.016666666666666666,-0.01,0,0,0,0
2994,-0.015833333333333335,-0.01,0,0,0,0
2995,-0.014999999999999999,-0.01,0,0,0,0
2996,-0.014166666666666668,-0.01,0,5.911796328615832e-06,2.3904707224319289e-06,-5.5516631254717335e-06
2997,-0.013333333333333332,-0.01,0,1.2013767255198581e-05,5.9962823431664967e-06,-1.7440510293003365e-05
2998,-0.012500000000000001,-0.01,0,1.6996970186210434e-05,1.0513038941358575e-05,-3.6700744651263934e-05
2999,-0.011666666666666667,-0.01,0,2.1271327397831844e-05,1.5820472319347754e-05,-6.211438630803223e-05
3000,-0.010833333333333334,-0.01,0,2.4767761889068292e-05,2.1610534968188771e-05,-9.2964470660107594e-05
3001,-0.01,-0.01,0,2.7534279467602429e-05,2.7763446474795677e-05,-0.00012845421711714248
3002,-0.0091666666666666667,-0.01,0,2.959136838402907e-05,3.4175234948430093e-05,-0.0001678037835397975
3003,-0.0083333333333333332,-0.01,0,3.0941358228156544e-05,4.0756968761210982e-05,-0.00021020279301785117
3004,-0.0074999999999999997,-0.01,0,3.1553717129559119e-05,4.7402803966843604e-05,-0.00025476259522725384
3005,-0.0066666666666666662,-0.01,0,3.1411130854184782e-05,5.4013087356327175e-05,-0.00030048838992347286
3006,-0.0058333333333333327,-0.01,0,3.0463535464956395e-05,6.0474015918849251e-05,-0.00034622990437189696
3007,-0.0049999999999999992,-0.01,0,2.8661980146202101e-05,6.6659531300009941e-05,-0.00039065765258333122
3008,-0.0041666666666666657,-0.01,0,2.5950336989796532e-05,7.2387961432318886e-05,-0.00043226258248627123
3009,-0.003333333333333334,-0.01,0,2.2329532218367795e-05,7.7448510457599253e-05,-0.00046942415439535975
3010,-0.0024999999999999988,-0.01,0,1.7847965774521919e-05,8.1642447395454358e-05,-0.00050047883787885902
3011,-0.001666666666666667,-0.01,0,1.2648321829616957e-05,8.4781235355070421e-05,-0.00052390426338450112
3012,-0.00083333333333333176,-0.01,0,6.9290424817009624e-06,8.6745519728109586e-05,-0.00053848530187312828
3013,0,-0.01,0,9.4215096829985207e-07,8.7485997512888418e-05,-0.00054347566133436148
3014,0.00083333333333333523,-0.01,0,-5.087543528053953e-06,8.6996484289063094e-05,-0.00053865832257861596
3015,0.001666666666666667,-0.01,0,-1.0920985481630637e-05,8.5277124810210456e-05,-0.00052432135083366205
3016,0.0025000000000000022,-0.01,0,-1.629489914886174e-05,8.237788429603672e-05,-0.0005012663782103001
3017,0.003333333333333334,-0.01,0,-2.1030808376157046e-05,7.8396902359087299e-05,-0.00047071111407100813
3018,0.0041666666666666692,-0.01,0,-2.4950057200000036e-05,7.3490437207157498e-05,-0.00043413173436063543
3019,0.005000000000000001,-0.01,0,-2.800231427471375e-05,6.7845246975701431e-05,-0.00039312682911121115
3020,0.0058333333333333362,-0.01,0,-3.014952857311019e-05,6.1660152033301817e-05,-0.00034926509805453451
3021,0.006666666666666668,-0.01,0,-3.1436884150588614e-05,5.5126559529552926e-05,-0.00030398964586658223
3022,0.0074999999999999997,-0.01,0,-3.1881723527681129e-05,4.8399441522751996e-05,-0.0002585775259445529
3023,0.008333333333333335,-0.01,0,-3.1531331250257781e-05,4.1621610180868967e-05,-0.00021413114758388251
3024,0.0091666666666666667,-0.01,0,-3.0397244046681312e-05,3.4905170523124842e-05,-0.00017161169284894494
3025,0.010000000000000002,-0.01,0,-2.8491565891424359e-05,2.8359156669863898e-05,-0.00013189341378074825
3026,0.010833333333333334,-0.01,0,-2.5790936614135979e-05,2.2075824420884111e-05,-9.5816177020218368e-05
3027,0.011666666666666669,-0.01,0,-2.2259970787096823e-05,1.6157399505556937e-05,-6.424012903568884e-05
3028,0.012500000000000001,-0.01,0,-1.7842933910674966e-05,1.0710091375770439e-05,-3.8076228079756402e-05
3029,0.013333333333333332,-0.01,0,-1.2612928889299206e-05,6.0435753109578643e-06,-1.8165744794568568e-05
3030,0.014166666666666671,-0.01,0,-6.1803520944805076e-06,2.3813054410063829e-06,-5.8352043256680591e-06
3031,0.015000000000000003,-0.01,0,0,0,0
3032,0.015833333333333335,-0.01,0,0,0,0
3033,0.016666666666666666,-0.01,0,0,0,0
3034,0.017500000000000005,-0.01,0,0,0,0
3035,0.018333333333333337,-0.01,0,0,0,0
3036,0.019166666666666669,-0.01,0,0,0,0
3037,0.02,-0.01,0,0,0,0
3038,-0.02,-0.0091666666666666667,0,0,0,0
3039,-0.019166666666666669,-0.0091666666666666667,0,0,0,0
3040,-0.018333333333333333,-0.0091666666666666667,0,0,0,0
3041,-0.017500000000000002,-0.0091666666666666667,0,0,0,0
3042,-0.016666666666666666,-0.0091666666666666667,0,0,0,0
3043,-0.015833333333333335,-0.0091666666666666667,0,0,0,0
3044,-0.014999999999999999,-0.0091666666666666667,0,0,0,0
3045,-0.014166666666666668,-0.0091666666666666667,0,8.069870152063578e-06,2.7560904568932952e-06,-7.6963222982958031e-06
3046,-0.013333333333333332,-0.0091666666666666667,0,1.5846653235408295e-05,6.7972521963638082e-06,-2.3981684771839821e-05
3047,-0.012500000000000001,-0.0091666666666666667,0,2.1842358745478076e-05,1.1695743317125986e-05,-4.9537474293053695e-05
3048,-0.011666666666666667,-0.0091666666666666667,0,2.6816732246868784e-05,1.7334973054599976e-05,-8.2573013221568951e-05
3049,-0.010833333333333334,-0.0091666666666666667,0,3.079228836403225e-05,2.3367958877744209e-05,-0.00012214342033972685
3050,-0.01,-0.0091666666666666667,0,3.3886850108656823e-05,2.9691239074902962e-05,-0.00016731282848651645
3051,-0.0091666666666666667,-0.0091666666666666667,0,3.6154840843306738e-05,3.6223959710019783e-05,-0.00021721315120409962
3052,-0.0083333333333333332,-0.0091666666666666667,0,3.7613152844473149e-05,4.2895747502613859e-05,-0.00027096143227726689
3053,-0.0074999999999999997,-0.0091666666666666667,0,3.8250299214670444e-05,4.9616514197020643e-05,-0.0003275838317751744
3054,-0.0066666666666666662,-0.0091666666666666667,0,3.8035752084415867e-05,5.6305963067972237e-05,-0.00038596680858326551
3055,-0.0058333333333333327,-0.0091666666666666667,0,3.6912022494507581e-05,6.2885057466113402e-05,-0.00044476691147984524
3056,-0.0049999999999999992,-0.0091666666666666667,0,3.4791530458529003e-05,6.9210502521577691e-05,-0.00050235986886392023
3057,-0.0041666666666666657,-0.0091666666666666667,0,3.162027939095472e-05,7.5102172812250987e-05,-0.0005568058817701228
3058,-0.003333333333333334,-0.0091666666666666667,0,2.7341937016798901e-05,8.029972404158378e-05,-0.00060585835157586925
3059,-0.0024999999999999988,-0.0091666666666666667,0,2.2054090669589806e-05,8.4581062846419755e-05,-0.00064714455908672201
3060,-0.001666666666666667,-0.0091666666666666667,0,1.5889007545997796e-05,8.7775450781148444e-05,-0.0006784453861697242
3061,-0.00083333333333333176,-0.0091666666666666667,0,9.1193889954120945e-06,8.9763699946515096e-05,-0.00069799317729659889
3062,0,-0.0091666666666666667,0,2.0485001697643448e-06,9.059023559497449e-05,-0.0007047427188471596
3063,0.00083333333333333523,-0.0091666666666666667,0,-5.1215816843897515e-06,9.0195720296110598e-05,-0.00069837990703622646
3064,0.001666666666666667,-0.0091666666666666667,0,-1.2137852991157634e-05,8.8622833480055067e-05,-0.00067932958712207633
3065,0.0025000000000000022,-0.0091666666666666667,0,-1.8708639166844883e-05,8.5818719641832464e-05,-0.0006487153319131091
3066,0.003333333333333334,-0.0091666666666666667,0,-2.4518350426818027e-05,8.1877833919519812e-05,-0.00060828913372573267
3067,0.0041666666666666692,-0.0091666666666666667,0,-2.940548761599421e-05,7.6905504408262361e-05,-0.00056016691250305648
3068,0.005000000000000001,-0.0091666666666666667,0,-3.3194960183303446e-05,7.1116936936699274e-05,-0.00050658997724128344
3069,0.0058333333333333362,-0.0091666666666666667,0,-3.5942995924921927e-05,6.4761953031420991e-05,-0.00044971737208630722
3070,0.006666666666666668,-0.0091666666666666667,0,-3.763824277684383e-05,5.8037474866396212e-05,-0.00039142017251661993
3071,0.0074999999999999997,-0.0091666666666666667,0,-3.8362606416917003e-05,5.1122395892186617e-05,-0.00033330447244225359
3072,0.008333333333333335,-0.0091666666666666667,0,-3.8145696316272452e-05,4.4138540139733345e-05,-0.00027667550468831066
3073,0.0091666666666666667,-0.0091666666666666667,0,-3.7035185958674905e-05,3.7219606734629705e-05,-0.00022262870174697633
3074,0.010000000000000002,-0.0091666666666666667,0,-3.5020876586755311e-05,3.0455017843823931e-05,-0.00017212848158998007
3075,0.010833333333333334,-0.0091666666666666667,0,-3.2066073596707851e-05,2.3930035738590282e-05,-0.00012609930577655294
3076,0.011666666666666669,-0.0091666666666666667,0,-2.8088963581477517e-05,1.7716050672019065e-05,-8.5505372293648792e-05
3077,0.012500000000000001,-0.0091666666666666667,0,-2.2958792675587183e-05,1.1893793219714672e-05,-5.1425525966820597e-05
3078,0.013333333333333332,-0.0091666666666666667,0,-1.6647856614800735e-05,6.8062837236336449e-06,-2.497390862047631e-05
3079,0.014166666666666671,-0.0091666666666666667,0,-8.4360953174595732e-06,2.7023847717613628e-06,-8.0935036198904351e-06
3080,0.015000000000000003,-0.0091666666666666667,0,0,0,0
3081,0.015833333333333335,-0.0091666666666666667,0,0,0,0
3082,0.016666666666666666,-0.0091666666666666667,0,0,0,0
3083,0.017500000000000005,-0.0091666666666666667,0,0,0,0
3084,0.018333333333333337,-0.0091666666666666667,0,0,0,0
3085,0.019166666666666669,-0.0091666666666666667,0,0,0,0
3086,0.02,-0.0091666666666666667,0,0,0,0
3087,-0.02,-0.0083333333333333332,0,0,0,0
3088,-0.019166666666666669,-0.0083333333333333332,0,0,0,0
3089,-0.018333333333333333,-0.0083333333333333332,0,0,0,0
3090,-0.017500000000000002,-0.0083333333333333332,0,0,0,0
3091,-0.016666666666666666,-0.0083333333333333332,0,0,0,0
3092,-0.015833333333333335,-0.0083333333333333332,0,0,0,0
3093,-0.014999999999999999,-0.0083333333333333332,0,0,0,0
3094,-0.014166666666666668,-0.0083333333333333332,0,1.0506212884256466e-05,3.0559100575368416e-06,-1.0129433460567023e-05
3095,-0.013333333333333332,-0.0083333333333333332,0,2.0045859864281948e-05,7.4269691169089252e-06,-3.1263226624406133e-05
3096,-0.012500000000000001,-0.0083333333333333332,0,2.7007419496357896e-05,1.2565924864012526e-05,-6.3626730831099797e-05
3097,-0.011666666666666667,-0.0083333333333333332,0,3.2612427336952031e-05,1.8383572145585253e-05,-0.0001047753603220876
3098,-0.010833333333333334,-0.0083333333333333332,0,3.7014561068726589e-05,2.4511926958362753e-05,-0.00015357028259041665
3099,-0.01,-0.0083333333333333332,0,4.0408081518638834e-05,3.0866532097219183e-05,-0.00020900377581689231
3100,-0.0091666666666666667,-0.0083333333333333332,0,4.2873288408557366e-05,3.7391588552116462e-05,-0.00027018671193063066
3101,-0.0083333333333333332,-0.0083333333333333332,0,4.4450403256557395e-05,4.4035308872387662e-05,-0.00033623690807586245
3102,-0.0074999999999999997,-0.0083333333333333332,0,4.512734119458752e-05,5.0737124123124429e-05,-0.00040618739398332098
3103,-0.0066666666666666662,-0.0083333333333333332,0,4.4863271595749607e-05,5.744612373469738e-05,-0.00047889322355378815
3104,-0.0058333333333333327,-0.0083333333333333332,0,4.3591657437186122e-05,6.4040225944644156e-05,-0.00055288656375012725
3105,-0.0049999999999999992,-0.0083333333333333332,0,4.1234387636001591e-05,7.0375359890217457e-05,-0.00062626636603513059
3106,-0.0041666666666666657,-0.0083333333333333332,0,3.7623039197788884e-05,7.6226606247155028e-05,-0.0006965081707443402
3107,-0.003333333333333334,-0.0083333333333333332,0,3.2721948979597839e-05,8.1319877891364406e-05,-0.00076050452543752396
3108,-0.0024999999999999988,-0.0083333333333333332,0,2.6632922431301503e-05,8.5457768420718716e-05,-0.00081482780922184194
3109,-0.001666666666666667,-0.0083333333333333332,0,1.9570090883236315e-05,8.8499934507689975e-05,-0.00085626331741616389
3110,-0.00083333333333333176,-0.0083333333333333332,0,1.1797540197186832e-05,9.0402786119461037e-05,-0.0008821938932585281
3111,0,-0.0083333333333333332,0,3.783302097089925e-06,9.132954020561721e-05,-0.00089118340852016511
3112,0.00083333333333333523,-0.0083333333333333332,0,-4.4508494103873e-06,9.1182358867762176e-05,-0.0008828338786393855
3113,0.001666666666666667,-0.0083333333333333332,0,-1.2724993515208744e-05,8.9950593012320419e-05,-0.00085772275985375641
3114,0.0025000000000000022,-0.0083333333333333332,0,-2.0566299798033959e-05,8.7533254697011329e-05,-0.00081744401967751717
3115,0.003333333333333334,-0.0083333333333333332,0,-2.770416737267505e-05,8.3848006275888284e-05,-0.00076449521636651283
3116,0.0041666666666666692,-0.0083333333333333332,0,-3.3677194148763109e-05,7.9026856501841902e-05,-0.00070192384481104026
3117,0.005000000000000001,-0.0083333333333333332,0,-3.8405265969595898e-05,7.3236470944288749e-05,-0.00063292555079266853
3118,0.0058333333333333362,-0.0083333333333333332,0,-4.1760726459620134e-05,6.677341317627689e-05,-0.00056045376084130005
3119,0.006666666666666668,-0.0083333333333333332,0,-4.3928232239149342e-05,5.9927758142726906e-05,-0.00048698776054903351
3120,0.0074999999999999997,-0.0083333333333333332,0,-4.4938136897731509e-05,5.2867006092286283e-05,-0.00041441965976544564
3121,0.008333333333333335,-0.0083333333333333332,0,-4.48948979894142e-05,4.5762262642038746e-05,-0.00034423936426578234
3122,0.0091666666666666667,-0.0083333333333333332,0,-4.381889228782105e-05,3.8717540157690571e-05,-0.00027759700508182318
3123,0.010000000000000002,-0.0083333333333333332,0,-4.172733087255829e-05,3.184241375414039e-05,-0.00021548533668143914
3124,0.010833333333333334,-0.0083333333333333332,0,-3.8560550536682469e-05,2.5191713390156698e-05,-0.00015883592894525461
3125,0.011666666666666669,-0.0083333333333333332,0,-3.4199294234171393e-05,1.881754299351216e-05,-0.0001086490808360026
3126,0.012500000000000001,-0.0083333333333333332,0,-2.8425744210949973e-05,1.2763036069500954e-05,-6.6102252219992055e-05
3127,0.013333333333333332,-0.0083333333333333332,0,-2.1086611126792663e-05,7.399106418282512e-06,-3.2544158564387517e-05
3128,0.014166666666666671,-0.0083333333333333332,0,-1.0964406176087844e-05,2.9543483137721286e-06,-1.0641698087013675e-05
3129,0.015000000000000003,-0.0083333333333333332,0,0,0,0
3130,0.015833333333333335,-0.0083333333333333332,0,0,0,0
3131,0.016666666666666666,-0.0083333333333333332,0,0,0,0
3132,0.017500000000000005,-0.0083333333333333332,0,0,0,0
3133,0.018333333333333337,-0.0083333333333333332,0,0,0,0
3134,0.019166666666666669,-0.0083333333333333332,0,0,0,0
3135,0.02,-0.0083333333333333332,0,0,0,0
3136,-0.02,-0.0074999999999999997,0,0,0,0
3137,-0.019166666666666669,-0.0074999999999999997,0,0,0,0
3138,-0.018333333333333333,-0.0074999999999999997,0,0,0,0
3139,-0.017500000000000002,-0.0074999999999999997,0,0,0,0
3140,-0.016666666666666666,-0.0074999999999999997,0,0,0,0
3141,-0.015833333333333335,-0.0074999999999999997,0,0,0,0
3142,-0.014999999999999999,-0.0074999999999999997,0,0,0,0
3143,-0.014166666666666668,-0.0074999999999999997,0,1.3164388291635537e-05,3.2788169072817768e-06,-1.2792355002089625e-05
3144,-0.013333333333333332,-0.0074999999999999997,0,2.4506279048375751e-05,7.8621758250730513e-06,-3.909278731095288e-05
3145,-0.012500000000000001,-0.0074999999999999997,0,3.2369657530286608e-05,1.3094400810006289e-05,-7.8598209680315762e-05
3146,-0.011666666666666667,-0.0074999999999999997,0,3.8538387609125388e-05,1.894056626597793e-05,-0.00012817590783199603
3147,-0.010833333333333334,-0.0074999999999999997,0,4.3324565977356128e-05,2.5024970103073576e-05,-0.00018653928010158033
3148,-0.01,-0.0074999999999999997,0,4.6990760845366754e-05,3.1278360054636918e-05,-0.00025268296555285116
3149,-0.0091666666666666667,-0.0074999999999999997,0,4.9653867094604004e-05,3.7674797188218817e-05,-0.00032579004109626795
3150,-0.0083333333333333332,-0.0074999999999999997,0,5.1361880413739232e-05,4.4195922799222527e-05,-0.00040509658928355774
3151,-0.0074999999999999997,-0.0074999999999999997,0,5.2097811494598372e-05,5.0811066371996961e-05,-0.00048976858842330749
3152,-0.0066666666666666662,-0.0074999999999999997,0,5.1818259840586816e-05,5.7390888886103792e-05,-0.00057875579255710883
3153,-0.0058333333333333327,-0.0074999999999999997,0,5.0465921624609466e-05,6.3822265829343848e-05,-0.00067059640189069073
3154,-0.0049999999999999992,-0.0074999999999999997,0,4.7875076602166259e-05,6.9890875707218149e-05,-0.00076308943018214544
3155,-0.0041666666666666657,-0.0074999999999999997,0,4.3866759060910552e-05,7.5354692385186657e-05,-0.00085298845363358073
3156,-0.003333333333333334,-0.0074999999999999997,0,3.8311080344193558e-05,7.9883658000614181e-05,-0.00093600445104467399
3157,-0.0024999999999999988,-0.0074999999999999997,0,3.1582912640008125e-05,8.341119855378888e-05,-0.0010072185412700455
3158,-0.001666666666666667,-0.0074999999999999997,0,2.3793458769830546e-05,8.5912359404602366e-05,-0.0010619280535562341
3159,-0.00083333333333333176,-0.0074999999999999997,0,1.5299512109423824e-05,8.7451279406846591e-05,-0.0010961408824304163
3160,0,-0.0074999999999999997,0,6.7311674391179715e-06,8.8537889775814357e-05,-0.0011079864285420725
3161,0.00083333333333333523,-0.0074999999999999997,0,-2.3301181835408309e-06,8.8816636208684515e-05,-0.0010970074290680457
3162,0.001666666666666667,-0.0074999999999999997,0,-1.182303436562765e-05,8.8501209334598753e-05,-0.0010639780073035904
3163,0.0025000000000000022,-0.0074999999999999997,0,-2.1281224169052673e-05,8.6917311459089064e-05,-0.0010111194936943684
3164,0.003333333333333334,-0.0074999999999999997,0,-2.9981983889721391e-05,8.3987957435083168e-05,-0.00094202994111700566
3165,0.0041666666666666692,-0.0074999999999999997,0,-3.7567105753215986e-05,7.9631840124307142e-05,-0.00086108883633284898
3166,0.005000000000000001,-0.0074999999999999997,0,-4.3342855177420936e-05,7.4034112544357896e-05,-0.00077284605998428565
3167,0.0058333333333333362,-0.0074999999999999997,0,-4.7559242189778747e-05,6.7654228191859573e-05,-0.00068145958684808047
3168,0.006666666666666668,-0.0074999999999999997,0,-5.0212364672224871e-05,6.074336523058434e-05,-0.00059012481136108859
3169,0.0074999999999999997,-0.0074999999999999997,0,-5.1574772861508086e-05,5.3634552604698066e-05,-0.00050107572321979787
3170,0.008333333333333335,-0.0074999999999999997,0,-5.1693990514189564e-05,4.6453756013551055e-05,-0.00041584124784582927
3171,0.0091666666666666667,-0.0074999999999999997,0,-5.0667944004243923e-05,3.9379658628506406e-05,-0.00033554862531627139
3172,0.010000000000000002,-0.0074999999999999997,0,-4.8502671450857213e-05,3.2482383585110315e-05,-0.0002610782376520128
3173,0.010833333333333334,-0.0074999999999999997,0,-4.5155387163723624e-05,2.5827088330901138e-05,-0.00019328083060562941
3174,0.011666666666666669,-0.0074999999999999997,0,-4.0461176420029624e-05,1.9422525923743847e-05,-0.0001330956394669111
3175,0.012500000000000001,-0.0074999999999999997,0,-3.4118379357510392e-05,1.3285239106368556e-05,-8.1725443028462312e-05
3176,0.013333333333333332,-0.0074999999999999997,0,-2.5827736932777169e-05,7.7934494534747022e-06,-4.0682138939966067e-05
3177,0.014166666666666671,-0.0074999999999999997,0,-1.3704673391079578e-05,3.1255558978033021e-06,-1.3423001410279505e-05
3178,0.015000000000000003,-0.0074999999999999997,0,0,0,0
3179,0.015833333333333335,-0.0074999999999999997,0,0,0,0
3180,0.016666666666666666,-0.0074999999999999997,0,0,0,0
3181,0.017500000000000005,-0.0074999999999999997,0,0,0,0
3182,0.018333333333333337,-0.0074999999999999997,0,0,0,0
3183,0.019166666666666669,-0.0074999999999999997,0,0,0,0
3184,0.02,-0.0074999999999999997,0,0,0,0
3185,-0.02,-0.0066666666666666662,0,0,0,0
3186,-0.019166666666666669,-0.0066666666666666662,0,0,0,0
3187,-0.018333333333333333,-0.0066666666666666662,0,0,0,0
3188,-0.017500000000000002,-0.0066666666666666662,0,0,0,0
3189,-0.016666666666666666,-0.0066666666666666662,0,0,0,0
3190,-0.015833333333333335,-0.0066666666666666662,0,0,0,0
3191,-0.014999999999999999,-0.0066666666666666662,0,0,0,0
3192,-0.014166666666666668,-0.0066666666666666662,0,1.5952486487847107e-05,3.4079235688475703e-06,-1.5607192784087893e-05
3193,-0.013333333333333332,-0.0066666666666666662,0,2.911105405232457e-05,8.0771672886376636e-06,-4.7250986269079268e-05
3194,-0.012500000000000001,-0.0066666666666666662,0,3.7800032363253703e-05,1.325246400231228e-05,-9.4046326589944528e-05
3195,-0.011666666666666667,-0.0066666666666666662,0,4.4469351101192537e-05,1.8980597640723803e-05,-0.00015217982874039153
3196,-0.010833333333333334,-0.0066666666666666662,0,4.9597377678909922e-05,2.4882612794467127e-05,-0.00022027909875156762
3197,-0.01,-0.0066666666666666662,0,5.3517276202985101e-05,3.0908234502010017e-05,-0.00029742527768656383
3198,-0.0091666666666666667,-0.0066666666666666662,0,5.6378857790977146e-05,3.7063181932453824e-05,-0.00038298965197046506
3199,-0.0083333333333333332,-0.0066666666666666662,0,5.8223526685185002e-05,4.336862270365729e-05,-0.00047646316242640701
3200,-0.0074999999999999997,-0.0066666666666666662,0,5.9038891101181952e-05,4.9717695811776373e-05,-0.00057732718511134269
3201,-0.0066666666666666662,-0.0066666666666666662,0,5.8767373968905947e-05,5.5993974525044643e-05,-0.00068481452368124654
3202,-0.0058333333333333327,-0.0066666666666666662,0,5.7317868839749753e-05,6.1938752918728085e-05,-0.00079759614224306815
3203,-0.0049999999999999992,-0.0066666666666666662,0,5.4584722081421001e-05,6.7334506640273303e-05,-0.00091335401117426595
3204,-0.0041666666666666657,-0.0066666666666666662,0,5.0092253424310312e-05,7.1803900971793201e-05,-0.0010279703663864305
3205,-0.003333333333333334,-0.0066666666666666662,0,4.3808426449420933e-05,7.4894443498410202e-05,-0.0011354759892970023
3206,-0.0024999999999999988,-0.0066666666666666662,0,3.6633823003299571e-05,7.6827750018528785e-05,-0.0012288284271274748
3207,-0.001666666666666667,-0.0066666666666666662,0,2.8691236125331609e-05,7.7831234681324484e-05,-0.0013011774382107469
3208,-0.00083333333333333176,-0.0066666666666666662,0,2.0399980436848803e-05,7.8601999916413817e-05,-0.0013463591461482453
3209,0,-0.0066666666666666662,0,1.2311231943689e-05,7.9908750553315131e-05,-0.0013617680581756633
3210,0.00083333333333333523,-0.0066666666666666662,0,3.0568812731138294e-06,8.1285346411016441e-05,-0.0013472756208799603
3211,0.001666666666666667,-0.0066666666666666662,0,-7.7279572313223265e-06,8.2750416727680079e-05,-0.0013036575203757641
3212,0.0025000000000000022,-0.0066666666666666662,0,-1.9095233511669334e-05,8.3176440275602994e-05,-0.0012342802954636656
3213,0.003333333333333334,-0.0066666666666666662,0,-3.0352831688989352e-05,8.1779764454248456e-05,-0.0011442384756706386
3214,0.0041666666666666692,-0.0066666666666666662,0,-4.0126043656904455e-05,7.8551634536063261e-05,-0.0010395404726297902
3215,0.005000000000000001,-0.0066666666666666662,0,-4.7832763478589593e-05,7.3521374808152373e-05,-0.00092713641149439103
3216,0.0058333333333333362,-0.0066666666666666662,0,-5.3047297611106537e-05,6.7280444094893854e-05,-0.00081249610498154506
3217,0.006666666666666668,-0.0066666666666666662,0,-5.6453140758536354e-05,6.0477542533172654e-05,-0.00070003015992305703
3218,0.0074999999999999997,-0.0066666666666666662,0,-5.8162682327497648e-05,5.3331104454961107e-05,-0.00059214522339857804
3219,0.008333333333333335,-0.0066666666666666662,0,-5.8473593223025513e-05,4.6191574397786373e-05,-0.000490288154274278
3220,0.0091666666666666667,-0.0066666666666666662,0,-5.7473554358309281e-05,3.9148038370426423e-05,-0.00039533025673580666
3221,0.010000000000000002,-0.0066666666666666662,0,-5.5234113998511748e-05,3.2338545987885336e-05,-0.00030789681642371525
3222,0.010833333333333334,-0.0066666666666666662,0,-5.1710393697346646e-05,2.5780030743813332e-05,-0.00022859837261156806
3223,0.011666666666666669,-0.0066666666666666662,0,-4.6724977686196462e-05,1.9481901534836413e-05,-0.00015820733414604146
3224,0.012500000000000001,-0.0066666666666666662,0,-3.9886232183828774e-05,1.3417647658507727e-05,-9.7859462245123593e-05
3225,0.013333333333333332,-0.0066666666666666662,0,-3.0731016549711391e-05,7.9555596190201025e-06,-4.9153414911202985e-05
3226,0.014166666666666671,-0.0066666666666666662,0,-1.6587411547515632e-05,3.2007159720709793e-06,-1.636631263759599e-05
3227,0.015000000000000003,-0.0066666666666666662,0,0,0,0
3228,0.015833333333333335,-0.0066666666666666662,0,0,0,0
3229,0.016666666666666666,-0.0066666666666666662,0,0,0,0
3230,0.017500000000000005,-0.0066666666666666662,0,0,0,0
3231,0.018333333333333337,-0.0066666666666666662,0,0,0,0
3232,0.019166666666666669,-0.0066666666666666662,0,0,0,0
3233,0.02,-0.0066666666666666662,0,0,0,0
3234,-0.02,-0.0058333333333333327,0,0,0,0
3235,-0.019166666666666669,-0.0058333333333333327,0,0,0,0
3236,-0.018333333333333333,-0.0058333333333333327,0,0,0,0
3237,-0.017500000000000002,-0.0058333333333333327,0,0,0,0
3238,-0.016666666666666666,-0.0058333333333333327,0,0,0,0
3239,-0.015833333333333335,-0.0058333333333333327,0,0,0,0
3240,-0.014999999999999999,-0.0058333333333333327,0,0,0,0
3241,-0.014166666666666668,-0.0058333333333333327,0,1.8784166196377846e-05,3.4288020685573269e-06,-1.8487609326239676e-05
3242,-0.013333333333333332,-0.0058333333333333327,0,3.3729755181246362e-05,8.0443607400420178e-06,-5.5485715393063665e-05
3243,-0.012500000000000001,-0.0058333333333333327,0,4.3148131861643696e-05,1.3015992701469976e-05,-0.00010952627770427065
3244,-0.011666666666666667,-0.0058333333333333327,0,5.0260793817998988e-05,1.8477528079886229e-05,-0.00017613936562946276
3245,-0.010833333333333334,-0.0058333333333333327,0,5.5702260116981973e-05,2.4065487154311381e-05,-0.00025393745778285977
3246,-0.01,-0.0058333333333333327,0,5.9857828010585802e-05,2.9732444053373813e-05,-0.00034218819249021989
3247,-0.0091666666666666667,-0.0058333333333333327,0,6.2904815144307298e-05,3.5534195207956532e-05,-0.00044055884647905023
3248,-0.0083333333333333332,-0.0058333333333333327,0,6.4883064504161515e-05,4.1436678155313712e-05,-0.00054897754790081995
3249,-0.0074999999999999997,-0.0058333333333333327,0,6.5765311242305059e-05,4.7333961074341525e-05,-0.00066746194821160033
3250,-0.0066666666666666662,-0.0058333333333333327,0,6.5467674445858091e-05,5.2988827692768431e-05,-0.00079574293881906806
3251,-0.0058333333333333327,-0.0058333333333333327,0,6.3989607048798273e-05,5.8044724175986635e-05,-0.00093306272918539329
3252,-0.0049999999999999992,-0.0058333333333333327,0,6.098322565649867e-05,6.2119881458713995e-05,-0.0010770157837233622
3253,-0.0041666666666666657,-0.0058333333333333327,0,5.561400238408597e-05,6.4429869814838987e-05,-0.0012224572793075306
3254,-0.003333333333333334,-0.0058333333333333327,0,4.8107391728332239e-05,6.4257195783535385e-05,-0.001360801528067262
3255,-0.0024999999999999988,-0.0058333333333333327,0,4.0929482669533642e-05,6.2066846178766174e-05,-0.0014828439116003689
3256,-0.001666666666666667,-0.0058333333333333327,0,3.448087624031488e-05,5.9204164884513315e-05,-0.0015784693868548519
3257,-0.00083333333333333176,-0.0058333333333333327,0,2.9062710439394123e-05,5.8179394446081314e-05,-0.0016381630630110833
3258,0,-0.0058333333333333327,0,2.3789902427654764e-05,6.0364465618387007e-05,-0.0016584972613123549
3259,0.00083333333333333523,-0.0058333333333333327,0,1.5770364674619583e-05,6.4234074018060597e-05,-0.0016394716682841207
3260,0.001666666666666667,-0.0058333333333333327,0,3.8242195155769187e-06,7.0050285007904316e-05,-0.0015819899098392797
3261,0.0025000000000000022,-0.0058333333333333327,0,-1.1066934450354948e-05,7.4255232530461587e-05,-0.0014904466837102593
3262,0.003333333333333334,-0.0058333333333333327,0,-2.5983555064777895e-05,7.6179764157588379e-05,-0.0013731343774327615
3263,0.0041666666666666692,-0.0058333333333333327,0,-4.030493365815319e-05,7.5323685739653765e-05,-0.0012381069292915941
3264,0.005000000000000001,-0.0058333333333333327,0,-5.0807955986181564e-05,7.1491693126658713e-05,-0.0010955719244270042
3265,0.0058333333333333362,-0.0058333333333333327,0,-5.8072857550129868e-05,6.5771216287050381e-05,-0.00095296594422834174
3266,0.006666666666666668,-0.0058333333333333327,0,-6.2364814927741731e-05,5.8956548522401995e-05,-0.00081537491814986517
3267,0.0074999999999999997,-0.0058333333333333327,0,-6.4622745253816889e-05,5.1926421670920129e-05,-0.00068608317233952696
3268,0.008333333333333335,-0.0058333333333333327,0,-6.5104927795487849e-05,4.4843145455560002e-05,-0.0005660142752180815
3269,0.0091666666666666667,-0.0058333333333333327,0,-6.4128647976769755e-05,3.7963457172887189e-05,-0.00045553494392356117
3270,0.010000000000000002,-0.0058333333333333327,0,-6.1787686742176441e-05,3.1337880860454485e-05,-0.00035473765195139081
3271,0.010833333333333334,-0.0058333333333333327,0,-5.8085725011197864e-05,2.5013642434201485e-05,-0.00026382470947860142
3272,0.011666666666666669,-0.0058333333333333327,0,-5.2828500004977204e-05,1.8947191057622875e-05,-0.00018325917815411897
3273,0.012500000000000001,-0.0058333333333333327,0,-4.556386058833599e-05,1.3115605614307169e-05,-0.00011400846219105126
3274,0.013333333333333332,-0.0058333333333333327,0,-3.564456395839945e-05,7.8504807863887924e-06,-5.7697088569558765e-05
3275,0.014166666666666671,-0.0058333333333333327,0,-1.9511488086023482e-05,3.1617421119194108e-06,-1.9377542840505915e-05
3276,0.015000000000000003,-0.0058333333333333327,0,0,0,0
3277,0.015833333333333335,-0.0058333333333333327,0,0,0,0
3278,0.016666666666666666,-0.0058333333333333327,0,0,0,0
3279,0.017500000000000005,-0.0058333333333333327,0,0,0,0
3280,0.018333333333333337,-0.0058333333333333327,0,0,0,0
3281,0.019166666666666669,-0.0058333333333333327,0,0,0,0
3282,0.02,-0.0058333333333333327,0,0,0,0
3283,-0.02,-0.0049999999999999992,0,0,0,0
3284,-0.019166666666666669,-0.0049999999999999992,0,0,0,0
3285,-0.018333333333333333,-0.0049999999999999992,0,0,0,0
3286,-0.017500000000000002,-0.0049999999999999992,0,0,0,0
3287,-0.016666666666666666,-0.0049999999999999992,0,0,0,0
3288,-0.015833333333333335,-0.0049999999999999992,0,0,0,0
3289,-0.014999999999999999,-0.0049999999999999992,0,0,0,0
3290,-0.014166666666666668,-0.0049999999999999992,0,2.1557115977891018e-05,3.3333600767656913e-06,-2.1334227309978202e-05
3291,-0.013333333333333332,-0.0049999999999999992,0,3.8214581788705479e-05,7.743858351515555e-06,-6.352478950874676e-05
3292,-0.012500000000000001,-0.0049999999999999992,0,4.8265436864781315e-05,1.2371092181886231e-05,-0.00012455943627507769
3293,-0.011666666666666667,-0.0049999999999999992,0,5.5764657041965103e-05,1.7414782269350313e-05,-0.00019935030093531662
3294,-0.010833333333333334,-0.0049999999999999992,0,6.1487927550786561e-05,2.2545715651322862e-05,-0.00028657121090558749
3295,-0.01,-0.0049999999999999992,0,6.5856953841472143e-05,2.773179929204571e-05,-0.00038575720373515947
3296,-0.0091666666666666667,-0.0049999999999999992,0,6.9059802871262411e-05,3.3002789644705689e-05,-0.00049700243250049795
3297,-0.0083333333333333332,-0.0049999999999999992,0,7.1144076373086859e-05,3.8301359966723101e-05,-0.00062086922356959819
3298,-0.0074999999999999997,-0.0049999999999999992,0,7.203155057097339e-05,4.3461944778065436e-05,-0.00075809837929699661
3299,-0.0066666666666666662,-0.0049999999999999992,0,7.1652349974688591e-05,4.8087943041888539e-05,-0.00090928682824715319
3300,-0.0058333333333333327,-0.0049999999999999992,0,7.0016714893329513e-05,5.1548529376177282e-05,-0.0010746549163819252
3301,-0.0049999999999999992,-0.0049999999999999992,0,6.6137777773648594e-05,5.311682527962289e-05,-0.0012514984447790718
3302,-0.0041666666666666657,-0.0049999999999999992,0,5.8383190511070664e-05,5.0262350983196324e-05,-0.001433653039623374
3303,-0.003333333333333334,-0.0049999999999999992,0,4.8913400593770054e-05,4.1903317212418674e-05,-0.0016093475641285348
3304,-0.0024999999999999988,-0.0049999999999999992,0,4.3024475949243681e-05,2.9845650208111382e-05,-0.0017665363018774857
3305,-0.001666666666666667,-0.0049999999999999992,0,4.1148756238489886e-05,1.4965944150729021e-05,-0.0018968083820985098
3306,-0.00083333333333333176,-0.0049999999999999992,0,4.3214290742509004e-05,6.8446488402321597e-06,-0.0019825757940131203
3307,0,-0.0049999999999999992,0,4.5293806843407653e-05,9.5128281259836857e-06,-0.0020111371258636985
3308,0.00083333333333333523,-0.0049999999999999992,0,4.1529089769664306e-05,2.046467364357582e-05,-0.0019850160774098017
3309,0.001666666666666667,-0.0049999999999999992,0,2.9608299660715101e-05,3.744866124730314e-05,-0.0019040244951368634
3310,0.0025000000000000022,-0.0049999999999999992,0,1.0441044294117242e-05,5.2987142473973238e-05,-0.0017810728845023759
3311,0.003333333333333334,-0.0049999999999999992,0,-1.268971522903391e-05,6.3162886757571902e-05,-0.0016263787044296532
3312,0.0041666666666666692,-0.0049999999999999992,0,-3.4264554338416427e-05,6.7435724281768222e-05,-0.0014551991534232397
3313,0.005000000000000001,-0.0049999999999999992,0,-5.1594184689272367e-05,6.7259725471939657e-05,-0.0012755230574802809
3314,0.0058333333333333362,-0.0049999999999999992,0,-6.1945254892687446e-05,6.2355501246449886e-05,-0.0010998996972913049
3315,0.006666666666666668,-0.0049999999999999992,0,-6.7779410553154085e-05,5.6124659568605712e-05,-0.00093372251083104966
3316,0.0074999999999999997,-0.0049999999999999992,0,-7.0685961579977757e-05,4.9170064277169333e-05,-0.00078054107821283621
3317,0.008333333333333335,-0.0049999999999999992,0,-7.1443547136663016e-05,4.2345302900492844e-05,-0.00064097926543679544
3318,0.0091666666666666667,-0.0049999999999999992,0,-7.0458965802106159e-05,3.569888618280394e-05,-0.00051441013118303782
3319,0.010000000000000002,-0.0049999999999999992,0,-6.8004264340719881e-05,2.9420283322135104e-05,-0.00040018959693729404
3320,0.010833333333333334,-0.0049999999999999992,0,-6.4114096143812234e-05,2.3466499021301303e-05,-0.00029785558194111365
3321,0.011666666666666669,-0.0049999999999999992,0,-5.8604886874260151e-05,1.7792572867513702e-05,-0.00020743794620876549
3322,0.012500000000000001,-0.0049999999999999992,0,-5.0969291115823375e-05,1.234527353937311e-05,-0.00012962578681676763
3323,0.013333333333333332,-0.0049999999999999992,0,-4.039537311994905e-05,7.4436603722669359e-06,-6.6009539540881954e-05
3324,0.014166666666666671,-0.0049999999999999992,0,-2.2366270900118573e-05,2.9933891687906808e-06,-2.2341558813668517e-05
3325,0.015000000000000003,-0.0049999999999999992,0,0,0,0
3326,0.015833333333333335,-0.0049999999999999992,0,0,0,0
3327,0.016666666666666666,-0.0049999999999999992,0,0,0,0
3328,0.017500000000000005,-0.0049999999999999992,0,0,0,0
3329,0.018333333333333337,-0.0049999999999999992,0,0,0,0
3330,0.019166666666666669,-0.0049999999999999992,0,0,0,0
3331,0.02,-0.0049999999999999992,0,0,0,0
3332,-0.02,-0.0041666666666666657,0,0,0,0
3333,-0.019166666666666669,-0.0041666666666666657,0,0,0,0
3334,-0.018333333333333333,-0.0041666666666666657,0,0,0,0
3335,-0.017500000000000002,-0.0041666666666666657,0,0,0,0
3336,-0.016666666666666666,-0.0041666666666666657,0,0,0,0
3337,-0.015833333333333335,-0.0041666666666666657,0,0,0,0
3338,-0.014999999999999999,-0.0041666666666666657,0,0,0,0
3339,-0.014166666666666668,-0.0041666666666666657,0,2.4167471230669277e-05,3.1152861773379524e-06,-2.4042586554925894e-05
3340,-0.013333333333333332,-0.0041666666666666657,0,4.240649338495175e-05,7.1673204102315425e-06,-7.1080955413269783e-05
3341,-0.012500000000000001,-0.0041666666666666657,0,5.3002362300852098e-05,1.1308568857119415e-05,-0.00013863726241805077
3342,-0.011666666666666667,-0.0041666666666666657,0,6.0829310771746563e-05,1.5790398678655156e-05,-0.00022105735077805738
3343,-0.010833333333333334,-0.0041666666666666657,0,6.6788193607772228e-05,2.0320106537042079e-05,-0.00031714237559272106
3344,-0.01,-0.0041666666666666657,0,7.1340127537403481e-05,2.4873689826098188e-05,-0.00042675019631080891
3345,-0.0091666666666666667,-0.0041666666666666657,0,7.4661338337735929e-05,2.9426357792579177e-05,-0.00055052605681028138
3346,-0.0083333333333333332,-0.0041666666666666657,0,7.676578372798846e-05,3.3870200888773213e-05,-0.0006898092003160219
3347,-0.0074999999999999997,-0.0041666666666666657,0,7.7522351326926787e-05,3.7936599816493306e-05,-0.00084626928048233492
3348,-0.0066666666666666662,-0.0041666666666666657,0,7.6794879952795698e-05,4.0955483096995597e-05,-0.0010217246950831717
3349,-0.0058333333333333327,-0.0041666666666666657,0,7.4143580086490546e-05,4.1720263277690394e-05,-0.0012174906955174181
3350,-0.0049999999999999992,-0.0041666666666666657,0,6.7919803787898922e-05,3.7943950232857893e-05,-0.0014303948658274408
3351,-0.0041666666666666657,-0.0041666666666666657,0,5.6209802993783334e-05,2.476570992246173e-05,-0.0016544326049142632
3352,-0.003333333333333334,-0.0041666666666666657,0,4.37065929399999e-05,4.8912915626401614e-07,-0.0018771502782771795
3353,-0.0024999999999999988,-0.0041666666666666657,0,3.7730013043865263e-05,-3.2348421229623294e-05,-0.0020891856333635265
3354,-0.001666666666666667,-0.0041666666666666657,0,4.408421685900539e-05,-5.540179399083454e-05,-0.002246179703356329
3355,-0.00083333333333333176,-0.0041666666666666657,0,5.9373323232792381e-05,-6.1861559551945627e-05,-0.0023464392857028915
3356,0,-0.0041666666666666657,0,7.4532966912488807e-05,-4.8280281700824524e-05,-0.0023737267895005136
3357,0.00083333333333333523,-0.0041666666666666657,0,7.8521242286807482e-05,-2.8992580297985967e-05,-0.0023448937117766105
3358,0.001666666666666667,-0.0041666666666666657,0,6.8702542031325958e-05,-3.0282734681394172e-06,-0.0022456871263031087
3359,0.0025000000000000022,-0.0041666666666666657,0,4.6952172897935119e-05,2.222235038770499e-05,-0.002090095955356734
3360,0.003333333333333334,-0.0041666666666666657,0,1.9022815927487228e-05,4.0427644938493132e-05,-0.0019067080413021117
3361,0.0041666666666666692,-0.0041666666666666657,0,-1.9618037051719969e-05,5.5692670232196729e-05,-0.0016805476240947894
3362,0.005000000000000001,-0.0041666666666666657,0,-4.6954444929733252e-05,5.8187576722694995e-05,-0.0014611050606377779
3363,0.0058333333333333362,-0.0041666666666666657,0,-6.3725697350198261e-05,5.6496341386084321e-05,-0.0012477707000861334
3364,0.006666666666666668,-0.0041666666666666657,0,-7.2075019392375228e-05,5.1227964736397183e-05,-0.0010505212792208801
3365,0.0074999999999999997,-0.0041666666666666657,0,-7.6046907383166132e-05,4.4974787244667974e-05,-0.00087209789675287178
3366,0.008333333333333335,-0.0041666666666666657,0,-7.7221883951985446e-05,3.8509606600517924e-05,-0.00071250153746044316
3367,0.0091666666666666667,-0.0041666666666666657,0,-7.6279653326350721e-05,3.2347975898974655e-05,-0.00056989052758917014
3368,0.010000000000000002,-0.0041666666666666657,0,-7.3696182218617982e-05,2.6535440617427509e-05,-0.00044264375650751066
3369,0.010833333333333334,-0.0041666666666666657,0,-6.9615272385502151e-05,2.111720978165006e-05,-0.00032948097180502685
3370,0.011666666666666669,-0.0041666666666666657,0,-6.3874430849289777e-05,1.5998077072333624e-05,-0.00022986529750311285
3371,0.012500000000000001,-0.0041666666666666657,0,-5.5928536490467777e-05,1.1102696073818751e-05,-0.00014413071980977696
3372,0.013333333333333332,-0.0041666666666666657,0,-4.4788903830502051e-05,6.7100670799361375e-06,-7.375829387227506e-05
3373,0.014166666666666671,-0.0041666666666666657,0,-2.5024761872061505e-05,2.6879354546544742e-06,-2.5125245334832074e-05
3374,0.015000000000000003,-0.0041666666666666657,0,0,0,0
3375,0.015833333333333335,-0.0041666666666666657,0,0,0,0
3376,0.016666666666666666,-0.0041666666666666657,0,0,0,0
3377,0.017500000000000005,-0.0041666666666666657,0,0,0,0
3378,0.018333333333333337,-0.0041666666666666657,0,0,0,0
3379,0.019166666666666669,-0.0041666666666666657,0,0,0,0
3380,0.02,-0.0041666666666666657,0,0,0,0
3381,-0.02,-0.003333333333333334,0,0,0,0
3382,-0.019166666666666669,-0.003333333333333334,0,0,0,0
3383,-0.018333333333333333,-0.003333333333333334,0,0,0,0
3384,-0.017500000000000002,-0.003333333333333334,0,0,0,0
3385,-0.016666666666666666,-0.003333333333333334,0,0,0,0
3386,-0.015833333333333335,-0.003333333333333334,0,0,0,0
3387,-0.014999999999999999,-0.003333333333333334,0,0,0,0
3388,-0.014166666666666668,-0.003333333333333334,0,2.65062697511346e-05,2.7777969507625385e-06,-2.6493933350424704e-05
3389,-0.013333333333333332,-0.003333333333333334,0,4.614668374682486e-05,6.3220149688000326e-06,-7.7869918022730706e-05
3390,-0.012500000000000001,-0.003333333333333334,0,5.7213877255722948e-05,9.8370666683291934e-06,-0.00015123992456298494
3391,-0.011666666666666667,-0.003333333333333334,0,6.529694824125687e-05,1.3620832802311313e-05,-0.00024047869023529939
3392,-0.010833333333333334,-0.003333333333333334,0,7.1432404499663206e-05,1.7404278501581072e-05,-0.00034454012571118094
3393,-0.01,-0.003333333333333334,0,7.6128353761851126e-05,2.1163197383842276e-05,-0.00046365014167157814
3394,-0.0091666666666666667,-0.003333333333333334,0,7.9509374231260144e-05,2.4807552742441395e-05,-0.0005990746514918996
3395,-0.0083333333333333332,-0.003333333333333334,0,8.1504947154344617e-05,2.8167215597655332e-05,-0.00075297523698515656
3396,-0.0074999999999999997,-0.003333333333333334,0,8.190101233519542e-05,3.0781128075423194e-05,-0.00092804562393907712
3397,-0.0066666666666666662,-0.003333333333333334,0,8.0319964096508628e-05,3.1615371130164593e-05,-0.0011275543876842031
3398,-0.0058333333333333327,-0.003333333333333334,0,7.5784640714678448e-05,2.8640068664245097e-05,-0.0013536726774073158
3399,-0.0049999999999999992,-0.003333333333333334,0,6.5089916580263497e-05,1.6868966342292395e-05,-0.0016046215649631131
3400,-0.0041666666666666657,-0.003333333333333334,0,4.6486021104947849e-05,-1.0612411519934063e-05,-0.0018740486757322509
3401,-0.003333333333333334,-0.003333333333333334,0,2.6215448323996382e-05,-5.2829240166602431e-05,-0.0021516530406854371
3402,-0.0024999999999999988,-0.003333333333333334,0,2.4916770844648115e-05,-9.2758142833613977e-05,-0.0023830398092908457
3403,-0.001666666666666667,-0.003333333333333334,0,4.3622837168577568e-05,-0.00011107190856801011,-0.0025566276090740543
3404,-0.00083333333333333176,-0.003333333333333334,0,7.3320634213515631e-05,-0.00011829938475100584,-0.0026907854592110683
3405,0,-0.003333333333333334,0,0.00010669384472348485,-8.6919051809571091e-05,-0.002722506520093588
3406,0.00083333333333333523,-0.003333333333333334,0,0.00012537212040020584,-5.7727695036229835e-05,-0.00269357799343707
3407,0.001666666666666667,-0.003333333333333334,0,0.00011868209073233042,-2.1062276774063005e-05,-0.0025722605472213718
3408,0.0025000000000000022,-0.003333333333333334,0,8.6798034268593271e-05,6.8655733394369791e-06,-0.0023859506184708604
3409,0.003333333333333334,-0.003333333333333334,0,4.7649483959372825e-05,2.9869917996188754e-05,-0.0021558522520181717
3410,0.0041666666666666692,-0.003333333333333334,0,9.9580208848039572e-06,4.1466693807086468e-05,-0.0019180034669985817
3411,0.005000000000000001,-0.003333333333333334,0,-3.6433315732448881e-05,5.0372820009551484e-05,-0.0016392598499073605
3412,0.0058333333333333362,-0.003333333333333334,0,-6.3154403017750288e-05,4.9002871914893438e-05,-0.0013884335113726928
3413,0.006666666666666668,-0.003333333333333334,0,-7.5096362898658783e-05,4.4866894621687373e-05,-0.0011595826449946618
3414,0.0074999999999999997,-0.003333333333333334,0,-8.0506263876950826e-05,3.9167480673085671e-05,-0.00095621092248355426
3415,0.008333333333333335,-0.003333333333333334,0,-8.2211441778000036e-05,3.3403548995596195e-05,-0.00077734458115104061
3416,0.0091666666666666667,-0.003333333333333334,0,-8.1375565472206941e-05,2.7852159681440617e-05,-0.00061962838168504956
3417,0.010000000000000002,-0.003333333333333334,0,-7.867432800671585e-05,2.2722753468551162e-05,-0.00048038189747611604
3418,0.010833333333333334,-0.003333333333333334,0,-7.4408287453934648e-05,1.7985413010934617e-05,-0.00035743844116409475
3419,0.011666666666666669,-0.003333333333333334,0,-6.8455560964332109e-05,1.3580543512085924e-05,-0.00024964118272694424
3420,0.012500000000000001,-0.003333333333333334,0,-6.0260190536853767e-05,9.4046772273611871e-06,-0.00015692572537408836
3421,0.013333333333333332,-0.003333333333333334,0,-4.8649033985187699e-05,5.6616112822360276e-06,-8.0609223577968829e-05
3422,0.014166666666666671,-0.003333333333333334,0,-2.7366446471464243e-05,2.2485601676149146e-06,-2.7594010147443592e-05
3423,0.015000000000000003,-0.003333333333333334,0,0,0,0
3424,0.015833333333333335,-0.003333333333333334,0,0,0,0
3425,0.016666666666666666,-0.003333333333333334,0,0,0,0
3426,0.017500000000000005,-0.003333333333333334,0,0,0,0
3427,0.018333333333333337,-0.003333333333333334,0,0,0,0
3428,0.019166666666666669,-0.003333333333333334,0,0,0,0
3429,0.02,-0.003333333333333334,0,0,0,0
3430,-0.02,-0.0024999999999999988,0,0,0,0
3431,-0.019166666666666669,-0.0024999999999999988,0,0,0,0
3432,-0.018333333333333333,-0.0024999999999999988,0,0,0,0
3433,-0.017500000000000002,-0.0024999999999999988,0,0,0,0
3434,-0.016666666666666666,-0.0024999999999999988,0,0,0,0
3435,-0.015833333333333335,-0.0024999999999999988,0,0,0,0
3436,-0.014999999999999999,-0.0024999999999999988,0,0,0,0
3437,-0.014166666666666668,-0.0024999999999999988,0,2.8476032354486142e-05,2.3245024137042762e-06,-2.8575801080321713e-05
3438,-0.013333333333333332,-0.0024999999999999988,0,4.9287732463932359e-05,5.2176923160721457e-06,-8.361437858238204e-05
3439,-0.012500000000000001,-0.0024999999999999988,0,6.0735547046281314e-05,7.9847784138873421e-06,-0.00016186057052857092
3440,-0.011666666666666667,-0.0024999999999999988,0,6.9009223590916685e-05,1.0940037841090789e-05,-0.00025682862846560704
3441,-0.010833333333333334,-0.0024999999999999988,0,7.527165225355823e-05,1.3849854010412097e-05,-0.00036763773540108137
3442,-0.01,-0.0024999999999999988,0,8.0073095515030202e-05,1.6653345661717736e-05,-0.00049488138397434231
3443,-0.0091666666666666667,-0.0024999999999999988,0,8.343466794700626e-05,1.9237167083954832e-05,-0.00064044437448239225
3444,-0.0083333333333333332,-0.0024999999999999988,0,8.5191961880113203e-05,2.1348784180800894e-05,-0.00080725678347853185
3445,-0.0074999999999999997,-0.0024999999999999988,0,8.4912464738522787e-05,2.2305419638980686e-05,-0.00099903144596131914
3446,-0.0066666666666666662,-0.0024999999999999988,0,8.1948556635903815e-05,2.0558587457484651e-05,-0.0012204791320528272
3447,-0.0058333333333333327,-0.0024999999999999988,0,7.4435207884983494e-05,1.3166818240669531e-05,-0.0014747885022484185
3448,-0.0049999999999999992,-0.0024999999999999988,0,5.7427591652079242e-05,-6.9767730040180246e-06,-0.0017622191296891275
3449,-0.0041666666666666657,-0.0024999999999999988,0,2.0043406983715586e-05,-4.9326542725863737e-05,-0.0020889440833088699
3450,-0.003333333333333334,-0.0024999999999999988,0,3.854819849108733e-06,-9.488784799683138e-05,-0.0023779960774181247
3451,-0.0024999999999999988,-0.0024999999999999988,0,9.1826159245264993e-06,-0.00013674976476796096,-0.0026350404809375866
3452,-0.001666666666666667,-0.0024999999999999988,0,3.5813505510546994e-05,-0.00015290712157905558,-0.0028304876359657311
3453,-0.00083333333333333176,-0.0024999999999999988,0,7.8186384897244854e-05,-0.00013411120603454329,-0.0029336791135380221
3454,0,-0.0024999999999999988,0,0.00011739695941854572,-9.046009313751983e-05,-0.0029500182293112154
3455,0.00083333333333333523,-0.0024999999999999988,0,0.00014434815241259045,-4.9180111429759463e-05,-0.0029347826435988482
3456,0.001666666666666667,-0.0024999999999999988,0,0.00015462557941110181,-1.432998250709154e-05,-0.0028426248088448689
3457,0.0025000000000000022,-0.0024999999999999988,0,0.00013126453047330501,1.345922357833548e-05,-0.0026523132942867099
3458,0.003333333333333334,-0.0024999999999999988,0,8.3296076236480043e-05,3.0465956969367973e-05,-0.0023882294705746196
3459,0.0041666666666666692,-0.0024999999999999988,0,3.4927336654235047e-05,3.8655897258079096e-05,-0.0021143707455437677
3460,0.005000000000000001,-0.0024999999999999988,0,-1.9384009462158209e-05,4.4396239974262582e-05,-0.0018064871007268486
3461,0.0058333333333333362,-0.0024999999999999988,0,-6.0032790554575142e-05,4.2395597569779402e-05,-0.0015116563563836172
3462,0.006666666666666668,-0.0024999999999999988,0,-7.6610316913267371e-05,3.7363115031530967e-05,-0.001253819791561334
3463,0.0074999999999999997,-0.0024999999999999988,0,-8.3745042512409343e-05,3.2194227572275203e-05,-0.0010280009904454904
3464,0.008333333333333335,-0.0024999999999999988,0,-8.6191568241162432e-05,2.7052194319297626e-05,-0.00083204118441494929
3465,0.0091666666666666667,-0.0024999999999999988,0,-8.5520652039994895e-05,2.2338352166824177e-05,-0.00066118129892850364
3466,0.010000000000000002,-0.0024999999999999988,0,-8.2754638857944764e-05,1.8036288859412987e-05,-0.00051166123332326116
3467,0.010833333333333334,-0.0024999999999999988,0,-7.8321061520937268e-05,1.4166189555072547e-05,-0.00038049054100023358
3468,0.011666666666666669,-0.0024999999999999988,0,-7.2185706149947531e-05,1.060235591107305e-05,-0.00026590166677214642
3469,0.012500000000000001,-0.0024999999999999988,0,-6.3786758257563768e-05,7.291772226947043e-06,-0.00016743861975985995
3470,0.013333333333333332,-0.0024999999999999988,0,-5.1808987100413468e-05,4.335383628710661e-06,-8.6255615059248249e-05
3471,0.014166666666666671,-0.0024999999999999988,0,-2.9284007712603992e-05,1.6871951587504974e-06,-2.9627956785746286e-05
3472,0.015000000000000003,-0.0024999999999999988,0,0,0,0
3473,0.015833333333333335,-0.0024999999999999988,0,0,0,0
3474,0.016666666666666666,-0.0024999999999999988,0,0,0,0
3475,0.017500000000000005,-0.0024999999999999988,0,0,0,0
3476,0.018333333333333337,-0.0024999999999999988,0,0,0,0
3477,0.019166666666666669,-0.0024999999999999988,0,0,0,0
3478,0.02,-0.0024999999999999988,0,0,0,0
3479,-0.02,-0.001666666666666667,0,0,0,0
3480,-0.019166666666666669,-0.001666666666666667,0,0,0,0
3481,-0.018333333333333333,-0.001666666666666667,0,0,0,0
3482,-0.017500000000000002,-0.001666666666666667,0,0,0,0
3483,-0.016666666666666666,-0.001666666666666667,0,0,0,0
3484,-0.015833333333333335,-0.001666666666666667,0,0,0,0
3485,-0.014999999999999999,-0.001666666666666667,0,0,0,0
3486,-0.014166666666666668,-0.001666666666666667,0,3.0001179387671387e-05,1.7600587546214348e-06,-3.0195770368399075e-05
3487,-0.013333333333333332,-0.001666666666666667,0,5.1709303012375576e-05,3.8893454697070216e-06,-8.8050007982731513e-05
3488,-0.012500000000000001,-0.001666666666666667,0,6.3413325831995415e-05,5.7977529776810109e-06,-0.00017003180546851655
3489,-0.011666666666666667,-0.001666666666666667,0,7.1841095591420825e-05,7.817159524265818e-06,-0.00026937462157971566
3490,-0.010833333333333334,-0.001666666666666667,0,7.8187443988381679e-05,9.7303602266261297e-06,-0.00038536631588860536
3491,-0.01,-0.001666666666666667,0,8.3030496409915801e-05,1.1456840092700104e-05,-0.00051892026056450755
3492,-0.0091666666666666667,-0.001666666666666667,0,8.6326972860149197e-05,1.2875781311889914e-05,-0.00067247208946627436
3493,-0.0083333333333333332,-0.001666666666666667,0,8.7771346623039784e-05,1.3691408891357478e-05,-0.00084958960959737625
3494,-0.0074999999999999997,-0.001666666666666667,0,8.6648520433547333e-05,1.3087727202193435e-05,-0.0010548477029080443
3495,-0.0066666666666666662,-0.001666666666666667,0,8.1597173006954748e-05,9.078448994303939e-06,-0.0012939368681130145
3496,-0.0058333333333333327,-0.001666666666666667,0,6.9807470707444787e-05,-1.9544389440173003e-06,-0.0015713614881910734
3497,-0.0049999999999999992,-0.001666666666666667,0,4.2750546944643604e-05,-2.84734209519116e-05,-0.0018905979324229944
3498,-0.0041666666666666657,-0.001666666666666667,0,-3.8908264972150455e-06,-7.226046754961723e-05,-0.0022430005988896772
3499,-0.003333333333333334,-0.001666666666666667,0,-2.7282149965857136e-05,-0.00012203113286893596,-0.0025629019077105962
3500,-0.0024999999999999988,-0.001666666666666667,0,-1.9467490970710094e-05,-0.00015832135639867449,-0.0028325497544818192
3501,-0.001666666666666667,-0.001666666666666667,0,1.5657022269666681e-05,-0.00015311074343513569,-0.0029781381289693083
3502,-0.00083333333333333176,-0.001666666666666667,0,6.032882357144161e-05,-0.00011324489237059144,-0.0030227139272368847
3503,0,-0.001666666666666667,0,9.8002889372043257e-05,-6.0262891937235794e-05,-0.0030021997716551344
3504,0.00083333333333333523,-0.001666666666666667,0,0.00013000884640088019,-1.3521696795618485e-05,-0.0030250951329269912
3505,0.001666666666666667,-0.001666666666666667,0,0.00015062198618272772,2.3977659435337039e-05,-0.0029911477693151767
3506,0.0025000000000000022,-0.001666666666666667,0,0.00014928700598551087,4.0866983166879335e-05,-0.0028567345276158131
3507,0.003333333333333334,-0.001666666666666667,0,0.00010717029844595934,4.9213355977974702e-05,-0.0025813090494924548
3508,0.0041666666666666692,-0.001666666666666667,0,4.74656894323103e-05,4.7305808393699144e-05,-0.0022502232500814902
3509,0.005000000000000001,-0.001666666666666667,0,-3.8857508763352703e-06,4.4577997836277781e-05,-0.0019380599428324458
3510,0.0058333333333333362,-0.001666666666666667,0,-5.7177359435307837e-05,3.6728046560734385e-05,-0.001607044291804701
3511,0.006666666666666668,-0.001666666666666667,0,-7.7060163236065504e-05,2.9618215674561615e-05,-0.0013255772029015479
3512,0.0074999999999999997,-0.001666666666666667,0,-8.5983509701833481e-05,2.4242324400384877e-05,-0.0010823562182745185
3513,0.008333333333333335,-0.001666666666666667,0,-8.9019669453272124e-05,1.9776270389986322e-05,-0.00087319616662895816
3514,0.0091666666666666667,-0.001666666666666667,0,-8.8558230921137086e-05,1.5949321668706363e-05,-0.00069225447106744677
3515,0.010000000000000002,-0.001666666666666667,0,-8.574827798601262e-05,1.265354979669544e-05,-0.00053490886189683532
3516,0.010833333333333334,-0.001666666666666667,0,-8.1196258698328804e-05,9.7779738345902498e-06,-0.00039755271883062335
3517,0.011666666666666669,-0.001666666666666667,0,-7.4921209884423707e-05,7.1917625704489138e-06,-0.00027789758370494943
3518,0.012500000000000001,-0.001666666666666667,0,-6.636428978753074e-05,4.8407578378701287e-06,-0.00017518408601649218
3519,0.013333333333333332,-0.001666666666666667,0,-5.4137670178345179e-05,2.7965676746350849e-06,-9.0428491212677056e-05
3520,0.014166666666666671,-0.001666666666666667,0,-3.0695863487433652e-05,1.0335698810522794e-06,-3.1134128115549958e-05
3521,0.015000000000000003,-0.001666666666666667,0,0,0,0
3522,0.015833333333333335,-0.001666666666666667,0,0,0,0
3523,0.016666666666666666,-0.001666666666666667,0,0,0,0
3524,0.017500000000000005,-0.001666666666666667,0,0,0,0
3525,0.018333333333333337,-0.001666666666666667,0,0,0,0
3526,0.019166666666666669,-0.001666666666666667,0,0,0,0
3527,0.02,-0.001666666666666667,0,0,0,0
3528,-0.02,-0.00083333333333333176,0,0,0,0
3529,-0.019166666666666669,-0.00083333333333333176,0,0,0,0
3530,-0.018333333333333333,-0.00083333333333333176,0,0,0,0
3531,-0.017500000000000002,-0.00083333333333333176,0,0,0,0
3532,-0.016666666666666666,-0.00083333333333333176,0,0,0,0
3533,-0.015833333333333335,-0.00083333333333333176,0,0,0,0
3534,-0.014999999999999999,-0.00083333333333333176,0,0,0,0
3535,-0.014166666666666668,-0.00083333333333333176,0,3.1002820784588651e-05,1.1085854779459668e-06,-3.1269571499385171e-05
3536,-0.013333333333333332,-0.00083333333333333176,0,5.3300578603494375e-05,2.3818925523143429e-06,-9.0960486484797674e-05
3537,-0.012500000000000001,-0.00083333333333333176,0,6.5130255179995415e-05,3.3569824053317267e-06,-0.00017535316173929836
3538,-0.011666666666666667,-0.00083333333333333176,0,7.3665808388440301e-05,4.3464214038712245e-06,-0.00027749116315112807
3539,-0.010833333333333334,-0.00083333333333333176,0,8.0052480868472237e-05,5.1708140609365316e-06,-0.00039680725647379034
3540,-0.01,-0.00083333333333333176,0,8.4895652022500369e-05,5.7433556506304523e-06,-0.00053444663117508556
3541,-0.0091666666666666667,-0.00083333333333333176,0,8.810154536344016e-05,5.9278631492122915e-06,-0.00069321979190255061
3542,-0.0083333333333333332,-0.00083333333333333176,0,8.9234826757252916e-05,5.4334619247202246e-06,-0.00087717712704922957
3543,-0.0074999999999999997,-0.00083333333333333176,0,8.7247309549525024e-05,3.354937337595712e-06,-0.0010914749536621213
3544,-0.0066666666666666662,-0.00083333333333333176,0,8.0104109289389676e-05,-2.2030016121811772e-06,-0.0013425237646736497
3545,-0.0058333333333333327,-0.00083333333333333176,0,6.3487684092056586e-05,-1.536282205609566e-05,-0.0016357562816376311
3546,-0.0049999999999999992,-0.00083333333333333176,0,2.185128166176385e-05,-4.3111716073241746e-05,-0.0019812411245733398
3547,-0.0041666666666666657,-0.00083333333333333176,0,-2.7065794642794812e-05,-7.9685551469428425e-05,-0.002332032460143765
3548,-0.003333333333333334,-0.00083333333333333176,0,-5.8040303945095533e-05,-0.00012378914992476809,-0.0026776617761311385
3549,-0.0024999999999999988,-0.00083333333333333176,0,-5.1975343279593468e-05,-0.00014740339909442217,-0.0029334050638674782
3550,-0.001666666666666667,-0.00083333333333333176,0,-2.0141529164850517e-05,-0.00012709221221044082,-0.0030171861796664807
3551,-0.00083333333333333176,-0.00083333333333333176,0,2.1847283421617399e-05,-7.0734953535000895e-05,-0.002957001748140866
3552,0,-0.00083333333333333176,0,5.2512650462688603e-05,-1.9960746585727335e-05,-0.002925714912247013
3553,0.00083333333333333523,-0.00083333333333333176,0,8.7018569391478044e-05,2.8099289295544043e-05,-0.0029741928946996204
3554,0.001666666666666667,-0.00083333333333333176,0,0.00011558015522559178,7.0111674924162613e-05,-0.0030377100856969095
3555,0.0025000000000000022,-0.00083333333333333176,0,0.00012599490664693669,8.274921902250825e-05,-0.0029504435198246305
3556,0.003333333333333334,-0.00083333333333333176,0,0.00010644191124645359,7.8295667825682146e-05,-0.002698543717775228
3557,0.0041666666666666692,-0.00083333333333333176,0,5.4161042748758457e-05,5.9718305269941805e-05,-0.0023533679144839455
3558,0.005000000000000001,-0.00083333333333333176,0,3.9216240207384088e-06,4.8119641826166072e-05,-0.0020249789736361307
3559,0.0058333333333333362,-0.00083333333333333176,0,-5.6365826555364619e-05,3.1724112721111501e-05,-0.0016665206631562776
3560,0.006666666666666668,-0.00083333333333333176,0,-7.8031179038511757e-05,2.1626942890956467e-05,-0.0013699478046902125
3561,0.0074999999999999997,-0.00083333333333333176,0,-8.7504963551261492e-05,1.5755480304885671e-05,-0.0011156535846445048
3562,0.008333333333333335,-0.00083333333333333176,0,-9.0822025681813357e-05,1.1859551674047923e-05,-0.00089826785183058145
3563,0.0091666666666666667,-0.00083333333333333176,0,-9.0397990394240369e-05,8.9970106742830538e-06,-0.00071107683651491413
3564,0.010000000000000002,-0.00083333333333333176,0,-8.7552051766676576e-05,6.7797135762664399e-06,-0.00054892076273977384
3565,0.010833333333333334,-0.00083333333333333176,0,-8.2908826136451525e-05,5.0058833004007395e-06,-0.00040779393435944744
3566,0.011666666666666669,-0.00083333333333333176,0,-7.6543364582439693e-05,3.4941878005761587e-06,-0.0002850702658853618
3567,0.012500000000000001,-0.00083333333333333176,0,-6.7879709332344373e-05,2.1772857138005571e-06,-0.00017980740630785288
3568,0.013333333333333332,-0.00083333333333333176,0,-5.551949495794666e-05,1.1083528824216331e-06,-9.2922940202233657e-05
3569,0.014166666666666671,-0.00083333333333333176,0,-3.1544924258727409e-05,3.2444776789054886e-07,-3.2045273710483039e-05
3570,0.015000000000000003,-0.00083333333333333176,0,0,0,0
3571,0.015833333333333335,-0.00083333333333333176,0,0,0,0
3572,0.016666666666666666,-0.00083333333333333176,0,0,0,0
3573,0.017500000000000005,-0.00083333333333333176,0,0,0,0
3574,0.018333333333333337,-0.00083333333333333176,0,0,0,0
3575,0.019166666666666669,-0.00083333333333333176,0,0,0,0
3576,0.02,-0.00083333333333333176,0,0,0,0
3577,-0.02,0,0,0,0,0
3578,-0.019166666666666669,0,0,0,0,0
3579,-0.018333333333333333,0,0,0,0,0
3580,-0.017500000000000002,0,0,0,0,0
3581,-0.016666666666666666,0,0,0,0,0
3582,-0.015833333333333335,0,0,0,0,0
3583,-0.014999999999999999,0,0,0,0,0
3584,-0.014166666666666668,0,0,3.143004149846794e-05,3.9976651650447059e-07,-3.1732103821659163e-05
3585,-0.013333333333333332,0,0,5.3990433348493533e-05,7.472777018862434e-07,-9.2183385018889731e-05
3586,-0.012500000000000001,0,0,6.581786146237997e-05,7.6145599840991035e-07,-0.00017753583900700801
3587,-0.011666666666666667,0,0,7.4384903879600397e-05,6.6470886871623173e-07,-0.0002807377193563626
3588,-0.010833333333333334,0,0,8.0774200239902861e-05,3.531706688760413e-07,-0.00040130621796184132
3589,-0.01,0,0,8.5603545564175691e-05,-2.6277813927617208e-07,-0.00054049787788083045
3590,-0.0091666666666666667,0,0,8.8735168882045348e-05,-1.3264410636159692e-06,-0.00070126577282087724
3591,-0.0083333333333333332,0,0,8.9636922661707176e-05,-3.1024802686861034e-06,-0.00088787313318285869
3592,-0.0074999999999999997,0,0,8.7028897627987681e-05,-6.3239581221705588e-06,-0.0011057117702554463
3593,-0.0066666666666666662,0,0,7.8394239775998463e-05,-1.260249370889136e-05,-0.0013614867430973455
3594,-0.0058333333333333327,0,0,5.8192782019672645e-05,-2.5262383441593049e-05,-0.0016611730383294975
3595,-0.0049999999999999992,0,0,5.3624397104933035e-06,-4.8384105297814247e-05,-0.0020185085995654771
3596,-0.0041666666666666657,0,0,-5.047135345235572e-05,-7.5290161683753604e-05,-0.0023683813753797673
3597,-0.003333333333333334,0,0,-9.4835188073941846e-05,-0.00010838380348372822,-0.0027288972425887617
3598,-0.0024999999999999988,0,0,-9.5592629669119189e-05,-0.00011775733167625309,-0.0029589998409527323
3599,-0.001666666666666667,0,0,-6.5436450129794971e-05,-9.4013801652384512e-05,-0.0030099682806511937
3600,-0.00083333333333333176,0,0,-2.7123019895706845e-05,-3.6803095994948528e-05,-0.0029195430412142483
3601,0,0,0,7.3360811597941915e-06,1.4156369352752996e-05,-0.0029194364657035444
3602,0.00083333333333333523,0,0,4.1436985562115664e-05,6.2464906643086538e-05,-0.0029656111952919293
3603,0.001666666666666667,0,0,6.884444315702298e-05,0.00010593979300953788,-0.0030557765838377117
3604,0.0025000000000000022,0,0,8.8264188157254663e-05,0.00011787984095450139,-0.0029790816428984621
3605,0.003333333333333334,0,0,8.6576877266800496e-05,0.00010686333855816474,-0.0027506318126551887
3606,0.0041666666666666692,0,0,4.1125143981544098e-05,7.2831964504598619e-05,-0.0023836103201100478
3607,0.005000000000000001,0,0,-1.5408085420302179e-06,5.0834945202829249e-05,-0.0020481206016485978
3608,0.0058333333333333362,0,0,-5.8739787663299094e-05,2.6635924063836475e-05,-0.0016846897327742808
3609,0.006666666666666668,0,0,-7.9147727331191876e-05,1.3382538219102494e-05,-0.0013831273664828211
3610,0.0074999999999999997,0,0,-8.8359085769540422e-05,7.0000089667880892e-06,-0.0011256245844123115
3611,0.008333333333333335,0,0,-9.1493537678615972e-05,3.6229914468097245e-06,-0.00090573611653456474
3612,0.0091666666666666667,0,0,-9.1008182597827612e-05,1.7495403581051702e-06,-0.00071662887836312439
3613,0.010000000000000002,0,0,-8.8087165234591592e-05,6.7196795187327073e-07,-0.00055299202223439215
3614,0.010833333333333334,0,0,-8.3394352556131229e-05,4.5851969593356981e-08,-0.00041073052654132036
3615,0.011666666666666669,0,0,-7.6984249857588077e-05,-3.3129340212420261e-07,-0.00028710508988596787
3616,0.012500000000000001,0,0,-6.8277244438214756e-05,-5.5899829582438606e-07,-0.00018111605026629985
3617,0.013333333333333332,0,0,-5.5891847518933272e-05,-6.3948078900277558e-07,-9.3629450777229557e-05
3618,0.014166666666666671,0,0,-3.1793756757979386e-05,-4.056018014745438e-07,-3.2308068919683494e-05
3619,0.015000000000000003,0,0,0,0,0
3620,0.015833333333333335,0,0,0,0,0
3621,0.016666666666666666,0,0,0,0,0
3622,0.017500000000000005,0,0,0,0,0
3623,0.018333333333333337,0,0,0,0,0
3624,0.019166666666666669,0,0,0,0,0
3625,0.02,0,0,0,0,0
3626,-0.02,0.00083333333333333523,0,0,0,0
3627,-0.019166666666666669,0.00083333333333333523,0,0,0,0
3628,-0.018333333333333333,0.00083333333333333523,0,0,0,0
3629,-0.017500000000000002,0.00083333333333333523,0,0,0,0
3630,-0.016666666666666666,0.00083333333333333523,0,0,0,0
3631,-0.015833333333333335,0.00083333333333333523,0,0,0,0
3632,-0.014999999999999999,0.00083333333333333523,0,0,0,0
3633,-0.014166666666666668,0.00083333333333333523,0,3.1236023308435291e-05,-3.2926981072016592e-07,-3.1529100486923621e-05
3634,-0.013333333333333332,0.00083333333333333523,0,5.3713692532859081e-05,-9.4931044670696117e-07,-9.1630750320271452e-05
3635,-0.012500000000000001,0.00083333333333333523,0,6.5451046837814694e-05,-1.8859385260862703e-06,-0.00017643410371962929
3636,-0.011666666666666667,0.00083333333333333523,0,7.3952909315611184e-05,-3.059872241987455e-06,-0.00027890492619968413
3637,-0.010833333333333334,0.00083333333333333523,0,8.0300519794333159e-05,-4.4916292718404154e-06,-0.0003985652382790667
3638,-0.01,0.00083333333333333523,0,8.507230627307903e-05,-6.2819551480220581e-06,-0.00053662523471454673
3639,-0.0091666666666666667,0.00083333333333333523,0,8.8147662757814946e-05,-8.5667453394543797e-06,-0.00069594490261824609
3640,-0.0083333333333333332,0.00083333333333333523,0,8.8936775544452284e-05,-1.1543256919833062e-05,-0.00088066286037472637
3641,-0.0074999999999999997,0.00083333333333333523,0,8.6141071091355432e-05,-1.5679429063445241e-05,-0.0010959956175038486
3642,-0.0066666666666666662,0.00083333333333333523,0,7.6983452773690168e-05,-2.1868341538318262e-05,-0.001348308559468726
3643,-0.0058333333333333327,0.00083333333333333523,0,5.5610373431314738e-05,-3.2076468628186965e-05,-0.0016429937489295897
3644,-0.0049999999999999992,0.00083333333333333523,0,1.4241627556480735e-06,-4.6667214102199761e-05,-0.0019914118632542964
3645,-0.0041666666666666657,0.00083333333333333523,0,-5.9970328365708387e-05,-6.2907228836862924e-05,-0.0023367859875487521
3646,-0.003333333333333334,0.00083333333333333523,0,-0.00011228583652655687,-7.7646748082085273e-05,-0.0026768326695220217
3647,-0.0024999999999999988,0.00083333333333333523,0,-0.00013520069284428477,-7.9533965743563216e-05,-0.0029334803163373223
3648,-0.001666666666666667,0.00083333333333333523,0,-0.00011627580623722667,-5.7541119930081488e-05,-0.0030215178698313971
3649,-0.00083333333333333176,0.00083333333333333523,0,-7.7682384189484323e-05,-1.0927836408796426e-05,-0.0029690907654074559
3650,0,0.00083333333333333523,0,-4.0485842846557714e-05,4.3721916724913737e-05,-0.0029413187338729234
3651,0.00083333333333333523,0.00083333333333333523,0,-1.0672312318284381e-05,9.6029929727280215e-05,-0.0030075825823716209
3652,0.001666666666666667,0.00083333333333333523,0,2.1559510997531793e-05,0.00013445342803315927,-0.0030513778378275652
3653,0.0025000000000000022,0.00083333333333333523,0,4.6827144660858173e-05,0.00014446244665000459,-0.0029501656372549552
3654,0.003333333333333334,0.00083333333333333523,0,4.7896814683257362e-05,0.00012154479952842749,-0.0026948389660383281
3655,0.0041666666666666692,0.00083333333333333523,0,1.7148248167756269e-05,7.5732303922518391e-05,-0.0023414759637872505
3656,0.005000000000000001,0.00083333333333333523,0,-1.5352476734453246e-05,4.7380318192083031e-05,-0.0020155959849158236
3657,0.0058333333333333362,0.00083333333333333523,0,-6.3593376082586269e-05,1.8344262110574496e-05,-0.0016618197051424305
3658,0.006666666666666668,0.00083333333333333523,0,-8.0879370920582602e-05,3.9865536687924511e-06,-0.0013656750476087867
3659,0.0074999999999999997,0.00083333333333333523,0,-8.8689242508427365e-05,-2.2453149853653613e-06,-0.0011121935819051868
3660,0.008333333333333335,0.00083333333333333523,0,-9.1197129917770472e-05,-4.7606331492301665e-06,-0.00089541327917726135
3661,0.0091666666666666667,0.00083333333333333523,0,-9.0409129928675289e-05,-5.534849827610662e-06,-0.00070871213240069643
3662,0.010000000000000002,0.00083333333333333523,0,-8.7371560253549866e-05,-5.4234036096360882e-06,-0.00054698120214019671
3663,0.010833333333333334,0.00083333333333333523,0,-8.263676646876446e-05,-4.8892672952217121e-06,-0.00040626438382050054
3664,0.011666666666666669,0.00083333333333333523,0,-7.6230639232649798e-05,-4.1258181700967312e-06,-0.00028394214978526516
3665,0.012500000000000001,0.00083333333333333523,0,-6.7549605475228779e-05,-3.242277705945181e-06,-0.0001790824856720159
3666,0.013333333333333332,0.00083333333333333523,0,-5.5243308906241264e-05,-2.3489002462289953e-06,-9.2540634017924578e-05
3667,0.014166666666666671,0.00083333333333333523,0,-3.1428759548424683e-05,-1.1216775604226727e-06,-3.1906467788822939e-05
3668,0.015000000000000003,0.00083333333333333523,0,0,0,0
3669,0.015833333333333335,0.00083333333333333523,0,0,0,0
3670,0.016666666666666666,0.00083333333333333523,0,0,0,0
3671,0.017500000000000005,0.00083333333333333523,0,0,0,0
3672,0.018333333333333337,0.00083333333333333523,0,0,0,0
3673,0.019166666666666669,0.00083333333333333523,0,0,0,0
3674,0.02,0.00083333333333333523,0,0,0,0
3675,-0.02,0.001666666666666667,0,0,0,0
3676,-0.019166666666666669,0.001666666666666667,0,0,0,0
3677,-0.018333333333333333,0.001666666666666667,0,0,0,0
3678,-0.017500000000000002,0.001666666666666667,0,0,0,0
3679,-0.016666666666666666,0.001666666666666667,0,0,0,0
3680,-0.015833333333333335,0.001666666666666667,0,0,0,0
3681,-0.014999999999999999,0.001666666666666667,0,0,0,0
3682,-0.014166666666666668,0.001666666666666667,0,3.0413196163867043e-05,-1.0331044191987435e-06,-3.0648418893656899e-05
3683,-0.013333333333333332,0.001666666666666667,0,5.2435980243868235e-05,-2.6139184462453595e-06,-8.9281127635993749e-05
3684,-0.012500000000000001,0.001666666666666667,0,6.4029522472283272e-05,-4.4770867828562203e-06,-0.00017205636728351902
3685,-0.011666666666666667,0.001666666666666667,0,7.2399177155559247e-05,-6.6603294038294219e-06,-0.00027205726972951913
3686,-0.010833333333333334,0.001666666666666667,0,7.8639341460204435e-05,-9.1347375405640809e-06,-0.00038870065113556004
3687,-0.01,0.001666666666666667,0,8.3298702078371068e-05,-1.2009314638457003e-05,-0.00052299803370929143
3688,-0.0091666666666666667,0.001666666666666667,0,8.6335947679127412e-05,-1.5417240802181904e-05,-0.000677493838601062
3689,-0.0083333333333333332,0.001666666666666667,0,8.7206280140052138e-05,-1.9476803124699694e-05,-0.00085589758764632244
3690,-0.0074999999999999997,0.001666666666666667,0,8.4625029910314673e-05,-2.4429704902735391e-05,-0.001062825551066595
3691,-0.0066666666666666662,0.001666666666666667,0,7.6269248053930503e-05,-3.0459582479667646e-05,-0.0013038628665246934
3692,-0.0058333333333333327,0.001666666666666667,0,5.6590384693440852e-05,-3.7607787914201542e-05,-0.0015828617390694511
3693,-0.0049999999999999992,0.001666666666666667,0,1.1910874762984709e-05,-4.5445130361447043e-05,-0.0019031707725176777
3694,-0.0041666666666666657,0.001666666666666667,0,-5.7796690765891563e-05,-4.8759158425322305e-05,-0.0022519759386526628
3695,-0.003333333333333334,0.001666666666666667,0,-0.00011328386317572071,-4.7009883225052845e-05,-0.0025627627277779131
3696,-0.0024999999999999988,0.001666666666666667,0,-0.00015305628017903716,-3.9018100589491101e-05,-0.0028418680103608229
3697,-0.001666666666666667,0.001666666666666667,0,-0.00015101042790010771,-1.8214728291235189e-05,-0.0029865109561762861
3698,-0.00083333333333333176,0.001666666666666667,0,-0.00012725701753416778,2.3217550696614898e-05,-0.00302877781692351
3699,0,0.001666666666666667,0,-9.6194892127243709e-05,7.2539842739165661e-05,-0.0030292964053551985
3700,0.00083333333333333523,0.001666666666666667,0,-5.7521018596432256e-05,0.00012439033557967767,-0.0030433642349119387
3701,0.001666666666666667,0.001666666666666667,0,-1.6995175814773949e-05,0.00015355460550001875,-0.0029979071004292168
3702,0.0025000000000000022,0.001666666666666667,0,1.6511406752920457e-05,0.00015585487517914753,-0.0028542875236693471
3703,0.003333333333333334,0.001666666666666667,0,1.9168996793546365e-05,0.00011597790768422149,-0.002579156715043919
3704,0.0041666666666666692,0.001666666666666667,0,-3.8412734431324627e-06,6.9204922378790531e-05,-0.0022493880053503245
3705,0.005000000000000001,0.001666666666666667,0,-3.3385555062995641e-05,3.5040229786612152e-05,-0.0019313456720070695
3706,0.0058333333333333362,0.001666666666666667,0,-6.968192410155839e-05,5.985052998164346e-06,-0.0015995993429656372
3707,0.006666666666666668,0.001666666666666667,0,-8.2473993674498473e-05,-7.0233418583146416e-06,-0.0013185914224298485
3708,0.0074999999999999997,0.001666666666666667,0,-8.8192066941918777e-05,-1.191544327022478e-05,-0.0010762917973380212
3709,0.008333333333333335,0.001666666666666667,0,-8.9753692444776519e-05,-1.3133835839079234e-05,-0.00086803354870367954
3710,0.0091666666666666667,0.001666666666666667,0,-8.8578023440480152e-05,-1.2597939464641424e-05,-0.00068788615391236416
3711,0.010000000000000002,0.001666666666666667,0,-8.5412702291441528e-05,-1.1263218092165813e-05,-0.0005312889030487536
3712,0.010833333333333334,0.001666666666666667,0,-8.0673431412243919e-05,-9.5862238983974413e-06,-0.00039468626345310151
3713,0.011666666666666669,0.001666666666666667,0,-7.4320520859857327e-05,-7.7250831362878808e-06,-0.00027578421781785414
3714,0.012500000000000001,0.001666666666666667,0,-6.5741489811336869e-05,-5.7683511935458297e-06,-0.00017383318163803925
3715,0.013333333333333332,0.001666666666666667,0,-5.3635949429645218e-05,-3.9318721209154945e-06,-8.9729362220650874e-05
3716,0.014166666666666671,0.001666666666666667,0,-3.0470555759484587e-05,-1.7864541541148023e-06,-3.0868687214530829e-05
3717,0.015000000000000003,0.001666666666666667,0,0,0,0
3718,0.015833333333333335,0.001666666666666667,0,0,0,0
3719,0.016666666666666666,0.001666666666666667,0,0,0,0
3720,0.017500000000000005,0.001666666666666667,0,0,0,0
3721,0.018333333333333337,0.001666666666666667,0,0,0,0
3722,0.019166666666666669,0.001666666666666667,0,0,0,0
3723,0.02,0.001666666666666667,0,0,0,0
3724,-0.02,0.0025000000000000022,0,0,0,0
3725,-0.019166666666666669,0.0025000000000000022,0,0,0,0
3726,-0.018333333333333333,0.0025000000000000022,0,0,0,0
3727,-0.017500000000000002,0.0025000000000000022,0,0,0,0
3728,-0.016666666666666666,0.0025000000000000022,0,0,0,0
3729,-0.015833333333333335,0.0025000000000000022,0,0,0,0
3730,-0.014999999999999999,0.0025000000000000022,0,0,0,0
3731,-0.014166666666666668,0.0025000000000000022,0,2.9003553446446671e-05,-1.673608342227174e-06,-2.9141478854688331e-05
3732,-0.013333333333333332,0.0025000000000000022,0,5.0204956283633052e-05,-4.1360876824392002e-06,-8.5216947934466835e-05
3733,-0.012500000000000001,0.0025000000000000022,0,6.1587893766666869e-05,-6.8832403963790532e-06,-0.00016458550101303271
3734,-0.011666666666666667,0.0025000000000000022,0,6.9766841184915637e-05,-9.9896083159878198e-06,-0.00026051391817572071
3735,-0.010833333333333334,0.0025000000000000022,0,7.5841671715234387e-05,-1.3385037446813374e-05,-0.0003722168932853401
3736,-0.01,0.0025000000000000022,0,8.0344409024575157e-05,-1.7204994291992829e-05,-0.00050038919052771639
3737,-0.0091666666666666667,0.0025000000000000022,0,8.334064226993614e-05,-2.1553485493857581e-05,-0.00064709266514181114
3738,-0.0083333333333333332,0.0025000000000000022,0,8.4335694816169374e-05,-2.6491703722422584e-05,-0.00081537449614778703
3739,-0.0074999999999999997,0.0025000000000000022,0,8.2362556529909473e-05,-3.1977907654959272e-05,-0.0010089198896050854
3740,-0.0066666666666666662,0.0025000000000000022,0,7.5607434120330351e-05,-3.7946455601786297e-05,-0.0012320640781240586
3741,-0.0058333333333333327,0.0025000000000000022,0,6.0476118172547948e-05,-4.3067884696481275e-05,-0.0014873174973012143
3742,-0.0049999999999999992,0.0025000000000000022,0,2.7131501282114991e-05,-4.7112378919075505e-05,-0.0017721774554770779
3743,-0.0041666666666666657,0.0025000000000000022,0,-3.6949561142403697e-05,-4.1003253064980796e-05,-0.0020986423111155521
3744,-0.003333333333333334,0.0025000000000000022,0,-8.7181721206453625e-05,-3.1682950877224831e-05,-0.002372882298488537
3745,-0.0024999999999999988,0.0025000000000000022,0,-0.00013356780404278273,-1.1421143913168725e-05,-0.0026396873564672779
3746,-0.001666666666666667,0.0025000000000000022,0,-0.00015485651239945474,1.4016838658360722e-05,-0.0028394420477335764
3747,-0.00083333333333333176,0.0025000000000000022,0,-0.00014506102084802715,5.2938831120245848e-05,-0.0029400278508225916
3748,0,0.0025000000000000022,0,-0.00011538756777286092,9.5253192088500519e-05,-0.0029639011489052012
3749,0.00083333333333333523,0.0025000000000000022,0,-7.7707680530916768e-05,0.00013506239579968066,-0.0029433748981972266
3750,0.001666666666666667,0.0025000000000000022,0,-4.0131454009043189e-05,0.00015134782636090342,-0.0028432090534475287
3751,0.0025000000000000022,0.0025000000000000022,0,-1.667594702138647e-05,0.00012937761077950693,-0.0026477509656625256
3752,0.003333333333333334,0.0025000000000000022,0,-1.1324982768322902e-05,8.8474227971218014e-05,-0.0023838623848868421
3753,0.0041666666666666692,0.0025000000000000022,0,-2.305300287620072e-05,5.202304792803944e-05,-0.0021058881537112397
3754,0.005000000000000001,0.0025000000000000022,0,-5.1840654883364678e-05,1.3757091482189046e-05,-0.0017961933008218162
3755,0.0058333333333333362,0.0025000000000000022,0,-7.441750785009202e-05,-9.5230789949243867e-06,-0.0015028591146701166
3756,0.006666666666666668,0.0025000000000000022,0,-8.3029295299193986e-05,-1.8878253918792809e-05,-0.0012453230685504847
3757,0.0074999999999999997,0.0025000000000000022,0,-8.6588141944687075e-05,-2.1538057179052942e-05,-0.0010204649338695212
3758,0.008333333333333335,0.0025000000000000022,0,-8.7152750773313535e-05,-2.104306606781308e-05,-0.00082543017880180999
3759,0.0091666666666666667,0.0025000000000000022,0,-8.5563989211492444e-05,-1.9145733681568509e-05,-0.00065545522527067797
3760,0.010000000000000002,0.0025000000000000022,0,-8.2290026874293724e-05,-1.6606943095348872e-05,-0.0005068344622448913
3761,0.010833333333333334,0.0025000000000000022,0,-7.7583045843513399e-05,-1.3853569593203369e-05,-0.00037663590923980281
3762,0.011666666666666669,0.0025000000000000022,0,-7.1332855388746584e-05,-1.0976854947003918e-05,-0.00026306840861625036
3763,0.012500000000000001,0.0025000000000000022,0,-6.2936948802711577e-05,-8.0412838192371568e-06,-0.00016564061054906711
3764,0.013333333333333332,0.0025000000000000022,0,-5.1157486072929924e-05,-5.3201455238522779e-06,-8.5346805420458632e-05
3765,0.014166666666666671,0.0025000000000000022,0,-2.8968356881554925e-05,-2.3660287142871163e-06,-2.9260808411361369e-05
3766,0.015000000000000003,0.0025000000000000022,0,0,0,0
3767,0.015833333333333335,0.0025000000000000022,0,0,0,0
3768,0.016666666666666666,0.0025000000000000022,0,0,0,0
3769,0.017500000000000005,0.0025000000000000022,0,0,0,0
3770,0.018333333333333337,0.0025000000000000022,0,0,0,0
3771,0.019166666666666669,0.0025000000000000022,0,0,0,0
3772,0.02,0.0025000000000000022,0,0,0,0
3773,-0.02,0.003333333333333334,0,0,0,0
3774,-0.019166666666666669,0.003333333333333334,0,0,0,0
3775,-0.018333333333333333,0.003333333333333334,0,0,0,0
3776,-0.017500000000000002,0.003333333333333334,0,0,0,0
3777,-0.016666666666666666,0.003333333333333334,0,0,0,0
3778,-0.015833333333333335,0.003333333333333334,0,0,0,0
3779,-0.014999999999999999,0.003333333333333334,0,0,0,0
3780,-0.014166666666666668,0.003333333333333334,0,2.7082564903531206e-05,-2.2203826948942653e-06,-2.7101120826308909e-05
3781,-0.013333333333333332,0.003333333333333334,0,4.713744825592603e-05,-5.4347562792071042e-06,-7.9647138998062604e-05
3782,-0.012500000000000001,0.003333333333333334,0,5.822624328041727e-05,-8.9799291826540233e-06,-0.00015436766626438891
3783,-0.011666666666666667,0.003333333333333334,0,6.6165136151421776e-05,-1.2912485762794756e-05,-0.0002447979837265587
3784,-0.010833333333333334,0.003333333333333334,0,7.2036064050637271e-05,-1.7109647080135349e-05,-0.00034992321399137901
3785,-0.01,0.003333333333333334,0,7.6364893205447921e-05,-2.1697139758535165e-05,-0.00047004008763185687
3786,-0.0091666666666666667,0.003333333333333334,0,7.9287670223690269e-05,-2.6831481330352025e-05,-0.00060661607854155372
3787,-0.0083333333333333332,0.003333333333333334,0,8.0436171238444824e-05,-3.2479036378308513e-05,-0.00076190385341731422
3788,-0.0074999999999999997,0.003333333333333334,0,7.9059176676945727e-05,-3.8605971061085546e-05,-0.00093851473103327102
3789,-0.0066666666666666662,0.003333333333333334,0,7.4008940193639902e-05,-4.4815559896612685e-05,-0.00113940952293964
3790,-0.0058333333333333327,0.003333333333333334,0,6.2851077908298355e-05,-5.0117744395525467e-05,-0.0013659568252472245
3791,-0.0049999999999999992,0.003333333333333334,0,3.9881983652717486e-05,-5.1837703887199231e-05,-0.0016157046058004993
3792,-0.0041666666666666657,0.003333333333333334,0,-1.0754599739527612e-06,-4.8483596983245129e-05,-0.0018808964188620997
3793,-0.003333333333333334,0.003333333333333334,0,-5.6956722456731024e-05,-2.8121446802870337e-05,-0.0021587702126333267
3794,-0.0024999999999999988,0.003333333333333334,0,-9.107380523976331e-05,-8.841928440510327e-06,-0.0023685373273889814
3795,-0.001666666666666667,0.003333333333333334,0,-0.00011550599279710005,2.0683280219748615e-05,-0.0025563941825790409
3796,-0.00083333333333333176,0.003333333333333334,0,-0.00012423537545001225,5.8119308813957218e-05,-0.0026902797904511918
3797,0,0.003333333333333334,0,-0.0001058224390189827,8.9491040357489229e-05,-0.0027257586746297934
3798,0.00083333333333333523,0.003333333333333334,0,-7.6351161458691023e-05,0.00011242912406437081,-0.0026931320712931914
3799,0.001666666666666667,0.003333333333333334,0,-4.7524401366594102e-05,0.00010736140341119666,-0.0025643828547830877
3800,0.0025000000000000022,0.003333333333333334,0,-3.2115792101335423e-05,8.2677517346633613e-05,-0.0023809740633090881
3801,0.003333333333333334,0.003333333333333334,0,-2.948713567949226e-05,5.4901493667636516e-05,-0.0021697688596049006
3802,0.0041666666666666692,0.003333333333333334,0,-4.4406036954875278e-05,1.7229997258684842e-05,-0.0019015656777683226
3803,0.005000000000000001,0.003333333333333334,0,-6.2534419165761814e-05,-1.0997501727541624e-05,-0.0016348112727009182
3804,0.0058333333333333362,0.003333333333333334,0,-7.6077031374417289e-05,-2.5846569917859636e-05,-0.0013807556131528525
3805,0.006666666666666668,0.003333333333333334,0,-8.1460901114905102e-05,-3.0338404811736564e-05,-0.0011518803916673777
3806,0.0074999999999999997,0.003333333333333334,0,-8.3424951935555169e-05,-3.0298821433343861e-05,-0.00094866775698398964
3807,0.008333333333333335,0.003333333333333334,0,-8.3315457012542296e-05,-2.80837796814754e-05,-0.00077032263762239676
3808,0.0091666666666666667,0.003333333333333334,0,-8.1442225110776642e-05,-2.4885636921374081e-05,-0.00061330429859825925
3809,0.010000000000000002,0.003333333333333334,0,-7.8122862175880801e-05,-2.1269803456255414e-05,-0.00047493067285228673
3810,0.010833333333333334,0.003333333333333334,0,-7.350511567629391e-05,-1.7536514891920214e-05,-0.00035304505647529722
3811,0.011666666666666669,0.003333333333333334,0,-6.7393455255454235e-05,-1.3765612585968847e-05,-0.00024642670235346489
3812,0.012500000000000001,0.003333333333333334,0,-5.9253946331739855e-05,-9.9724694997053491e-06,-0.00015489771669761464
3813,0.013333333333333332,0.003333333333333334,0,-4.7904927727142294e-05,-6.467530405441679e-06,-7.9602224779784576e-05
3814,0.014166666666666671,0.003333333333333334,0,-2.7008992397116652e-05,-2.829938896521884e-06,-2.7172112564018846e-05
3815,0.015000000000000003,0.003333333333333334,0,0,0,0
3816,0.015833333333333335,0.003333333333333334,0,0,0,0
3817,0.016666666666666666,0.003333333333333334,0,0,0,0
3818,0.017500000000000005,0.003333333333333334,0,0,0,0
3819,0.018333333333333337,0.003333333333333334,0,0,0,0
3820,0.019166666666666669,0.003333333333333334,0,0,0,0
3821,0.02,0.003333333333333334,0,0,0,0
3822,-0.02,0.0041666666666666692,0,0,0,0
3823,-0.019166666666666669,0.0041666666666666692,0,0,0,0
3824,-0.018333333333333333,0.0041666666666666692,0,0,0,0
3825,-0.017500000000000002,0.0041666666666666692,0,0,0,0
3826,-0.016666666666666666,0.0041666666666666692,0,0,0,0
3827,-0.015833333333333335,0.0041666666666666692,0,0,0,0
3828,-0.014999999999999999,0.0041666666666666692,0,0,0,0
3829,-0.014166666666666668,0.0041666666666666692,0,2.475215951200291e-05,-2.6566935197304658e-06,-2.4647921555762151e-05
3830,-0.013333333333333332,0.0041666666666666692,0,4.3387549958438683e-05,-6.4583190510768753e-06,-7.2856443026053717e-05
3831,-0.012500000000000001,0.0041666666666666692,0,5.4072553099117762e-05,-1.0669347653039739e-05,-0.00014187231632988169
3832,-0.011666666666666667,0.0041666666666666692,0,6.1742371573027317e-05,-1.5304451819678996e-05,-0.00022560939022819789
3833,-0.010833333333333334,0.0041666666666666692,0,6.7383991921590454e-05,-2.0180702420894775e-05,-0.00032284034255128646
3834,-0.01,0.0041666666666666692,0,7.1523095062692025e-05,-2.5398410511259317e-05,-0.0004334479067353075
3835,-0.0091666666666666667,0.0041666666666666692,0,7.4317458325652292e-05,-3.1109935133563558e-05,-0.00055825547875408533
3836,-0.0083333333333333332,0.0041666666666666692,0,7.5550773504377838e-05,-3.7336791777018993e-05,-0.00069866022609811206
3837,-0.0074999999999999997,0.0041666666666666692,0,7.4713792040197942e-05,-4.3910654337598304e-05,-0.00085621649341772229
3838,-0.0066666666666666662,0.0041666666666666692,0,7.103785166122496e-05,-5.0720824123765022e-05,-0.0010325550939410473
3839,-0.0058333333333333327,0.0041666666666666692,0,6.3216476746508779e-05,-5.6622466708335214e-05,-0.001228280133850586
3840,-0.0049999999999999992,0.0041666666666666692,0,4.8375547221948714e-05,-6.0169322608789644e-05,-0.0014401810992819993
3841,-0.0041666666666666657,0.0041666666666666692,0,2.1777652871130484e-05,-5.7341892357631173e-05,-0.0016626041195413389
3842,-0.003333333333333334,0.0041666666666666692,0,-1.3437612041012137e-05,-4.8029660292378524e-05,-0.0018806535962374172
3843,-0.0024999999999999988,0.0041666666666666692,0,-5.2093347535240838e-05,-2.2275949352619388e-05,-0.0020937577812128972
3844,-0.001666666666666667,0.0041666666666666692,0,-7.4209191159168444e-05,1.4841673773686074e-06,-0.0022451094942436932
3845,-0.00083333333333333176,0.0041666666666666692,0,-8.0638927421509255e-05,2.420560931778156e-05,-0.0023364051323664188
3846,0,0.0041666666666666692,0,-7.4401680446115721e-05,4.3881372992734886e-05,-0.0023712666437245462
3847,0.00083333333333333523,0.0041666666666666692,0,-6.0637052419458506e-05,5.4890683253849845e-05,-0.0023404526359516258
3848,0.001666666666666667,0.0041666666666666692,0,-4.6938908927893071e-05,5.0517973622494697e-05,-0.0022505931347411574
3849,0.0025000000000000022,0.0041666666666666692,0,-3.9872489251804577e-05,3.8407696204785655e-05,-0.0021142293833047053
3850,0.003333333333333334,0.0041666666666666692,0,-4.6044856190673611e-05,6.1896303320231836e-06,-0.0019040136653014135
3851,0.0041666666666666692,0.0041666666666666692,0,-5.578464894838405e-05,-1.9404366030645442e-05,-0.0016799835235127459
3852,0.005000000000000001,0.0041666666666666692,0,-6.7418122086056946e-05,-3.4131582762268247e-05,-0.001457942293796181
3853,0.0058333333333333362,0.0041666666666666692,0,-7.4928724354552561e-05,-4.0214881343590575e-05,-0.0012425799678799183
3854,0.006666666666666668,0.0041666666666666692,0,-7.8057150893888369e-05,-4.0231027594829255e-05,-0.0010444554959253745
3855,0.0074999999999999997,0.0041666666666666692,0,-7.8973174651848327e-05,-3.7708551259875583e-05,-0.00086549361152051397
3856,0.008333333333333335,0.0041666666666666692,0,-7.8393552047448559e-05,-3.3970800881895837e-05,-0.00070592933032805234
3857,0.0091666666666666667,0.0041666666666666692,0,-7.6366727628095126e-05,-2.9647651516836208e-05,-0.00056367652431183683
3858,0.010000000000000002,0.0041666666666666692,0,-7.3089930546148726e-05,-2.510863927382719e-05,-0.00043714185030832868
3859,0.010833333333333334,0.0041666666666666692,0,-6.8603674054288019e-05,-2.0551151913667982e-05,-0.00032500659328504633
3860,0.011666666666666669,0.0041666666666666692,0,-6.2675909625362343e-05,-1.601444177234769e-05,-0.00022660242450522444
3861,0.012500000000000001,0.0041666666666666692,0,-5.4844881317320682e-05,-1.1501051590944567e-05,-0.00014208524828267734
3862,0.013333333333333332,0.0041666666666666692,0,-4.4006625478995168e-05,-7.3421609132196972e-06,-7.2753241578553534e-05
3863,0.014166666666666671,0.0041666666666666692,0,-2.4676106023251663e-05,-3.1709788076077822e-06,-2.4705893036471125e-05
3864,0.015000000000000003,0.0041666666666666692,0,0,0,0
3865,0.015833333333333335,0.0041666666666666692,0,0,0,0
3866,0.016666666666666666,0.0041666666666666692,0,0,0,0
3867,0.017500000000000005,0.0041666666666666692,0,0,0,0
3868,0.018333333333333337,0.0041666666666666692,0,0,0,0
3869,0.019166666666666669,0.0041666666666666692,0,0,0,0
3870,0.02,0.0041666666666666692,0,0,0,0
3871,-0.02,0.005000000000000001,0,0,0,0
3872,-0.019166666666666669,0.005000000000000001,0,0,0,0
3873,-0.018333333333333333,0.005000000000000001,0,0,0,0
3874,-0.017500000000000002,0.005000000000000001,0,0,0,0
3875,-0.016666666666666666,0.005000000000000001,0,0,0,0
3876,-0.015833333333333335,0.005000000000000001,0,0,0,0
3877,-0.014999999999999999,0.005000000000000001,0,0,0,0
3878,-0.014166666666666668,0.005000000000000001,0,2.2123092268829152e-05,-2.9717370480540233e-06,-2.1911366391904989e-05
3879,-0.013333333333333332,0.005000000000000001,0,3.9140963109282682e-05,-7.1861327477663852e-06,-6.5174281605606343e-05
3880,-0.012500000000000001,0.005000000000000001,0,4.9297934011011388e-05,-1.1897625655703686e-05,-0.00012765535300302916
3881,-0.011666666666666667,0.005000000000000001,0,5.6665037407561078e-05,-1.7091333788853409e-05,-0.00020377270329033072
3882,-0.010833333333333334,0.005000000000000001,0,6.2061447687552029e-05,-2.2511600779748339e-05,-0.00029213013078297726
3883,-0.01,0.005000000000000001,0,6.5996865243484794e-05,-2.8224032963309572e-05,-0.00039223689868281297
3884,-0.0091666666666666667,0.005000000000000001,0,6.8628962255235285e-05,-3.4365819152257026e-05,-0.000504315776555106
3885,-0.0083333333333333332,0.005000000000000001,0,6.9871760074793654e-05,-4.0929824314391757e-05,-0.00062896139705755072
3886,-0.0074999999999999997,0.005000000000000001,0,6.9423996043904313e-05,-4.7857042706384937e-05,-0.00076684928014769096
3887,-0.0066666666666666662,0.005000000000000001,0,6.6753886121945585e-05,-5.48637449101853e-05,-0.00091840701424691202
3888,-0.0058333333333333327,0.005000000000000001,0,6.1261357028542332e-05,-6.1665307290668903e-05,-0.0010835773413765191
3889,-0.0049999999999999992,0.005000000000000001,0,5.1529891954581417e-05,-6.6764901340484671e-05,-0.0012592943790366786
3890,-0.0041666666666666657,0.005000000000000001,0,3.5835850863170399e-05,-6.8938714647182506e-05,-0.0014396571542160598
3891,-0.003333333333333334,0.005000000000000001,0,1.2873109610566053e-05,-6.5489015676558206e-05,-0.0016161524961642675
3892,-0.0024999999999999988,0.005000000000000001,0,-1.1209211990426001e-05,-5.6463026403898e-05,-0.0017749500916769902
3893,-0.001666666666666667,0.005000000000000001,0,-3.4789672662485027e-05,-3.7044088291712035e-05,-0.0019129926322531746
3894,-0.00083333333333333176,0.005000000000000001,0,-4.8958262364664778e-05,-1.5422971792531939e-05,-0.0020050273586737252
3895,0,0.005000000000000001,0,-5.1583272463231546e-05,-3.9205234226936713e-06,-0.0020325648942828684
3896,0.00083333333333333523,0.005000000000000001,0,-4.8270001832970411e-05,4.4545535971660673e-07,-0.0020067925460622161
3897,0.001666666666666667,0.005000000000000001,0,-4.5023576015156748e-05,-7.5161205470590856e-06,-0.0019226177969786276
3898,0.0025000000000000022,0.005000000000000001,0,-4.6549606650050694e-05,-2.164875435061291e-05,-0.0017937815520417161
3899,0.003333333333333334,0.005000000000000001,0,-5.1702335108167704e-05,-3.6906127013907877e-05,-0.0016335640275179334
3900,0.0041666666666666692,0.005000000000000001,0,-5.9048375723578288e-05,-4.6567655684849172e-05,-0.001457660189853963
3901,0.005000000000000001,0.005000000000000001,0,-6.6672593867589641e-05,-5.0945750423729491e-05,-0.0012757262040790373
3902,0.0058333333333333362,0.005000000000000001,0,-7.0948399830409814e-05,-5.0672342684348778e-05,-0.0010975328713356141
3903,0.006666666666666668,0.005000000000000001,0,-7.2896872762978805e-05,-4.7735000987570908e-05,-0.00092970711255648897
3904,0.0074999999999999997,0.005000000000000001,0,-7.3359717895623346e-05,-4.3463313030230846e-05,-0.00077551481975509187
3905,0.008333333333333335,0.005000000000000001,0,-7.2571768631569518e-05,-3.856526568735184e-05,-0.00063546402056444899
3906,0.0091666666666666667,0.005000000000000001,0,-7.0536067906808069e-05,-3.3331809628336382e-05,-0.0005088732826582196
3907,0.010000000000000002,0.005000000000000001,0,-6.7379407695914389e-05,-2.8061625373805148e-05,-0.00039512988809052899
3908,0.010833333333333334,0.005000000000000001,0,-6.306165138391901e-05,-2.2847326769169286e-05,-0.00029368570770738186
3909,0.011666666666666669,0.005000000000000001,0,-5.7367407598058165e-05,-1.7682476238357582e-05,-0.00020440117749336156
3910,0.012500000000000001,0.005000000000000001,0,-4.9876238888155468e-05,-1.259678480564114e-05,-0.00012772947376764933
3911,0.013333333333333332,0.005000000000000001,0,-3.9620357738241181e-05,-7.9262693084597118e-06,-6.5091468429137036e-05
3912,0.014166666666666671,0.005000000000000001,0,-2.205927714934675e-05,-3.3891210691397337e-06,-2.1965897494249469e-05
3913,0.015000000000000003,0.005000000000000001,0,0,0,0
3914,0.015833333333333335,0.005000000000000001,0,0,0,0
3915,0.016666666666666666,0.005000000000000001,0,0,0,0
3916,0.017500000000000005,0.005000000000000001,0,0,0,0
3917,0.018333333333333337,0.005000000000000001,0,0,0,0
3918,0.019166666666666669,0.005000000000000001,0,0,0,0
3919,0.02,0.005000000000000001,0,0,0,0
3920,-0.02,0.0058333333333333362,0,0,0,0
3921,-0.019166666666666669,0.0058333333333333362,0,0,0,0
3922,-0.018333333333333333,0.0058333333333333362,0,0,0,0
3923,-0.017500000000000002,0.0058333333333333362,0,0,0,0
3924,-0.016666666666666666,0.0058333333333333362,0,0,0,0
3925,-0.015833333333333335,0.0058333333333333362,0,0,0,0
3926,-0.014999999999999999,0.0058333333333333362,0,0,0,0
3927,-0.014166666666666668,0.0058333333333333362,0,1.9299504164603884e-05,-3.1527368338055817e-06,-1.9009443966830358e-05
3928,-0.013333333333333332,0.0058333333333333362,0,3.4572797654061549e-05,-7.6167727396818623e-06,-5.6944616631036639e-05
3929,-0.012500000000000001,0.0058333333333333362,0,4.4093514654842993e-05,-1.265840771024965e-05,-0.0001123091968422698
3930,-0.011666666666666667,0.0058333333333333362,0,5.110623660457264e-05,-1.8248602107158425e-05,-0.00018016069183808225
3931,-0.010833333333333334,0.0058333333333333362,0,5.624407085824907e-05,-2.4060820420133864e-05,-0.00025900477853975655
3932,-0.01,0.0058333333333333362,0,5.9967331547192583e-05,-3.0142542369984255e-05,-0.00034804044698421915
3933,-0.0091666666666666667,0.0058333333333333362,0,6.2444066927657495e-05,-3.6568593777790574e-05,-0.00044700908544157965
3934,-0.0083333333333333332,0.0058333333333333362,0,6.3657410297784169e-05,-4.3355995336309806e-05,-0.00055589047538800811
3935,-0.0074999999999999997,0.0058333333333333362,0,6.3441801918142152e-05,-5.0367618928352079e-05,-0.00067462292050920265
3936,-0.0066666666666666662,0.0058333333333333362,0,6.1488011614880408e-05,-5.7480376595719173e-05,-0.00080290933349669042
3937,-0.0058333333333333327,0.0058333333333333362,0,5.7330017547301084e-05,-6.4314866808254034e-05,-0.00093980338816231068
3938,-0.0049999999999999992,0.0058333333333333362,0,5.059724787919474e-05,-7.0463910336873354e-05,-0.0010830694206395131
3939,-0.0041666666666666657,0.0058333333333333362,0,4.0264274088490273e-05,-7.4696215188722206e-05,-0.0012272896343009587
3940,-0.003333333333333334,0.0058333333333333362,0,2.657231881727632e-05,-7.6204207637522252e-05,-0.0013653814295018045
3941,-0.0024999999999999988,0.0058333333333333362,0,1.0276231040744863e-05,-7.4189433836500094e-05,-0.0014893117076886248
3942,-0.001666666666666667,0.0058333333333333362,0,-5.9678141353371513e-06,-6.8539462546882824e-05,-0.0015891228067632436
3943,-0.00083333333333333176,0.0058333333333333362,0,-1.922128201767941e-05,-6.2454933956692293e-05,-0.0016536601269946691
3944,0,0.0058333333333333362,0,-2.7798735318555279e-05,-5.7475095824058237e-05,-0.001677208768545174
3945,0.00083333333333333523,0.0058333333333333362,0,-3.3383286064040656e-05,-5.4956728107302295e-05,-0.0016588300929297321
3946,0.001666666666666667,0.0058333333333333362,0,-3.8181549499501578e-05,-5.5738510976313711e-05,-0.001598971566028794
3947,0.0025000000000000022,0.0058333333333333362,0,-4.3591656048177294e-05,-5.8739583087844794e-05,-0.0015042587327447113
3948,0.003333333333333334,0.0058333333333333362,0,-5.0027659543448983e-05,-6.1819770628771068e-05,-0.0013826182924968821
3949,0.0041666666666666692,0.0058333333333333362,0,-5.6488463687055391e-05,-6.2516472704729034e-05,-0.0012441560804683433
3950,0.005000000000000001,0.0058333333333333362,0,-6.1843267026449262e-05,-6.1191965458026816e-05,-0.0010984933121366942
3951,0.0058333333333333362,0.0058333333333333362,0,-6.5064649533397444e-05,-5.7681162723293057e-05,-0.00095301451123793813
3952,0.006666666666666668,0.0058333333333333362,0,-6.6598279350825527e-05,-5.2965265251675075e-05,-0.00081347727485404388
3953,0.0074999999999999997,0.0058333333333333362,0,-6.6940466948867667e-05,-4.7575727376356931e-05,-0.00068277662552982722
3954,0.008333333333333335,0.0058333333333333362,0,-6.6115935835273302e-05,-4.181865629515727e-05,-0.00056183536682345974
3955,0.0091666666666666667,0.0058333333333333362,0,-6.4171995712920216e-05,-3.5944534634511941e-05,-0.00045103159703262284
3956,0.010000000000000002,0.0058333333333333362,0,-6.1171625322743267e-05,-3.0120973917875071e-05,-0.00035047700511691777
3957,0.010833333333333334,0.0058333333333333362,0,-5.7061777214045965e-05,-2.4409403211501632e-05,-0.00026024523153088988
3958,0.011666666666666669,0.0058333333333333362,0,-5.1638160773618115e-05,-1.8764456240905199e-05,-0.00018064081824259657
3959,0.012500000000000001,0.0058333333333333362,0,-4.451848325032481e-05,-1.3254520554977503e-05,-0.00011236925504333074
3960,0.013333333333333332,0.0058333333333333362,0,-3.4925926940015171e-05,-8.2214204033738458e-06,-5.6920202385524549e-05
3961,0.014166666666666671,0.0058333333333333362,0,-1.9261580225983698e-05,-3.4843821413533105e-06,-1.9061758277642387e-05
3962,0.015000000000000003,0.0058333333333333362,0,0,0,0
3963,0.015833333333333335,0.0058333333333333362,0,0,0,0
3964,0.016666666666666666,0.0058333333333333362,0,0,0,0
3965,0.017500000000000005,0.0058333333333333362,0,0,0,0
3966,0.018333333333333337,0.0058333333333333362,0,0,0,0
3967,0.019166666666666669,0.0058333333333333362,0,0,0,0
3968,0.02,0.0058333333333333362,0,0,0,0
3969,-0.02,0.006666666666666668,0,0,0,0
3970,-0.019166666666666669,0.006666666666666668,0,0,0,0
3971,-0.018333333333333333,0.006666666666666668,0,0,0,0
3972,-0.017500000000000002,0.006666666666666668,0,0,0,0
3973,-0.016666666666666666,0.006666666666666668,0,0,0,0
3974,-0.015833333333333335,0.006666666666666668,0,0,0,0
3975,-0.014999999999999999,0.006666666666666668,0,0,0,0
3976,-0.014166666666666668,0.006666666666666668,0,1.6395529292271776e-05,-3.1976260363474289e-06,-1.6055176132766041e-05
3977,-0.013333333333333332,0.006666666666666668,0,2.9835351152645629e-05,-7.7543589676740745e-06,-4.8492748953313216e-05
3978,-0.012500000000000001,0.006666666666666668,0,3.8635954900978099e-05,-1.2976146159201542e-05,-9.6414635062172272e-05
3979,-0.011666666666666667,0.006666666666666668,0,4.5240555253749257e-05,-1.8793987127568631e-05,-0.00015563310270161123
3980,-0.010833333333333334,0.006666666666666668,0,5.010477358635143e-05,-2.4853825935231822e-05,-0.00022463494688236362
3981,-0.01,0.006666666666666668,0,5.3617233487568335e-05,-3.1162587499588391e-05,-0.00030240262298489784
3982,-0.0091666666666666667,0.006666666666666668,0,5.5954875845623424e-05,-3.7764097905883744e-05,-0.00038832863861952061
3983,-0.0083333333333333332,0.006666666666666668,0,5.7124248099770414e-05,-4.4631426773330766e-05,-0.00048197138742638436
3984,-0.0074999999999999997,0.006666666666666668,0,5.7076385051704958e-05,-5.1688909030548227e-05,-0.00058281825127660459
3985,-0.0066666666666666662,0.006666666666666668,0,5.5611052536934479e-05,-5.873653365424795e-05,-0.00069006980334824564
3986,-0.0058333333333333327,0.006666666666666668,0,5.2513061277697912e-05,-6.5618838771211484e-05,-0.00080238722248143909
3987,-0.0049999999999999992,0.006666666666666668,0,4.7397411029462596e-05,-7.1909591416983372e-05,-0.00091749024962956005
3988,-0.0041666666666666657,0.006666666666666668,0,4.0156088130659454e-05,-7.7183586854787567e-05,-0.0010318009787710517
3989,-0.003333333333333334,0.006666666666666668,0,3.0382696378633226e-05,-8.0709939053757201e-05,-0.0011398638556323168
3990,-0.0024999999999999988,0.006666666666666668,0,1.9099791441440424e-05,-8.1984503093073135e-05,-0.0012351266566638613
3991,-0.001666666666666667,0.006666666666666668,0,6.8786457882971215e-06,-8.1503239901992174e-05,-0.0013104818350309466
3992,-0.00083333333333333176,0.006666666666666668,0,-4.6886102006523137e-06,-7.9886385353868553e-05,-0.0013594043237945426
3993,0,0.006666666666666668,0,-1.4487478496874432e-05,-7.8183060282368229e-05,-0.0013775648035752755
3994,0.00083333333333333523,0.006666666666666668,0,-2.3072690585093073e-05,-7.6718563529171928e-05,-0.0013642860324400892
3995,0.001666666666666667,0.006666666666666668,0,-3.0942575356692373e-05,-7.5902734991752891e-05,-0.0013197017845761711
3996,0.0025000000000000022,0.006666666666666668,0,-3.8475626639604871e-05,-7.5199909638606704e-05,-0.0012478997653686274
3997,0.003333333333333334,0.006666666666666668,0,-4.5288253358489832e-05,-7.3742266199159341e-05,-0.0011545148151622729
3998,0.0041666666666666692,0.006666666666666668,0,-5.1069639357250514e-05,-7.0953664218990719e-05,-0.0010467869252555365
3999,0.005000000000000001,0.006666666666666668,0,-5.5476114573051352e-05,-6.7018186953356416e-05,-0.00093150248886355474
4000,0.0058333333333333362,0.006666666666666668,0,-5.8273976247826945e-05,-6.1967215737318958e-05,-0.00081443449076403537
4001,0.006666666666666668,0.006666666666666668,0,-5.9735590064307206e-05,-5.6252475284602618e-05,-0.00069986869922352877
4002,0.0074999999999999997,0.006666666666666668,0,-6.0049458487892557e-05,-5.0126215916335959e-05,-0.00059039032795954211
4003,0.008333333333333335,0.006666666666666668,0,-5.9272050341104648e-05,-4.3831453628172997e-05,-0.00048746285585081684
4004,0.0091666666666666667,0.006666666666666668,0,-5.7452781613246007e-05,-3.7523285694730039e-05,-0.00039200800751236606
4005,0.010000000000000002,0.006666666666666668,0,-5.4638029334336969e-05,-3.1319851659564265e-05,-0.00030461019197186286
4006,0.010833333333333334,0.006666666666666668,0,-5.0759456723940229e-05,-2.5246140815731175e-05,-0.00022576547726922783
4007,0.011666666666666669,0.006666666666666668,0,-4.5645011627226391e-05,-1.9279730006264584e-05,-0.00015610812145352109
4008,0.012500000000000001,0.006666666666666668,0,-3.8942535958556122e-05,-1.348667842576449e-05,-9.6536098443763638e-05
4009,0.013333333333333332,0.006666666666666668,0,-3.0095431293841433e-05,-8.2439914942537787e-06,-4.8530953825893388e-05
4010,0.014166666666666671,0.006666666666666668,0,-1.6385202438064999e-05,-3.4624579632573502e-06,-1.6104323605795396e-05
4011,0.015000000000000003,0.006666666666666668,0,0,0,0
4012,0.015833333333333335,0.006666666666666668,0,0,0,0
4013,0.016666666666666666,0.006666666666666668,0,0,0,0
4014,0.017500000000000005,0.006666666666666668,0,0,0,0
4015,0.018333333333333337,0.006666666666666668,0,0,0,0
4016,0.019166666666666669,0.006666666666666668,0,0,0,0
4017,0.02,0.006666666666666668,0,0,0,0
4018,-0.02,0.0074999999999999997,0,0,0,0
4019,-0.019166666666666669,0.0074999999999999997,0,0,0,0
4020,-0.018333333333333333,0.0074999999999999997,0,0,0,0
4021,-0.017500000000000002,0.0074999999999999997,0,0,0,0
4022,-0.016666666666666666,0.0074999999999999997,0,0,0,0
4023,-0.015833333333333335,0.0074999999999999997,0,0,0,0
4024,-0.014999999999999999,0.0074999999999999997,0,0,0,0
4025,-0.014166666666666668,0.0074999999999999997,0,1.3527328196702955e-05,-3.1214567113771366e-06,-1.3156601676162219e-05
4026,-0.013333333333333332,0.0074999999999999997,0,2.5078426331155477e-05,-7.6128080119883508e-06,-4.0109603152176863e-05
4027,-0.012500000000000001,0.0074999999999999997,0,3.3080205410362014e-05,-1.287880382977693e-05,-8.0518282662246925e-05
4028,-0.011666666666666667,0.0074999999999999997,0,3.9222221683022462e-05,-1.8772511468807251e-05,-0.00013099049061525431
4029,-0.010833333333333334,0.0074999999999999997,0,4.3797301975108209e-05,-2.4939861552459474e-05,-0.0001900871173186227
4030,-0.01,0.0074999999999999997,0,4.7108081032250615e-05,-3.1355637215030714e-05,-0.00025668554780216267
4031,-0.0091666666666666667,0.0074999999999999997,0,4.9318153786667887e-05,-3.8015151390164667e-05,-0.00032996183215183229
4032,-0.0083333333333333332,0.0074999999999999997,0,5.0471716661838725e-05,-4.4897854978204412e-05,-0.00040921167716609038
4033,-0.0074999999999999997,0.0074999999999999997,0,5.0532689219442318e-05,-5.1907819433590409e-05,-0.00049367342762966435
4034,-0.0066666666666666662,0.0074999999999999997,0,4.9439168407640608e-05,-5.8929325288394031e-05,-0.00058233067368274581
4035,-0.0058333333333333327,0.0074999999999999997,0,4.7006500313978313e-05,-6.5752268195850839e-05,-0.00067373563709686047
4036,-0.0049999999999999992,0.0074999999999999997,0,4.3107666782461458e-05,-7.2171416293743601e-05,-0.00076585209061855088
4037,-0.0041666666666666657,0.0074999999999999997,0,3.7483256969525601e-05,-7.7779635889615529e-05,-0.0008557513900320123
4038,-0.003333333333333334,0.0074999999999999997,0,3.0264436702093314e-05,-8.2269873023931706e-05,-0.00093955689766358672
4039,-0.0024999999999999988,0.0074999999999999997,0,2.1541897645600879e-05,-8.5343176607942069e-05,-0.00101253052360425
4040,-0.001666666666666667,0.0074999999999999997,0,1.1864572788879663e-05,-8.7127160468727845e-05,-0.0010697098355920388
4041,-0.00083333333333333176,0.0074999999999999997,0,1.7721997290238954e-06,-8.7658998033172754e-05,-0.0011067976562348153
4042,0,0.0074999999999999997,0,-7.6715168601324369e-06,-8.7322883504425668e-05,-0.0011208128109242807
4043,0.00083333333333333523,0.0074999999999999997,0,-1.6617529403901959e-05,-8.6407305461647446e-05,-0.0011109970958531974
4044,0.001666666666666667,0.0074999999999999997,0,-2.5088311201304476e-05,-8.4854573673091721e-05,-0.0010775969570486681
4045,0.0025000000000000022,0.0074999999999999997,0,-3.2738857269133682e-05,-8.2567856113203167e-05,-0.0010232187191372903
4046,0.003333333333333334,0.0074999999999999997,0,-3.9340343169078501e-05,-7.9354622037690507e-05,-0.00095190313546610972
4047,0.0041666666666666692,0.0074999999999999997,0,-4.4648810069630648e-05,-7.5064174681263281e-05,-0.00086856360063868737
4048,0.005000000000000001,0.0074999999999999997,0,-4.8613366624710141e-05,-6.9954316728159109e-05,-0.00077802677586282691
4049,0.0058333333333333362,0.0074999999999999997,0,-5.1240002897570514e-05,-6.4110291594023674e-05,-0.00068446735931364364
4050,0.006666666666666668,0.0074999999999999997,0,-5.2640682908801785e-05,-5.7827704712432737e-05,-0.00059119341029315227
4051,0.0074999999999999997,0.0074999999999999997,0,-5.2954286246698072e-05,-5.1306087380086463e-05,-0.00050057848661825232
4052,0.008333333333333335,0.0074999999999999997,0,-5.2229676845959743e-05,-4.4701387195359228e-05,-0.00041425828277340981
4053,0.0091666666666666667,0.0074999999999999997,0,-5.054811579847824e-05,-3.813783388979944e-05,-0.00033337303953566964
4054,0.010000000000000002,0.0074999999999999997,0,-4.7924008070434651e-05,-3.1689204315523817e-05,-0.00025877355634784834
4055,0.010833333333333334,0.0074999999999999997,0,-4.4298530771865636e-05,-2.5391536494513058e-05,-0.0001912176501927288
4056,0.011666666666666669,0.0074999999999999997,0,-3.9524060343110279e-05,-1.9245575157175141e-05,-0.00013153375209423097
4057,0.012500000000000001,0.0074999999999999997,0,-3.3302773691610569e-05,-1.3321389347549857e-05,-8.0729553431442498e-05
4058,0.013333333333333332,0.0074999999999999997,0,-2.52828272907339e-05,-8.0149200177189211e-06,-4.0196712174906686e-05
4059,0.014166666666666671,0.0074999999999999997,0,-1.353060580197419e-05,-3.3332166833041193e-06,-1.3202692247633058e-05
4060,0.015000000000000003,0.0074999999999999997,0,0,0,0
4061,0.015833333333333335,0.0074999999999999997,0,0,0,0
4062,0.016666666666666666,0.0074999999999999997,0,0,0,0
4063,0.017500000000000005,0.0074999999999999997,0,0,0,0
4064,0.018333333333333337,0.0074999999999999997,0,0,0,0
4065,0.019166666666666669,0.0074999999999999997,0,0,0,0
4066,0.02,0.0074999999999999997,0,0,0,0
4067,-0.02,0.008333333333333335,0,0,0,0
4068,-0.019166666666666669,0.008333333333333335,0,0,0,0
4069,-0.018333333333333333,0.008333333333333335,0,0,0,0
4070,-0.017500000000000002,0.008333333333333335,0,0,0,0
4071,-0.016666666666666666,0.008333333333333335,0,0,0,0
4072,-0.015833333333333335,0.008333333333333335,0,0,0,0
4073,-0.014999999999999999,0.008333333333333335,0,0,0,0
4074,-0.014166666666666668,0.008333333333333335,0,1.0788002184870617e-05,-2.9434480321179987e-06,-1.0406280926433859e-05
4075,-0.013333333333333332,0.008333333333333335,0,2.0460418363345636e-05,-7.2256624436436277e-06,-3.2053824242712744e-05
4076,-0.012500000000000001,0.008333333333333335,0,2.7563710381104269e-05,-1.2390894208358305e-05,-6.5106420051436948e-05
4077,-0.011666666666666667,0.008333333333333335,0,3.3179193954558518e-05,-1.8221287437982691e-05,-0.00010695416740797135
4078,-0.010833333333333334,0.008333333333333335,0,3.7446182343746886e-05,-2.4376237012737427e-05,-0.000156310637994779
4079,-0.01,0.008333333333333335,0,4.0564961654144154e-05,-3.0789794631825529e-05,-0.00021205417120086041
4080,-0.0091666666666666667,0.008333333333333335,0,4.2667884307904542e-05,-3.7428776413132003e-05,-0.00027327578974716454
4081,-0.0083333333333333332,0.008333333333333335,0,4.3811653011550477e-05,-4.4243795440961826e-05,-0.00033913051618083602
4082,-0.0074999999999999997,0.008333333333333335,0,4.3991500938981715e-05,-5.1170311157507766e-05,-0.00040874471816878502
4083,-0.0066666666666666662,0.008333333333333335,0,4.3157314600756965e-05,-5.8078111392727414e-05,-0.00048106327304471162
4084,-0.0058333333333333327,0.008333333333333335,0,4.1249811119430456e-05,-6.4835326575198821e-05,-0.0005547240958496103
4085,-0.0049999999999999992,0.008333333333333335,0,3.8120305458256211e-05,-7.123147005368556e-05,-0.00062795754518735929
4086,-0.0041666666666666657,0.008333333333333335,0,3.3708068169263159e-05,-7.7041782958912178e-05,-0.00069845899124566248
4087,-0.003333333333333334,0.008333333333333335,0,2.7913608194327754e-05,-8.1994723130022619e-05,-0.00076327575411287046
4088,-0.0024999999999999988,0.008333333333333335,0,2.0956447459184492e-05,-8.5845476325965313e-05,-0.00081909554761802064
4089,-0.001666666666666667,0.008333333333333335,0,1.2992982941605531e-05,-8.8566948389439307e-05,-0.0008625032168679673
4090,-0.00083333333333333176,0.008333333333333335,0,4.4912962695132931e-06,-9.0017710769279522e-05,-0.00089059968839173191
4091,0,0.008333333333333335,0,-4.0242407982965034e-06,-9.037871186976868e-05,-0.0009013841651689346
4092,0.00083333333333333523,0.008333333333333335,0,-1.2319088366758841e-05,-8.9657606599189389e-05,-0.00089410048981458017
4093,0.001666666666666667,0.008333333333333335,0,-2.0191034695022131e-05,-8.7888333362143496e-05,-0.00086905937570132025
4094,0.0025000000000000022,0.008333333333333335,0,-2.7303562573666409e-05,-8.5034482522350105e-05,-0.00082795586299615719
4095,0.003333333333333334,0.008333333333333335,0,-3.3377262228642503e-05,-8.1127514338319003e-05,-0.00077353886360632994
4096,0.0041666666666666692,0.008333333333333335,0,-3.8227353927491493e-05,-7.625284340263289e-05,-0.00070917658555914051
4097,0.005000000000000001,0.008333333333333335,0,-4.1834932375326854e-05,-7.0641100305315842e-05,-0.00063831608660059767
4098,0.0058333333333333362,0.008333333333333335,0,-4.4240482582436912e-05,-6.4471341533388742e-05,-0.00056402543429892604
4099,0.006666666666666668,0.008333333333333335,0,-4.5542155782599553e-05,-5.7960135844058245e-05,-0.0004888773231211199
4100,0.0074999999999999997,0.008333333333333335,0,-4.5821503430163531e-05,-5.1267136674893146e-05,-0.00041491418948829648
4101,0.008333333333333335,0.008333333333333335,0,-4.5153144196771148e-05,-4.4527983168142726e-05,-0.00034369566690984764
4102,0.0091666666666666667,0.008333333333333335,0,-4.359916640559197e-05,-3.7837270884202151e-05,-0.0002764144634997754
4103,0.010000000000000002,0.008333333333333335,0,-4.1164157355716376e-05,-3.1267994446457619e-05,-0.00021404830609389943
4104,0.010833333333333334,0.008333333333333335,0,-3.7807468120181303e-05,-2.4875046443122549e-05,-0.00015746661336609193
4105,0.011666666666666669,0.008333333333333335,0,-3.3408494628090096e-05,-1.8687370185724769e-05,-0.00010757291110575914
4106,0.012500000000000001,0.008333333333333335,0,-2.7743776842774758e-05,-1.2785396750052161e-05,-6.5397684207126581e-05
4107,0.013333333333333332,0.008333333333333335,0,-2.0635028346516078e-05,-7.5609347901862059e-06,-3.2175121058286567e-05
4108,0.014166666666666671,0.008333333333333335,0,-1.0807183495641794e-05,-3.1097168973091258e-06,-1.0449823733908981e-05
4109,0.015000000000000003,0.008333333333333335,0,0,0,0
4110,0.015833333333333335,0.008333333333333335,0,0,0,0
4111,0.016666666666666666,0.008333333333333335,0,0,0,0
4112,0.017500000000000005,0.008333333333333335,0,0,0,0
4113,0.018333333333333337,0.008333333333333335,0,0,0,0
4114,0.019166666666666669,0.008333333333333335,0,0,0,0
4115,0.02,0.008333333333333335,0,0,0,0
4116,-0.02,0.0091666666666666667,0,0,0,0
4117,-0.019166666666666669,0.0091666666666666667,0,0,0,0
4118,-0.018333333333333333,0.0091666666666666667,0,0,0,0
4119,-0.017500000000000002,0.0091666666666666667,0,0,0,0
4120,-0.016666666666666666,0.0091666666666666667,0,0,0,0
4121,-0.015833333333333335,0.0091666666666666667,0,0,0,0
4122,-0.014999999999999999,0.0091666666666666667,0,0,0,0
4123,-0.014166666666666668,0.0091666666666666667,0,8.2652545939139268e-06,-2.6801230125603521e-06,-7.8834985669169132e-06
4124,-0.013333333333333332,0.0091666666666666667,0,1.6121251939215015e-05,-6.6329404550387013e-06,-2.4553533445459497e-05
4125,-0.012500000000000001,0.0091666666666666667,0,2.2236193239810592e-05,-1.1541431895516497e-05,-5.0611982009164083e-05
4126,-0.011666666666666667,0.0091666666666666667,0,2.7238510210687798e-05,-1.7169058907749787e-05,-8.4163536894770315e-05
4127,-0.010833333333333334,0.0091666666666666667,0,3.1144673832223003e-05,-2.3186184664009254e-05,-0.00012414067348435079
4128,-0.01,0.0091666666666666667,0,3.4067703967513918e-05,-2.9501954659188935e-05,-0.00016951467094318925
4129,-0.0091666666666666667,0.0091666666666666667,0,3.6080625523808986e-05,-3.6046871108725979e-05,-0.00021938247507273897
4130,-0.0083333333333333332,0.0091666666666666667,0,3.7231944745582245e-05,-4.2751100706192766e-05,-0.00027288428892172122
4131,-0.0074999999999999997,0.0091666666666666667,0,3.7530897003939464e-05,-4.9531997299331697e-05,-0.00032912921624605801
4132,-0.0066666666666666662,0.0091666666666666667,0,3.6952584487875228e-05,-5.6298268856174996e-05,-0.0003871215365882519
4133,-0.0058333333333333327,0.0091666666666666667,0,3.543735960394934e-05,-6.2904322437438585e-05,-0.00044565635570681253
4134,-0.0049999999999999992,0.0091666666666666667,0,3.2927267102855111e-05,-6.9197333731038757e-05,-0.00050324708057833303
4135,-0.0041666666666666657,0.0091666666666666667,0,2.9332306533835146e-05,-7.4981693167250831e-05,-0.00055804363933902393
4136,-0.003333333333333334,0.0091666666666666667,0,2.466879469536642e-05,-8.0054040640061604e-05,-0.00060788583886690797
4137,-0.0024999999999999988,0.0091666666666666667,0,1.8959405596974585e-05,-8.4185507100603541e-05,-0.00065041630540678256
4138,-0.001666666666666667,0.0091666666666666667,0,1.2434390223896615e-05,-8.7233789099827347e-05,-0.0006833034359437825
4139,-0.00083333333333333176,0.0091666666666666667,0,5.3200304429293705e-06,-8.9094678886398321e-05,-0.00070455412642462427
4140,0,0.0091666666666666667,0,-1.994384592497077e-06,-8.9736492476285497e-05,-0.00071279161007376847
4141,0.00083333333333333523,0.0091666666666666667,0,-9.2430559957696542e-06,-8.9148756306797159e-05,-0.0007074238553595629
4142,0.001666666666666667,0.0091666666666666667,0,-1.6147665969196598e-05,-8.7340475088010816e-05,-0.00068869165010140994
4143,0.0025000000000000022,0.0091666666666666667,0,-2.2408829713776325e-05,-8.4350186174241243e-05,-0.00065772054476236617
4144,0.003333333333333334,0.0091666666666666667,0,-2.7780697064851216e-05,-8.0276089736511531e-05,-0.00061636442991259792
4145,0.0041666666666666692,0.0091666666666666667,0,-3.2088959780250706e-05,-7.5272733784298291e-05,-0.00056693711664988365
4146,0.005000000000000001,0.0091666666666666667,0,-3.5293198792562167e-05,-6.957218990001717e-05,-0.00051188565629095887
4147,0.0058333333333333362,0.0091666666666666667,0,-3.7433538480484566e-05,-6.3361718833904705e-05,-0.00045350419965198605
4148,0.006666666666666668,0.0091666666666666667,0,-3.8576075117682343e-05,-5.682644829160888e-05,-0.00039380843172650778
4149,0.0074999999999999997,0.0091666666666666667,0,-3.8804825980882428e-05,-5.0120744733388356e-05,-0.00033448039529366727
4150,0.008333333333333335,0.0091666666666666667,0,-3.8172281215944153e-05,-4.3364076639704233e-05,-0.00027689425356537662
4151,0.0091666666666666667,0.0091666666666666667,0,-3.6727290636182068e-05,-3.6656734934747136e-05,-0.00022220242265019141
4152,0.010000000000000002,0.0091666666666666667,0,-3.4479944024819199e-05,-3.0083864097716485e-05,-0.00017137570718576452
4153,0.010833333333333334,0.0091666666666666667,0,-3.1411432374045782e-05,-2.3721873796571485e-05,-0.0001252862555204813
4154,0.011666666666666669,0.0091666666666666667,0,-2.7433784436020941e-05,-1.7631023532932016e-05,-8.4822920674419971e-05
4155,0.012500000000000001,0.0091666666666666667,0,-2.2404255709544655e-05,-1.1904916502732036e-05,-5.0950853952368018e-05
4156,0.013333333333333332,0.0091666666666666667,0,-1.6281502309716501e-05,-6.9149807297022807e-06,-2.4697467672810306e-05
4157,0.014166666666666671,0.0091666666666666667,0,-8.2925909307159469e-06,-2.8049704378884601e-06,-7.9273595302435576e-06
4158,0.015000000000000003,0.0091666666666666667,0,0,0,0
4159,0.015833333333333335,0.0091666666666666667,0,0,0,0
4160,0.016666666666666666,0.0091666666666666667,0,0,0,0
4161,0.017500000000000005,0.0091666666666666667,0,0,0,0
4162,0.018333333333333337,0.0091666666666666667,0,0,0,0
4163,0.019166666666666669,0.0091666666666666667,0,0,0,0
4164,0.02,0.0091666666666666667,0,0,0,0
4165,-0.02,0.010000000000000002,0,0,0,0
4166,-0.019166666666666669,0.010000000000000002,0,0,0,0
4167,-0.018333333333333333,0.010000000000000002,0,0,0,0
4168,-0.017500000000000002,0.010000000000000002,0,0,0,0
4169,-0.016666666666666666,0.010000000000000002,0,0,0,0
4170,-0.015833333333333335,0.010000000000000002,0,0,0,0
4171,-0.014999999999999999,0.010000000000000002,0,0,0,0
4172,-0.014166666666666668,0.010000000000000002,0,6.0329312113939662e-06,-2.3442206293711424e-06,-5.6591599732898669e-06
4173,-0.013333333333333332,0.010000000000000002,0,1.2175049171097322e-05,-5.8654013941598287e-06,-1.7824166592124279e-05
4174,-0.012500000000000001,0.010000000000000002,0,1.7247340304894283e-05,-1.037080353630799e-05,-3.7428472560566146e-05
4175,-0.011666666666666667,0.010000000000000002,0,2.1554632707300954e-05,-1.56480212733753e-05,-6.3195266672110969e-05
4176,-0.010833333333333334,0.010000000000000002,0,2.5025422563626504e-05,-2.139712423480777e-05,-9.4325658753573326e-05
4177,-0.01,0.010000000000000002,0,2.770352033310535e-05,-2.7501799332909585e-05,-0.00012994405603189427
4178,-0.0091666666666666667,0.010000000000000002,0,2.9614717690023271e-05,-3.386200460265871e-05,-0.00016923663826877021
4179,-0.0083333333333333332,0.010000000000000002,0,3.0777350367022369e-05,-4.0387613775640702e-05,-0.00021140845724341387
4180,-0.0074999999999999997,0.010000000000000002,0,3.1200581826452231e-05,-4.6987519987822904e-05,-0.00025564248257309703
4181,-0.0066666666666666662,0.010000000000000002,0,3.0859349243600725e-05,-5.3552518085002828e-05,-0.00030104245481839487
4182,-0.0058333333333333327,0.010000000000000002,0,2.9717176898823237e-05,-5.9971146319046071e-05,-0.00034658976413813592
4183,-0.0049999999999999992,0.010000000000000002,0,2.7722574372806166e-05,-6.6096460665970958e-05,-0.00039106178692701585
4184,-0.0041666666666666657,0.010000000000000002,0,2.484778666711882e-05,-7.1756665180172251e-05,-0.00043302791357552491
4185,-0.003333333333333334,0.010000000000000002,0,2.106083988827777e-05,-7.6750654215277351e-05,-0.00047089686075696657
4186,-0.0024999999999999988,0.010000000000000002,0,1.644302261803931e-05,-8.0887720367797097e-05,-0.00050299363858890276
4187,-0.001666666666666667,0.010000000000000002,0,1.1109866494902166e-05,-8.4017922503683813e-05,-0.00052770059503639221
4188,-0.00083333333333333176,0.010000000000000002,0,5.2766880234378907e-06,-8.6003372193258686e-05,-0.00054364679071366713
4189,0,0.010000000000000002,0,-8.2171113754758802e-07,-8.6764706606607059e-05,-0.00054987718486788006
4190,0.00083333333333333523,0.010000000000000002,0,-6.9103965613555722e-06,-8.6255261185336088e-05,-0.00054595614267651665
4191,0.001666666666666667,0.010000000000000002,0,-1.273832198756011e-05,-8.4505656017112355e-05,-0.00053204877780095138
4192,0.0025000000000000022,0.010000000000000002,0,-1.8051778642067785e-05,-8.1572066253822616e-05,-0.00050890048788731297
4193,0.003333333333333334,0.010000000000000002,0,-2.2628321466225988e-05,-7.7567924703976962e-05,-0.00047776360937801986
4194,0.0041666666666666692,0.010000000000000002,0,-2.6318184369482275e-05,-7.266067650294657e-05,-0.00044024488624809597
4195,0.005000000000000001,0.010000000000000002,0,-2.9071819707968603e-05,-6.7057631619499086e-05,-0.00039808635325290351
4196,0.0058333333333333362,0.010000000000000002,0,-3.0900999138177052e-05,-6.0952318560614196e-05,-0.00035300329096492865
4197,0.006666666666666668,0.010000000000000002,0,-3.186126235134481e-05,-5.452062136185862e-05,-0.00030655329305591053
4198,0.0074999999999999997,0.010000000000000002,0,-3.1999814136543652e-05,-4.7900037703637296e-05,-0.00026009329063973041
4199,0.008333333333333335,0.010000000000000002,0,-3.1378121586877499e-05,-4.1224562705684149e-05,-0.00021479372633292389
4200,0.0091666666666666667,0.010000000000000002,0,-3.0031123837615002e-05,-3.4604206835762841e-05,-0.00017166925401144884
4201,0.010000000000000002,0.010000000000000002,0,-2.7979433686902523e-05,-2.8146521390480603e-05,-0.00013160224526460377
4202,0.010833333333333334,0.010000000000000002,0,-2.5227932328791279e-05,-2.1950129865994333e-05,-9.5394338524783064e-05
4203,0.011666666666666669,0.010000000000000002,0,-2.172510754366834e-05,-1.6099480866982517e-05,-6.3841039923207156e-05
4204,0.012500000000000001,0.010000000000000002,0,-1.7403130022294237e-05,-1.0707390759681077e-05,-3.7770160949735818e-05
4205,0.013333333333333332,0.010000000000000002,0,-1.2315749820842828e-05,-6.1006351889887939e-06,-1.796625486978958e-05
4206,0.014166666666666671,0.010000000000000002,0,-6.0598393947766694e-06,-2.4370076517995665e-06,-5.6993794690372694e-06
4207,0.015000000000000003,0.010000000000000002,0,0,0,0
4208,0.015833333333333335,0.010000000000000002,0,0,0,0
4209,0.016666666666666666,0.010000000000000002,0,0,0,0
4210,0.017500000000000005,0.010000000000000002,0,0,0,0
4211,0.018333333333333337,0.010000000000000002,0,0,0,0
4212,0.019166666666666669,0.010000000000000002,0,0,0,0
4213,0.02,0.010000000000000002,0,0,0,0
4214,-0.02,0.010833333333333334,0,0,0,0
4215,-0.019166666666666669,0.010833333333333334,0,0,0,0
4216,-0.018333333333333333,0.010833333333333334,0,0,0,0
4217,-0.017500000000000002,0.010833333333333334,0,0,0,0
4218,-0.016666666666666666,0.010833333333333334,0,0,0,0
4219,-0.015833333333333335,0.010833333333333334,0,0,0,0
4220,-0.014999999999999999,0.010833333333333334,0,0,0,0
4221,-0.014166666666666668,0.010833333333333334,0,4.1283324968369677e-06,-1.945337342028373e-06,-3.7917667900397435e-06
4222,-0.013333333333333332,0.010833333333333334,0,8.7082910412966285e-06,-4.9500034652938275e-06,-1.2047510164424779e-05
4223,-0.012500000000000001,0.010833333333333334,0,1.2717985969341896e-05,-8.9196826819975876e-06,-2.5903207020880906e-05
4224,-0.011666666666666667,0.010833333333333334,0,1.6265775133615915e-05,-1.3694305737366969e-05,-4.4585937025560172e-05
4225,-0.010833333333333334,0.010833333333333334,0,1.9227176403945058e-05,-1.9021344360242998e-05,-6.7563671887093058e-05
4226,-0.01,0.010833333333333334,0,2.1590400392288503e-05,-2.4775181944254553e-05,-9.4167669519810206e-05
4227,-0.0091666666666666667,0.010833333333333334,0,2.3346239136385461e-05,-3.0837726527090472e-05,-0.00012373261325399523
4228,-0.0083333333333333332,0.010833333333333334,0,2.4490131681562482e-05,-3.7098578396277701e-05,-0.00015558549290171903
4229,-0.0074999999999999997,0.010833333333333334,0,2.5011348044478561e-05,-4.345047727439113e-05,-0.0001890320408309103
4230,-0.0066666666666666662,0.010833333333333334,0,2.4891949730187095e-05,-4.9783775975690097e-05,-0.0002233193510493091
4231,-0.0058333333333333327,0.010833333333333334,0,2.4096538353969796e-05,-5.5968367081576165e-05,-0.00025759847264313892
4232,-0.0049999999999999992,0.010833333333333334,0,2.2593980965711316e-05,-6.1872455383115785e-05,-0.00029091431773689417
4233,-0.0041666666666666657,0.010833333333333334,0,2.0350781868121055e-05,-6.7335911654513685e-05,-0.00032219543990095952
4234,-0.003333333333333334,0.010833333333333334,0,1.7380351933622784e-05,-7.2180412724811443e-05,-0.00035027767126981265
4235,-0.0024999999999999988,0.010833333333333334,0,1.3722946606567366e-05,-7.6224051832473935e-05,-0.00037396566669377921
4236,-0.001666666666666667,0.010833333333333334,0,9.4881962089180616e-06,-7.9307476917884597e-05,-0.00039214574683187889
4237,-0.00083333333333333176,0.010833333333333334,0,4.8109586585404197e-06,-8.1303169250260946e-05,-0.0004038772577877128
4238,0,0.010833333333333334,0,-1.0617981342388377e-07,-8.2102933442788797e-05,-0.00040849262528359058
4239,0.00083333333333333523,0.010833333333333334,0,-5.0517478872826227e-06,-8.166844823148435e-05,-0.00040567875221947635
4240,0.001666666666666667,0.010833333333333334,0,-9.8005248130858499e-06,-8.0012826080170908e-05,-0.00039553738706468131
4241,0.0025000000000000022,0.010833333333333334,0,-1.4144116197188539e-05,-7.7195717883029222e-05,-0.00037856556938735739
4242,0.003333333333333334,0.010833333333333334,0,-1.7896934471642756e-05,-7.333771253691198e-05,-0.00035561515499555279
4243,0.0041666666666666692,0.010833333333333334,0,-2.093303978190307e-05,-6.8605838478233267e-05,-0.00032780049162784894
4244,0.005000000000000001,0.010833333333333334,0,-2.3190904304763806e-05,-6.3185769335293441e-05,-0.00029636740853967872
4245,0.0058333333333333362,0.010833333333333334,0,-2.467684685646885e-05,-5.7262639238192478e-05,-0.00026257145815238015
4246,0.006666666666666668,0.010833333333333334,0,-2.5411729236571693e-05,-5.100033316762798e-05,-0.0002275932155024779
4247,0.0074999999999999997,0.010833333333333334,0,-2.5443442670728382e-05,-4.4553185149337158e-05,-0.00019250752095557484
4248,0.008333333333333335,0.010833333333333334,0,-2.4820241658620438e-05,-3.805760300314765e-05,-0.00015826200117163226
4249,0.0091666666666666667,0.010833333333333334,0,-2.3579036413317679e-05,-3.1644338096285313e-05,-0.00012569396965004672
4250,0.010000000000000002,0.010833333333333334,0,-2.1754023847421286e-05,-2.5441275155249289e-05,-9.5541883621227944e-05
4251,0.010833333333333334,0.010833333333333334,0,-1.9368303462183071e-05,-1.9565977798077149e-05,-6.8478202000775215e-05
4252,0.011666666666666669,0.010833333333333334,0,-1.6402642803680794e-05,-1.4117222934584835e-05,-4.5148775079374152e-05
4253,0.012500000000000001,0.010833333333333334,0,-1.2849206541136916e-05,-9.2195818742733815e-06,-2.620035182330089e-05
4254,0.013333333333333332,0.010833333333333334,0,-8.819687047260265e-06,-5.1395385833048408e-06,-1.216311483974808e-05
4255,0.014166666666666671,0.010833333333333334,0,-4.1548983023899424e-06,-2.0141084247517332e-06,-3.8211230834405856e-06
4256,0.015000000000000003,0.010833333333333334,0,0,0,0
4257,0.015833333333333335,0.010833333333333334,0,0,0,0
4258,0.016666666666666666,0.010833333333333334,0,0,0,0
4259,0.017500000000000005,0.010833333333333334,0,0,0,0
4260,0.018333333333333337,0.010833333333333334,0,0,0,0
4261,0.019166666666666669,0.010833333333333334,0,0,0,0
4262,0.02,0.010833333333333334,0,0,0,0
4263,-0.02,0.011666666666666669,0,0,0,0
4264,-0.019166666666666669,0.011666666666666669,0,0,0,0
4265,-0.018333333333333333,0.011666666666666669,0,0,0,0
4266,-0.017500000000000002,0.011666666666666669,0,0,0,0
4267,-0.016666666666666666,0.011666666666666669,0,0,0,0
4268,-0.015833333333333335,0.011666666666666669,0,0,0,0
4269,-0.014999999999999999,0.011666666666666669,0,0,0,0
4270,-0.014166666666666668,0.011666666666666669,0,2.582905360072646e-06,-1.4970169047075791e-06,-2.3130209909766784e-06
4271,-0.013333333333333332,0.011666666666666669,0,5.7718351923830098e-06,-3.9121505486814772e-06,-7.3685968189363129e-06
4272,-0.012500000000000001,0.011666666666666669,0,8.7417548346661077e-06,-7.2294419284509326e-06,-1.6329994682291681e-05
4273,-0.011666666666666667,0.011666666666666669,0,1.1483820225895828e-05,-1.1347316410137525e-05,-2.8814052373573403e-05
4274,-0.010833333333333334,0.011666666666666669,0,1.3859770870178585e-05,-1.6077448912225178e-05,-4.4521802671045207e-05
4275,-0.01,0.011666666666666669,0,1.5826290773612013e-05,-2.1304365898552886e-05,-6.3002239548778591e-05
4276,-0.0091666666666666667,0.011666666666666669,0,1.7352344564753749e-05,-2.6909128741728117e-05,-8.3772895236245172e-05
4277,-0.0083333333333333332,0.011666666666666669,0,1.8413990935042855e-05,-3.2774945124329095e-05,-0.00010632382636592207
4278,-0.0074999999999999997,0.011666666666666669,0,1.8987754757248355e-05,-3.87827744498408e-05,-0.00013011614890633916
4279,-0.0066666666666666662,0.011666666666666669,0,1.9045687270336468e-05,-4.4801520353483352e-05,-0.00015455761619273794
4280,-0.0058333333333333327,0.011666666666666669,0,1.8558636307088469e-05,-5.0691923452921396e-05,-0.00017899335196858279
4281,-0.0049999999999999992,0.011666666666666669,0,1.7500503660487654e-05,-5.6313099051315037e-05,-0.00020270754615047391
4282,-0.0041666666666666657,0.011666666666666669,0,1.5867161873639685e-05,-6.1524295669318079e-05,-0.00022491855198438821
4283,-0.003333333333333334,0.011666666666666669,0,1.3656647102374946e-05,-6.6158559845093121e-05,-0.00024480030928379854
4284,-0.0024999999999999988,0.011666666666666669,0,1.090654438303774e-05,-7.0048982384405775e-05,-0.00026153288846832276
4285,-0.001666666666666667,0.011666666666666669,0,7.6825555715621663e-06,-7.3035452367118748e-05,-0.00027435728070042691
4286,-0.00083333333333333176,0.011666666666666669,0,4.1011398700076246e-06,-7.4983673205350634e-05,-0.00028263031244012908
4287,0,0.011666666666666669,0,3.0690772494081616e-07,-7.5795903227209472e-05,-0.00028590073969882542
4288,0.00083333333333333523,0.011666666666666669,0,-3.5266000008317061e-06,-7.5419091177345219e-05,-0.00028395100532403218
4289,0.001666666666666667,0.011666666666666669,0,-7.2204195376835052e-06,-7.3855762603838005e-05,-0.00027683526926835979
4290,0.0025000000000000022,0.011666666666666669,0,-1.0603600697827402e-05,-7.1177443644828244e-05,-0.00026487890404156911
4291,0.003333333333333334,0.011666666666666669,0,-1.3526629195844966e-05,-6.7505275024892046e-05,-0.00024865222020529386
4292,0.0041666666666666692,0.011666666666666669,0,-1.5878983286906609e-05,-6.2988749132858977e-05,-0.00022892003732113254
4293,0.005000000000000001,0.011666666666666669,0,-1.7612654211395689e-05,-5.7795943330454798e-05,-0.00020656424449259556
4294,0.0058333333333333362,0.011666666666666669,0,-1.8714148252998125e-05,-5.2103355310146287e-05,-0.00018248934023459303
4295,0.006666666666666668,0.011666666666666669,0,-1.9209298452573858e-05,-4.6084433881967838e-05,-0.00015755767936717356
4296,0.0074999999999999997,0.011666666666666669,0,-1.9136256047041321e-05,-3.9911066873796639e-05,-0.00013256343249638499
4297,0.008333333333333335,0.011666666666666669,0,-1.8531359007246351e-05,-3.3733068963558751e-05,-0.00010822823164017906
4298,0.0091666666666666667,0.011666666666666669,0,-1.7438195327446327e-05,-2.769536677864002e-05,-8.5192522228055593e-05
4299,0.010000000000000002,0.011666666666666669,0,-1.5902325683577649e-05,-2.1935474933536071e-05,-6.4019240346097135e-05
4300,0.010833333333333334,0.011666666666666669,0,-1.3949156253008948e-05,-1.6572476731110161e-05,-4.5211269484973268e-05
4301,0.011666666666666669,0.011666666666666669,0,-1.1586003561712642e-05,-1.1714238607529524e-05,-2.9239167579995181e-05
4302,0.012500000000000001,0.011666666666666669,0,-8.8447056771224178e-06,-7.4768043550476854e-06,-1.6549753848038186e-05
4303,0.013333333333333332,0.011666666666666669,0,-5.8549728257248525e-06,-4.056835738655571e-06,-7.4447475524436485e-06
4304,0.014166666666666671,0.011666666666666669,0,-2.6029079680521668e-06,-1.543741321185445e-06,-2.33232114082072e-06
4305,0.015000000000000003,0.011666666666666669,0,0,0,0
4306,0.015833333333333335,0.011666666666666669,0,0,0,0
4307,0.016666666666666666,0.011666666666666669,0,0,0,0
4308,0.017500000000000005,0.011666666666666669,0,0,0,0
4309,0.018333333333333337,0.011666666666666669,0,0,0,0
4310,0.019166666666666669,0.011666666666666669,0,0,0,0
4311,0.02,0.011666666666666669,0,0,0,0
4312,-0.02,0.012500000000000001,0,0,0,0
4313,-0.019166666666666669,0.012500000000000001,0,0,0,0
4314,-0.018333333333333333,0.012500000000000001,0,0,0,0
4315,-0.017500000000000002,0.012500000000000001,0,0,0,0
4316,-0.016666666666666666,0.012500000000000001,0,0,0,0
4317,-0.015833333333333335,0.012500000000000001,0,0,0,0
4318,-0.014999999999999999,0.012500000000000001,0,0,0,0
4319,-0.014166666666666668,0.012500000000000001,0,1.4141186359454754e-06,-1.0273530481473709e-06,-1.2099825583776976e-06
4320,-0.013333333333333332,0.012500000000000001,0,3.4041285755990977e-06,-2.7852216928536999e-06,-3.9000926985547851e-06
4321,-0.012500000000000001,0.012500000000000001,0,5.4005191934444584e-06,-5.3434791709858034e-06,-8.9532184330041813e-06
4322,-0.011666666666666667,0.012500000000000001,0,7.3213362090151882e-06,-8.645690702090223e-06,-1.6304718066055874e-05
4323,-0.010833333333333334,0.012500000000000001,0,9.0464276591458074e-06,-1.2574663743849893e-05,-2.583066973398923e-05
4324,-0.01,0.012500000000000001,0,1.0527905404700794e-05,-1.7045161840868625e-05,-3.7273896593972155e-05
4325,-0.0091666666666666667,0.012500000000000001,0,1.1728152209233397e-05,-2.1961291019076505e-05,-5.0334494741821807e-05
4326,-0.0083333333333333332,0.012500000000000001,0,1.2619395317777036e-05,-2.7215408721978137e-05,-6.4677415098986506e-05
4327,-0.0074999999999999997,0.012500000000000001,0,1.3168801568352356e-05,-3.2686480440833972e-05,-7.9936163028106086e-05
4328,-0.0066666666666666662,0.012500000000000001,0,1.3345110723978221e-05,-3.8238735913808586e-05,-9.5696183869847502e-05
4329,-0.0058333333333333327,0.012500000000000001,0,1.3122976771494738e-05,-4.3713388500883007e-05,-0.0001115148911551424
4330,-0.0049999999999999992,0.012500000000000001,0,1.2483869861811811e-05,-4.8967706334119022e-05,-0.00012689784308523639
4331,-0.0041666666666666657,0.012500000000000001,0,1.1412401651626496e-05,-5.3854001666044421e-05,-0.00014131651093632472
4332,-0.003333333333333334,0.012500000000000001,0,9.9100266790680785e-06,-5.821080415360584e-05,-0.00015422725254393173
4333,-0.0024999999999999988,0.012500000000000001,0,7.9974578383180573e-06,-6.1879565517101363e-05,-0.00016509184358814009
4334,-0.001666666666666667,0.012500000000000001,0,5.7296995080615106e-06,-6.4706244575918952e-05,-0.00017341488970609088
4335,-0.00083333333333333176,0.012500000000000001,0,3.1902561883395625e-06,-6.6559366032880449e-05,-0.00017877987698918692
4336,0,0.012500000000000001,0,4.867088965614539e-07,-6.7338848123152679e-05,-0.00018089201652270379
4337,0.00083333333333333523,0.012500000000000001,0,-2.2622675380609577e-06,-6.6997138834962186e-05,-0.00017961157414093202
4338,0.001666666666666667,0.012500000000000001,0,-4.9189253187861713e-06,-6.5538709296430857e-05,-0.00017496428286937181
4339,0.0025000000000000022,0.012500000000000001,0,-7.3454222694658692e-06,-6.3028124701826089e-05,-0.0001671627800282893
4340,0.003333333333333334,0.012500000000000001,0,-9.4281246421944388e-06,-5.955862247746351e-05,-0.00015658514259256752
4341,0.0041666666666666692,0.012500000000000001,0,-1.1080865415012246e-05,-5.5279392511235581e-05,-0.00014374163305826287
4342,0.005000000000000001,0.012500000000000001,0,-1.2263496664569985e-05,-5.0362473021227429e-05,-0.00012921645855329877
4343,0.0058333333333333362,0.012500000000000001,0,-1.2982113771011386e-05,-4.4997880972165968e-05,-0.00011360402183447502
4344,0.006666666666666668,0.012500000000000001,0,-1.3253359614882035e-05,-3.9377758400788018e-05,-9.7481113325093027e-05
4345,0.0074999999999999997,0.012500000000000001,0,-1.3103233563831837e-05,-3.3673300324998222e-05,-8.139258773982199e-05
4346,0.008333333333333335,0.012500000000000001,0,-1.2571310013009401e-05,-2.8041398707726331e-05,-6.5827356519134071e-05
4347,0.0091666666666666667,0.012500000000000001,0,-1.1703177220777087e-05,-2.2630954698202338e-05,-5.1212727408465232e-05
4348,0.010000000000000002,0.012500000000000001,0,-1.0537389879899545e-05,-1.7574936051558199e-05,-3.792006375256039e-05
4349,0.010833333333333334,0.012500000000000001,0,-9.091375567357441e-06,-1.2975094797846253e-05,-2.6275689239394635e-05
4350,0.011666666666666669,0.012500000000000001,0,-7.3886803807432541e-06,-8.9314004689612792e-06,-1.6576731083208415e-05
4351,0.012500000000000001,0.012500000000000001,0,-5.474597988225276e-06,-5.5262134088759558e-06,-9.0849672909406419e-06
4352,0.013333333333333332,0.012500000000000001,0,-3.4649254779276443e-06,-2.8837796197776666e-06,-3.9407097312853146e-06
4353,0.014166666666666671,0.012500000000000001,0,-1.4328010156959657e-06,-1.0553255778356543e-06,-1.2359614578672605e-06
4354,0.015000000000000003,0.012500000000000001,0,0,0,0
4355,0.015833333333333335,0.012500000000000001,0,0,0,0
4356,0.016666666666666666,0.012500000000000001,0,0,0,0
4357,0.017500000000000005,0.012500000000000001,0,0,0,0
4358,0.018333333333333337,0.012500000000000001,0,0,0,0
4359,0.019166666666666669,0.012500000000000001,0,0,0,0
4360,0.02,0.012500000000000001,0,0,0,0
4361,-0.02,0.013333333333333332,0,0,0,0
4362,-0.019166666666666669,0.013333333333333332,0,0,0,0
4363,-0.018333333333333333,0.013333333333333332,0,0,0,0
4364,-0.017500000000000002,0.013333333333333332,0,0,0,0
4365,-0.016666666666666666,0.013333333333333332,0,0,0,0
4366,-0.015833333333333335,0.013333333333333332,0,0,0,0
4367,-0.014999999999999999,0.013333333333333332,0,0,0,0
4368,-0.014166666666666668,0.013333333333333332,0,6.2375225865522392e-07,-5.8088939770511183e-07,-4.7501270095933106e-07
4369,-0.013333333333333332,0.013333333333333332,0,1.6738867331779983e-06,-1.6631957125286988e-06,-1.6215357826494215e-06
4370,-0.012500000000000001,0.013333333333333332,0,2.8143964211704431e-06,-3.3769031504836901e-06,-3.8920622393124598e-06
4371,-0.011666666666666667,0.013333333333333332,0,3.9700858098289301e-06,-5.7185055394743726e-06,-7.34283571444883e-06
4372,-0.010833333333333334,0.013333333333333332,0,5.0449942469913187e-06,-8.6250410121332066e-06,-1.1993135483256833e-05
4373,-0.01,0.013333333333333332,0,6.0040653931683291e-06,-1.2058099785974191e-05,-1.7727428801656083e-05
4374,-0.0091666666666666667,0.013333333333333332,0,6.8219820035493137e-06,-1.5961267118065523e-05,-2.4399066449192392e-05
4375,-0.0083333333333333332,0.013333333333333332,0,7.4732711191958383e-06,-2.0252204698695289e-05,-3.1832022677779233e-05
4376,-0.0074999999999999997,0.013333333333333332,0,7.9319527721685467e-06,-2.4827087469373427e-05,-3.9831854928130831e-05
4377,-0.0066666666666666662,0.013333333333333332,0,8.1695833579067422e-06,-2.9570296006523546e-05,-4.8175851633673059e-05
4378,-0.0058333333333333327,0.013333333333333332,0,8.1551668325503167e-06,-3.4330454645690011e-05,-5.6605197296653683e-05
4379,-0.0049999999999999992,0.013333333333333332,0,7.8660413857715109e-06,-3.8949386435976151e-05,-6.4843073708389072e-05
4380,-0.0041666666666666657,0.013333333333333332,0,7.2900855480436361e-06,-4.3282202727187688e-05,-7.2599533221987168e-05
4381,-0.003333333333333334,0.013333333333333332,0,6.4197479505760351e-06,-4.7175127646096589e-05,-7.9568061561841489e-05
4382,-0.0024999999999999988,0.013333333333333332,0,5.2667422579926085e-06,-5.0472799142028899e-05,-8.5435796674553392e-05
4383,-0.001666666666666667,0.013333333333333332,0,3.8614048839450516e-06,-5.3018807916911045e-05,-8.9919987101632113e-05
4384,-0.00083333333333333176,0.013333333333333332,0,2.2630874419944523e-06,-5.4687908156502677e-05,-9.2796952933273859e-05
4385,0,0.013333333333333332,0,5.4439821762610052e-07,-5.5371315823803262e-05,-9.3912185839330339e-05
4386,0.00083333333333333523,0.013333333333333332,0,-1.2055798118346454e-06,-5.5030249416490079e-05,-9.318287819874581e-05
4387,0.001666666666666667,0.013333333333333332,0,-2.8927248317916923e-06,-5.3675455485220881e-05,-9.0628867292733887e-05
4388,0.0025000000000000022,0.013333333333333332,0,-4.419750496732977e-06,-5.1356115897439975e-05,-8.6365718942952525e-05
4389,0.003333333333333334,0.013333333333333332,0,-5.7053858315085734e-06,-4.8190224811248906e-05,-8.0611044317034937e-05
4390,0.0041666666666666692,0.013333333333333332,0,-6.7012694230500108e-06,-4.4329805161203954e-05,-7.3663214027048108e-05
4391,0.005000000000000001,0.013333333333333332,0,-7.3958799346597904e-06,-3.9947344713601741e-05,-6.5850952549112275e-05
4392,0.0058333333333333362,0.013333333333333332,0,-7.7836962035593141e-06,-3.5232615120287142e-05,-5.7504124451805093e-05
4393,0.006666666666666668,0.013333333333333332,0,-7.8723696478903391e-06,-3.0359836851271201e-05,-4.8953962365259257e-05
4394,0.0074999999999999997,0.013333333333333332,0,-7.6944100941164356e-06,-2.5498562267419529e-05,-4.0495530541454767e-05
4395,0.008333333333333335,0.013333333333333332,0,-7.295313626292336e-06,-2.0809528535519516e-05,-3.238566057454064e-05
4396,0.0091666666666666667,0.013333333333333332,0,-6.7121773394079878e-06,-1.6421028919318889e-05,-2.4844836040925076e-05
4397,0.010000000000000002,0.013333333333333332,0,-5.9571927763927907e-06,-1.2422102658777105e-05,-1.8066307750471052e-05
4398,0.010833333333333334,0.013333333333333332,0,-5.0465616050249185e-06,-8.8943304628275329e-06,-1.2223261361921761e-05
4399,0.011666666666666669,0.013333333333333332,0,-4.0032982955209131e-06,-5.9027042220224173e-06,-7.4745957025219598e-06
4400,0.012500000000000001,0.013333333333333332,0,-2.8596160625829596e-06,-3.4880994750975159e-06,-3.9515288563133919e-06
4401,0.013333333333333332,0.013333333333333332,0,-1.7115505598819887e-06,-1.7191738768571871e-06,-1.648084563622343e-06
4402,0.014166666666666671,0.013333333333333332,0,-6.3852564248138233e-07,-5.9670649173619284e-07,-4.9487314634151131e-07
4403,0.015000000000000003,0.013333333333333332,0,0,0,0
4404,0.015833333333333335,0.013333333333333332,0,0,0,0
4405,0.016666666666666666,0.013333333333333332,0,0,0,0
4406,0.017500000000000005,0.013333333333333332,0,0,0,0
4407,0.018333333333333337,0.013333333333333332,0,0,0,0
4408,0.019166666666666669,0.013333333333333332,0,0,0,0
4409,0.02,0.013333333333333332,0,0,0,0
4410,-0.02,0.014166666666666671,0,0,0,0
4411,-0.019166666666666669,0.014166666666666671,0,0,0,0
4412,-0.018333333333333333,0.014166666666666671,0,0,0,0
4413,-0.017500000000000002,0.014166666666666671,0,0,0,0
4414,-0.016666666666666666,0.014166666666666671,0,0,0,0
4415,-0.015833333333333335,0.014166666666666671,0,0,0,0
4416,-0.014999999999999999,0.014166666666666671,0,0,0,0
4417,-0.014166666666666668,0.014166666666666671,0,2.0405916152572682e-07,-2.0681922059128196e-07,-1.1992983438504241e-07
4418,-0.013333333333333332,0.014166666666666671,0,5.7851706568225213e-07,-6.2239994967144586e-07,-4.7496189124769127e-07
4419,-0.012500000000000001,0.014166666666666671,0,1.0310922978197912e-06,-1.4046410148146718e-06,-1.2070892854231123e-06
4420,-0.011666666666666667,0.014166666666666671,0,1.513446729926751e-06,-2.5603442935469045e-06,-2.2979183211926271e-06
4421,-0.010833333333333334,0.014166666666666671,0,1.9826807766422613e-06,-4.0882747761758833e-06,-3.7588869255527763e-06
4422,-0.01,0.014166666666666671,0,2.4112057564653697e-06,-5.9719159086298029e-06,-5.6046791469605077e-06
4423,-0.0091666666666666667,0.014166666666666671,0,2.7831952603661449e-06,-8.1792640180552692e-06,-7.8014471757530835e-06
4424,-0.0083333333333333332,0.014166666666666671,0,3.0939687889721679e-06,-1.0677988903531843e-05,-1.0298930095830261e-05
4425,-0.0074999999999999997,0.014166666666666671,0,3.3270963930160443e-06,-1.3396178904843466e-05,-1.3032307313365988e-05
4426,-0.0066666666666666662,0.014166666666666671,0,3.4649307793728194e-06,-1.6246715340069087e-05,-1.5928569081960911e-05
4427,-0.0058333333333333327,0.014166666666666671,0,3.4939797270251643e-06,-1.9143497984936636e-05,-1.8893556364585686e-05
4428,-0.0049999999999999992,0.014166666666666671,0,3.4019794797439109e-06,-2.1983035437206476e-05,-2.1824566870449446e-05
4429,-0.0041666666666666657,0.014166666666666671,0,3.1798913650087526e-06,-2.4653585215873732e-05,-2.4607595672939248e-05
4430,-0.003333333333333334,0.014166666666666671,0,2.8248426061842909e-06,-2.7050113695757521e-05,-2.7128076457034468e-05
4431,-0.0024999999999999988,0.014166666666666671,0,2.3407877735847523e-06,-2.9065836007947297e-05,-2.9270457772370123e-05
4432,-0.001666666666666667,0.014166666666666671,0,1.7437280496815652e-06,-3.0602159807316607e-05,-3.0919426239854278e-05
4433,-0.00083333333333333176,0.014166666666666671,0,1.0630073492850379e-06,-3.1582768008894535e-05,-3.1981774234872195e-05
4434,0,0.014166666666666671,0,3.3342085543932169e-07,-3.1958797063964054e-05,-3.2391954330010709e-05
4435,0.00083333333333333523,0.014166666666666671,0,-4.1049382271763714e-07,-3.1713491985249923e-05,-3.2123717175850849e-05
4436,0.001666666666666667,0.014166666666666671,0,-1.1215800931329995e-06,-3.082843597990023e-05,-3.117307861595719e-05
4437,0.0025000000000000022,0.014166666666666671,0,-1.7534635659547837e-06,-2.9345772842178936e-05,-2.9593379990452755e-05
4438,0.003333333333333334,0.014166666666666671,0,-2.2884377604834645e-06,-2.735850051118339e-05,-2.7488063961198336e-05
4439,0.0041666666666666692,0.014166666666666671,0,-2.7079361351469529e-06,-2.4964312713400358e-05,-2.4970615747659183e-05
4440,0.005000000000000001,0.014166666666666671,0,-2.9949352905594541e-06,-2.2271999490816691e-05,-2.2160837782035204e-05
4441,0.0058333333333333362,0.014166666666666671,0,-3.147918079653239e-06,-1.9406462411383703e-05,-1.9192376477889189e-05
4442,0.006666666666666668,0.014166666666666671,0,-3.1781088453387483e-06,-1.6484611097751134e-05,-1.6196686678482883e-05
4443,0.0074999999999999997,0.014166666666666671,0,-3.1047978694361962e-06,-1.3618896228760274e-05,-1.3283034374033095e-05
4444,0.008333333333333335,0.014166666666666671,0,-2.9401842492105649e-06,-1.0890144255368334e-05,-1.0529994028095598e-05
4445,0.0091666666666666667,0.014166666666666671,0,-2.6909162002612273e-06,-8.3652446239441264e-06,-7.9998326783483501e-06
4446,0.010000000000000002,0.014166666666666671,0,-2.3683841713088552e-06,-6.1194689054976867e-06,-5.7541242885945347e-06
4447,0.010833333333333334,0.014166666666666671,0,-1.9777359234766802e-06,-4.1947853668647822e-06,-3.8564155819330971e-06
4448,0.011666666666666669,0.014166666666666671,0,-1.5297538480427081e-06,-2.6272644311818987e-06,-2.3515540339621952e-06
4449,0.012500000000000001,0.014166666666666671,0,-1.0533681121686168e-06,-1.442971585211972e-06,-1.2395365376063494e-06
4450,0.013333333333333332,0.014166666666666671,0,-5.9755064220259059e-07,-6.4108597588879902e-07,-4.9367902694730733e-07
4451,0.014166666666666671,0.014166666666666671,0,-2.0878018147304669e-07,-2.0886346708175478e-07,-1.3070310167813254e-07
4452,0.015000000000000003,0.014166666666666671,0,0,0,0
4453,0.015833333333333335,0.014166666666666671,0,0,0,0
4454,0.016666666666666666,0.014166666666666671,0,0,0,0
4455,0.017500000000000005,0.014166666666666671,0,0,0,0
4456,0.018333333333333337,0.014166666666666671,0,0,0,0
4457,0.019166666666666669,0.014166666666666671,0,0,0,0
4458,0.02,0.014166666666666671,0,0,0,0
4459,-0.02,0.015000000000000003,0,0,0,0
4460,-0.019166666666666669,0.015000000000000003,0,0,0,0
4461,-0.018333333333333333,0.015000000000000003,0,0,0,0
4462,-0.017500000000000002,0.015000000000000003,0,0,0,0
4463,-0.016666666666666666,0.015000000000000003,0,0,0,0
4464,-0.015833333333333335,0.015000000000000003,0,0,0,0
4465,-0.014999999999999999,0.015000000000000003,0,0,0,0
4466,-0.014166666666666668,0.015000000000000003,0,0,0,0
4467,-0.013333333333333332,0.015000000000000003,0,0,0,0
4468,-0.012500000000000001,0.015000000000000003,0,0,0,0
4469,-0.011666666666666667,0.015000000000000003,0,0,0,0
4470,-0.010833333333333334,0.015000000000000003,0,0,0,0
4471,-0.01,0.015000000000000003,0,0,0,0
4472,-0.0091666666666666667,0.015000000000000003,0,0,0,0
4473,-0.0083333333333333332,0.015000000000000003,0,0,0,0
4474,-0.0074999999999999997,0.015000000000000003,0,0,0,0
4475,-0.0066666666666666662,0.015000000000000003,0,0,0,0
4476,-0.0058333333333333327,0.015000000000000003,0,0,0,0
4477,-0.0049999999999999992,0.015000000000000003,0,0,0,0
4478,-0.0041666666666666657,0.015000000000000003,0,0,0,0
4479,-0.003333333333333334,0.015000000000000003,0,0,0,0
4480,-0.0024999999999999988,0.015000000000000003,0,0,0,0
4481,-0.001666666666666667,0.015000000000000003,0,0,0,0
4482,-0.00083333333333333176,0.015000000000000003,0,0,0,0
4483,0,0.015000000000000003,0,0,0,0
4484,0.00083333333333333523,0.015000000000000003,0,0,0,0
4485,0.001666666666666667,0.015000000000000003,0,0,0,0
4486,0.0025000000000000022,0.015000000000000003,0,0,0,0
4487,0.003333333333333334,0.015000000000000003,0,0,0,0
4488,0.0041666666666666692,0.015000000000000003,0,0,0,0
4489,0.005000000000000001,0.015000000000000003,0,0,0,0
4490,0.0058333333333333362,0.015000000000000003,0,0,0,0
4491,0.006666666666666668,0.015000000000000003,0,0,0,0
4492,0.0074999999999999997,0.015000000000000003,0,0,0,0
4493,0.008333333333333335,0.015000000000000003,0,0,0,0
4494,0.0091666666666666667,0.015000000000000003,0,0,0,0
4495,0.010000000000000002,0.015000000000000003,0,0,0,0
4496,0.010833333333333334,0.015000000000000003,0,0,0,0
4497,0.011666666666666669,0.015000000000000003,0,0,0,0
4498,0.012500000000000001,0.015000000000000003,0,0,0,0
4499,0.013333333333333332,0.015000000000000003,0,0,0,0
4500,0.014166666666666671,0.015000000000000003,0,0,0,0
4501,0.015000000000000003,0.015000000000000003,0,0,0,0
4502,0.015833333333333335,0.015000000000000003,0,0,0,0
4503,0.016666666666666666,0.015000000000000003,0,0,0,0
4504,0.017500000000000005,0.015000000000000003,0,0,0,0
4505,0.018333333333333337,0.015000000000000003,0,0,0,0
4506,0.019166666666666669,0.015000000000000003,0,0,0,0
4507,0.02,0.015000000000000003,0,0,0,0
4508,-0.02,0.015833333333333335,0,0,0,0
4509,-0.019166666666666669,0.015833333333333335,0,0,0,0
4510,-0.018333333333333333,0.015833333333333335,0,0,0,0
4511,-0.017500000000000002,0.015833333333333335,0,0,0,0
4512,-0.016666666666666666,0.015833333333333335,0,0,0,0
4513,-0.015833333333333335,0.015833333333333335,0,0,0,0
4514,-0.014999999999999999,0.015833333333333335,0,0,0,0
4515,-0.014166666666666668,0.015833333333333335,0,0,0,0
4516,-0.013333333333333332,0.015833333333333335,0,0,0,0
4517,-0.012500000000000001,0.015833333333333335,0,0,0,0
4518,-0.011666666666666667,0.015833333333333335,0,0,0,0
4519,-0.010833333333333334,0.015833333333333335,0,0,0,0
4520,-0.01,0.015833333333333335,0,0,0,0
4521,-0.0091666666666666667,0.015833333333333335,0,0,0,0
4522,-0.0083333333333333332,0.015833333333333335,0,0,0,0
4523,-0.0074999999999999997,0.015833333333333335,0,0,0,0
4524,-0.0066666666666666662,0.015833333333333335,0,0,0,0
4525,-0.0058333333333333327,0.015833333333333335,0,0,0,0
4526,-0.0049999999999999992,0.015833333333333335,0,0,0,0
4527,-0.0041666666666666657,0.015833333333333335,0,0,0,0
4528,-0.003333333333333334,0.015833333333333335,0,0,0,0
4529,-0.0024999999999999988,0.015833333333333335,0,0,0,0
4530,-0.001666666666666667,0.015833333333333335,0,0,0,0
4531,-0.00083333333333333176,0.015833333333333335,0,0,0,0
4532,0,0.015833333333333335,0,0,0,0
4533,0.00083333333333333523,0.015833333333333335,0,0,0,0
4534,0.001666666666666667,0.015833333333333335,0,0,0,0
4535,0.0025000000000000022,0.015833333333333335,0,0,0,0
4536,0.003333333333333334,0.015833333333333335,0,0,0,0
4537,0.0041666666666666692,0.015833333333333335,0,0,0,0
4538,0.005000000000000001,0.015833333333333335,0,0,0,0
4539,0.0058333333333333362,0.015833333333333335,0,0,0,0
4540,0.006666666666666668,0.015833333333333335,0,0,0,0
4541,0.0074999999999999997,0.015833333333333335,0,0,0,0
4542,0.008333333333333335,0.015833333333333335,0,0,0,0
4543,0.0091666666666666667,0.015833333333333335,0,0,0,0
4544,0.010000000000000002,0.015833333333333335,0,0,0,0
4545,0.010833333333333334,0.015833333333333335,0,0,0,0
4546,0.011666666666666669,0.015833333333333335,0,0,0,0
4547,0.012500000000000001,0.015833333333333335,0,0,0,0
4548,0.013333333333333332,0.015833333333333335,0,0,0,0
4549,0.014166666666666671,0.015833333333333335,0,0,0,0
4550,0.015000000000000003,0.015833333333333335,0,0,0,0
4551,0.015833333333333335,0.015833333333333335,0,0,0,0
4552,0.016666666666666666,0.015833333333333335,0,0,0,0
4553,0.017500000000000005,0.015833333333333335,0,0,0,0
4554,0.018333333333333337,0.015833333333333335,0,0,0,0
4555,0.019166666666666669,0.015833333333333335,0,0,0,0
4556,0.02,0.015833333333333335,0,0,0,0
4557,-0.02,0.016666666666666666,0,0,0,0
4558,-0.019166666666666669,0.016666666666666666,0,0,0,0
4559,-0.018333333333333333,0.016666666666666666,0,0,0,0
4560,-0.017500000000000002,0.016666666666666666,0,0,0,0
4561,-0.016666666666666666,0.016666666666666666,0,0,0,0
4562,-0.015833333333333335,0.016666666666666666,0,0,0,0
4563,-0.014999999999999999,0.016666666666666666,0,0,0,0
4564,-0.014166666666666668,0.016666666666666666,0,0,0,0
4565,-0.013333333333333332,0.016666666666666666,0,0,0,0
4566,-0.012500000000000001,0.016666666666666666,0,0,0,0
4567,-0.011666666666666667,0.016666666666666666,0,0,0,0
4568,-0.010833333333333334,0.016666666666666666,0,0,0,0
4569,-0.01,0.016666666666666666,0,0,0,0
4570,-0.0091666666666666667,0.016666666666666666,0,0,0,0
4571,-0.0083333333333333332,0.016666666666666666,0,0,0,0
4572,-0.0074999999999999997,0.016666666666666666,0,0,0,0
4573,-0.0066666666666666662,0.016666666666666666,0,0,0,0
4574,-0.0058333333333333327,0.016666666666666666,0,0,0,0
4575,-0.0049999999999999992,0.016666666666666666,0,0,0,0
4576,-0.0041666666666666657,0.016666666666666666,0,0,0,0
4577,-0.003333333333333334,0.016666666666666666,0,0,0,0
4578,-0.0024999999999999988,0.016666666666666666,0,0,0,0
4579,-0.001666666666666667,0.016666666666666666,0,0,0,0
4580,-0.00083333333333333176,0.016666666666666666,0,0,0,0
4581,0,0.016666666666666666,0,0,0,0
4582,0.00083333333333333523,0.016666666666666666,0,0,0,0
4583,0.001666666666666667,0.016666666666666666,0,0,0,0
4584,0.0025000000000000022,0.016666666666666666,0,0,0,0
4585,0.003333333333333334,0.016666666666666666,0,0,0,0
4586,0.0041666666666666692,0.016666666666666666,0,0,0,0
4587,0.005000000000000001,0.016666666666666666,0,0,0,0
4588,0.0058333333333333362,0.016666666666666666,0,0,0,0
4589,0.006666666666666668,0.016666666666666666,0,0,0,0
4590,0.0074999999999999997,0.016666666666666666,0,0,0,0
4591,0.008333333333333335,0.016666666666666666,0,0,0,0
4592,0.0091666666666666667,0.016666666666666666,0,0,0,0
4593,0.010000000000000002,0.016666666666666666,0,0,0,0
4594,0.010833333333333334,0.016666666666666666,0,0,0,0
4595,0.011666666666666669,0.016666666666666666,0,0,0,0
4596,0.012500000000000001,0.016666666666666666,0,0,0,0
4597,0.013333333333333332,0.016666666666666666,0,0,0,0
4598,0.014166666666666671,0.016666666666666666,0,0,0,0
4599,0.015000000000000003,0.016666666666666666,0,0,0,0
4600,0.015833333333333335,0.016666666666666666,0,0,0,0
4601,0.016666666666666666,0.016666666666666666,0,0,0,0
4602,0.017500000000000005,0.016666666666666666,0,0,0,0
4603,0.018333333333333337,0.016666666666666666,0,0,0,0
4604,0.019166666666666669,0.016666666666666666,0,0,0,0
4605,0.02,0.016666666666666666,0,0,0,0
4606,-0.02,0.017500000000000005,0,0,0,0
4607,-0.019166666666666669,0.017500000000000005,0,0,0,0
4608,-0.018333333333333333,0.017500000000000005,0,0,0,0
4609,-0.017500000000000002,0.017500000000000005,0,0,0,0
4610,-0.016666666666666666,0.017500000000000005,0,0,0,0
4611,-0.015833333333333335,0.017500000000000005,0,0,0,0
4612,-0.014999999999999999,0.017500000000000005,0,0,0,0
4613,-0.014166666666666668,0.017500000000000005,0,0,0,0
4614,-0.013333333333333332,0.017500000000000005,0,0,0,0
4615,-0.012500000000000001,0.017500000000000005,0,0,0,0
4616,-0.011666666666666667,0.017500000000000005,0,0,0,0
4617,-0.010833333333333334,0.017500000000000005,0,0,0,0
4618,-0.01,0.017500000000000005,0,0,0,0
4619,-0.0091666666666666667,0.017500000000000005,0,0,0,0
4620,-0.0083333333333333332,0.017500000000000005,0,0,0,0
4621,-0.0074999999999999997,0.017500000000000005,0,0,0,0
4622,-0.0066666666666666662,0.017500000000000005,0,0,0,0
4623,-0.0058333333333333327,0.017500000000000005,0,0,0,0
4624,-0.0049999999999999992,0.017500000000000005,0,0,0,0
4625,-0.0041666666666666657,0.017500000000000005,0,0,0,0
4626,-0.003333333333333334,0.017500000000000005,0,0,0,0
4627,-0.0024999999999999988,0.017500000000000005,0,0,0,0
4628,-0.001666666666666667,0.017500000000000005,0,0,0,0
4629,-0.00083333333333333176,0.017500000000000005,0,0,0,0
4630,0,0.017500000000000005,0,0,0,0
4631,0.00083333333333333523,0.017500000000000005,0,0,0,0
4632,0.001666666666666667,0.017500000000000005,0,0,0,0
4633,0.0025000000000000022,0.017500000000000005,0,0,0,0
4634,0.003333333333333334,0.017500000000000005,0,0,0,0
4635,0.0041666666666666692,0.017500000000000005,0,0,0,0
4636,0.005000000000000001,0.017500000000000005,0,0,0,0
4637,0.0058333333333333362,0.017500000000000005,0,0,0,0
4638,0.006666666666666668,0.017500000000000005,0,0,0,0
4639,0.0074999999999999997,0.017500000000000005,0,0,0,0
4640,0.008333333333333335,0.017500000000000005,0,0,0,0
4641,0.0091666666666666667,0.017500000000000005,0,0,0,0
4642,0.010000000000000002,0.017500000000000005,0,0,0,0
4643,0.010833333333333334,0.017500000000000005,0,0,0,0
4644,0.011666666666666669,0.017500000000000005,0,0,0,0
4645,0.012500000000000001,0.017500000000000005,0,0,0,0
4646,0.013333333333333332,0.017500000000000005,0,0,0,0
4647,0.014166666666666671,0.017500000000000005,0,0,0,0
4648,0.015000000000000003,0.017500000000000005,0,0,0,0
4649,0.015833333333333335,0.017500000000000005,0,0,0,0
4650,0.016666666666666666,0.017500000000000005,0,0,0,0
4651,0.017500000000000005,0.017500000000000005,0,0,0,0
4652,0.018333333333333337,0.017500000000000005,0,0,0,0
4653,0.019166666666666669,0.017500000000000005,0,0,0,0
4654,0.02,0.017500000000000005,0,0,0,0
4655,-0.02,0.018333333333333337,0,0,0,0
4656,-0.019166666666666669,0.018333333333333337,0,0,0,0
4657,-0.018333333333333333,0.018333333333333337,0,0,0,0
4658,-0.017500000000000002,0.018333333333333337,0,0,0,0
4659,-0.016666666666666666,0.018333333333333337,0,0,0,0
4660,-0.015833333333333335,0.018333333333333337,0,0,0,0
4661,-0.014999999999999999,0.018333333333333337,0,0,0,0
4662,-0.014166666666666668,0.018333333333333337,0,0,0,0
4663,-0.013333333333333332,0.018333333333333337,0,0,0,0
4664,-0.012500000000000001,0.018333333333333337,0,0,0,0
4665,-0.011666666666666667,0.018333333333333337,0,0,0,0
4666,-0.010833333333333334,0.018333333333333337,0,0,0,0
4667,-0.01,0.018333333333333337,0,0,0,0
4668,-0.0091666666666666667,0.018333333333333337,0,0,0,0
4669,-0.0083333333333333332,0.018333333333333337,0,0,0,0
4670,-0.0074999999999999997,0.018333333333333337,0,0,0,0
4671,-0.0066666666666666662,0.018333333333333337,0,0,0,0
4672,-0.0058333333333333327,0.018333333333333337,0,0,0,0
4673,-0.0049999999999999992,0.018333333333333337,0,0,0,0
4674,-0.0041666666666666657,0.018333333333333337,0,0,0,0
4675,-0.003333333333333334,0.018333333333333337,0,0,0,0
4676,-0.0024999999999999988,0.018333333333333337,0,0,0,0
4677,-0.001666666666666667,0.018333333333333337,0,0,0,0
4678,-0.00083333333333333176,0.018333333333333337,0,0,0,0
4679,0,0.018333333333333337,0,0,0,0
4680,0.00083333333333333523,0.018333333333333337,0,0,0,0
4681,0.001666666666666667,0.018333333333333337,0,0,0,0
4682,0.0025000000000000022,0.018333333333333337,0,0,0,0
4683,0.003333333333333334,0.018333333333333337,0,0,0,0
4684,0.0041666666666666692,0.018333333333333337,0,0,0,0
4685,0.005000000000000001,0.018333333333333337,0,0,0,0
4686,0.0058333333333333362,0.018333333333333337,0,0,0,0
4687,0.006666666666666668,0.018333333333333337,0,0,0,0
4688,0.0074999999999999997,0.018333333333333337,0,0,0,0
4689,0.008333333333333335,0.018333333333333337,0,0,0,0
4690,0.0091666666666666667,0.018333333333333337,0,0,0,0
4691,0.010000000000000002,0.018333333333333337,0,0,0,0
4692,0.010833333333333334,0.018333333333333337,0,0,0,0
4693,0.011666666666666669,0.018333333333333337,0,0,0,0
4694,0.012500000000000001,0.018333333333333337,0,0,0,0
4695,0.013333333333333332,0.018333333333333337,0,0,0,0
4696,0.014166666666666671,0.018333333333333337,0,0,0,0
4697,0.015000000000000003,0.018333333333333337,0,0,0,0
4698,0.015833333333333335,0.018333333333333337,0,0,0,0
4699,0.016666666666666666,0.018333333333333337,0,0,0,0
4700,0.017500000000000005,0.018333333333333337,0,0,0,0
4701,0.018333333333333337,0.018333333333333337,0,0,0,0
4702,0.019166666666666669,0.018333333333333337,0,0,0,0
4703,0.02,0.018333333333333337,0,0,0,0
4704,-0.02,0.019166666666666669,0,0,0,0
4705,-0.019166666666666669,0.019166666666666669,0,0,0,0
4706,-0.018333333333333333,0.019166666666666669,0,0,0,0
4707,-0.017500000000000002,0.019166666666666669,0,0,0,0
4708,-0.016666666666666666,0.019166666666666669,0,0,0,0
4709,-0.015833333333333335,0.019166666666666669,0,0,0,0
4710,-0.014999999999999999,0.019166666666666669,0,0,0,0
4711,-0.014166666666666668,0.019166666666666669,0,0,0,0
4712,-0.013333333333333332,0.019166666666666669,0,0,0,0
4713,-0.012500000000000001,0.019166666666666669,0,0,0,0
4714,-0.011666666666666667,0.019166666666666669,0,0,0,0
4715,-0.010833333333333334,0.019166666666666669,0,0,0,0
4716,-0.01,0.019166666666666669,0,0,0,0
4717,-0.0091666666666666667,0.019166666666666669,0,0,0,0
4718,-0.0083333333333333332,0.019166666666666669,0,0,0,0
4719,-0.0074999999999999997,0.019166666666666669,0,0,0,0
4720,-0.0066666666666666662,0.019166666666666669,0,0,0,0
4721,-0.0058333333333333327,0.019166666666666669,0,0,0,0
4722,-0.0049999999999999992,0.019166666666666669,0,0,0,0
4723,-0.0041666666666666657,0.019166666666666669,0,0,0,0
4724,-0.003333333333333334,0.019166666666666669,0,0,0,0
4725,-0.0024999999999999988,0.019166666666666669,0,0,0,0
4726,-0.001666666666666667,0.019166666666666669,0,0,0,0
4727,-0.00083333333333333176,0.019166666666666669,0,0,0,0
4728,0,0.019166666666666669,0,0,0,0
4729,0.00083333333333333523,0.019166666666666669,0,0,0,0
4730,0.001666666666666667,0.019166666666666669,0,0,0,0
4731,0.0025000000000000022,0.019166666666666669,0,0,0,0
4732,0.003333333333333334,0.019166666666666669,0,0,0,0
4733,0.0041666666666666692,0.019166666666666669,0,0,0,0
4734,0.005000000000000001,0.019166666666666669,0,0,0,0
4735,0.0058333333333333362,0.019166666666666669,0,0,0,0
4736,0.006666666666666668,0.019166666666666669,0,0,0,0
4737,0.0074999999999999997,0.019166666666666669,0,0,0,0
4738,0.008333333333333335,0.019166666666666669,0,0,0,0
4739,0.0091666666666666667,0.019166666666666669,0,0,0,0
4740,0.010000000000000002,0.019166666666666669,0,0,0,0
4741,0.010833333333333334,0.019166666666666669,0,0,0,0
4742,0.011666666666666669,0.019166666666666669,0,0,0,0
4743,0.012500000000000001,0.019166666666666669,0,0,0,0
4744,0.013333333333333332,0.019166666666666669,0,0,0,0
4745,0.014166666666666671,0.019166666666666669,0,0,0,0
4746,0.015000000000000003,0.019166666666666669,0,0,0,0
4747,0.015833333333333335,0.019166666666666669,0,0,0,0
4748,0.016666666666666666,0.019166666666666669,0,0,0,0
4749,0.017500000000000005,0.019166666666666669,0,0,0,0
4750,0.018333333333333337,0.019166666666666669,0,0,0,0
4751,0.019166666666666669,0.019166666666666669,0,0,0,0
4752,0.02,0.019166666666666669,0,0,0,0
4753,-0.02,0.02,0,0,0,0
4754,-0.019166666666666669,0.02,0,0,0,0
4755,-0.018333333333333333,0.02,0,0,0,0
4756,-0.017500000000000002,0.02,0,0,0,0
4757,-0.016666666666666666,0.02,0,0,0,0
4758,-0.015833333333333335,0.02,0,0,0,0
4759,-0.014999999999999999,0.02,0,0,0,0
4760,-0.014166666666666668,0.02,0,0,0,0
4761,-0.013333333333333332,0.02,0,0,0,0
4762,-0.012500000000000001,0.02,0,0,0,0
4763,-0.011666666666666667,0.02,0,0,0,0
4764,-0.010833333333333334,0.02,0,0,0,0
4765,-0.01,0.02,0,0,0,0
4766,-0.0091666666666666667,0.02,0,0,0,0
4767,-0.0083333333333333332,0.02,0,0,0,0
4768,-0.0074999999999999997,0.02,0,0,0,0
4769,-0.0066666666666666662,0.02,0,0,0,0
4770,-0.0058333333333333327,0.02,0,0,0,0
4771,-0.0049999999999999992,0.02,0,0,0,0
4772,-0.0041666666666666657,0.02,0,0,0,0
4773,-0.003333333333333334,0.02,0,0,0,0
4774,-0.0024999999999999988,0.02,0,0,0,0
4775,-0.001666666666666667,0.02,0,0,0,0
4776,-0.00083333333333333176,0.02,0,0,0,0
4777,0,0.02,0,0,0,0
4778,0.00083333333333333523,0.02,0,0,0,0
4779,0.001666666666666667,0.02,0,0,0,0
4780,0.0025000000000000022,0.02,0,0,0,0
4781,0.003333333333333334,0.02,0,0,0,0
4782,0.0041666666666666692,0.02,0,0,0,0
4783,0.005000000000000001,0.02,0,0,0,0
4784,0.0058333333333333362,0.02,0,0,0,0
4785,0.006666666666666668,0.02,0,0,0,0
4786,0.0074999999999999997,0.02,0,0,0,0
4787,0.008333333333333335,0.02,0,0,0,0
4788,0.0091666666666666667,0.02,0,0,0,0
4789,0.010000000000000002,0.02,0,0,0,0
4790,0.010833333333333334,0.02,0,0,0,0
4791,0.011666666666666669,0.02,0,0,0,0
4792,0.012500000000000001,0.02,0,0,0,0
4793,0.013333333333333332,0.02,0,0,0,0
4794,0.014166666666666671,0.02,0,0,0,0
4795,0.015000000000000003,0.02,0,0,0,0
4796,0.015833333333333335,0.02,0,0,0,0
4797,0.016666666666666666,0.02,0,0,0,0
4798,0.017500000000000005,0.02,0,0,0,0
4799,0.018333333333333337,0.02,0,0,0,0
4800,0.019166666666666669,0.02,0,0,0,0
4801,0.02,0.02,0,0,0,0
