step,t_s,pseudo_t_s,time_step_s,kinetic_J,internal_work_J,stored_J,elastic_J,plastic_dissipation_J,contact_normal_work_J,contact_friction_work_J,damping_J,external_work_J,mass_scaling_work_J,energy_error_J,kinetic_ratio
0,0,0,9.9999999999999974e-07,0,0,0,0,0,0,0,0,0,0,0,0
200,0.00019999999999999996,0.0009543571968291621,9.9999999999999974e-07,0,0,0,0,0,0,0,0,0,0,0,0
400,0.00039999999999999991,0.0019087143936583242,9.9999999999999974e-07,0,0,0,0,0,0,0,0,0,0,0,0
600,0.00059999999999999984,0.0028630715904874862,9.9999999999999974e-07,0,0,0,0,0,0,0,0,0,0,0,0
800,0.00079999999999999982,0.0038174287873166484,9.9999999999999974e-07,0,0,0,0,0,0,0,0,0,0,0,0
1000,0.0009999999999999998,0.0047717859841458106,9.9999999999999974e-07,0,0,0,0,0,0,0,0,0,0,0,0
1200,0.0011999999999999997,0.0057261431809749724,9.9999999999999974e-07,0,0,0,0,0,0,0,0,0,0,0,0
1400,0.0013999999999999996,0.0066805003778041333,9.9999999999999974e-07,0,0,0,0,0,0,0,0,0,0,0,0
1600,0.0015999999999999996,0.0076348575746332968,9.9999999999999974e-07,0,0,0,0,0,0,0,0,0,0,0,0
1800,0.0017999999999999995,0.0085892147714624577,9.9999999999999974e-07,0,0,0,0,0,0,0,0,0,0,0,0
2000,0.0019999999999999996,0.0095435719682916212,9.9999999999999974e-07,0,0,0,0,0,0,0,0,0,0,0,0
2200,0.0021999999999999997,0.010497929165120785,9.9999999999999995e-07,0,0,0,0,0,0,0,0,0,0,0,0
2400,0.0023999999999999994,0.011452286361949945,9.9999999999999995e-07,0,0,0,0,0,0,0,0,0,0,0,0
2600,0.0025999999999999994,0.012406643558779107,9.9999999999999995e-07,0,0,0,0,0,0,0,0,0,0,0,0
2800,0.0027999999999999995,0.013361000755608268,9.9999999999999995e-07,0,0,0,0,0,0,0,0,0,0,0,0
3000,0.0029999999999999996,0.014315357952437432,9.9999999999999995e-07,0,0,0,0,0,0,0,0,0,0,0,0
3200,0.0031999999999999997,0.015269715149266595,9.9999999999999995e-07,0,0,0,0,0,0,0,0,0,0,0,0
3400,0.0033999999999999994,0.016224072346095755,9.9999999999999995e-07,0,0,0,0,0,0,0,0,0,0,0,0
3600,0.0035999999999999995,0.017178429542924919,9.9999999999999995e-07,0,0,0,0,0,0,0,0,0,0,0,0
3800,0.0037999999999999996,0.018132786739754079,9.9999999999999995e-07,0,0,0,0,0,0,0,0,0,0,0,0
4000,0.0040000000000000001,0.019087143936583246,9.9999999999999995e-07,0,0,0,0,0,0,0,0,0,0,0,0
4200,0.0041999999999999989,0.020041501133412402,9.9999999999999995e-07,0,0,0,0,0,0,0,0,0,0,0,0
4400,0.0043999999999999994,0.020995858330241569,9.9999999999999995e-07,0,0,0,0,0,0,0,0,0,0,0,0
4600,0.0045999999999999999,0.021950215527070733,9.9999999999999995e-07,0,0,0,0,0,0,0,0,0,0,0,0
4800,0.0047999999999999996,0.022904572723899893,9.9999999999999995e-07,0,0,0,0,0,0,0,0,0,0,0,0
5000,0.0049999999999999992,0.023858929920729053,9.9999999999999995e-07,0,0,0,0,0,0,0,0,0,0,0,0
5200,0.0051999999999999998,0.024813287117558216,9.9999999999999995e-07,0,0,0,0,0,0,0,0,0,0,0,0
5400,0.0053999999999999994,0.02576764431438738,9.9999999999999995e-07,0,0,0,0,0,0,0,0,0,0,0,0
5600,0.0055999999999999991,0.02672200151121654,9.9999999999999995e-07,0,0,0,0,0,0,0,0,0,0,0,0
5800,0.0057999999999999996,0.027676358708045704,9.9999999999999995e-07,0,0,0,0,0,0,0,0,0,0,0,0
6000,0.0060000000000000001,0.028630715904874871,9.9999999999999995e-07,0,0,0,0,0,0,0,0,0,0,0,0
6200,0.0061999999999999989,0.029585073101704027,9.9999999999999995e-07,0,0,0,0,0,0,0,0,0,0,0,0
6400,0.0063999999999999994,0.030539430298533191,9.9999999999999995e-07,0,0,0,0,0,0,0,0,0,0,0,0
6600,0.0066,0.031493787495362358,9.9999999999999995e-07,0,0,0,0,0,0,0,0,0,0,0,0
6800,0.0067999999999999988,0.032448144692191511,9.9999999999999995e-07,0,0,0,0,0,0,0,0,0,0,0,0
7000,0.0069999999999999993,0.033402501889020678,9.9999999999999995e-07,0,0,0,0,0,0,0,0,0,0,0,0
7200,0.0071999999999999998,0.034356859085849845,9.9999999999999995e-07,0.000298254214937021,0.00031856778424168609,0.00031856774938387512,0.00031856774938387512,3.4857810973613901e-11,0.00062412516544207508,-7.4712344622591866e-06,0,0,0,1.6806819889114237e-07,0.93623470322644453
7400,0.0073999999999999986,0.035311216282678998,9.9999999999999995e-07,0.00044107048874739559,0.00098550607453913347,0.00098550604138619648,0.00098550604138619648,3.3152936992908444e-11,0.0014433671660802794,-1.6944251789220986e-05,0,0,0,1.5364899547070686e-07,0.44755735164155108
7600,0.0075999999999999991,0.036265573479508165,9.9999999999999995e-07,0.00028298928182520123,0.0020504655952603133,0.0020504655599755069,0.0020504655599755069,3.5284806326751905e-11,0.0023609661150223206,-2.7677426903358725e-05,0,0,0,1.661889665525884e-07,0.13801220682723761
7800,0.0077999999999999996,0.037219930676337332,9.9999999999999995e-07,0.00015695844490341124,0.0031499812296484565,0.0031481742132346375,0.0031481728954351916,1.8070164138190258e-06,0.003339707140015526,-3.2934392087726409e-05,0,0,0,1.6692662406838781e-07,0.04982837466651447
8000,0.0080000000000000002,0.038174287873166492,9.9999999999999995e-07,0.0001048355926693493,0.0040945367838461644,0.0036164427752901911,0.0036106944537423343,0.00047809400855597329,0.0042341939758514177,-3.5000051761237051e-05,0,0,0,1.7845242533324454e-07,0.025603773565534556
8200,0.0082000000000000007,0.039128645069995659,9.9999999999999974e-07,0.00013259633672288307,0.005097288042745036,0.0043613731141269188,0.00435011236397757,0.00073591492861811714,0.0052643100719696797,-3.4617324321769633e-05,0,0,7.0910025097818223e-09,1.8454081749880096e-07,0.026013114348444027
8400,0.0083999999999999995,0.040083002266824819,9.9999999999999974e-07,0.00015958235828617451,0.0056630818789118569,0.0049236496095764809,0.0049122969271683976,0.00073943226933537599,0.0058639821838610958,-4.1504740569460676e-05,0,0,7.0910025097818223e-09,1.7970290388619948e-07,0.028179419209958121
8600,0.0086,0.041037359463653979,9.9999999999999974e-07,4.2710153669776661e-05,0.006020363142621177,0.0052809308735890419,0.0052695781911809587,0.00073943226903213505,0.0060998155534584117,-3.6912799136177711e-05,0,0,7.0910025097818223e-09,1.6345096621026318e-07,0.0070942819657189805
8800,0.0088000000000000005,0.041991716660483146,9.9999999999999974e-07,0.00020785795558272302,0.0057120134300950249,0.0048602022086833068,0.0048456545248571712,0.00085181122141171801,0.0059624264265534547,-4.2725516967173878e-05,0,0,7.0910025097818223e-09,1.6338508895708673e-07,0.036389612546703184
9000,0.0089999999999999993,0.042946073857312306,9.9999999999999974e-07,0.00013435272989330936,0.0053096013499634737,0.0044567022089010899,0.0044421492142712087,0.00085289914106238384,0.0054905376183270963,-4.6745279658364819e-05,0,0,7.0910025097818223e-09,1.5465018554221285e-07,0.025303732057818919
9200,0.0091999999999999998,0.043900431054141466,9.9999999999999974e-07,0.00013547630789212286,0.0044650332004190557,0.0036024497386034152,0.003587824591423414,0.00086258346181564052,0.00465660354185747,-5.6250377419117686e-05,0,0,9.3876225252126833e-09,1.4695625030127166e-07,0.030341612662456361
9400,0.0094000000000000004,0.044854788250970633,9.9999999999999974e-07,0.00013876984368722779,0.0036534086301644626,0.0027908251679707968,0.0027762000207907961,0.00086258346219366582,0.0038581830230248917,-6.617207972577339e-05,0,0,9.3876225252126833e-09,1.5814293004675601e-07,0.037983663404490532
9600,0.0095999999999999992,0.045809145447799793,9.9999999999999974e-07,0.00045990265702398301,0.0025131408409721019,0.0016505573792704952,0.0016359322320904941,0.00086258346170160673,0.0030520211892663893,-7.9135316058773399e-05,0,0,9.3876225252126833e-09,1.4823716594369258e-07,0.18299915767796332
9800,0.0097999999999999997,0.046763502644628953,9.9999999999999974e-07,0.00024587499114571258,0.0017473375519901648,0.00088475409137118847,0.00087012894419118798,0.00086258346061897633,0.0020894198502173118,-9.6375510777816444e-05,0,0,9.3876225252126833e-09,1.5881607385666809e-07,0.14071407717739962
10000,0.01,0.04771785984145812,9.9999999999999974e-07,0.00023939682498072857,0.0011850392368952041,0.00032245577350996309,0.00030783062632996233,0.00086258346338524109,0.0015309916142836448,-0.00010671007797595025,0,0,9.3876225252126833e-09,1.4513794571287256e-07,0.20201594810307449
10200,0.010199999999999999,0.04867221703828728,9.9999999999999974e-07,8.2059076261905192e-05,0.0011511184932743478,0.00028853503116017375,0.00027390988398017305,0.00086258346211417407,0.0013437270739330566,-0.00011069956898175909,0,0,1.0897888089451396e-08,1.3916669686608637e-07,0.071286385147448006
10400,0.0104,0.04962657423511644,9.9999999999999974e-07,6.97544208598155e-05,0.0011634317085250652,0.0003008482436557844,0.00028622309647578369,0.00086258346486928076,0.0013437270739330566,-0.00011069956898175909,0,0,1.0897888089451396e-08,1.4772654549373889e-07,0.059955750173120451
10600,0.0106,0.050580931431945607,9.9999999999999974e-07,0.00012462913326964265,0.001108557358627643,0.00024597389430976396,0.00023134874712976323,0.00086258346431787906,0.0013437270739330566,-0.00011069956898175909,0,0,1.0897888089451396e-08,1.4808905789881587e-07,0.11242461411643088
10800,0.010799999999999999,0.051535288628774767,9.9999999999999974e-07,8.9143392284937983e-05,0.0011440316262258503,0.00028144816124757341,0.00026682301406757275,0.0008625834649782769,0.0013437270739330566,-0.00011069956898175909,0,0,1.0897888089451396e-08,1.366156714012149e-07,0.077920391570835509
11000,0.010999999999999999,0.052489645825603927,9.9999999999999974e-07,9.6470808666631816e-05,0.0011367154002173386,0.00027413193780956681,0.00025950679062956616,0.00086258346240777179,0.0013437270739330566,-0.00011069956898175909,0,0,1.0897888089451396e-08,1.4780604458355876e-07,0.084868040538719464
11200,0.0112,0.053444003022433094,9.9999999999999974e-07,0.00012219709142678465,0.0011109945886120321,0.00024841112708683723,0.00023378597990683658,0.0008625834615251949,0.0013437270739330566,-0.00011069956898175909,0,0,1.1075215008233988e-08,1.5309987251100399e-07,0.10998891684922223
11400,0.011399999999999999,0.054398360219262247,9.9999999999999974e-07,7.2342486275296295e-05,0.0011609894159456463,0.00029840595360937518,0.00028378080642937447,0.00086258346233627115,0.0013438193748468933,-0.00011068375737726874,0,0,1.1075215008233988e-08,1.8520953630971888e-07,0.062311064409120445
11600,0.011599999999999999,0.055352717416091414,9.9999999999999974e-07,7.6516381503625942e-05,0.0011734156239347907,0.00031083216312770599,0.00029620701594770528,0.00086258346080708465,0.0013604523670765925,-0.00011070029407894779,0,0,1.1075215008233988e-08,1.6885722576375323e-07,0.065208251827298086
11800,0.0118,0.056307074612920581,9.9999999999999974e-07,0.0001281673345152485,0.0011217864678973164,0.0002592030082130032,0.00024457786103300238,0.00086258345968431328,0.0013604523670765925,-0.00011070029407894779,0,0,1.1075215008233988e-08,1.9065419991210997e-07,0.11425287983325931
12000,0.012,0.057261431809749748,9.9999999999999974e-07,7.5703624342619573e-05,0.0011742415955568809,0.00031165813328343727,0.00029703298610343656,0.00086258346227344358,0.0013604523670765925,-0.00011070029407894779,0,0,1.1075215008233988e-08,1.8207168684750698e-07,0.064470228809018926
12200,0.012199999999999999,0.058215789006578901,9.9999999999999974e-07,0.00011479548503519396,0.0011351454033067176,0.00027256194057562595,0.00025793679339562541,0.00086258346273109161,0.0013604523670765925,-0.00011070029407894779,0,0,1.1902261379484973e-08,1.7691308288730031e-07,0.10112844107969848
12400,0.012399999999999998,0.059170146203408061,9.9999999999999974e-07,0.00054620631823265879,0.0021408863749013771,0.0012387077682349699,0.001223993717381982,0.00090217860666640722,0.0028212234248696762,-0.00013467820682757292,0,0,1.1902261379484973e-08,5.355728305529372e-07,0.25513092363802847
12600,0.0126,0.060124503400237228,9.9999999999999974e-07,0.0015643625926307367,0.003915468147642479,0.0029232406217122708,0.0029080383048563658,0.00099222752593020828,0.0056820554451055792,-0.00020276708237443935,0,0,1.1902261379484973e-08,5.304752806964009e-07,0.39953398511813881
12800,0.012799999999999999,0.061078860597066388,9.9999999999999974e-07,0.00076260521014171595,0.0070831906101022886,0.0058566580960694109,0.0058384858980979537,0.0012265325140328777,0.0080963944883131918,-0.00025107778765284913,0,0,1.1902261379484973e-08,4.6721732228169176e-07,0.10766408136102709
13000,0.012999999999999998,0.062033217793895548,9.9999999999999974e-07,0.00062664725863949841,0.010404363745219398,0.008366423844771308,0.0083271276417525453,0.0020379399004480901,0.01133042646167317,-0.00029991799986135205,0,0,1.1902261379484973e-08,4.9063978569916759e-07,0.060229272446134019
13200,0.0132,0.062987574990724715,9.9999999999999974e-07,0.00028503451840156715,0.013744561153635433,0.00970389535592814,0.0095821853633275694,0.0040406657977072932,0.014341113236043821,-0.00031210718587477558,0,0,9.0417161792358145e-08,4.9920470616207525e-07,0.020737986117961692
13400,0.013399999999999999,0.063941932187553882,9.9999999999999974e-07,0.00042604484342426808,0.017220986526572883,0.010492546893540001,0.01019496921434292,0.0067284396330328823,0.017992985947695044,-0.00034649125692077549,0,0,9.0417161792358145e-08,4.4626206109112824e-07,0.024739862769583995
13600,0.013599999999999998,0.064896289384383035,9.9999999999999974e-07,0.00072802358805964217,0.019879435011251664,0.012876238444690467,0.012567386272579048,0.007003196566561197,0.02098860072588148,-0.00038166917482912796,0,0,9.0417161792358145e-08,4.3663109716014367e-07,0.036621945626099751
13800,0.0138,0.065850646581212202,9.9999999999999974e-07,0.00038066215458970522,0.022505369849385178,0.015281051144062115,0.014969723201689661,0.0072243187053230625,0.023275383287050633,-0.00038985311230598098,0,0,9.0417161792358145e-08,4.1141206843870011e-07,0.016914281219870934
14000,0.013999999999999999,0.066805003778041355,9.9999999999999974e-07,0.00042806599188138848,0.024560919973801856,0.015608223831360672,0.015155851199779857,0.0089526961424411834,0.025393296797648637,-0.00040479854334782631,0,0,9.0417161792358145e-08,3.972942206400653e-07,0.017428744213897087
14200,0.014199999999999997,0.067759360974870522,9.9999999999999974e-07,0.00029269715026403751,0.026357390245102624,0.01612158817559976,0.015573602733025377,0.010235802069502864,0.027067693138513448,-0.0004180927171018085,0,0,1.0396718055758348e-07,3.8300677446577281e-07,0.011104936700568167
14400,0.0144,0.068713718171699689,9.9999999999999974e-07,0.00027144326524061415,0.027515583234367751,0.015945447154216637,0.015270712506278509,0.011570136080151113,0.028205016239263549,-0.00041845240419752293,0,0,1.0396718055758348e-07,3.5869736178046835e-07,0.0098650740174598128
14600,0.014599999999999998,0.069668075368528842,9.9999999999999974e-07,0.00023859529889258161,0.028061297704732539,0.016432041251101256,0.015756576875506956,0.011629256453631283,0.028713124471723361,-0.00041370728429874544,0,0,1.0396718055758348e-07,3.7184901994711267e-07,0.008502646648887606
14800,0.014799999999999997,0.070622432565357995,9.9999999999999974e-07,0.00031985424576401033,0.027829721241023637,0.016030140253417653,0.01535370559668028,0.011799580987605984,0.02858015665059865,-0.00043103484108826393,0,0,1.0396718055758348e-07,3.4971009670406501e-07,0.011493260855682412
15000,0.014999999999999999,0.071576789762187176,9.9999999999999974e-07,0.00037603615006020651,0.027003393253299261,0.015121613877955461,0.014437194531996928,0.0118817793753438,0.027808493126099759,-0.00042952271020203282,0,0,1.0396718055758348e-07,3.5502028118364519e-07,0.01392551471338746
15200,0.015199999999999998,0.072531146959016329,9.9999999999999974e-07,0.00037506993287784145,0.025770971729579442,0.013885248079838449,0.013200819662182971,0.011885723649740993,0.0265914532909566,-0.00044585471289696599,0,0,1.097470375549602e-07,3.3333736009621595e-07,0.014553969357986729
15400,0.015399999999999997,0.073485504155845482,9.9999999999999974e-07,0.00013154725108750393,0.024159134754423078,0.012273411111326354,0.01158898269367086,0.011885723643096724,0.024766346918268786,-0.0004761159487387708,0,0,1.097470375549602e-07,3.4128894301284842e-07,0.0054450315553383026
15600,0.015599999999999999,0.074439861352674663,9.9999999999999974e-07,0.00045561657246725177,0.022345655845216156,0.010459932209665184,0.0097755037920097057,0.011885723635550972,0.023293273440302083,-0.0004924550667326803,0,0,1.097470375549602e-07,3.4429707645218448e-07,0.020389492061598714
15800,0.015799999999999998,0.075394218549503816,9.9999999999999974e-07,0.00058768765141274041,0.020199506523412368,0.0083137828958310764,0.0076293544781756012,0.011885723627581292,0.021316786066996836,-0.00053004618281950308,0,0,1.097470375549602e-07,3.445436102198688e-07,0.029094158846483566
16000,0.016,0.076348575746332983,9.9999999999999974e-07,0.00027513449865380782,0.018480133866500777,0.006594410247713102,0.0059099818300576284,0.011885723618787675,0.019328024983451899,-0.00057320126774840371,0,0,1.097470375549602e-07,3.3490241353543756e-07,0.01488812259918465
16200,0.016199999999999999,0.07730293294316215,9.9999999999999974e-07,0.00045889678447770641,0.016804874454317293,0.0049191508460425934,0.0042347224283871138,0.011885723608274699,0.017860808376888415,-0.00059749300176110791,0,0,1.1172382071435572e-07,3.4413984697672807e-07,0.027307361666115425
16400,0.016399999999999998,0.078257290139991303,9.9999999999999974e-07,0.00051895300570508457,0.016048524923069553,0.0041272976694001666,0.0034352248514711932,0.011921227253669387,0.017180653066858124,-0.0006136069088338832,0,0,1.1172382071435572e-07,3.2004692968269928e-07,0.032336492493406428
16600,0.016599999999999997,0.079211647336820457,9.9999999999999974e-07,0.00070975261014673198,0.016156633839650578,0.0040506853118378611,0.0033204750387338783,0.012105948527812717,0.017479421672812901,-0.00061412086390849347,0,0,1.1172382071435572e-07,9.7391707218912339e-07,0.043929485386052534
16800,0.016799999999999995,0.08016600453364961,9.9999999999999974e-07,0.0022126493761869676,0.01807324596857492,0.0059650163441997261,0.0052346998468828674,0.012108229624375194,0.020971027374587982,-0.00068625190288246229,0,0,1.1172382071435572e-07,1.0081492356534596e-06,0.12242678376835235
17000,0.016999999999999998,0.081120361730478791,9.9999999999999974e-07,0.002829188962494822,0.019193773274341505,0.0070855435649313202,0.0063552270676144615,0.012108229709410185,0.022743027327022963,-0.00072125780228678583,0,0,1.1172382071435572e-07,1.0809882794366371e-06,0.14740139534090047
17200,0.0172,0.082074718927307957,9.9999999999999974e-07,0.0010979322262854557,0.023301951959094114,0.01113445364854092,0.010401523180726452,0.012167498310553195,0.025172966412228125,-0.00077427279903790681,0,0,1.226276073156624e-07,1.0679445820359899e-06,0.047117607495408248
17400,0.017399999999999999,0.083029076124137111,9.9999999999999974e-07,0.0009105268554329217,0.025309746271640277,0.01277966154485358,0.012036221005118671,0.012530084726786697,0.027004114975447337,-0.00078502160282239671,0,0,1.226276073156624e-07,1.0571268409423514e-06,0.035975345057219027
17600,0.017599999999999998,0.083983433320966264,9.9999999999999974e-07,0.00032915930893191324,0.028974539588343298,0.012997077345696814,0.011981851707861625,0.015977462242646484,0.030045510275385125,-0.00074292504107680804,0,0,1.226276073156624e-07,9.9103535957900479e-07,0.0113602947142027
17800,0.017799999999999996,0.084937790517795431,9.9999999999999974e-07,0.0015695931755620616,0.031292557263922285,0.014300125077433551,0.01316872705662896,0.016992432186488736,0.033655427346890338,-0.00079438592089805843,0,0,1.226276073156624e-07,9.8638588474966421e-07,0.050158673908433551
18000,0.017999999999999995,0.085892147714624584,9.9999999999999974e-07,0.00081589344663237273,0.034161459362945991,0.017155718193046739,0.01602426794999641,0.017005741169899252,0.035799069577630023,-0.00082276895547780699,0,0,1.226276073156624e-07,9.2955981883421733e-07,0.023883448243939783
18200,0.018199999999999997,0.086846504911453765,9.9999999999999974e-07,0.00070561345110540803,0.036602387385388506,0.018820739738278591,0.017634672976227211,0.017781647647109915,0.038133487634501452,-0.00082660527976848139,0,0,1.8665747000507398e-07,9.3182429094098842e-07,0.019277798567507796
18400,0.0184,0.087800862108282932,9.9999999999999974e-07,0.00030489585203805211,0.038924224241114733,0.02013065137700144,0.018924850686189775,0.018793572864113293,0.040062000884937866,-0.00083395873442464056,0,0,1.8665747000507398e-07,8.9128516955241819e-07,0.0078330617496545473
18600,0.018599999999999998,0.088755219305112085,9.9999999999999974e-07,0.00037786375625932316,0.040411817751741137,0.019714197680654903,0.018294959888337663,0.020697620071086234,0.041624587306095799,-0.00083594483232715927,0,0,1.8665747000507398e-07,8.5237676181747707e-07,0.0093503281287821548
18800,0.018799999999999997,0.089709576501941252,9.9999999999999974e-07,0.0002758680754443035,0.041391166554531671,0.020657292704890567,0.019237159539345811,0.020733873849641104,0.042502878339219452,-0.00083674973444180123,0,0,1.8665747000507398e-07,7.1936772831693281e-07,0.0066649021616932503
19000,0.018999999999999996,0.090663933698770405,9.9999999999999974e-07,0.0004168845624001743,0.041306728830318898,0.020566139066719197,0.019145974400872727,0.020740589763599701,0.042578238163724559,-0.00085560774033808509,0,0,1.8665747000507398e-07,7.9631186259312174e-07,0.010092412887804939
19200,0.019199999999999995,0.091618290895599558,9.9999999999999974e-07,0.00035728692258584676,0.040921601815786607,0.019976584025267304,0.018546151514411982,0.020945017790519303,0.042114725768101283,-0.00083676802595679931,0,0,1.9797394187367665e-07,7.3302228609613121e-07,0.0087310101934478454
19400,0.019399999999999997,0.092572648092428739,9.9999999999999974e-07,0.00042113722045666635,0.039858304553604507,0.018842903002062282,0.017408828093394953,0.021015401551542225,0.041138550022152082,-0.00086004491146856135,0,0,1.9797394187367665e-07,7.3868943578142402e-07,0.010565858863622478
19600,0.019599999999999999,0.093527005289257906,9.9999999999999974e-07,0.00024609193417331562,0.038335574093886764,0.017320172536580067,0.015886097627912741,0.021015401557306697,0.039466991937331039,-0.00088627901282691153,0,0,1.9797394187367665e-07,7.5512961408141028e-07,0.0064194143426838371
19800,0.019799999999999998,0.094481362486087073,9.9999999999999974e-07,0.00061425898797505844,0.036796765450860032,0.015781363909799687,0.014347289001132361,0.021015401541060345,0.038310866573043299,-0.00090075108703792026,0,0,1.9797394187367665e-07,7.1097888783467158e-07,0.01669328758788231
20000,0.019999999999999997,0.095435719682916226,9.9999999999999974e-07,0.00036411965283189964,0.035350619437263191,0.014335217911206566,0.012901143002539238,0.021015401526056625,0.036619604252317604,-0.00090582234256113877,0,0,1.9797394187367665e-07,7.5920639675414116e-07,0.010300234016495905
20200,0.020199999999999996,0.096390076879745379,9.9999999999999974e-07,0.00033511949836433714,0.033418340297267132,0.012402938760598598,0.010968863851931273,0.021015401536668532,0.034698884439025822,-0.00094635670784197902,0,0,1.9871151305596867e-07,7.333529345711002e-07,0.010028011426759647
20400,0.020399999999999995,0.097344434076574532,9.9999999999999974e-07,0.00043724538903749466,0.03165984870258072,0.010644447184587858,0.0092103722759205222,0.02101540151799286,0.03307681079519164,-0.000980644933127589,0,0,1.9871151305596867e-07,7.295180411058181e-07,0.013810722633107626
20600,0.020599999999999997,0.098298791273403713,9.9999999999999974e-07,0.00093087488502510956,0.030732591771362578,0.0096460989923161135,0.0082029100279413809,0.021086492779046465,0.032642778953101394,-0.00098116426877424426,0,0,1.9871151305596867e-07,1.6532605474830604e-06,0.030289501515213004
20800,0.020799999999999999,0.09925314847023288,9.9999999999999974e-07,0.0010418943015467078,0.036998189073385479,0.014608341378650913,0.013072617968526748,0.022389847694734566,0.039154396323013069,-0.0011160383280867858,0,0,1.9871151305596867e-07,1.5266684928459409e-06,0.02816068374265893
21000,0.020999999999999998,0.10020750566706203,9.9999999999999974e-07,0.0029867757945171436,0.041499624195355328,0.01798091941320349,0.016361215776172666,0.023518704782151838,0.045769049131759013,-0.0012843958598771029,0,0,1.9871151305596867e-07,1.5480064775059539e-06,0.071971152809895231
21200,0.021199999999999997,0.1011618628638912,9.9999999999999974e-07,0.001229481060796344,0.049182226437377186,0.024837655530317755,0.023160826841654394,0.02434457090705943,0.051839082926112855,-0.0014291644612924089,0,0,3.1834882632917746e-07,1.4706845267553102e-06,0.024998483189080906
21400,0.021399999999999995,0.10211622006072035,9.9999999999999974e-07,0.00068894876969715529,0.054724953631072763,0.027648809073721605,0.025843431482387623,0.027076144557351158,0.056909224157788173,-0.0014970884010750741,0,0,3.1834882632917746e-07,1.4482952304904683e-06,0.012589298372762275
21600,0.021599999999999994,0.10307057725754951,9.9999999999999974e-07,0.00052491820202528786,0.060738056736214768,0.026252372678145355,0.023576728110559091,0.034485684058069413,0.062723770556754752,-0.0014623084418893067,0,0,3.1834882632917746e-07,1.1944745482788546e-06,0.0086423278950955966
21800,0.021799999999999996,0.10402493445437869,9.9999999999999974e-07,0.00070260403895165918,0.06699014254746008,0.028021763337945628,0.024696208935731004,0.038968379209514452,0.069217215442483326,-0.0015258343035000151,0,0,3.1834882632917746e-07,1.047098602096212e-06,0.01048817053126719
22000,0.021999999999999999,0.10497929165120785,9.9999999999999974e-07,0.0014096371907414901,0.071415001500882966,0.031552722952151765,0.028212875349661663,0.0398622785487312,0.074446206360676712,-0.0016228322570416699,0,0,3.1834882632917746e-07,9.4623916307837259e-07,0.019738670603039358
22200,0.022199999999999998,0.10593364884803701,9.9999999999999974e-07,0.00023381150052072085,0.076759021618320794,0.035513479748301054,0.032152345851209796,0.04124554187001974,0.078664557157451034,-0.0016731289406648633,0,0,4.9678944517217828e-07,9.0811261017337752e-07,0.0030460458665475601
22400,0.022399999999999996,0.10688800604486616,9.9999999999999974e-07,0.00055927648562040266,0.080021966848781573,0.036186578788640643,0.032619926043857848,0.04383538806014093,0.082270810769363448,-0.0016907842477056141,0,0,4.9678944517217828e-07,7.2002329896940455e-07,0.0069890369812738275
22600,0.022599999999999995,0.10784236324169531,9.9999999999999974e-07,0.0003010603409099387,0.083300978288078753,0.034587877595224387,0.030186467922605438,0.048713100692854366,0.085310285802434258,-0.0017093775394691458,0,0,4.9678944517217828e-07,6.3357657841405608e-07,0.0036141273139528494
22800,0.022799999999999994,0.10879672043852448,9.9999999999999974e-07,0.00030920822794994169,0.085791615726367565,0.034389861890202364,0.029560475944600949,0.051401753836165201,0.087817185275699317,-0.0017174712844686888,0,0,4.9678944517217828e-07,6.1317364170695435e-07,0.0036041776965264486
23000,0.022999999999999996,0.10975107763535365,9.9999999999999974e-07,0.00030924015401303373,0.087316510293141622,0.03583272821306599,0.031000572222704165,0.051483782080075632,0.089340728663506119,-0.0017160332849548386,0,0,4.9678944517217828e-07,5.5827915819605659e-07,0.0035416000132717554
23200,0.023199999999999998,0.11070543483218281,9.9999999999999974e-07,0.00011723841394255283,0.088100333286797408,0.036505412745047636,0.031671840114739183,0.051594920541749772,0.08993998617348474,-0.0017235169460950049,0,0,5.097417884796641e-07,5.9273156174589243e-07,0.0013307374622624954
23400,0.023399999999999997,0.11165979202901197,9.9999999999999974e-07,0.0003111481592303827,0.087873098154652815,0.036183614558425885,0.031348474392616253,0.05168948359622693,0.089921838667253395,-0.0017386789256878543,0,0,5.097417884796641e-07,5.7683052917039065e-07,0.0035408807219107666
23600,0.023599999999999996,0.11261414922584113,9.9999999999999974e-07,0.00016388074541877798,0.087152401355539935,0.035178336180114039,0.03030464336031985,0.051974065175425896,0.089066111312881641,-0.0017508361889577919,0,0,5.097417884796641e-07,4.9723524638026426e-07,0.0018803927702487882
23800,0.023799999999999995,0.11356850642267029,9.9999999999999974e-07,0.00022656456677312101,0.085881793407191528,0.033855799532490148,0.02897386636760647,0.05202599387470138,0.087860600411344164,-0.0017532831966876393,0,0,5.097417884796641e-07,5.3101751965092513e-07,0.0026380977595438647
24000,0.023999999999999997,0.11452286361949947,9.9999999999999974e-07,0.00023531030426077437,0.084257381698882305,0.032230365143364213,0.02734842457542153,0.052027016555518092,0.086270363057318764,-0.0017787150382335478,0,0,5.097417884796641e-07,5.3424226938184269e-07,0.002792755952252618
24200,0.024199999999999996,0.11547722081632862,9.9999999999999974e-07,0.00052398774814162294,0.081685370497429674,0.029656537059394472,0.024774472529264572,0.052028833438035202,0.084024380113010388,-0.0018160237017276616,0,0,5.1011204710562974e-07,4.917222414631954e-07,0.0064147073698846823
24400,0.024399999999999995,0.11643157801315777,9.9999999999999974e-07,0.00017738026200865545,0.079088134062932552,0.027057964497980237,0.022175819331389728,0.052030169564952315,0.08113017362069791,-0.0018657011396287985,0,0,5.1011204710562974e-07,5.3173182499137314e-07,0.0022428176376940341
24600,0.024599999999999997,0.11738593520998696,9.9999999999999974e-07,0.00026029147698572355,0.075951093495228675,0.023916685971425159,0.019034267267500148,0.052034407523803519,0.078122125192792394,-0.0019117657233004082,0,0,5.1011204710562974e-07,5.1539067530818237e-07,0.0034270932123192581
24800,0.024799999999999996,0.11834029240681611,9.9999999999999974e-07,0.00028947660224294902,0.073357838720942953,0.021307629781756404,0.016424347477340995,0.052050208939186549,0.075610566587462708,-0.0019650031425636522,0,0,5.1011204710562974e-07,1.2417662397385871e-06,0.0039460895698431508
25000,0.024999999999999994,0.11929464960364526,9.9999999999999974e-07,0.00091772256737096222,0.076467152212517514,0.024074780518363495,0.019145375475780629,0.052392371694154019,0.079374258117881069,-0.0019911841258550278,0,0,5.1011204710562974e-07,1.2906758153325725e-06,0.012001526679330592
25200,0.025199999999999997,0.12024900680047444,9.9999999999999974e-07,0.00056161544507895439,0.081136638740956626,0.026522659157066711,0.021327434819653573,0.054613979583889916,0.083688469563098,-0.0019919212411259515,0,0,5.4743485426444957e-07,1.1584292092744342e-06,0.0069218475622586876
25400,0.025399999999999995,0.1212033639973036,9.9999999999999974e-07,0.0014230402885508468,0.084646044820388219,0.029315258019851766,0.024025973248795306,0.055330786800536449,0.088125616860335418,-0.0020582293582685198,0,0,5.4743485426444957e-07,1.1501720179071465e-06,0.016811657196392559
25600,0.025599999999999994,0.12215772119413276,9.9999999999999974e-07,0.0004389822520039974,0.088340254849137476,0.032733935463000859,0.02743304865266832,0.055606319386136617,0.090865101925778333,-0.0020874856349686046,0,0,5.4743485426444957e-07,1.0733754774746799e-06,0.0049692210278730418
25800,0.025799999999999997,0.12311207839096193,9.9999999999999974e-07,0.0006317783197058094,0.089634606420708265,0.033053366095324388,0.02773821213767514,0.056581240325383877,0.09236048749999308,-0.0020957026728569712,0,0,5.4743485426444957e-07,1.0524784236954499e-06,0.0070483750075333602
26000,0.025999999999999995,0.12406643558779108,9.9999999999999974e-07,0.00039536976837261821,0.090832936647024909,0.031775618104851661,0.026094403098333465,0.059057318542173248,0.093302184181162762,-0.0020754355225182978,0,0,5.4743485426444957e-07,1.0103218988025657e-06,0.0043527137068023877
26200,0.026199999999999994,0.12502079278462025,9.9999999999999974e-07,0.0002181460669369021,0.091410357607235176,0.032005764718417089,0.026272478495151842,0.059404592888818088,0.093704723413813099,-0.0020777764936564529,0,0,5.5102529800266812e-07,1.0057287174309694e-06,0.0023864480201927986
26400,0.026399999999999996,0.1259751499814494,9.9999999999999974e-07,0.00052447564526917863,0.090702773393878944,0.031284859872072426,0.02555134413176945,0.059417913521806517,0.09331366256771112,-0.0020879272962686813,0,0,5.5102529800266812e-07,9.6274240768440929e-07,0.0057823551104841161
26600,0.026599999999999995,0.12692950717827858,9.9999999999999974e-07,0.000248876191282559,0.090167634378346143,0.030745496399213059,0.025011912302698416,0.05942213797913308,0.092521386145912904,-0.0021064142987088585,0,0,5.5102529800266812e-07,9.8769712664882918e-07,0.0027601499473554657
26800,0.026799999999999994,0.12788386437510774,9.9999999999999974e-07,0.00057023664745004844,0.094057795807677327,0.032014885208992962,0.026103779146067933,0.062042910598684366,0.096674886890207146,-0.0020490703954438544,0,0,5.5102529800266812e-07,1.6649350660870897e-06,0.0060626197175195099
27000,0.026999999999999996,0.12883822157193689,9.9999999999999974e-07,0.00069298563222868446,0.10233932769119665,0.034853344771399508,0.028342135484968181,0.067485982919797141,0.10514730923496349,-0.0021169282214807106,0,0,5.5102529800266812e-07,1.3812846445490527e-06,0.0067714499192307659
27200,0.027199999999999995,0.12979257876876607,9.9999999999999974e-07,0.0016889199054964132,0.10908654554013283,0.038716974037382168,0.031958504118476602,0.070369571502750666,0.1130857842048323,-0.0023121411620845157,0,0,7.1224946877843134e-07,1.1101534126839829e-06,0.015482385083640414
27400,0.027399999999999994,0.13074693596559522,9.9999999999999974e-07,0.00060235041492511573,0.11698724306136288,0.044326484987237048,0.037506436052518688,0.072660758074125836,0.12006214614346004,-0.0024743092026785021,0,0,7.1224946877843134e-07,1.0442860376670723e-06,0.005148855543242156
27600,0.027599999999999996,0.13170129316242438,9.9999999999999974e-07,0.00040813063932873962,0.12365006598496561,0.046081258422682882,0.038759099246047507,0.077568807562282738,0.1265749409394421,-0.0025183579354261477,0,0,7.1224946877843134e-07,9.0137080961285401e-07,0.0033006908332613707
27800,0.027799999999999995,0.13265565035925353,9.9999999999999974e-07,0.00036983256072135688,0.1301071372198068,0.04586199520174869,0.037470316152843623,0.084245142018058106,0.1330340541026496,-0.0025585854464072765,0,0,7.1224946877843134e-07,7.8887481704245943e-07,0.0028425232360354755
28000,0.027999999999999994,0.13361000755608271,9.9999999999999974e-07,0.00025111763370185274,0.13630208144565048,0.047542387292093015,0.038327470703508726,0.088759694153557472,0.13917736216330276,-0.0026254878488820789,0,0,7.1224946877843134e-07,6.1251546288561576e-07,0.001842360960584334
28200,0.028199999999999996,0.13456436475291186,9.9999999999999974e-07,0.00076289868014566345,0.14103816109492873,0.050293449682539605,0.040913103248761525,0.090744711412389129,0.14447595035432009,-0.0026762523746604841,0,0,7.8277539015978041e-07,5.7902002463204793e-07,0.0054091649679988262
28400,0.028399999999999995,0.13551872194974102,9.9999999999999974e-07,0.00028530829078221977,0.14555651916192699,0.05302822562170445,0.043571805334992199,0.092528293540222545,0.14857065743821363,-0.0027300871234863418,0,0,7.8277539015978041e-07,4.7436259176575198e-07,0.0019601203190687966
28600,0.028599999999999993,0.13647307914657017,9.9999999999999974e-07,0.00015121619734625105,0.14893669994443115,0.053437771516635257,0.043627198314055995,0.095498928427795893,0.15185282944062786,-0.0027660908369341441,0,0,7.8277539015978041e-07,3.9476269353218148e-07,0.0010153051424039233
28800,0.028799999999999996,0.13742743634339935,9.9999999999999974e-07,0.00019525173792731598,0.15149219238410808,0.052777919209547115,0.042364793626047573,0.098714273174560968,0.15444020631393487,-0.0027538457503269455,0,0,7.8277539015978041e-07,3.0078303729752014e-07,0.0012888567711282154
29000,0.028999999999999995,0.1383817935402285,9.9999999999999974e-07,0.00012168202430904502,0.15332255842519454,0.052301217172693863,0.041350495716037744,0.10102134125250067,0.15620174454169689,-0.0027586112201933885,0,0,7.8277539015978041e-07,3.2435260992620179e-07,0.00079363418898604663
29200,0.029199999999999993,0.13933615073705766,9.9999999999999974e-07,0.00013478248280398105,0.15415363237263602,0.05299239614752007,0.042035038234449297,0.10116123622511594,0.15707012119205255,-0.002782776862248054,0,0,7.937571018711782e-07,2.7676853364455484e-07,0.00087433867583587631
29400,0.029399999999999996,0.14029050793388684,9.9999999999999974e-07,0.00014517151330141489,0.15414243038944442,0.052950749069310882,0.041992297924893819,0.10119168132013354,0.15706678946096109,-0.0027802722236814881,0,0,7.937571018711782e-07,2.9090836437662113e-07,0.00094180111819072601
29600,0.029599999999999994,0.14124486513071599,9.9999999999999974e-07,0.00017649537381434686,0.15350505283825211,0.052278988896798342,0.04131903839112526,0.10122606394145377,0.15646800932346128,-0.0027875330291490048,0,0,7.937571018711782e-07,2.7816065230578782e-07,0.0011497691479922787
29800,0.029799999999999993,0.14219922232754514,9.9999999999999974e-07,9.8581513981757244e-05,0.15220060389174558,0.050917387790537345,0.039951586836692018,0.10128321610120825,0.15512092093129265,-0.0028227794487924664,0,0,7.937571018711782e-07,2.5016612528982576e-07,0.00064770777159251273
30000,0.029999999999999995,0.14315357952437432,9.9999999999999974e-07,0.00017377699867742344,0.15004300121446898,0.048745581345805186,0.037777863200834712,0.10129741986866379,0.15305344756874659,-0.0028377547122296382,0,0,7.937571018711782e-07,2.9159952759269084e-07,0.0011581813031654139
30200,0.030199999999999994,0.14410793672120348,9.9999999999999974e-07,0.00017173504741262348,0.14757153652024496,0.046266875596516245,0.035297089795031426,0.10130466092372872,0.15060686131883591,-0.0028646577972200426,0,0,7.938899646044506e-07,2.7415607712447485e-07,0.0011637409995325458
30400,0.030399999999999993,0.14506229391803263,9.9999999999999974e-07,0.00041356106686717348,0.14424705471300539,0.042938423412255282,0.031968118168280962,0.1013086313007501,0.14758878305091386,-0.0029292259930365659,0,0,7.938899646044506e-07,2.648320306793825e-07,0.0028670330059077914
30600,0.030599999999999995,0.14601665111486181,9.9999999999999974e-07,0.00032453111610139453,0.14082702989529336,0.039504624523801976,0.028530198732003097,0.10132240537149138,0.14414025342228787,-0.002989769629696794,0,0,7.938899646044506e-07,2.8332883907725524e-07,0.0023044660981821987
30800,0.030799999999999994,0.14697100831169096,9.9999999999999974e-07,0.00025784990346987068,0.13742311516015657,0.036078248969872891,0.025097100746133503,0.10134486619028368,0.14073112642980587,-0.0030512333917149144,0,0,7.938899646044506e-07,2.7813557086638797e-07,0.0018763211936315483
31000,0.030999999999999993,0.14792536550852015,9.9999999999999974e-07,0.00040974782422757982,0.13645952009085266,0.034852028787208292,0.023812042430103354,0.10160749130364437,0.13993360872558594,-0.0030662667391400077,0,0,7.938899646044506e-07,1.1320386697141406e-06,0.0030027060329303225
31200,0.031199999999999995,0.1488797227053493,9.9999999999999974e-07,0.0016606606107868612,0.1416852698655087,0.039275566570958348,0.028118800200428878,0.10240970329455035,0.14650297334917831,-0.0031589162122216655,0,0,7.9549091826720695e-07,1.0778484206611697e-06,0.011720771060839302
31400,0.031399999999999997,0.14983407990217848,9.9999999999999974e-07,0.00168429956557006,0.14705023312406293,0.044243809774108918,0.033047163090864203,0.10280642334995402,0.15202911333419264,-0.0032963534958573596,0,0,7.9549091826720695e-07,9.7736037944538274e-07,0.011453906123012092
31600,0.031599999999999989,0.15078843709900761,9.9999999999999974e-07,0.0007904657768909014,0.154904267409918,0.049359812235585762,0.03779498568393734,0.10554445517433224,0.15907125162778163,-0.0033783678925553089,0,0,7.9549091826720695e-07,1.0539606643161343e-06,0.005102930927003568
31800,0.031799999999999995,0.15174279429583679,9.9999999999999974e-07,0.00064553911575084564,0.16129798733222528,0.053470175472610966,0.041740058823931385,0.10782781185961432,0.16541566976899599,-0.003473792971841316,0,0,7.9549091826720695e-07,8.5415990318838313e-07,0.0040021523295342143
32000,0.031999999999999994,0.15269715149266594,9.9999999999999974e-07,0.00044126595608060643,0.16774592896076623,0.053067368828773255,0.040138984942289527,0.11467856013199298,0.17159736740503076,-0.0034116662682925698,0,0,7.9549091826720695e-07,6.9828919037582176e-07,0.0026305613424681875
32200,0.032199999999999993,0.15365150868949509,9.9999999999999974e-07,0.00076092057959446747,0.17365578577276469,0.054821859855058407,0.041200155099775461,0.11883392591770628,0.17790237199194117,-0.0034871293675438073,0,0,8.3256697834954513e-07,6.3116098343261373e-07,0.0043817749936081105
32400,0.032399999999999998,0.1546058658863243,9.9999999999999974e-07,0.00069486685762994876,0.17856498637802395,0.058468739400416983,0.044805669339572654,0.12009624697760697,0.18280718423013284,-0.0035487627669297289,0,0,8.3256697834954513e-07,5.9920547244831354e-07,0.0038913947897876704
32600,0.03259999999999999,0.15556022308315343,9.9999999999999974e-07,0.00019651652286452434,0.18314027844278391,0.059904392375730926,0.045836270685385129,0.12323588606705299,0.18688327566232274,-0.0035478252395213503,0,0,8.3256697834954513e-07,5.1197586870846953e-07,0.0010730382444292252
32800,0.032799999999999996,0.15651458027998261,9.9999999999999974e-07,0.00027445695617303486,0.1865254644553804,0.061409208766607777,0.047155251371718596,0.12511625568877263,0.19040143974210952,-0.0036027871440386509,0,0,8.3256697834954513e-07,4.3624650422083841e-07,0.0014714181625248759
33000,0.032999999999999995,0.15746893747681176,9.9999999999999974e-07,0.00020708835444930044,0.18920254080522333,0.061220878370166994,0.046376854758788277,0.12798166243505635,0.19299355146486347,-0.0035851571721762622,0,0,8.3256697834954513e-07,4.023000070784799e-07,0.0010945326292551741
33200,0.033199999999999993,0.15842329467364091,9.9999999999999974e-07,0.00010757435958235793,0.19112997168247625,0.060981642637779755,0.045690585377093036,0.1301483290446965,0.19481893555338084,-0.0035825726496439103,0,0,8.4231643760867764e-07,3.4082188407667804e-07,0.00056283354533778176
33400,0.033399999999999992,0.15937765187047007,9.9999999999999974e-07,0.00010949928067884501,0.19217382838852706,0.061875315057164211,0.046577259831032114,0.13029851333136286,0.19587351003865289,-0.0035913788025083836,0,0,8.4231643760867764e-07,3.541166238046241e-07,0.00056979288801732694
33600,0.033599999999999991,0.16033200906729922,9.9999999999999974e-07,0.00014366053570269674,0.1933264247357849,0.062520331338478674,0.047179998229112549,0.13080609339730623,0.19708081901127258,-0.003611920498514417,0,0,8.4231643760867764e-07,3.4444229182024196e-07,0.00074309829036064013
33800,0.033799999999999997,0.16128636626412843,9.9999999999999974e-07,0.00012030181011475676,0.1937548858667045,0.062417800877398358,0.046984677262713888,0.13133708498930613,0.19747795249272487,-0.0036039051840624854,0,0,8.4231643760867764e-07,2.9805171927537596e-07,0.00062089691094303304
34000,0.033999999999999989,0.16224072346095755,9.9999999999999974e-07,0.00019123061851610473,0.19314854188155828,0.061610286268359918,0.04615929449756969,0.13153825561319837,0.19696323044916611,-0.0036246085808055027,0,0,8.4231643760867764e-07,3.0831527617557893e-07,0.0009900702156652591
34200,0.034199999999999994,0.16319508065778673,9.9999999999999974e-07,0.00018091813165406226,0.19181375808319254,0.06025817995717625,0.044806799480438836,0.13155557812601629,0.19564005779150209,-0.0036465033809421686,0,0,8.4431614271811613e-07,2.7748814394625721e-07,0.00094319684605519963
34400,0.034399999999999993,0.16414943785461589,9.9999999999999974e-07,0.00023597698744289776,0.18977283689032939,0.058214654517553296,0.042762840572273537,0.13155818237277611,0.19366101603988173,-0.0036533292300806163,0,0,8.4431614271811613e-07,2.827518284679276e-07,0.0012434708323366107
34600,0.034599999999999992,0.16510379505144504,9.9999999999999974e-07,0.00019540477424797608,0.18691775076769618,0.055355629762466892,0.039902308330199816,0.13156212100522929,0.19083129274636129,-0.0037192652709850857,0,0,8.4431614271811613e-07,2.8375042523527006e-07,0.001045405123084472
34800,0.034799999999999998,0.16605815224827425,9.9999999999999974e-07,0.00019826369563104255,0.18368914142615841,0.052121861599054978,0.036666974224117202,0.13156727982710342,0.18765225517915904,-0.0037659743517380957,0,0,8.4431614271811613e-07,2.7997822578229598e-07,0.0010793435806369805
35000,0.034999999999999989,0.16701250944510337,9.9999999999999974e-07,0.00060737167157865098,0.18276876631275085,0.050449042958420585,0.034895849158396698,0.13231972335433026,0.18710996062298429,-0.0037362402013324273,0,0,8.4431614271811613e-07,1.5732465349157545e-06,0.0033231699476448111
35200,0.035199999999999995,0.16796686664193256,9.9999999999999974e-07,0.00058361221025075957,0.19224057398495037,0.054847961235964644,0.038488049894085927,0.13739261274898573,0.1966223464430473,-0.0038003767844940481,0,0,8.6247915256507439e-07,1.3540574953279131e-06,0.0030358430489104129
35400,0.035399999999999994,0.16892122383876171,9.9999999999999974e-07,0.0011560835199951719,0.20168096429005358,0.059077132511206942,0.041867198471479315,0.14260383177884664,0.2068456199943145,-0.0040106181459890053,0,0,8.6247915256507439e-07,1.1834825706828376e-06,0.0057322391533814535
35600,0.035599999999999993,0.16987558103559086,9.9999999999999974e-07,0.0010968890551422957,0.21185582495859212,0.065261256904979748,0.047612975932496054,0.14659456805361237,0.21719671392750908,-0.0042458662809725179,0,0,8.6247915256507439e-07,1.0038880452874525e-06,0.0051775260621542314
35800,0.035799999999999992,0.17082993823242001,9.9999999999999974e-07,0.00058981855039983171,0.22153870107935023,0.06888179365274226,0.050483769911829159,0.15265690742660798,0.22652500562070621,-0.0043981339983092671,0,0,8.6247915256507439e-07,7.8552820054602841e-07,0.0026623725223908928
36000,0.03599999999999999,0.1717842954292492,9.9999999999999974e-07,0.00046975521900008188,0.23042719095744063,0.070294211166006426,0.05068019149868188,0.1601329797914342,0.23540786715912881,-0.0045123762682048917,0,0,8.6247915256507439e-07,5.9280636422745859e-07,0.0020386275467240522
36200,0.036199999999999996,0.17273865262607838,9.9999999999999974e-07,0.00025542102450158504,0.23899886073036281,0.071309522158053584,0.050048581706350452,0.16768933857230922,0.24384674903174841,-0.0045940860263737936,0,0,1.1110637442967351e-06,5.0768574546442275e-07,0.0010687123098454833
36400,0.036399999999999988,0.1736930098229075,9.9999999999999974e-07,0.00052321149334025969,0.24650317964797674,0.074651984485034184,0.05258998825742258,0.17185119516294256,0.25172687163069279,-0.0047020254671739301,0,0,1.1110637442967351e-06,4.3391405383654947e-07,0.0021225344601535816
36600,0.036599999999999994,0.17464736701973668,9.9999999999999974e-07,0.00033399601090178922,0.25329520397472599,0.077289142954693191,0.054757574351121503,0.1760060610200328,0.25839901343820204,-0.0047712167745483621,0,0,1.1110637442967351e-06,2.9225822979786748e-07,0.0013186037700702602
36800,0.036799999999999992,0.17560172421656584,9.9999999999999974e-07,0.00012115712887546066,0.25921644596308197,0.07919921359148431,0.05592460960170674,0.18001723237159767,0.26419475521171643,-0.0048584989412353207,0,0,1.1110637442967351e-06,2.3575773201227596e-07,0.00046739753886108004
37000,0.036999999999999991,0.17655608141339499,9.9999999999999974e-07,8.9501178867537842e-05,0.26409377483069296,0.08035566142619123,0.056389866854478554,0.18373811340450175,0.26907116169676765,-0.0048891970722900946,0,0,1.1110637442967351e-06,2.0032133863705488e-07,0.00033889923730658121
37200,0.037199999999999997,0.17751043861022417,9.9999999999999974e-07,3.9859561162394817e-05,0.26812237443296738,0.079771611178782939,0.05451238030028642,0.18835076325418443,0.27305907284815351,-0.0048981341704818328,0,0,1.139562036945639e-06,1.5575442113210114e-07,0.00014866182371646872
37400,0.037399999999999989,0.17846479580705329,9.9999999999999974e-07,0.0001329191871225295,0.27139196296520696,0.08135786039044525,0.05571054087338824,0.19003410257476172,0.27644270234864815,-0.0049190863161233415,0,0,1.139562036945639e-06,1.2655776775067362e-07,0.00048976832500957309
37600,0.037599999999999995,0.1794191530038825,9.9999999999999974e-07,0.00015306079085353341,0.27387094175286275,0.082891704164159322,0.057144939004769933,0.19097923758870344,0.27896869399125873,-0.0049459505950687514,0,0,1.139562036945639e-06,1.1958548935714919e-07,0.00055887926581000072
37800,0.037799999999999993,0.18037351020071166,9.9999999999999974e-07,6.8460723736724364e-05,0.27551249168557934,0.083457992203184242,0.057607696124591427,0.19205449948239511,0.28053264504687436,-0.0049529382172367681,0,0,1.139562036945639e-06,1.0601764153100057e-07,0.00024848500813114924
38000,0.037999999999999992,0.18132786739754081,9.9999999999999974e-07,0.00010593687814241809,0.27603916302325909,0.083103386313474276,0.057081243401600493,0.19293577670978482,0.2811083293352184,-0.0049644590158033188,0,0,1.139562036945639e-06,9.0019949488393091e-08,0.00038377481290034136
38200,0.038199999999999991,0.18228222459436996,9.9999999999999974e-07,5.8586580301840399e-05,0.27568851295630126,0.081955302051217149,0.055696399540488994,0.19373321090508411,0.28072921631234882,-0.0049833400837289875,0,0,1.1448871249724435e-06,7.8420858288695535e-08,0.00021251005228181859
38400,0.03839999999999999,0.18323658179119912,9.9999999999999974e-07,5.2614198058114358e-05,0.27438049795509017,0.080566160619310087,0.054292931154174336,0.19381433733578007,0.27942241967163595,-0.0049905303419347773,0,0,1.1448871249724435e-06,7.7936322164798274e-08,0.00019175633272130768
38600,0.038599999999999995,0.1841909389880283,9.9999999999999974e-07,4.1755998101422633e-05,0.27225408236381254,0.078434538895331182,0.052160766891018256,0.19381954346848135,0.27732741615233991,-0.005032798545782007,0,0,1.1448871249724435e-06,7.5868231078395062e-08,0.00015337143060952961
38800,0.038799999999999987,0.18514529618485742,9.9999999999999974e-07,0.00021919433743140316,0.26929554851641602,0.075471719902720807,0.04919732329479734,0.19382382861369521,0.27457949275638099,-0.0050659649711748281,0,0,1.1448871249724435e-06,7.0181516272745089e-08,0.00081395455156601398
39000,0.038999999999999993,0.1860996533816866,9.9999999999999974e-07,0.00016075664916514776,0.26572391081376273,0.071892970850849405,0.045617709810550341,0.19383093996291334,0.27100746112062074,-0.005124020963116864,0,0,1.1448871249724435e-06,8.241829903256613e-08,0.00060497622766743364
39200,0.039199999999999992,0.18705401057851578,9.9999999999999974e-07,0.00054188939870751269,0.26768298160348242,0.071483176348021107,0.044771785482451094,0.19619980525546132,0.27326564152869193,-0.0050425158991730555,0,0,1.1462241726740624e-06,5.9914849840053824e-07,0.0020243700046281275
39400,0.039399999999999991,0.18800836777534494,9.9999999999999974e-07,0.00023063566220005632,0.27544758081613424,0.073675478665882088,0.04577499224765004,0.20177210215025215,0.28070951283378159,-0.0050330034353914576,0,0,1.1462241726740624e-06,5.6085577148236448e-07,0.00083731235364891223
39600,0.039599999999999989,0.18896272497217409,9.9999999999999974e-07,0.0005791035800592454,0.28203677256922971,0.07706660895356654,0.048549550421426377,0.20497016361566317,0.28771208008164295,-0.0050978543994610092,0,0,1.1462241726740624e-06,5.042429343419405e-07,0.0020532910470640727
39800,0.039799999999999995,0.18991708216900327,9.9999999999999974e-07,0.0004769814830391579,0.28810583305709286,0.080505738003183336,0.05155049706072893,0.20760009505390953,0.29376400263280639,-0.0051827641120358245,0,0,1.1462241726740624e-06,4.2979518877901134e-07,0.001655577320243413
40000,0.039999999999999994,0.19087143936583242,9.9999999999999974e-07,0.00027687018659096287,0.29361310998541806,0.082975087252969607,0.053619334999641444,0.21063802273244847,0.29910484661360942,-0.0052163920712384806,0,0,1.1462241726740624e-06,3.7940546539900476e-07,0.00094297624041621742
40200,0.040199999999999993,0.1918257965626616,9.9999999999999974e-07,0.00019535330388502855,0.29798411215486703,0.084138009892992971,0.054283574501328993,0.21384610226187406,0.30341580324756978,-0.0052378667079934381,0,0,1.2269166030400164e-06,3.0200257268487319e-07,0.00065558295196456765
40400,0.040399999999999991,0.19278015375949076,9.9999999999999974e-07,0.00010577009866827423,0.30168566216081599,0.083946899214518339,0.053028458331369106,0.21773876294629765,0.30702548100642124,-0.0052355515505841284,0,0,1.2269166030400164e-06,2.7588704414048421e-07,0.00035059703504203201
40600,0.04059999999999999,0.19373451095631991,9.9999999999999974e-07,0.00014946846777033371,0.30439554082942749,0.084870605087082995,0.053596399835738252,0.2195249357423445,0.30977440146981522,-0.0052308654212645253,0,0,1.2269166030400164e-06,2.4633204406559218e-07,0.00049103369702150322
40800,0.040799999999999989,0.19468886815314906,9.9999999999999974e-07,0.00023732762433606645,0.30607696403151008,0.085764587691398206,0.054344518649456761,0.22031237634011186,0.31156262448609201,-0.0052497658365281046,0,0,1.2269166030400164e-06,2.0608967922582678e-07,0.00077538544949640176
41000,0.040999999999999995,0.19564322534997827,9.9999999999999974e-07,3.4941009619844549e-05,0.30706316413832535,0.086346162142977786,0.054902671210880605,0.22071700199534755,0.31236488535763474,-0.0052681916859186962,0,0,1.2269166030400164e-06,1.8455962614171451e-07,0.0001137909515063304
41200,0.041199999999999994,0.19659758254680743,9.9999999999999974e-07,0.00040444958989576595,0.30804840132964756,0.085898726831230829,0.054342058564089191,0.22214967449841672,0.31368946052542995,-0.0052384450426012424,0,0,1.2285204175462713e-06,6.0691629707430258e-07,0.0013129416940650114
41400,0.041399999999999992,0.19755193974363658,9.9999999999999974e-07,0.00036675486714489046,0.31542549839812112,0.085616524234745722,0.052947081279299667,0.2298089741633754,0.32094632807443252,-0.0051557606984533729,0,0,1.2285204175462713e-06,4.5736886930662031e-07,0.0011627305623909418
41600,0.041599999999999991,0.19850629694046573,9.9999999999999974e-07,0.00053384543444457376,0.32618626529566069,0.088362628222594261,0.054060614971184258,0.23782363707306642,0.3319687990820181,-0.0052502795172990318,0,0,1.2285204175462713e-06,3.626449686519604e-07,0.0016366275690997821
41800,0.04179999999999999,0.19946065413729488,9.9999999999999974e-07,0.0006025334598353646,0.33617927410562354,0.09403948186120345,0.059158510125774569,0.24213979224442009,0.34228885206925119,-0.005508574011874586,0,0,1.2285204175462713e-06,3.0098766473755319e-07,0.0017922980571552301
42000,0.041999999999999989,0.20041501133412404,9.9999999999999974e-07,0.00030844378699534632,0.34568052409526606,0.096949695093660623,0.060917735632451397,0.24873082900160542,0.35160237142970008,-0.0056148189433681333,0,0,1.2285204175462713e-06,1.868755119202948e-07,0.00089227991019344302
42200,0.042199999999999994,0.20136936853095322,9.9999999999999974e-07,0.00011770021063798306,0.35462623140372562,0.098517182897965266,0.060959684233751282,0.25610904850576033,0.36044508666519776,-0.0057026940939980094,0,0,1.3893597110471033e-06,1.4968345283427423e-07,0.00033189933573748184
42400,0.042399999999999993,0.20232372572778237,9.9999999999999974e-07,0.00017702679274067342,0.36248517355079951,0.10083371586267253,0.062118315684507312,0.26165145768812698,0.36847480175605013,-0.0058141024248884324,0,0,1.3893597110471033e-06,1.11652667441862e-07,0.00048836974766876772
42600,0.042599999999999992,0.20327808292461153,9.9999999999999974e-07,0.00018804417399725668,0.36947510194878602,0.10249750495953065,0.062551509438388858,0.26697759698925538,0.3755540857120267,-0.0058924047562778081,0,0,1.3893597110471033e-06,7.5807323345263936e-08,0.00050894951515115087
42800,0.042799999999999991,0.20423244012144068,9.9999999999999974e-07,0.00016196697122007901,0.3756758188239217,0.10413795814106322,0.063241846702157906,0.27153786068285846,0.38176367528308258,-0.00592733641623966,0,0,1.3893597110471033e-06,5.7568587796506335e-08,0.00043113493896713252
43000,0.04299999999999999,0.20518679731826983,9.9999999999999974e-07,0.00013692467863071834,0.38082098667532921,0.10583282146996681,0.064441578111023051,0.2749881652053624,0.38695071604803249,-0.0059942341144885352,0,0,1.3893597110471033e-06,4.0060704948156415e-08,0.00035955129423435411
43200,0.043199999999999988,0.20614115451509898,9.9999999999999974e-07,4.3801432415651432e-05,0.38508432520442748,0.10648666972160302,0.064206063221296406,0.27859765548282445,0.39114488216104371,-0.0060182368662927204,0,0,1.4464959819187205e-06,3.4846110245129054e-08,0.00011374504114754299
43400,0.043399999999999994,0.20709551171192819,9.9999999999999974e-07,5.018340355001133e-05,0.38877629956161341,0.10737419104184118,0.064318648774208231,0.28140210851977221,0.39485088972850702,-0.006025884515627764,0,0,1.4464959819187205e-06,3.1256302252596775e-08,0.00012908040846779613
43600,0.043599999999999993,0.20804986890875735,9.9999999999999974e-07,3.9642370987378686e-05,0.3914215175338539,0.10816971738797179,0.064676706895339123,0.28325180014588214,0.39751553844776022,-0.0060558526121863698,0,0,1.4464959819187205e-06,2.7573285492103623e-08,0.00010127795537952262
43800,0.043799999999999992,0.2090042261055865,9.9999999999999974e-07,1.8374006006938749e-05,0.39307417671260725,0.10820785162644991,0.064255266184457482,0.28486632508615733,0.39915326777925586,-0.0060621880699792217,0,0,1.4464959819187205e-06,2.4513355651343977e-08,4.6744373188302172e-05
44000,0.043999999999999991,0.20995858330241565,9.9999999999999974e-07,1.9309510365689435e-05,0.39371719942646222,0.10851633665097933,0.064508146068952957,0.2852008627754829,0.39980452281536738,-0.0060694826372901774,0,0,1.4464959819187205e-06,2.2262768812056228e-08,4.9044111849363166e-05
44200,0.044199999999999989,0.21091294049924481,9.9999999999999974e-07,2.6900763690152071e-05,0.39330662266457128,0.10794678406720525,0.063922710147951894,0.28535983859736602,0.39941445912693824,-0.0060824049972607527,0,0,1.4473023995637932e-06,2.1996184396317067e-08,6.8396416790302033e-05
44400,0.044399999999999988,0.21186729769607399,9.9999999999999974e-07,2.2829160649800586e-05,0.39191760379250196,0.10654293137191484,0.062517109347122221,0.28537467242058712,0.39805106882306573,-0.0061121059713768388,0,0,1.4473023995637932e-06,2.2799063269944856e-08,5.8249898521749806e-05
44600,0.044599999999999994,0.21282165489290317,9.9999999999999974e-07,5.855267389968032e-05,0.38961200034674703,0.10423301406564256,0.060205550762518684,0.28537898628110447,0.39580023293000327,-0.0061311480559375726,0,0,1.4473023995637932e-06,2.084418147530909e-08,0.00015028457503251847
44800,0.044799999999999993,0.21377601208973232,9.9999999999999974e-07,0.00011733419601962485,0.38653105796608239,0.10114504791122732,0.057115754094953328,0.28538601005485509,0.39282596277441489,-0.006179038073460626,0,0,1.4473023995637932e-06,2.0158748174045896e-08,0.00030355696806625245
45000,0.044999999999999991,0.21473036928656147,9.9999999999999974e-07,0.00013755109851614167,0.38275723922392552,0.097361944331495531,0.053329738632611701,0.28539529489242998,0.38913544510637355,-0.0062421228264379425,0,0,1.4473023995637932e-06,2.0740106502710745e-08,0.00035936903190920386
45200,0.04519999999999999,0.21568472648339065,9.9999999999999974e-07,0.00015967655343307466,0.37875065947669118,0.093338108952090826,0.049299742254081923,0.28541255052460035,0.38522017476024678,-0.0063113118286600425,0,0,1.4478155278236466e-06,2.5283009688803681e-08,0.00042158752582423259
45400,0.045399999999999989,0.21663908368021981,9.9999999999999974e-07,0.00029829537800882098,0.37608926788541897,0.090368031520536865,0.046273537689690274,0.28572123636488211,0.38270255069422149,-0.0063174148314728623,0,0,1.4478155278236466e-06,9.7958515131048049e-07,0.00079315046580829575
45600,0.045599999999999988,0.21759344087704896,9.9999999999999974e-07,0.00099275124235868829,0.38426283893607521,0.093998275980353263,0.048976734456917893,0.29026456295572195,0.39154014725358627,-0.0062868337243684007,0,0,1.4478155278236466e-06,8.288336882243024e-07,0.0025835213342704716
45800,0.045799999999999993,0.21854779807387814,9.9999999999999974e-07,0.0012625726408200565,0.39351202915622135,0.10004659871984174,0.054503305740558103,0.29346543043637963,0.40126820026472998,-0.006495768183020203,0,0,1.4478155278236466e-06,7.2189980383549366e-07,0.0032084727969493012
46000,0.045999999999999992,0.21950215527070729,9.9999999999999974e-07,0.00064966539209036008,0.40302210842489616,0.105456734088736,0.05925050973688397,0.29756537433616015,0.41033184445968646,-0.0066621059884959142,0,0,1.4478155278236466e-06,5.8753026817935392e-07,0.0016119845003774187
46200,0.046199999999999991,0.22045651246753645,9.9999999999999974e-07,0.00063066349810134224,0.41151520497101518,0.10809286996929897,0.060896494161199834,0.30342233500171623,0.41886213807086659,-0.0067182693596931475,0,0,1.5728183091704802e-06,4.2693963394136317e-07,0.0015325399656757827
46400,0.04639999999999999,0.22141086966436563,9.9999999999999974e-07,0.00022299423453823054,0.41997655019082941,0.1090939222532559,0.060376259707919107,0.31088262793757349,0.42692430679337007,-0.0067266598525231027,0,0,1.5728183091704802e-06,3.2466621153069428e-07,0.00053096829915124115
46600,0.046599999999999989,0.22236522686119478,9.9999999999999974e-07,0.00033314983434956755,0.42734728408125566,0.1107887374381924,0.060617973005802232,0.31655854664306327,0.43447208133555865,-0.0067934980998287132,0,0,1.5728183091704802e-06,2.778615661256271e-07,0.00077957634635680178
46800,0.046799999999999987,0.22331958405802393,9.9999999999999974e-07,0.00062401160980775242,0.43365386121776489,0.11461483315001524,0.064008200766296861,0.31903902806774964,0.4411647065049224,-0.0068886663302900747,0,0,1.5728183091704802e-06,2.5983463113573172e-07,0.0014389624205245965
47000,0.046999999999999993,0.22427394125485312,9.9999999999999974e-07,0.00010190420279152572,0.43955995767377953,0.11604805893319976,0.065034560372206562,0.32351189874057978,0.44657902054500115,-0.0069189004100611452,0,0,1.5728183091704802e-06,1.6892332190679852e-07,0.00023183231550666898
47200,0.047199999999999992,0.22522829845168227,9.9999999999999974e-07,0.00013078489804235562,0.44499043776432945,0.11760421179640389,0.065592420931397527,0.32738622596792555,0.4520905613293914,-0.0069711253114884261,0,0,1.6170463861251513e-06,1.6959808270312741e-07,0.00029390496276600976
47400,0.047399999999999991,0.22618265564851145,9.9999999999999974e-07,0.00018432816805187254,0.45042743904656246,0.11880595484633816,0.065877109142113394,0.3316214842002243,0.45761645924914862,-0.0070064445866559709,0,0,1.6170463861251513e-06,1.3550573554684507e-07,0.00040922943869060738
47600,0.04759999999999999,0.2271370128453406,9.9999999999999974e-07,0.00016531743570501889,0.45493419417330472,0.12002468932203286,0.066604993913056285,0.33490950485127186,0.46212901808590912,-0.0070312255879687521,0,0,1.6170463861251513e-06,1.0206468325495686e-07,0.00036338757961561821
47800,0.047799999999999988,0.22809137004216976,9.9999999999999974e-07,0.00021461327337069473,0.45833444107644644,0.12134050641375856,0.067708139286173974,0.3369939346626879,0.46561685798684815,-0.007069492076381855,0,0,1.6170463861251513e-06,7.1392964707163202e-08,0.00046824601019869461
48000,0.047999999999999987,0.22904572723899891,9.9999999999999974e-07,7.2473683402526364e-05,0.46077673144503989,0.12188157156380144,0.068130312061961615,0.33889515988123842,0.46793279077734745,-0.0070852561762579326,0,0,1.6170463861251513e-06,5.3480966763259678e-08,0.00015728590108107665
48200,0.048199999999999993,0.23000008443582809,9.9999999999999974e-07,7.4990477584123018e-05,0.46199017643866497,0.12167865093483993,0.06754510979193426,0.34031152550382504,0.46914862191836942,-0.0070851216964042943,0,0,1.6259407173735874e-06,4.0753566600468442e-08,0.0001623205024881713
48400,0.048399999999999992,0.23095444163265724,9.9999999999999974e-07,5.7079296193618061e-05,0.46213869055218415,0.12081184223906506,0.066419822424451311,0.3413268483131191,0.46928623238081307,-0.0070921256021219802,0,0,1.6259407173735874e-06,3.7128969324502962e-08,0.00012351118259632654
48600,0.04859999999999999,0.23190879882948642,9.9999999999999974e-07,4.2639717750701223e-05,0.46118436994896389,0.11978101164628857,0.065379761216136617,0.34140335830267532,0.46835093893593516,-0.0071255925986326773,0,0,1.6259407173735874e-06,3.7388694740156573e-08,9.2456987983829267e-05
48800,0.048799999999999989,0.23286315602631558,9.9999999999999974e-07,4.7614078491885221e-05,0.45925050581779614,0.1178462972800151,0.06344476678326369,0.34140420853778103,0.46642555641093419,-0.0071290994392804348,0,0,1.6259407173735874e-06,3.6983916915183016e-08,0.00010367779216072484
49000,0.048999999999999988,0.23381751322314473,9.9999999999999974e-07,0.00019425136590503378,0.45627137430410919,0.11486034712517522,0.060454917487372299,0.34141102717893396,0.46364517168489916,-0.0071812086961608049,0,0,1.6259407173735874e-06,3.6740558468073751e-08,0.00042573647360915392
49200,0.049199999999999987,0.23477187041997388,9.9999999999999974e-07,6.6972863247647839e-05,0.45380051236279589,0.11226420026280572,0.057791934983402314,0.34153631209999019,0.46108571188038572,-0.0072199254322760963,0,0,1.6283388489236679e-06,7.0439084986828218e-08,0.00014758216754525309
49400,0.049399999999999993,0.23572622761680306,9.9999999999999974e-07,0.00029800679082577793,0.45209140631038308,0.11012147230321268,0.055572591277635468,0.34196993400717041,0.45958309642776507,-0.0071962724524036927,0,0,1.6283388489236679e-06,9.6078699853627925e-07,0.00065917375704589601
49600,0.049599999999999991,0.23668058481363222,9.9999999999999974e-07,0.00074992209138701198,0.4616172102534134,0.11228460261394885,0.056259307533229372,0.34933260763946455,0.46948045232257951,-0.0071157855319328557,0,0,1.6283388489236679e-06,8.3721530484531753e-07,0.001624554012999923
49800,0.04979999999999999,0.23763494201046137,9.9999999999999974e-07,0.00051252141534724536,0.47470219577159767,0.11641675929343551,0.058199524714112411,0.35828543647816213,0.48249492724194731,-0.0072824665415014292,0,0,1.6283388489236679e-06,6.2814765010485402e-07,0.0010796693588370177
50000,0.049999999999999989,0.23858929920729052,9.9999999999999974e-07,0.00090246527690836958,0.4870568674519703,0.12205897397274017,0.062247852373960647,0.36499789347923012,0.49553208707578039,-0.0075749104209454857,0,0,1.6283388489236679e-06,5.277351948176422e-07,0.0018528950872402257
50200,0.050199999999999988,0.23954365640411968,9.9999999999999974e-07,0.00084311831408656732,0.49888409988942428,0.12661101161303476,0.065424993715262142,0.3722730882763895,0.50752407370434927,-0.007799445798520618,0,0,2.1737158544188597e-06,4.1658182778144189e-07,0.0016900083892700554
50400,0.050399999999999986,0.24049801360094886,9.9999999999999974e-07,0.00036422765152045901,0.51053048361998765,0.12991080428521476,0.067165717090144392,0.38061967933477292,0.51888242544665675,-0.0079901516601597958,0,0,2.1737158544188597e-06,2.6376915672446584e-07,0.00071342978177885087
50600,0.050599999999999992,0.24145237079777804,9.9999999999999974e-07,0.00016005788544560872,0.52085452558740042,0.13261598869306107,0.068044067737964176,0.38823853689433935,0.52916735967581263,-0.0081551601911434915,0,0,2.1737158544188597e-06,2.1027232245643609e-07,0.00030729863634207914
50800,0.050799999999999991,0.24240672799460719,9.9999999999999974e-07,0.00014271678573122109,0.53044658023915747,0.13474226911641501,0.067684417049886356,0.39570431112274246,0.53884491908021614,-0.0082579507902500893,0,0,2.1737158544188597e-06,1.550190681876444e-07,0.00026905025133138892
51000,0.05099999999999999,0.24336108519143634,9.9999999999999974e-07,0.00018929179212303664,0.53917947141326705,0.13749695068689266,0.068892855331554231,0.40168252072637439,0.54771780807298176,-0.0083513442005636769,0,0,2.1737158544188597e-06,1.2561711756520418e-07,0.00035107381152119088
51200,0.051199999999999989,0.2443154423882655,9.9999999999999974e-07,0.00024595820636253975,0.54658920251979837,0.14026497136601537,0.070467327874097971,0.40632423115378302,0.55528346135820628,-0.008450754305103874,0,0,2.377919977498257e-06,7.5753080995581168e-08,0.00044998731264478414
51400,0.051399999999999987,0.24526979958509465,9.9999999999999974e-07,0.00012002125116696122,0.55318533646640844,0.14278784276725662,0.071957205722306392,0.41039749369915179,0.56182775041208532,-0.0085248325808286209,0,0,2.377919977498257e-06,6.1966341183298545e-08,0.00021696390568416555
51600,0.051599999999999986,0.24622415678192383,9.9999999999999974e-07,6.9726989925567791e-05,0.55867037982682277,0.14380367750073272,0.071792992697374658,0.41486670232609002,0.56729240713536344,-0.0085547186728454714,0,0,2.377919977498257e-06,4.0434252881705623e-08,0.00012480881830030408
51800,0.051799999999999992,0.24717851397875301,9.9999999999999974e-07,7.5437213307711504e-05,0.56311851723239981,0.14464295499715141,0.071319528754848538,0.4184755622352484,0.57177000563669089,-0.0085784655387481003,0,0,2.377919977498257e-06,3.6427787232879727e-08,0.00013396329724419
52000,0.051999999999999991,0.24813287117558216,9.9999999999999974e-07,3.9274989355548574e-05,0.56654298689540739,0.14564918195798904,0.07157580284153886,0.42089380493741835,0.57518159333693619,-0.008601734405921423,0,0,2.377919977498257e-06,2.503377063807296e-08,6.9323935277658543e-05
52200,0.052199999999999989,0.24908722837241132,9.9999999999999974e-07,6.2274709565642754e-05,0.56884553391871251,0.14675945140322202,0.07247246210081873,0.42208608251549051,0.57752319897131055,-0.0086178022236433009,0,0,2.3890022419996965e-06,2.2878368920331486e-08,0.00010947560603427669
52400,0.052399999999999988,0.2500415855692405,9.9999999999999974e-07,2.3027492648884234e-05,0.57011531250693936,0.14687655300549055,0.072446653157576951,0.42323875950144885,0.57875891241776334,-0.0086229804452002332,0,0,2.3890022419996965e-06,1.9024783190299458e-08,4.0390938716637162e-05
52600,0.052599999999999987,0.25099594276606962,9.9999999999999974e-07,1.6986211904711649e-05,0.57023907400475249,0.14642716772133776,0.071824529776762097,0.4238119062834147,0.57890564438389414,-0.0086519895493922805,0,0,2.3890022419996965e-06,1.6379913346328737e-08,2.9787877890265519e-05
52800,0.052799999999999986,0.2519502999628988,9.9999999999999974e-07,4.7770989897880786e-05,0.56930934708029879,0.14541296455391578,0.070789001538352381,0.42389638252638301,0.57801522777449299,-0.0086605150331413132,0,0,2.3890022419996965e-06,1.6326602945096384e-08,8.3910426102916028e-05
53000,0.052999999999999992,0.25290465715972799,9.9999999999999974e-07,3.0982669227958819e-05,0.56735640735794801,0.14337691148084683,0.068722994729554579,0.42397949587710115,0.57607292363667673,-0.0086879381276061957,0,0,2.3890022419996965e-06,1.5515863445256154e-08,5.460882934633308e-05
53200,0.05319999999999999,0.25385901435655717,9.9999999999999974e-07,9.1461296634294436e-05,0.56610082502140913,0.14204264401406344,0.067369303090276847,0.42405818100734571,0.57489436955946893,-0.0087050748371668516,0,0,2.3899817872411173e-06,6.0161395409268223e-07,0.00016156361657101542
53400,0.053399999999999989,0.25481337155338629,9.9999999999999974e-07,0.0006250257901844775,0.57184612498233145,0.14179034767195878,0.066113344744185495,0.4300557773103727,0.5811036051784233,-0.0086353594107952004,0,0,2.3899817872411173e-06,5.1502310063987631e-07,0.0010929964598497353
53600,0.053599999999999988,0.25576772875021547,9.9999999999999974e-07,0.0002670558269908169,0.58291679112675931,0.14243746979687691,0.063907986829341346,0.44047932132988243,0.59175211130246785,-0.0085710642916046915,0,0,2.3899817872411173e-06,4.0996109973695669e-07,0.00045813713218760885
53800,0.053799999999999987,0.2567220859470446,9.9999999999999974e-07,0.0004108308510053023,0.59476555156942812,0.14530056240852293,0.063854236066133468,0.44946498916090516,0.60384085365211659,-0.0086672063974804914,0,0,2.3899817872411173e-06,3.4518401012627473e-07,0.00069074419310470982
54000,0.053999999999999986,0.25767644314387378,9.9999999999999974e-07,0.00059401467114473605,0.60561878646513112,0.1502065447584825,0.067276710926569949,0.45541224170664862,0.61510587926727645,-0.0088957034731092892,0,0,2.3899817872411173e-06,2.3536032145010808e-07,0.0009808392414836966
54200,0.054199999999999991,0.25863080034070296,9.9999999999999974e-07,0.00068652220712686997,0.61568471708868566,0.15446823713248028,0.070217664569945992,0.46121647995620541,0.62540851904537731,-0.009040166067944163,0,0,2.7170476996807662e-06,1.6927067967391917e-07,0.0011150548130756681
54400,0.05439999999999999,0.25958515753753214,9.9999999999999974e-07,0.00027310231620277447,0.62515808074454415,0.15770208499148539,0.072179584034662167,0.46745599575305874,0.63461681213120558,-0.0091884538836515765,0,0,2.7170476996807662e-06,1.07765493283818e-07,0.00043685321299457246
54600,0.054599999999999989,0.26053951473436127,9.9999999999999974e-07,0.00016733074432650292,0.63338792742735717,0.15998538896592357,0.072679943978455938,0.4734025384614336,0.64283629819635713,-0.0092838243329404456,0,0,2.7170476996807662e-06,6.7260567316698816e-08,0.00026418366546099661
54800,0.054799999999999988,0.26149387193119045,9.9999999999999974e-07,0.00010673526943092249,0.64076895643800902,0.15979582871570927,0.069778256319655785,0.48097312772229972,0.65016977044565483,-0.0092968584511430984,0,0,2.7170476996807662e-06,6.2665228556141417e-08,0.00016657372108701485
55000,0.054999999999999986,0.26244822912801957,9.9999999999999974e-07,0.00021702745373999131,0.64709685471468315,0.16212720407060202,0.070687266873577362,0.48496965064408115,0.65666021164584676,-0.0093490923285624115,0,0,2.7170476996807662e-06,4.5803439087977005e-08,0.00033538635238102444
55200,0.055199999999999985,0.26340258632484875,9.9999999999999974e-07,0.00023469683995533383,0.65147064293019541,0.16421452416758758,0.072534056430453422,0.48725611876260783,0.661106310854363,-0.0094038711020607256,0,0,2.8531987095813542e-06,4.6819138915756424e-08,0.00036025697013715078
55400,0.055399999999999991,0.26435694352167793,9.9999999999999974e-07,7.8367476111575096e-05,0.65400123747670258,0.16540762577977386,0.073425178920741685,0.48859361169692872,0.66349396379141445,-0.0094172522833792811,0,0,2.8531987095813542e-06,4.0246069387849386e-08,0.00011982771839077257
55600,0.05559999999999999,0.26531130071850706,9.9999999999999974e-07,0.00011139947259471882,0.65526360372052406,0.16533211377483426,0.073222778406234354,0.4899314899456898,0.6647919325285615,-0.0094198126409812295,0,0,2.8531987095813542e-06,3.0106828956224101e-08,0.00017000711158410642
55800,0.055799999999999988,0.26626565791533624,9.9999999999999974e-07,9.5933036516959857e-05,0.65544280401321797,0.16387275469794615,0.070988129844286679,0.49157004931527182,0.66498603760067831,-0.0094501808223540155,0,0,2.8531987095813542e-06,2.707270109580842e-08,0.00014636370394116834
56000,0.055999999999999987,0.26722001511216542,9.9999999999999974e-07,5.1644163107011535e-05,0.65462803873897613,0.16253049324598451,0.069404757432947869,0.49209754549299162,0.66413542689334359,-0.0094586245694733891,0,0,2.8531987095813542e-06,2.7379503328732873e-08,7.8890851064819623e-05
56200,0.056199999999999986,0.26817437230899455,9.9999999999999974e-07,0.00052367683542721064,0.65677561907776372,0.16187084361348436,0.068207840503706346,0.49490477546427936,0.66669764505297358,-0.0094016764448573778,0,0,2.8555875169512856e-06,4.7171755776855844e-07,0.00079734512094488408
56400,0.056399999999999985,0.26912872950582373,9.9999999999999974e-07,0.00034701938319001391,0.66640224336510268,0.16331626438997376,0.067797600417985174,0.50308597897512897,0.6760927125446039,-0.0093466797722895935,0,0,2.8555875169512856e-06,3.7438846145487208e-07,0.00052073561673154803
56600,0.056599999999999991,0.27008308670265291,9.9999999999999974e-07,0.000305353809489221,0.6777698393363214,0.16716917062064632,0.069722095979699167,0.51060066871567511,0.68753944322741489,-0.0094673847314795789,0,0,2.8555875169512856e-06,2.7906235839681719e-07,0.00045052729078093285
56800,0.056799999999999989,0.27103744389948203,9.9999999999999974e-07,0.00015180848505240701,0.6884990726736594,0.17207768937421297,0.072892327118498496,0.51642138329944642,0.69828495255782641,-0.0096371251881021865,0,0,2.8555875169512856e-06,1.9820147058313147e-07,0.0002204919237768712
57000,0.056999999999999988,0.27199180109631121,9.9999999999999974e-07,0.00025043727042929154,0.69835142570863429,0.17453895150742141,0.073065825342560536,0.52381247420121291,0.70831531173563667,-0.0097164456090233255,0,0,2.8555875169512856e-06,1.4126493327881189e-07,0.00035861209873691704
57200,0.057199999999999987,0.27294615829314034,9.9999999999999974e-07,0.00032671640754300353,0.70775472366437897,0.17792251911378243,0.074779774407842101,0.52983220455059654,0.71790859881296221,-0.009830269659792468,0,0,3.022509659198275e-06,8.8409093038085699e-08,0.00046162377532634336
57400,0.057399999999999986,0.27390051548996952,9.9999999999999974e-07,0.00013266371192734413,0.71688335456174501,0.18116963151198692,0.076717546508541068,0.53571372304975806,0.72698600673640457,-0.0099730652568252014,0,0,3.022509659198275e-06,5.4284433776554956e-08,0.00018505620347182694
57600,0.057599999999999985,0.2748548726867987,9.9999999999999974e-07,8.123648047040552e-05,0.7249276487837526,0.18334964001857687,0.076928056711783155,0.5415780087651757,0.73504647669739298,-0.010040650252253997,0,0,3.022509659198275e-06,3.6309424842128905e-08,0.00011206150104317311
57800,0.05779999999999999,0.27580922988362788,9.9999999999999974e-07,9.1657695234843945e-05,0.73203282670137193,0.18497304586191357,0.076627107010129536,0.54705978083945839,0.74219175611937838,-0.010070322115353693,0,0,3.022509659198275e-06,2.7882922941366021e-08,0.00012520981558691098
58000,0.057999999999999989,0.27676358708045701,9.9999999999999974e-07,5.5610281136263179e-05,0.73805314262428479,0.18688093388689125,0.077479233755782265,0.55117220873739359,0.74825149442932448,-0.010145785948066376,0,0,3.022509659198275e-06,2.1914503691222446e-08,7.5347258787531899e-05
58200,0.058199999999999988,0.27771794427728619,9.9999999999999974e-07,6.2986608227521106e-05,0.74295651697949394,0.18837079434672882,0.077557245516766279,0.55458572263276507,0.75318258889551315,-0.010166168302053202,0,0,3.0661661884379865e-06,1.682807312198722e-08,8.4778323883064581e-05
58400,0.058399999999999987,0.27867230147411531,9.9999999999999974e-07,5.843090853992194e-05,0.7468031127190663,0.18974604297467759,0.078357838006375177,0.55705706974438873,0.75704976847724481,-0.010191303604338066,0,0,3.0661661884379865e-06,1.2588511078544552e-08,7.8241383230418562e-05
58600,0.058599999999999985,0.27962665867094449,9.9999999999999974e-07,1.685638452695242e-05,0.74952749035697663,0.19061730595355064,0.078778810393173707,0.55891018440342599,0.75975318086763444,-0.010211910579204767,0,0,3.0661661884379865e-06,1.0286885500916966e-08,2.2489347947630643e-05
58800,0.058799999999999984,0.28058101586777362,9.9999999999999974e-07,1.0938925179402054e-05,0.75109255126102226,0.19048225016418455,0.077848809366504707,0.56061030109683774,0.76132499362863915,-0.010224578792297002,0,0,3.0661661884379865e-06,9.1836711234266855e-09,1.4564017658058922e-05
59000,0.05899999999999999,0.2815353730646028,9.9999999999999974e-07,1.1698907409668943e-05,0.75155646500218998,0.19066821395622399,0.077951203713618605,0.56088825104596596,0.76179663990220248,-0.010231549486590608,0,0,3.0661661884379865e-06,7.3277993772147509e-09,1.5566238805004298e-05
59200,0.059199999999999989,0.28248973026143198,9.9999999999999974e-07,1.7089679134253966e-05,0.75107296174812332,0.19010659433237245,0.077362791815404869,0.5609663674157509,0.76133430474609665,-0.010247333731209143,0,0,3.0665329375730234e-06,1.3879432522435436e-08,2.2753687064539929e-05
59400,0.059399999999999988,0.28344408745826111,9.9999999999999974e-07,8.5882681181689443e-06,0.75008088001533402,0.1890716490788896,0.076321399821429617,0.56100923093644439,0.76035761785907752,-0.010271229920691748,0,0,3.0665329375730234e-06,1.3812128790403427e-08,1.1449789412034303e-05
59600,0.059599999999999986,0.28439844465509029,9.9999999999999974e-07,4.0150303771771667e-05,0.74803345841649416,0.18701816842736183,0.074265954986145327,0.5610152899891323,0.75836286267505071,-0.01029233359487937,0,0,3.0665329375730234e-06,1.3107157047962764e-08,5.3674475813910131e-05
59800,0.059799999999999985,0.28535280185191947,9.9999999999999974e-07,8.7205183293440826e-05,0.74499978160543234,0.18397785915076154,0.071224268915823494,0.56102192245467086,0.75542681972618209,-0.010342912191298676,0,0,3.0665329375730234e-06,1.2720904774741565e-08,0.00011705397162066087
60000,0.059999999999999984,0.28630715904874859,9.9999999999999974e-07,7.2590493044670529e-05,0.74129213617885392,0.18025713321177139,0.067497411407011973,0.56103500296708253,0.75175419757868567,-0.010392595571601019,0,0,3.0665329375730234e-06,5.81318763446174e-08,9.7924272364271225e-05
60200,0.06019999999999999,0.28726151624557783,9.9999999999999974e-07,0.00012201454871999175,0.73785496403331652,0.17675101461536558,0.063961114783200906,0.56110394941795094,0.74840877842910691,-0.010434924774366972,0,0,3.0666985403677694e-06,5.8228756170579571e-08,0.0001653638650786151
60400,0.060399999999999988,0.28821587344240696,9.9999999999999974e-07,0.00047018689009496652,0.738431332187509,0.17553780682297626,0.062357573278233963,0.56289352536453274,0.74923276637424396,-0.010335056499443824,0,0,3.0666985403677694e-06,7.4250426342206846e-07,0.00063673745898904042
60600,0.060599999999999987,0.28917023063923614,9.9999999999999974e-07,0.000775042810839823,0.74736573892677516,0.17865093298300214,0.064013407840263936,0.56871480594377299,0.75846547707585066,-0.010328485932770606,0,0,3.0666985403677694e-06,7.2389599458132384e-07,0.0010370328347574407
60800,0.060799999999999986,0.29012458783606526,9.9999999999999974e-07,0.00083480575003946444,0.75774707415869036,0.18388454658583925,0.068007095986926891,0.57386252757285106,0.7690506525852846,-0.010472385795790257,0,0,3.0666985403677694e-06,5.4642069511783178e-07,0.0011016944551931534
61000,0.060999999999999985,0.29107894503289444,9.9999999999999974e-07,0.00038917723698235154,0.76804986603219683,0.18960349126397377,0.072699118904959364,0.57844637476822303,0.77908340813400689,-0.010647839036674255,0,0,3.0666985403677694e-06,4.0747330621590686e-07,0.00050670829355504
61200,0.061199999999999984,0.29203330222972362,9.9999999999999974e-07,0.0004433675405396822,0.77818502125677602,0.19202147633817948,0.0732917671276892,0.58616354491859657,0.78935039093880188,-0.010725909737829798,0,0,3.267959322009676e-06,6.396370215681839e-07,0.00056974566257217277
61400,0.061399999999999989,0.2929876594265528,9.9999999999999974e-07,0.00050497387535644003,0.79040340342418136,0.19487145913842158,0.074079245756555195,0.59553194428575984,0.8018219920454478,-0.010917282907693704,0,0,3.267959322009676e-06,4.0020246167753946e-07,0.00063888120062337143
61600,0.061599999999999988,0.29394201662338193,9.9999999999999974e-07,0.00074242641970364209,0.8015514232537948,0.19943966444973868,0.077713496016834485,0.6021117588040561,0.81348150204889169,-0.011191174375495506,0,0,3.267959322009676e-06,2.5404078028756148e-07,0.00092623679300556615
61800,0.061799999999999987,0.29489637382021111,9.9999999999999974e-07,0.00042463174149616332,0.81216177383965227,0.20216254183145299,0.079315398086310052,0.60999923200819928,0.82394752205704147,-0.011364510847563802,0,0,3.267959322009676e-06,1.2641234879588113e-07,0.00052284132936795881
62000,0.061999999999999986,0.29585073101704024,9.9999999999999974e-07,0.00016792401343113832,0.82168772693634584,0.20357798617589293,0.079165761927699696,0.61810974076045289,0.83330023669793507,-0.011447931453436028,0,0,3.267959322009676e-06,7.7745955920215809e-08,0.00020436475795645781
62200,0.062199999999999984,0.29680508821386942,9.9999999999999974e-07,9.1366045292708974e-05,0.8299017341807442,0.20498330355156086,0.07892487367259729,0.62491843062918329,0.8415443582030131,-0.011554769300852108,0,0,3.4611611497010345e-06,5.0162726203672099e-08,0.00011009260678663719
62400,0.062399999999999983,0.29775944541069854,9.9999999999999974e-07,0.00017287578746334937,0.83701703185495135,0.20691416512897462,0.079407713019184617,0.63010286672597671,0.8488020426433599,-0.011615637325471615,0,0,3.4611611497010345e-06,4.1163376757468368e-08,0.00020653795667721541
62600,0.062599999999999989,0.29871380260752772,9.9999999999999974e-07,0.00013997790798591508,0.84289594166645432,0.20936240501916117,0.081233349892163631,0.63353353664729317,0.85468201120089915,-0.011649582274587175,0,0,3.4611611497010345e-06,2.9486978563654982e-08,0.00016606783953564971
62800,0.062799999999999995,0.2996681598043569,9.9999999999999974e-07,4.876818430917194e-05,0.84746606607753838,0.2106303259951943,0.081919046838011517,0.63683574008234412,0.85920932668865613,-0.011697973460376199,0,0,3.4611611497010345e-06,1.9872417964596685e-08,5.754588444454592e-05
63000,0.062999999999999987,0.30062251700118603,9.9999999999999974e-07,5.2674363129936735e-05,0.85072161551807046,0.21096089127937631,0.081443134500470138,0.63976072423869412,0.86248450578862168,-0.011713691984166538,0,0,3.4611611497010345e-06,1.4915595564142987e-08,6.1917273722802057e-05
63200,0.063199999999999978,0.30157687419801515,9.9999999999999974e-07,2.3410252654006042e-05,0.8524543041457262,0.21031324585572847,0.080014663903383437,0.64214105828999779,0.86418210655613736,-0.011707900479741722,0,0,3.472788146937372e-06,3.5533837580825894e-08,2.7462178958045454e-05
63400,0.063399999999999984,0.30253123139484434,9.9999999999999974e-07,8.0260151762887299e-05,0.85270388702047151,0.20951483442983299,0.078744779749858412,0.64318905259063852,0.86449344203869471,-0.01171279926163211,0,0,3.472788146937372e-06,3.160702484300309e-08,9.4124294476167242e-05
63600,0.06359999999999999,0.30348558859167357,9.9999999999999974e-07,2.8338829316830007e-05,0.85225742059861243,0.20851385854811746,0.077453483529454761,0.64374356205049499,0.86402062701533711,-0.011738372758619046,0,0,3.472788146937372e-06,3.238306428231002e-08,3.325149025622476e-05
63800,0.063799999999999996,0.30443994578850275,9.9999999999999974e-07,0.00015310386756874566,0.8510344779369009,0.20619334826066874,0.074523648735374523,0.64484112967623219,0.8629151277333974,-0.01173104542221187,0,0,3.472788146937372e-06,2.670513715904737e-08,0.00017990324897283115
64000,0.063999999999999987,0.30539430298533188,9.9999999999999974e-07,9.313346348015072e-05,0.84933057028647452,0.2035805000076501,0.071406144763650578,0.64575007027882436,0.86118022348338408,-0.011760021845509023,0,0,3.472788146937372e-06,2.932393269190508e-08,0.00010965514104683329
64200,0.064199999999999979,0.306348660182161,9.9999999999999974e-07,4.0682114398113942e-05,0.84678937959954759,0.20101291534266838,0.068829875081714009,0.64577646425687918,0.85863267957527323,-0.011806122975304836,0,0,3.4776671225974485e-06,2.7446854713648837e-08,4.8042778261287106e-05
64400,0.064399999999999985,0.30730301737899018,9.9999999999999974e-07,0.00035990982384026733,0.8450584534954324,0.19865209466956504,0.066321544675202543,0.64640635882586739,0.85718412737944683,-0.011770184972551872,0,0,3.4776671225974485e-06,9.4324525511910307e-07,0.00042589932371135398
64600,0.064599999999999991,0.30825737457581937,9.9999999999999974e-07,0.00066500725974792023,0.85551594848519308,0.20157192798628967,0.067148103258267186,0.65394402049890343,0.86785463354588233,-0.01167801488276584,0,0,3.4776671225974485e-06,8.5941470193590242e-07,0.0007773171977978969
64800,0.064799999999999983,0.30921173177264849,9.9999999999999974e-07,0.00029243869509455858,0.86965111328465816,0.20664470742875221,0.069250707868997924,0.66300640585590598,0.88179053876811175,-0.011851121768329642,0,0,3.4776671225974485e-06,6.5731284799619561e-07,0.0003362712823882009
65000,0.064999999999999988,0.31016608896947767,9.9999999999999974e-07,0.00091561854408074735,0.88300694615274822,0.21327778570369477,0.073522381449167604,0.6697291604490534,0.89603298813756171,-0.012114440264414486,0,0,3.4776671225974485e-06,5.3915655912338679e-07,0.0010369324364548744
65200,0.06519999999999998,0.3111204461663068,9.9999999999999974e-07,0.00062300761856442784,0.89650455100610116,0.21935353070503716,0.077800876096202731,0.677151020301064,0.90952630050677952,-0.01240329617771645,0,0,4.1725469661510884e-06,3.8174863631539093e-07,0.00069492967756299535
65400,0.065399999999999986,0.31207480336313598,9.9999999999999974e-07,0.00022163670021723648,0.90972568404706278,0.22312015180321784,0.078683951920071854,0.68660553224384491,0.92253879281838891,-0.012595863959387192,0,0,4.1725469661510884e-06,2.1934131215167787e-07,0.00024363025481620958
65600,0.065599999999999992,0.31302916055996521,9.9999999999999974e-07,0.00018754826295346594,0.92175362614285083,0.22654651563416789,0.078831686125897138,0.695207110508683,0.93471389590094822,-0.012777069263158974,0,0,4.1725469661510884e-06,1.7522104885470171e-07,0.00020346897222230209
65800,0.065799999999999984,0.31398351775679434,9.9999999999999974e-07,0.00018678417171230077,0.93310304451005111,0.23026493513134438,0.079378962126850042,0.70283810937870672,0.94620436437517086,-0.012918858634213746,0,0,4.1725469661510884e-06,1.5039384009189796e-07,0.00020017528911865938
66000,0.065999999999999975,0.31493787495362346,9.9999999999999974e-07,0.0002207872671614109,0.94337039590825111,0.23386669844580715,0.080652223153599586,0.70950369746244402,0.95663404799815344,-0.013047130902016393,0,0,4.1725469661510884e-06,9.3532309378794222e-08,0.00023404091131017842
66200,0.066199999999999981,0.31589223215045265,9.9999999999999974e-07,0.00019446363312929156,0.95254896629400454,0.23789754761587423,0.083012766537081395,0.71465141867813031,0.96593035306430364,-0.013191387845774744,0,0,4.4039714204513269e-06,6.0737184444817978e-08,0.00020415079960232752
66400,0.066399999999999987,0.31684658934728183,9.9999999999999974e-07,6.6070240615958645e-05,0.96070294031340675,0.24061722640939326,0.083666680651571318,0.72008571390401355,0.97403638482862631,-0.013271817725086241,0,0,4.4039714204513269e-06,3.9479062229153612e-08,6.8772809828608183e-05
66600,0.066599999999999993,0.31780094654411101,9.9999999999999974e-07,4.6644874890317727e-05,0.96770351121246467,0.24198057165608006,0.082591303642018679,0.72572293955638467,0.98105960902440492,-0.013313889542552136,0,0,4.4039714204513269e-06,3.2634081802935329e-08,4.8201617902445107e-05
66800,0.066799999999999984,0.31875530374094013,9.9999999999999974e-07,8.6513941989860494e-05,0.9735849431546042,0.24404581963245062,0.082890139758892492,0.72953912352215355,0.98702214890087947,-0.013355121923857287,0,0,4.4039714204513269e-06,2.6148151449376729e-08,8.8861216063529632e-05
67000,0.066999999999999976,0.31970966093776926,9.9999999999999974e-07,8.0217656105988314e-05,0.9782915727589111,0.24608776015206021,0.083912064945556836,0.73220381260685086,0.99176670773207687,-0.013399346630689668,0,0,4.4039714204513269e-06,2.5342209443535786e-08,8.1997697148472774e-05
67200,0.067199999999999982,0.32066401813459844,9.9999999999999974e-07,5.1266107504609727e-05,0.98217420185139404,0.24756006854270637,0.08476305747581199,0.73461413330868763,0.99564668943123069,-0.013425673406007532,0,0,4.4351489617790308e-06,1.6784713707654859e-08,5.2196552717403225e-05
67400,0.067399999999999988,0.32161837533142767,9.9999999999999974e-07,2.9837946995573023e-05,0.98485132698217115,0.24812300083227729,0.084582489661716873,0.73672832614989381,0.99831645490277787,-0.01343973867205215,0,0,4.4351489617790308e-06,1.3549479273137184e-08,3.0296904901376229e-05
67600,0.067599999999999993,0.32257273252825686,9.9999999999999974e-07,9.8897062787102562e-06,0.98631778621249788,0.24798379980698995,0.083641944926261355,0.73833398640550796,0.99978691749642978,-0.013463688419015983,0,0,4.4351489617790308e-06,1.1692400990318515e-08,1.0026896419142099e-05
67800,0.067799999999999985,0.32352708972508598,9.9999999999999974e-07,1.9199171543918485e-05,0.98660062410989591,0.2477718160119706,0.083227495128480475,0.73882880809792528,1.0000915009301596,-0.013476124274349877,0,0,4.4351489617790308e-06,1.1476668282578957e-08,1.9459922358390804e-05
68000,0.067999999999999977,0.32448144692191511,9.9999999999999974e-07,1.690137277410045e-05,0.98572684905850183,0.24684338826248295,0.082277651596505866,0.73888346079601885,0.99923569918317323,-0.01349639405829443,0,0,4.4351489617790308e-06,1.0157435353084194e-08,1.7146101671313378e-05
68200,0.068199999999999983,0.32543580411874429,9.9999999999999974e-07,4.415420070604013e-05,0.98370291264032805,0.24481536104911197,0.08024853538332738,0.73888755159121611,0.99727023395719316,-0.013527614872828466,0,0,4.4368415886623257e-06,1.0915080718777589e-08,4.4885706994124006e-05
68400,0.068399999999999989,0.32639016131557347,9.9999999999999974e-07,0.00071126012743332671,0.98626007102718516,0.24291538252045908,0.077285665695074793,0.74334468850672608,1.0003926335385263,-0.013426376285717747,0,0,4.4368415886623257e-06,6.370602212660266e-07,0.00072116893741075081
68600,0.068599999999999994,0.32734451851240265,9.9999999999999974e-07,0.00034135213651919998,0.99706168002370288,0.24357896988852853,0.074672540497816395,0.75348271013517432,1.0107032676553618,-0.013305131297621292,0,0,4.4368415886623257e-06,4.5896089292882095e-07,0.000342358094146277
68800,0.068799999999999986,0.32829887570923177,9.9999999999999974e-07,0.00034420644618448465,1.0100901990597626,0.24599903843962478,0.072578012236655262,0.76409116062013782,1.0237222407834268,-0.013292699611260133,0,0,4.4368415886623257e-06,4.2749219179433043e-07,0.00034076802893928432
69000,0.068999999999999978,0.3292532329060609,9.9999999999999974e-07,0.00053177866453182497,1.0208211921758898,0.25222654023741015,0.077494637923348597,0.76859465193847964,1.0348799517579423,-0.013531771127237455,0,0,4.4368415886623257e-06,3.5336812810003574e-07,0.00052093223436940387
69200,0.069199999999999984,0.33020759010289008,9.9999999999999974e-07,0.0005361128558171584,1.0293063350667131,0.25603856525459889,0.079750709742515566,0.7732677698121142,1.0434467641950245,-0.013609240204390846,0,0,4.6944340997766678e-06,2.2949779692592574e-07,0.00052084868960066289
69400,0.069399999999999989,0.33116194729971932,9.9999999999999974e-07,0.00020301716874647721,1.0371302677006586,0.25889744397739556,0.081131368934439313,0.77823282372326308,1.0510024332907422,-0.0136739933450001,0,0,4.6944340997766678e-06,1.5048956317191806e-07,0.0001957489575505022
69600,0.069599999999999981,0.33211630449654844,9.9999999999999974e-07,0.00018622609401363206,1.0435557587062274,0.26092758876355465,0.08126927470880721,0.7826281699426727,1.0574596493618409,-0.013722465576814608,0,0,4.6944340997766678e-06,1.0658111487971387e-07,0.00017845341991549183
69800,0.069799999999999987,0.33307066169337762,9.9999999999999974e-07,0.00010101848455467109,1.0490952733378394,0.26060044417947431,0.078250753145904392,0.78849482915836511,1.0629030681752374,-0.013711549715571722,0,0,4.6944340997766678e-06,7.8928628603233445e-08,9.6291049175416672e-05
70000,0.069999999999999979,0.33402501889020675,9.9999999999999974e-07,0.00033092943209413536,1.0532646326713222,0.26264115756277628,0.079400153054919723,0.79062347510854591,1.0673255545587594,-0.013734761992143083,0,0,4.6944340997766678e-06,7.5102700185405749e-08,0.00031419400388943273
70200,0.070199999999999985,0.33497937608703593,9.9999999999999974e-07,0.00012302786797557718,1.0564153085469459,0.26469156306862207,0.081325615170390581,0.7917237454783238,1.0703055939578783,-0.01377212794395819,0,0,4.8117870572752893e-06,5.8613944091072486e-08,0.00011645786177104604
70400,0.07039999999999999,0.33593373328386511,9.9999999999999974e-07,0.00013104162845501194,1.0583473645621264,0.26560897700139141,0.081845518093237743,0.792738387560735,1.0722559159772553,-0.013782370813333089,0,0,4.8117870572752893e-06,4.9239601899679716e-08,0.00012381721998167231
70600,0.070599999999999996,0.33688809048069429,9.9999999999999974e-07,0.00028558546406079108,1.0609374275887513,0.26490519144900104,0.080078300611904712,0.79603223613975027,1.0749533922665906,-0.013735703162391881,0,0,4.8117870572752893e-06,5.1216155620740092e-07,0.00026918219362838039
70800,0.070799999999999974,0.33784244767752336,9.9999999999999974e-07,0.00074493199836978875,1.0700451781573133,0.26554266804137611,0.078393706734417715,0.8045025101159371,1.0845293104474205,-0.013744369640059624,0,0,4.8117870572752893e-06,3.5756126498568278e-07,0.00069616873527957913
71000,0.07099999999999998,0.33879680487435254,9.9999999999999974e-07,0.0003945019132357719,1.0834987278014947,0.26889233180884492,0.078080177800255696,0.81460639599264972,1.0976614585820728,-0.013773316183223323,0,0,4.8117870572752893e-06,2.7552882385583214e-07,0.00036410002440542567
71200,0.071199999999999986,0.33975116207118172,9.9999999999999974e-07,0.00042891052874972793,1.0967534333687499,0.27482466937836258,0.081139385430833683,0.82192876399038728,1.1111787310896595,-0.014001739675909236,0,0,5.1519859752923877e-06,2.0049777415623163e-07,0.00039107288447896735
71400,0.071399999999999991,0.3407055192680109,9.9999999999999974e-07,9.1000853837029145e-05,1.1096864826599113,0.27993985627646795,0.082790663883563959,0.82974662638344343,1.1239432437096701,-0.014171050253782048,0,0,5.1519859752923877e-06,1.3807188500557091e-07,8.200591361525887e-05
71600,0.071599999999999997,0.34165987646484014,9.9999999999999974e-07,0.00025425092275359985,1.1216233234942008,0.28360933997572219,0.082391863070825175,0.83801398351847856,1.1361285112418884,-0.014256193044776261,0,0,5.1519859752923877e-06,1.0423386702246154e-07,0.00022668120163686522
71800,0.071799999999999975,0.34261423366166915,9.9999999999999974e-07,0.00045438262882624772,1.132355388279465,0.28854816011083206,0.085556058144519331,0.84380722816863296,1.1472618602830855,-0.014457307323813718,0,0,5.1519859752923877e-06,6.5963044284146593e-08,0.0004012721037311885
72000,0.071999999999999981,0.34356859085849839,9.9999999999999974e-07,0.00011363799946363988,1.1423436286976225,0.29268923572744726,0.087647909166114563,0.8496543929701752,1.1570529758555368,-0.014600902728589422,0,0,5.1519859752923877e-06,4.1584163586987049e-08,9.9477947448437843e-05
72200,0.072199999999999986,0.34452294805532757,9.9999999999999974e-07,6.385635958696164e-05,1.1510572100105596,0.29452839905388106,0.086279136425635644,0.85652881095667854,1.1657627744928167,-0.014647012191840125,0,0,5.2737868824076709e-06,3.0282287534051059e-08,5.5476269147713199e-05
72400,0.072399999999999992,0.34547730525215675,9.9999999999999974e-07,0.00012802351782913477,1.1586241370735553,0.2972169191411197,0.08650891071756403,0.86140721793243558,1.1734497922300187,-0.014702928979463584,0,0,5.2737868824076709e-06,2.3553946930633077e-08,0.00011049615982668519
72600,0.07259999999999997,0.34643166244898582,9.9999999999999974e-07,7.5452608897498389e-05,1.1650277719227919,0.29959304915731544,0.087180881093687781,0.86543472276547651,1.1798713257678113,-0.01477339391780326,0,0,5.2737868824076709e-06,1.8894799029812407e-08,6.4764643998974772e-05
72800,0.072799999999999976,0.347386019645815,9.9999999999999974e-07,9.5451482715429414e-05,1.1702056459662789,0.30145140906906703,0.087628106758334184,0.86875423689721187,1.1850821908133844,-0.014786384274309601,0,0,5.2737868824076709e-06,1.7123037040953873e-08,8.1568126973624244e-05
73000,0.072999999999999982,0.34834037684264418,9.9999999999999974e-07,5.1918840836155924e-05,1.1741532112797932,0.30300192724305552,0.088582450562125187,0.87115128403673769,1.1890298621542807,-0.014830019188877138,0,0,5.2737868824076709e-06,1.336834330794369e-08,4.4218114243852282e-05
73200,0.073199999999999987,0.34929473403947336,9.9999999999999974e-07,3.035047809893395e-05,1.176813827007174,0.30330503240478651,0.087688768278947241,0.8735087946023874,1.1916901082275617,-0.014851241955361172,0,0,5.3007549492633689e-06,1.045812311497961e-08,2.579038196391699e-05
73400,0.073399999999999993,0.35024909123630255,9.9999999999999974e-07,2.6312668998607151e-05,1.178284701644323,0.30336393045327303,0.086886533203990535,0.87492077119104994,1.193162356560409,-0.014856653293755049,0,0,5.3007549492633689e-06,1.0291718278888516e-08,2.2331333812521902e-05
73600,0.073599999999999971,0.35120344843313162,9.9999999999999974e-07,2.4274497543538719e-05,1.1785014208783029,0.30338034708049344,0.086840852018149936,0.87512107379780946,1.193399456049073,-0.014879071158283703,0,0,5.3007549492633689e-06,9.7301078956900529e-09,2.0597766887245364e-05
73800,0.073799999999999977,0.3521578056299608,9.9999999999999974e-07,1.7477527527380237e-05,1.1774729058162323,0.30233671406714241,0.085791291942174108,0.87513619174908985,1.1923891241877493,-0.014904051103555036,0,0,5.3007549492633689e-06,9.5046162061333968e-09,1.4843252393365854e-05
74000,0.073999999999999982,0.35311216282678998,9.9999999999999974e-07,7.7277507111843619e-05,1.1752985588435769,0.30015581189224294,0.08360910202649284,0.87514274695133398,1.1903020055975633,-0.014931479153050771,0,0,5.3007549492633689e-06,9.1512269976122703e-09,6.5751384216687913e-05
74200,0.074199999999999988,0.35406652002361921,9.9999999999999974e-07,8.411980979061675e-05,1.1720530946694572,0.29690061464532197,0.080349928800166642,0.87515248002413526,1.1871053692158449,-0.014973468369552059,0,0,5.3044924389501377e-06,9.1405159257199289e-09,7.177133030337695e-05
74400,0.074399999999999994,0.35502087722044839,9.9999999999999974e-07,6.6397392181723669e-05,1.1679454351447178,0.2927798370245816,0.076224574001578532,0.87516559812013628,1.1830572904317116,-0.015050771971055171,0,0,5.3044924389501377e-06,9.5838041790466635e-09,5.6849738167345544e-05
74600,0.074599999999999972,0.35597523441727741,9.9999999999999974e-07,0.00034021650245134795,1.1647652122781529,0.28924094694607877,0.072531802247935845,0.87552426533207406,1.1801390515051409,-0.015039735665890043,0,0,5.3044924389501377e-06,8.0844891441573726e-07,0.00029209019883579955
74800,0.074799999999999978,0.35692959161410664,9.9999999999999974e-07,0.00082724868537631206,1.1749138242544159,0.29248190091573123,0.072930708277456041,0.8824319233386847,1.1906041388315853,-0.01486899799444749,0,0,5.3044924389501377e-06,6.2761021533613489e-07,0.00070409307329520328
75000,0.074999999999999983,0.35788394881093583,9.9999999999999974e-07,0.00074809542356458136,1.1888807978666092,0.29911400299395202,0.076623219955547037,0.88976679487265709,1.2046592910582614,-0.015036200624262721,0,0,5.3044924389501377e-06,4.983637360931151e-07,0.00062924342365273586
75200,0.075199999999999989,0.35883830600776501,9.9999999999999974e-07,0.00058662391539571267,1.2022334292933423,0.30733680307273603,0.082544597887657792,0.89489662622060628,1.2181254440519544,-0.015311463774481894,0,0,5.6971288748183841e-06,3.7580239071611665e-07,0.00048794510375620051
75400,0.075399999999999995,0.35979266320459419,9.9999999999999974e-07,0.00045507455826660214,1.2148146437700158,0.31109933194129796,0.083002754511663376,0.90371531182871778,1.2306736013805346,-0.015409837972401329,0,0,5.6971288748183841e-06,2.5779127424518533e-07,0.00037460410985361417
75600,0.075599999999999973,0.3607470204014232,9.9999999999999974e-07,0.00017342894567747087,1.2270378133061965,0.31465147556820894,0.08283239744252531,0.91238633773798761,1.2427016764233485,-0.0154963284540408,0,0,5.6971288748183841e-06,1.9715369142740291e-07,0.00014133952824988709
75800,0.075799999999999979,0.36170137759825244,9.9999999999999974e-07,0.00026088818823844921,1.2378998373775612,0.31950977274631726,0.084743442123760768,0.91839006463124395,1.2537979307314464,-0.015643051036189477,0,0,5.6971288748183841e-06,1.4874166784125831e-07,0.00021075064424528069
76000,0.075999999999999984,0.36265573479508162,9.9999999999999974e-07,0.00036358139408756681,1.2476766468763709,0.32431571007953114,0.087167340223979053,0.92336093679683984,1.2637845536827013,-0.015750125513746691,0,0,5.6971288748183841e-06,1.0297262918498462e-07,0.00029140674789242341
76200,0.07619999999999999,0.3636100919919108,9.9999999999999974e-07,0.00010517961923328392,1.2566766908731095,0.3263357421013427,0.08686295080933186,0.93034094877176687,1.2725808115812518,-0.015804950791856565,0,0,5.9380433772698501e-06,7.1659570292683946e-08,8.3696642101484023e-05
76400,0.076399999999999996,0.36456444918873998,9.9999999999999974e-07,0.0001402117120664311,1.2642679346711545,0.32944854572119842,0.087793072470298425,0.93481938894995609,1.2802896643644168,-0.015887513141302042,0,0,5.9380433772698501e-06,5.7116728802605606e-08,0.00011090347878110285
76600,0.076599999999999974,0.36551880638556905,9.9999999999999974e-07,0.00019896092245832379,1.2717176395039236,0.33206954617337275,0.087821764234083777,0.93964809333055088,1.2878347330749418,-0.015924148696114193,0,0,5.9380433772698501e-06,7.8004177132587068e-08,0.00015645054867363106
76800,0.076799999999999979,0.36647316358239823,9.9999999999999974e-07,0.00010969889154405141,1.2780655020605656,0.33450454046556666,0.088847175614615845,0.94356096159499891,1.2941290477479037,-0.015959838622110294,0,0,5.9380433772698501e-06,5.378293898895243e-08,8.5831979164752506e-05
77000,0.076999999999999985,0.36742752077922741,9.9999999999999974e-07,9.2661378027224649e-05,1.2830035296006133,0.33661287862134298,0.089995157856855801,0.94639065097927033,1.2991188709232024,-0.016028654369095167,0,0,5.9380433772698501e-06,3.6381155929279548e-08,7.2222231575675601e-05
77200,0.077199999999999991,0.36838187797605659,9.9999999999999974e-07,8.0545448202455234e-05,1.2867134016503374,0.33813121689508208,0.09032850047144711,0.94858218475525535,1.3028306014226791,-0.016042644256812861,0,0,5.9624889988407084e-06,2.7443674765687899e-08,6.2597815565725601e-05
77400,0.077399999999999969,0.36933623517288566,9.9999999999999974e-07,1.8626624785641298e-05,1.2891631163452284,0.33852454283729627,0.089548170141515088,0.95063857350793213,1.3052184539349354,-0.016042696600638218,0,0,5.9624889988407084e-06,2.3146718058570738e-08,1.4448617517423004e-05
77600,0.077599999999999975,0.37029059236971484,9.9999999999999974e-07,5.4755994805593628e-05,1.2902074411464102,0.3383938677438606,0.088719080880839324,0.95181357340254957,1.3063248175301345,-0.016068601978640889,0,0,5.9624889988407084e-06,1.9100723345695038e-08,4.2439682999301523e-05
77800,0.07779999999999998,0.37124494956654402,9.9999999999999974e-07,4.4568975608615532e-05,1.2900743472515763,0.33800067986543914,0.088187864273692379,0.95207366738613719,1.3062093946771163,-0.016096459871877303,0,0,5.9624889988407084e-06,1.893294707365303e-08,3.4547602394828626e-05
78000,0.077999999999999986,0.37219930676337326,9.9999999999999974e-07,3.8538472867662794e-05,1.2887347501354012,0.3366160611163464,0.086784938492942665,0.95211868901905472,1.3048690372854512,-0.016101728659176855,0,0,5.9624889988407084e-06,1.7492995571867033e-08,2.9904115539379801e-05
78200,0.078199999999999992,0.37315366396020244,9.9999999999999974e-07,8.9929986617487089e-05,1.286111638346739,0.33397738274576577,0.084136651649397723,0.95213425560097331,1.302349645141279,-0.016154060061701642,0,0,5.9657458604745174e-06,1.750791864926978e-08,6.9923935011652333e-05
78400,0.07839999999999997,0.37410802115703151,9.9999999999999974e-07,7.5572598639613765e-05,1.2833668540723757,0.33122649480535959,0.08138336384056355,0.95214035926701612,1.2996329515385592,-0.016196514006228055,0,0,5.9657458604745174e-06,2.3392823781916836e-08,5.8886201088805612e-05
78600,0.078599999999999975,0.37506237835386069,9.9999999999999974e-07,0.00022972323970268596,1.2806673739990007,0.32832797735228181,0.078394788199400142,0.95233939664671885,1.2970750640054978,-0.016184836843431517,0,0,5.9657458604745174e-06,9.0433077653728974e-07,0.000179377755978396
78800,0.078799999999999981,0.37601673555068987,9.9999999999999974e-07,0.00080600436423107643,1.290426940932843,0.33094674558797027,0.077862395063240719,0.95948019534487283,1.3072591126452662,-0.016032842523731241,0,0,5.9657458604745174e-06,7.0942967870008185e-07,0.00062460286488471792
79000,0.078999999999999987,0.37697109274751905,9.9999999999999974e-07,0.0002892990489359347,1.3063049618939369,0.33651367045762254,0.078398974350777209,0.96979129143631426,1.3227153613968616,-0.01612764107322592,0,0,5.9657458604745174e-06,5.748733767106405e-07,0.00022146363779901483
79200,0.079199999999999993,0.37792544994434824,9.9999999999999974e-07,0.00088650980799017927,1.3211352742663689,0.34421466169930448,0.082322039075339026,0.97692061256706442,1.3384184916158202,-0.01640335088156036,0,0,6.210291299436994e-06,4.330487998699829e-07,0.00067102122338112669
79400,0.079399999999999971,0.3788798071411773,9.9999999999999974e-07,0.0005188957698063413,1.3357457167278746,0.35105412171295469,0.086406863633795516,0.98469159501491987,1.3529635721658386,-0.01670547988542468,0,0,6.210291299436994e-06,3.0992596753422374e-07,0.0003884689752758186
79600,0.079599999999999976,0.37983416433800649,9.9999999999999974e-07,0.00021862183709142458,1.3495638066652242,0.35554818008442829,0.086713309993636356,0.99401562658079601,1.366627084197225,-0.016851063803024365,0,0,6.210291299436994e-06,1.978168155897676e-07,0.00016199444295386057
79800,0.079799999999999982,0.38078852153483567,9.9999999999999974e-07,0.00021816636861097239,1.36203160245734,0.3597392643558856,0.086871417919817395,1.0022923381014543,1.3792479716042472,-0.017004553419156729,0,0,6.210291299436994e-06,1.4034956106874673e-07,0.00016017717079204523
80000,0.079999999999999988,0.3817428787316649,9.9999999999999974e-07,0.0001541060747519689,1.3736156495956031,0.36453542309716497,0.087736747222201372,1.0090802264984382,1.3909098906165365,-0.017146452889413803,0,0,6.210291299436994e-06,1.0765193286997775e-07,0.00011219009829812162
80200,0.080199999999999994,0.38269723592849408,9.9999999999999974e-07,0.00019682542753069146,1.3835090742546512,0.36864136661162222,0.089153753636875083,1.014867707643029,1.4009508628745158,-0.01725148284749916,0,0,6.4383886258978183e-06,8.1266539333245874e-08,0.00014226536796423166
80400,0.080399999999999971,0.38365159312532315,9.9999999999999974e-07,0.00014922189901134321,1.3921892655770698,0.37256023678390338,0.0908649410234946,1.0196290287931664,1.4096816574336912,-0.017349664079922618,0,0,6.4383886258978183e-06,5.5733686626123963e-08,0.00010718506649991296
80600,0.080599999999999977,0.38460595032215233,9.9999999999999974e-07,6.2355352456166353e-05,1.3996656620548675,0.37539053303774994,0.091197248377724388,1.0242751290171177,1.4171434831219569,-0.01742194655925423,0,0,6.4383886258978183e-06,4.2455995072248259e-08,4.4550176621909581e-05
80800,0.080799999999999983,0.38556030751898152,9.9999999999999974e-07,6.1689967921247626e-05,1.4058617585412969,0.37712825565074298,0.090292169579364465,1.028733502890554,1.4233661535711779,-0.017449175397339953,0,0,6.4383886258978183e-06,3.1946754393168602e-08,4.3880536294874611e-05
81000,0.080999999999999989,0.3865146647158107,9.9999999999999974e-07,0.00010249573262914332,1.4107882399375871,0.37943150981004442,0.091030362647861532,1.0313567301275426,1.4283617989341764,-0.017477526516179301,0,0,6.4383886258978183e-06,2.4863593318135341e-08,7.2651394254376344e-05
81200,0.081199999999999994,0.38746902191263988,9.9999999999999974e-07,4.3075822612097462e-05,1.4144489013162358,0.38115518146511118,0.091942964573614061,1.0332937198511245,1.4320050664790966,-0.017519609040188556,0,0,6.4983287019969704e-06,2.1371237914584751e-08,3.0454138408261079e-05
81400,0.081399999999999972,0.38842337910946895,9.9999999999999974e-07,4.9329755039420995e-05,1.4167725812555476,0.38200037129501951,0.092168693050158262,1.0347722099605281,1.4343464207748973,-0.017531024641412461,0,0,6.4983287019969704e-06,1.6548400271447794e-08,3.4818400420838771e-05
81600,0.081599999999999978,0.38937773630629813,9.9999999999999974e-07,4.2850537205192404e-05,1.4178037585267658,0.38163839364003216,0.09112096440116077,1.0361653648867337,1.4353856935390179,-0.017545597266064632,0,0,6.4983287019969704e-06,1.4462315705942052e-08,3.0223179299311653e-05
81800,0.081799999999999984,0.39033209350312731,9.9999999999999974e-07,6.0702195503461433e-06,1.4175327580087482,0.38090899957349228,0.090141389471376815,1.036623758435256,1.4351083065089396,-0.017575990149654008,0,0,6.4983287019969704e-06,1.3540310972963731e-08,4.282242873084053e-06
82000,0.08199999999999999,0.39128645069995649,9.9999999999999974e-07,5.9724805433760356e-05,1.4156413535115806,0.37900545598483598,0.088231648242349331,1.0366358975267447,1.4332957890996396,-0.017601229132268584,0,0,6.4983287019969704e-06,2.002094127619316e-08,4.2189220656495732e-05
82200,0.082199999999999968,0.39224080789678556,9.9999999999999974e-07,7.8271869658995394e-05,1.4125166788945189,0.37587051906153768,0.085091330906510845,1.0366461598329813,1.4302329447886688,-0.017644515087171832,0,0,6.5022760731299962e-06,1.8786607857791905e-08,5.5413058711811799e-05
82400,0.082399999999999973,0.39319516509361474,9.9999999999999974e-07,0.00027589549055511217,1.409827528700738,0.37258358229499028,0.081594811369945577,1.0372439464057477,1.427735880475832,-0.017639557958513807,0,0,6.5022760731299962e-06,5.9939790176567082e-07,0.00019569449804216166
82600,0.082599999999999979,0.39414952229044392,9.9999999999999974e-07,0.00051875003479274063,1.4154154402225694,0.37257410548673181,0.079456987057592257,1.0428413347358376,1.4334361330482164,-0.017509000229710744,0,0,6.5022760731299962e-06,5.5516278335022312e-07,0.00036650019496125386
82800,0.082799999999999985,0.39510387948727316,9.9999999999999974e-07,0.0002253871687414613,1.4260098983933844,0.37460185477370084,0.076957590731589351,1.0514080436196835,1.4436026013178769,-0.017374233120028795,0,0,6.5022760731299962e-06,4.1508820465367019e-07,0.00015805442093732588
83000,0.08299999999999999,0.39605823668410234,9.9999999999999974e-07,0.00043053915117747263,1.4359287886047687,0.38041065028522925,0.08081216995711199,1.0555181383195396,1.4538806062258629,-0.017528150005304294,0,0,6.5022760731299962e-06,3.6925931436333098e-07,0.00029983321916388994
83200,0.083199999999999968,0.39701259388093135,9.9999999999999974e-07,0.00055940623084480901,1.4448027875086813,0.38535423226430238,0.08386498889575833,1.0594485552443789,1.4629494644379903,-0.017594328285855568,0,0,6.7447332217739062e-06,3.1285416946372352e-07,0.00038718518242161667
83400,0.083399999999999974,0.39796695107776059,9.9999999999999974e-07,0.00010708389572390899,1.4533103266222107,0.38887388296147302,0.085360733880362999,1.0644364436607376,1.4710450449052275,-0.017634598720705802,0,0,6.7447332217739062e-06,2.1960019127145875e-07,7.3682746046946338e-05
83600,0.08359999999999998,0.39892130827458977,9.9999999999999974e-07,0.00023441345410454527,1.4592037834780012,0.39128749596410323,0.086078079409881603,1.0679162875138979,1.4771267855158672,-0.017695548205072274,0,0,6.7447332217739062e-06,2.1488808906650198e-07,0.00016064476857771201
83800,0.083799999999999986,0.39987566547141895,9.9999999999999974e-07,0.00025171790191582652,1.4612457324105739,0.39091771330242636,0.084437751674172321,1.0703280191081475,1.4791818963198089,-0.017691345172420866,0,0,6.7447332217739062e-06,1.5443187998245983e-07,0.00017226254033301773
84000,0.083999999999999991,0.40083002266824813,9.9999999999999974e-07,0.00017394925279790729,1.4622038721737585,0.39011650390343849,0.082694551162343713,1.07208736827032,1.480046435685719,-0.017675491235797307,0,0,6.7447332217739062e-06,1.3224341287018798e-07,0.00011896374787963654
84200,0.084199999999999969,0.4017843798650772,9.9999999999999974e-07,0.00052782859604217703,1.4693400589832815,0.39205870380938035,0.08289977490297569,1.0772813551739011,1.4875324576965039,-0.01767188768042089,0,0,6.7621065481986619e-06,5.5545669243576631e-07,0.00035922834391884144
84400,0.084399999999999975,0.40273873706190638,9.9999999999999974e-07,0.00055551821416715023,1.4835824067993848,0.39652400811155791,0.082599706884516594,1.0870583986878268,1.5018327297268586,-0.017701968481176181,0,0,6.7621065481986619e-06,4.016613214486798e-07,0.0003744437866216011
84600,0.084599999999999981,0.40369309425873556,9.9999999999999974e-07,0.00041977550314476316,1.4993994057987745,0.40313157420130907,0.084837801129418924,1.0962678315974654,1.5177491471972546,-0.017936974709032945,0,0,6.7621065481986619e-06,2.4670714939260326e-07,0.00027996243130504395
84800,0.084799999999999986,0.4046474514555648,9.9999999999999974e-07,0.00013353404789887092,1.5147840565513202,0.41089233349484588,0.088312817359075299,1.1038917230564742,1.5331421662227569,-0.018231521928110339,0,0,6.7621065481986619e-06,1.841980243983777e-07,8.8153850921091233e-05
85000,0.084999999999999992,0.40560180865239398,9.9999999999999974e-07,0.00043538595147630849,1.528965034778234,0.41660004338978462,0.089099514592491699,1.1123649913884495,1.5477867164128747,-0.01839319587824537,0,0,6.7621065481986619e-06,1.3808853276032548e-07,0.00028475860570575983
85200,0.08519999999999997,0.40655616584922305,9.9999999999999974e-07,0.00033907259075496827,1.5424312173656132,0.42194897674924159,0.091088429214180408,1.1204822406163717,1.5613769932732833,-0.018614033670815468,0,0,7.2506802224958348e-06,7.9673677919918831e-08,0.00021982995866362548
85400,0.085399999999999976,0.40751052304605223,9.9999999999999974e-07,6.8813439426460165e-05,1.5545330435102882,0.4271811075056734,0.092846971594248859,1.1273519360046147,1.5734060488530801,-0.018811510483059818,0,0,7.2506802224958348e-06,6.78994718583977e-08,4.4266308595842171e-05
85600,0.085599999999999982,0.40846488024288141,9.9999999999999974e-07,0.00016306988348992725,1.5648384227866656,0.43083281527085715,0.092119405346727593,1.1340056075158085,1.5838846426726723,-0.018890448156674813,0,0,7.2506802224958348e-06,4.7473935703592121e-08,0.00010420876757328866
85800,0.085799999999999987,0.40941923743971059,9.9999999999999974e-07,0.00013725082393968964,1.5741040471868557,0.43459518273805997,0.092853539118481404,1.1395088644487958,1.5932076085476279,-0.018973595472095865,0,0,7.2506802224958348e-06,3.4255040860272282e-08,8.7192980784831905e-05
86000,0.085999999999999993,0.41037359463653977,9.9999999999999974e-07,7.2973809690407909e-05,1.5820068200738222,0.43804424674112324,0.093966442920214777,1.143962573332699,1.60114577090429,-0.019073251636419909,0,0,7.2506802224958348e-06,2.3935420132877497e-08,4.6127367318810094e-05
86200,0.086199999999999971,0.41132795183336884,9.9999999999999974e-07,0.00010264601307287744,1.5886018336819276,0.44077432909736186,0.094274673730102204,1.1478275045845658,1.6078151749034224,-0.01911803962321806,0,0,7.323857431507475e-06,2.0557364651157624e-08,6.4614059291983285e-05
86400,0.086399999999999977,0.41228230903019802,9.9999999999999974e-07,4.9506428039671921e-05,1.5939666552613361,0.44258589637687434,0.094441472473885804,1.1513807588844618,1.6131572032259782,-0.019148380333201501,0,0,7.323857431507475e-06,1.4939167538762872e-08,3.105863468113464e-05
86600,0.086599999999999983,0.41323666622702721,9.9999999999999974e-07,3.6097677910207506e-05,1.5979093704189442,0.44409296999826081,0.094418913846383429,1.1538164004206835,1.617128944277358,-0.019190812114138103,0,0,7.323857431507475e-06,1.2076202951138511e-08,2.2590566510504484e-05
86800,0.086799999999999988,0.41419102342385639,9.9999999999999974e-07,5.753971554998027e-05,1.6005259853019467,0.4451696965178053,0.09442309752419846,1.1553562887841413,1.6197849714918342,-0.01920878094170872,0,0,7.323857431507475e-06,1.0609939687555388e-08,3.5950503820858073e-05
87000,0.086999999999999966,0.41514538062068546,9.9999999999999974e-07,1.0977540997171134e-05,1.6018671243596527,0.44572635176631342,0.094780143301725017,1.1561407725933392,1.6210894324549241,-0.01921866437697866,0,0,7.323857431507475e-06,9.9652728884453716e-09,6.8529660358435855e-06
87200,0.087199999999999972,0.41609973781751464,9.9999999999999974e-07,3.5415061780209535e-05,1.6011109010529745,0.44473940742847751,0.093716566638460688,1.1563714936244969,1.6203897312041291,-0.019250755868326117,0,0,7.3255829109542028e-06,1.5196040835797385e-08,2.2119056060962882e-05
87400,0.087399999999999978,0.41705409501434382,9.9999999999999974e-07,5.2120667518199823e-05,1.5988401779989001,0.44241531526276401,0.091368466486971875,1.1564248627361362,1.6181712950788356,-0.019286335767516084,0,0,7.3255829109542028e-06,1.3772187758688035e-08,3.2599047881967648e-05
87600,0.087599999999999983,0.418008452211173,9.9999999999999974e-07,7.9864508802573268e-05,1.5954183169832614,0.43897325747785804,0.087915907853669525,1.1564450595054034,1.6148215292003285,-0.019330687645970186,0,0,7.3255829109542028e-06,1.4354794627686505e-08,5.0058663582092481e-05
87800,0.087799999999999989,0.41896280940800223,9.9999999999999974e-07,0.00037285852324912719,1.5930817018449317,0.43554730707088779,0.083961653271224054,1.157534394774044,1.6127413420224832,-0.019295055434458846,0,0,7.3255829109542028e-06,9.4819724558200623e-07,0.00023404858822828956
88000,0.087999999999999967,0.41991716660483125,9.9999999999999974e-07,0.0012063733094334486,1.6034483134898305,0.43767951163909191,0.082157649066532168,1.1657688018507386,1.6237684753263464,-0.019121895038685839,0,0,7.3255829109542028e-06,7.8092869243123285e-07,0.00075236183123847215
88200,0.088199999999999973,0.42087152380166049,9.9999999999999974e-07,0.00039030685840092119,1.6202196052015951,0.44387314269612904,0.082886954967570078,1.176346462505466,1.6398066803473821,-0.019204858147698289,0,0,7.5130903218119294e-06,5.7676999055387475e-07,0.00024089750373830184
88400,0.088399999999999979,0.42182588099848967,9.9999999999999974e-07,0.0007540537820534607,1.635387243069065,0.45278134716090984,0.087733334968830318,1.1826058959081551,1.6556152808902609,-0.019481933002345159,0,0,7.5130903218119294e-06,4.3587288087996497e-07,0.0004610857674530703
88600,0.088599999999999984,0.42278023819531885,9.9999999999999974e-07,0.00072082507841159202,1.6499851737248898,0.45965014250265568,0.090530536098071684,1.1903350312222343,1.6703748042369986,-0.019676609195213943,0,0,7.5130903218119294e-06,2.9067119504178947e-07,0.00043686760941270055
88800,0.08879999999999999,0.42373459539214803,9.9999999999999974e-07,0.00017638846006197797,1.6645249343036888,0.4644373885323726,0.089991111501885671,1.200087545771316,1.6844558060709174,-0.019762195729058813,0,0,7.5130903218119294e-06,1.9933157044183854e-07,0.00010596925070141141
89000,0.088999999999999968,0.4246889525889771,9.9999999999999974e-07,0.00037398717362091891,1.677438030029355,0.47073805971437072,0.092174837510418106,1.2066999703149843,1.6977849363215005,-0.019980581181092683,0,0,7.5130903218119294e-06,1.4897224636990277e-07,0.00022295140978434487
89200,0.089199999999999974,0.42564330978580628,9.9999999999999974e-07,0.00042280479748665488,1.6893495271845933,0.47640764990094753,0.093890235324197394,1.2129418772836458,1.7098865086104134,-0.020122258224918092,0,0,7.975134534197126e-06,1.0646205041450737e-07,0.00025027668382592532
89400,0.089399999999999979,0.42659766698263546,9.9999999999999974e-07,8.5225133425387964e-05,1.7005048181750013,0.47982850274856448,0.093347200992066864,1.2206763154264368,1.7207730388521443,-0.020191042297625302,0,0,7.975134534197126e-06,7.1619373497227985e-08,5.0117548926943012e-05
89600,0.089599999999999985,0.42755202417946464,9.9999999999999974e-07,0.0002151531378759572,1.7098022648518918,0.48470037420696799,0.095401462576889223,1.2251018906449238,1.7303339321478861,-0.020324545276153246,0,0,7.975134534197126e-06,5.5983500744427445e-08,0.00012583509935553536
89800,0.089799999999999991,0.42850638137629382,9.9999999999999974e-07,0.00021887202003140311,1.7179703372959862,0.48801737949907881,0.095363534382926329,1.2299529577969075,1.7385540373948465,-0.020372847300134576,0,0,7.975134534197126e-06,4.4086771489926086e-08,0.00012740151286657169
90000,0.089999999999999969,0.42946073857312289,9.9999999999999974e-07,5.825735043077999e-05,1.7250300061137076,0.4908019970406442,0.095533308639881909,1.2342280090730635,1.7454748925805261,-0.020394639987025703,0,0,7.975134534197126e-06,3.5736103839500839e-08,3.3771789606157076e-05
90200,0.090199999999999975,0.43041509576995207,9.9999999999999974e-07,0.00014962689593515059,1.730405152089517,0.49363354622458139,0.096843546742899869,1.2367716058649356,1.7510140809834089,-0.020467357359449392,0,0,8.0274594409216439e-06,2.7902051601639145e-08,8.6469284811404755e-05
90400,0.09039999999999998,0.43136945296678125,9.9999999999999974e-07,0.00015264435877584162,1.7345069787131195,0.49511991067806455,0.09638010568511754,1.2393870680350549,1.7551338079604997,-0.02048223457293244,0,0,8.0274594409216439e-06,2.222488721026803e-08,8.8004465043486216e-05
90600,0.090599999999999986,0.43232381016361043,9.9999999999999974e-07,3.4789541716135296e-05,1.7374469250549243,0.49610520699751626,0.096291851696501882,1.241341718057408,1.7579626348752315,-0.020488973448715888,0,0,8.0274594409216439e-06,2.5710683802613189e-08,2.0023369470716653e-05
90800,0.090799999999999992,0.43327816736043961,9.9999999999999974e-07,8.6646009650100743e-05,1.7388529327476741,0.49660876629326439,0.096364618186191534,1.2422441664544097,1.7594598659449339,-0.020528335294762088,0,0,8.0274594409216439e-06,2.0647711379360035e-08,4.9829406511789224e-05
91000,0.09099999999999997,0.43423252455726868,9.9999999999999974e-07,0.00010758708613339939,1.7388916669870078,0.49603283980126978,0.095412877610738328,1.2428588271857381,1.7595435928633592,-0.020552384640069872,0,0,8.0274594409216439e-06,1.83904109529208e-08,6.187106889747562e-05
91200,0.091199999999999976,0.43518688175409787,9.9999999999999974e-07,2.7723713303142225e-05,1.7377002276556854,0.4946868069247059,0.094026704217970616,1.2430134207309795,1.7582833071347159,-0.020563412216139148,0,0,8.0353506217948037e-06,2.1099789929815673e-08,1.5954255435958606e-05
91400,0.091399999999999981,0.4361412389509271,9.9999999999999974e-07,9.9109915408600256e-05,1.7350356920629495,0.49201041637998727,0.09134435556316256,1.2430252756829623,1.7557510412120232,-0.020624294171306439,0,0,8.0353506217948037e-06,1.9587019576386669e-08,5.7122695436172278e-05
91600,0.091599999999999987,0.43709559614775628,9.9999999999999974e-07,0.00013132844893667001,1.7312434155343173,0.48821126449966495,0.08754116112522653,1.2430321510346523,1.7520402310276153,-0.020673540200446431,0,0,8.0353506217948037e-06,1.7805463194800722e-08,7.5857876343828778e-05
91800,0.091799999999999965,0.43804995334458535,9.9999999999999974e-07,0.00036560155589237159,1.7287984149651847,0.48524022414056434,0.084265505232708135,1.2435581908246203,1.7497791286584077,-0.020624166878415472,0,0,8.0353506217948037e-06,1.0193904630944914e-06,0.00021147726231559173
92000,0.091999999999999971,0.43900431054141453,9.9999999999999974e-07,0.00071755593612385317,1.7406851497128675,0.48911092540234996,0.083555319701116265,1.2515742243105175,1.7618452945162506,-0.020451489840077892,0,0,8.0353506217948037e-06,8.6562219684946675e-07,0.00041222614913571058
92200,0.092199999999999976,0.43995866773824371,9.9999999999999974e-07,0.00029241206893337727,1.7576602595129303,0.49661008988121091,0.085014123007624079,1.2610501696317193,1.7785405170606907,-0.020596793954389209,0,0,8.281339839207435e-06,6.6713572291864421e-07,0.00016636438546685259
92400,0.092399999999999982,0.44091302493507289,9.9999999999999974e-07,0.00081354241605937217,1.7725935038867271,0.50516068516847568,0.089501932150691521,1.2674328187182513,1.7942498603778623,-0.020851595191769365,0,0,8.281339839207435e-06,4.9977685433565456e-07,0.0004589559954245209
92600,0.092599999999999988,0.44186738213190208,9.9999999999999974e-07,0.00044568661832472995,1.7870591654661576,0.51197230079988321,0.092348806044036238,1.2750868646662745,1.8085579380332397,-0.021061700448882874,0,0,8.281339839207435e-06,3.3316028623416372e-07,0.0002493966774784828
92800,0.092799999999999966,0.44282173932873115,9.9999999999999974e-07,0.00026562396206900371,1.8005986138567076,0.51711817134587079,0.092599553081114616,1.2834804425108368,1.8220318366349115,-0.021176131762936264,0,0,8.281339839207435e-06,2.5160696222008616e-07,0.00014751980814872614
93000,0.092999999999999972,0.44377609652556033,9.9999999999999974e-07,0.00023426138346616698,1.8127231410561635,0.52182074158208225,0.09265800096679512,1.2909023994740814,1.8342759793306753,-0.021327029551967375,0,0,8.281339839207435e-06,1.7132108261931956e-07,0.00012923174982456347
93200,0.093199999999999977,0.44473045372238951,9.9999999999999974e-07,0.00025016036278979037,1.8237670151831893,0.52732587617355553,0.094207429991362002,1.2964411390096338,1.8454362048294655,-0.021427733420819915,0,0,8.5679177174205175e-06,1.3621961611465488e-07,0.00013716684242403784
93400,0.093399999999999983,0.44568481091921874,9.9999999999999974e-07,0.00012034099913832748,1.8336127869258885,0.53158301212358561,0.095481179325803231,1.3020297748023029,1.855235266149653,-0.021510806304568645,0,0,8.5679177174205175e-06,1.0016222512499156e-07,6.5630540971566351e-05
93600,0.093599999999999989,0.44663916811604792,9.9999999999999974e-07,0.00013141962687554556,1.8419351250508924,0.53554423254148031,0.096658482867908291,1.3063908925094121,1.8636524746970369,-0.02159456632124037,0,0,8.5679177174205175e-06,6.8384254054451414e-08,7.1348672973438432e-05
93800,0.093799999999999967,0.44759352531287699,9.9999999999999974e-07,6.8061012630370475e-05,1.8490410683970082,0.53830456930620396,0.096320095415043355,1.3107364990908041,1.8707351049879832,-0.021634598481494204,0,0,8.5679177174205175e-06,5.49854322246272e-08,3.6808816090480191e-05
94000,0.093999999999999972,0.44854788250970618,9.9999999999999974e-07,4.7594149576930606e-05,1.8537276181237394,0.54010482868275256,0.095974809559632224,1.3136227894409869,1.8754132190734718,-0.021646626440737924,0,0,8.5679177174205175e-06,5.1722865129668998e-08,2.5674834377826923e-05
94200,0.094199999999999978,0.44950223970653536,9.9999999999999974e-07,0.00010181040460570153,1.8564374958792755,0.54175305547048025,0.097203181092794869,1.3146844404087954,1.8782094977755246,-0.021678817553106605,0,0,8.5875634537036633e-06,3.8498009614571966e-08,5.484181656085354e-05
94400,0.094399999999999984,0.45045659690336454,9.9999999999999974e-07,6.2790098431042953e-05,1.8577977679242017,0.54220012699005427,0.097050216017244825,1.3155976409341474,1.8795515726017009,-0.021699636393316398,0,0,8.5875634537036633e-06,3.4250794614735697e-08,3.3798134283044737e-05
94600,0.09459999999999999,0.45141095410019372,9.9999999999999974e-07,3.9685738541891933e-05,1.8577697515622065,0.5416971760806879,0.096306528972084901,1.3160725754815186,1.8795127522569972,-0.021711936000132721,0,0,8.5875634537036633e-06,3.3480430130726119e-08,2.1362032893753398e-05
94800,0.094799999999999968,0.45236531129702279,9.9999999999999974e-07,9.0275069027997442e-05,1.8562592991911917,0.53998759696658927,0.094543686371570443,1.3162717022246024,1.878097988890582,-0.021757030669863994,0,0,8.5875634537036633e-06,2.8476047923485143e-08,4.8632790185795727e-05
95000,0.094999999999999973,0.45331966849385197,9.9999999999999974e-07,8.0620407985324016e-05,1.8536430896394169,0.53733468685332697,0.091865490705917083,1.3163084027860901,1.8755043815090304,-0.021789504006024297,0,0,8.5875634537036633e-06,2.4498094238385828e-07,4.349295095476381e-05
95200,0.095199999999999979,0.4542740256906812,9.9999999999999974e-07,0.00026681178710432458,1.8540211020047543,0.53584869995511308,0.089547015027943502,1.3181724020496413,1.8759978118765015,-0.021718694384852109,0,0,8.5924101837818159e-06,2.038900254733597e-07,0.00014390978981621127
95400,0.095399999999999985,0.45522838288751039,9.9999999999999974e-07,0.00018692031279465282,1.8579778570678518,0.53634989326822669,0.088152471056973922,1.3216279637996251,1.8798089489761149,-0.021652945702621502,0,0,8.5924101837818159e-06,1.8169696922299054e-07,0.00010060416602038474
95600,0.095599999999999991,0.45618274008433957,9.9999999999999974e-07,0.000175723065487296,1.8654562750196284,0.5383704073875768,0.086291046199973562,1.3270858676320516,1.8871645180340517,-0.021541290271268155,0,0,8.5924101837818159e-06,1.7791214836002293e-07,9.4198437047497688e-05
95800,0.095799999999999969,0.45713709728116864,9.9999999999999974e-07,0.0003253518391542265,1.874083667786864,0.54324742373018053,0.088518845668645652,1.3308362440566834,1.8959657867418782,-0.021565550669908385,0,0,8.5924101837818159e-06,1.9114386452720648e-07,0.00017360582387361597
96000,0.095999999999999974,0.45809145447799782,9.9999999999999974e-07,0.00052488968516693367,1.8815775536239532,0.54878390371933083,0.093036359889739503,1.3327936499046222,1.9037526223279233,-0.021658911999311452,0,0,8.5924101837818159e-06,1.4057032438677589e-07,0.00027896255679495455
96200,0.09619999999999998,0.459045811674827,9.9999999999999974e-07,0.00024732948421540515,1.8886456428593155,0.55244497676024873,0.096079606790355321,1.3362006660990668,1.9106280115001244,-0.02174393588783019,0,0,8.788152419661644e-06,1.085788169456364e-07,0.00013095600286402092
96400,0.096399999999999986,0.46000016887165618,9.9999999999999974e-07,0.00013417851844767996,1.8940919012169457,0.55445311288657961,0.096859083537102902,1.3396387883303662,1.9159850186582641,-0.02176779875033993,0,0,8.788152419661644e-06,7.1675049539104394e-08,7.0840553386808131e-05
96600,0.096599999999999964,0.46095452606848525,9.9999999999999974e-07,6.1765565750794522e-05,1.8983745081799173,0.55541616687603323,0.09583377063811549,1.3429583413038841,1.92020183198202,-0.021774404200698597,0,0,8.788152419661644e-06,5.7811927090494739e-08,3.2536027788327596e-05
96800,0.096799999999999969,0.46190888326531443,9.9999999999999974e-07,0.00067610972982938815,1.9047268649560345,0.55713941153655477,0.095324043256199822,1.3475874534194796,1.9270878322570992,-0.021694183848307094,0,0,8.788152419661644e-06,5.3812465203774637e-07,0.00035496413804453499
97000,0.096999999999999975,0.46286324046214361,9.9999999999999974e-07,0.0004475878764684152,1.9190689133877648,0.56074616098556018,0.093733985050714064,1.3583227524022046,1.9412400649784365,-0.021732711122873553,0,0,8.788152419661644e-06,3.5925625063836173e-07,0.0002332317893046794
97200,0.097199999999999981,0.46381759765897285,9.9999999999999974e-07,0.00043075797477176258,1.9354743267701879,0.56621894192310662,0.091764439799276648,1.3692553848470812,1.9577171809302361,-0.021821472785063013,0,0,9.1038253287419445e-06,2.7277445791780609e-07,0.00022255938444328918
97400,0.097399999999999987,0.46477195485580203,9.9999999999999974e-07,0.0001738657131011081,1.9519488173431128,0.57335467365053494,0.091914766803064221,1.3785941436925779,1.9740982180810924,-0.021984850865579792,0,0,9.1038253287419445e-06,2.1201537257149917e-07,8.9072885291000979e-05
97600,0.097599999999999965,0.46572631205263104,9.9999999999999974e-07,0.00045760138210384788,1.9671470542881382,0.5809876863891591,0.094550607797955419,1.386159367898979,1.9897891586500256,-0.022193766842743191,0,0,9.1038253287419445e-06,1.6003763086701496e-07,0.00023262184751583938
97800,0.09779999999999997,0.46668066924946028,9.9999999999999974e-07,0.00025228883408060854,1.9815071904147075,0.58831155452183981,0.097501737226996357,1.3931956358928677,2.0041574865061209,-0.022407223012738686,0,0,9.1038253287419445e-06,1.1193007706879378e-07,0.00012732168487756399
98000,0.097999999999999976,0.46763502644628946,9.9999999999999974e-07,9.7756453101485291e-05,1.9946036860219525,0.59395555334048422,0.098427959524315572,1.4006481326814684,2.0172968202743506,-0.022604560162598552,0,0,9.1038253287419445e-06,7.8537973153507536e-08,4.9010464478009284e-05
98200,0.098199999999999982,0.46858938364311864,9.9999999999999974e-07,0.00014052758394741223,2.0064496006228945,0.59807124026710379,0.096448126907824436,1.4083783603557907,2.0292593822693066,-0.022678660055751886,0,0,9.3421324666659692e-06,6.3860820325407295e-08,7.0037933623543785e-05
98400,0.098399999999999987,0.46954374083994782,9.9999999999999974e-07,0.00025383996434788438,2.0168896067083133,0.60345138705168044,0.098591206222437375,1.4134382196566329,2.0399240713413831,-0.022790008411157095,0,0,9.3421324666659692e-06,4.160996832421404e-08,0.00012585714334765533
98600,0.098599999999999965,0.47049809803677689,9.9999999999999974e-07,7.9104366565225257e-05,2.026135714617014,0.60844811012017763,0.10103261479896825,1.4176876044968365,2.0491152350108224,-0.022909791257774523,0,0,9.3421324666659692e-06,3.3098064614562548e-08,3.9041988152396688e-05
98800,0.098799999999999971,0.47145245523360607,9.9999999999999974e-07,0.00010550889704450132,2.0327110094206007,0.61086515244155637,0.10053611646274917,1.4218458569790444,2.0557583609698851,-0.02295121914521802,0,0,9.3421324666659692e-06,3.436051149076713e-08,5.1905507745823317e-05
99000,0.098999999999999977,0.47240681243043525,9.9999999999999974e-07,7.8054729633080268e-05,2.0368227590373382,0.61187860038426745,0.099341103200953934,1.4249441586530707,2.0598669817979989,-0.02297553633901327,0,0,9.3421324666659692e-06,2.6175519025718128e-08,3.8321807475271537e-05
99200,0.099199999999999983,0.47336116962726443,9.9999999999999974e-07,4.7592363546387501e-05,2.0395060217232972,0.6128970975295589,0.099069553226687049,1.4266089241937383,2.0625537843104835,-0.023009554029201604,0,0,9.3599826386922013e-06,2.3822923152420111e-08,2.3335240513864209e-05
99400,0.099399999999999988,0.47431552682409361,9.9999999999999974e-07,6.2380059894808252e-05,2.0407053958016101,0.61379061554625458,0.099878462422875763,1.4269147802553555,2.0637791615996051,-0.023020766947077494,0,0,9.3599826386922013e-06,2.1226338781291692e-08,3.0567890898482543e-05
99600,0.099599999999999966,0.47526988402092268,9.9999999999999974e-07,8.532821974141073e-05,2.04044599562978,0.61313833686956054,0.099147522322903539,1.4273076587602196,2.0635670251329077,-0.023045080219629518,0,0,9.3599826386922013e-06,1.895360465886457e-08,4.1818416132632969e-05
99800,0.099799999999999972,0.47622424121775186,9.9999999999999974e-07,3.2118478769386583e-05,2.0388223545253945,0.61146578740788093,0.097451534864983438,1.4273565671175135,2.0619318724378428,-0.023086780081820229,0,0,9.3599826386922013e-06,2.0665502723141754e-08,1.5753446443284291e-05
100000,0.099999999999999978,0.47717859841458105,9.9999999999999974e-07,0.00035647131390538581,2.0370049924545159,0.60900533120468536,0.094553748837660087,1.4279996612498307,2.0603935241921079,-0.02304214371217389,0,0,9.3599826386922013e-06,7.2330584853596895e-07,0.00017499776153020175
100200,0.10019999999999998,0.47813295561141023,9.9999999999999974e-07,0.00073590670470756014,2.0475957461469734,0.61149252301039936,0.092730604334642919,1.436103223136574,2.0712347953492589,-0.022913073026929128,0,0,9.4146016924735569e-06,5.1592765857729167e-07,0.00035940038754834271
100400,0.10039999999999999,0.47908731280823941,9.9999999999999974e-07,0.00017861259446414897,2.0660363940332811,0.61837093355575201,0.09153576367609205,1.4476654604775292,2.0890588162299779,-0.022853595266247442,0,0,9.4146016924735569e-06,3.710623222116956e-07,8.6451814198424884e-05
100600,0.10059999999999997,0.48004167000506848,9.9999999999999974e-07,0.00043641689370541611,2.0845453916462602,0.62805969845342013,0.094099203546125179,1.45648569319284,2.1080703357416506,-0.023098247591253691,0,0,9.4146016924735569e-06,3.057878762452611e-07,0.00020935830683003638
100800,0.10079999999999997,0.48099602720189766,9.9999999999999974e-07,0.00039816182482375347,2.1024791778168526,0.63757773721103861,0.09780739485150991,1.4649014406058138,2.1262571525573395,-0.023389440505530063,0,0,9.4146016924735569e-06,2.1298817454442026e-07,0.00018937729753746815
101000,0.10099999999999998,0.48195038439872684,9.9999999999999974e-07,0.00023195958433985426,2.1194551817481111,0.64525719645702495,0.099303492034421764,1.4741979852910863,2.1432834192596273,-0.023605817112289203,0,0,9.4146016924735569e-06,1.2458342039530185e-07,0.00010944302400796024
101200,0.10119999999999998,0.48290474159555602,9.9999999999999974e-07,0.00025572830915934053,2.134983997509817,0.65272732333567274,0.10145720797888882,1.4822566741741443,2.1590878909442974,-0.023858222810192533,0,0,9.9731228921515087e-06,8.4561979317871391e-08,0.00011977996531009814
101400,0.10139999999999996,0.48385909879238509,9.9999999999999974e-07,9.4238837817509137e-05,2.1494182857693684,0.65913416554855819,0.10151244754084082,1.4902841202208101,2.1735366921445913,-0.024034198804512699,0,0,9.9731228921515087e-06,5.8144214998013185e-08,4.3843880198393792e-05
101600,0.10159999999999997,0.48481345598921427,9.9999999999999974e-07,0.00012217843700794954,2.1625718630330772,0.66468856682311694,0.10088970205249524,1.4978832962099604,2.1868034510431884,-0.024119432314227494,0,0,9.9731228921515087e-06,4.9618232196302833e-08,5.6496821722534725e-05
101800,0.10179999999999997,0.48576781318604345,9.9999999999999974e-07,0.00022150242890631364,2.1741319910742201,0.67113294990156847,0.10393330012217529,1.5029990411726515,2.1986338860534631,-0.024290401655310757,0,0,9.9731228921515087e-06,3.5982081845060062e-08,0.00010188085627536862
102000,0.10199999999999998,0.48672217038287269,9.9999999999999974e-07,6.1093546499268669e-05,2.1839600941971646,0.67573117317405862,0.10499453444223963,1.5082289210231061,2.2083954564900412,-0.0243842732964543,0,0,9.9731228921515087e-06,3.1427184656468917e-08,2.7973746709747909e-05
102200,0.10219999999999999,0.48767652757970187,9.9999999999999974e-07,3.6507445988755612e-05,2.1917708155142761,0.6783432632532016,0.10323032579513293,1.5134275522610745,2.2162212782874908,-0.024424040976041332,0,0,1.0060470476047103e-05,2.5178339495810393e-08,1.6656598276763496e-05
102400,0.10239999999999996,0.48863088477653094,9.9999999999999974e-07,7.3313869159143387e-05,2.1980472974449095,0.68165690228710596,0.10406058201816787,1.5163903951578035,2.2225983075120381,-0.024487778186758565,0,0,1.0060470476047103e-05,2.1518312939675549e-08,3.3354090807948542e-05
102600,0.10259999999999997,0.48958524197336012,9.9999999999999974e-07,6.0610853366787015e-05,2.202848153832178,0.68419795844716302,0.1048681918689866,1.5186501953850149,2.2274256585526895,-0.024526970863998451,0,0,1.0060470476047103e-05,1.6526377897261197e-08,2.751476685369599e-05
102800,0.10279999999999997,0.4905395991701893,9.9999999999999974e-07,2.2968785383015144e-05,2.2061747765053896,0.68546085805525503,0.10480081507886101,1.5207139184501346,2.2307356382074239,-0.024547966613918042,0,0,1.0060470476047103e-05,1.3226790679224837e-08,1.0411135884437046e-05
103000,0.10299999999999998,0.49149395636701848,9.9999999999999974e-07,4.1366213374503657e-05,2.2079117668750343,0.68600813843299313,0.10461910480252708,1.5219036284420411,2.2325257645484866,-0.024582703330859747,0,0,1.0060470476047103e-05,1.1400306101059138e-08,1.8735446766992545e-05
103200,0.10319999999999999,0.49244831356384772,9.9999999999999974e-07,2.6906050008204544e-05,2.208151975757096,0.685361067830911,0.10325978803787805,1.522790907926185,2.2327850853904914,-0.024616281539284888,0,0,1.0066646912086894e-05,1.1308985413845989e-08,1.2184872374547238e-05
103400,0.10339999999999996,0.49340267076067673,9.9999999999999974e-07,1.3873708174974295e-05,2.2069684301668544,0.68411200414284312,0.10197560239860697,1.5228564260240112,2.2316103824952114,-0.024638156827504958,0,0,1.0066646912086894e-05,1.1560411078855896e-08,6.2863192718734972e-06
103600,0.10359999999999997,0.49435702795750597,9.9999999999999974e-07,8.7737616814144591e-05,2.2040512025059749,0.68117505006309464,0.099025001603064433,1.5228761524428802,2.2288223530259552,-0.024693497001955198,0,0,1.0066646912086894e-05,1.7451876776094537e-08,3.9807431294875621e-05
103800,0.10379999999999998,0.49531138515433515,9.9999999999999974e-07,7.7132161089904185e-05,2.1996148800408934,0.67672782500543827,0.094568816466853445,1.5228870550354552,2.2244451786281783,-0.024763249974391062,0,0,1.0066646912086894e-05,1.6901283902717205e-08,3.5066211721785685e-05
104000,0.10399999999999998,0.49626574235116433,9.9999999999999974e-07,0.00040131916692861798,2.1967126657468357,0.67321950988674983,0.090674576103344284,1.5234931558600859,2.2218173145449436,-0.024714258560269126,0,0,1.0066646912086894e-05,8.6228217765607299e-07,0.00018269078755103274
104200,0.10419999999999999,0.49722009954799351,9.9999999999999974e-07,0.00076757784256038959,2.2083535043506082,0.67728388163540598,0.089742714655486971,1.5310696227152021,2.233631631922083,-0.024521366904223442,0,0,1.0097809631388823e-05,7.1936567740967612e-07,0.00034757924446797509
104400,0.10439999999999997,0.49817445674482252,9.9999999999999974e-07,0.00027581802573701565,2.2257334560481743,0.68540455063992378,0.090821974450148141,1.5403289054082505,2.2506178525911813,-0.024619187942019331,0,0,1.0097809631388823e-05,5.1161511811233891e-07,0.00012392230749262088
104600,0.10459999999999997,0.49912881394165176,9.9999999999999974e-07,0.00061431678778944593,2.2421396872626977,0.6952463717413826,0.095413248341911797,1.5468933155213151,2.2675705266758244,-0.024827045518878321,0,0,1.0097809631388823e-05,4.25083909753952e-07,0.00027398684893688795
104800,0.10479999999999998,0.50008317113848089,9.9999999999999974e-07,0.0004491213738654891,2.2577781339902518,0.70283339893813579,0.097740534947106453,1.5549447350521159,2.2832363639798112,-0.025019488961826087,0,0,1.0097809631388823e-05,2.8253650064474041e-07,0.00019892183696178369
105000,0.10499999999999998,0.50103752833531012,9.9999999999999974e-07,0.00022392981395487552,2.2720105653233573,0.70909642446976118,0.098523426781643095,1.562914140853596,2.2973488378144218,-0.02512467227781116,0,0,1.0097809631388823e-05,2.3179107011349993e-07,9.8560199222931587e-05
105200,0.10519999999999999,0.50199188553213936,9.9999999999999974e-07,0.00017999614648458987,2.2824582536905273,0.71360264836536469,0.098810983004695666,1.5688556053251625,2.3078725869502561,-0.025245051296002345,0,0,1.0534524067133695e-05,1.7965869102408064e-07,7.8860652190922864e-05
105400,0.10539999999999997,0.50294624272896837,9.9999999999999974e-07,0.00023415702391967391,2.2915797839301928,0.71818831878450484,0.099466526449843953,1.573391465145688,2.3170813660561778,-0.025278103393737688,0,0,1.0534524067133695e-05,1.4376760507707102e-07,0.00010218148438981294
105600,0.10559999999999997,0.50390059992579761,9.9999999999999974e-07,0.00011237857695225501,2.2994462712895514,0.72212743991472439,0.10078840463398721,1.577318831374827,2.3248742916433591,-0.025326278922065192,0,0,1.0534524067133695e-05,1.0262114242333046e-07,4.8872016865709169e-05
105800,0.10579999999999998,0.50485495712262674,9.9999999999999974e-07,0.0002996895754492023,2.3070152696643729,0.72529148254681297,0.10113760317264385,1.5817237871175598,2.3326733992666759,-0.025369368125592855,0,0,1.0534524067133695e-05,3.9357467188706378e-07,0.00012990359421973026
106000,0.10599999999999998,0.50580931431945597,9.9999999999999974e-07,0.00074495366335506502,2.3174271563789515,0.7280660871989183,0.10101237634365168,1.5893610691800331,2.3436049913680854,-0.025443662584331121,0,0,1.0534524067133695e-05,2.4673448506469146e-07,0.00032145720796638856
106200,0.10619999999999996,0.50676367151628499,9.9999999999999974e-07,0.00021390066381606903,2.3294599853522002,0.73259857841060494,0.1019920607753497,1.5968614069415952,2.3552049302136968,-0.025542123854059594,0,0,1.09240648367989e-05,1.555915421980387e-07,9.1824141715715518e-05
106400,0.10639999999999997,0.50771802871311422,9.9999999999999974e-07,0.00016075265796874634,2.3410606965101737,0.73738822918979674,0.10154014163128418,1.603672467320377,2.3667899846510712,-0.025579576823952271,0,0,1.09240648367989e-05,1.172761865493783e-07,6.8666591262832622e-05
106600,0.10659999999999997,0.50867238590994346,9.9999999999999974e-07,0.00015300778234989063,2.3524848709717423,0.74182004046839123,0.10003808940985534,1.6106648305033511,2.378188196346795,-0.02556134770475775,0,0,1.09240648367989e-05,1.0604721818659743e-07,6.5040920873887548e-05
106800,0.10679999999999998,0.50962674310677258,9.9999999999999974e-07,0.00023189297568250978,2.3659339736923353,0.74793306643226509,0.099582901929954115,1.6180009072600701,2.3916648235692537,-0.025509996882046634,0,0,1.09240648367989e-05,1.1591597400955342e-07,9.8013291267216494e-05
107000,0.10699999999999998,0.51058110030360182,9.9999999999999974e-07,9.975906250351257e-05,2.3795168738170447,0.75445743744542326,0.099889960815512671,1.6250594363716213,2.4052090161033459,-0.025603410097023306,0,0,1.09240648367989e-05,1.0280838886380381e-07,4.192408282589166e-05
107200,0.10719999999999996,0.51153545750043083,9.9999999999999974e-07,0.0001895863066564724,2.3916737532298709,0.76226607737478669,0.10360484816775228,1.6294076758550842,2.4175589200140695,-0.025706816656364737,0,0,1.1152047550195668e-05,8.413127226244692e-08,7.9269301007481814e-05
107400,0.10739999999999997,0.51248981469726007,9.9999999999999974e-07,0.00019609110986979397,2.4025056826519231,0.76700507032261278,0.10306185019373437,1.6355006123293103,2.4284248472350125,-0.025734289738152543,0,0,1.1152047550195668e-05,6.4217382676503941e-08,8.1619415631660673e-05
107600,0.10759999999999997,0.5134441718940892,9.9999999999999974e-07,0.00013268390740224956,2.4120248262714008,0.77206465168086336,0.10434456058329586,1.6399601745905374,2.4379680149618128,-0.02582171332970868,0,0,1.1152047550195668e-05,5.6499148537888887e-08,5.5009345657257335e-05
107800,0.10779999999999998,0.51439852909091832,9.9999999999999974e-07,7.9124229751107526e-05,2.4200000063887877,0.77721139453655752,0.10724949822562181,1.6427886118522301,2.4459606274072945,-0.025892695674478154,0,0,1.1152047550195668e-05,4.6838172449323133e-08,3.2695962620752049e-05
108000,0.10799999999999998,0.51535288628774756,9.9999999999999974e-07,0.0001010679763971309,2.426430642640629,0.77895082257581727,0.10470274471912691,1.6474798200648118,2.4523985575916649,-0.025878036379965871,0,0,1.1152047550195668e-05,3.735777708474257e-08,4.1652942647946835e-05
108200,0.10819999999999996,0.51630724348457657,9.9999999999999974e-07,0.00014066657038563395,2.4331857672924602,0.78260094068656483,0.1056540724499799,1.6505848266058953,2.45926829520283,-0.025953091181772244,0,0,1.1188018402362101e-05,4.1823385664088849e-08,5.7811685518020021e-05
108400,0.10839999999999997,0.51726160068140581,9.9999999999999974e-07,5.6493264140070808e-05,2.4386246467181132,0.78636911568685286,0.10833791544856439,1.6522555310312603,2.4646780584062418,-0.02600814057642651,0,0,1.1188018402362101e-05,3.4134035601160592e-08,2.3166035091172852e-05
108600,0.10859999999999997,0.51821595787823505,9.9999999999999974e-07,0.00036678831163206114,2.4443910265618469,0.78660469355066631,0.1048978828649855,1.6577863330111806,2.4706844696623178,-0.025938450538368001,0,0,1.1188018402362101e-05,6.0773112681814802e-07,0.00015005304292413742
108800,0.10879999999999998,0.51917031507506417,9.9999999999999974e-07,0.00065307751948002319,2.4561778504683902,0.78930074829285057,0.10368764438672674,1.6668771021755395,2.4828712758700391,-0.026051924084456498,0,0,1.1188018402362101e-05,3.8818388522313964e-07,0.00026589178766329242
109000,0.10899999999999999,0.52012467227189341,9.9999999999999974e-07,0.00025450511735439056,2.471072792285498,0.79489939735094495,0.10266316366482345,1.676173394934553,2.4973976084083098,-0.026081763120538174,0,0,1.1188018402362101e-05,2.6409667860902999e-07,0.00010299377588104091
109200,0.10919999999999996,0.52107902946872253,9.9999999999999974e-07,0.00020300078702350865,2.4869681973904698,0.80089433950881561,0.09996577267715534,1.6860738578816541,2.5132855348872383,-0.026125960706087231,0,0,1.1411559834940921e-05,2.124365071222881e-07,8.1625807373215977e-05
109400,0.10939999999999997,0.52203338666555166,9.9999999999999974e-07,8.8207737130043207e-05,2.5030791468893421,0.80916016334338359,0.1012168744335934,1.6939189835459585,2.5293849218499016,-0.026229147858210126,0,0,1.1411559834940921e-05,1.6907494569053414e-07,3.5239691577336589e-05
109600,0.10959999999999998,0.52298774386238089,9.9999999999999974e-07,0.00011570500765704441,2.5177751253906604,0.81597102108344721,0.10117310497575832,1.7018041043072132,2.5442208045358647,-0.026341523381326934,0,0,1.1411559834940921e-05,1.3768394487444522e-07,4.5955258867326964e-05
109800,0.10979999999999998,0.52394210105921002,9.9999999999999974e-07,0.00025866538660245046,2.5287052523356746,0.82269486453974427,0.10456087518366501,1.7060103877959303,2.5554302438677885,-0.026477842192330067,0,0,1.1411559834940921e-05,1.0448698353833806e-07,0.00010229163179992232
110000,0.10999999999999999,0.52489645825603926,9.9999999999999974e-07,9.2390428000216053e-05,2.5383847316672821,0.82777277063796373,0.10593782132109783,1.7106119610293185,2.5650367880087255,-0.026571153182876082,0,0,1.1411559834940921e-05,7.5709597866003046e-08,3.6397330494314564e-05
110200,0.11019999999999996,0.52585081545286827,9.9999999999999974e-07,5.9273512095933841e-05,2.5465902582563285,0.83077300078847482,0.10448269113373898,1.7158172574678536,2.5732374153331157,-0.026599474078014346,0,0,1.1522629979304235e-05,6.7883343714096261e-08,2.3275637650683116e-05
110400,0.11039999999999997,0.52680517264969751,9.9999999999999974e-07,8.8833403680715342e-05,2.5532763807744043,0.83456317487541898,0.10567482047935087,1.7187132058989854,2.5800007553353193,-0.026647115490316915,0,0,1.1522629979304235e-05,5.1703103288828705e-08,3.4791926306768377e-05
110600,0.11059999999999998,0.52775952984652663,9.9999999999999974e-07,8.2183970429555462e-05,2.5583969417581742,0.83699963832795032,0.10605416146341014,1.7213973034302239,2.5851647461220648,-0.026697182629504931,0,0,1.1522629979304235e-05,3.9606064508416688e-08,3.2123228842306708e-05
110800,0.11079999999999998,0.52871388704335587,9.9999999999999974e-07,3.74798394535501e-05,2.5621011226555233,0.83883354416632583,0.10652333311404708,1.7232675784891973,2.5888282382638059,-0.02670119111848987,0,0,1.1522629979304235e-05,3.2719681242708237e-08,1.4628555884126708e-05
111000,0.11099999999999999,0.52966824424018499,9.9999999999999974e-07,4.2433540221820997e-05,2.5641601618244314,0.8397515650770504,0.10665290607389305,1.724408596747381,2.5909318063294471,-0.026740761390720409,0,0,1.1522629979304235e-05,2.7795947467844023e-08,1.6548708951015374e-05
111200,0.11119999999999997,0.53062260143701401,9.9999999999999974e-07,0.00042310013763264886,2.5637549020505466,0.83683962957877511,0.10191862553775903,1.7269152724717713,2.5908198155192355,-0.026654403616887493,0,0,1.1526629028847013e-05,1.0636568022268976e-06,0.00016503142999131634
111400,0.11139999999999997,0.53157695863384324,9.9999999999999974e-07,0.00095993433647760865,2.5767786262298049,0.83996328034057222,0.099503052698156402,1.7368153458892328,2.6042824809693821,-0.026556109830755913,0,0,1.1526629028847013e-05,6.627986273474216e-07,0.00037253271457087861
111600,0.11159999999999998,0.53253131583067248,9.9999999999999974e-07,0.00020624375292416401,2.5980723742614789,0.84845708565448974,0.097861019012297587,1.7496152886069891,2.6247532051375271,-0.026486581824707353,0,0,1.1526629028847013e-05,4.6807255427919729e-07,7.9383374754057927e-05
111800,0.11179999999999998,0.53348567302750161,9.9999999999999974e-07,0.00049110418391438125,2.6199705685491015,0.85955606232915449,0.098889477066622808,1.760414506219947,2.6471875137620651,-0.026737770569972247,0,0,1.1526629028847013e-05,4.0291189399849751e-07,0.00018744645066236259
112000,0.11199999999999996,0.53444003022433062,9.9999999999999974e-07,0.00048334641043054838,2.6411871033254304,0.87211029455340694,0.10415657628254091,1.7690768087720234,2.6687722737999588,-0.027113627039741441,0,0,1.1526629028847013e-05,2.7634661470330428e-07,0.00018300347212129843
112200,0.11219999999999997,0.53539438742115986,9.9999999999999974e-07,0.00025000819172042352,2.6614652733055539,0.88175331639896692,0.10549827160819672,1.7797119569065871,2.6890986251132842,-0.027395851409431269,0,0,1.2333375916915437e-05,1.7441750455038713e-07,9.3936296756527666e-05
112400,0.11239999999999997,0.53634874461798909,9.9999999999999974e-07,0.00033820479521369902,2.6802097431527709,0.89176839101937166,0.10801632828253199,1.7884413521333993,2.7082517842337333,-0.027716291699926857,0,0,1.2333375916915437e-05,1.2203826147902725e-07,0.00012618594349853517
112600,0.11259999999999998,0.53730310181481822,9.9999999999999974e-07,0.00014241193138241624,2.6963165227203119,0.89933969390264679,0.10789948637573815,1.7969768288176651,2.7243517285912255,-0.027905225342704034,0,0,1.2333375916915437e-05,9.8027255639180413e-08,5.2817215702382353e-05
112800,0.11279999999999998,0.53825745901164745,9.9999999999999974e-07,0.0001586661463541866,2.7106424775287041,0.90559502112516044,0.10666364713263971,1.8050474564035437,2.7388007458813957,-0.028012011626962346,0,0,1.2333375916915437e-05,7.6044708304665644e-08,5.8534516325754144e-05
113000,0.11299999999999996,0.53921181620847647,9.9999999999999974e-07,0.0002587903199511017,2.7232693318882322,0.91331520756695539,0.11064262608940338,1.8099541243212767,2.7517301603696125,-0.028214421442319247,0,0,1.2333375916915437e-05,4.990497292148627e-08,9.502927856631219e-05
113200,0.11319999999999997,0.54016617340530571,9.9999999999999974e-07,0.00012240617320194509,2.7345065018905061,0.91867430975244579,0.11127963329090444,1.8158321921380605,2.762943420034957,-0.028327357142437622,0,0,1.2806468960321819e-05,3.8702228398541897e-08,4.4763533426349273e-05
113400,0.11339999999999997,0.54112053060213494,9.9999999999999974e-07,4.1337652601670106e-05,2.7442393425253209,0.92206359369340651,0.10842120155096394,1.8221757488319144,2.7726441517313893,-0.028376311866439855,0,0,1.2806468960321819e-05,3.3844012898510937e-08,1.5063428310021281e-05
113600,0.11359999999999998,0.54207488779896407,9.9999999999999974e-07,0.00012555785245609,2.7522322198609737,0.9269019331006082,0.11033453630007156,1.8253302867603654,2.7808136640089085,-0.028468720665758798,0,0,1.2806468960321819e-05,2.7901319571495246e-08,4.5620370094509116e-05
113800,0.11379999999999998,0.5430292449957933,9.9999999999999974e-07,0.0001161814775841444,2.7586832895747455,0.93057767738237152,0.111654312236837,1.828105612192374,2.7873015691601304,-0.028514926032236348,0,0,1.2806468960321819e-05,2.1455475449146081e-08,4.2114829934701899e-05
114000,0.11399999999999996,0.54398360219262232,9.9999999999999974e-07,4.2350699028138636e-05,2.7629009987513604,0.93182114680220252,0.1104630641833895,1.8310798519491578,2.7914656345134197,-0.028535125153866751,0,0,1.2806468960321819e-05,3.3621875312407593e-08,1.53283447533148e-05
114200,0.11419999999999997,0.54493795938945155,9.9999999999999974e-07,4.2430340748509811e-05,2.7639673508037754,0.93188926234128489,0.10992897375317874,1.8320780884624905,2.7925782133235231,-0.028581316108387475,0,0,1.2813176872647392e-05,7.0752515646354787e-08,1.5351245280148066e-05
114400,0.11439999999999997,0.54589231658628068,9.9999999999999974e-07,0.00020506207839065548,2.7639276552781915,0.93103828779731279,0.1087593989824716,1.8328893674808788,2.7927057082358693,-0.028585857673287054,0,0,1.2813176872647392e-05,5.3617127298527214e-08,7.4192274171523426e-05
114600,0.11459999999999998,0.54684667378310992,9.9999999999999974e-07,3.2317503770714234e-05,2.7630637496134272,0.92897750161112458,0.10644741771762234,1.8340862480023026,2.7916941463327976,-0.028610937026863341,0,0,1.2813176872647392e-05,4.4634391156805588e-08,1.1696257017318435e-05
114800,0.11479999999999999,0.54780103097993915,9.9999999999999974e-07,0.00011436955486246282,2.7607927077831702,0.92625263312049388,0.10334023488489762,1.8345400746626763,2.7895493361153512,-0.028655114286500586,0,0,1.2813176872647392e-05,4.2332309641806811e-08,4.1426346331629505e-05
115000,0.11499999999999996,0.54875538817676817,9.9999999999999974e-07,8.1033144520081268e-05,2.7575882392340252,0.92263882787595453,0.099370265951565437,1.8349494113580707,2.7863473223473796,-0.028690902857514439,0,0,1.2813176872647392e-05,3.9711807628506037e-08,2.9385512806868452e-05
115200,0.11519999999999997,0.5497097453735974,9.9999999999999974e-07,0.00048693146417669515,2.757342787221289,0.92156729578815355,0.097686621642086205,1.8357754914331355,2.7863635948321477,-0.028547617706492941,0,0,1.2817358538099544e-05,9.2420127305042328e-07,0.00017659446131737582
115400,0.11539999999999997,0.55066410257042653,9.9999999999999974e-07,0.00069422840245177142,2.7701704359741557,0.92730538012341612,0.098630974592521889,1.8428650558507396,2.7993971993081521,-0.028546039945539614,0,0,1.2817358538099544e-05,6.876554568970515e-07,0.00025060855225235977
115600,0.11559999999999998,0.55161845976725576,9.9999999999999974e-07,0.00027851746172625363,2.7872656119707813,0.93502101660203241,0.097748909555652047,1.8522445953687487,2.816025616088774,-0.028494897553440861,0,0,1.2817358538099544e-05,5.9353863616431453e-07,9.9924980428873925e-05
115800,0.11579999999999999,0.55257281696408489,9.9999999999999974e-07,0.0011764264139900444,2.8066094265179697,0.94442739020052502,0.099179756325111626,1.8621820363174448,2.8364560058678547,-0.028684031181924356,0,0,1.2817358538099544e-05,1.0608874912242604e-06,0.00041916285282686528
116000,0.11599999999999996,0.55352717416091402,9.9999999999999974e-07,0.0019603951127814311,2.8258822042480212,0.95408295111890784,0.10534289720877035,1.8717992531291134,2.8570196612466923,-0.029190621211773325,0,0,1.2817358538099544e-05,7.4196734569242346e-07,0.00069372853186677687
116200,0.11619999999999997,0.55448153135774325,9.9999999999999974e-07,0.00031427612703174699,2.8476395604206899,0.96416125385384954,0.10945701326775725,1.8834783065668403,2.8775092230922086,-0.029570143341908602,0,0,1.4342215685329434e-05,4.1458173641150221e-07,0.00011036373121088333
116400,0.11639999999999998,0.55543588855457238,9.9999999999999974e-07,0.00063300459134988784,2.8687067315624137,0.97427684323477592,0.11002572860800691,1.8944298883276378,2.8991847253092069,-0.029859616685788244,0,0,1.4342215685329434e-05,2.8531465982347227e-07,0.00022065852336363708
116600,0.11659999999999998,0.55639024575140161,9.9999999999999974e-07,0.00030734405682827064,2.8902503059291695,0.98420423788947042,0.10990429158675756,1.9060460680396991,2.9206242092149717,-0.030081095288469847,0,0,1.4342215685329434e-05,1.9384381057431888e-07,0.00010633821444384015
116800,0.11679999999999996,0.55734460294823063,9.9999999999999974e-07,0.00047216467309916512,2.9101881772441698,0.99395457765641038,0.11117648671755727,1.9162335995877595,2.9409846743776202,-0.030338816370277039,0,0,1.4342215685329434e-05,1.4169424022130273e-07,0.0001622454096924708
117000,0.11699999999999997,0.55829896014505986,9.9999999999999974e-07,0.00013008534858227619,2.9292903813028492,1.0044843343674399,0.11421737416933428,1.9248060469354094,2.9599809041182832,-0.03057488974747757,0,0,1.4342215685329434e-05,1.1006494068764961e-07,4.4408485212865315e-05
117200,0.11719999999999997,0.55925331734188899,9.9999999999999974e-07,0.00023668012126436489,2.9469118084833719,1.0114037896772075,0.11022428949121051,1.9355080188061644,2.9778165421122327,-0.030682909746972787,0,0,1.4769266991778214e-05,8.697238451546948e-08,8.0314626512753464e-05
117400,0.11739999999999998,0.56020767453871823,9.9999999999999974e-07,0.00025375462054096559,2.9634052885828854,1.0195681644820449,0.10984304360742191,1.9438371241008405,2.9944217179427155,-0.030777522092801091,0,0,1.4769266991778214e-05,7.808652024885273e-08,8.5629401256252823e-05
117600,0.11759999999999998,0.56116203173554746,9.9999999999999974e-07,0.0001653212556920283,2.978737773834697,1.0286976488348336,0.11232991422170169,1.9500401249998633,3.0098123115170687,-0.030924052513067023,0,0,1.4769266991778214e-05,6.6819395702997629e-08,5.5500439529861983e-05
117800,0.11779999999999996,0.56211638893237648,9.9999999999999974e-07,0.00024619366304008282,2.9926954239781578,1.0354825946359867,0.11127587139847367,1.9572128293421711,3.0239323491637524,-0.031005577996094175,0,0,1.4769266991778214e-05,7.7206547792838941e-08,8.2264857648901751e-05
118000,0.11799999999999997,0.56307074612920571,9.9999999999999974e-07,5.9177389638658814e-05,3.0077336924385438,1.043583216434165,0.11194108239567878,1.9641504760043789,3.0389527114157735,-0.031174673156796159,0,0,1.4769266991778214e-05,6.2302213494850732e-08,1.9675076216830977e-05
118200,0.11819999999999997,0.56402510332603484,9.9999999999999974e-07,0.0002674288146481636,3.020825276920355,1.0507238820015354,0.11284610204606774,1.9701013949188195,3.052384129003388,-0.031306473853448744,0,0,1.499364090875941e-05,5.6944155240400249e-08,8.8528395432654628e-05
118400,0.11839999999999998,0.56497946052286407,9.9999999999999974e-07,0.00014662530630108031,3.0325453126868007,1.0581113070146899,0.11626763682573873,1.9744340056721108,3.0641120552003498,-0.031435155559345021,0,0,1.499364090875941e-05,4.4711188128897347e-08,4.8350573918109722e-05
118600,0.11859999999999998,0.5659338177196932,9.9999999999999974e-07,9.2123361069601734e-05,3.0424705650233546,1.0626315081790552,0.11548246793135761,1.9798390568442994,3.074088303640933,-0.031540644446371842,0,0,1.499364090875941e-05,3.5548954427998378e-08,3.0279129773238934e-05
118800,0.11879999999999996,0.56688817491652232,9.9999999999999974e-07,4.1500775183591788e-05,3.0508381654820917,1.0655059981992618,0.11217631535744377,1.9853321672828299,3.0824481765720484,-0.031583535957417787,0,0,1.499364090875941e-05,3.2001735881324986e-08,1.3603073297410994e-05
119000,0.11899999999999997,0.56784253211335145,9.9999999999999974e-07,0.00017260791124499211,3.0573444230576494,1.0706830620172259,0.11597810157550262,1.9866613610404236,3.0891473300144305,-0.031645318551415724,0,0,1.499364090875941e-05,2.5864970806054152e-08,5.6456809361493851e-05
119200,0.11919999999999997,0.56879688931018069,9.9999999999999974e-07,3.463988991255103e-05,3.0622967153345901,1.073742653801077,0.11761518238406148,1.9885540615335131,3.094016851225621,-0.031700647127850756,0,0,1.5128761487754939e-05,2.2365244638444004e-08,1.1311735319144682e-05
119400,0.11939999999999998,0.56975124650700981,9.9999999999999974e-07,5.9421175917800874e-05,3.0654093347097668,1.0738145827708747,0.11409377820481842,1.9915947519388921,3.0971951188886599,-0.031741510658332507,0,0,1.5128761487754939e-05,1.8893869596857993e-08,1.9384418010662474e-05
119600,0.11959999999999998,0.57070560370383905,9.9999999999999974e-07,0.0006479521033999785,3.0704392136407459,1.0744071483732707,0.11176433876743548,1.9960320652674752,3.102745898392969,-0.031674300218255728,0,0,1.5128761487754939e-05,4.3880794484440964e-07,0.00021102912590530496
119800,0.11979999999999996,0.57165996090066806,9.9999999999999974e-07,0.0001770718050365229,3.0812743442607218,1.0776283760016205,0.11092337603542303,2.003645968259101,3.1131595112787123,-0.031723508847205741,0,0,1.5128761487754939e-05,2.8487276395061576e-07,5.74670688984064e-05
120000,0.11999999999999997,0.5726143180974973,9.9999999999999974e-07,0.00010938730301526829,3.0926634948576424,1.0820626351252758,0.10918526769554596,2.0106008597323664,3.1244387790089032,-0.031681260021326318,0,0,1.5128761487754939e-05,2.3441159284093214e-07,3.5369933779460045e-05
120200,0.12019999999999997,0.57356867529432642,9.9999999999999932e-07,0.00017157745456345932,3.1040068741430318,1.0873149490953822,0.10833209533754216,2.0166919250476498,3.1358862008291348,-0.031723167803821943,0,0,1.5234115858164398e-05,1.8445642437261487e-07,5.5276119390305534e-05
120400,0.12039999999999997,0.57452303249115555,9.9999999999999932e-07,0.0001256296474407663,3.1151172295453029,1.0916438474707073,0.10578868578677798,2.0234733820745956,3.146920559687453,-0.031693074734199835,0,0,1.5234115858164398e-05,1.4012363214368549e-07,4.0329027186917065e-05
120600,0.12059999999999997,0.57547738968798468,9.9999999999999932e-07,0.00013881843210897726,3.1255608212181905,1.0967856958182545,0.10548335131550431,2.0287751253999362,3.1573872842113664,-0.031702997703138308,0,0,1.5234115858164398e-05,1.190262131582581e-07,4.4413927627513787e-05
120800,0.12079999999999996,0.5764317468848138,9.9999999999999932e-07,8.1598865946979813e-05,3.1345298222202653,1.1031156329351661,0.1095654840379391,2.0314141892850994,3.1663884312274511,-0.031792345937350572,0,0,1.5234115858164398e-05,1.016802535035116e-07,2.6032250632466886e-05
121000,0.12099999999999997,0.57738610408164304,9.9999999999999932e-07,0.00010309121704880773,3.1419284462714336,1.1066665370891666,0.10926686660163623,2.035261909182267,3.1738253429653382,-0.031809115440812739,0,0,1.5234115858164398e-05,7.5848098734088691e-08,3.2811446476811836e-05
121200,0.12119999999999997,0.57834046127847216,9.9999999999999974e-07,0.0001514607577468241,3.1478373405165279,1.10948378266685,0.1089245925321657,2.0383535578496779,3.1797874802338706,-0.031814013534791713,0,0,1.5273064824795272e-05,6.1510371045865771e-08,4.8115814561743187e-05
121400,0.12139999999999997,0.57929481847530129,9.9999999999999974e-07,0.00024603024359563168,3.1531040400174124,1.1118336576640544,0.10945195564704424,2.0412703823533578,3.1851739258869305,-0.031839386657820559,0,0,1.5273064824795272e-05,2.5796707349347737e-07,7.8027949751468718e-05
121600,0.12159999999999997,0.58024917567213052,9.9999999999999974e-07,0.00085272545555994646,3.1588188294613211,1.113388261554946,0.10904787478120935,2.0454305679063749,3.1915066186304757,-0.031850590850334697,0,0,1.5273064824795272e-05,2.5407191544320629e-07,0.00026995073209227491
121800,0.12179999999999996,0.58120353286895965,9.9999999999999974e-07,0.00039284747563355429,3.1693257996387296,1.1171223163912962,0.10838129844073785,2.0522034832474336,3.2015306930659153,-0.031828163991206408,0,0,1.5273064824795272e-05,8.4497482932051771e-07,0.00012395301097739298
122000,0.12199999999999997,0.58215789006578889,9.9999999999999974e-07,0.00092299047079642761,3.1926834433900151,1.1284333059170846,0.11050944946244985,2.0642501374729303,3.2255045185510238,-0.031913942354032249,0,0,1.5273064824795272e-05,5.8459899529496751e-07,0.00028909551703515884
122200,0.12219999999999998,0.58311224726261801,9.9999999999999974e-07,0.00077230836004291961,3.2181207158581793,1.1405628982343869,0.1143357042437058,2.0775578176237923,3.2512678625590068,-0.03239142961700358,0,0,1.6287445074886819e-05,3.0383114399757988e-07,0.00023998738028600255
122400,0.12239999999999997,0.58406660445944714,9.9999999999999974e-07,0.00043031136910378731,3.2424616468800589,1.1534968288705241,0.11930275373482283,2.0889648180095346,3.2757434923885169,-0.032867979262494761,0,0,1.6287445074886819e-05,1.5767806582990312e-07,0.00013271132120185256
122600,0.12259999999999997,0.58502096165627637,9.9999999999999974e-07,0.00046527458426324049,3.2652656072291091,1.1642118724325712,0.12014982424500958,2.1010537347965377,3.2988872815819144,-0.033172781345442097,0,0,1.6287445074886819e-05,9.4131824977206568e-08,0.00014249210944223021
122800,0.12279999999999996,0.5859753188531055,9.9999999999999974e-07,0.00013419539918196102,3.2868321641984211,1.1732966362781385,0.11879668324561479,2.1135355279202823,3.3203757289548994,-0.033425722990223651,0,0,1.6287445074886819e-05,6.6187852216470998e-08,4.082818728734451e-05
123000,0.12299999999999997,0.58692967604993473,9.9999999999999974e-07,0.00035518168406872,3.3061244005327279,1.183639531156371,0.12088774365635843,2.1224848693763567,3.34015683200206,-0.033693585253762641,0,0,1.6287445074886819e-05,4.8023424213073317e-08,0.00010743143361801156
123200,0.12319999999999996,0.58788403324676386,9.9999999999999974e-07,0.00026574195695360637,3.3237965971145238,1.1923599152844317,0.12324023029762113,2.1314366818300918,3.3579509355582018,-0.033905801751871426,0,0,1.7170194430597741e-05,3.5070716229667861e-08,7.99513295080403e-05
123400,0.12339999999999997,0.5888383904435931,9.9999999999999974e-07,6.6185237460609773e-05,3.3389455108688328,1.1984267740481143,0.12212443471746544,2.1405187368207184,3.3730015494377588,-0.034007090285152225,0,0,1.7170194430597741e-05,6.675925653533112e-08,1.9822197530677163e-05
123600,0.12359999999999997,0.58979274764042222,9.9999999999999974e-07,0.00019896691086077181,3.3516775033094852,1.2048666968045836,0.12257047678725604,2.1468108065049014,3.3859972805923624,-0.034138025276317874,0,0,1.7170194430597741e-05,4.4709870967951334e-08,5.9363381669122279e-05
123800,0.12379999999999997,0.59074710483725135,9.9999999999999974e-07,0.00017439971427279837,3.3625063074118513,1.2108565170511434,0.12597002540647581,2.1516497903607079,3.3968959986207414,-0.034232488959784889,0,0,1.7170194430597741e-05,2.7270736852002782e-08,5.1865988738333482e-05
124000,0.12399999999999997,0.59170146203408058,9.9999999999999974e-07,2.8325221853791486e-05,3.3711894710696235,1.2143929524566621,0.12580144963899742,2.1567965186129614,3.4054984561777877,-0.034297849260802017,0,0,1.7170194430597741e-05,1.9180061069889694e-08,8.4021447316648007e-06
124200,0.12419999999999996,0.5926558192309096,9.9999999999999974e-07,2.5578066367481905e-05,3.377616393736266,1.2165385909306663,0.12347131819037885,2.1610778028055995,3.4119595188752188,-0.034334781573078267,0,0,1.7217338986581404e-05,1.7161506521806534e-08,7.5728156740700357e-06
124400,0.12439999999999997,0.59361017642773883,9.9999999999999974e-07,7.0966169194426113e-05,3.3818058179610921,1.2195326558473578,0.12542375312338339,2.1622731621137343,3.4162234934162954,-0.034363939905736544,0,0,1.7217338986581404e-05,1.3280741159965413e-08,2.0984696642698421e-05
124600,0.12459999999999996,0.59456453362456796,9.9999999999999974e-07,2.5757850009915516e-05,3.3837739738428745,1.2204869358868013,0.12575683375534893,2.1632870379560734,3.4181748427118919,-0.034392339837304275,0,0,1.7217338986581404e-05,1.1479310107026351e-08,7.6121662407205397e-06
124800,0.12479999999999997,0.59551889082139708,9.9999999999999974e-07,3.2223016372653111e-05,3.3834297139079195,1.2193961797783317,0.12392289212009351,2.1640335341295875,3.4178884927669735,-0.034443783338405101,0,0,1.7217338986581404e-05,1.0156737014316129e-08,9.5237729455993256e-06
125000,0.12499999999999997,0.59647324801822632,9.9999999999999974e-07,4.894693187643946e-05,3.3809377862107737,1.2167975286682562,0.12122184408219537,2.1641402575425177,3.4154579707026227,-0.034488465652411385,0,0,1.7217338986581404e-05,1.0753452302608544e-08,1.4477324035973261e-05
125200,0.12519999999999998,0.59742760521505556,9.9999999999999974e-07,8.5946627981928943e-05,3.377465477347056,1.2125828432074446,0.11616233654791774,2.1648826341396115,3.4120741706459738,-0.034540033887657258,0,0,1.7224093633667395e-05,6.3123087901625783e-08,2.5447078159164076e-05
125400,0.12539999999999996,0.59838196241188457,9.9999999999999974e-07,0.00018517231891127548,3.3742817796601821,1.2076702789334011,0.10924229885041634,2.166611500726781,3.4090494581974538,-0.0345997897546041,0,0,1.7224093633667395e-05,5.9442609979196024e-08,5.4877550543488947e-05
125600,0.12559999999999996,0.5993363196087137,9.9999999999999974e-07,0.0011778064109888497,3.3835848990112969,1.2097519716921952,0.1050095104139299,2.1738329273191015,3.4189119028787345,-0.034167653211810763,0,0,1.7224093633667395e-05,1.2316617283630287e-06,0.00034809423914056701
125800,0.12579999999999997,0.60029067680554293,9.9999999999999974e-07,0.0002596680760819617,3.4055082504265166,1.2208659720552189,0.10641239747347304,2.1846422783712978,3.43993104103546,-0.034181227409814371,0,0,1.7224093633667395e-05,8.8078331912566353e-07,7.624943385453259e-05
126000,0.12599999999999997,0.60124503400237217,9.9999999999999974e-07,0.00054547305982402788,3.4313446070677931,1.233219622213158,0.10442103054156594,2.1981249848546351,3.466129153247095,-0.034257320909399487,0,0,1.7224093633667395e-05,1.0236962878833993e-06,0.00015896772906471616
126200,0.12619999999999998,0.60219939119920129,9.9999999999999974e-07,0.00086775788332713467,3.4583719079969457,1.2499459995896318,0.11080784440755843,2.2084259084073139,3.4939699670439697,-0.03474906529334261,0,0,1.8046050266274368e-05,7.1807937953805376e-07,0.00025091514342936338
126400,0.12639999999999996,0.60315374839603042,9.9999999999999974e-07,0.00089803201594726857,3.4840592727784832,1.2647833716683046,0.11595561939057127,2.2192759011101786,3.5202435171459534,-0.0353047027111838,0,0,1.8046050266274368e-05,4.4430939434237168e-07,0.00025775451725627558
126600,0.12659999999999996,0.60410810559285955,9.9999999999999974e-07,0.00038605208220322243,3.5089741620571586,1.2786418662484642,0.11875429688461661,2.2303322958086946,3.5450397457249943,-0.035697894920669028,0,0,1.8046050266274368e-05,3.172847703356054e-07,0.00011001850238101979
126800,0.12679999999999997,0.60506246278968878,9.9999999999999974e-07,0.00032166173890467621,3.5318180929597585,1.2901610719583629,0.11846678351790318,2.2416570210013953,3.5680977726318681,-0.035976357229040502,0,0,1.8046050266274368e-05,2.9324556915039454e-07,9.1075398120268148e-05
127000,0.12699999999999997,0.60601681998651791,9.9999999999999974e-07,0.00031153305307281059,3.553144739558125,1.2993419233891625,0.1141929235853463,2.2538028161689625,3.5896124554084645,-0.036174444645135466,0,0,1.8046050266274368e-05,2.1579760245777144e-07,8.767812062492938e-05
127200,0.12719999999999998,0.60697117718334714,9.9999999999999974e-07,0.00019267772813176019,3.5735681748727237,1.3110938222931932,0.11546428325461958,2.2624743525795306,3.6101565199636818,-0.036414457771208768,0,0,1.8609016523176057e-05,1.8139185908020542e-07,5.3917462520110623e-05
127400,0.12739999999999996,0.60792553438017616,9.9999999999999974e-07,0.00023076266621777452,3.5924964867986273,1.3221511943752935,0.11701719363884416,2.2703452924233338,3.6293467765069214,-0.036638282151963068,0,0,1.8609016523176057e-05,1.4609336373131546e-07,6.4234625438259921e-05
127600,0.12759999999999996,0.60887989157700539,9.9999999999999974e-07,0.00011803930915447196,3.6100980457514598,1.3306312594193526,0.11426084147642637,2.2794667863321072,3.6469983646035287,-0.036801020660448283,0,0,1.8609016523176057e-05,1.3210101086467244e-07,3.2696981538600147e-05
127800,0.12779999999999997,0.60983424877383463,9.9999999999999974e-07,0.0002792903564266116,3.6256874949842293,1.3407135375796928,0.11773440130297325,2.2849739574045365,3.6630035673510739,-0.037055495938745832,0,0,1.8609016523176057e-05,1.0491180483222055e-07,7.7031006343757281e-05
128000,0.12799999999999997,0.61078860597066376,9.9999999999999974e-07,9.9943220892871325e-05,3.6398042944865665,1.3492790991705768,0.1205544031222195,2.2905251953159897,3.6770947108424976,-0.037209164296882022,0,0,1.8609016523176057e-05,8.2145320752325871e-08,2.7458405124764926e-05
128200,0.12819999999999998,0.61174296316749299,9.9999999999999974e-07,0.00014592723718906278,3.6519863487194901,1.3552843112816231,0.11886838362989621,2.2967020374378668,3.6894442185426568,-0.037330764345124279,0,0,1.874950323819659e-05,7.2255908495561568e-08,3.9958319460922904e-05
128400,0.12839999999999996,0.61269732036432201,9.9999999999999974e-07,9.206925575416767e-05,3.6625387710291757,1.3605637307654146,0.11758370143628877,2.3019750402637609,3.7000438236307738,-0.037431791194716665,0,0,1.874950323819659e-05,5.8345634382434616e-08,2.5138097235294563e-05
128600,0.12859999999999996,0.61365167756115124,9.9999999999999974e-07,0.00018922744088519999,3.6714105996808271,1.3667613079488523,0.12062209262336016,2.304649291731975,3.7090979461428164,-0.037516933082463871,0,0,1.874950323819659e-05,6.4558121337860482e-08,5.154080039471761e-05
128800,0.12879999999999997,0.61460603475798037,9.9999999999999974e-07,8.0343593699954799e-05,3.679007066675775,1.3711146365279789,0.12141886625363958,2.3078924301477963,3.7166599798933544,-0.037591369404996335,0,0,1.874950323819659e-05,5.027787857873672e-08,2.1838390697235198e-05
129000,0.12899999999999998,0.6155603919548096,9.9999999999999974e-07,9.224205642538192e-05,3.6846633565464204,1.3735601773347037,0.11969058117691089,2.3111031792117167,3.7224066722901323,-0.037669869248429057,0,0,1.874950323819659e-05,4.6057904486346887e-08,2.5034052639164032e-05
129200,0.12919999999999995,0.61651474915163862,9.9999999999999974e-07,7.3812503398141223e-05,3.6885642590617893,1.3753352060904973,0.11887764773650228,2.313229052971292,3.7263420704473309,-0.037722812695569569,0,0,1.8771672720426887e-05,4.2140705878061189e-08,2.0011174596404055e-05
129400,0.12939999999999996,0.61746910634846786,9.9999999999999974e-07,6.4919992365076038e-05,3.6906735321792019,1.3769302528352665,0.11992184391948932,2.3137432793439352,3.7284631157046189,-0.037743475291007057,0,0,1.8771672720426887e-05,4.0085234702850423e-08,1.7590283128278556e-05
129600,0.12959999999999997,0.61842346354529709,9.9999999999999974e-07,8.4567380621032121e-05,3.6908379105327676,1.3769086400240593,0.11979016495055343,2.3139292705087082,3.7286967439074341,-0.037793075830129343,0,0,1.8771672720426887e-05,3.8163363263080905e-08,2.291278638373608e-05
129800,0.12979999999999997,0.61937782074212622,9.9999999999999974e-07,0.00021333740566197484,3.6903489153633484,1.3749306779606143,0.11647396103739975,2.3154182374027341,3.728312165459176,-0.037769089313096055,0,0,1.8771672720426887e-05,4.0495021015098188e-07,5.7809548786518969e-05
130000,0.12999999999999998,0.62033217793895545,9.9999999999999974e-07,0.00050045424875031668,3.6962857577628991,1.3752671857630268,0.11362710171247344,2.3210185719998724,3.7344184167407457,-0.037651545953524254,0,0,1.8771672720426887e-05,5.6955170759699715e-07,0.00013539382005281061
130200,0.13019999999999995,0.62128653513578447,9.9999999999999974e-07,0.00064454962211257154,3.7137755000253025,1.382887489540426,0.11352914865278313,2.3308880104848768,3.7518097123631349,-0.037409106933527871,0,0,1.8965738839445668e-05,4.7847896867350099e-07,0.00017355643121351306
130400,0.13039999999999996,0.6222408923326137,9.9999999999999974e-07,0.00034434503008431137,3.7346206159356692,1.3947836604937975,0.11788404931594913,2.3398369554418714,3.772527687111304,-0.037581969385699646,0,0,1.8965738839445668e-05,2.7750130952660618e-07,9.2203483431486233e-05
130600,0.13059999999999997,0.62319524952944283,9.9999999999999974e-07,0.00019916733577006923,3.75613031934689,1.4073515247261181,0.1210200961772562,2.3487787946207721,3.7940155181909723,-0.037705205889795236,0,0,1.8965738839445668e-05,2.0864264350053358e-07,5.3024607464817712e-05
130800,0.13079999999999997,0.62414960672627207,9.9999999999999974e-07,0.00025191982101275341,3.7770277276289628,1.418049705396649,0.12066432712065552,2.3589780222323138,3.8149898955248585,-0.03772935143854423,0,0,1.8965738839445668e-05,1.3762482179382435e-07,6.6697900883798023e-05
131000,0.13099999999999998,0.62510396392310119,9.9999999999999974e-07,0.0002132196144647358,3.7969898514223837,1.4282230373744076,0.120277110792499,2.3687668140479761,3.8350223116107842,-0.037838298320626976,0,0,1.8965738839445668e-05,9.2007851821584611e-08,5.6154907652666485e-05
131200,0.13119999999999996,0.62605832111993032,9.9999999999999974e-07,0.00016936898577460087,3.8159139957133914,1.4386585138437833,0.12014334420808358,2.3772554818696081,3.8540116017488879,-0.037947624183122683,0,0,1.9301460149502107e-05,8.567325114524279e-08,4.4384906464050706e-05
131400,0.13139999999999996,0.62701267831675944,9.9999999999999974e-07,0.00021440308580525749,3.8337235258980726,1.4479675297333736,0.11866215432939781,2.3857559961646988,3.8718527351983525,-0.037934185281353519,0,0,1.9301460149502107e-05,7.7606729500153537e-08,5.5925547149368907e-05
131600,0.13159999999999997,0.62796703551358868,9.9999999999999974e-07,0.00060380565807328446,3.8521851139173706,1.4570122042024218,0.11687183848548249,2.3951729097149488,3.8907335769221927,-0.037964725446143412,0,0,1.9301460149502107e-05,7.6663924534250069e-07,0.00015674367669711006
131800,0.13179999999999997,0.62892139271041791,9.9999999999999974e-07,0.0015327218886648688,3.8742137609078324,1.469575648512951,0.12373657446104354,2.4046381123948812,3.9141892563476985,-0.038462517010484185,0,0,1.9301460149502107e-05,4.41999133501033e-07,0.00039562140430416282
132000,0.13199999999999998,0.62987574990724704,9.9999999999999974e-07,0.00040489055888308053,3.8984098983091173,1.4799916194608536,0.12757406811814395,2.4184182788482635,3.9377419660513562,-0.038946736627349786,0,0,1.9301460149502107e-05,2.5798384458477138e-07,0.0001038604378309978
132200,0.13219999999999996,0.63083010710407617,9.9999999999999974e-07,0.00023370456097818738,3.9207210619394961,1.4911950531744964,0.12718252861167501,2.4295260087649995,3.9601905093255785,-0.039256204231812003,0,0,2.0301279517553713e-05,1.6012719022424955e-07,5.9607545980988197e-05
132400,0.13239999999999996,0.63178446430090529,9.9999999999999974e-07,0.00019088177164435587,3.9412777629576636,1.5018560008216357,0.12721814629018824,2.4394217621360279,3.980987844643336,-0.039539614569215224,0,0,2.0301279517553713e-05,1.1337566981230225e-07,4.8431443588769535e-05
132600,0.13259999999999997,0.63273882149773453,9.9999999999999974e-07,0.00025841122723393913,3.9595340353557154,1.5116421169556995,0.12940809349347576,2.4478919184000159,3.9995071821282915,-0.039735103544803418,0,0,2.0301279517553713e-05,6.6719943869933922e-08,6.5263039773498014e-05
132800,0.13279999999999997,0.63369317869456365,9.9999999999999974e-07,0.0001388166588461118,3.9757540366587181,1.520224322799385,0.13123644945718516,2.4555297138593328,4.0157731677727577,-0.039900662758467584,0,0,2.0301279517553713e-05,4.7023756452783076e-08,3.4915806552956517e-05
133000,0.13299999999999995,0.63464753589139278,9.9999999999999974e-07,0.00010126591853997046,3.989489010093338,1.526699240992198,0.13063818565642277,2.46278976910114,4.0295974862773791,-0.040027544947836037,0,0,2.0301279517553713e-05,3.3402817346997975e-08,2.5383180222772752e-05
133200,0.13319999999999996,0.6356018930882219,9.9999999999999974e-07,8.3595532674221154e-05,4.0009448351833212,1.531857131755066,0.12917037489328359,2.4690877034282552,4.0410985550347762,-0.040090672515863388,0,0,2.0521381193499101e-05,2.6815888791063906e-08,2.0893947834297209e-05
133400,0.13339999999999996,0.63655625028505114,9.9999999999999974e-07,0.00012415914517766063,4.0099979425710428,1.5374395980266924,0.1317524598659025,2.4725583445443506,4.050263743392069,-0.040162183993490363,0,0,2.0521381193499101e-05,2.0936448203899631e-08,3.096239622957387e-05
133600,0.13359999999999997,0.63751060748188026,9.9999999999999974e-07,4.2818371326230624e-05,4.0157341508821949,1.539406691068373,0.13103755899406591,2.4763274598138221,4.0559665506926903,-0.040210164304249563,0,0,2.0521381193499101e-05,6.1483886555256732e-08,1.0662650892072646e-05
133800,0.13379999999999997,0.6384649646787095,9.9999999999999974e-07,5.0519575317232075e-05,4.0191010648061729,1.5397063945324025,0.12721024049312976,2.4793946702737704,4.0593905374468875,-0.040259526661393881,0,0,2.0521381193499101e-05,5.2214802672877273e-08,1.2569869357009676e-05
134000,0.13399999999999995,0.63941932187553852,9.9999999999999974e-07,3.4240211444758855e-05,4.0206451627840583,1.5398384399966005,0.12537691000502682,2.4808067227874577,4.0609551028822164,-0.040296268250827626,0,0,2.0521381193499101e-05,4.698292081457424e-08,8.5160987996885413e-06
134200,0.13419999999999996,0.64037367907236775,9.9999999999999974e-07,0.00013988445615848772,4.0203985190548623,1.5380048638516686,0.12129188140750098,2.482393655203194,4.060875916856757,-0.040358087058614656,0,0,2.0533356042338774e-05,4.0356836551985308e-08,3.4793679157799644e-05
134400,0.13439999999999996,0.64132803626919688,9.9999999999999974e-07,0.00029515936090089643,4.0196406477744659,1.5350137162803486,0.11533131441241715,2.4846269314941174,4.0602286957968987,-0.040314578353794039,0,0,2.0533356042338774e-05,1.1563362197891387e-06,7.3429290517378916e-05
134600,0.13459999999999997,0.64228239346602611,9.9999999999999974e-07,0.0009982905253457402,4.0350598642205515,1.541868659062761,0.11356399396562805,2.4931912051577907,4.0760065359935167,-0.039969796137092027,0,0,2.0533356042338774e-05,8.8153343056365753e-07,0.00024740414242616917
134800,0.13479999999999998,0.64323675066285535,9.9999999999999974e-07,0.00021175544593678134,4.060075036298266,1.5543612667965745,0.11226828441804251,2.5057137695016918,4.1001267877530214,-0.039861167841498749,0,0,2.0533356042338774e-05,6.384766381417324e-07,5.2155549846646998e-05
135000,0.13499999999999995,0.64419110785968436,9.9999999999999974e-07,0.00034515564330565374,4.0878774973394707,1.5679983600635103,0.107627499270381,2.5198791372759604,4.127929721678294,-0.039728109234396444,0,0,2.0533356042338774e-05,5.0718283644998708e-07,8.4433949777187002e-05
135200,0.13519999999999996,0.64514546505651349,9.9999999999999974e-07,0.00056945168482658781,4.1171317886893872,1.5850626505152179,0.108806607700212,2.5320691381741693,4.1576665509657289,-0.039986935079674726,0,0,2.1137762180545166e-05,4.8672597942348031e-07,0.00013831271721517134
135400,0.13539999999999996,0.64609982225334273,9.9999999999999974e-07,0.00060432460147576454,4.1450311370907311,1.6036555619359332,0.1158423708376974,2.541375575154798,4.1861308091657543,-0.040516846595070932,0,0,2.1137762180545166e-05,3.6135934272665829e-07,0.00014579494857544574
135600,0.13559999999999997,0.64705417945017196,9.9999999999999974e-07,0.00014105034069020165,4.1719056484023893,1.6200274840903683,0.118575958944397,2.5518781643120212,4.2130296452487741,-0.041004364311680058,0,0,2.1137762180545166e-05,2.8004380472915216e-07,3.3809571111517393e-05
135800,0.13579999999999998,0.64800853664700109,9.9999999999999974e-07,0.00040187174106073392,4.1968567182716026,1.6337611862352326,0.11728098495807127,2.5630955320363702,4.2385730449512664,-0.04133579972000416,0,0,2.1137762180545166e-05,2.0701922053015256e-07,9.5755411260796462e-05
136000,0.13599999999999995,0.64896289384383021,9.9999999999999974e-07,0.00039291406683060302,4.2204931418816889,1.6470292861056517,0.11723960306321884,2.573463855776037,4.26252864243631,-0.041663881998312099,0,0,2.1137762180545166e-05,1.5774834126472417e-07,9.3096719653813718e-05
136200,0.13619999999999996,0.64991725104065934,9.9999999999999974e-07,0.0003105859274853948,4.2424146619281338,1.661647665378098,0.12264335894676137,2.5807669965500359,4.2847950280767231,-0.042091810094432934,0,0,2.1896247238579888e-05,1.3362609005154478e-07,7.3209705376663177e-05
136400,0.13639999999999997,0.65087160823748857,9.9999999999999974e-07,0.00023945960114124426,4.2624193398914523,1.6723443076713504,0.12303959410211711,2.5900750322201018,4.3050209454596597,-0.0423841409623298,0,0,2.1896247238579888e-05,9.8748024553310865e-08,5.6179268637454707e-05
136600,0.13659999999999997,0.6518259654343177,9.9999999999999974e-07,0.00018047238069822673,4.2807990750134577,1.6815683039007072,0.11956404644168875,2.5992307711127505,4.3235003281382474,-0.042542761100130042,0,0,2.1896247238579888e-05,8.410880019279774e-08,4.2158573092491938e-05
136800,0.13679999999999998,0.65278032263114694,9.9999999999999974e-07,0.0002560260655336509,4.2967669008364773,1.6915677179768966,0.12151715771764619,2.6051991828595806,4.3397852072545096,-0.042784259856953832,0,0,2.1896247238579888e-05,8.3257216958313097e-08,5.9585747014530569e-05
137000,0.13699999999999996,0.65373467982797595,9.9999999999999974e-07,9.8288713745188418e-05,4.3109088805761591,1.7006969330329991,0.12519459853456427,2.61021194754316,4.3539343086061795,-0.042949098158712229,0,0,2.1896247238579888e-05,6.2595198084683591e-08,2.2799997974453127e-05
137200,0.13719999999999996,0.65468903702480519,9.9999999999999974e-07,0.00016866159671183916,4.3229309887432388,1.7066084937355066,0.12285299682106246,2.616322495007732,4.3661432608877435,-0.043065740330045371,0,0,2.2072676758597477e-05,5.7105494063679592e-08,3.9015565400194469e-05
137400,0.13739999999999997,0.65564339422163431,9.9999999999999974e-07,6.8127230025736218e-05,4.3332408808615748,1.7119440008464668,0.1211059274090714,2.621296880015108,4.3764810484858554,-0.043194162939388117,0,0,2.2072676758597477e-05,4.9868374257465816e-08,1.5722003899351778e-05
137600,0.13759999999999997,0.65659775141846355,9.9999999999999974e-07,0.00011680352711310928,4.3415114656485114,1.718006678098235,0.12436937367494807,2.6235047875502762,4.3848924004145031,-0.043286245018242353,0,0,2.2072676758597477e-05,4.1102605577102543e-08,2.6903885441118327e-05
137800,0.13779999999999998,0.65755210861529267,9.9999999999999974e-07,0.00010011571753143616,4.3478999220875805,1.721800429769732,0.12476576092825038,2.6260994923178487,4.3913240616902458,-0.043346128679361169,0,0,2.2072676758597477e-05,3.2117468560742931e-08,2.3026223999048964e-05
138000,0.13799999999999996,0.6585064658121218,9.9999999999999974e-07,0.00045877027235393769,4.353637179802651,1.7234470588781401,0.12123680817874102,2.6301901209245111,4.3973980414094607,-0.043324878254393052,0,0,2.2072676758597477e-05,7.1424317828300176e-07,0.00010537632177579244
138200,0.13819999999999996,0.65946082300895092,9.9999999999999974e-07,0.0011444184300831856,4.3686304597649315,1.7289525180955609,0.11986641224096004,2.6396779416693708,4.4129536734815442,-0.043201715672824256,0,0,2.2446431740017382e-05,4.7395455500208586e-07,0.00026196274567585301
138400,0.13839999999999997,0.66041518020578016,9.9999999999999974e-07,0.00019861632498099533,4.3923234508870364,1.7413029293379889,0.12032327534074851,2.6510205215490474,4.4356465113035162,-0.04314722494044132,0,0,2.2446431740017382e-05,3.3441720289860546e-07,4.5218966044243501e-05
138600,0.13859999999999997,0.66136953740260929,9.9999999999999974e-07,0.00061992646204732664,4.4178915782948822,1.7540853844148225,0.11557066620004039,2.6638061938800597,4.4614511666073735,-0.04296238548221086,0,0,2.2446431740017382e-05,2.7720002655450118e-07,0.00014032179175537662
138800,0.13879999999999998,0.66232389459943852,9.9999999999999974e-07,0.00024765537020199319,4.4455727290141169,1.7692033439787036,0.11309649239732356,2.6763693850354136,4.4886346969966393,-0.042836995969439261,0,0,2.2446431740017382e-05,2.3692537841717279e-07,5.5708315957956463e-05
139000,0.13899999999999996,0.66327825179626754,9.9999999999999974e-07,0.00045687370396323959,4.4723310880845348,1.7862140239192381,0.11655877148247679,2.6861170641652965,4.5158165807218724,-0.043051270661458176,0,0,2.2446431740017382e-05,2.0529634376191666e-07,0.00010215560855511597
139200,0.13919999999999996,0.66423260899309677,9.9999999999999974e-07,0.00033800058087040817,4.4979049622593514,1.8036346592530899,0.12234293475133788,2.6942703030062614,4.5416260603435736,-0.043406567454562742,0,0,2.3306389295859472e-05,1.635619153179817e-07,7.5146225566452712e-05
139400,0.13939999999999997,0.6651869661899259,9.9999999999999974e-07,0.00030850400445840335,4.5219796146447928,1.8174229070192396,0.12124735163683546,2.704556707625553,4.5658122266182204,-0.043547544826416727,0,0,2.3306389295859472e-05,1.3046815142899005e-07,6.8223218755628277e-05
139600,0.13959999999999997,0.66614132338675514,9.9999999999999974e-07,0.00020108139822217283,4.5446870789125384,1.8296992280462396,0.11883093614532836,2.714987850866299,4.5885278299753356,-0.043663098378107695,0,0,2.3306389295859472e-05,1.2232423672666016e-07,4.4245378115293247e-05
139800,0.13979999999999995,0.66709568058358415,9.9999999999999974e-07,0.00039062374964308138,4.5681602737800162,1.8465950685118535,0.12641074118932338,2.7215652052681625,4.6126191654981792,-0.044091690426661383,0,0,2.3306389295859472e-05,1.1606884593103151e-07,8.5510079820350063e-05
140000,0.13999999999999996,0.66805003778041339,9.9999999999999974e-07,0.00022973043321058585,4.5919141932846257,1.8600693318188162,0.12665633071517007,2.7318448614658095,4.6365474267376898,-0.044426892580512911,0,0,2.3306389295859472e-05,8.3171363755145004e-08,5.0029339299621844e-05
140200,0.14019999999999996,0.66900439497724262,9.9999999999999974e-07,0.00011866721548397759,4.6140573851852942,1.8717584018609037,0.1229451942333598,2.7422989833243907,4.6587945646634301,-0.044642330334509393,0,0,2.3740648391960077e-05,7.7423465755983877e-08,2.5718625837856172e-05
140400,0.14039999999999997,0.66995875217407175,9.9999999999999974e-07,0.00020368402656736895,4.6340698946159717,1.8850995441532239,0.12643093574733058,2.7489703504627476,4.6791845494409356,-0.044934779824289131,0,0,2.3740648391960077e-05,6.8377501049517197e-08,4.3953593968018552e-05
140600,0.14059999999999997,0.67091310937090098,9.9999999999999974e-07,0.00031263810433455988,4.6526333406940825,1.8964658077260252,0.1286565639950229,2.7561675329680573,4.6980874735974902,-0.045165562876838726,0,0,2.3740648391960077e-05,3.2742937384275391e-07,6.7195947206946758e-05
140800,0.14079999999999995,0.67186746656773,9.9999999999999974e-07,0.00085802682402839501,4.6721003120390732,1.9058997698203901,0.13113139312717617,2.7662005422186828,4.7183829741607788,-0.045448551239942049,0,0,2.3740648391960077e-05,1.7529387282630567e-07,0.00018364905860805911
141000,0.14099999999999996,0.67282182376455923,9.9999999999999974e-07,0.00025941926436654275,4.6913252848161511,1.9145833709298534,0.13412364765057069,2.7767419138862977,4.7372888031752103,-0.045728000745954608,0,0,2.3740648391960077e-05,1.6100286956358264e-07,5.5297650155740412e-05
141200,0.14119999999999996,0.67377618096138847,9.9999999999999974e-07,0.00012435889527471984,4.7064843727787933,1.9221097985250053,0.13326478643505554,2.7843745742537882,4.752510776947795,-0.045926316767434236,0,0,2.4175284869078852e-05,9.6208838280185905e-08,2.6422884986930512e-05
141400,0.14139999999999997,0.6747305381582176,9.9999999999999974e-07,0.00024761423254895308,4.7191927689489672,1.9293324098790512,0.13361667238905348,2.789860359069916,4.7654789729364229,-0.04606283109546034,0,0,2.4175284869078852e-05,6.605568477139191e-08,5.2469616028018359e-05
141600,0.14159999999999995,0.67568489535504672,9.9999999999999974e-07,8.2750386262021858e-05,4.7296571115943662,1.9350062808343813,0.13346567407739054,2.7946508307599851,4.7759134089783792,-0.046197774078734384,0,0,2.4175284869078852e-05,5.1796114635603531e-08,1.7496064579219935e-05
141800,0.14179999999999995,0.67663925255187585,9.9999999999999974e-07,9.0278430471606771e-05,4.7375618346963373,1.9397337463259394,0.13386663166476498,2.7978280883703981,4.7839040106069266,-0.046276115360676849,0,0,2.4175284869078852e-05,4.2595690171652557e-08,1.9055884360271012e-05
142000,0.14199999999999996,0.67759360974870508,9.9999999999999974e-07,6.4565342005409862e-05,4.742981825480844,1.9427983855990527,0.13471424319949515,2.8001834398817911,4.789370012589611,-0.046347831376541311,0,0,2.4175284869078852e-05,3.4324910485526673e-08,1.3612816658614166e-05
142200,0.14219999999999997,0.67854796694553432,9.9999999999999974e-07,6.809140916995704e-05,4.7459013745710985,1.9430496361266285,0.13102121345532539,2.80285173844447,4.7923694620665671,-0.046424222404387462,0,0,2.4195885300010236e-05,3.043278859602203e-08,1.4347413440741942e-05
142400,0.14239999999999997,0.67950232414236345,9.9999999999999974e-07,4.7005777551364991e-05,4.7464734749575399,1.9429737083999643,0.12995517806267606,2.8034997665575756,4.7929874182361774,-0.046491162516935094,0,0,2.4195885300010236e-05,2.913054887024644e-08,9.9033056435199994e-06
142600,0.14259999999999995,0.68045668133919257,9.9999999999999974e-07,0.00040581310363574651,4.7464141950122043,1.9412046270375101,0.12553217165983357,2.8052095679746945,4.7932595193024765,-0.046465623434885528,0,0,2.4195885300010236e-05,1.9163629490447675e-06,8.5498881252756546e-05
142800,0.14279999999999995,0.6814110385360217,9.9999999999999974e-07,0.0013900045374716124,4.7641943821812944,1.949029560302433,0.12207044631533334,2.8151648218788612,4.8116942258763347,-0.046135300564234018,0,0,2.4195885300010236e-05,1.2655213652858799e-06,0.00029176066842914928
143000,0.14299999999999996,0.68236539573285093,9.9999999999999974e-07,0.00026704356744247442,4.7913643937237476,1.9628164204137353,0.12161725074185804,2.8285479733100125,4.8377998080838598,-0.046193415095460939,0,0,2.4195885300010236e-05,8.4841749081874027e-07,5.5734347358818553e-05
143200,0.14319999999999997,0.68331975292968006,9.9999999999999974e-07,0.00040351162240639607,4.8206924271234071,1.9777447448938732,0.11575361556530905,2.8429476822295339,4.8672015466624448,-0.046131056218782766,0,0,2.4736754395069452e-05,7.1154775615555834e-07,8.3704079550077961e-05
143400,0.14339999999999997,0.68427411012650929,9.9999999999999974e-07,0.00065445498190649389,4.8510708013968857,1.9953520451405431,0.11450555928449976,2.8557187562563424,4.897957231114094,-0.046257271393588616,0,0,2.4736754395069452e-05,5.5990389160675782e-07,0.00013490938572119807
143600,0.14359999999999995,0.68522846732333831,9.9999999999999974e-07,0.00044246129170703792,4.8813963974778183,2.0145992355461999,0.11770721344849407,2.8667971619316184,4.9284159087747739,-0.046602230275550487,0,0,2.4736754395069452e-05,4.4351590649604702e-07,9.0642360439249401e-05
143800,0.14379999999999996,0.68618282452016754,9.9999999999999974e-07,0.00023542940290727257,4.9088892290983788,2.0312321655312231,0.11820142114082445,2.8776570635671557,4.9560436740502434,-0.046944151969286099,0,0,2.4736754395069452e-05,3.9966593341983161e-07,4.7959811664056258e-05
144000,0.14399999999999996,0.68713718171699667,9.9999999999999974e-07,0.00028528728628483249,4.9327201489324759,2.0470901568032689,0.12270786058247823,2.885629992129207,4.9803452801880388,-0.047364911520859275,0,0,2.4736754395069452e-05,3.3079718572215036e-07,5.7835692614058694e-05
144200,0.14419999999999997,0.68809153891382591,9.9999999999999974e-07,0.00030421035918422074,4.9548722758747514,2.0590782424944281,0.12012530247300193,2.8957940333803234,5.00277325136953,-0.047622560009679911,0,0,2.5527737703622091e-05,2.6713638187892723e-07,6.1396206046605782e-05
144400,0.14439999999999997,0.68904589611065514,9.9999999999999974e-07,0.00037918641717414039,4.9752603021490982,2.0720563457256942,0.12194481554039638,2.903203956423404,5.0235310419611361,-0.047917297550077828,0,0,2.5527737703622091e-05,2.164175101445152e-07,7.6214387619145913e-05
144600,0.14459999999999995,0.69000025330748416,9.9999999999999974e-07,0.00010283936743771457,4.9938609171142589,2.0843968077682535,0.12612386572102177,2.9094641093460054,5.0421381512637087,-0.048200087672330111,0,0,2.5527737703622091e-05,1.651526145797864e-07,2.0593158108444296e-05
144800,0.14479999999999996,0.69095461050431339,9.9999999999999974e-07,0.00014398236095615566,5.010315302160973,2.092944687470947,0.12256941598515725,2.917370614690026,5.0587673506956161,-0.048333735532029326,0,0,2.5527737703622091e-05,1.4162063915596805e-07,2.8737185640603373e-05
145000,0.14499999999999996,0.69190896770114252,9.9999999999999974e-07,0.00024483011536833031,5.0248227262153282,2.1022186730650412,0.1238428189603621,2.922604053150287,5.0735545538496281,-0.048512637908126523,0,0,2.5527737703622091e-05,1.1265149097151354e-07,4.872412992621834e-05
145200,0.14519999999999997,0.69286332489797176,9.9999999999999974e-07,0.00069417972464619359,5.0401608661223722,2.1114495226605516,0.12625936958305645,2.9287113434618206,5.0893577808333186,-0.048529276807820362,0,0,2.5851686590865132e-05,6.9013492918622394e-07,0.00013772967631095831
145400,0.14539999999999997,0.69381768209480088,9.9999999999999974e-07,0.0010349718599092623,5.0656657997796577,2.1257674096817718,0.12981034775615799,2.9398983900978859,5.1153112876242561,-0.048636757037516486,0,0,2.5851686590865132e-05,3.8936623682477118e-07,0.00020431112134445991
145600,0.14559999999999995,0.69477203929163001,9.9999999999999974e-07,0.00027242625481183562,5.0968243498602313,2.1428937626182987,0.13129186356440883,2.9539305872419326,5.1459159978503433,-0.048845303392393138,0,0,2.5851686590865132e-05,2.2997050198446484e-07,5.3450194888373246e-05
145800,0.14579999999999996,0.69572639648845913,9.9999999999999974e-07,0.00022415003466867407,5.1286967652600275,2.1598069159344391,0.12642700715524283,2.9688898493255884,5.1778519047152232,-0.048957039770701906,0,0,2.5851686590865132e-05,1.9866358383628752e-07,4.3705066789478939e-05
146000,0.14599999999999996,0.69668075368528837,9.9999999999999974e-07,0.00048212669232226883,5.1603162737646793,2.1788209875932552,0.12667710651188202,2.9814952861714241,5.2098957458591677,-0.04912333957937523,0,0,2.5851686590865132e-05,1.4249061821701531e-07,9.3429678869379849e-05
146200,0.14619999999999997,0.69763511088211749,9.9999999999999974e-07,0.00013183568335892027,5.1919844909324748,2.1987720920447189,0.12864284298821121,2.9932123988877559,5.2413817834421659,-0.049292866579492702,0,0,2.7261479711114482e-05,1.4827344915485251e-07,2.5392156619335882e-05
146400,0.14639999999999997,0.69858946807894662,9.9999999999999974e-07,0.00033740427435789602,5.2225627701938953,2.2151831671657654,0.12311694349308146,3.0073796030281299,5.2722701953411493,-0.04939742735686322,0,0,2.7261479711114482e-05,1.4500425611357491e-07,6.4605116147865735e-05
146600,0.14659999999999995,0.69954382527577574,9.9999999999999974e-07,0.0002458774687789637,5.2542993056573666,2.2341524392638696,0.12193271760276317,3.0201468663934969,5.3041569758044087,-0.049639180638876158,0,0,2.7261479711114482e-05,1.2648090194361126e-07,4.6795482037771334e-05
146800,0.14679999999999996,0.70049818247260487,9.9999999999999974e-07,0.00039381322385981493,5.2840421187648081,2.2543388145185719,0.1271709461715263,3.0297033042462362,5.3345147221885076,-0.050106159662365056,0,0,2.7261479711114482e-05,1.0798281409046416e-07,7.4528782134664789e-05
147000,0.14699999999999996,0.70145253966943411,9.9999999999999974e-07,0.00015346097638108488,5.3122277214218636,2.2728423004119751,0.13035901026763957,3.0393854210098885,5.3628922221777042,-0.050538390640254213,0,0,2.7261479711114482e-05,8.9381083177904482e-08,2.8888252618057896e-05
147200,0.14719999999999997,0.70240689686626334,9.9999999999999974e-07,0.00017938430353887081,5.3384857727230903,2.2873942905776863,0.12622891023499741,3.051091482145404,5.3894789663155169,-0.050841877278922018,0,0,2.7977135888188505e-05,9.0854145706313085e-08,3.3602094521902093e-05
147400,0.14739999999999998,0.70336125406309247,9.9999999999999974e-07,0.00028739315287113198,5.3628102614894804,2.3025493968622595,0.12678353614090093,3.0602608646272209,5.4142217022169206,-0.051152099277865744,0,0,2.7977135888188505e-05,7.4567408657026126e-08,5.3590028149030707e-05
147600,0.14759999999999995,0.70431561125992159,9.9999999999999974e-07,0.00014886086386056252,5.3851937436880872,2.3186829330407939,0.13323147872173255,3.0665108106472934,5.4368488138828335,-0.051534249614732915,0,0,2.7977135888188505e-05,6.3147958937862815e-08,2.7642619921528418e-05
147800,0.14779999999999996,0.70526996845675072,9.9999999999999974e-07,0.00018917662026903684,5.4053721127531942,2.3301616947807071,0.13141185189900198,3.0752104179724871,5.4573257326911051,-0.051792469750632356,0,0,2.7977135888188505e-05,4.9297102538540551e-08,3.4997890306700986e-05
148000,0.14799999999999996,0.70622432565357995,9.9999999999999974e-07,9.0797713260016769e-05,5.4259406202871912,2.3414594516013589,0.1275750955282226,3.0844811686858322,5.4780419700749494,-0.052038596215305585,0,0,2.7977135888188505e-05,6.7004919168226786e-08,1.6734004224176509e-05
148200,0.14819999999999997,0.70717868285040908,9.9999999999999974e-07,0.00026718359844790342,5.4443300190363795,2.3544207111894417,0.13173786898227191,3.0899093078469377,5.4968752131276339,-0.052306394744335044,0,0,2.8321031918058324e-05,6.3219610093503406e-08,4.9075569907349896e-05
148400,0.14839999999999998,0.70813304004723832,9.9999999999999974e-07,4.0160982814581673e-05,5.4609114828715564,2.3653469226752346,0.13425715060504939,3.0955645601963218,5.5134548050954812,-0.052531533077684385,0,0,2.8321031918058324e-05,5.0804656340965867e-08,7.3542636500424449e-06
148600,0.14859999999999995,0.70908739724406733,9.9999999999999974e-07,0.00019811726346222227,5.4750403986027329,2.3729841989717508,0.13101410958015758,3.1020561996309821,5.5279091659427255,-0.052699010162517358,0,0,2.8321031918058324e-05,3.9054068921209325e-08,3.6185534541952077e-05
148800,0.14879999999999996,0.71004175444089657,9.9999999999999974e-07,6.1404074059431463e-05,5.4874112537885509,2.3801912974772543,0.12959424210276405,3.1072199563112965,5.5402764678297745,-0.052832168473102681,0,0,2.8321031918058324e-05,3.7474020239038893e-08,1.11899894539593e-05
149000,0.14899999999999997,0.71099611163772569,9.9999999999999974e-07,0.00014562481967540848,5.4974145441397777,2.3876837273934228,0.13300603380974491,3.1097308167463549,5.5504922570593385,-0.052960440676626676,0,0,2.8321031918058324e-05,3.1544823695575094e-08,2.6489692291923657e-05
149200,0.14919999999999997,0.71195046883455493,9.9999999999999974e-07,9.5963407008295613e-05,5.5010171423505536,2.3899493366239213,0.13370008169822037,3.1110678057266323,5.5541018521437602,-0.053017282282154,0,0,2.8471246119520782e-05,6.464983626414651e-08,1.7444666054483696e-05
149400,0.14939999999999995,0.71290482603138394,9.9999999999999974e-07,0.00011810420508823451,5.501294938008531,2.3885196277265464,0.12934173954522923,3.1127753102819846,5.5544928728200809,-0.053108357576167539,0,0,2.8471246119520782e-05,5.5723586753769495e-08,2.1468437235068194e-05
149600,0.14959999999999996,0.71385918322821318,9.9999999999999974e-07,8.0719367559614199e-05,5.4996314666091894,2.3864774153207198,0.12671960635452598,3.1131540512884697,5.5528692690275188,-0.053185606711089004,0,0,2.8471246119520782e-05,5.2414199989142275e-08,1.4677232110860314e-05
149800,0.14979999999999996,0.71481354042504242,9.9999999999999974e-07,7.5283100450028318e-05,5.4962215471606966,2.3830461141453929,0.12325380141468524,3.1131754330153036,5.5495103980451415,-0.053242092057914102,0,0,2.8471246119520782e-05,5.3027800138999171e-08,1.3697246336243297e-05
150000,0.14999999999999997,0.71576789762187154,9.9999999999999974e-07,0.00089448541132024293,5.4993931485191307,2.3825695756992844,0.11942781906377542,3.1168235728198463,5.5531967428913509,-0.05293857400073252,0,0,2.8471246119520782e-05,9.9379371349045926e-07,0.00016265165758536627
150200,0.15019999999999997,0.71672225481870078,9.9999999999999974e-07,0.00032133556127425701,5.5191819741561714,2.3928781487995638,0.11863578375616632,3.1263038253566076,5.5723058484843433,-0.052831974918117676,0,0,2.8678795261084178e-05,7.5735595903632136e-07,5.8221592036451388e-05
150400,0.15039999999999995,0.71767661201552979,9.9999999999999974e-07,0.00044379463101566394,5.5451577309565891,2.4064396755522282,0.11324501313537742,3.138718055404361,5.5980553960612811,-0.052483140641168324,0,0,2.8678795261084178e-05,5.9137223112827353e-07,8.0032823690139718e-05
150600,0.15059999999999996,0.71863096921235903,9.9999999999999974e-07,0.00068367389331110877,5.5722229589402099,2.4237603073602272,0.11558002593180583,3.1484626515799827,5.6255545776068283,-0.052677130809215177,0,0,2.8678795261084178e-05,5.0724064706082517e-07,0.00012269320491101415
150800,0.15079999999999996,0.71958532640918826,9.9999999999999974e-07,0.0007273348468478418,5.5977120389765389,2.4415806363872399,0.12263472087458104,3.156131402589299,5.6515596913971562,-0.053149370393175369,0,0,2.8678795261084178e-05,3.7402414450250532e-07,0.0001299343091933726
151000,0.15099999999999997,0.72053968360601739,9.9999999999999974e-07,9.0942614118346085e-05,5.6216175553979433,2.4563902127556934,0.12369843473619901,3.1652273426422499,5.6750225607568527,-0.053343077686334228,0,0,2.8678795261084178e-05,3.3614628214196951e-07,1.6177303635858672e-05
151200,0.15119999999999995,0.72149404080284651,9.9999999999999974e-07,0.00051260606185952573,5.6381768388287652,2.4666179866994549,0.12420549601210762,3.1715588521293103,5.6921564290918267,-0.053496375804870128,0,0,2.9105781933645898e-05,2.8582173482015081e-07,9.0916989039671703e-05
151400,0.15139999999999995,0.72244839799967564,9.9999999999999974e-07,0.00043604693569756331,5.6532839816147451,2.4749405532834201,0.12248152707235392,3.178343428331325,5.707327381753613,-0.053636667726281027,0,0,2.9105781933645898e-05,2.0874117715434124e-07,7.7131617147776016e-05
151600,0.15159999999999996,0.72340275519650488,9.9999999999999974e-07,0.00040251322203890041,5.6664437795978584,2.4839476126893727,0.12534247371539375,3.1824961669084857,5.7206140762054636,-0.053797058175233288,0,0,2.9105781933645898e-05,1.6900773377163556e-07,7.1034539068076023e-05
151800,0.15179999999999996,0.724357112393334,9.9999999999999974e-07,0.00021426320414140879,5.6776099210871722,2.4904464431603555,0.12767977808261954,3.1871634779268168,5.7317603837941364,-0.053965440662399798,0,0,2.9105781933645898e-05,1.3537764368391379e-07,3.7738274928965319e-05
152000,0.15199999999999997,0.72531146959016324,9.9999999999999974e-07,0.00024948949326744272,5.6866189420719282,2.4938296363096439,0.12199280056602424,3.1927893057622843,5.7408499516983671,-0.054010738009082758,0,0,2.9105781933645898e-05,1.1209397763315863e-07,4.387308096584732e-05
152200,0.15219999999999995,0.72626582678699225,9.9999999999999974e-07,0.0014518476625877855,5.7007301917710791,2.5021528174354186,0.12402590186353049,3.1985773743356605,5.7561874189273254,-0.054035437012441116,0,0,2.9299423591069446e-05,7.5809519124627188e-07,0.00025467749108412576
152400,0.15239999999999995,0.72722018398382149,9.9999999999999974e-07,0.00041672274540476516,5.7223651211978925,2.5147255586849959,0.12953907323757255,3.2076395625128966,5.7770826903125947,-0.054330703876164926,0,0,2.9299423591069446e-05,5.5808327608415919e-07,7.2823515553221185e-05
152600,0.15259999999999996,0.72817454118065073,9.9999999999999974e-07,0.00042214138449837461,5.744924782632598,2.5265908079633976,0.12569725467937565,3.2183339746692003,5.7996069226015008,-0.054289723897949109,0,0,2.9299423591069446e-05,4.2588995348326607e-07,7.3480750483373493e-05
152800,0.15279999999999996,0.72912889837747985,9.9999999999999974e-07,0.00023521856202179058,5.7680731787728581,2.5405360403573751,0.12545557474928534,3.227537138415483,5.8225759659675163,-0.054297220808985996,0,0,2.9299423591069446e-05,3.5275275855102816e-07,4.077939976341158e-05
153000,0.15299999999999997,0.73008325557430909,9.9999999999999974e-07,0.00061182135659057382,5.7930479613676962,2.5557015396097809,0.12507828906122473,3.2373464217579153,5.8479036003677791,-0.054273480096476319,0,0,2.9299423591069446e-05,3.6302939318457182e-07,0.00010561303145954402
153200,0.15319999999999995,0.7310376127711381,9.9999999999999974e-07,0.00055252770589769276,5.8197278584161447,2.5703560599028803,0.12014470440775624,3.2493717985132644,5.8744127726500839,-0.054162755327756912,0,0,3.0036124420980783e-05,3.3267529428828487e-07,9.4940471331259933e-05
153400,0.15339999999999995,0.73199196996796734,9.9999999999999974e-07,0.00024345882817237405,5.8457797939273259,2.586838969160699,0.1210388076355453,3.2589408247666269,5.9004005905451935,-0.054407651582831132,0,0,3.0036124420980783e-05,2.7766871470537909e-07,4.164693792011843e-05
153600,0.15359999999999996,0.73294632716479646,9.9999999999999974e-07,0.00067116234963923509,5.8691486534423474,2.6029923076615478,0.12563977335629012,3.2661563457807996,5.9245741585420006,-0.054784603902109083,0,0,3.0036124420980783e-05,2.2502767398448805e-07,0.00011435429382855858
153800,0.15379999999999996,0.7339006843616257,9.9999999999999974e-07,0.00040336251965027484,5.8912982767836848,2.6177571286971859,0.12866729063934215,3.2735411480864989,5.9467542176486194,-0.055082813658986783,0,0,3.0036124420980783e-05,1.9918928137149013e-07,6.846750931621272e-05
154000,0.15399999999999997,0.73485504155845482,9.9999999999999974e-07,0.00027301961582514077,5.9115841852582323,2.6296286869492556,0.12667250319341886,3.2819554983089767,5.9670696056721351,-0.055242601835645624,0,0,3.0036124420980783e-05,1.6491314721136293e-07,4.6183832838915177e-05
154200,0.15419999999999995,0.73580939875528395,9.9999999999999974e-07,0.00036998892264877679,5.9297958494080243,2.6403101280821129,0.12500622464399766,3.2894857213259114,5.9855224608601141,-0.055387125361565093,0,0,3.0338092909220817e-05,1.647392148033426e-07,6.2394883743883533e-05
154400,0.15439999999999995,0.73676375595211308,9.9999999999999974e-07,0.00044440846169070995,5.9458046746098159,2.6529874710985761,0.13225716235253898,3.2928172035112397,6.0018495455644594,-0.055630937770033043,0,0,3.0338092909220817e-05,1.3718417134803525e-07,7.4743198946385434e-05
154600,0.15459999999999996,0.73771811314894231,9.9999999999999974e-07,0.0004210892750206197,5.9598052948564924,2.6614913821042818,0.13217234236580694,3.2983139127522105,6.0159571101275739,-0.055761161065058885,0,0,3.0338092909220817e-05,9.6976088561160766e-08,7.0654871122053864e-05
154800,0.15479999999999997,0.73867247034577144,9.9999999999999974e-07,6.5496345214427002e-05,5.972533603403873,2.66695814041057,0.1256105255941749,3.305575462993303,6.0283511264713958,-0.0557825080961033,0,0,3.0338092909220817e-05,1.4328088524565393e-07,1.0966258134922715e-05
155000,0.15499999999999997,0.73962682754260067,9.9999999999999974e-07,0.00048631421031563064,5.9834392277211892,2.6754928104102245,0.13019489650089464,3.3079464173109647,6.0398352042890808,-0.055940125923181323,0,0,3.0338092909220817e-05,1.2547269644011912e-07,8.1276702546345547e-05
155200,0.15519999999999995,0.74058118473942969,9.9999999999999974e-07,0.00023622451477997464,5.9927520354065642,2.6825637423793709,0.13427800629989048,3.3101882930271933,6.0490724196066701,-0.056114940707046923,0,0,3.0673344348298054e-05,1.0767737297311922e-07,3.9418369621220032e-05
155400,0.15539999999999995,0.74153554193625892,9.9999999999999974e-07,0.00029369927797440529,5.9997064187869613,2.6848970746054626,0.12872153249256094,3.3148093441814988,6.0561760398294524,-0.056206690563077741,0,0,3.0673344348298054e-05,9.5454212642004073e-08,4.8952274907108919e-05
155600,0.15559999999999996,0.74248989913308805,9.9999999999999974e-07,9.3887135428147338e-05,6.0048446604216501,2.6879411209358754,0.12833077824197436,3.3169035394857747,6.0611912278048399,-0.056283442368690866,0,0,3.0673344348298054e-05,8.8776580701549175e-08,1.5635231340281623e-05
155800,0.15579999999999997,0.74344425632991729,9.9999999999999974e-07,0.00032561342471500886,6.0074249388250553,2.6903930194052941,0.13057060127852599,3.3170319194197613,6.0640843032913541,-0.056364504387592641,0,0,3.0673344348298054e-05,8.0001660341771615e-08,5.42018299072902e-05
156000,0.15599999999999997,0.74439861352674641,9.9999999999999974e-07,0.00030749096095545068,6.0080545252410928,2.6907644190858591,0.13058695113974098,3.3172901061552338,6.0647505593143203,-0.056419291824248756,0,0,3.0673344348298054e-05,7.5367628752759071e-08,5.1179788675954404e-05
156200,0.15619999999999995,0.74535297072357554,9.9999999999999974e-07,5.9023641327670597e-05,6.0068827400689688,2.6891183756941817,0.12817699823390627,3.3177643643747872,6.0633748790199133,-0.056463895074024856,0,0,3.0699458835316508e-05,8.0305572395843259e-08,9.8260019184248141e-06
156400,0.15639999999999996,0.74630732792040466,9.9999999999999974e-07,0.00022862506631761672,6.0033068261523903,2.6855012433340857,0.12449650665041814,3.3178055828183046,6.0600584590833035,-0.056553779836568153,0,0,3.0699458835316508e-05,7.2513137316697416e-08,3.8083188638909859e-05
156600,0.15659999999999996,0.7472616851172339,9.9999999999999974e-07,0.00034823058588271592,5.9983551867169513,2.6805291742754491,0.11949108277138218,3.3178260124415022,6.0552882132240162,-0.056615608361567808,0,0,3.0699458835316508e-05,1.1298155022908409e-07,5.805434574028804e-05
156800,0.15679999999999997,0.74821604231406313,9.9999999999999974e-07,0.0002895753121325116,5.9924964157782821,2.6746587165796312,0.11360601335871683,3.3178376991986509,6.0494362170894043,-0.056681037811877916,0,0,3.0699458835316508e-05,1.1235405298741654e-07,4.8322984619574895e-05
157000,0.15699999999999997,0.74917039951089226,9.9999999999999974e-07,0.00014263546524232191,5.9855158610585191,2.6675840649932097,0.10645495768496155,3.3179317960653094,6.0424242572382036,-0.056796564617783041,0,0,3.0699458835316508e-05,1.0444450566475674e-07,2.3830103963185771e-05
157200,0.15719999999999998,0.7501247567077215,9.9999999999999995e-07,0.00050142247540748374,5.9878529419351825,2.6688103384690933,0.10618958048024461,3.3190426034660891,6.0448751296683501,-0.056552509973068557,0,0,3.0699458835316508e-05,1.0452564730656797e-06,8.3739944896748199e-05
157400,0.15739999999999998,0.75107911390455073,9.9999999999999995e-07,0.00055409609897465423,6.0045485568459673,2.6796213069556387,0.10825587826000667,3.3249272498903286,6.0615245783027527,-0.056453546904364285,0,0,3.0699458835316508e-05,9.2208771787065526e-07,9.2279393484613018e-05
157600,0.15759999999999996,0.75203347110137975,9.9999999999999995e-07,0.00060505626329959944,6.0237174773948974,2.6915506964092137,0.10900558870683744,3.3321667809856836,6.0806930327937243,-0.056401948794412606,0,0,3.0699458835316508e-05,7.5020005034763672e-07,0.00010044565761428616
157800,0.15779999999999997,0.75298782829820898,9.9999999999999995e-07,0.00073937152049664509,6.0420549864697843,2.7063162529920732,0.11887398139793214,3.3357387334777111,6.0994965706907136,-0.056733585777298493,0,0,3.0699458835316508e-05,6.7361803032355152e-07,0.00012237086920796803
158000,0.15799999999999997,0.75394218549503811,9.9999999999999995e-07,0.00035504481560805836,6.0593255950457774,2.7171727901162188,0.12155829872561411,3.3421528049295586,6.1165525360809099,-0.056903118380160676,0,0,3.0699458835316508e-05,5.2270180087275888e-07,5.8594774292761216e-05
158200,0.15819999999999998,0.75489654269186734,9.9999999999999974e-07,0.00031412205007590605,6.0752407735397398,2.7248574495254259,0.11618869285779218,3.3503833240143139,6.1323286949298303,-0.056805149101549171,0,0,3.0888738522828341e-05,4.6102301197905579e-07,5.1705284084219562e-05
158400,0.15839999999999999,0.75585089988869658,9.9999999999999974e-07,0.0005885759341621872,6.0890777072831437,2.7351897891964874,0.12120937510127787,3.3538879180866563,6.1465949688575634,-0.056959915857963478,0,0,3.0888738522828341e-05,3.4147918310147837e-07,9.6660933306564925e-05
158600,0.15859999999999996,0.7568052570855256,9.9999999999999974e-07,0.00012965715600267704,6.0982085258330594,2.7412058451941483,0.12460222955479355,3.3570026806389111,6.1554181300615154,-0.057111161429955079,0,0,3.0888738522828341e-05,3.2561897902085843e-07,2.1261515648969208e-05
158800,0.15879999999999997,0.75775961428235472,9.9999999999999974e-07,0.000412148102280492,6.1013821633646508,2.7416245256586604,0.1206486388897921,3.3597576377059903,6.1588962997711336,-0.057133176030774023,0,0,3.0888738522828341e-05,2.9898804887226168e-07,6.754995691881231e-05
159000,0.15899999999999997,0.75871397147918396,9.9999999999999974e-07,0.00019191694981408517,6.1031652355442594,2.7422768441773706,0.11962430358060866,3.3608883913668888,6.1604870924201016,-0.057161110622366444,0,0,3.0888738522828341e-05,2.8195781528780314e-07,3.1445478273532386e-05
159200,0.15919999999999998,0.75966832867601319,9.9999999999999974e-07,0.00021819300381403125,6.1027446201256321,2.741790949358256,0.1190558206301047,3.3609536707673762,6.1601515131555331,-0.057219885571687952,0,0,3.092543133096146e-05,2.6011427009894504e-07,3.5753258147895348e-05
159400,0.15939999999999999,0.76062268587284232,9.9999999999999974e-07,0.00028921143927687339,6.1005014637316712,2.7395353683905377,0.11678133095879872,3.3609660953411336,6.1580319130521897,-0.057272443614714764,0,0,3.092543133096146e-05,2.8030214255600093e-07,4.7407814094673295e-05
159600,0.15959999999999996,0.76157704306967144,9.9999999999999974e-07,0.00070914521092063838,6.100448892932171,2.7383280582044773,0.11435488722337811,3.3621208347276936,6.1582246824910047,-0.057098548014735628,0,0,3.092543133096146e-05,9.7823549113587203e-07,0.0001162447589295005
159800,0.15979999999999997,0.76253140026650057,9.9999999999999974e-07,0.0011432241180399029,6.1114142749588369,2.7458092750392962,0.11697873715403492,3.3656049999195408,6.169559931810606,-0.057034189869108964,0,0,3.092543133096146e-05,8.3170404848955824e-07,0.00018706375752077501
160000,0.15999999999999998,0.76348575746332981,9.9999999999999974e-07,0.00067873153797188884,6.1294382658231745,2.7568053469167029,0.1168522646977405,3.3726329189064717,6.186901547646146,-0.056816172793779353,0,0,3.092543133096146e-05,6.9707744910027123e-07,0.00011073307349490634
160200,0.16019999999999998,0.76444011466015893,9.9999999999999974e-07,0.0007394075408034466,6.1494839685243026,2.7676644979739087,0.11217451128654157,3.3818194705503939,6.206814845038136,-0.056623136833833278,0,0,3.1089836289223107e-05,5.7802451380902626e-07,0.00012023895738049756
160400,0.16039999999999999,0.76539447185698817,9.9999999999999974e-07,0.0014178128490765381,6.1695527317007848,2.7819723038529567,0.11714346101554898,3.3875804278478281,6.2278059941845187,-0.056867084816881928,0,0,3.1089836289223107e-05,5.4534593567386719e-07,0.0002298080445591206
160600,0.16059999999999997,0.76634882905381718,9.9999999999999974e-07,0.00034134273422075934,6.1902050357041789,2.7984121929098031,0.1269750605676602,3.3917928427943758,6.2476989857012315,-0.057184177681611804,0,0,3.1089836289223107e-05,4.8058249113610402e-07,5.5142395486408835e-05
160800,0.16079999999999997,0.76730318625064642,9.9999999999999974e-07,0.0012287675896946594,6.20725611214983,2.8080276497429946,0.12468014080958252,3.3992284624068354,6.265733425863008,-0.057280009912624053,0,0,3.1089836289223107e-05,3.7395285109489257e-07,0.00019795664420701439
161000,0.16099999999999998,0.76825754344747554,9.9999999999999974e-07,0.00033207614538894204,6.2246039542085505,2.8165368535589539,0.11838398449222787,3.4080671006495966,6.2822054783795709,-0.057300853216303807,0,0,3.1089836289223107e-05,3.1535438308640646e-07,5.3348959681912014e-05
161200,0.16119999999999998,0.76921190064430478,9.9999999999999974e-07,0.0011809106352457855,6.2381728011656152,2.8276277767949685,0.12566799080478391,3.4105450243706468,6.2968525460295259,-0.05753046889760495,0,0,3.1349186510983958e-05,2.8548242932457176e-07,0.00018930393127698065
161400,0.16139999999999996,0.77016625784113379,9.9999999999999974e-07,0.00037477026731418274,6.2509792968547417,2.8369663753166345,0.13194152139768167,3.4140129215381072,6.3090126507633189,-0.057690163475121514,0,0,3.1349186510983958e-05,2.3064734722454746e-07,5.995384875178727e-05
161600,0.16159999999999997,0.77112061503796303,9.9999999999999974e-07,0.00054022050898247889,6.2611117698750673,2.8399772231409406,0.1225550621134438,3.4211345467341268,6.3192976963257168,-0.057677252978887691,0,0,3.1349186510983958e-05,1.978507098603289e-07,8.6281882329862692e-05
161800,0.16179999999999997,0.77207497223479216,9.9999999999999974e-07,0.00056606256095569584,6.2694022294787901,2.8450204609785237,0.12228066364093235,3.4243817685002664,6.3277064358229236,-0.057769673029054003,0,0,3.1349186510983958e-05,1.8005936514341799e-07,9.0289718259591671e-05
162000,0.16199999999999998,0.77302932943162139,9.9999999999999974e-07,0.00015839310431641792,6.2756277180023128,2.8510996688507948,0.12822739228665508,3.424528049151518,6.333655956397414,-0.057901370263713149,0,0,3.1349186510983958e-05,1.7578641707165839e-07,2.5239404157459863e-05
162200,0.16219999999999998,0.77398368662845052,9.9999999999999974e-07,0.00034035052142695116,6.2792804112533265,2.8523464417329403,0.12541908909474819,3.4269339695203862,6.3375114759562265,-0.05792225711234647,0,0,3.1384652038932494e-05,1.5827883402507039e-07,5.4202153612537614e-05
162400,0.16239999999999996,0.77493804382527964,9.9999999999999974e-07,0.00013452883990456088,6.2814488320030488,2.8533054487650111,0.12433030931340273,3.4281433832380377,6.3395253736336601,-0.057973598965533522,0,0,3.1384652038932494e-05,2.0152278771383561e-07,2.1416848803918678e-05
162600,0.16259999999999997,0.77589240102210877,9.9999999999999974e-07,0.00028446892334079126,6.2811589231737859,2.8529798520619121,0.12394811179163698,3.4281790711118738,6.3394497769748845,-0.058037948051769539,0,0,3.1384652038932494e-05,1.7852197271815831e-07,4.528924149511137e-05
162800,0.16279999999999997,0.776846758218938,9.9999999999999974e-07,0.00032527065197506997,6.2789603941453427,2.8507687895843126,0.12171859781901123,3.4281916045610301,6.3373195449082633,-0.058065438619381932,0,0,3.1384652038932494e-05,1.7385639709786984e-07,5.1803265438393323e-05
163000,0.16299999999999998,0.77780111541576713,9.9999999999999974e-07,0.00015698846313355304,6.2751981821269771,2.8470044744050766,0.11795167923297049,3.4281937077219005,6.3334408221606333,-0.058117214235244859,0,0,3.1384652038932494e-05,1.7801268289256846e-07,2.501729165792527e-05
163200,0.16319999999999998,0.77875547261259637,9.9999999999999974e-07,0.00020954137125061409,6.2696097764071785,2.8414031849595802,0.11233435416191752,3.4282065914475983,6.3279967413779774,-0.058208988838573422,0,0,3.1394553487962959e-05,1.7068553743102824e-07,3.342175649258549e-05
163400,0.16339999999999996,0.77970982980942538,9.9999999999999974e-07,0.00033055298838908782,6.2630425353655799,2.8348176923497115,0.10572111708561636,3.4282248430158684,6.3216236037875877,-0.058282096023813353,0,0,3.1394553487962959e-05,1.8603670680143161e-07,5.2778340003688502e-05
163600,0.16359999999999997,0.78066418700625462,9.9999999999999974e-07,0.00053361233057476281,6.2557393017169423,2.8274877307148309,0.09836694480598597,3.4282515710021113,6.314641666591414,-0.058400314962512717,0,0,3.1394553487962959e-05,1.6786512758091546e-07,8.529964322974716e-05
163800,0.16379999999999997,0.78161854420308374,9.9999999999999974e-07,0.0001299330370393817,6.2485941839326058,2.8202244515351054,0.091024306050747086,3.4283697323975004,6.3072324227347947,-0.058539867601494447,0,0,3.1394553487962959e-05,1.6728285661336253e-07,2.0793963124295461e-05
164000,0.16399999999999998,0.78257290139991298,9.9999999999999974e-07,0.00052646181907146353,6.2474555230035405,2.81864037152596,0.088944610485354389,3.4288151514775804,6.3063830596401456,-0.058433584590982808,0,0,3.1394553487962959e-05,1.1152199614179818e-06,8.4268198010053314e-05
164200,0.16419999999999998,0.7835272585967421,9.9999999999999995e-07,0.0011172623566249413,6.2603072434984748,2.8299107040209575,0.097988469601755099,3.4303965394775173,6.3200353253590222,-0.058643406033830066,0,0,3.1394553487962959e-05,1.1919764197739017e-06,0.00017846765552685187
164400,0.16439999999999999,0.78448161579357134,9.9999999999999995e-07,0.0014532803463962742,6.2704997193583427,2.8386267035606951,0.10455962648950431,3.4318730157976476,6.3306653873888372,-0.058744789816491588,0,0,3.1394553487962959e-05,1.0075789055923127e-06,0.0002317646776874408
164600,0.16459999999999997,0.78543597299040036,9.9999999999999995e-07,0.00069447991219124844,6.2816547208141094,2.8473139678490744,0.10914707227676365,3.4343407529650349,6.3410971756120018,-0.058780337677671914,0,0,3.1394553487962959e-05,9.6823848256891978e-07,0.00011055684259278152
164800,0.16479999999999997,0.78639033018722959,9.9999999999999995e-07,0.00026414637542874911,6.2914269521491342,2.8542719657458719,0.11180086298618297,3.4371549864032622,6.3504888465139668,-0.058830011460601878,0,0,3.1394553487962959e-05,8.6891770995565479e-07,4.1985129516367891e-05
165000,0.16499999999999998,0.78734468738405883,9.9999999999999995e-07,0.0010090858425080395,6.2988038684142209,2.8581923138589054,0.11025134758696394,3.4406115545553155,6.3585737842010692,-0.058792995275407822,0,0,3.1394553487962959e-05,7.7077757957220419e-07,0.00016020277239749738
165200,0.16519999999999999,0.78829904458088795,9.9999999999999974e-07,0.00080103642382032408,6.3054947044265797,2.8637798372361982,0.11422347680306319,3.4417148671903814,6.3651305315256126,-0.058867052759341669,0,0,3.1521634359065377e-05,7.4044977013640751e-07,0.00012703783943518039
165400,0.16539999999999999,0.78925340177771719,9.9999999999999974e-07,0.00060036489235035966,6.3099985195590742,2.8664537283464431,0.11494622306557591,3.4435447912126311,6.3694705895411765,-0.058903847267825785,0,0,3.1521634359065377e-05,6.2054371490575117e-07,9.514501318651839e-05
165600,0.16559999999999997,0.7902077589745462,9.9999999999999974e-07,0.00035876732953586243,6.3132047487543224,2.8667846780840249,0.11066301694065242,3.4464200706702974,6.3723647968365382,-0.058833416445076177,0,0,3.1521634359065377e-05,6.1405803745926286e-07,5.6828083962689773e-05
165800,0.16579999999999998,0.79116211617137544,9.9999999999999974e-07,0.00034274889696263945,6.3144103166036087,2.8678384193049085,0.11154753800789639,3.4465718972987003,6.3736155847491407,-0.058894626517681736,0,0,3.1521634359065377e-05,5.8563475367015989e-07,5.4280428381631846e-05
166000,0.16599999999999998,0.79211647336820457,9.9999999999999974e-07,0.00070732672875608129,6.3094314381750332,2.8627949013018679,0.10648263983424754,3.4466365368731653,6.3690978027896712,-0.058991152976069029,0,0,3.1521634359065377e-05,5.9345582821510463e-07,0.00011210625484832457
166200,0.16619999999999999,0.7930708305650338,9.9999999999999974e-07,0.00015569366558792935,6.3022307483362603,2.8555670963881266,0.099238683262962021,3.4466636519481337,6.3614329499006663,-0.059078665485083649,0,0,3.1607692458017722e-05,5.4989380714163291e-07,2.4704532697256642e-05
166400,0.16639999999999999,0.79402518776186304,9.9999999999999974e-07,0.00072847200570089156,6.2943088492098749,2.8476153171742036,0.091253666603993477,3.4466935320356713,6.3542074359518503,-0.059202308144157285,0,0,3.1607692458017722e-05,5.8571542461947099e-07,0.00011573502717337054
166600,0.16659999999999997,0.79497954495869205,9.9999999999999974e-07,0.00063967448047094191,6.2872374621639802,2.8404624718583955,0.084041218952053215,3.4467749903055847,6.3471815192761012,-0.059336614420163844,0,0,3.1607692458017722e-05,6.2409605588290592e-07,0.00010174174020314079
166800,0.16679999999999998,0.79593390215552129,9.9999999999999974e-07,0.00070060583692732202,6.2867368487435709,2.8393279683308283,0.082470379136040439,3.4474088804127425,6.3466568492574389,-0.059252500260646296,0,0,3.1607692458017722e-05,1.4978912476826592e-06,0.00011144189009077751
167000,0.16699999999999998,0.79688825935235041,9.9999999999999974e-07,0.0021068249909092702,6.2965885064267653,2.8485893358313676,0.090901723781781074,3.4479991705953976,6.3581494464080999,-0.059487031713886751,0,0,3.1607692458017722e-05,1.3090310029895472e-06,0.00033459785227490859
167200,0.16719999999999999,0.79784261654917965,9.9999999999999974e-07,0.001551278164682966,6.3082079753212597,2.8596612316024901,0.10103842275059352,3.4485467437187696,6.3693511375969889,-0.059624831575658115,0,0,3.1611647126327608e-05,1.3358174859084138e-06,0.00024591423915505315
167400,0.16739999999999999,0.79879697374600889,9.9999999999999974e-07,0.0015509634882772988,6.3204052223022877,2.8684214660847456,0.10388839504335444,3.4519837562175422,6.3815111905035673,-0.059587840648534701,0,0,3.1611647126327608e-05,1.2242884063603244e-06,0.00024538988145958478
167600,0.16759999999999997,0.7997513309428379,9.9999999999999974e-07,0.0004837500613863092,6.3333717364099593,2.878081037518208,0.1082646754853463,3.4552906988917513,6.3935073663512325,-0.059684602317949906,0,0,3.1611647126327608e-05,1.1107909367293612e-06,7.6381125492014864e-05
167800,0.16779999999999998,0.80070568813966714,9.9999999999999974e-07,0.0011623444113115103,6.3431346771600472,2.8859127723172961,0.11310087092873299,3.457221904842751,6.403972154153835,-0.059707737673676403,0,0,3.1611647126327608e-05,9.9344407404408647e-07,0.00018324447934186318
168000,0.16799999999999998,0.80166004533649626,9.9999999999999974e-07,0.0018554790144146578,6.3521059495251819,2.8922113217415015,0.11518446532796844,3.4598946277836804,6.413678026440726,-0.05974904222443865,0,0,3.1611647126327608e-05,8.3267618294710638e-07,0.00029210454440756835
168200,0.16819999999999999,0.8026144025333255,9.9999999999999974e-07,0.00063449859781962046,6.3613100925337198,2.8970317894007871,0.1128942826947814,3.4642783031329327,6.4216629948249766,-0.05975111884923711,0,0,3.1966967348018642e-05,7.4818845203043636e-07,9.9743384395665997e-05
168400,0.16839999999999997,0.80356875973015451,9.9999999999999974e-07,0.00074887821291637487,6.3675079966649344,2.9012038843115904,0.11381500462695883,3.466304112353344,6.4279447558022387,-0.059720528497821002,0,0,3.1966967348018642e-05,6.8060608505691875e-07,0.000117609308588008
168600,0.16859999999999997,0.80452311692698375,9.9999999999999974e-07,0.0012210855812364435,6.3711207421817138,2.9045343750393307,0.11693316407846309,3.4665863671423831,6.432085135971179,-0.059775910605937101,0,0,3.1966967348018642e-05,6.3543036026396247e-07,0.00019165946316978722
168800,0.16879999999999998,0.80547747412381288,9.9999999999999974e-07,0.0011605250985347478,6.3733184823367113,2.9050233690868219,0.11439244107897933,3.4682951132498894,6.4342447961319555,-0.059798335727458726,0,0,3.1966967348018642e-05,5.8006340136439047e-07,0.00018209118244303605
169000,0.16899999999999998,0.80643183132064211,9.9999999999999974e-07,0.0003795587343149758,6.3744824614377009,2.905029852816456,0.11241779081904993,3.4694526086212449,6.4346564089304916,-0.059826941378618846,0,0,3.1966967348018642e-05,5.8565279551329872e-07,5.9543458878600491e-05
169200,0.16919999999999999,0.80738618851747135,9.9999999999999974e-07,0.00064630666002916319,6.3728216289519972,2.9033091829868525,0.11065768081746639,3.4695124459651447,6.4333612188756524,-0.059925891254667095,0,0,3.2006787115573903e-05,6.0120392588032897e-07,0.00010141609127940516
169400,0.16939999999999997,0.80834054571430036,9.9999999999999974e-07,0.0012779668622074714,6.3687379973952085,2.899190769674671,0.10651403169379484,3.4695472277205375,6.4299478591150292,-0.059964455140139934,0,0,3.2006787115573903e-05,5.5349541083900641e-07,0.00020066249588696463
169600,0.16959999999999997,0.80929490291112949,9.9999999999999974e-07,0.00069182545302579306,6.3646524098580564,2.8950932518109234,0.10241362508404214,3.469559158047133,6.4253105829083372,-0.059998985218368731,0,0,3.2006787115573903e-05,6.3083399799148207e-07,0.00010869807311931777
169800,0.16979999999999998,0.81024926010795872,9.9999999999999974e-07,0.0006403186540086199,6.3592794735540172,2.8897113164698425,0.097019377571687521,3.4695681570841748,6.4199793021208604,-0.060092138155310545,0,0,3.2006787115573903e-05,6.214553604859849e-07,0.00010069044090159547
170000,0.16999999999999998,0.81120361730478796,9.9999999999999974e-07,0.0011346274582920283,6.3522076562532392,2.8826060639571134,0.089869174852056977,3.4696015922961259,6.4134642894046223,-0.060154602399039317,0,0,3.2006787115573903e-05,5.8991883262462049e-07,0.00017861939024853485
170200,0.17019999999999999,0.81215797450161709,9.9999999999999995e-07,0.0012951238229825975,6.3458946332909107,2.8762930411920511,0.083556152086997099,3.4696015920988597,6.4073807076558325,-0.060223560450570451,0,0,3.2006787115573903e-05,6.0312151597398752e-07,0.00020408845368914683
170400,0.1704,0.81311233169844632,9.9999999999999995e-07,0.00045512068334454902,6.3413627502888703,2.871553379386333,0.078645035120976675,3.4698093709025373,6.4021124556247857,-0.060327215808505204,0,0,3.2006787115573903e-05,6.2436881898127547e-07,7.1770170114273429e-05
170600,0.17059999999999997,0.81406668889527534,9.9999999999999995e-07,0.00098228580896059779,6.3372814221746392,2.8674165065115398,0.074462697363860852,3.4698649156630994,6.3985900849224162,-0.060358990955450012,0,0,3.2006787115573903e-05,6.072295183983287e-07,0.00015500113432291386
170800,0.17079999999999998,0.81502104609210457,9.9999999999999995e-07,0.0018777551564058612,6.3367939068320434,2.866201963503697,0.072732456043460597,3.4705919433283463,6.3990230330595228,-0.06038439942740214,0,0,3.2006787115573903e-05,1.0215692133204899e-06,0.00029632574200990676
171000,0.17099999999999999,0.8159754032889337,9.9999999999999995e-07,0.0021506105608209668,6.3405994663766112,2.8693680286899514,0.07545831219610491,3.4712314376866598,6.4031952911417056,-0.060478235418152962,0,0,3.2006787115573903e-05,1.0144267638761037e-06,0.0003391809516159126
171200,0.17119999999999999,0.81692976048576293,9.9999999999999995e-07,0.00050328595035236355,6.3465701165243207,2.8753245293782164,0.081387277960106322,3.4712455871461043,6.4075369753228264,-0.060496583304878705,0,0,3.2006787115573903e-05,1.0036696098405138e-06,7.9300463259986256e-05
171400,0.1714,0.81788411768259206,9.9999999999999995e-07,0.0021725420999975766,6.349758161159258,2.8784801458242044,0.084492348023364472,3.4712780153350535,6.4124600073892779,-0.060562368430953056,0,0,3.2006787115573903e-05,1.057513815150197e-06,0.00034214564474073473
171600,0.17159999999999997,0.81883847487942119,9.9999999999999995e-07,0.0016205444412286131,6.3527974528001954,2.8813390669200301,0.087110893854235052,3.4714583858801653,6.4149708007747677,-0.060585851364177511,0,0,3.2006787115573903e-05,1.0410437185788998e-06,0.00025509147006006107
171800,0.17179999999999998,0.81979283207625031,9.9999999999999995e-07,0.00056159115866612219,6.3555889307234752,2.8840234276615564,0.089614648758228665,3.4715655030619188,6.4166788246774376,-0.060561330737757629,0,0,3.2006787115573903e-05,1.0211553459703768e-06,8.8361781227124552e-05
172000,0.17199999999999999,0.82074718927307955,9.9999999999999995e-07,0.0011753696186477852,6.3553225848100956,2.8837539248626625,0.089341000227346576,3.4715686599474331,6.4170826810372752,-0.060617712357313759,0,0,3.2006787115573903e-05,9.78961666204998e-07,0.00018494255845596965
172200,0.17219999999999999,0.82170154646990878,9.9999999999999974e-07,0.0015072200986704222,6.3539468093027462,2.8822370699929034,0.087608474220162449,3.4717097393098428,6.4160398538066481,-0.060618842058111772,0,0,3.2007406146946228e-05,1.0102467330778899e-06,0.00023721005918143936
172400,0.1724,0.82265590366673791,9.9999999999999974e-07,0.0011513764542096685,6.3523457538970192,2.8805786230921919,0.085858695713237981,3.4717671308048272,6.4141055169374965,-0.060641330301174128,0,0,3.2007406146946228e-05,9.3630875907759663e-07,0.00018125217027163947
172600,0.17259999999999998,0.82361026086356703,9.9999999999999974e-07,0.0013024552836698282,6.3498206544914417,2.8780535159355947,0.083333572812649345,3.4717671385558471,6.4117855565768727,-0.060695388645736155,0,0,3.2007406146946228e-05,9.3443782851434414e-07,0.00020511686148939621
172800,0.17279999999999998,0.82456461806039616,9.9999999999999974e-07,0.0013321588737573973,6.3458252300540892,2.8740442153496613,0.079314307339038229,3.4717810147044279,6.4078536685853056,-0.060729131983193227,0,0,3.2007406146946228e-05,8.4491958722939702e-07,0.00020992681415936862
173000,0.17299999999999999,0.8255189752572254,9.9999999999999974e-07,0.0019907117133503879,6.3413656228708044,2.869448068935915,0.074645911792373634,3.4719175539348894,6.4040895819937447,-0.060766297023968699,0,0,3.2007406146946228e-05,1.0422082321224981e-06,0.00031392476506490589
173200,0.17319999999999999,0.82647333245405463,9.9999999999999995e-07,0.0012917301345105494,6.3392254460193023,2.8670817429885633,0.072162139809051229,3.4721437030307389,6.4013215910890624,-0.060837449176048587,0,0,3.2007406146946228e-05,1.0268346518456308e-06,0.00020376781761590252
173400,0.1734,0.82742768965088376,9.9999999999999995e-07,0.0012141481448946843,6.3385700238931975,2.8659522322722055,0.070712330742917079,3.4726177916209919,6.4006022684201582,-0.060851080453316497,0,0,3.2007406146946228e-05,9.7666510340640349e-07,0.0001915492201423919
173600,0.17359999999999998,0.82838204684771277,9.9999999999999995e-07,0.0025495705232005585,6.3372345118326505,2.8641039810572351,0.068590373680563754,3.4731305307754154,6.4006022684201582,-0.060851080453316497,0,0,3.2007406146946228e-05,8.8698286221752147e-07,0.00040231595003153102
173800,0.17379999999999998,0.82933640404454201,9.9999999999999995e-07,0.00078863659428376326,6.3389955690816535,2.8658559194510893,0.07033663431889052,3.4731396496305642,6.4006022684201582,-0.060851080453316497,0,0,3.2007406146946228e-05,1.0103029488044081e-06,0.00012441034004351183
174000,0.17399999999999999,0.83029076124137124,9.9999999999999995e-07,0.00047094440817290888,6.3410359509726497,2.8678920159339802,0.072364587512088768,3.4731439350386695,6.4023160799953462,-0.060842340364121519,0,0,3.2007406146946228e-05,1.1483434510138548e-06,7.426931684572311e-05
174200,0.17419999999999999,0.83124511843820037,9.9999999999999995e-07,0.002349025749880591,6.3428930399961629,2.8697238605734805,0.074161185807420413,3.4731691794226824,6.4061249609373139,-0.0609161099111558,0,0,3.2007406146946228e-05,1.2073137380839917e-06,0.00037033980158082756
174400,0.1744,0.83219947563502961,9.9999999999999995e-07,0.0016525143462374874,6.346929908608149,2.873741438970661,0.078148050349947665,3.473188469637488,6.4094887039791617,-0.06093933573510428,0,0,3.2007406146946228e-05,1.0473041822010799e-06,0.0002603643604124621
174600,0.17459999999999998,0.83315383283185862,9.9999999999999995e-07,0.00063911376492794853,6.3514984019326288,2.8781668679075851,0.08235714722451562,3.4733315340250437,6.4130179716387712,-0.060913698626499334,0,0,3.2007406146946228e-05,1.2352791377813412e-06,0.00010062409284925262
174800,0.17479999999999998,0.83410819002868786,9.9999999999999995e-07,0.0011086269014269161,6.353874650021746,2.8803582009012461,0.084273715857342626,3.4735164491204999,6.4159523362045983,-0.061002298168715413,0,0,3.2007406146946228e-05,1.2314811433138052e-06,0.00017448044893726727
175000,0.17499999999999999,0.83506254722551698,9.9999999999999995e-07,0.0020422831606956896,6.3544105863479423,2.8806688858175171,0.084256981823142674,3.4737417005304252,6.4174184366379663,-0.060998751563548823,0,0,3.2007406146946228e-05,1.1770280739962992e-06,0.0003213961598709735
175200,0.17519999999999999,0.83601690442234622,9.9999999999999974e-07,0.001042862735515853,6.3554685082892757,2.8817225382528822,0.085303964718911232,3.4737459700363935,6.4174573177555363,-0.060979108527500048,0,0,3.2020376023649651e-05,1.1414207316824999e-06,0.0001640890414539343
175400,0.1754,0.83697126161917534,9.9999999999999974e-07,0.00051494106287219951,6.3546177525120715,2.8808265075694308,0.084316818322770076,3.4737912449426407,6.416151389887605,-0.061051894154956411,0,0,3.2020376023649651e-05,1.1774662712148477e-06,8.103415231681496e-05
175600,0.17559999999999998,0.83792561881600447,9.9999999999999974e-07,0.0019659512105642948,6.350885353856448,2.8770484264340044,0.08047167094151679,3.4738369274224437,6.4138555489034763,-0.061037379509136992,0,0,3.2020376023649651e-05,1.1152966489312889e-06,0.00030955545581853563
175800,0.17579999999999998,0.83887997601283359,9.9999999999999974e-07,0.0019209307093496482,6.3483834938483668,2.8745465664876515,0.077969810995164757,3.4738369273607153,6.4113267296152179,-0.061055480777271333,0,0,3.2020376023649651e-05,1.1553437462917849e-06,0.00030258580175741509
176000,0.17599999999999999,0.83983433320966283,9.9999999999999974e-07,0.00034221380825102997,6.3463417512268583,2.8724883516331259,0.075901396156045825,3.4738533995937324,6.4077831899642161,-0.061132353337800177,0,0,3.2020376023649651e-05,1.1080326696174015e-06,5.3923003466504792e-05
176200,0.1762,0.84078869040649207,9.9999999999999995e-07,0.0011731511110080275,6.3422064525362973,2.8683512379724552,0.071763766619601904,3.4738552145638422,6.4044867197948188,-0.061140230660823275,0,0,3.2020376023649651e-05,1.0941372859958921e-06,0.00018497523216685501
176400,0.1764,0.84174304760332119,9.9999999999999995e-07,0.0026330929521646267,6.3391949154635538,2.8653397014397739,0.068752230086927019,3.4738552140237799,6.4029586464445059,-0.061163786142262942,0,0,3.2020376023649651e-05,1.1277374518052808e-06,0.00041536709113354053
176600,0.17659999999999998,0.84269740480015032,9.9999999999999995e-07,0.0011109663181952253,6.3397704331073426,2.8657034239746126,0.069009323888035309,3.4740670091327299,6.4020355152273813,-0.061187269604589319,0,0,3.2020376023649651e-05,1.1334267218464678e-06,0.00017523762570227671
176800,0.17679999999999998,0.84365176199697944,9.9999999999999995e-07,0.0011665335021066453,6.3405226989849437,2.8664055968140398,0.06968407775457186,3.4741171021709039,6.4028470688708206,-0.061191589568521602,0,0,3.2020376023649651e-05,1.7328087280270611e-06,0.00018398065230385439
177000,0.17699999999999999,0.84460611919380868,9.9999999999999995e-07,0.002663998484515069,6.3411341395075533,2.8669827219002735,0.070249136156021186,3.4741514176072799,6.4050046520441892,-0.061240237138867476,0,0,3.2020376023649651e-05,1.7027107226404471e-06,0.00042011388277018102
177200,0.1772,0.84556047639063781,9.9999999999999995e-07,0.0024463967467059011,6.3426113773859045,2.8684158468573422,0.071597629680960534,3.4741955305285623,6.4062504187305453,-0.061226384945752839,0,0,3.2020376023649651e-05,1.7199717940251692e-06,0.00038570812574586258
177400,0.1774,0.84651483358746704,9.9999999999999995e-07,0.002381189343615339,6.3468004937359934,2.8725503730575705,0.075689941940474306,3.4742501206784229,6.4104052647287819,-0.061257402113034119,0,0,3.2020376023649651e-05,1.8000878371720076e-06,0.00037517948546916921
177600,0.17759999999999998,0.84746919078429606,9.9999999999999995e-07,0.0012487510858195184,6.3504072062804084,2.8761435425667297,0.079257528398700386,3.4742636637136788,6.4129538129454389,-0.061331718650889419,0,0,3.2020376023649651e-05,1.8426956550223229e-06,0.00019664110430344246
177800,0.17779999999999999,0.84842354798112529,9.9999999999999995e-07,0.0015357924669118376,6.3523964596152913,2.8778734467954474,0.080547750595610201,3.4745230128198439,6.4151883518170534,-0.061289877085058952,0,0,3.2020376023649651e-05,1.7569741853913946e-06,0.00024176584013222105
178000,0.17799999999999999,0.84937790517795442,9.9999999999999995e-07,0.00090218619289499839,6.3549191232768383,2.8803888898958534,0.083054897988866019,3.4745302333809849,6.4171290628968194,-0.061341619390341606,0,0,3.2020376023649651e-05,1.845587231680993e-06,0.00014196658925059565
178200,0.1782,0.85033226237478365,9.9999999999999995e-07,0.0013375456709427737,6.3547831892278719,2.8802181609462143,0.082829641102980273,3.4745650282816576,6.4174559059797431,-0.061368816156489786,0,0,3.2022554929931569e-05,1.6225206311801683e-06,0.00021047856883773402
178400,0.1784,0.85128661957161278,9.9999999999999995e-07,0.0024941600007342959,6.3532662087608234,2.8784778984913149,0.080798285855471844,3.4747883102695085,6.4170710398214199,-0.06134443987638457,0,0,3.2022554929931569e-05,1.7462615920954989e-06,0.0003925791740467256
178600,0.17859999999999998,0.8522409767684419,9.9999999999999995e-07,0.0034793569820668019,6.349123370187816,2.8743336470823637,0.076654003061063458,3.4747897231054523,6.4139743441171877,-0.06140520461659231,0,0,3.2022554929931569e-05,1.5651143572928845e-06,0.00054800588667154495
178800,0.17879999999999999,0.85319533396527103,9.9999999999999995e-07,0.00074163916577164163,6.3460595909174256,2.8711258569490283,0.073396993824799694,3.4749337339683972,6.4083071503546485,-0.061539789968807594,0,0,3.2022554929931569e-05,1.8471424262539888e-06,0.00011686608912924275
179000,0.17899999999999999,0.85414969116210027,9.9999999999999995e-07,0.0011199793343923698,6.343574768479777,2.868641035022931,0.070912171898705023,3.474933733456846,6.4062037396979274,-0.06154278954045405,0,0,3.2022554929931569e-05,1.7751017659834329e-06,0.00017655334338571534
179200,0.1792,0.85510404835892939,9.9999999999999995e-07,0.0020742376735247148,6.341089278510383,2.8660687904664237,0.068292158598985603,3.4750204880439592,6.4047204912419664,-0.061590648696575427,0,0,3.2022554929931569e-05,1.6510835868128066e-06,0.00032711062444021989
179400,0.17939999999999998,0.85605840555575852,9.9999999999999995e-07,0.0028866976698436225,6.3416611168249517,2.8662478972633267,0.068249304218381088,3.475413219561625,6.4061417800135461,-0.061628513973395062,0,0,3.2022554929931569e-05,2.5258997146149648e-06,0.00045519582593036624
179600,0.17959999999999998,0.85701276275258764,9.9999999999999995e-07,0.001823751907046212,6.3458675207183068,2.8704524446652564,0.072450645006214898,3.4754150760530504,6.4093331486385692,-0.061676371275445667,0,0,3.2022554929931569e-05,2.472707299267562e-06,0.00028739205492266188
179800,0.17979999999999999,0.85796711994941688,9.9999999999999995e-07,0.0019488115668625404,6.3514590850525874,2.8760119335979986,0.077947442089994254,3.4754471514545888,6.4150911846172765,-0.061717893935061732,0,0,3.2022554929931569e-05,2.5833823049484667e-06,0.00030682895705788919
180000,0.17999999999999999,0.858921477146246,9.9999999999999995e-07,0.0012784979674566714,6.3602663067612886,2.8843117487253465,0.085320211554475361,3.4759545580359421,6.423301822661351,-0.061791560776670404,0,0,3.2022554929931569e-05,2.5202891347878448e-06,0.00020101327614184371
180200,0.1802,0.85987583434307524,9.9999999999999974e-07,0.0021998251306364768,6.3678121985241622,2.8912109191132358,0.09109465766808067,3.4766012794109264,6.43182201766452,-0.061844363574403864,0,0,3.2032488537449231e-05,2.3370761454339267e-06,0.00034546011440888912
180400,0.1804,0.86083019153990437,9.9999999999999974e-07,0.0016225893584309909,6.3757812235131484,2.8988402422679966,0.098127931099452378,3.4769409812451517,6.4393647265568559,-0.061995470596444099,0,0,3.2032488537449231e-05,2.5244226298640665e-06,0.00025449263416490325
180600,0.18059999999999998,0.86178454873673349,9.9999999999999974e-07,0.0013808887877154558,6.3820815308136432,2.9029049868479233,0.098072186018226384,3.4791765439657198,6.4453727689332494,-0.061944630792645734,0,0,3.2032488537449231e-05,2.248972217627811e-06,0.0002163696563649835
180800,0.18079999999999999,0.86273890593356262,9.9999999999999974e-07,0.0021491209824207546,6.3863914199660305,2.9051567257992326,0.096897202661652401,3.481234694166798,6.4505525885410098,-0.062046207864343388,0,0,3.2032488537449231e-05,2.1277832474215125e-06,0.00033651570050997372
181000,0.18099999999999999,0.86369326313039185,9.9999999999999974e-07,0.00069590372548489579,6.3908655642527847,2.9096029430098183,0.10131065748569132,3.4812626212429665,6.4536891744817035,-0.062161818464124018,0,0,3.2032488537449231e-05,2.0794721527689813e-06,0.00010889037149794284
181200,0.1812,0.86464762032722109,9.9999999999999974e-07,0.00083538531305588624,6.391856089209325,2.9098104249949741,0.10019751804575408,3.4820456642143509,6.4547799467679265,-0.062122662689648139,0,0,3.2065665376041027e-05,2.1247787261756946e-06,0.0001306952630654774
181400,0.18140000000000001,0.86560197752405021,9.9999999999999974e-07,0.0017726023041395745,6.3907591435371991,2.9076204441546007,0.096089673628298886,3.4831386993825983,6.4546772049927759,-0.062179375750759117,0,0,3.2065665376041027e-05,1.8509339460875108e-06,0.00027736959949932694
181600,0.18159999999999998,0.86655633472087934,9.9999999999999974e-07,0.0012293439674474571,6.3898214535327398,2.9066471708567647,0.095091852559969825,3.4831742826759751,6.4532058293583674,-0.062189129158533071,0,0,3.2065665376041027e-05,2.0316349771980747e-06,0.00019239097311049121
181800,0.18179999999999999,0.86751069191770858,9.9999999999999974e-07,0.00078981385466559057,6.3861616849260061,2.902949131857913,0.091386236412374297,3.4832125530680931,6.4491359144029774,-0.062218519871413053,0,0,3.2065665376041027e-05,2.0385837313118528e-06,0.00012367583121640645
182000,0.182,0.8684650491145377,9.9999999999999974e-07,0.00093471386566208216,6.3811389310324067,2.8979258712904588,0.086362008441282181,3.4832130597419479,6.4443027877437986,-0.062263136187308055,0,0,3.2065665376041027e-05,1.9276762017904881e-06,0.00014648072636632822
182200,0.1822,0.86941940631136694,9.9999999999999974e-07,0.0015413246873266537,6.3755132132514651,2.8923001537369331,0.080736290887756842,3.4832130595145321,6.4393582732093666,-0.062337735787505691,0,0,3.2072678948657204e-05,1.9278379819445942e-06,0.00024175695912966188
182400,0.18240000000000001,0.87037376350819606,9.9999999999999974e-07,0.0012860999409447622,6.3703460189974601,2.887132960081467,0.075569097232292576,3.4832130589159931,6.4339946825947374,-0.062396380112030136,0,0,3.2072678948657204e-05,1.7437767489533992e-06,0.00020188855316640453
182600,0.18259999999999998,0.87132812070502508,9.9999999999999974e-07,0.0011225775163204946,6.3662959842766353,2.8830801544490305,0.071512154003003162,3.4832158298276048,6.4298745282216148,-0.062489956005329646,0,0,3.2072678948657204e-05,1.9168977221839775e-06,0.00017633134228961655
182800,0.18279999999999999,0.87228247790185431,9.9999999999999974e-07,0.0010738427638840671,6.3634323320068518,2.8802126669789487,0.068639069441030195,3.483219665027903,6.4270080865940065,-0.062535759550596107,0,0,3.2072678948657204e-05,1.7750483770876099e-06,0.00016875213058884002
183000,0.183,0.87323683509868355,9.9999999999999974e-07,0.0016506767141060566,6.3636905838130069,2.8803371132542757,0.068642442140391655,3.4833534705587312,6.427858977891737,-0.062552449390974735,0,0,3.2072678948657204e-05,2.6593474017741733e-06,0.00025938984499101797
183200,0.1832,0.87419119229551268,9.9999999999999995e-07,0.0016730180648459173,6.3677687320642438,2.8843673675076205,0.07264065145668569,3.4834013645566233,6.4320527608886247,-0.062645678333476743,0,0,3.2072678948657204e-05,2.594894993072386e-06,0.00026273222776160309
183400,0.18340000000000001,0.87514554949234191,9.9999999999999995e-07,0.0016572779578841463,6.3735257622529895,2.8901076701971173,0.078354418141379542,3.4834180920558722,6.4378695195725832,-0.062721373328681551,0,0,3.2072678948657204e-05,2.821288023214544e-06,0.00026002530149000483
183600,0.18359999999999999,0.87609990668917093,9.9999999999999995e-07,0.0018494871492521427,6.3800823081026046,2.8966353985741646,0.084838122492145895,3.4834469095284399,6.444747109347233,-0.062850114355636047,0,0,3.2072678948657204e-05,2.7275813113939148e-06,0.00028988452812016594
183800,0.18379999999999999,0.87705426388600016,9.9999999999999995e-07,0.000565473360334411,6.3849402202745944,2.901156904534973,0.088805711319506819,3.4837833157396214,6.4483478136676577,-0.0628767485673766,0,0,3.2072678948657204e-05,2.5558556985669475e-06,8.8563610750625312e-05
184000,0.184,0.87800862108282929,9.9999999999999995e-07,0.0017102157770656583,6.3868200640076012,2.9026807351071438,0.089753293731771697,3.4841393289004574,6.4514070141752597,-0.062911170764614041,0,0,3.2072678948657204e-05,2.3636950724473501e-06,0.00026777265680356937
184200,0.1842,0.87896297827965852,9.9999999999999974e-07,0.0014719136817034064,6.3882501094489026,2.9041052820149007,0.09117667159411065,3.4841448274340019,6.4526478816367572,-0.062960538916143491,0,0,3.2093876114690032e-05,2.5865338774010672e-06,0.00023040952631555382
184400,0.18440000000000001,0.87991733547648776,9.9999999999999974e-07,0.00044796582806417581,6.3890557584455552,2.9044971206317878,0.091135379238039285,3.4845586378137674,6.4524297709910368,-0.062960661100410265,0,0,3.2093876114690032e-05,2.520506878046971e-06,7.0114559177546606e-05
184600,0.18459999999999999,0.88087169267331678,9.9999999999999974e-07,0.0013416698008291731,6.3868976588163573,2.9020443154509521,0.088201052438899558,3.4848533433654052,6.4511740824012573,-0.062969276424647641,0,0,3.2093876114690032e-05,2.4287644619662953e-06,0.00021006596198972386
184800,0.18479999999999999,0.88182604987014601,9.9999999999999974e-07,0.0012470412353116297,6.3846926271807209,2.8998385713719101,0.085994733282594923,3.4848540558088108,6.4489073236867664,-0.063002161269045523,0,0,3.2093876114690032e-05,2.4121221967198482e-06,0.00019531734856001733
185000,0.185,0.88278040706697514,9.9999999999999974e-07,0.0011506355324905882,6.3809718295587583,2.8961154570554055,0.082269560604954314,3.4848563725033528,6.4451430659275237,-0.063055012747323669,0,0,3.2093876114690032e-05,2.3180349341694019e-06,0.00018032292936327759
185200,0.1852,0.88373476426380437,9.9999999999999974e-07,0.0011675246184315387,6.3760243671766439,2.8911679570283457,0.077322039155098499,3.4848564101482982,6.4402652903353399,-0.063107864994843693,0,0,3.2094272411160796e-05,2.3721821684739128e-06,0.0001831116933056089
185400,0.18540000000000001,0.8846891214606335,9.9999999999999974e-07,0.0011977900715283462,6.3701802312096154,2.8853238213602688,0.071477903487020863,3.4848564098493466,6.4345780781107287,-0.063234739992137856,0,0,3.2094272411160796e-05,2.5888901419566344e-06,0.00018803079788229181
185600,0.18559999999999999,0.88564347865746262,9.9999999999999974e-07,0.001376186412713067,6.3706070003085378,2.8857431720210851,0.071895701603091375,3.4848638282874527,6.4351901159033638,-0.063242240695665475,0,0,3.2094272411160796e-05,3.2172411416329203e-06,0.0002160212382660579
185800,0.18579999999999999,0.88659783585429175,9.9999999999999974e-07,0.0053036530810619742,6.3749544542510037,2.8899838653169221,0.076068437194313623,3.4849705889340816,6.4436158707544022,-0.063392867352963039,0,0,3.2094272411160796e-05,3.0096582150904825e-06,0.00083195152516350062
186000,0.186,0.88755219305112099,9.9999999999999974e-07,0.00068589898321619791,6.3855272357817316,2.9005512958724338,0.086630903739231629,3.4849759399092979,6.4497166366000132,-0.063538775255863655,0,0,3.2094272411160796e-05,3.1791483875707292e-06,0.00010741462026388624
186200,0.1862,0.88850655024795011,9.9999999999999974e-07,0.0020812314111000574,6.3927842817262963,2.9070285494274852,0.09171181690773185,3.4857557322988111,6.4583010814742385,-0.063470867298002998,0,0,3.2095732219409884e-05,3.2032289409805563e-06,0.00032555946194668799
186400,0.18640000000000001,0.88946090744477935,9.9999999999999974e-07,0.0030456588135369437,6.4011691432973921,2.9145108008540026,0.097815949295126256,3.4866583424433895,6.4679282315411104,-0.063748226715980905,0,0,3.2095732219409884e-05,2.7015535803936834e-06,0.00047579727161654932
186600,0.18659999999999999,0.89041526464160836,9.9999999999999974e-07,0.00068635799266417684,6.4108494990626763,2.9239106721574473,0.10688927870316257,3.486938826905229,6.4753552785511754,-0.063854340921909766,0,0,3.2095732219409884e-05,2.8236938551628836e-06,0.00010706194128633476
186800,0.18679999999999999,0.8913696218384376,9.9999999999999974e-07,0.0024381627116811674,6.4155055638786109,2.926890754343705,0.10704677733484123,3.4886148095349059,6.4817376806198626,-0.063828839041612434,0,0,3.2095732219409884e-05,2.7892798225809083e-06,0.0003800421786567872
187000,0.187,0.89232397903526672,9.9999999999999974e-07,0.0018636288613255276,6.4209323053243068,2.9297442549022619,0.10556725149939974,3.4911880504220449,6.4865887253748973,-0.063827336082813643,0,0,3.2095732219409884e-05,2.4491613296140184e-06,0.00029024272063734208
187200,0.18720000000000001,0.89327833623209596,9.9999999999999974e-07,0.0014348772333565918,6.4244119961742516,2.9321951334148122,0.10644086698503817,3.4922168627594394,6.4896405380815994,-0.063828489129911778,0,0,3.2288793395837791e-05,2.5356625249938188e-06,0.00022334763620562688
187400,0.18739999999999998,0.89423269342892497,9.9999999999999974e-07,0.0021480093928145142,6.4241012176254078,2.9318617459376592,0.10610229498537521,3.4922394716877485,6.490036310954447,-0.063821877763181697,0,0,3.2288793395837791e-05,2.5050335611841431e-06,0.00033436730214043861
187600,0.18759999999999999,0.89518705062575421,9.9999999999999974e-07,0.00083086601743637373,6.4236347461736463,2.9302966035450337,0.10256763354040029,3.4933381426286125,6.4882849709487491,-0.063854067503342354,0,0,3.2288793395837791e-05,2.4199522797612157e-06,0.00012934515274725015
187800,0.18779999999999999,0.89614140782258334,9.9999999999999974e-07,0.0015719813610201802,6.4201537163696853,2.9266788953564791,0.098751680448013912,3.4934748210132063,6.4856064598293921,-0.063915129454351224,0,0,3.2288793395837791e-05,2.0785622688478374e-06,0.00024485104725951431
188000,0.188,0.89709576501941257,9.9999999999999974e-07,0.0028207970503774608,6.4152332377656931,2.9217579333432617,0.093829871242127508,3.4934753044224314,6.4819972561479062,-0.063977747225222106,0,0,3.2288793395837791e-05,2.2370999906594621e-06,0.0004397029610352705
188200,0.18820000000000001,0.8980501222162417,9.9999999999999974e-07,0.000426434940921928,6.4113471046581454,2.9178697159842839,0.089938444620187213,3.4934773886738615,6.4758490062369054,-0.064109921143191764,0,0,3.2309191703997171e-05,2.145313649293028e-06,6.6512533787494203e-05
188400,0.18839999999999998,0.89900447941307082,9.9999999999999974e-07,0.0014804572915699426,6.404927016207461,2.9114414236501367,0.083500473801663297,3.4934855925573243,6.4705059409811874,-0.06413323332293229,0,0,3.2309191703997171e-05,2.4566490717634436e-06,0.00023114350683835948
188600,0.18859999999999999,0.89995883660990006,9.9999999999999974e-07,0.0027860853606305799,6.3987675397917512,2.9052813104674544,0.077339620106634907,3.4934862293242968,6.4657214918688384,-0.064202353172677695,0,0,3.2309191703997171e-05,2.177264517452575e-06,0.00043540968527218187
188800,0.1888,0.90091319380672918,9.9999999999999974e-07,0.00068184859536302839,6.3953036175228366,2.9017558158374772,0.073765590879544388,3.4935478016853594,6.4602689837810852,-0.064318032339728479,0,0,3.2309191703997171e-05,2.2054851389450113e-06,0.00010661707967934388
189000,0.189,0.90186755100355842,9.9999999999999974e-07,0.0022659523595210439,6.3920673879868621,2.8984386627494119,0.070343474867120961,3.4936287252374503,6.4586293665636747,-0.064331896512352008,0,0,3.2309191703997171e-05,3.561103356874744e-06,0.0003544944416230083
189200,0.18920000000000001,0.90282190820038755,9.9999999999999995e-07,0.0038923698005141824,6.396444708216257,2.9026326674073801,0.074400223138026203,3.4938120408088769,6.4647658767743499,-0.06446453729628264,0,0,3.2309191703997171e-05,3.429346999966647e-06,0.00060852082337465045
189400,0.18940000000000001,0.90377626539721678,9.9999999999999995e-07,0.002085660163491715,6.4015558429876576,2.9077272599851258,0.079480340305498082,3.4938285830025317,6.4681050754945284,-0.064499173079973993,0,0,3.2309191703997171e-05,3.2915448911455635e-06,0.00032580519715006041
189600,0.18959999999999999,0.9047306225940458,9.9999999999999995e-07,0.0023207806900724243,6.406738816694018,2.9127366736757634,0.084275815749371832,3.4940021430182546,6.4735882515788026,-0.064564469638972291,0,0,3.2309191703997171e-05,3.5062525564175483e-06,0.0003622405652038091
189800,0.1898,0.90568497979087503,9.9999999999999995e-07,0.00066678509013521378,6.4124734113019741,2.9183563764085343,0.089866976475324212,3.4941170348934398,6.4778030302155152,-0.064698642404465045,0,0,3.2309191703997171e-05,3.4993893549520693e-06,0.00010398251148457101
190000,0.19,0.90663933698770427,9.9999999999999995e-07,0.00094227688240004239,6.4152687826940298,2.9206265430686669,0.091205158726862523,3.4946422396253629,6.4808167840149205,-0.064641431945151637,0,0,3.2309191703997171e-05,3.3983149568648052e-06,0.00014688034349269187
190200,0.19020000000000001,0.90759369418453339,9.9999999999999974e-07,0.0026960876991180905,6.4164192753760032,2.9213277480328985,0.091392509215824327,3.4950915273431047,6.4838465050776914,-0.06476649912331614,0,0,3.2318270691433283e-05,3.0388500549099464e-06,0.00042018571159536629
190400,0.19040000000000001,0.90854805138136263,9.9999999999999974e-07,0.0028265282559220796,6.4170356829202628,2.9218139239981715,0.091843868862920147,3.4952217589220913,6.4845915508408938,-0.064764813060446305,0,0,3.2318270691433283e-05,3.1551250462535365e-06,0.00044047257886460493
190600,0.19059999999999999,0.90950240857819176,9.9999999999999974e-07,0.0019527174304980106,6.4172877392168264,2.9217298063691737,0.091267551698600166,3.4955579328476527,6.4839423148821602,-0.064737183873110421,0,0,3.2318270691433283e-05,3.0073675834468286e-06,0.00030429014715433698
190800,0.1908,0.91045676577502088,9.9999999999999974e-07,0.0017511437017388098,6.4142024663370609,2.9186412428441044,0.088176668482443654,3.4955612234929565,6.4807775748883198,-0.064859517587086676,0,0,3.2318270691433283e-05,3.2344668753325192e-06,0.00027301035645961298
191000,0.191,0.91141112297185012,9.9999999999999974e-07,0.0010113741500725757,6.4081496833904428,2.9125857668169362,0.082120515218603682,3.4955639165735066,6.474106818184973,-0.064981154079082157,0,0,3.2318270691433283e-05,3.0751639332726169e-06,0.0001578262369079798
191200,0.19120000000000001,0.91236548016867924,9.9999999999999974e-07,0.0011714483314019617,6.4025605076932743,2.9069945570594977,0.076527332230215073,3.4955659506337766,6.4687144435881816,-0.065017798880588187,0,0,3.2319125476658123e-05,2.9921916058649848e-06,0.00018296560102701992
191400,0.19140000000000001,0.91331983736550848,9.9999999999999974e-07,0.00283567975174818,6.39715638460933,2.9015678993958267,0.071077252097479116,3.4955884852135033,6.4650788722023425,-0.065122290715294809,0,0,3.2319125476658123e-05,3.1637485540680181e-06,0.00044327191352870967
191600,0.19159999999999999,0.91427419456233749,9.9999999999999974e-07,0.0020008231289149665,6.3944370398889436,2.8986187384306237,0.068011910079518664,3.49581830145832,6.4615934436599742,-0.065190929981307114,0,0,3.2319125476658123e-05,3.0302137148818068e-06,0.00031290059100335066
191800,0.1918,0.91522855175916673,9.9999999999999974e-07,0.0013737589847205816,6.3962733793153577,2.9003672746514155,0.06959492096515818,3.4959061046639421,6.4628120104661129,-0.065200721696806616,0,0,3.2319125476658123e-05,3.5304052952311142e-06,0.00021477490145482581
192000,0.192,0.91618290895599586,9.9999999999999974e-07,0.0016609344473800731,6.4015048953654965,2.9055703292698292,0.074767589180419758,3.4959345660956673,6.4684591695277538,-0.065329417336072601,0,0,3.2319125476658123e-05,3.7584957187796579e-06,0.00025945999800492872
192200,0.19220000000000001,0.91713726615282509,9.9999999999999995e-07,0.0017221165348763456,6.4074695262024708,2.9115225092684605,0.080698544176644044,3.4959470169340103,6.4745528558215373,-0.065397000898095095,0,0,3.2319125476658123e-05,3.4686884279199574e-06,0.00026876702695720757
192400,0.19240000000000002,0.91809162334965422,9.9999999999999995e-07,0.001913487378183136,6.4144851134184435,2.9185101502589483,0.087659728955899907,3.4959749631594952,6.4818224304020484,-0.065459567045538028,0,0,3.2319125476658123e-05,3.4183146396681678e-06,0.00029830724436172079
192600,0.19259999999999999,0.91904598054648323,9.9999999999999995e-07,0.001130814502582205,6.4231486257177881,2.9268487414618747,0.095635211706492154,3.4962998842559134,6.48983334823573,-0.065589557409454408,0,0,3.2319125476658123e-05,3.3302686184304812e-06,0.00017605298716808632
192800,0.1928,0.92000033774331247,9.9999999999999995e-07,0.00098447237308587373,6.430150383788745,2.9335767998923177,0.10203238538656181,3.4965735838964274,6.4966786265501577,-0.065579283802803423,0,0,3.2319125476658123e-05,3.1942890003926853e-06,0.00015310254260426912
193000,0.193,0.9209546949401417,9.9999999999999995e-07,0.0020475509696326615,6.4344490701326613,2.937009571254904,0.1039689555102645,3.4974394988777573,6.5021375111470361,-0.065676499760097373,0,0,3.2319125476658123e-05,3.290589878664412e-06,0.00031821698288622035
193200,0.19320000000000001,0.92190905213697083,9.9999999999999974e-07,0.0013061557310697261,6.4388905806022381,2.9394883076356075,0.10303442918816307,3.4994022729666305,6.5058884568675488,-0.065727120159750477,0,0,3.2370527828205097e-05,3.0290976809447818e-06,0.00020285415860375741
193400,0.19340000000000002,0.92286340933380007,9.9999999999999974e-07,0.00055440259120691758,6.4417475957356976,2.9417558018751224,0.10430112666226109,3.4999917938605751,6.507949114950601,-0.065682259897076226,0,0,3.2370527828205097e-05,2.7727455513097416e-06,8.6064004055967755e-05
193600,0.19359999999999999,0.92381776653062908,9.9999999999999974e-07,0.0012980090238846761,6.4412337059820874,2.9412174364604451,0.1037353209893729,3.5000162695216424,6.5082775233176191,-0.065781091962509947,0,0,3.2370527828205097e-05,2.9131230350719079e-06,0.00020151559206417122
193800,0.1938,0.92477212372745821,9.9999999999999974e-07,0.0013970665584779743,6.4394195129745926,2.9390595149782848,0.10124788952736426,3.5003599979963078,6.5065592712059575,-0.065777731271658799,0,0,3.2370527828205097e-05,2.6690709434388788e-06,0.00021695535687076559
194000,0.19400000000000001,0.92572648092428744,9.9999999999999974e-07,0.00078226296510094202,6.4364593143957061,2.9360056160534134,0.098094776913908152,3.5004536983422927,6.5030008080390287,-0.065794592426603377,0,0,3.2370527828205097e-05,2.9912205538571996e-06,0.00012153622463694321
194200,0.19420000000000001,0.92668083812111668,9.9999999999999974e-07,0.0011646492293990499,6.4312264647256585,2.9307581395853002,0.092845488916789828,3.5004683251403583,6.4982356801083849,-0.065879750777218818,0,0,3.2412610237716777e-05,2.7720136539790771e-06,0.00018109286553458838
194400,0.19440000000000002,0.9276351953179458,9.9999999999999974e-07,0.0013710009244883882,6.4245556970202458,2.9240873727002472,0.086174722031737566,3.5004683243199985,6.4918870623090692,-0.065995448357733619,0,0,3.2412610237716777e-05,2.6713831611793412e-06,0.00021340011498760422
194600,0.1946,0.92858955251477493,9.9999999999999974e-07,0.0014252659770005031,6.4185628896752611,2.9180937497096342,0.080179749901439806,3.5004691399656269,6.4859797867236599,-0.066026769098187804,0,0,3.2412610237716777e-05,2.7254165519271731e-06,0.00022205375276343402
194800,0.1948,0.92954390971160405,9.9999999999999974e-07,0.00098312280998335221,6.4136698052474737,2.9132006657284846,0.075286665920292775,3.5004691395189891,6.4807631132723644,-0.066145552764482127,0,0,3.2412610237716777e-05,2.9549393368857532e-06,0.0001532855354011194
195000,0.19500000000000001,0.93049826690843329,9.9999999999999974e-07,0.0010050574835949032,6.4088351298439408,2.9083644870318532,0.070448208529314035,3.5004706428120875,6.4760171181150596,-0.066212019841124875,0,0,3.2412610237716777e-05,2.6764433632006309e-06,0.00015682373835998134
195200,0.19520000000000001,0.93145262410526253,9.9999999999999995e-07,0.001924183574050895,6.4059649136058683,2.9054886023887749,0.06756548070243952,3.5004763112170934,6.4740932107332743,-0.066239133153745952,0,0,3.2412610237716777e-05,2.6069901531424963e-06,0.00030037372979737205
195400,0.19540000000000002,0.93240698130209165,9.9999999999999995e-07,0.00094923975127426485,6.4076895143704444,2.9069788281544766,0.068805531065772571,3.5007106862159678,6.474855128210705,-0.066252409839694132,0,0,3.2412610237716777e-05,3.6231404701300371e-06,0.00014814072204113774
195600,0.1956,0.93336133849892078,9.9999999999999995e-07,0.002104047554697687,6.4100178572519777,2.9092915586739094,0.071106264420007864,3.5007262985780683,6.4783842286942042,-0.066298343751518274,0,0,3.2412610237716777e-05,3.60725375216111e-06,0.00032824363387962667
195800,0.1958,0.9343156956957499,9.9999999999999995e-07,0.0019146829171862571,6.4139685434010429,2.9132421801253714,0.075056780366684769,3.5007263632756715,6.4822254590310964,-0.066378145065675451,0,0,3.2412610237716777e-05,3.4997425704122117e-06,0.00029851766565898772
196000,0.19600000000000001,0.93527005289257914,9.9999999999999995e-07,0.0019923185985645689,6.4171124110734139,2.9163284072471267,0.078071185822928629,3.5007840038262872,6.4854537788259137,-0.066384748193379181,0,0,3.2412610237716777e-05,3.286429206550667e-06,0.00031046964287653896
196200,0.19620000000000001,0.93622441008940827,9.9999999999999995e-07,0.00074354141349028857,6.4205897544239052,2.9197988599174756,0.081536787313432002,3.5007908945064297,6.48765803645699,-0.066360562010770507,0,0,3.2412610237716777e-05,3.4087809379776065e-06,0.00011580578138915896
196400,0.19640000000000002,0.9371787672862375,9.9999999999999995e-07,0.0013539009403307515,6.4211532605956956,2.9203439909268063,0.082066933538119405,3.5008092696688893,6.4889020903194066,-0.066430864877520535,0,0,3.2412610237716777e-05,3.5234839029926409e-06,0.00021085012074686861
196600,0.1966,0.93813312448306652,9.9999999999999995e-07,0.0023648786332277892,6.4204687769393942,2.9196486547594627,0.081363517846564121,3.5008201221799315,6.4892340276152236,-0.066436073383086214,0,0,3.2412610237716777e-05,3.2887302466452436e-06,0.00036833426271330847
196800,0.1968,0.93908748167989575,9.9999999999999995e-07,0.00090350581595388961,6.420940075279991,2.9200540656508669,0.081759203613899517,3.5008860096291241,6.4882297487163232,-0.066422132040173484,0,0,3.2412610237716777e-05,3.5518095572453442e-06,0.00014071238874075481
197000,0.19700000000000001,0.94004183887672488,9.9999999999999995e-07,0.00083427186750734041,6.4190581120229142,2.9181655029706159,0.079869612035163615,3.5008926090522983,6.4863605933854007,-0.06650411604812978,0,0,3.2412610237716777e-05,3.4939429129495988e-06,0.0001299679568167091
197200,0.19720000000000001,0.94099619607355411,9.9999999999999995e-07,0.0023550309194229416,6.4152386522625893,2.9143460437946329,0.07605015285918125,3.5008926084679564,6.4840755969010617,-0.066517558195374263,0,0,3.2412640522791776e-05,3.2318358021473915e-06,0.0003670995027741246
197400,0.19740000000000002,0.94195055327038324,9.9999999999999995e-07,0.0015214936471944641,6.4127202150521931,2.911818876925897,0.073522811639194316,3.5009013381262961,6.4807638941021981,-0.066558046062508605,0,0,3.2412640522791776e-05,3.4480191754057411e-06,0.0002372618165413101
197600,0.1976,0.94290491046721236,9.9999999999999995e-07,0.0011511257657687156,6.4089382046138468,2.9080368671025276,0.069740801815823539,3.5009013375113192,6.4766971978896795,-0.066643809449387664,0,0,3.2412640522791776e-05,3.5292988007831473e-06,0.00017961255500014195
197800,0.1978,0.94385926766404149,9.9999999999999995e-07,0.0020174764594836272,6.4072732921029836,2.9063696102095298,0.068071783751128767,3.5009036818934538,6.4759149865743328,-0.066660113240647953,0,0,3.2412640522791776e-05,3.4825882596953007e-06,0.00031487285893832298
198000,0.19800000000000001,0.94481362486087073,9.9999999999999995e-07,0.0021272612645006003,6.4071634087060492,2.9059580268512826,0.067440188954250344,3.5012053818547666,6.4759149865743328,-0.066660113240647953,0,0,3.2412640522791776e-05,3.3839963419543252e-06,0.00033201295624988729
198200,0.19820000000000002,0.94576798205769996,9.9999999999999995e-07,0.0019059772689921602,6.4073845342613378,2.905926179595494,0.067240021516040749,3.5014583546658438,6.4759149865743328,-0.066660113240647953,0,0,3.2412640522791776e-05,3.225556121899369e-06,0.00029746572237089667
198400,0.19839999999999999,0.94672233925452898,9.9999999999999995e-07,0.00099262560807367802,6.4084914362996024,2.90703175324815,0.068343399743056962,3.5014596830514524,6.4761040382373052,-0.066656434146355525,0,0,3.2412640522791776e-05,4.0451762038287421e-06,0.00015489224226019111
198600,0.1986,0.94767669645135821,9.9999999999999995e-07,0.0025002502685221046,6.4089190752411378,2.9074592905063659,0.068770861905018757,3.5014597847347719,6.4780742767909505,-0.06669158715759109,0,0,3.2412640522791776e-05,4.2232357774560071e-06,0.00039012043047649683
198800,0.1988,0.94863105364818734,9.9999999999999995e-07,0.0027209565677475656,6.4112247918009517,2.9096793364382609,0.070939257281317072,3.5015454553626908,6.4805968369060416,-0.066687632743205813,0,0,3.2412640522791776e-05,4.1315653408810206e-06,0.00042440511074066277
199000,0.19900000000000001,0.94958541084501658,9.9999999999999995e-07,0.0012954727997056897,6.4155461524078179,2.9139969833639987,0.07525109077628922,3.5015491690438192,6.4834866748245004,-0.066681393395753019,0,0,3.2412640522791776e-05,3.9311382536346963e-06,0.00020192712653457974
199200,0.19920000000000002,0.9505397680418457,9.9999999999999995e-07,0.0020629435201392826,6.4167520867580619,2.9152001748160332,0.076449487162530153,3.5015519119420286,6.4855207015000751,-0.066742243847405625,0,0,3.2412661485687332e-05,4.1599640456185813e-06,0.00032149341165859882
199387,0.19938640818852435,0.95142926802317618,9.9999999999999995e-07,0.0016465593228594255,6.4188849695186683,2.9171239078228526,0.078017691854028764,3.5017610616958157,6.4871998715937984,-0.066704860456070283,0,0,3.2412661485687332e-05,4.1050423136368427e-06,0.00025651796701116076
