node,X,Y,Z,ux,uy,uz
0,-0.02,-0.02,-0.001,0,0,0
1,-0.019166666666666669,-0.02,-0.001,0,0,0
2,-0.018333333333333333,-0.02,-0.001,0,0,0
3,-0.017500000000000002,-0.02,-0.001,0,0,0
4,-0.016666666666666666,-0.02,-0.001,0,0,0
5,-0.015833333333333335,-0.02,-0.001,0,0,0
6,-0.014999999999999999,-0.02,-0.001,0,0,0
7,-0.014166666666666668,-0.02,-0.001,0,0,0
8,-0.013333333333333332,-0.02,-0.001,0,0,0
9,-0.012500000000000001,-0.02,-0.001,0,0,0
10,-0.011666666666666667,-0.02,-0.001,0,0,0
11,-0.010833333333333334,-0.02,-0.001,0,0,0
12,-0.01,-0.02,-0.001,0,0,0
13,-0.0091666666666666667,-0.02,-0.001,0,0,0
14,-0.0083333333333333332,-0.02,-0.001,0,0,0
15,-0.0074999999999999997,-0.02,-0.001,0,0,0
16,-0.0066666666666666662,-0.02,-0.001,0,0,0
17,-0.0058333333333333327,-0.02,-0.001,0,0,0
18,-0.0049999999999999992,-0.02,-0.001,0,0,0
19,-0.0041666666666666657,-0.02,-0.001,0,0,0
20,-0.003333333333333334,-0.02,-0.001,0,0,0
21,-0.0024999999999999988,-0.02,-0.001,0,0,0
22,-0.001666666666666667,-0.02,-0.001,0,0,0
23,-0.00083333333333333176,-0.02,-0.001,0,0,0
24,0,-0.02,-0.001,0,0,0
25,0.00083333333333333523,-0.02,-0.001,0,0,0
26,0.001666666666666667,-0.02,-0.001,0,0,0
27,0.0025000000000000022,-0.02,-0.001,0,0,0
28,0.003333333333333334,-0.02,-0.001,0,0,0
29,0.0041666666666666692,-0.02,-0.001,0,0,0
30,0.005000000000000001,-0.02,-0.001,0,0,0
31,0.0058333333333333362,-0.02,-0.001,0,0,0
32,0.006666666666666668,-0.02,-0.001,0,0,0
33,0.0074999999999999997,-0.02,-0.001,0,0,0
34,0.008333333333333335,-0.02,-0.001,0,0,0
35,0.0091666666666666667,-0.02,-0.001,0,0,0
36,0.010000000000000002,-0.02,-0.001,0,0,0
37,0.010833333333333334,-0.02,-0.001,0,0,0
38,0.011666666666666669,-0.02,-0.001,0,0,0
39,0.012500000000000001,-0.02,-0.001,0,0,0
40,0.013333333333333332,-0.02,-0.001,0,0,0
41,0.014166666666666671,-0.02,-0.001,0,0,0
42,0.015000000000000003,-0.02,-0.001,0,0,0
43,0.015833333333333335,-0.02,-0.001,0,0,0
44,0.016666666666666666,-0.02,-0.001,0,0,0
45,0.017500000000000005,-0.02,-0.001,0,0,0
46,0.018333333333333337,-0.02,-0.001,0,0,0
47,0.019166666666666669,-0.02,-0.001,0,0,0
48,0.02,-0.02,-0.001,0,0,0
49,-0.02,-0.019166666666666669,-0.001,0,0,0
50,-0.019166666666666669,-0.019166666666666669,-0.001,0,0,0
51,-0.018333333333333333,-0.019166666666666669,-0.001,0,0,0
52,-0.017500000000000002,-0.019166666666666669,-0.001,0,0,0
53,-0.016666666666666666,-0.019166666666666669,-0.001,0,0,0
54,-0.015833333333333335,-0.019166666666666669,-0.001,0,0,0
55,-0.014999999999999999,-0.019166666666666669,-0.001,0,0,0
56,-0.014166666666666668,-0.019166666666666669,-0.001,0,0,0
57,-0.013333333333333332,-0.019166666666666669,-0.001,0,0,0
58,-0.012500000000000001,-0.019166666666666669,-0.001,0,0,0
59,-0.011666666666666667,-0.019166666666666669,-0.001,0,0,0
60,-0.010833333333333334,-0.019166666666666669,-0.001,0,0,0
61,-0.01,-0.019166666666666669,-0.001,0,0,0
62,-0.0091666666666666667,-0.019166666666666669,-0.001,0,0,0
63,-0.0083333333333333332,-0.019166666666666669,-0.001,0,0,0
64,-0.0074999999999999997,-0.019166666666666669,-0.001,0,0,0
65,-0.0066666666666666662,-0.019166666666666669,-0.001,0,0,0
66,-0.0058333333333333327,-0.019166666666666669,-0.001,0,0,0
67,-0.0049999999999999992,-0.019166666666666669,-0.001,0,0,0
68,-0.0041666666666666657,-0.019166666666666669,-0.001,0,0,0
69,-0.003333333333333334,-0.019166666666666669,-0.001,0,0,0
70,-0.0024999999999999988,-0.019166666666666669,-0.001,0,0,0
71,-0.001666666666666667,-0.019166666666666669,-0.001,0,0,0
72,-0.00083333333333333176,-0.019166666666666669,-0.001,0,0,0
73,0,-0.019166666666666669,-0.001,0,0,0
74,0.00083333333333333523,-0.019166666666666669,-0.001,0,0,0
75,0.001666666666666667,-0.019166666666666669,-0.001,0,0,0
76,0.0025000000000000022,-0.019166666666666669,-0.001,0,0,0
77,0.003333333333333334,-0.019166666666666669,-0.001,0,0,0
78,0.0041666666666666692,-0.019166666666666669,-0.001,0,0,0
79,0.005000000000000001,-0.019166666666666669,-0.001,0,0,0
80,0.0058333333333333362,-0.019166666666666669,-0.001,0,0,0
81,0.006666666666666668,-0.019166666666666669,-0.001,0,0,0
82,0.0074999999999999997,-0.019166666666666669,-0.001,0,0,0
83,0.008333333333333335,-0.019166666666666669,-0.001,0,0,0
84,0.0091666666666666667,-0.019166666666666669,-0.001,0,0,0
85,0.010000000000000002,-0.019166666666666669,-0.001,0,0,0
86,0.010833333333333334,-0.019166666666666669,-0.001,0,0,0
87,0.011666666666666669,-0.019166666666666669,-0.001,0,0,0
88,0.012500000000000001,-0.019166666666666669,-0.001,0,0,0
89,0.013333333333333332,-0.019166666666666669,-0.001,0,0,0
90,0.014166666666666671,-0.019166666666666669,-0.001,0,0,0
91,0.015000000000000003,-0.019166666666666669,-0.001,0,0,0
92,0.015833333333333335,-0.019166666666666669,-0.001,0,0,0
93,0.016666666666666666,-0.019166666666666669,-0.001,0,0,0
94,0.017500000000000005,-0.019166666666666669,-0.001,0,0,0
95,0.018333333333333337,-0.019166666666666669,-0.001,0,0,0
96,0.019166666666666669,-0.019166666666666669,-0.001,0,0,0
97,0.02,-0.019166666666666669,-0.001,0,0,0
98,-0.02,-0.018333333333333333,-0.001,0,0,0
99,-0.019166666666666669,-0.018333333333333333,-0.001,0,0,0
100,-0.018333333333333333,-0.018333333333333333,-0.001,0,0,0
101,-0.017500000000000002,-0.018333333333333333,-0.001,0,0,0
102,-0.016666666666666666,-0.018333333333333333,-0.001,0,0,0
103,-0.015833333333333335,-0.018333333333333333,-0.001,0,0,0
104,-0.014999999999999999,-0.018333333333333333,-0.001,0,0,0
105,-0.014166666666666668,-0.018333333333333333,-0.001,0,0,0
106,-0.013333333333333332,-0.018333333333333333,-0.001,0,0,0
107,-0.012500000000000001,-0.018333333333333333,-0.001,0,0,0
108,-0.011666666666666667,-0.018333333333333333,-0.001,0,0,0
109,-0.010833333333333334,-0.018333333333333333,-0.001,0,0,0
110,-0.01,-0.018333333333333333,-0.001,0,0,0
111,-0.0091666666666666667,-0.018333333333333333,-0.001,0,0,0
112,-0.0083333333333333332,-0.018333333333333333,-0.001,0,0,0
113,-0.0074999999999999997,-0.018333333333333333,-0.001,0,0,0
114,-0.0066666666666666662,-0.018333333333333333,-0.001,0,0,0
115,-0.0058333333333333327,-0.018333333333333333,-0.001,0,0,0
116,-0.0049999999999999992,-0.018333333333333333,-0.001,0,0,0
117,-0.0041666666666666657,-0.018333333333333333,-0.001,0,0,0
118,-0.003333333333333334,-0.018333333333333333,-0.001,0,0,0
119,-0.0024999999999999988,-0.018333333333333333,-0.001,0,0,0
120,-0.001666666666666667,-0.018333333333333333,-0.001,0,0,0
121,-0.00083333333333333176,-0.018333333333333333,-0.001,0,0,0
122,0,-0.018333333333333333,-0.001,0,0,0
123,0.00083333333333333523,-0.018333333333333333,-0.001,0,0,0
124,0.001666666666666667,-0.018333333333333333,-0.001,0,0,0
125,0.0025000000000000022,-0.018333333333333333,-0.001,0,0,0
126,0.003333333333333334,-0.018333333333333333,-0.001,0,0,0
127,0.0041666666666666692,-0.018333333333333333,-0.001,0,0,0
128,0.005000000000000001,-0.018333333333333333,-0.001,0,0,0
129,0.0058333333333333362,-0.018333333333333333,-0.001,0,0,0
130,0.006666666666666668,-0.018333333333333333,-0.001,0,0,0
131,0.0074999999999999997,-0.018333333333333333,-0.001,0,0,0
132,0.008333333333333335,-0.018333333333333333,-0.001,0,0,0
133,0.0091666666666666667,-0.018333333333333333,-0.001,0,0,0
134,0.010000000000000002,-0.018333333333333333,-0.001,0,0,0
135,0.010833333333333334,-0.018333333333333333,-0.001,0,0,0
136,0.011666666666666669,-0.018333333333333333,-0.001,0,0,0
137,0.012500000000000001,-0.018333333333333333,-0.001,0,0,0
138,0.013333333333333332,-0.018333333333333333,-0.001,0,0,0
139,0.014166666666666671,-0.018333333333333333,-0.001,0,0,0
140,0.015000000000000003,-0.018333333333333333,-0.001,0,0,0
141,0.015833333333333335,-0.018333333333333333,-0.001,0,0,0
142,0.016666666666666666,-0.018333333333333333,-0.001,0,0,0
143,0.017500000000000005,-0.018333333333333333,-0.001,0,0,0
144,0.018333333333333337,-0.018333333333333333,-0.001,0,0,0
145,0.019166666666666669,-0.018333333333333333,-0.001,0,0,0
146,0.02,-0.018333333333333333,-0.001,0,0,0
147,-0.02,-0.017500000000000002,-0.001,0,0,0
148,-0.019166666666666669,-0.017500000000000002,-0.001,0,0,0
149,-0.018333333333333333,-0.017500000000000002,-0.001,0,0,0
150,-0.017500000000000002,-0.017500000000000002,-0.001,0,0,0
151,-0.016666666666666666,-0.017500000000000002,-0.001,0,0,0
152,-0.015833333333333335,-0.017500000000000002,-0.001,0,0,0
153,-0.014999999999999999,-0.017500000000000002,-0.001,0,0,0
154,-0.014166666666666668,-0.017500000000000002,-0.001,0,0,0
155,-0.013333333333333332,-0.017500000000000002,-0.001,0,0,0
156,-0.012500000000000001,-0.017500000000000002,-0.001,0,0,0
157,-0.011666666666666667,-0.017500000000000002,-0.001,0,0,0
158,-0.010833333333333334,-0.017500000000000002,-0.001,0,0,0
159,-0.01,-0.017500000000000002,-0.001,0,0,0
160,-0.0091666666666666667,-0.017500000000000002,-0.001,0,0,0
161,-0.0083333333333333332,-0.017500000000000002,-0.001,0,0,0
162,-0.0074999999999999997,-0.017500000000000002,-0.001,0,0,0
163,-0.0066666666666666662,-0.017500000000000002,-0.001,0,0,0
164,-0.0058333333333333327,-0.017500000000000002,-0.001,0,0,0
165,-0.0049999999999999992,-0.017500000000000002,-0.001,0,0,0
166,-0.0041666666666666657,-0.017500000000000002,-0.001,0,0,0
167,-0.003333333333333334,-0.017500000000000002,-0.001,0,0,0
168,-0.0024999999999999988,-0.017500000000000002,-0.001,0,0,0
169,-0.001666666666666667,-0.017500000000000002,-0.001,0,0,0
170,-0.00083333333333333176,-0.017500000000000002,-0.001,0,0,0
171,0,-0.017500000000000002,-0.001,0,0,0
172,0.00083333333333333523,-0.017500000000000002,-0.001,0,0,0
173,0.001666666666666667,-0.017500000000000002,-0.001,0,0,0
174,0.0025000000000000022,-0.017500000000000002,-0.001,0,0,0
175,0.003333333333333334,-0.017500000000000002,-0.001,0,0,0
176,0.0041666666666666692,-0.017500000000000002,-0.001,0,0,0
177,0.005000000000000001,-0.017500000000000002,-0.001,0,0,0
178,0.0058333333333333362,-0.017500000000000002,-0.001,0,0,0
179,0.006666666666666668,-0.017500000000000002,-0.001,0,0,0
180,0.0074999999999999997,-0.017500000000000002,-0.001,0,0,0
181,0.008333333333333335,-0.017500000000000002,-0.001,0,0,0
182,0.0091666666666666667,-0.017500000000000002,-0.001,0,0,0
183,0.010000000000000002,-0.017500000000000002,-0.001,0,0,0
184,0.010833333333333334,-0.017500000000000002,-0.001,0,0,0
185,0.011666666666666669,-0.017500000000000002,-0.001,0,0,0
186,0.012500000000000001,-0.017500000000000002,-0.001,0,0,0
187,0.013333333333333332,-0.017500000000000002,-0.001,0,0,0
188,0.014166666666666671,-0.017500000000000002,-0.001,0,0,0
189,0.015000000000000003,-0.017500000000000002,-0.001,0,0,0
190,0.015833333333333335,-0.017500000000000002,-0.001,0,0,0
191,0.016666666666666666,-0.017500000000000002,-0.001,0,0,0
192,0.017500000000000005,-0.017500000000000002,-0.001,0,0,0
193,0.018333333333333337,-0.017500000000000002,-0.001,0,0,0
194,0.019166666666666669,-0.017500000000000002,-0.001,0,0,0
195,0.02,-0.017500000000000002,-0.001,0,0,0
196,-0.02,-0.016666666666666666,-0.001,0,0,0
197,-0.019166666666666669,-0.016666666666666666,-0.001,0,0,0
198,-0.018333333333333333,-0.016666666666666666,-0.001,0,0,0
199,-0.017500000000000002,-0.016666666666666666,-0.001,0,0,0
200,-0.016666666666666666,-0.016666666666666666,-0.001,0,0,0
201,-0.015833333333333335,-0.016666666666666666,-0.001,0,0,0
202,-0.014999999999999999,-0.016666666666666666,-0.001,0,0,0
203,-0.014166666666666668,-0.016666666666666666,-0.001,0,0,0
204,-0.013333333333333332,-0.016666666666666666,-0.001,0,0,0
205,-0.012500000000000001,-0.016666666666666666,-0.001,0,0,0
206,-0.011666666666666667,-0.016666666666666666,-0.001,0,0,0
207,-0.010833333333333334,-0.016666666666666666,-0.001,0,0,0
208,-0.01,-0.016666666666666666,-0.001,0,0,0
209,-0.0091666666666666667,-0.016666666666666666,-0.001,0,0,0
210,-0.0083333333333333332,-0.016666666666666666,-0.001,0,0,0
211,-0.0074999999999999997,-0.016666666666666666,-0.001,0,0,0
212,-0.0066666666666666662,-0.016666666666666666,-0.001,0,0,0
213,-0.0058333333333333327,-0.016666666666666666,-0.001,0,0,0
214,-0.0049999999999999992,-0.016666666666666666,-0.001,0,0,0
215,-0.0041666666666666657,-0.016666666666666666,-0.001,0,0,0
216,-0.003333333333333334,-0.016666666666666666,-0.001,0,0,0
217,-0.0024999999999999988,-0.016666666666666666,-0.001,0,0,0
218,-0.001666666666666667,-0.016666666666666666,-0.001,0,0,0
219,-0.00083333333333333176,-0.016666666666666666,-0.001,0,0,0
220,0,-0.016666666666666666,-0.001,0,0,0
221,0.00083333333333333523,-0.016666666666666666,-0.001,0,0,0
222,0.001666666666666667,-0.016666666666666666,-0.001,0,0,0
223,0.0025000000000000022,-0.016666666666666666,-0.001,0,0,0
224,0.003333333333333334,-0.016666666666666666,-0.001,0,0,0
225,0.0041666666666666692,-0.016666666666666666,-0.001,0,0,0
226,0.005000000000000001,-0.016666666666666666,-0.001,0,0,0
227,0.0058333333333333362,-0.016666666666666666,-0.001,0,0,0
228,0.006666666666666668,-0.016666666666666666,-0.001,0,0,0
229,0.0074999999999999997,-0.016666666666666666,-0.001,0,0,0
230,0.008333333333333335,-0.016666666666666666,-0.001,0,0,0
231,0.0091666666666666667,-0.016666666666666666,-0.001,0,0,0
232,0.010000000000000002,-0.016666666666666666,-0.001,0,0,0
233,0.010833333333333334,-0.016666666666666666,-0.001,0,0,0
234,0.011666666666666669,-0.016666666666666666,-0.001,0,0,0
235,0.012500000000000001,-0.016666666666666666,-0.001,0,0,0
236,0.013333333333333332,-0.016666666666666666,-0.001,0,0,0
237,0.014166666666666671,-0.016666666666666666,-0.001,0,0,0
238,0.015000000000000003,-0.016666666666666666,-0.001,0,0,0
239,0.015833333333333335,-0.016666666666666666,-0.001,0,0,0
240,0.016666666666666666,-0.016666666666666666,-0.001,0,0,0
241,0.017500000000000005,-0.016666666666666666,-0.001,0,0,0
242,0.018333333333333337,-0.016666666666666666,-0.001,0,0,0
243,0.019166666666666669,-0.016666666666666666,-0.001,0,0,0
244,0.02,-0.016666666666666666,-0.001,0,0,0
245,-0.02,-0.015833333333333335,-0.001,0,0,0
246,-0.019166666666666669,-0.015833333333333335,-0.001,0,0,0
247,-0.018333333333333333,-0.015833333333333335,-0.001,0,0,0
248,-0.017500000000000002,-0.015833333333333335,-0.001,0,0,0
249,-0.016666666666666666,-0.015833333333333335,-0.001,0,0,0
250,-0.015833333333333335,-0.015833333333333335,-0.001,0,0,0
251,-0.014999999999999999,-0.015833333333333335,-0.001,0,0,0
252,-0.014166666666666668,-0.015833333333333335,-0.001,0,0,0
253,-0.013333333333333332,-0.015833333333333335,-0.001,0,0,0
254,-0.012500000000000001,-0.015833333333333335,-0.001,0,0,0
255,-0.011666666666666667,-0.015833333333333335,-0.001,0,0,0
256,-0.010833333333333334,-0.015833333333333335,-0.001,0,0,0
257,-0.01,-0.015833333333333335,-0.001,0,0,0
258,-0.0091666666666666667,-0.015833333333333335,-0.001,0,0,0
259,-0.0083333333333333332,-0.015833333333333335,-0.001,0,0,0
260,-0.0074999999999999997,-0.015833333333333335,-0.001,0,0,0
261,-0.0066666666666666662,-0.015833333333333335,-0.001,0,0,0
262,-0.0058333333333333327,-0.015833333333333335,-0.001,0,0,0
263,-0.0049999999999999992,-0.015833333333333335,-0.001,0,0,0
264,-0.0041666666666666657,-0.015833333333333335,-0.001,0,0,0
265,-0.003333333333333334,-0.015833333333333335,-0.001,0,0,0
266,-0.0024999999999999988,-0.015833333333333335,-0.001,0,0,0
267,-0.001666666666666667,-0.015833333333333335,-0.001,0,0,0
268,-0.00083333333333333176,-0.015833333333333335,-0.001,0,0,0
269,0,-0.015833333333333335,-0.001,0,0,0
270,0.00083333333333333523,-0.015833333333333335,-0.001,0,0,0
271,0.001666666666666667,-0.015833333333333335,-0.001,0,0,0
272,0.0025000000000000022,-0.015833333333333335,-0.001,0,0,0
273,0.003333333333333334,-0.015833333333333335,-0.001,0,0,0
274,0.0041666666666666692,-0.015833333333333335,-0.001,0,0,0
275,0.005000000000000001,-0.015833333333333335,-0.001,0,0,0
276,0.0058333333333333362,-0.015833333333333335,-0.001,0,0,0
277,0.006666666666666668,-0.015833333333333335,-0.001,0,0,0
278,0.0074999999999999997,-0.015833333333333335,-0.001,0,0,0
279,0.008333333333333335,-0.015833333333333335,-0.001,0,0,0
280,0.0091666666666666667,-0.015833333333333335,-0.001,0,0,0
281,0.010000000000000002,-0.015833333333333335,-0.001,0,0,0
282,0.010833333333333334,-0.015833333333333335,-0.001,0,0,0
283,0.011666666666666669,-0.015833333333333335,-0.001,0,0,0
284,0.012500000000000001,-0.015833333333333335,-0.001,0,0,0
285,0.013333333333333332,-0.015833333333333335,-0.001,0,0,0
286,0.014166666666666671,-0.015833333333333335,-0.001,0,0,0
287,0.015000000000000003,-0.015833333333333335,-0.001,0,0,0
288,0.015833333333333335,-0.015833333333333335,-0.001,0,0,0
289,0.016666666666666666,-0.015833333333333335,-0.001,0,0,0
290,0.017500000000000005,-0.015833333333333335,-0.001,0,0,0
291,0.018333333333333337,-0.015833333333333335,-0.001,0,0,0
292,0.019166666666666669,-0.015833333333333335,-0.001,0,0,0
293,0.02,-0.015833333333333335,-0.001,0,0,0
294,-0.02,-0.014999999999999999,-0.001,0,0,0
295,-0.019166666666666669,-0.014999999999999999,-0.001,0,0,0
296,-0.018333333333333333,-0.014999999999999999,-0.001,0,0,0
297,-0.017500000000000002,-0.014999999999999999,-0.001,0,0,0
298,-0.016666666666666666,-0.014999999999999999,-0.001,0,0,0
299,-0.015833333333333335,-0.014999999999999999,-0.001,0,0,0
300,-0.014999999999999999,-0.014999999999999999,-0.001,0,0,0
301,-0.014166666666666668,-0.014999999999999999,-0.001,0,0,0
302,-0.013333333333333332,-0.014999999999999999,-0.001,0,0,0
303,-0.012500000000000001,-0.014999999999999999,-0.001,0,0,0
304,-0.011666666666666667,-0.014999999999999999,-0.001,0,0,0
305,-0.010833333333333334,-0.014999999999999999,-0.001,0,0,0
306,-0.01,-0.014999999999999999,-0.001,0,0,0
307,-0.0091666666666666667,-0.014999999999999999,-0.001,0,0,0
308,-0.0083333333333333332,-0.014999999999999999,-0.001,0,0,0
309,-0.0074999999999999997,-0.014999999999999999,-0.001,0,0,0
310,-0.0066666666666666662,-0.014999999999999999,-0.001,0,0,0
311,-0.0058333333333333327,-0.014999999999999999,-0.001,0,0,0
312,-0.0049999999999999992,-0.014999999999999999,-0.001,0,0,0
313,-0.0041666666666666657,-0.014999999999999999,-0.001,0,0,0
314,-0.003333333333333334,-0.014999999999999999,-0.001,0,0,0
315,-0.0024999999999999988,-0.014999999999999999,-0.001,0,0,0
316,-0.001666666666666667,-0.014999999999999999,-0.001,0,0,0
317,-0.00083333333333333176,-0.014999999999999999,-0.001,0,0,0
318,0,-0.014999999999999999,-0.001,0,0,0
319,0.00083333333333333523,-0.014999999999999999,-0.001,0,0,0
320,0.001666666666666667,-0.014999999999999999,-0.001,0,0,0
321,0.0025000000000000022,-0.014999999999999999,-0.001,0,0,0
322,0.003333333333333334,-0.014999999999999999,-0.001,0,0,0
323,0.0041666666666666692,-0.014999999999999999,-0.001,0,0,0
324,0.005000000000000001,-0.014999999999999999,-0.001,0,0,0
325,0.0058333333333333362,-0.014999999999999999,-0.001,0,0,0
326,0.006666666666666668,-0.014999999999999999,-0.001,0,0,0
327,0.0074999999999999997,-0.014999999999999999,-0.001,0,0,0
328,0.008333333333333335,-0.014999999999999999,-0.001,0,0,0
329,0.0091666666666666667,-0.014999999999999999,-0.001,0,0,0
330,0.010000000000000002,-0.014999999999999999,-0.001,0,0,0
331,0.010833333333333334,-0.014999999999999999,-0.001,0,0,0
332,0.011666666666666669,-0.014999999999999999,-0.001,0,0,0
333,0.012500000000000001,-0.014999999999999999,-0.001,0,0,0
334,0.013333333333333332,-0.014999999999999999,-0.001,0,0,0
335,0.014166666666666671,-0.014999999999999999,-0.001,0,0,0
336,0.015000000000000003,-0.014999999999999999,-0.001,0,0,0
337,0.015833333333333335,-0.014999999999999999,-0.001,0,0,0
338,0.016666666666666666,-0.014999999999999999,-0.001,0,0,0
339,0.017500000000000005,-0.014999999999999999,-0.001,0,0,0
340,0.018333333333333337,-0.014999999999999999,-0.001,0,0,0
341,0.019166666666666669,-0.014999999999999999,-0.001,0,0,0
342,0.02,-0.014999999999999999,-0.001,0,0,0
343,-0.02,-0.014166666666666668,-0.001,0,0,0
344,-0.019166666666666669,-0.014166666666666668,-0.001,0,0,0
345,-0.018333333333333333,-0.014166666666666668,-0.001,0,0,0
346,-0.017500000000000002,-0.014166666666666668,-0.001,0,0,0
347,-0.016666666666666666,-0.014166666666666668,-0.001,0,0,0
348,-0.015833333333333335,-0.014166666666666668,-0.001,0,0,0
349,-0.014999999999999999,-0.014166666666666668,-0.001,0,0,0
350,-0.014166666666666668,-0.014166666666666668,-0.001,4.7623349246151941e-08,4.3487431385460884e-08,2.3348535314997789e-08
351,-0.013333333333333332,-0.014166666666666668,-0.001,9.7224454557697203e-08,6.0845721247882043e-08,-6.4959674069958894e-09
352,-0.012500000000000001,-0.014166666666666668,-0.001,1.4980478656880025e-07,8.1803875475999369e-08,-1.7434128799029274e-08
353,-0.011666666666666667,-0.014166666666666668,-0.001,2.0938591028571455e-07,1.1988501999330154e-07,-9.6508980752960546e-09
354,-0.010833333333333334,-0.014166666666666668,-0.001,2.7505824383112435e-07,1.8722496219103008e-07,2.6621997135941036e-08
355,-0.01,-0.014166666666666668,-0.001,3.418201497282211e-07,2.7598849432590595e-07,1.0737442380895971e-07
356,-0.0091666666666666667,-0.014166666666666668,-0.001,4.061471598331534e-07,3.973906203856034e-07,2.4383950005280031e-07
357,-0.0083333333333333332,-0.014166666666666668,-0.001,4.594301458320127e-07,5.4922189341262392e-07,4.3134371700955441e-07
358,-0.0074999999999999997,-0.014166666666666668,-0.001,5.0427175312893706e-07,7.0357745574548988e-07,6.022853046223242e-07
359,-0.0066666666666666662,-0.014166666666666668,-0.001,5.1497122544961235e-07,8.3056647836439335e-07,7.6587127384882911e-07
360,-0.0058333333333333327,-0.014166666666666668,-0.001,4.6049801888559628e-07,8.4333185443324091e-07,8.6464258838765168e-07
361,-0.0049999999999999992,-0.014166666666666668,-0.001,3.7549798213349152e-07,7.6711355253052242e-07,8.9604433150196883e-07
362,-0.0041666666666666657,-0.014166666666666668,-0.001,3.1234853013755199e-07,6.6618764182049565e-07,8.4059366312149971e-07
363,-0.003333333333333334,-0.014166666666666668,-0.001,2.4563377899861993e-07,4.8287912157039223e-07,7.1163118364861562e-07
364,-0.0024999999999999988,-0.014166666666666668,-0.001,1.7930020012396458e-07,2.6207514689261629e-07,5.7526387496798317e-07
365,-0.001666666666666667,-0.014166666666666668,-0.001,1.1821777578067863e-07,9.6236784434974302e-08,4.518628287394206e-07
366,-0.00083333333333333176,-0.014166666666666668,-0.001,3.3950525134506405e-08,-8.2191283739497025e-08,2.6376575518609451e-07
367,0,-0.014166666666666668,-0.001,-7.9440519692569665e-08,-3.7841537952059004e-07,1.3767058161151927e-09
368,0.00083333333333333523,-0.014166666666666668,-0.001,-1.6243637245455619e-07,-6.5745809562102781e-07,-2.4248854561215459e-07
369,0.001666666666666667,-0.014166666666666668,-0.001,-1.6730402304157e-07,-7.7163319131975967e-07,-4.0647861574032382e-07
370,0.0025000000000000022,-0.014166666666666668,-0.001,-1.4736354908104986e-07,-8.0922760805667424e-07,-5.2062793342819404e-07
371,0.003333333333333334,-0.014166666666666668,-0.001,-1.5149182165735271e-07,-8.2395879057152e-07,-6.0797804290386961e-07
372,0.0041666666666666692,-0.014166666666666668,-0.001,-1.7449442743274743e-07,-8.3906773864255211e-07,-6.7434327277281253e-07
373,0.005000000000000001,-0.014166666666666668,-0.001,-1.8440564381263533e-07,-7.9074964950213543e-07,-6.8389291988368784e-07
374,0.0058333333333333362,-0.014166666666666668,-0.001,-1.8087927100065268e-07,-6.5390708218333103e-07,-6.3474985528634387e-07
375,0.006666666666666668,-0.014166666666666668,-0.001,-1.784403544820407e-07,-4.8967687024473514e-07,-5.5887375488345794e-07
376,0.0074999999999999997,-0.014166666666666668,-0.001,-1.7816056668897865e-07,-3.3019845905067851e-07,-4.5632145928323755e-07
377,0.008333333333333335,-0.014166666666666668,-0.001,-1.7255654481499309e-07,-2.2310301376747072e-07,-3.6734787219818837e-07
378,0.0091666666666666667,-0.014166666666666668,-0.001,-1.6459569888458387e-07,-1.5998344817069349e-07,-3.1041198786994068e-07
379,0.010000000000000002,-0.014166666666666668,-0.001,-1.4859032533884383e-07,-9.9757419739630648e-08,-2.4412967375558794e-07
380,0.010833333333333334,-0.014166666666666668,-0.001,-1.3401550533200947e-07,-4.1562139781667825e-08,-1.6816860006438902e-07
381,0.011666666666666669,-0.014166666666666668,-0.001,-1.1785280820481357e-07,1.1582693461327963e-08,-9.2876098085889236e-08
382,0.012500000000000001,-0.014166666666666668,-0.001,-1.0115867311052047e-07,5.2040721493772605e-08,-2.4523149500789352e-08
383,0.013333333333333332,-0.014166666666666668,-0.001,-8.5604231794894371e-08,7.4411444737010262e-08,2.47484104839599e-08
384,0.014166666666666671,-0.014166666666666668,-0.001,-5.769129365131915e-08,6.5519001694543918e-08,5.7911708904464152e-08
385,0.015000000000000003,-0.014166666666666668,-0.001,0,0,0
386,0.015833333333333335,-0.014166666666666668,-0.001,0,0,0
387,0.016666666666666666,-0.014166666666666668,-0.001,0,0,0
388,0.017500000000000005,-0.014166666666666668,-0.001,0,0,0
389,0.018333333333333337,-0.014166666666666668,-0.001,0,0,0
390,0.019166666666666669,-0.014166666666666668,-0.001,0,0,0
391,0.02,-0.014166666666666668,-0.001,0,0,0
392,-0.02,-0.013333333333333332,-0.001,0,0,0
393,-0.019166666666666669,-0.013333333333333332,-0.001,0,0,0
394,-0.018333333333333333,-0.013333333333333332,-0.001,0,0,0
395,-0.017500000000000002,-0.013333333333333332,-0.001,0,0,0
396,-0.016666666666666666,-0.013333333333333332,-0.001,0,0,0
397,-0.015833333333333335,-0.013333333333333332,-0.001,0,0,0
398,-0.014999999999999999,-0.013333333333333332,-0.001,0,0,0
399,-0.014166666666666668,-0.013333333333333332,-0.001,6.7181479726828002e-08,8.2694809577017527e-08,-6.3292988714020908e-09
400,-0.013333333333333332,-0.013333333333333332,-0.001,1.6795215579123275e-07,1.4407768324437209e-07,-7.5734157948438973e-08
401,-0.012500000000000001,-0.013333333333333332,-0.001,2.7953448889313556e-07,2.1009134140787325e-07,-8.9778762613275858e-08
402,-0.011666666666666667,-0.013333333333333332,-0.001,4.0295788861614915e-07,3.065999391660877e-07,-3.6017616115160345e-08
403,-0.010833333333333334,-0.013333333333333332,-0.001,5.3221091167588533e-07,4.5248645039586417e-07,1.1070641296209e-07
404,-0.01,-0.013333333333333332,-0.001,6.5060870668402367e-07,6.4537961287620322e-07,3.4521964900510143e-07
405,-0.0091666666666666667,-0.013333333333333332,-0.001,7.6244988322910357e-07,9.1413369456318691e-07,6.3053635939572311e-07
406,-0.0083333333333333332,-0.013333333333333332,-0.001,8.6223630000991012e-07,1.2878590726654223e-06,9.4998444473532096e-07
407,-0.0074999999999999997,-0.013333333333333332,-0.001,9.2078027116826971e-07,1.7532628144089234e-06,1.2384900670407905e-06
408,-0.0066666666666666662,-0.013333333333333332,-0.001,9.0359577799502522e-07,2.2222631965460442e-06,1.4207742374091371e-06
409,-0.0058333333333333327,-0.013333333333333332,-0.001,8.0974255675697741e-07,2.5994587784328339e-06,1.4327595948406428e-06
410,-0.0049999999999999992,-0.013333333333333332,-0.001,6.96262324793724e-07,2.969704343070426e-06,1.259292717485051e-06
411,-0.0041666666666666657,-0.013333333333333332,-0.001,5.5328220297786109e-07,3.2369066995874421e-06,9.0322850942023715e-07
412,-0.003333333333333334,-0.013333333333333332,-0.001,4.2473222604216773e-07,3.3875000653729214e-06,4.4606811262828457e-07
413,-0.0024999999999999988,-0.013333333333333332,-0.001,3.1732811046534844e-07,3.543357061574508e-06,-4.5057244333026173e-08
414,-0.001666666666666667,-0.013333333333333332,-0.001,1.8180081898935373e-07,3.6663114948382746e-06,-5.6776170710096886e-07
415,-0.00083333333333333176,-0.013333333333333332,-0.001,-6.1961495677182927e-08,3.6041230406379099e-06,-1.090187453720618e-06
416,0,-0.013333333333333332,-0.001,-3.0663482580416622e-07,3.4470267385160036e-06,-1.5911387041778927e-06
417,0.00083333333333333523,-0.013333333333333332,-0.001,-4.7534988865746824e-07,3.3056133887623839e-06,-2.0593823343898162e-06
418,0.001666666666666667,-0.013333333333333332,-0.001,-5.7189191760454297e-07,3.0996407751323211e-06,-2.4346269235463679e-06
419,0.0025000000000000022,-0.013333333333333332,-0.001,-6.4794776808087495e-07,2.7383429020753221e-06,-2.6599810549366525e-06
420,0.003333333333333334,-0.013333333333333332,-0.001,-6.952689017821806e-07,2.2266684745108663e-06,-2.7530776535588496e-06
421,0.0041666666666666692,-0.013333333333333332,-0.001,-7.0412930468356825e-07,1.7075880434185303e-06,-2.7287780782843861e-06
422,0.005000000000000001,-0.013333333333333332,-0.001,-6.5294829489716024e-07,1.2565847061124061e-06,-2.590038386064205e-06
423,0.0058333333333333362,-0.013333333333333332,-0.001,-5.6945361842086251e-07,8.5936555873504183e-07,-2.3362355644612645e-06
424,0.006666666666666668,-0.013333333333333332,-0.001,-4.8922613653828283e-07,5.2253946353701887e-07,-2.0156476086960041e-06
425,0.0074999999999999997,-0.013333333333333332,-0.001,-4.3423675337865716e-07,2.706651160464193e-07,-1.7077360275783042e-06
426,0.008333333333333335,-0.013333333333333332,-0.001,-3.8592411068484571e-07,9.5673461115059305e-08,-1.4429859029450373e-06
427,0.0091666666666666667,-0.013333333333333332,-0.001,-3.3653615589849978e-07,7.9539209244762719e-09,-1.2204028789993945e-06
428,0.010000000000000002,-0.013333333333333332,-0.001,-2.8347988510808813e-07,-5.7873243558271615e-09,-1.0014046172300156e-06
429,0.010833333333333334,-0.013333333333333332,-0.001,-2.3182745218288204e-07,2.5869867312968106e-08,-7.6880752182871683e-07
430,0.011666666666666669,-0.013333333333333332,-0.001,-1.8605926476545445e-07,8.5820627330013401e-08,-5.3149088715442246e-07
431,0.012500000000000001,-0.013333333333333332,-0.001,-1.4363735919387296e-07,1.315994639379326e-07,-3.0245393125627864e-07
432,0.013333333333333332,-0.013333333333333332,-0.001,-1.0754288320754302e-07,1.4997769932016725e-07,-1.1375951322547836e-07
433,0.014166666666666671,-0.013333333333333332,-0.001,-5.8936153291352009e-08,1.0919832618137587e-07,2.4325570514150439e-08
434,0.015000000000000003,-0.013333333333333332,-0.001,0,0,0
435,0.015833333333333335,-0.013333333333333332,-0.001,0,0,0
436,0.016666666666666666,-0.013333333333333332,-0.001,0,0,0
437,0.017500000000000005,-0.013333333333333332,-0.001,0,0,0
438,0.018333333333333337,-0.013333333333333332,-0.001,0,0,0
439,0.019166666666666669,-0.013333333333333332,-0.001,0,0,0
440,0.02,-0.013333333333333332,-0.001,0,0,0
441,-0.02,-0.012500000000000001,-0.001,0,0,0
442,-0.019166666666666669,-0.012500000000000001,-0.001,0,0,0
443,-0.018333333333333333,-0.012500000000000001,-0.001,0,0,0
444,-0.017500000000000002,-0.012500000000000001,-0.001,0,0,0
445,-0.016666666666666666,-0.012500000000000001,-0.001,0,0,0
446,-0.015833333333333335,-0.012500000000000001,-0.001,0,0,0
447,-0.014999999999999999,-0.012500000000000001,-0.001,0,0,0
448,-0.014166666666666668,-0.012500000000000001,-0.001,8.406616009694634e-08,1.1830242270579132e-07,-2.1307190646864478e-08
449,-0.013333333333333332,-0.012500000000000001,-0.001,2.3214100249691118e-07,2.2546464484858187e-07,-1.0082771534752164e-07
450,-0.012500000000000001,-0.012500000000000001,-0.001,4.0969394254374255e-07,3.4756210935450181e-07,-7.0275348882469686e-08
451,-0.011666666666666667,-0.012500000000000001,-0.001,6.0823623025831613e-07,5.1450246159542619e-07,1.0855988800232271e-07
452,-0.010833333333333334,-0.012500000000000001,-0.001,8.0591929350469408e-07,7.4621303497960314e-07,4.6984040828379402e-07
453,-0.01,-0.012500000000000001,-0.001,9.7730515959137566e-07,1.0416573863621766e-06,9.8423701984429043e-07
454,-0.0091666666666666667,-0.012500000000000001,-0.001,1.130702243155143e-06,1.4562193935177178e-06,1.6141542634014404e-06
455,-0.0083333333333333332,-0.012500000000000001,-0.001,1.2411097483730692e-06,1.9822767631801052e-06,2.3257925586386956e-06
456,-0.0074999999999999997,-0.012500000000000001,-0.001,1.2947939541185776e-06,2.6349407763993689e-06,3.0232264154068315e-06
457,-0.0066666666666666662,-0.012500000000000001,-0.001,1.2386822344072126e-06,3.2788203937023356e-06,3.5874890254591036e-06
458,-0.0058333333333333327,-0.012500000000000001,-0.001,1.0811941932813567e-06,3.845491284980156e-06,3.8788524222708344e-06
459,-0.0049999999999999992,-0.012500000000000001,-0.001,8.7000289351389271e-07,4.3383533514016187e-06,3.8103652433902791e-06
460,-0.0041666666666666657,-0.012500000000000001,-0.001,6.8729653588883264e-07,4.7007803438689435e-06,3.3933357148840165e-06
461,-0.003333333333333334,-0.012500000000000001,-0.001,5.8491427662142605e-07,5.0495743283919433e-06,2.7379046452094072e-06
462,-0.0024999999999999988,-0.012500000000000001,-0.001,6.5391645324459502e-07,5.4919231223525636e-06,2.0044887668368912e-06
463,-0.001666666666666667,-0.012500000000000001,-0.001,6.4040640464822307e-07,6.0159166575850355e-06,1.4150336549065483e-06
464,-0.00083333333333333176,-0.012500000000000001,-0.001,4.5701712880634091e-07,6.4724011636357238e-06,1.0143489729318524e-06
465,0,-0.012500000000000001,-0.001,8.6983215150868907e-08,6.8452737467107612e-06,5.4048030655533722e-07
466,0.00083333333333333523,-0.012500000000000001,-0.001,-2.9052537429934213e-07,6.8164363195252797e-06,-1.3640977649093002e-07
467,0.001666666666666667,-0.012500000000000001,-0.001,-6.2318353482814666e-07,6.3716863676712928e-06,-8.7268491191034742e-07
468,0.0025000000000000022,-0.012500000000000001,-0.001,-8.171914910032627e-07,5.6089559811767989e-06,-1.5276564848729055e-06
469,0.003333333333333334,-0.012500000000000001,-0.001,-9.0152916796508996e-07,4.6770611029704586e-06,-2.0221428026374657e-06
470,0.0041666666666666692,-0.012500000000000001,-0.001,-9.3335017904015724e-07,3.7328137009235401e-06,-2.3364928026343751e-06
471,0.005000000000000001,-0.012500000000000001,-0.001,-9.3822771987259666e-07,2.8424218915631473e-06,-2.5552649168873891e-06
472,0.0058333333333333362,-0.012500000000000001,-0.001,-8.788418093052226e-07,2.0707730189651444e-06,-2.6615930375268711e-06
473,0.006666666666666668,-0.012500000000000001,-0.001,-7.7558678339691122e-07,1.4337394657305878e-06,-2.6191407607178101e-06
474,0.0074999999999999997,-0.012500000000000001,-0.001,-6.7939691761646936e-07,9.3887377766988128e-07,-2.4940841929016211e-06
475,0.008333333333333335,-0.012500000000000001,-0.001,-5.9206948533523697e-07,5.665062960409628e-07,-2.3316108338581562e-06
476,0.0091666666666666667,-0.012500000000000001,-0.001,-5.0086952364804323e-07,3.0430687954180315e-07,-2.1270079172600823e-06
477,0.010000000000000002,-0.012500000000000001,-0.001,-4.036907023117294e-07,1.9156287466820137e-07,-1.860346233826051e-06
478,0.010833333333333334,-0.012500000000000001,-0.001,-2.9797199467772943e-07,1.5793370627838125e-07,-1.512230041737145e-06
479,0.011666666666666669,-0.012500000000000001,-0.001,-2.0803444898126642e-07,1.8508144033850046e-07,-1.1056061485972966e-06
480,0.012500000000000001,-0.012500000000000001,-0.001,-1.3156138234324663e-07,2.149435277828301e-07,-6.8103766094632305e-07
481,0.013333333333333332,-0.012500000000000001,-0.001,-7.6275934810319839e-08,2.1461152292878516e-07,-3.0733053473608107e-07
482,0.014166666666666671,-0.012500000000000001,-0.001,-3.038756012794686e-08,1.4423810488980917e-07,-2.4599507015260599e-08
483,0.015000000000000003,-0.012500000000000001,-0.001,0,0,0
484,0.015833333333333335,-0.012500000000000001,-0.001,0,0,0
485,0.016666666666666666,-0.012500000000000001,-0.001,0,0,0
486,0.017500000000000005,-0.012500000000000001,-0.001,0,0,0
487,0.018333333333333337,-0.012500000000000001,-0.001,0,0,0
488,0.019166666666666669,-0.012500000000000001,-0.001,0,0,0
489,0.02,-0.012500000000000001,-0.001,0,0,0
490,-0.02,-0.011666666666666667,-0.001,0,0,0
491,-0.019166666666666669,-0.011666666666666667,-0.001,0,0,0
492,-0.018333333333333333,-0.011666666666666667,-0.001,0,0,0
493,-0.017500000000000002,-0.011666666666666667,-0.001,0,0,0
494,-0.016666666666666666,-0.011666666666666667,-0.001,0,0,0
495,-0.015833333333333335,-0.011666666666666667,-0.001,0,0,0
496,-0.014999999999999999,-0.011666666666666667,-0.001,0,0,0
497,-0.014166666666666668,-0.011666666666666667,-0.001,1.078489928634371e-07,1.5442996472629858e-07,-2.766441284581784e-08
498,-0.013333333333333332,-0.011666666666666667,-0.001,3.0943052294621661e-07,3.0568210460037513e-07,-8.3768925074946593e-08
499,-0.012500000000000001,-0.011666666666666667,-0.001,5.6220205670019411e-07,4.8542497503346438e-07,5.3724908692269966e-08
500,-0.011666666666666667,-0.011666666666666667,-0.001,8.4340448636355704e-07,7.2159186195001311e-07,4.4396046813443966e-07
501,-0.010833333333333334,-0.011666666666666667,-0.001,1.1164340302733221e-06,1.0338175222272803e-06,1.1116254037431456e-06
502,-0.01,-0.011666666666666667,-0.001,1.3753052939356343e-06,1.4575890258927269e-06,2.0377505976971907e-06
503,-0.0091666666666666667,-0.011666666666666667,-0.001,1.6100948596681431e-06,2.0238395725208837e-06,3.1988905578247474e-06
504,-0.0083333333333333332,-0.011666666666666667,-0.001,1.8022935270572404e-06,2.7581679659084317e-06,4.5360310736188251e-06
505,-0.0074999999999999997,-0.011666666666666667,-0.001,1.8880222897723118e-06,3.6340459271554336e-06,5.9100966591354374e-06
506,-0.0066666666666666662,-0.011666666666666667,-0.001,1.7989340626352804e-06,4.4714721021024894e-06,7.1014097696910506e-06
507,-0.0058333333333333327,-0.011666666666666667,-0.001,1.6222011515763625e-06,5.2206001595939944e-06,7.8758661185479655e-06
508,-0.0049999999999999992,-0.011666666666666667,-0.001,1.4748014118256966e-06,5.9252627878196217e-06,8.1192881113585635e-06
509,-0.0041666666666666657,-0.011666666666666667,-0.001,1.310552885649632e-06,6.3890593000539294e-06,7.7104510328912527e-06
510,-0.003333333333333334,-0.011666666666666667,-0.001,1.3817081693863198e-06,6.797966110783752e-06,6.7069804826032463e-06
511,-0.0024999999999999988,-0.011666666666666667,-0.001,1.8801256777563408e-06,7.3938215422439538e-06,5.8123898053642443e-06
512,-0.001666666666666667,-0.011666666666666667,-0.001,2.5004108750816586e-06,8.6434168007469857e-06,5.784924872001151e-06
513,-0.00083333333333333176,-0.011666666666666667,-0.001,2.2259071551788188e-06,9.839394591258936e-06,6.296980029020507e-06
514,0,-0.011666666666666667,-0.001,1.4592590566672251e-06,1.0692203401381447e-05,6.2366959476708143e-06
515,0.00083333333333333523,-0.011666666666666667,-0.001,6.3559047469673051e-07,1.0774865629657759e-05,5.5469631804206953e-06
516,0.001666666666666667,-0.011666666666666667,-0.001,-1.556684008473197e-07,1.0232189922810495e-05,4.3208986093501286e-06
517,0.0025000000000000022,-0.011666666666666667,-0.001,-7.6528557749896359e-07,9.1642103573619571e-06,2.9257313681204414e-06
518,0.003333333333333334,-0.011666666666666667,-0.001,-1.0436899407011275e-06,7.8817092698211162e-06,1.7039745518519964e-06
519,0.0041666666666666692,-0.011666666666666667,-0.001,-1.3504834800579898e-06,6.5803308902574687e-06,6.8357309610086207e-07
520,0.005000000000000001,-0.011666666666666667,-0.001,-1.5328377220448275e-06,5.157965569972445e-06,-3.3311322170265293e-07
521,0.0058333333333333362,-0.011666666666666667,-0.001,-1.5307477547894404e-06,3.8441393086030189e-06,-1.3041124491287948e-06
522,0.006666666666666668,-0.011666666666666667,-0.001,-1.4266745408123091e-06,2.7778245707655533e-06,-2.0781068679962053e-06
523,0.0074999999999999997,-0.011666666666666667,-0.001,-1.2408961426125181e-06,1.9317690037340495e-06,-2.5733653561250385e-06
524,0.008333333333333335,-0.011666666666666667,-0.001,-1.0240019306560279e-06,1.273526105442859e-06,-2.8063664780497747e-06
525,0.0091666666666666667,-0.011666666666666667,-0.001,-8.0989462965407965e-07,7.8812239347074559e-07,-2.8385082048782378e-06
526,0.010000000000000002,-0.011666666666666667,-0.001,-5.9576564811039421e-07,4.8520968350665043e-07,-2.6771153750651937e-06
527,0.010833333333333334,-0.011666666666666667,-0.001,-3.9817186837184267e-07,3.5385894717772214e-07,-2.3135424227437846e-06
528,0.011666666666666669,-0.011666666666666667,-0.001,-2.2002750410574059e-07,3.0526949212297504e-07,-1.7798805042183792e-06
529,0.012500000000000001,-0.011666666666666667,-0.001,-9.2078930289781126e-08,3.0261992246508327e-07,-1.1580838894573989e-06
530,0.013333333333333332,-0.011666666666666667,-0.001,-1.7405097824646532e-08,2.8045626740469214e-07,-5.6650152166458651e-07
531,0.014166666666666671,-0.011666666666666667,-0.001,1.8665103053447741e-08,1.7965272034237457e-07,-9.8196909399708591e-08
532,0.015000000000000003,-0.011666666666666667,-0.001,0,0,0
533,0.015833333333333335,-0.011666666666666667,-0.001,0,0,0
534,0.016666666666666666,-0.011666666666666667,-0.001,0,0,0
535,0.017500000000000005,-0.011666666666666667,-0.001,0,0,0
536,0.018333333333333337,-0.011666666666666667,-0.001,0,0,0
537,0.019166666666666669,-0.011666666666666667,-0.001,0,0,0
538,0.02,-0.011666666666666667,-0.001,0,0,0
539,-0.02,-0.010833333333333334,-0.001,0,0,0
540,-0.019166666666666669,-0.010833333333333334,-0.001,0,0,0
541,-0.018333333333333333,-0.010833333333333334,-0.001,0,0,0
542,-0.017500000000000002,-0.010833333333333334,-0.001,0,0,0
543,-0.016666666666666666,-0.010833333333333334,-0.001,0,0,0
544,-0.015833333333333335,-0.010833333333333334,-0.001,0,0,0
545,-0.014999999999999999,-0.010833333333333334,-0.001,0,0,0
546,-0.014166666666666668,-0.010833333333333334,-0.001,1.4839340580302009e-07,1.9293000117041318e-07,-1.7693484693420429e-08
547,-0.013333333333333332,-0.010833333333333334,-0.001,4.1328018048776649e-07,3.8173210072980296e-07,-9.9235648030728075e-09
548,-0.012500000000000001,-0.010833333333333334,-0.001,7.479617021246794e-07,6.0210154116376408e-07,2.8936750569396372e-07
549,-0.011666666666666667,-0.010833333333333334,-0.001,1.1191414613048681e-06,8.9503505579625915e-07,9.4902015639149015e-07
550,-0.010833333333333334,-0.010833333333333334,-0.001,1.5022527290658853e-06,1.3002486650499007e-06,2.0248005658460935e-06
551,-0.01,-0.010833333333333334,-0.001,1.8908759487626659e-06,1.8597736195068534e-06,3.5371281837588499e-06
552,-0.0091666666666666667,-0.010833333333333334,-0.001,2.2640575639875277e-06,2.6059761035295429e-06,5.4841566836305267e-06
553,-0.0083333333333333332,-0.010833333333333334,-0.001,2.5874162253073487e-06,3.5971055339751868e-06,7.770481126129795e-06
554,-0.0074999999999999997,-0.010833333333333334,-0.001,2.7987743649822516e-06,4.7284915273791599e-06,1.0205541816638027e-05
555,-0.0066666666666666662,-0.010833333333333334,-0.001,2.9497617576164314e-06,5.8552595992359776e-06,1.2426783032349343e-05
556,-0.0058333333333333327,-0.010833333333333334,-0.001,3.0962070872881018e-06,6.9092290105699802e-06,1.3991696742137755e-05
557,-0.0049999999999999992,-0.010833333333333334,-0.001,3.1645934017863755e-06,7.6592037903727054e-06,1.4475572236179221e-05
558,-0.0041666666666666657,-0.010833333333333334,-0.001,2.9804469876492082e-06,7.8451155650121974e-06,1.3552034113256099e-05
559,-0.003333333333333334,-0.010833333333333334,-0.001,3.1891567563444186e-06,7.6600495288223864e-06,1.0965792986624242e-05
560,-0.0024999999999999988,-0.010833333333333334,-0.001,5.1517078970865713e-06,7.8048411356251087e-06,8.9021045132976546e-06
561,-0.001666666666666667,-0.010833333333333334,-0.001,7.1482772724051854e-06,9.698094569897492e-06,9.8890948196573237e-06
562,-0.00083333333333333176,-0.010833333333333334,-0.001,7.1219022812439163e-06,1.135277290192141e-05,1.1897637485001525e-05
563,0,-0.010833333333333334,-0.001,5.6474289030445792e-06,1.289867062992154e-05,1.2928401366601969e-05
564,0.00083333333333333523,-0.010833333333333334,-0.001,3.8829182072689205e-06,1.3575905333170901e-05,1.2535731726567816e-05
565,0.001666666666666667,-0.010833333333333334,-0.001,1.9706336794556043e-06,1.3316307270426741e-05,1.0816816781820662e-05
566,0.0025000000000000022,-0.010833333333333334,-0.001,5.5321633726758335e-07,1.2496012720361062e-05,8.9731807958162965e-06
567,0.003333333333333334,-0.010833333333333334,-0.001,-4.0410664217981014e-07,1.1504701264658361e-05,7.6484453761604414e-06
568,0.0041666666666666692,-0.010833333333333334,-0.001,-1.5444787403064419e-06,1.0000179746500066e-05,6.2996643996207618e-06
569,0.005000000000000001,-0.010833333333333334,-0.001,-2.3289430996729059e-06,8.1634433120063714e-06,4.4802904359134389e-06
570,0.0058333333333333362,-0.010833333333333334,-0.001,-2.4376829542012599e-06,6.3017731087395121e-06,2.3213296218636364e-06
571,0.006666666666666668,-0.010833333333333334,-0.001,-2.3650700374050364e-06,4.6051009799672206e-06,3.2248578757967879e-07
572,0.0074999999999999997,-0.010833333333333334,-0.001,-2.1244774931132819e-06,3.2674692156812443e-06,-1.327892753648936e-06
573,0.008333333333333335,-0.010833333333333334,-0.001,-1.7900209866106774e-06,2.2337400998466837e-06,-2.501059361832613e-06
574,0.0091666666666666667,-0.010833333333333334,-0.001,-1.3635117707656759e-06,1.4248310793554661e-06,-3.1322519907426342e-06
575,0.010000000000000002,-0.010833333333333334,-0.001,-9.4381750196325236e-07,8.8056343862590432e-07,-3.2943559879705247e-06
576,0.010833333333333334,-0.010833333333333334,-0.001,-5.7920360000069746e-07,5.8190640369394469e-07,-3.0623556461601845e-06
577,0.011666666666666669,-0.010833333333333334,-0.001,-2.8460035198819125e-07,4.4834092996251957e-07,-2.4968334829728234e-06
578,0.012500000000000001,-0.010833333333333334,-0.001,-5.8739321120800498e-08,3.8851030524254553e-07,-1.7104127231031659e-06
579,0.013333333333333332,-0.010833333333333334,-0.001,6.6434847912165929e-08,3.3817016191746413e-07,-8.8712296484301931e-07
580,0.014166666666666671,-0.010833333333333334,-0.001,9.374511336133778e-08,2.0966763644773717e-07,-1.9334439191687537e-07
581,0.015000000000000003,-0.010833333333333334,-0.001,0,0,0
582,0.015833333333333335,-0.010833333333333334,-0.001,0,0,0
583,0.016666666666666666,-0.010833333333333334,-0.001,0,0,0
584,0.017500000000000005,-0.010833333333333334,-0.001,0,0,0
585,0.018333333333333337,-0.010833333333333334,-0.001,0,0,0
586,0.019166666666666669,-0.010833333333333334,-0.001,0,0,0
587,0.02,-0.010833333333333334,-0.001,0,0,0
588,-0.02,-0.01,-0.001,0,0,0
589,-0.019166666666666669,-0.01,-0.001,0,0,0
590,-0.018333333333333333,-0.01,-0.001,0,0,0
591,-0.017500000000000002,-0.01,-0.001,0,0,0
592,-0.016666666666666666,-0.01,-0.001,0,0,0
593,-0.015833333333333335,-0.01,-0.001,0,0,0
594,-0.014999999999999999,-0.01,-0.001,0,0,0
595,-0.014166666666666668,-0.01,-0.001,1.9376197912169864e-07,2.277212839075939e-07,1.9403031823850087e-08
596,-0.013333333333333332,-0.01,-0.001,5.3761466756245486e-07,4.3652557654217054e-07,9.0337055810024792e-08
597,-0.012500000000000001,-0.01,-0.001,9.6497573512252378e-07,6.8203018947925349e-07,5.7023676259207096e-07
598,-0.011666666666666667,-0.01,-0.001,1.4574195425374655e-06,1.0306855452954795e-06,1.5609184607603349e-06
599,-0.010833333333333334,-0.01,-0.001,1.992650333084922e-06,1.5306721095449725e-06,3.180679167966126e-06
600,-0.01,-0.01,-0.001,2.5925423011697058e-06,2.2510613673009111e-06,5.5017722775559896e-06
601,-0.0091666666666666667,-0.01,-0.001,3.2169710899097357e-06,3.2446906599263488e-06,8.5535310684800406e-06
602,-0.0083333333333333332,-0.01,-0.001,3.8676169869207837e-06,4.497945644559199e-06,1.2258992481967834e-05
603,-0.0074999999999999997,-0.01,-0.001,4.5918031934792409e-06,5.875170482848735e-06,1.6210147617320717e-05
604,-0.0066666666666666662,-0.01,-0.001,5.083259940939407e-06,6.9931645465472622e-06,1.954098555084924e-05
605,-0.0058333333333333327,-0.01,-0.001,5.4441593826520144e-06,7.5964882440582921e-06,2.1081580260172313e-05
606,-0.0049999999999999992,-0.01,-0.001,5.8134528445488985e-06,7.4494599515232373e-06,2.0647369371542017e-05
607,-0.0041666666666666657,-0.01,-0.001,5.5996811501120722e-06,5.8316589346623432e-06,1.7177065858660778e-05
608,-0.003333333333333334,-0.01,-0.001,6.7360030276330263e-06,3.7863930813294006e-06,1.0518408737354526e-05
609,-0.0024999999999999988,-0.01,-0.001,9.9153071524778878e-06,2.5560823672223996e-06,4.3986249776103067e-06
610,-0.001666666666666667,-0.01,-0.001,1.4422749095664208e-05,2.517810636234196e-06,9.1717304416896546e-06
611,-0.00083333333333333176,-0.01,-0.001,1.6525008193746722e-05,3.4226712783634539e-06,2.3668146860003448e-05
612,0,-0.01,-0.001,1.5421929992295277e-05,6.1223584527730096e-06,2.4965777325294073e-05
613,0.00083333333333333523,-0.01,-0.001,1.3474843196623733e-05,7.8574860416409806e-06,2.5730867862130386e-05
614,0.001666666666666667,-0.01,-0.001,1.0786652974400998e-05,1.0142910453013859e-05,1.9351044805315994e-05
615,0.0025000000000000022,-0.01,-0.001,7.4628931487586157e-06,1.1743443159799827e-05,1.3037213205514864e-05
616,0.003333333333333334,-0.01,-0.001,5.0445173924896623e-06,1.2587176176409929e-05,1.2157037283097251e-05
617,0.0041666666666666692,-0.01,-0.001,1.2688136711811585e-06,1.1623967280275132e-05,1.1263994966648822e-05
618,0.005000000000000001,-0.01,-0.001,-2.041539687235888e-06,1.0055711594991654e-05,9.6094628310779478e-06
619,0.0058333333333333362,-0.01,-0.001,-3.3487936091703451e-06,8.4412828608533764e-06,7.103894665532308e-06
620,0.006666666666666668,-0.01,-0.001,-3.4716792282060206e-06,6.6688506407933034e-06,4.3353102632533623e-06
621,0.0074999999999999997,-0.01,-0.001,-3.3063013739439943e-06,5.0025051988562347e-06,1.4972846431478178e-06
622,0.008333333333333335,-0.01,-0.001,-2.9289020500218887e-06,3.4500777670258651e-06,-9.3428852579840964e-07
623,0.0091666666666666667,-0.01,-0.001,-2.3285749179388949e-06,2.2374421863312745e-06,-2.7373543609367141e-06
624,0.010000000000000002,-0.01,-0.001,-1.6191306502630934e-06,1.3850990478074997e-06,-3.6262115853146614e-06
625,0.010833333333333334,-0.01,-0.001,-9.7154924946322322e-07,8.6457709823138768e-07,-3.7121004332784263e-06
626,0.011666666666666669,-0.01,-0.001,-4.5586417476656705e-07,5.9367271220346085e-07,-3.2213259772916382e-06
627,0.012500000000000001,-0.01,-0.001,-8.3274131508600689e-08,4.6977856342460665e-07,-2.3307304715121598e-06
628,0.013333333333333332,-0.01,-0.001,1.2733426350049617e-07,3.9901522043567765e-07,-1.2854725700264419e-06
629,0.014166666666666671,-0.01,-0.001,1.9366557369559774e-07,2.3441599444817625e-07,-3.0819660918768546e-07
630,0.015000000000000003,-0.01,-0.001,0,0,0
631,0.015833333333333335,-0.01,-0.001,0,0,0
632,0.016666666666666666,-0.01,-0.001,0,0,0
633,0.017500000000000005,-0.01,-0.001,0,0,0
634,0.018333333333333337,-0.01,-0.001,0,0,0
635,0.019166666666666669,-0.01,-0.001,0,0,0
636,0.02,-0.01,-0.001,0,0,0
637,-0.02,-0.0091666666666666667,-0.001,0,0,0
638,-0.019166666666666669,-0.0091666666666666667,-0.001,0,0,0
639,-0.018333333333333333,-0.0091666666666666667,-0.001,0,0,0
640,-0.017500000000000002,-0.0091666666666666667,-0.001,0,0,0
641,-0.016666666666666666,-0.0091666666666666667,-0.001,0,0,0
642,-0.015833333333333335,-0.0091666666666666667,-0.001,0,0,0
643,-0.014999999999999999,-0.0091666666666666667,-0.001,0,0,0
644,-0.014166666666666668,-0.0091666666666666667,-0.001,2.4027072123930326e-07,2.5739868508110733e-07,9.1226095408412023e-08
645,-0.013333333333333332,-0.0091666666666666667,-0.001,6.8833955767756544e-07,4.7578053232413978e-07,1.7331052861525976e-07
646,-0.012500000000000001,-0.0091666666666666667,-0.001,1.2416849185750045e-06,7.3501363042262026e-07,8.4528210293679563e-07
647,-0.011666666666666667,-0.0091666666666666667,-0.001,1.8830092707150023e-06,1.1207297548038746e-06,2.2393044214241574e-06
648,-0.010833333333333334,-0.0091666666666666667,-0.001,2.6842053359830097e-06,1.7410660433783189e-06,4.553913215356871e-06
649,-0.01,-0.0091666666666666667,-0.001,3.6267222212300118e-06,2.6734001485289138e-06,7.9625037390506684e-06
650,-0.0091666666666666667,-0.0091666666666666667,-0.001,4.6906596640506001e-06,3.8706609719392164e-06,1.2572344206227373e-05
651,-0.0083333333333333332,-0.0091666666666666667,-0.001,5.9663734427459694e-06,5.2309061225664297e-06,1.8109623294207987e-05
652,-0.0074999999999999997,-0.0091666666666666667,-0.001,7.0818860999042902e-06,6.2579743980804035e-06,2.3200713250092632e-05
653,-0.0066666666666666662,-0.0091666666666666667,-0.001,7.0447520900933536e-06,6.0862208846941014e-06,2.6169276885713596e-05
654,-0.0058333333333333327,-0.0091666666666666667,-0.001,7.1327108763540415e-06,3.9874012951681609e-06,2.501179850448554e-05
655,-0.0049999999999999992,-0.0091666666666666667,-0.001,7.2667790494571074e-06,-4.15326838652077e-07,2.0930747559402345e-05
656,-0.0041666666666666657,-0.0091666666666666667,-0.001,8.5970844305366901e-06,-7.038814403868142e-06,2.6516644666463266e-05
657,-0.003333333333333334,-0.0091666666666666667,-0.001,1.104884775141967e-05,-1.0643277468202926e-05,1.4471269662182474e-05
658,-0.0024999999999999988,-0.0091666666666666667,-0.001,1.7973663448495444e-05,-1.5109032834983625e-05,-5.837906862942149e-06
659,-0.001666666666666667,-0.0091666666666666667,-0.001,2.6477976387763773e-05,-1.5699709760386135e-05,-2.2802546640472444e-06
660,-0.00083333333333333176,-0.0091666666666666667,-0.001,3.0134122063343675e-05,-1.5312044348566599e-05,-3.5183925998252244e-06
661,0,-0.0091666666666666667,-0.001,3.074921079034785e-05,-1.0193197884180813e-05,-7.5841763828325752e-06
662,0.00083333333333333523,-0.0091666666666666667,-0.001,2.8913314465831083e-05,-7.0667267842314181e-06,-4.9004911646751349e-06
663,0.001666666666666667,-0.0091666666666666667,-0.001,2.5391014792943073e-05,-2.089592615493477e-06,-7.2294158364902074e-07
664,0.0025000000000000022,-0.0091666666666666667,-0.001,2.218296014975439e-05,1.3611456093291264e-06,1.7597947975581999e-05
665,0.003333333333333334,-0.0091666666666666667,-0.001,1.9311217107942235e-05,4.5168844580038058e-06,3.3319295358379055e-05
666,0.0041666666666666692,-0.0091666666666666667,-0.001,1.3420534628407949e-05,7.1605205738875375e-06,1.5588505861926811e-05
667,0.005000000000000001,-0.0091666666666666667,-0.001,5.1941363409070292e-06,8.2307190756199973e-06,1.0545385923140831e-05
668,0.0058333333333333362,-0.0091666666666666667,-0.001,-8.0288848426985815e-07,8.0520370537912929e-06,9.0686126202381369e-06
669,0.006666666666666668,-0.0091666666666666667,-0.001,-3.7137364306270745e-06,7.4600784937875032e-06,7.8177668584224253e-06
670,0.0074999999999999997,-0.0091666666666666667,-0.001,-4.5347640019728177e-06,6.2414612358628949e-06,4.9743588653117966e-06
671,0.008333333333333335,-0.0091666666666666667,-0.001,-4.2083095971023038e-06,4.6620003902918134e-06,1.47001875954766e-06
672,0.0091666666666666667,-0.0091666666666666667,-0.001,-3.5438001022499552e-06,3.1200092498978361e-06,-1.5014226456354187e-06
673,0.010000000000000002,-0.0091666666666666667,-0.001,-2.6133277449567765e-06,1.9091446985183336e-06,-3.5239185582350343e-06
674,0.010833333333333334,-0.0091666666666666667,-0.001,-1.6369746835433904e-06,1.1447460956701401e-06,-4.2793725235740025e-06
675,0.011666666666666669,-0.0091666666666666667,-0.001,-8.3968337652238102e-07,7.343929171485548e-07,-3.988884120664173e-06
676,0.012500000000000001,-0.0091666666666666667,-0.001,-2.4601950169254697e-07,5.38510669794874e-07,-3.0397794854877179e-06
677,0.013333333333333332,-0.0091666666666666667,-0.001,1.1580222124252243e-07,4.6113528879397795e-07,-1.7713856062277017e-06
678,0.014166666666666671,-0.0091666666666666667,-0.001,3.1896282900253076e-07,2.6327551563724739e-07,-4.2006242797816321e-07
679,0.015000000000000003,-0.0091666666666666667,-0.001,0,0,0
680,0.015833333333333335,-0.0091666666666666667,-0.001,0,0,0
681,0.016666666666666666,-0.0091666666666666667,-0.001,0,0,0
682,0.017500000000000005,-0.0091666666666666667,-0.001,0,0,0
683,0.018333333333333337,-0.0091666666666666667,-0.001,0,0,0
684,0.019166666666666669,-0.0091666666666666667,-0.001,0,0,0
685,0.02,-0.0091666666666666667,-0.001,0,0,0
686,-0.02,-0.0083333333333333332,-0.001,0,0,0
687,-0.019166666666666669,-0.0083333333333333332,-0.001,0,0,0
688,-0.018333333333333333,-0.0083333333333333332,-0.001,0,0,0
689,-0.017500000000000002,-0.0083333333333333332,-0.001,0,0,0
690,-0.016666666666666666,-0.0083333333333333332,-0.001,0,0,0
691,-0.015833333333333335,-0.0083333333333333332,-0.001,0,0,0
692,-0.014999999999999999,-0.0083333333333333332,-0.001,0,0,0
693,-0.014166666666666668,-0.0083333333333333332,-0.001,2.8071995047756397e-07,2.7491006091260026e-07,1.6340199041992287e-07
694,-0.013333333333333332,-0.0083333333333333332,-0.001,8.7885570060753416e-07,5.0087340153291969e-07,1.9948075516991136e-07
695,-0.012500000000000001,-0.0083333333333333332,-0.001,1.56664481435273e-06,7.4728985761170038e-07,1.0657435365366417e-06
696,-0.011666666666666667,-0.0083333333333333332,-0.001,2.4715045623672987e-06,1.188799038873996e-06,2.9227028244540258e-06
697,-0.010833333333333334,-0.0083333333333333332,-0.001,3.6807677450050781e-06,1.9490682824321003e-06,6.1251604014382702e-06
698,-0.01,-0.0083333333333333332,-0.001,5.1190767573978193e-06,3.0740106210815392e-06,1.1039602015352224e-05
699,-0.0091666666666666667,-0.0083333333333333332,-0.001,6.8077047428464753e-06,4.1733632883353475e-06,1.7468301826363842e-05
700,-0.0083333333333333332,-0.0083333333333333332,-0.001,8.5522685611942086e-06,5.1381051996849302e-06,2.4169242040397482e-05
701,-0.0074999999999999997,-0.0083333333333333332,-0.001,8.5494144577786393e-06,4.4068775526024657e-06,2.8731477105544948e-05
702,-0.0066666666666666662,-0.0083333333333333332,-0.001,7.6080009219808812e-06,-3.5287423413115867e-07,2.8697089949799887e-05
703,-0.0058333333333333327,-0.0083333333333333332,-0.001,8.107271915469469e-06,-6.3416577013778321e-06,2.1730283717504118e-05
704,-0.0049999999999999992,-0.0083333333333333332,-0.001,8.8330144088226593e-06,-1.4387091352953727e-05,3.4353269103104269e-05
705,-0.0041666666666666657,-0.0083333333333333332,-0.001,1.1501597697883207e-05,-2.7352148524950536e-05,-8.8917629161566595e-06
706,-0.003333333333333334,-0.0083333333333333332,-0.001,1.8150502813449281e-05,-3.2667040436823016e-05,-2.8880260029294539e-05
707,-0.0024999999999999988,-0.0083333333333333332,-0.001,2.7759702911675713e-05,-3.5375718015550099e-05,-5.030622253689387e-05
708,-0.001666666666666667,-0.0083333333333333332,-0.001,3.7565787445399885e-05,-3.836807190903665e-05,-8.0487769214962604e-05
709,-0.00083333333333333176,-0.0083333333333333332,-0.001,4.2321110505382511e-05,-4.2355598613354263e-05,-0.00010460917034013509
710,0,-0.0083333333333333332,-0.001,4.4816199557210457e-05,-3.6700197308603894e-05,-0.00010880354184381346
711,0.00083333333333333523,-0.0083333333333333332,-0.001,4.7163424370336434e-05,-2.893937731379768e-05,-9.6492202568355601e-05
712,0.001666666666666667,-0.0083333333333333332,-0.001,4.5778108541724702e-05,-1.4886849122035356e-05,-6.6310799034906458e-05
713,0.0025000000000000022,-0.0083333333333333332,-0.001,4.1888733506757052e-05,-6.5630528510984507e-06,-4.5413537869565043e-05
714,0.003333333333333334,-0.0083333333333333332,-0.001,3.502747995741313e-05,-2.362737310714523e-06,-3.7839031706217866e-05
715,0.0041666666666666692,-0.0083333333333333332,-0.001,2.7349720652705806e-05,1.8234696925432138e-06,4.2608776566226094e-06
716,0.005000000000000001,-0.0083333333333333332,-0.001,2.0003443223221134e-05,3.2691837800039849e-06,2.0931510618585727e-05
717,0.0058333333333333362,-0.0083333333333333332,-0.001,1.0549567131643743e-05,5.7722893017454761e-06,3.8199394073512264e-06
718,0.006666666666666668,-0.0083333333333333332,-0.001,5.2482819974249696e-07,5.9369818805287429e-06,7.0663841590509978e-06
719,0.0074999999999999997,-0.0083333333333333332,-0.001,-4.4092252574479234e-06,5.8745585776543249e-06,6.3309718409628846e-06
720,0.008333333333333335,-0.0083333333333333332,-0.001,-5.3588209989943959e-06,5.084913855979443e-06,3.432545984155465e-06
721,0.0091666666666666667,-0.0083333333333333332,-0.001,-4.7902155961191756e-06,3.7570450942635129e-06,-2.0257649408840117e-07
722,0.010000000000000002,-0.0083333333333333332,-0.001,-3.7485952204899696e-06,2.3815724418622381e-06,-3.0836329740822354e-06
723,0.010833333333333334,-0.0083333333333333332,-0.001,-2.5161746955897996e-06,1.3758464368378521e-06,-4.7152336980421588e-06
724,0.011666666666666669,-0.0083333333333333332,-0.001,-1.3901412200926326e-06,8.2461558628622187e-07,-4.8564019805143402e-06
725,0.012500000000000001,-0.0083333333333333332,-0.001,-5.3613761292034725e-07,5.71010790369952e-07,-3.9082676834138892e-06
726,0.013333333333333332,-0.0083333333333333332,-0.001,2.7636003555705915e-08,5.0485487738661171e-07,-2.4085412735134341e-06
727,0.014166666666666671,-0.0083333333333333332,-0.001,4.8377618041672774e-07,2.7956905550444049e-07,-5.6528721216631735e-07
728,0.015000000000000003,-0.0083333333333333332,-0.001,0,0,0
729,0.015833333333333335,-0.0083333333333333332,-0.001,0,0,0
730,0.016666666666666666,-0.0083333333333333332,-0.001,0,0,0
731,0.017500000000000005,-0.0083333333333333332,-0.001,0,0,0
732,0.018333333333333337,-0.0083333333333333332,-0.001,0,0,0
733,0.019166666666666669,-0.0083333333333333332,-0.001,0,0,0
734,0.02,-0.0083333333333333332,-0.001,0,0,0
735,-0.02,-0.0074999999999999997,-0.001,0,0,0
736,-0.019166666666666669,-0.0074999999999999997,-0.001,0,0,0
737,-0.018333333333333333,-0.0074999999999999997,-0.001,0,0,0
738,-0.017500000000000002,-0.0074999999999999997,-0.001,0,0,0
739,-0.016666666666666666,-0.0074999999999999997,-0.001,0,0,0
740,-0.015833333333333335,-0.0074999999999999997,-0.001,0,0,0
741,-0.014999999999999999,-0.0074999999999999997,-0.001,0,0,0
742,-0.014166666666666668,-0.0074999999999999997,-0.001,2.3814914726040482e-07,2.7206933349668968e-07,1.8702689477684066e-07
743,-0.013333333333333332,-0.0074999999999999997,-0.001,1.1074215868215738e-06,5.2059270335831848e-07,1.1702875412970165e-07
744,-0.012500000000000001,-0.0074999999999999997,-0.001,1.9930535071727469e-06,7.4625511711731542e-07,1.1827995782846362e-06
745,-0.011666666666666667,-0.0074999999999999997,-0.001,3.2917658832538498e-06,1.2599584599404846e-06,3.5995916292430555e-06
746,-0.010833333333333334,-0.0074999999999999997,-0.001,4.9862463155252741e-06,2.1419962445095694e-06,7.9835081686741763e-06
747,-0.01,-0.0074999999999999997,-0.001,7.1186873742780244e-06,3.1953806668862509e-06,1.4633804616035378e-05
748,-0.0091666666666666667,-0.0074999999999999997,-0.001,9.0127321385466382e-06,3.8979049214898374e-06,2.2333065770420947e-05
749,-0.0083333333333333332,-0.0074999999999999997,-0.001,9.3646690944357648e-06,2.3958643143357835e-06,2.8608270861529753e-05
750,-0.0074999999999999997,-0.0074999999999999997,-0.001,8.0936180818406765e-06,-2.7790059860485154e-06,2.9118863660573086e-05
751,-0.0066666666666666662,-0.0074999999999999997,-0.001,5.4619898578679237e-06,-1.2646137121690552e-05,4.2432213016981153e-05
752,-0.0058333333333333327,-0.0074999999999999997,-0.001,4.8347539836104256e-06,-2.2673644223740984e-05,4.5864113534016603e-06
753,-0.0049999999999999992,-0.0074999999999999997,-0.001,1.0639505953280499e-05,-3.5948989961970101e-05,-1.5000012416801052e-05
754,-0.0041666666666666657,-0.0074999999999999997,-0.001,1.6892080532208499e-05,-4.8684642090185109e-05,-6.1625711121254527e-05
755,-0.003333333333333334,-0.0074999999999999997,-0.001,1.7058211166928041e-05,-6.6388884757609125e-05,-0.00016143543854777367
756,-0.0024999999999999988,-0.0074999999999999997,-0.001,2.0796093448163997e-05,-8.1182222576245056e-05,-0.00024269392976579551
757,-0.001666666666666667,-0.0074999999999999997,-0.001,3.0072727676594426e-05,-9.5897947370238458e-05,-0.00031614250248633796
758,-0.00083333333333333176,-0.0074999999999999997,-0.001,3.8292208247486846e-05,-0.00010713782186194521,-0.00036592984153217242
759,0,-0.0074999999999999997,-0.001,4.7880440967700494e-05,-0.00010268827802238928,-0.00037229349509648529
760,0.00083333333333333523,-0.0074999999999999997,-0.001,5.583746691151277e-05,-9.3461824970941757e-05,-0.00035212025206046824
761,0.001666666666666667,-0.0074999999999999997,-0.001,6.200658295647689e-05,-6.8020985624807549e-05,-0.00029032432524389671
762,0.0025000000000000022,-0.0074999999999999997,-0.001,6.497084888500997e-05,-4.1557284736917674e-05,-0.00021617362254410256
763,0.003333333333333334,-0.0074999999999999997,-0.001,6.0623222606142956e-05,-2.0271191997795168e-05,-0.00014704774230151748
764,0.0041666666666666692,-0.0074999999999999997,-0.001,4.8601133453897738e-05,-9.040270317057729e-06,-7.9333052375531938e-05
765,0.005000000000000001,-0.0074999999999999997,-0.001,3.5326873730807825e-05,-1.7713621152564011e-06,-3.449959272318711e-05
766,0.0058333333333333362,-0.0074999999999999997,-0.001,2.501722029487943e-05,2.0709375140466667e-06,5.9432497110173715e-06
767,0.006666666666666668,-0.0074999999999999997,-0.001,1.26898337744498e-05,4.7927512442907676e-06,4.5685852587033985e-06
768,0.0074999999999999997,-0.0074999999999999997,-0.001,2.4044918565124914e-07,4.3854203452287328e-06,3.1811524945530583e-06
769,0.008333333333333335,-0.0074999999999999997,-0.001,-4.9048499790048943e-06,4.2143794123301261e-06,2.7171435744332998e-06
770,0.0091666666666666667,-0.0074999999999999997,-0.001,-5.7813472112545769e-06,3.9201790299429004e-06,1.4265001768306834e-07
771,0.010000000000000002,-0.0074999999999999997,-0.001,-4.8973131671655006e-06,2.717029780669018e-06,-2.9754832522941897e-06
772,0.010833333333333334,-0.0074999999999999997,-0.001,-3.5009943298118469e-06,1.5383534478556803e-06,-5.1525305767093132e-06
773,0.011666666666666669,-0.0074999999999999997,-0.001,-2.1043780608480623e-06,8.7172229861643315e-07,-5.8132334682827628e-06
774,0.012500000000000001,-0.0074999999999999997,-0.001,-9.6331363155901205e-07,5.8079921263257449e-07,-4.9732559011848382e-06
775,0.013333333333333332,-0.0074999999999999997,-0.001,-1.5154343533071058e-07,5.3461069203389653e-07,-3.2455568954309584e-06
776,0.014166666666666671,-0.0074999999999999997,-0.001,7.191998948123448e-07,2.9055557511618276e-07,-7.1851715848176033e-07
777,0.015000000000000003,-0.0074999999999999997,-0.001,0,0,0
778,0.015833333333333335,-0.0074999999999999997,-0.001,0,0,0
779,0.016666666666666666,-0.0074999999999999997,-0.001,0,0,0
780,0.017500000000000005,-0.0074999999999999997,-0.001,0,0,0
781,0.018333333333333337,-0.0074999999999999997,-0.001,0,0,0
782,0.019166666666666669,-0.0074999999999999997,-0.001,0,0,0
783,0.02,-0.0074999999999999997,-0.001,0,0,0
784,-0.02,-0.0066666666666666662,-0.001,0,0,0
785,-0.019166666666666669,-0.0066666666666666662,-0.001,0,0,0
786,-0.018333333333333333,-0.0066666666666666662,-0.001,0,0,0
787,-0.017500000000000002,-0.0066666666666666662,-0.001,0,0,0
788,-0.016666666666666666,-0.0066666666666666662,-0.001,0,0,0
789,-0.015833333333333335,-0.0066666666666666662,-0.001,0,0,0
790,-0.014999999999999999,-0.0066666666666666662,-0.001,0,0,0
791,-0.014166666666666668,-0.0066666666666666662,-0.001,1.471001620331941e-07,2.5920601941962247e-07,1.7461674056404765e-07
792,-0.013333333333333332,-0.0066666666666666662,-0.001,1.3752613797587208e-06,5.3878595160166402e-07,-7.9923829150892246e-08
793,-0.012500000000000001,-0.0066666666666666662,-0.001,2.5697085097333586e-06,7.5283252778107201e-07,1.20533873532641e-06
794,-0.011666666666666667,-0.0066666666666666662,-0.001,4.3025959420703774e-06,1.3294942166026539e-06,4.3383236239269652e-06
795,-0.010833333333333334,-0.0066666666666666662,-0.001,6.6430090125478031e-06,2.1616881252605452e-06,1.011926784055202e-05
796,-0.01,-0.0066666666666666662,-0.001,9.4439760943929153e-06,3.0641105736752891e-06,1.8368245597452027e-05
797,-0.0091666666666666667,-0.0066666666666666662,-0.001,1.0539742397543484e-05,2.1857743876097772e-06,2.6190699378758138e-05
798,-0.0083333333333333332,-0.0066666666666666662,-0.001,8.4683563671099253e-06,-2.7081289589415722e-06,2.8039488760343881e-05
799,-0.0074999999999999997,-0.0066666666666666662,-0.001,3.3249292891273116e-06,-1.417750870428159e-05,2.5428243100878804e-05
800,-0.0066666666666666662,-0.0066666666666666662,-0.001,1.5864011660627975e-06,-2.9370035954830799e-05,5.5163384867677922e-06
801,-0.0058333333333333327,-0.0066666666666666662,-0.001,6.1160968019964228e-06,-4.3516677012786782e-05,-2.5083708385914411e-05
802,-0.0049999999999999992,-0.0066666666666666662,-0.001,5.127243779207736e-06,-6.2990674924908122e-05,-0.00012149772919981311
803,-0.0041666666666666657,-0.0066666666666666662,-0.001,-3.6619520468002087e-06,-8.788516661668844e-05,-0.00026231441001868831
804,-0.003333333333333334,-0.0066666666666666662,-0.001,-1.2106729986689376e-05,-0.0001238406403499395,-0.00042529177471922389
805,-0.0024999999999999988,-0.0066666666666666662,-0.001,-1.6467279852082435e-06,-0.00016039818135805956,-0.00056311562108209286
806,-0.001666666666666667,-0.0066666666666666662,-0.001,2.4460625089622658e-05,-0.00018417624111096315,-0.00065280659463537146
807,-0.00083333333333333176,-0.0066666666666666662,-0.001,5.1391582212571038e-05,-0.00019569863382666808,-0.00070965815909487741
808,0,-0.0066666666666666662,-0.001,6.9539902671021927e-05,-0.00019040298044135744,-0.0007368580241496138
809,0.00083333333333333523,-0.0066666666666666662,-0.001,8.2124990165811853e-05,-0.00018482387114740178,-0.00072749443727169083
810,0.001666666666666667,-0.0066666666666666662,-0.001,8.9915802860577779e-05,-0.00015677564495026025,-0.00066230268122774395
811,0.0025000000000000022,-0.0066666666666666662,-0.001,8.9230108613699941e-05,-0.00011390905147035002,-0.0005402610973135422
812,0.003333333333333334,-0.0066666666666666662,-0.001,8.6404201895477734e-05,-6.5751596476797589e-05,-0.00038320012483577452
813,0.0041666666666666692,-0.0066666666666666662,-0.001,7.7643029066539813e-05,-2.7309148822279745e-05,-0.00023541183546301543
814,0.005000000000000001,-0.0066666666666666662,-0.001,6.0947551640373935e-05,-8.5985100893058106e-06,-0.00012358103039352328
815,0.0058333333333333362,-0.0066666666666666662,-0.001,4.2965798902310225e-05,-2.2694744921497489e-06,-6.5595085761212068e-05
816,0.006666666666666668,-0.0066666666666666662,-0.001,2.4722203203011788e-05,3.1357567865051279e-06,2.6264247679520241e-06
817,0.0074999999999999997,-0.0066666666666666662,-0.001,1.1450963479609135e-05,3.4786791857450045e-06,-2.8981236750948065e-06
818,0.008333333333333335,-0.0066666666666666662,-0.001,-5.0420480975221031e-07,3.0710004662975666e-06,-2.4414993407152731e-06
819,0.0091666666666666667,-0.0066666666666666662,-0.001,-5.7070575545280005e-06,3.1932360345285276e-06,-1.8204860840082085e-06
820,0.010000000000000002,-0.0066666666666666662,-0.001,-5.8279452882523011e-06,2.8305531392886773e-06,-3.8465759038573914e-06
821,0.010833333333333334,-0.0066666666666666662,-0.001,-4.4828837915748983e-06,1.6804236180003455e-06,-6.0178786208353197e-06
822,0.011666666666666669,-0.0066666666666666662,-0.001,-2.8940640221046976e-06,8.6355216662729089e-07,-6.9358418567808898e-06
823,0.012500000000000001,-0.0066666666666666662,-0.001,-1.4660858619959702e-06,5.3595236255421442e-07,-6.2577553162976835e-06
824,0.013333333333333332,-0.0066666666666666662,-0.001,-3.9927741704085347e-07,5.6106938785316243e-07,-4.2610900899833948e-06
825,0.014166666666666671,-0.0066666666666666662,-0.001,1.0396690654972188e-06,2.904536778768518e-07,-9.1993490606586228e-07
826,0.015000000000000003,-0.0066666666666666662,-0.001,0,0,0
827,0.015833333333333335,-0.0066666666666666662,-0.001,0,0,0
828,0.016666666666666666,-0.0066666666666666662,-0.001,0,0,0
829,0.017500000000000005,-0.0066666666666666662,-0.001,0,0,0
830,0.018333333333333337,-0.0066666666666666662,-0.001,0,0,0
831,0.019166666666666669,-0.0066666666666666662,-0.001,0,0,0
832,0.02,-0.0066666666666666662,-0.001,0,0,0
833,-0.02,-0.0058333333333333327,-0.001,0,0,0
834,-0.019166666666666669,-0.0058333333333333327,-0.001,0,0,0
835,-0.018333333333333333,-0.0058333333333333327,-0.001,0,0,0
836,-0.017500000000000002,-0.0058333333333333327,-0.001,0,0,0
837,-0.016666666666666666,-0.0058333333333333327,-0.001,0,0,0
838,-0.015833333333333335,-0.0058333333333333327,-0.001,0,0,0
839,-0.014999999999999999,-0.0058333333333333327,-0.001,0,0,0
840,-0.014166666666666668,-0.0058333333333333327,-0.001,2.2455691618518159e-08,2.3609366018903018e-07,1.3879187498683765e-07
841,-0.013333333333333332,-0.0058333333333333327,-0.001,1.6877390485351498e-06,5.5540988696718211e-07,-3.7502740885169413e-07
842,-0.012500000000000001,-0.0058333333333333327,-0.001,3.2595907464567127e-06,7.559249495174318e-07,1.1724254034274934e-06
843,-0.011666666666666667,-0.0058333333333333327,-0.001,5.5163116266426774e-06,1.2966145951512006e-06,5.1500909787287644e-06
844,-0.010833333333333334,-0.0058333333333333327,-0.001,8.6468482486173172e-06,1.8849049755684244e-06,1.2300858273003389e-05
845,-0.01,-0.0058333333333333327,-0.001,1.1917644422178442e-05,1.8415469825261977e-06,2.1404052565273396e-05
846,-0.0091666666666666667,-0.0058333333333333327,-0.001,1.0790691934686629e-05,-1.4812755411847246e-06,2.7518382865158539e-05
847,-0.0083333333333333332,-0.0058333333333333327,-0.001,6.3392445991553009e-06,-1.1835406484412125e-05,2.6476400180626645e-05
848,-0.0074999999999999997,-0.0058333333333333327,-0.001,2.7410950332456027e-06,-2.9009394159590566e-05,1.4548614857137301e-05
849,-0.0066666666666666662,-0.0058333333333333327,-0.001,6.8255361017074143e-08,-4.8206947300437554e-05,-2.9077564846697647e-05
850,-0.0058333333333333327,-0.0058333333333333327,-0.001,-7.021200989848322e-06,-6.5136694065675505e-05,-0.00014572750840457385
851,-0.0049999999999999992,-0.0058333333333333327,-0.001,-2.8873325099185968e-05,-9.8227594273527747e-05,-0.00034406486797092136
852,-0.0041666666666666657,-0.0058333333333333327,-0.001,-4.0199928640099096e-05,-0.00014884416034490676,-0.00053695592838654048
853,-0.003333333333333334,-0.0058333333333333327,-0.001,-9.4540127901679671e-06,-0.00019824873460322083,-0.00067275018647586704
854,-0.0024999999999999988,-0.0058333333333333327,-0.001,4.4834889747384566e-05,-0.00024976491180233847,-0.00080539315195429675
855,-0.001666666666666667,-0.0058333333333333327,-0.001,0.00012021455039030578,-0.0002776575618371726,-0.00092923167122329763
856,-0.00083333333333333176,-0.0058333333333333327,-0.001,0.00016582404802343111,-0.0002845092593283837,-0.0010246602183472528
857,0,-0.0058333333333333327,-0.001,0.00019299256415848253,-0.00026540992240023327,-0.0010516414867287145
858,0.00083333333333333523,-0.0058333333333333327,-0.001,0.00020436947991399072,-0.00024536651363025845,-0.0010314664136672259
859,0.001666666666666667,-0.0058333333333333327,-0.001,0.00019289565245187739,-0.0002134264527088414,-0.00096588266854601092
860,0.0025000000000000022,-0.0058333333333333327,-0.001,0.00016808400864656628,-0.00019279799369555534,-0.00089481075803636101
861,0.003333333333333334,-0.0058333333333333327,-0.001,0.00013888110997500817,-0.00014991312011892647,-0.00074602700507942204
862,0.0041666666666666692,-0.0058333333333333327,-0.001,0.00011522821026667404,-8.2499479979025964e-05,-0.00051368229587506469
863,0.005000000000000001,-0.0058333333333333327,-0.001,9.2740371901288489e-05,-2.7605256891698256e-05,-0.00029844994123714221
864,0.0058333333333333362,-0.0058333333333333327,-0.001,6.7065316735837437e-05,-3.9504400468752918e-06,-0.00015668079868825756
865,0.006666666666666668,-0.0058333333333333327,-0.001,4.1962488941985345e-05,-1.8092770960629586e-06,-8.344244369091641e-05
866,0.0074999999999999997,-0.0058333333333333327,-0.001,2.3490140233639798e-05,4.4498389133641473e-06,-9.4511193313494824e-06
867,0.008333333333333335,-0.0058333333333333327,-0.001,8.766630819944048e-06,4.4128170055356349e-06,-6.3525080527731477e-06
868,0.0091666666666666667,-0.0058333333333333327,-0.001,-3.3107923704368731e-06,3.3960465426301673e-06,-6.2999940621565695e-06
869,0.010000000000000002,-0.0058333333333333327,-0.001,-6.3535117501705618e-06,2.8226112319370942e-06,-5.8676056900081625e-06
870,0.010833333333333334,-0.0058333333333333327,-0.001,-5.4719443796841081e-06,1.9361226456857641e-06,-7.4505466210528706e-06
871,0.011666666666666669,-0.0058333333333333327,-0.001,-3.7083091731600488e-06,8.7903770208429179e-07,-8.3918380097753926e-06
872,0.012500000000000001,-0.0058333333333333327,-0.001,-2.0124773228694741e-06,4.80899212195981e-07,-7.7679349092870248e-06
873,0.013333333333333332,-0.0058333333333333327,-0.001,-5.8283325792476759e-07,5.2538807246863984e-07,-5.4628372743431033e-06
874,0.014166666666666671,-0.0058333333333333327,-0.001,1.4421769754388401e-06,2.8702510653776981e-07,-1.2121698235782987e-06
875,0.015000000000000003,-0.0058333333333333327,-0.001,0,0,0
876,0.015833333333333335,-0.0058333333333333327,-0.001,0,0,0
877,0.016666666666666666,-0.0058333333333333327,-0.001,0,0,0
878,0.017500000000000005,-0.0058333333333333327,-0.001,0,0,0
879,0.018333333333333337,-0.0058333333333333327,-0.001,0,0,0
880,0.019166666666666669,-0.0058333333333333327,-0.001,0,0,0
881,0.02,-0.0058333333333333327,-0.001,0,0,0
882,-0.02,-0.0049999999999999992,-0.001,0,0,0
883,-0.019166666666666669,-0.0049999999999999992,-0.001,0,0,0
884,-0.018333333333333333,-0.0049999999999999992,-0.001,0,0,0
885,-0.017500000000000002,-0.0049999999999999992,-0.001,0,0,0
886,-0.016666666666666666,-0.0049999999999999992,-0.001,0,0,0
887,-0.015833333333333335,-0.0049999999999999992,-0.001,0,0,0
888,-0.014999999999999999,-0.0049999999999999992,-0.001,0,0,0
889,-0.014166666666666668,-0.0049999999999999992,-0.001,-1.9045804384202912e-07,2.0921312887630651e-07,6.194131737801345e-08
890,-0.013333333333333332,-0.0049999999999999992,-0.001,2.0480404960209192e-06,5.6512636647204482e-07,-7.0788645396001795e-07
891,-0.012500000000000001,-0.0049999999999999992,-0.001,4.0582298819035909e-06,7.0042102356441397e-07,1.1193960207933641e-06
892,-0.011666666666666667,-0.0049999999999999992,-0.001,6.8825758597348296e-06,1.0642767195999529e-06,5.901446719766584e-06
893,-0.010833333333333334,-0.0049999999999999992,-0.001,1.0697643085645605e-05,1.1974454346241788e-06,1.3976425276166043e-05
894,-0.01,-0.0049999999999999992,-0.001,1.329753766288212e-05,-3.8716260875329606e-07,2.3139010999443703e-05
895,-0.0091666666666666667,-0.0049999999999999992,-0.001,1.0303769003605097e-05,-7.4395458916037958e-06,2.5370802943119992e-05
896,-0.0083333333333333332,-0.0049999999999999992,-0.001,4.3298942589868238e-06,-2.1830466557742845e-05,3.43630386212871e-05
897,-0.0074999999999999997,-0.0049999999999999992,-0.001,-1.6035396107288984e-06,-4.112888305496831e-05,-5.2688196896935641e-06
898,-0.0066666666666666662,-0.0049999999999999992,-0.001,-1.1366351599524922e-05,-5.9282079704915674e-05,-0.00012518003062670055
899,-0.0058333333333333327,-0.0049999999999999992,-0.001,-4.3994896602915277e-05,-8.8578675188887742e-05,-0.00034318220804213477
900,-0.0049999999999999992,-0.0049999999999999992,-0.001,-5.9758498059108102e-05,-0.00014562537321886117,-0.00054944036306020549
901,-0.0041666666666666657,-0.0049999999999999992,-0.001,-2.6093748954844702e-05,-0.00021707493387841813,-0.00072097036405149146
902,-0.003333333333333334,-0.0049999999999999992,-0.001,3.4789257819184393e-05,-0.00030030007560733656,-0.00093128199208650534
903,-0.0024999999999999988,-0.0049999999999999992,-0.001,0.00010676626736269461,-0.00036754097743733416,-0.0012013522804592198
904,-0.001666666666666667,-0.0049999999999999992,-0.001,0.00017423765952312225,-0.00036885476328865125,-0.0014275247192232277
905,-0.00083333333333333176,-0.0049999999999999992,-0.001,0.00021589669397577984,-0.00036661645545847974,-0.0015749775992517782
906,0,-0.0049999999999999992,-0.001,0.00025779580635146857,-0.00034004635245413444,-0.0016019995834282328
907,0.00083333333333333523,-0.0049999999999999992,-0.001,0.00030236277756267113,-0.00030246630639355065,-0.0015468693080619962
908,0.001666666666666667,-0.0049999999999999992,-0.001,0.00032514596127436164,-0.0002367231732963806,-0.0014028038781252184
909,0.0025000000000000022,-0.0049999999999999992,-0.001,0.00030050644606008928,-0.00017265204012796001,-0.0012052025247339881
910,0.003333333333333334,-0.0049999999999999992,-0.001,0.00024641195518429384,-0.00016210332645670149,-0.0010238680071365718
911,0.0041666666666666692,-0.0049999999999999992,-0.001,0.00019487298858144556,-0.00014459423226593143,-0.00085652894208289353
912,0.005000000000000001,-0.0049999999999999992,-0.001,0.00014116632839292472,-6.8794886961145933e-05,-0.00056996934110646407
913,0.0058333333333333362,-0.0049999999999999992,-0.001,9.8828540563049817e-05,-1.2461734278449724e-05,-0.00031185756701880828
914,0.006666666666666668,-0.0049999999999999992,-0.001,6.1064081104350961e-05,3.6438001583356327e-06,-0.00014448826416957539
915,0.0074999999999999997,-0.0049999999999999992,-0.001,3.6677669465622791e-05,3.0518268707216873e-06,-7.3933590055823821e-05
916,0.008333333333333335,-0.0049999999999999992,-0.001,1.7594299426955806e-05,8.1199545564481737e-06,-6.8723345554811015e-06
917,0.0091666666666666667,-0.0049999999999999992,-0.001,1.1470524969732058e-06,4.4553875727049033e-06,-1.3137929227189572e-05
918,0.010000000000000002,-0.0049999999999999992,-0.001,-6.0597936244313157e-06,3.0478718163459057e-06,-9.4504513894034885e-06
919,0.010833333333333334,-0.0049999999999999992,-0.001,-6.4200844417824301e-06,2.152389124461726e-06,-9.5612739612653425e-06
920,0.011666666666666669,-0.0049999999999999992,-0.001,-4.5663547871499668e-06,1.0489220102477686e-06,-1.0148147928076316e-05
921,0.012500000000000001,-0.0049999999999999992,-0.001,-2.5998946873077654e-06,4.921565098131363e-07,-9.4169351510561529e-06
922,0.013333333333333332,-0.0049999999999999992,-0.001,-6.5985814913988362e-07,4.3957800807661651e-07,-6.8181372168970192e-06
923,0.014166666666666671,-0.0049999999999999992,-0.001,1.9368517918188545e-06,2.6193988440235127e-07,-1.6084478589112157e-06
924,0.015000000000000003,-0.0049999999999999992,-0.001,0,0,0
925,0.015833333333333335,-0.0049999999999999992,-0.001,0,0,0
926,0.016666666666666666,-0.0049999999999999992,-0.001,0,0,0
927,0.017500000000000005,-0.0049999999999999992,-0.001,0,0,0
928,0.018333333333333337,-0.0049999999999999992,-0.001,0,0,0
929,0.019166666666666669,-0.0049999999999999992,-0.001,0,0,0
930,0.02,-0.0049999999999999992,-0.001,0,0,0
931,-0.02,-0.0041666666666666657,-0.001,0,0,0
932,-0.019166666666666669,-0.0041666666666666657,-0.001,0,0,0
933,-0.018333333333333333,-0.0041666666666666657,-0.001,0,0,0
934,-0.017500000000000002,-0.0041666666666666657,-0.001,0,0,0
935,-0.016666666666666666,-0.0041666666666666657,-0.001,0,0,0
936,-0.015833333333333335,-0.0041666666666666657,-0.001,0,0,0
937,-0.014999999999999999,-0.0041666666666666657,-0.001,0,0,0
938,-0.014166666666666668,-0.0041666666666666657,-0.001,-4.2181705157459872e-07,1.8371921967334927e-07,-3.3686584776222795e-08
939,-0.013333333333333332,-0.0041666666666666657,-0.001,2.4213823997319025e-06,5.3192644562722053e-07,-1.0421160765405773e-06
940,-0.012500000000000001,-0.0041666666666666657,-0.001,4.9367530305252807e-06,5.754688103091039e-07,1.0014582291873764e-06
941,-0.011666666666666667,-0.0041666666666666657,-0.001,8.1183600491396616e-06,5.0332931685107229e-07,6.3040532565361627e-06
942,-0.010833333333333334,-0.0041666666666666657,-0.001,1.2445785401433419e-05,-4.4775080267206195e-07,1.4912613545602604e-05
943,-0.01,-0.0041666666666666657,-0.001,1.3875894681342592e-05,-3.8653641621934662e-06,2.252723354892703e-05
944,-0.0091666666666666667,-0.0041666666666666657,-0.001,7.1161317221490041e-06,-1.5328238126629309e-05,3.8383472649362582e-05
945,-0.0083333333333333332,-0.0041666666666666657,-0.001,-1.3808561472279701e-06,-3.421672728396182e-05,1.1458153842272642e-05
946,-0.0074999999999999997,-0.0041666666666666657,-0.001,-9.3905136780986209e-06,-5.0752290391014523e-05,-6.7443178388610495e-05
947,-0.0066666666666666662,-0.0041666666666666657,-0.001,-3.8325535013383764e-05,-7.0674344705133613e-05,-0.00027185816278904102
948,-0.0058333333333333327,-0.0041666666666666657,-0.001,-7.1718603276480712e-05,-0.00012319565397744968,-0.00050844085148628109
949,-0.0049999999999999992,-0.0041666666666666657,-0.001,-6.6573049303163048e-05,-0.00020702471941885336,-0.00070161724261910252
950,-0.0041666666666666657,-0.0041666666666666657,-0.001,-1.5282456183686231e-05,-0.00032003439867180089,-0.00098566589974738786
951,-0.003333333333333334,-0.0041666666666666657,-0.001,5.4590384274061204e-05,-0.00040386799560894742,-0.0013903297777377078
952,-0.0024999999999999988,-0.0041666666666666657,-0.001,4.6004405756105658e-05,-0.00042234826640866365,-0.0017977055228571583
953,-0.001666666666666667,-0.0041666666666666657,-0.001,2.2316810863493789e-05,-0.00046389312192474629,-0.0020979329028639748
954,-0.00083333333333333176,-0.0041666666666666657,-0.001,6.8825077314694339e-05,-0.00044390582071089884,-0.0022362154169413067
955,0,-0.0041666666666666657,-0.001,0.00014631665369824084,-0.00043146960916799277,-0.0022775819935543333
956,0.00083333333333333523,-0.0041666666666666657,-0.001,0.00022865383561946844,-0.00039683739757490842,-0.002234028754121022
957,0.001666666666666667,-0.0041666666666666657,-0.001,0.00030305549555956164,-0.00031515600903035213,-0.0020657787865313174
958,0.0025000000000000022,-0.0041666666666666657,-0.001,0.00037315146455329531,-0.00017739932170721858,-0.0017350249957336773
959,0.003333333333333334,-0.0041666666666666657,-0.001,0.00037098147408437066,-0.0001132588941485015,-0.0013827142599682715
960,0.0041666666666666692,-0.0041666666666666657,-0.001,0.00030321446331015413,-0.00011250312349042572,-0.0011282910281499279
961,0.005000000000000001,-0.0041666666666666657,-0.001,0.00022128200901907149,-0.00010724635277387624,-0.00087755512397908147
962,0.0058333333333333362,-0.0041666666666666657,-0.001,0.00014564377100708407,-3.158854132477912e-05,-0.00052821662084007496
963,0.006666666666666668,-0.0041666666666666657,-0.001,8.5469611233420585e-05,8.6094216010268696e-06,-0.00025913525494634845
964,0.0074999999999999997,-0.0041666666666666657,-0.001,4.9513647501437435e-05,1.220257843924275e-05,-0.00012261839375312262
965,0.008333333333333335,-0.0041666666666666657,-0.001,2.5271764228267101e-05,1.1383548603805883e-05,-2.8489947940593969e-05
966,0.0091666666666666667,-0.0041666666666666657,-0.001,8.3658769161355722e-06,7.820501275810921e-06,-5.7663279234001984e-06
967,0.010000000000000002,-0.0041666666666666657,-0.001,-4.6181222215767692e-06,4.5765364842567136e-06,-1.3152572509155149e-05
968,0.010833333333333334,-0.0041666666666666657,-0.001,-7.1095494412311896e-06,2.3681947917028928e-06,-1.1899874419386088e-05
969,0.011666666666666669,-0.0041666666666666657,-0.001,-5.4346851893391793e-06,1.3606329408111986e-06,-1.2081142940621364e-05
970,0.012500000000000001,-0.0041666666666666657,-0.001,-3.2484168116170849e-06,5.7918956742712966e-07,-1.1114886617352026e-05
971,0.013333333333333332,-0.0041666666666666657,-0.001,-7.3913497679098147e-07,3.7611485539704493e-07,-8.1829888438082267e-06
972,0.014166666666666671,-0.0041666666666666657,-0.001,2.5209900557823672e-06,2.2845803895768711e-07,-2.0775375032206307e-06
973,0.015000000000000003,-0.0041666666666666657,-0.001,0,0,0
974,0.015833333333333335,-0.0041666666666666657,-0.001,0,0,0
975,0.016666666666666666,-0.0041666666666666657,-0.001,0,0,0
976,0.017500000000000005,-0.0041666666666666657,-0.001,0,0,0
977,0.018333333333333337,-0.0041666666666666657,-0.001,0,0,0
978,0.019166666666666669,-0.0041666666666666657,-0.001,0,0,0
979,0.02,-0.0041666666666666657,-0.001,0,0,0
980,-0.02,-0.003333333333333334,-0.001,0,0,0
981,-0.019166666666666669,-0.003333333333333334,-0.001,0,0,0
982,-0.018333333333333333,-0.003333333333333334,-0.001,0,0,0
983,-0.017500000000000002,-0.003333333333333334,-0.001,0,0,0
984,-0.016666666666666666,-0.003333333333333334,-0.001,0,0,0
985,-0.015833333333333335,-0.003333333333333334,-0.001,0,0,0
986,-0.014999999999999999,-0.003333333333333334,-0.001,0,0,0
987,-0.014166666666666668,-0.003333333333333334,-0.001,-6.182712811961421e-07,1.4844912898140389e-07,-1.1962276011865665e-07
988,-0.013333333333333332,-0.003333333333333334,-0.001,2.7755157289199763e-06,4.446996691739438e-07,-1.3888461891455841e-06
989,-0.012500000000000001,-0.003333333333333334,-0.001,5.7468302427647733e-06,3.4863989752854446e-07,7.6903330315217684e-07
990,-0.011666666666666667,-0.003333333333333334,-0.001,9.3130244435437861e-06,-1.7276420630058717e-07,6.3813677525586677e-06
991,-0.010833333333333334,-0.003333333333333334,-0.001,1.3485251404002048e-05,-2.0446645361429374e-06,1.4747999031848467e-05
992,-0.01,-0.003333333333333334,-0.001,1.306251530638104e-05,-5.8600531227361267e-06,1.8826624751006746e-05
993,-0.0091666666666666667,-0.003333333333333334,-0.001,5.2040279471958691e-06,-2.1804116215354648e-05,1.9648600063581173e-05
994,-0.0083333333333333332,-0.003333333333333334,-0.001,-7.1537244774625066e-06,-4.1306077833265034e-05,-1.1869258579629073e-05
995,-0.0074999999999999997,-0.003333333333333334,-0.001,-2.8488080634308782e-05,-5.5024150264601848e-05,-0.00016991715416165318
996,-0.0066666666666666662,-0.003333333333333334,-0.001,-6.7420379491760338e-05,-8.5844119709697423e-05,-0.000421357960437223
997,-0.0058333333333333327,-0.003333333333333334,-0.001,-9.1764139212537464e-05,-0.00017255505879850761,-0.00060905190329212057
998,-0.0049999999999999992,-0.003333333333333334,-0.001,-7.3915525479106639e-05,-0.00029752182296614995,-0.0009209616997584763
999,-0.0041666666666666657,-0.003333333333333334,-0.001,-6.0585219524219092e-05,-0.0003928877209983768,-0.0013986524340150275
1000,-0.003333333333333334,-0.003333333333333334,-0.001,-0.00012709698909064786,-0.00042277011309339928,-0.0019502115317287327
1001,-0.0024999999999999988,-0.003333333333333334,-0.001,-0.00011899360783080068,-0.00042223082309051388,-0.0022733185271873652
1002,-0.001666666666666667,-0.003333333333333334,-0.001,-5.6732737561981859e-05,-0.00041415852249217222,-0.0024647573265786653
1003,-0.00083333333333333176,-0.003333333333333334,-0.001,1.8727568364620019e-05,-0.00039407442125730455,-0.0025626484197197267
1004,0,-0.003333333333333334,-0.001,0.00010600359598137354,-0.00036874310698131079,-0.0026051214373334582
1005,0.00083333333333333523,-0.003333333333333334,-0.001,0.00020164893104265469,-0.00035207915864057771,-0.0025816937386390413
1006,0.001666666666666667,-0.003333333333333334,-0.001,0.00029465291960856867,-0.0003072692950878921,-0.0024892350037504138
1007,0.0025000000000000022,-0.003333333333333334,-0.001,0.00037427949361751555,-0.00023544106468189235,-0.0022922206493605629
1008,0.003333333333333334,-0.003333333333333334,-0.001,0.00040244160191760291,-7.8554570140066161e-05,-0.0018732027514854752
1009,0.0041666666666666692,-0.003333333333333334,-0.001,0.00036416002320642374,-4.6920947098779886e-05,-0.0014467643242358063
1010,0.005000000000000001,-0.003333333333333334,-0.001,0.00031225411646091056,-0.00010525530998421895,-0.0011670572532380458
1011,0.0058333333333333362,-0.003333333333333334,-0.001,0.00020959120890139607,-5.2850328496652891e-05,-0.00076796105885091519
1012,0.006666666666666668,-0.003333333333333334,-0.001,0.00011749297638131027,9.6448804981370185e-06,-0.00040191961965280285
1013,0.0074999999999999997,-0.003333333333333334,-0.001,5.8037240668523386e-05,2.5033444909374095e-05,-0.00017690315582263177
1014,0.008333333333333335,-0.003333333333333334,-0.001,3.5720478426945234e-05,1.4503651357497513e-05,-8.7137799351027511e-05
1015,0.0091666666666666667,-0.003333333333333334,-0.001,1.3046680216735186e-05,1.341398367012628e-05,-7.0292087328094809e-06
1016,0.010000000000000002,-0.003333333333333334,-0.001,-2.8056548341082952e-06,7.2505053357087818e-06,-1.7884529147552595e-05
1017,0.010833333333333334,-0.003333333333333334,-0.001,-7.3943658200297994e-06,3.1034758658732698e-06,-1.4232129377332151e-05
1018,0.011666666666666669,-0.003333333333333334,-0.001,-6.371898490780829e-06,1.7972251464347107e-06,-1.3873622110438625e-05
1019,0.012500000000000001,-0.003333333333333334,-0.001,-3.8072473093861087e-06,6.9316979951887048e-07,-1.2749823621049936e-05
1020,0.013333333333333332,-0.003333333333333334,-0.001,-8.1339569632306691e-07,3.4161869617206261e-07,-9.4859133778311644e-06
1021,0.014166666666666671,-0.003333333333333334,-0.001,3.0833067919533859e-06,2.1246604614613155e-07,-2.5773936481814818e-06
1022,0.015000000000000003,-0.003333333333333334,-0.001,0,0,0
1023,0.015833333333333335,-0.003333333333333334,-0.001,0,0,0
1024,0.016666666666666666,-0.003333333333333334,-0.001,0,0,0
1025,0.017500000000000005,-0.003333333333333334,-0.001,0,0,0
1026,0.018333333333333337,-0.003333333333333334,-0.001,0,0,0
1027,0.019166666666666669,-0.003333333333333334,-0.001,0,0,0
1028,0.02,-0.003333333333333334,-0.001,0,0,0
1029,-0.02,-0.0024999999999999988,-0.001,0,0,0
1030,-0.019166666666666669,-0.0024999999999999988,-0.001,0,0,0
1031,-0.018333333333333333,-0.0024999999999999988,-0.001,0,0,0
1032,-0.017500000000000002,-0.0024999999999999988,-0.001,0,0,0
1033,-0.016666666666666666,-0.0024999999999999988,-0.001,0,0,0
1034,-0.015833333333333335,-0.0024999999999999988,-0.001,0,0,0
1035,-0.014999999999999999,-0.0024999999999999988,-0.001,0,0,0
1036,-0.014166666666666668,-0.0024999999999999988,-0.001,-7.5935972951945779e-07,8.4983482511998292e-08,-1.8812373730857362e-07
1037,-0.013333333333333332,-0.0024999999999999988,-0.001,3.0890484740378313e-06,2.9297177854344199e-07,-1.7382444014787843e-06
1038,-0.012500000000000001,-0.0024999999999999988,-0.001,6.4652572879551291e-06,5.7203874812960518e-08,4.2701422278021684e-07
1039,-0.011666666666666667,-0.0024999999999999988,-0.001,1.0417758048015234e-05,-1.0132066260492378e-06,6.2017146467766278e-06
1040,-0.010833333333333334,-0.0024999999999999988,-0.001,1.4098254310780684e-05,-3.3546951378573387e-06,1.4127134032352605e-05
1041,-0.01,-0.0024999999999999988,-0.001,1.1450849922114274e-05,-9.6736333018378481e-06,1.6546185230957584e-05
1042,-0.0091666666666666667,-0.0024999999999999988,-0.001,1.901036890635246e-06,-2.903980565049061e-05,2.2360817455624041e-05
1043,-0.0083333333333333332,-0.0024999999999999988,-0.001,-1.5464142472254897e-05,-4.6682531162958843e-05,-4.9819547108193173e-05
1044,-0.0074999999999999997,-0.0024999999999999988,-0.001,-4.8347591882199363e-05,-5.7333729651902789e-05,-0.00026483340808915954
1045,-0.0066666666666666662,-0.0024999999999999988,-0.001,-8.1870943697311742e-05,-0.00011094080791189974,-0.00048434173875097484
1046,-0.0058333333333333327,-0.0024999999999999988,-0.001,-0.00011549019774950118,-0.00022524343996170034,-0.00072585652367745067
1047,-0.0049999999999999992,-0.0024999999999999988,-0.001,-0.00012198597685796456,-0.00036921921308909927,-0.0011756356054058348
1048,-0.0041666666666666657,-0.0024999999999999988,-0.001,-0.00019489797720554356,-0.00037350705404094248,-0.0018437540771001259
1049,-0.003333333333333334,-0.0024999999999999988,-0.001,-0.00022089269296882689,-0.00037501799422303469,-0.0022661181530118151
1050,-0.0024999999999999988,-0.0024999999999999988,-0.001,-0.00017095657910213289,-0.00035383029009526283,-0.0025180399358833996
1051,-0.001666666666666667,-0.0024999999999999988,-0.001,-9.4374484126722884e-05,-0.00032242914803918421,-0.0026864802190087931
1052,-0.00083333333333333176,-0.0024999999999999988,-0.001,-6.3021472402877646e-06,-0.00028160022611574187,-0.0027925952042882332
1053,0,-0.0024999999999999988,-0.001,7.3178577856810074e-05,-0.00025122355233631917,-0.0028256743027222433
1054,0.00083333333333333523,-0.0024999999999999988,-0.001,0.00015664488572580837,-0.00024021280773388155,-0.0028210721024513829
1055,0.001666666666666667,-0.0024999999999999988,-0.001,0.00025937431961005352,-0.00022900221713093659,-0.0027572423119757118
1056,0.0025000000000000022,-0.0024999999999999988,-0.001,0.00036437498278840669,-0.00019056975126109893,-0.0026020899086055273
1057,0.003333333333333334,-0.0024999999999999988,-0.001,0.00041964459725322018,-9.7789551060145901e-05,-0.0022943182201617725
1058,0.0041666666666666692,-0.0024999999999999988,-0.001,0.00040839241241205117,1.4463199859912949e-05,-0.0017671864892304034
1059,0.005000000000000001,-0.0024999999999999988,-0.001,0.00038784239809770444,-6.5484209724312337e-05,-0.001407299749787629
1060,0.0058333333333333362,-0.0024999999999999988,-0.001,0.00027992012487238431,-5.0325141839537216e-05,-0.00099000584689062725
1061,0.006666666666666668,-0.0024999999999999988,-0.001,0.0001543483773076522,1.0366647456856756e-05,-0.00055080734024411625
1062,0.0074999999999999997,-0.0024999999999999988,-0.001,7.3868916637031312e-05,3.4696048943921312e-05,-0.00025519450352839138
1063,0.008333333333333335,-0.0024999999999999988,-0.001,4.0208931696556066e-05,2.3461444822707715e-05,-0.00011609465657345632
1064,0.0091666666666666667,-0.0024999999999999988,-0.001,1.5670406051286444e-05,1.9857124061284788e-05,-8.683877840454839e-06
1065,0.010000000000000002,-0.0024999999999999988,-0.001,-1.1562421953772612e-06,1.0814956215656615e-05,-1.5885236338730475e-05
1066,0.010833333333333334,-0.0024999999999999988,-0.001,-8.2545615962288333e-06,4.5155119766598315e-06,-1.5274032465095682e-05
1067,0.011666666666666669,-0.0024999999999999988,-0.001,-7.4208039112090135e-06,2.1235480057634639e-06,-1.5199227104525001e-05
1068,0.012500000000000001,-0.0024999999999999988,-0.001,-4.3168092472783173e-06,7.9104271116197775e-07,-1.4201964300759425e-05
1069,0.013333333333333332,-0.0024999999999999988,-0.001,-8.050333066483038e-07,2.7683187783569314e-07,-1.0636774935096778e-05
1070,0.014166666666666671,-0.0024999999999999988,-0.001,3.593637768607085e-06,2.0339638879902101e-07,-3.0655852500770309e-06
1071,0.015000000000000003,-0.0024999999999999988,-0.001,0,0,0
1072,0.015833333333333335,-0.0024999999999999988,-0.001,0,0,0
1073,0.016666666666666666,-0.0024999999999999988,-0.001,0,0,0
1074,0.017500000000000005,-0.0024999999999999988,-0.001,0,0,0
1075,0.018333333333333337,-0.0024999999999999988,-0.001,0,0,0
1076,0.019166666666666669,-0.0024999999999999988,-0.001,0,0,0
1077,0.02,-0.0024999999999999988,-0.001,0,0,0
1078,-0.02,-0.001666666666666667,-0.001,0,0,0
1079,-0.019166666666666669,-0.001666666666666667,-0.001,0,0,0
1080,-0.018333333333333333,-0.001666666666666667,-0.001,0,0,0
1081,-0.017500000000000002,-0.001666666666666667,-0.001,0,0,0
1082,-0.016666666666666666,-0.001666666666666667,-0.001,0,0,0
1083,-0.015833333333333335,-0.001666666666666667,-0.001,0,0,0
1084,-0.014999999999999999,-0.001666666666666667,-0.001,0,0,0
1085,-0.014166666666666668,-0.001666666666666667,-0.001,-8.7819963260818644e-07,-1.3734273063462329e-08,-2.6150296593260727e-07
1086,-0.013333333333333332,-0.001666666666666667,-0.001,3.3489818093328954e-06,8.0919857504664331e-08,-2.0918118105467664e-06
1087,-0.012500000000000001,-0.001666666666666667,-0.001,7.0583531813902064e-06,-3.4143929586178715e-07,-2.1190617740295994e-08
1088,-0.011666666666666667,-0.001666666666666667,-0.001,1.1195524366867881e-05,-1.8590653290882628e-06,5.7730299181362994e-06
1089,-0.010833333333333334,-0.001666666666666667,-0.001,1.4575025370666409e-05,-4.9929457839778875e-06,1.3316527399334987e-05
1090,-0.01,-0.001666666666666667,-0.001,9.8777340446163678e-06,-1.3633835744575726e-05,1.6269234522441953e-05
1091,-0.0091666666666666667,-0.001666666666666667,-0.001,-7.3377942831092376e-07,-3.3827266300086135e-05,2.8891779808969265e-05
1092,-0.0083333333333333332,-0.001666666666666667,-0.001,-2.6907061828484181e-05,-4.6405992245635808e-05,-8.6143349998307319e-05
1093,-0.0074999999999999997,-0.001666666666666667,-0.001,-7.1520310774301902e-05,-6.063519774597839e-05,-0.00034925944492612826
1094,-0.0066666666666666662,-0.001666666666666667,-0.001,-0.00010315705368092233,-0.00014181735601425795,-0.00054209725479715935
1095,-0.0058333333333333327,-0.001666666666666667,-0.001,-0.00015316858509465236,-0.00026759162700893047,-0.00087786818786714054
1096,-0.0049999999999999992,-0.001666666666666667,-0.001,-0.00018663146433050691,-0.00036299706458299628,-0.0014460343751849238
1097,-0.0041666666666666657,-0.001666666666666667,-0.001,-0.00030677472075451071,-0.00031649023073504267,-0.0020984769174234516
1098,-0.003333333333333334,-0.001666666666666667,-0.001,-0.00028284732739364618,-0.000299396766308901,-0.0024280877848679742
1099,-0.0024999999999999988,-0.001666666666666667,-0.001,-0.00020393934079514911,-0.00026247979083520242,-0.002668171957086715
1100,-0.001666666666666667,-0.001666666666666667,-0.001,-9.4133635073800163e-05,-0.00022298427670117531,-0.0028267200467025893
1101,-0.00083333333333333176,-0.001666666666666667,-0.001,-9.0580356629613539e-06,-0.0001638392293518732,-0.0028860679197629537
1102,0,-0.001666666666666667,-0.001,5.4311553088504272e-05,-0.00011312298059147437,-0.0028965630286004397
1103,0.00083333333333333523,-0.001666666666666667,-0.001,0.00011175754211691742,-0.0001046059939297766,-0.0029302892397322987
1104,0.001666666666666667,-0.001666666666666667,-0.001,0.00020739519817582056,-0.00010952238800186859,-0.0029081242156428658
1105,0.0025000000000000022,-0.001666666666666667,-0.001,0.00033207552337703635,-9.9538062696257238e-05,-0.0027929397704078993
1106,0.003333333333333334,-0.001666666666666667,-0.001,0.00042653575730455345,-4.9943921769180149e-05,-0.0025440869585285682
1107,0.0041666666666666692,-0.001666666666666667,-0.001,0.00042910415048493872,5.9217720309956618e-05,-0.0020389684537197379
1108,0.005000000000000001,-0.001666666666666667,-0.001,0.0004444034016652416,-2.1109406584487668e-06,-0.0016138810911169774
1109,0.0058333333333333362,-0.001666666666666667,-0.001,0.00033234884283003737,-2.3885151548076008e-05,-0.001158430312877936
1110,0.006666666666666668,-0.001666666666666667,-0.001,0.00018910258981561922,2.2774172862795844e-05,-0.00067432019926550422
1111,0.0074999999999999997,-0.001666666666666667,-0.001,8.4104913257895123e-05,4.5385271475751459e-05,-0.00032336641825133987
1112,0.008333333333333335,-0.001666666666666667,-0.001,3.7335937308041303e-05,3.6948711027187451e-05,-0.00013348230358020303
1113,0.0091666666666666667,-0.001666666666666667,-0.001,1.767499515153603e-05,2.4703909742630638e-05,-3.1939477005108359e-05
1114,0.010000000000000002,-0.001666666666666667,-0.001,-4.9181199118387516e-07,1.5233192727204926e-05,-6.3535206200760772e-06
1115,0.010833333333333334,-0.001666666666666667,-0.001,-9.3214238329446292e-06,5.7481477803389277e-06,-1.5240793178034197e-05
1116,0.011666666666666669,-0.001666666666666667,-0.001,-8.3458541008762691e-06,2.1923988483734882e-06,-1.5991046545789866e-05
1117,0.012500000000000001,-0.001666666666666667,-0.001,-4.7567937405501594e-06,7.745702762162864e-07,-1.5398766874910536e-05
1118,0.013333333333333332,-0.001666666666666667,-0.001,-7.1569868997260981e-07,1.7633771682835616e-07,-1.1602198073040776e-05
1119,0.014166666666666671,-0.001666666666666667,-0.001,4.0895692304132735e-06,1.7536392627832391e-07,-3.5030640659729028e-06
1120,0.015000000000000003,-0.001666666666666667,-0.001,0,0,0
1121,0.015833333333333335,-0.001666666666666667,-0.001,0,0,0
1122,0.016666666666666666,-0.001666666666666667,-0.001,0,0,0
1123,0.017500000000000005,-0.001666666666666667,-0.001,0,0,0
1124,0.018333333333333337,-0.001666666666666667,-0.001,0,0,0
1125,0.019166666666666669,-0.001666666666666667,-0.001,0,0,0
1126,0.02,-0.001666666666666667,-0.001,0,0,0
1127,-0.02,-0.00083333333333333176,-0.001,0,0,0
1128,-0.019166666666666669,-0.00083333333333333176,-0.001,0,0,0
1129,-0.018333333333333333,-0.00083333333333333176,-0.001,0,0,0
1130,-0.017500000000000002,-0.00083333333333333176,-0.001,0,0,0
1131,-0.016666666666666666,-0.00083333333333333176,-0.001,0,0,0
1132,-0.015833333333333335,-0.00083333333333333176,-0.001,0,0,0
1133,-0.014999999999999999,-0.00083333333333333176,-0.001,0,0,0
1134,-0.014166666666666668,-0.00083333333333333176,-0.001,-1.0386673562819026e-06,-9.5786062703522797e-08,-3.6601914944626151e-07
1135,-0.013333333333333332,-0.00083333333333333176,-0.001,3.4924550999084029e-06,-1.6764979451909852e-07,-2.4462423486433781e-06
1136,-0.012500000000000001,-0.00083333333333333176,-0.001,7.3884520624804697e-06,-7.5878631843426995e-07,-5.134911642459255e-07
1137,-0.011666666666666667,-0.00083333333333333176,-0.001,1.1570036379334103e-05,-2.6970685508029051e-06,5.1288835741445378e-06
1138,-0.010833333333333334,-0.00083333333333333176,-0.001,1.4371887923649368e-05,-6.6834474704785413e-06,1.203710958157409e-05
1139,-0.01,-0.00083333333333333176,-0.001,7.3514972114177609e-06,-1.676517219054308e-05,1.6563751846232062e-05
1140,-0.0091666666666666667,-0.00083333333333333176,-0.001,-5.4424251104463563e-06,-3.6329783478419441e-05,1.8023622236202823e-05
1141,-0.0083333333333333332,-0.00083333333333333176,-0.001,-3.6760000788901097e-05,-4.4985768717975055e-05,-0.00012110678652829035
1142,-0.0074999999999999997,-0.00083333333333333176,-0.001,-8.4336520041439369e-05,-6.2465172741019885e-05,-0.00038037234719445604
1143,-0.0066666666666666662,-0.00083333333333333176,-0.001,-0.00013639145688977837,-0.00016104810922388927,-0.00058817828714621064
1144,-0.0058333333333333327,-0.00083333333333333176,-0.001,-0.00019776526005942861,-0.00027890241862984133,-0.00099310427574965583
1145,-0.0049999999999999992,-0.00083333333333333176,-0.001,-0.0002770610921532052,-0.00029445210376060125,-0.001648948258204703
1146,-0.0041666666666666657,-0.00083333333333333176,-0.001,-0.00036435226967779591,-0.00023712900804593638,-0.0022084961785758597
1147,-0.003333333333333334,-0.00083333333333333176,-0.001,-0.00031054259079117273,-0.00020993937446673811,-0.0025181235798451287
1148,-0.0024999999999999988,-0.00083333333333333176,-0.001,-0.00021469300583943298,-0.00017447695142533363,-0.0027671990045041056
1149,-0.001666666666666667,-0.00083333333333333176,-0.001,-8.0710087900537941e-05,-0.00013918445032805291,-0.0028665750134285765
1150,-0.00083333333333333176,-0.00083333333333333176,-0.001,7.1416798533342327e-06,-8.4847768384505243e-05,-0.0028516418186802727
1151,0,-0.00083333333333333176,-0.001,4.0149302715277742e-05,-3.2595596171815279e-05,-0.0028556761798837946
1152,0.00083333333333333523,-0.00083333333333333176,-0.001,6.9952353758441103e-05,-5.6742331559057737e-06,-0.0029102985823444894
1153,0.001666666666666667,-0.00083333333333333176,-0.001,0.00015226130108814858,-4.8120116350400145e-06,-0.0029625833917188661
1154,0.0025000000000000022,-0.00083333333333333176,-0.001,0.00029325712984276387,1.6934099255985508e-06,-0.0028759067193170665
1155,0.003333333333333334,-0.00083333333333333176,-0.001,0.00041062830066225238,3.7362955251646494e-05,-0.0026462955039301766
1156,0.0041666666666666692,-0.00083333333333333176,-0.001,0.00044187868111719518,9.7850572233265973e-05,-0.0021850248900983113
1157,0.005000000000000001,-0.00083333333333333176,-0.001,0.00046067276575832483,3.9368291380396353e-05,-0.0017645178817609838
1158,0.0058333333333333362,-0.00083333333333333176,-0.001,0.00036457694976692773,2.130370914389028e-05,-0.001269165648375397
1159,0.006666666666666668,-0.00083333333333333176,-0.001,0.00020497252736926606,4.7000387913730994e-05,-0.00074591034045655891
1160,0.0074999999999999997,-0.00083333333333333176,-0.001,8.5669307495186563e-05,5.8485200977848438e-05,-0.00036269570775922434
1161,0.008333333333333335,-0.00083333333333333176,-0.001,3.296834759110843e-05,4.589068548745995e-05,-0.00015130705243294521
1162,0.0091666666666666667,-0.00083333333333333176,-0.001,1.5934862680257223e-05,2.8279393501234823e-05,-4.0030688716572611e-05
1163,0.010000000000000002,-0.00083333333333333176,-0.001,-3.2871661407414694e-06,1.6690075047791194e-05,-5.1066150391432354e-06
1164,0.010833333333333334,-0.00083333333333333176,-0.001,-1.0872157134688233e-05,5.9243477179890816e-06,-1.5047758635623302e-05
1165,0.011666666666666669,-0.00083333333333333176,-0.001,-9.1944240805419813e-06,1.8676719247306575e-06,-1.6674860100652914e-05
1166,0.012500000000000001,-0.00083333333333333176,-0.001,-5.0880039530992236e-06,6.5282769812618029e-07,-1.6391156900270557e-05
1167,0.013333333333333332,-0.00083333333333333176,-0.001,-5.9994202104395056e-07,7.4249566704355972e-08,-1.2391669524473963e-05
1168,0.014166666666666671,-0.00083333333333333176,-0.001,4.5318230966394628e-06,1.4794667899040412e-07,-3.8672391979955769e-06
1169,0.015000000000000003,-0.00083333333333333176,-0.001,0,0,0
1170,0.015833333333333335,-0.00083333333333333176,-0.001,0,0,0
1171,0.016666666666666666,-0.00083333333333333176,-0.001,0,0,0
1172,0.017500000000000005,-0.00083333333333333176,-0.001,0,0,0
1173,0.018333333333333337,-0.00083333333333333176,-0.001,0,0,0
1174,0.019166666666666669,-0.00083333333333333176,-0.001,0,0,0
1175,0.02,-0.00083333333333333176,-0.001,0,0,0
1176,-0.02,0,-0.001,0,0,0
1177,-0.019166666666666669,0,-0.001,0,0,0
1178,-0.018333333333333333,0,-0.001,0,0,0
1179,-0.017500000000000002,0,-0.001,0,0,0
1180,-0.016666666666666666,0,-0.001,0,0,0
1181,-0.015833333333333335,0,-0.001,0,0,0
1182,-0.014999999999999999,0,-0.001,0,0,0
1183,-0.014166666666666668,0,-0.001,-1.1854942796109827e-06,-1.2671337307510414e-07,-4.7109046853054996e-07
1184,-0.013333333333333332,0,-0.001,3.4266040378563521e-06,-3.5031719098010654e-07,-2.7607713271964229e-06
1185,-0.012500000000000001,0,-0.001,7.3728372624592873e-06,-1.1101038534908648e-06,-1.0249956419561572e-06
1186,-0.011666666666666667,0,-0.001,1.1432182869135557e-05,-3.3916421508347527e-06,4.2927754342776593e-06
1187,-0.010833333333333334,0,-0.001,1.3857484130347327e-05,-8.0325281407635042e-06,1.0506754026442676e-05
1188,-0.01,0,-0.001,5.3218567407059715e-06,-1.7599750643025255e-05,1.8703052232809661e-05
1189,-0.0091666666666666667,0,-0.001,-9.8922967914119079e-06,-3.5883523859614571e-05,1.5198876817376261e-05
1190,-0.0083333333333333332,0,-0.001,-4.5035941411455503e-05,-4.1681336042970092e-05,-0.00013849264642311511
1191,-0.0074999999999999997,0,-0.001,-9.4441114691003696e-05,-5.946101814298909e-05,-0.00038452372130170815
1192,-0.0066666666666666662,0,-0.001,-0.00016466818774945138,-0.00015851524478684308,-0.0006141324471321516
1193,-0.0058333333333333327,0,-0.001,-0.00024857752459533835,-0.00025688811045833712,-0.0010506009068578311
1194,-0.0049999999999999992,0,-0.001,-0.00034646435740757407,-0.00021628464110642006,-0.0017308816824994264
1195,-0.0041666666666666657,0,-0.001,-0.00040116542559804751,-0.00015153390313370703,-0.0022395350008954664
1196,-0.003333333333333334,0,-0.001,-0.00033907769058663634,-0.00011781911758307112,-0.0025523397014079966
1197,-0.0024999999999999988,0,-0.001,-0.00023595625113357092,-9.3007509778218823e-05,-0.0027875823254103079
1198,-0.001666666666666667,0,-0.001,-9.7210903579950065e-05,-7.9282468827458779e-05,-0.0028593470028518758
1199,-0.00083333333333333176,0,-0.001,-2.1905547631700866e-05,-5.107366106829863e-05,-0.0028234444921871799
1200,0,0,-0.001,1.3356792732114934e-06,-3.0409756628322986e-06,-0.0028450215058748248
1201,0.00083333333333333523,0,-0.001,2.9983178620227171e-05,4.4272270735207974e-05,-0.0028751023981486274
1202,0.001666666666666667,0,-0.001,0.00011869713531219219,7.1641736587747083e-05,-0.0029503089608479446
1203,0.0025000000000000022,0,-0.001,0.00027099408264076022,0.00010394979335927803,-0.0028660442604913215
1204,0.003333333333333334,0,-0.001,0.00040771182885609292,0.00012783401302595251,-0.0026310067059527797
1205,0.0041666666666666692,0,-0.001,0.00045223617437923746,0.0001446407123471788,-0.0022338215668343941
1206,0.005000000000000001,0,-0.001,0.00045027721652123834,0.00010056308553114072,-0.0017952879371318747
1207,0.0058333333333333362,0,-0.001,0.00037021236562472112,7.6036062809578436e-05,-0.0013070740391380536
1208,0.006666666666666668,0,-0.001,0.00020812490781615836,7.8171201566007897e-05,-0.00076833813443126172
1209,0.0074999999999999997,0,-0.001,8.2018866873358469e-05,7.1634980559198358e-05,-0.00037149745488495998
1210,0.008333333333333335,0,-0.001,2.7936917580798481e-05,5.2511438436949824e-05,-0.00015065658789763434
1211,0.0091666666666666667,0,-0.001,1.3750403373665298e-05,3.054652686027332e-05,-3.9903637217994097e-05
1212,0.010000000000000002,0,-0.001,-4.8177324743107471e-06,1.6878343679819274e-05,-6.3200481566545697e-07
1213,0.010833333333333334,0,-0.001,-1.2119269745896071e-05,5.29974974433731e-06,-1.4878285451119751e-05
1214,0.011666666666666669,0,-0.001,-9.5081919573650638e-06,1.4997992469425728e-06,-1.7167071131854584e-05
1215,0.012500000000000001,0,-0.001,-5.1210329494982423e-06,4.9872754932073429e-07,-1.7143372085011373e-05
1216,0.013333333333333332,0,-0.001,-4.3041536604030642e-07,2.5188765319113663e-08,-1.2960528592294423e-05
1217,0.014166666666666671,0,-0.001,4.8525031279534242e-06,1.5541869873780825e-07,-4.1359951730054456e-06
1218,0.015000000000000003,0,-0.001,0,0,0
1219,0.015833333333333335,0,-0.001,0,0,0
1220,0.016666666666666666,0,-0.001,0,0,0
1221,0.017500000000000005,0,-0.001,0,0,0
1222,0.018333333333333337,0,-0.001,0,0,0
1223,0.019166666666666669,0,-0.001,0,0,0
1224,0.02,0,-0.001,0,0,0
1225,-0.02,0.00083333333333333523,-0.001,0,0,0
1226,-0.019166666666666669,0.00083333333333333523,-0.001,0,0,0
1227,-0.018333333333333333,0.00083333333333333523,-0.001,0,0,0
1228,-0.017500000000000002,0.00083333333333333523,-0.001,0,0,0
1229,-0.016666666666666666,0.00083333333333333523,-0.001,0,0,0
1230,-0.015833333333333335,0.00083333333333333523,-0.001,0,0,0
1231,-0.014999999999999999,0.00083333333333333523,-0.001,0,0,0
1232,-0.014166666666666668,0.00083333333333333523,-0.001,-1.2195382123869012e-06,-1.2202036576376e-07,-5.2977148347627688e-07
1233,-0.013333333333333332,0.00083333333333333523,-0.001,3.1895647542486691e-06,-4.2211711642265927e-07,-2.9084945857356938e-06
1234,-0.012500000000000001,0.00083333333333333523,-0.001,6.9408886856182657e-06,-1.2848941994126954e-06,-1.437293350432455e-06
1235,-0.011666666666666667,0.00083333333333333523,-0.001,1.0778470060383952e-05,-3.8142119975104784e-06,3.2435666919131783e-06
1236,-0.010833333333333334,0.00083333333333333523,-0.001,1.273018919554116e-05,-8.6289358371378749e-06,8.5360641665280439e-06
1237,-0.01,0.00083333333333333523,-0.001,4.441896610375997e-06,-1.6913081473613326e-05,1.1500274227077413e-05
1238,-0.0091666666666666667,0.00083333333333333523,-0.001,-1.0685588325726131e-05,-3.3137003856024622e-05,1.5437639981362309e-05
1239,-0.0083333333333333332,0.00083333333333333523,-0.001,-4.5139580710706053e-05,-3.7143332461575908e-05,-0.0001296140496860063
1240,-0.0074999999999999997,0.00083333333333333523,-0.001,-9.4425575015135975e-05,-4.9716833248834199e-05,-0.0003690749196925754
1241,-0.0066666666666666662,0.00083333333333333523,-0.001,-0.00017222812514127122,-0.00013408963197732247,-0.00058946860261716591
1242,-0.0058333333333333327,0.00083333333333333523,-0.001,-0.00026826173862021723,-0.00021914676292850607,-0.0010144854756959009
1243,-0.0049999999999999992,0.00083333333333333523,-0.001,-0.00036303632718450276,-0.00016071734583017564,-0.0016737035015730629
1244,-0.0041666666666666657,0.00083333333333333523,-0.001,-0.00041471384995842622,-7.335008893681754e-05,-0.0022127647482667453
1245,-0.003333333333333334,0.00083333333333333523,-0.001,-0.00036580868846456868,-2.8599946546548371e-05,-0.0025125604789210682
1246,-0.0024999999999999988,0.00083333333333333523,-0.001,-0.00027731449097935827,-1.2842340206287746e-05,-0.0027633208920141675
1247,-0.001666666666666667,0.00083333333333333523,-0.001,-0.00015495339899846645,-8.707251350692216e-06,-0.0028657030620213414
1248,-0.00083333333333333176,0.00083333333333333523,-0.001,-7.2586997232862639e-05,-1.3216835337535702e-05,-0.0028441291345833249
1249,0,0.00083333333333333523,-0.001,-3.8202164067345082e-05,2.4469575526025379e-05,-0.0028369736774322822
1250,0.00083333333333333523,0.00083333333333333523,-0.001,4.4243334456730433e-06,8.273647665616002e-05,-0.0028817221924248063
1251,0.001666666666666667,0.00083333333333333523,-0.001,0.00011293847925105794,0.00013982052614108992,-0.0029117991091778942
1252,0.0025000000000000022,0.00083333333333333523,-0.001,0.00026394904924835401,0.00019264656723409114,-0.0027981330073229872
1253,0.003333333333333334,0.00083333333333333523,-0.001,0.00037753382321249312,0.00020965267705194368,-0.0025409430999794162
1254,0.0041666666666666692,0.00083333333333333523,-0.001,0.00041674735932049705,0.0001982440271219895,-0.0021624164102678756
1255,0.005000000000000001,0.00083333333333333523,-0.001,0.00041933417828878645,0.00016454290577805976,-0.0017516116289876913
1256,0.0058333333333333362,0.00083333333333333523,-0.001,0.00034142835121104046,0.00012742727752538383,-0.0012591961303092872
1257,0.006666666666666668,0.00083333333333333523,-0.001,0.0001744139999474786,0.00010565019580344512,-0.00070998151382964598
1258,0.0074999999999999997,0.00083333333333333523,-0.001,6.1563481227063101e-05,8.2146534848795985e-05,-0.0003398257621870758
1259,0.008333333333333335,0.00083333333333333523,-0.001,1.7381765193600823e-05,5.488889977540139e-05,-0.00014031665363152266
1260,0.0091666666666666667,0.00083333333333333523,-0.001,7.8852808291755488e-06,3.0839726411174404e-05,-3.3983645011629038e-05
1261,0.010000000000000002,0.00083333333333333523,-0.001,-8.6762674446794597e-06,1.6194680149590726e-05,-3.7215769593448619e-06
1262,0.010833333333333334,0.00083333333333333523,-0.001,-1.3227500418050904e-05,4.2221818885321979e-06,-1.5107628408272309e-05
1263,0.011666666666666669,0.00083333333333333523,-0.001,-9.7628756551439224e-06,1.0403403653765834e-06,-1.7608613932214326e-05
1264,0.012500000000000001,0.00083333333333333523,-0.001,-5.0429109564521826e-06,3.6646743892413136e-07,-1.752265123725976e-05
1265,0.013333333333333332,0.00083333333333333523,-0.001,-2.3199880619059189e-07,1.7556679349344932e-08,-1.3224687107374902e-05
1266,0.014166666666666671,0.00083333333333333523,-0.001,4.9958511414081229e-06,2.1040994425377909e-07,-4.248369683252831e-06
1267,0.015000000000000003,0.00083333333333333523,-0.001,0,0,0
1268,0.015833333333333335,0.00083333333333333523,-0.001,0,0,0
1269,0.016666666666666666,0.00083333333333333523,-0.001,0,0,0
1270,0.017500000000000005,0.00083333333333333523,-0.001,0,0,0
1271,0.018333333333333337,0.00083333333333333523,-0.001,0,0,0
1272,0.019166666666666669,0.00083333333333333523,-0.001,0,0,0
1273,0.02,0.00083333333333333523,-0.001,0,0,0
1274,-0.02,0.001666666666666667,-0.001,0,0,0
1275,-0.019166666666666669,0.001666666666666667,-0.001,0,0,0
1276,-0.018333333333333333,0.001666666666666667,-0.001,0,0,0
1277,-0.017500000000000002,0.001666666666666667,-0.001,0,0,0
1278,-0.016666666666666666,0.001666666666666667,-0.001,0,0,0
1279,-0.015833333333333335,0.001666666666666667,-0.001,0,0,0
1280,-0.014999999999999999,0.001666666666666667,-0.001,0,0,0
1281,-0.014166666666666668,0.001666666666666667,-0.001,-1.1033834315355101e-06,-1.1707468684112032e-07,-4.9224703701709776e-07
1282,-0.013333333333333332,0.001666666666666667,-0.001,2.9333879373895292e-06,-4.2232891839667965e-07,-2.7719234453794741e-06
1283,-0.012500000000000001,0.001666666666666667,-0.001,6.2648100158370813e-06,-1.2394967471626251e-06,-1.5786977158577173e-06
1284,-0.011666666666666667,0.001666666666666667,-0.001,9.7267290343150349e-06,-3.6390932701474515e-06,2.4778284697141585e-06
1285,-0.010833333333333334,0.001666666666666667,-0.001,1.1554425027472508e-05,-8.0497259864651551e-06,7.2067295542010223e-06
1286,-0.01,0.001666666666666667,-0.001,3.8934700910040515e-06,-1.4822253767565607e-05,5.8789317961741486e-06
1287,-0.0091666666666666667,0.001666666666666667,-0.001,-1.3196098016269513e-05,-2.9461918042591347e-05,1.404737428405889e-05
1288,-0.0083333333333333332,0.001666666666666667,-0.001,-4.3935712033807578e-05,-3.0270661638042588e-05,-0.00011264356022453622
1289,-0.0074999999999999997,0.001666666666666667,-0.001,-9.0626339086787697e-05,-3.3570802351223329e-05,-0.0003328592848352974
1290,-0.0066666666666666662,0.001666666666666667,-0.001,-0.00016481095624300534,-8.9374102888341173e-05,-0.00053417233070843456
1291,-0.0058333333333333327,0.001666666666666667,-0.001,-0.00028907214356506909,-0.00016562542083311323,-0.00090340326153210326
1292,-0.0049999999999999992,0.001666666666666667,-0.001,-0.00037025530748333995,-0.00014318812595645516,-0.0015211762361516908
1293,-0.0041666666666666657,0.001666666666666667,-0.001,-0.00042415402898684899,7.306765268257554e-07,-0.002110759457935282
1294,-0.003333333333333334,0.001666666666666667,-0.001,-0.00038915462531891628,5.2281628534647373e-05,-0.0024139265564026621
1295,-0.0024999999999999988,0.001666666666666667,-0.001,-0.0003150971091364866,8.621441450018084e-05,-0.0026679944167342083
1296,-0.001666666666666667,0.001666666666666667,-0.001,-0.00021308631444125737,8.5819789307238994e-05,-0.0028150655773581824
1297,-0.00083333333333333176,0.001666666666666667,-0.001,-0.00012450412186554551,8.4900891129272631e-05,-0.0028660420336659156
1298,0,0.001666666666666667,-0.001,-6.0198420248481449e-05,0.0001059641525699287,-0.0028769845795878252
1299,0.00083333333333333523,0.001666666666666667,-0.001,1.7180397705737956e-05,0.00016883982729212234,-0.0028948268652377804
1300,0.001666666666666667,0.001666666666666667,-0.001,0.00012765957831344126,0.00022781185683848088,-0.0028330410727373553
1301,0.0025000000000000022,0.001666666666666667,-0.001,0.00024803585061273375,0.00027700350264176551,-0.0026764291654124308
1302,0.003333333333333334,0.001666666666666667,-0.001,0.00033769520421673754,0.00027665000476730371,-0.0023953584622332909
1303,0.0041666666666666692,0.001666666666666667,-0.001,0.00037913077499574952,0.00025570773077395153,-0.0020484980697097733
1304,0.005000000000000001,0.001666666666666667,-0.001,0.00037292722764294193,0.00021793332104665789,-0.0016436205735791232
1305,0.0058333333333333362,0.001666666666666667,-0.001,0.00027996831403317301,0.00016250115401896859,-0.0011334042132194722
1306,0.006666666666666668,0.001666666666666667,-0.001,0.00013335711325158087,0.00012360297419675861,-0.00061980808657725709
1307,0.0074999999999999997,0.001666666666666667,-0.001,4.0010657441402979e-05,8.5934326438053693e-05,-0.00029045764104326089
1308,0.008333333333333335,0.001666666666666667,-0.001,9.7087589516585562e-06,4.9776381827012322e-05,-0.00012688850681507122
1309,0.0091666666666666667,0.001666666666666667,-0.001,2.8435143534408784e-06,2.8326558456806077e-05,-2.3418985022826264e-05
1310,0.010000000000000002,0.001666666666666667,-0.001,-1.0788549939653461e-05,1.4052367191384536e-05,-3.2632172604881331e-06
1311,0.010833333333333334,0.001666666666666667,-0.001,-1.3644093118264588e-05,2.971084953079127e-06,-1.4884869896776814e-05
1312,0.011666666666666669,0.001666666666666667,-0.001,-9.5187879695212828e-06,6.560894484004019e-07,-1.7685939326733865e-05
1313,0.012500000000000001,0.001666666666666667,-0.001,-4.8033847516146273e-06,2.4526909939344192e-07,-1.7458142194947184e-05
1314,0.013333333333333332,0.001666666666666667,-0.001,-3.2437633058254897e-08,2.8487384044568457e-08,-1.3085558877630075e-05
1315,0.014166666666666671,0.001666666666666667,-0.001,4.9597149208091003e-06,2.7481582977448868e-07,-4.1881674469028726e-06
1316,0.015000000000000003,0.001666666666666667,-0.001,0,0,0
1317,0.015833333333333335,0.001666666666666667,-0.001,0,0,0
1318,0.016666666666666666,0.001666666666666667,-0.001,0,0,0
1319,0.017500000000000005,0.001666666666666667,-0.001,0,0,0
1320,0.018333333333333337,0.001666666666666667,-0.001,0,0,0
1321,0.019166666666666669,0.001666666666666667,-0.001,0,0,0
1322,0.02,0.001666666666666667,-0.001,0,0,0
1323,-0.02,0.0025000000000000022,-0.001,0,0,0
1324,-0.019166666666666669,0.0025000000000000022,-0.001,0,0,0
1325,-0.018333333333333333,0.0025000000000000022,-0.001,0,0,0
1326,-0.017500000000000002,0.0025000000000000022,-0.001,0,0,0
1327,-0.016666666666666666,0.0025000000000000022,-0.001,0,0,0
1328,-0.015833333333333335,0.0025000000000000022,-0.001,0,0,0
1329,-0.014999999999999999,0.0025000000000000022,-0.001,0,0,0
1330,-0.014166666666666668,0.0025000000000000022,-0.001,-9.0019862137001486e-07,-1.1458701003691994e-07,-3.7179060143109422e-07
1331,-0.013333333333333332,0.0025000000000000022,-0.001,2.7400614583462175e-06,-4.2915213662733719e-07,-2.3750430051486977e-06
1332,-0.012500000000000001,0.0025000000000000022,-0.001,5.6216132177375612e-06,-1.0844689855664192e-06,-1.3052729811331135e-06
1333,-0.011666666666666667,0.0025000000000000022,-0.001,8.7486464163059536e-06,-3.089779185288304e-06,2.3418514424534305e-06
1334,-0.010833333333333334,0.0025000000000000022,-0.001,1.0723557850015771e-05,-6.6546689315415633e-06,7.024355460059841e-06
1335,-0.01,0.0025000000000000022,-0.001,5.0732590104895439e-06,-1.2004839867004543e-05,6.1125088102924482e-06
1336,-0.0091666666666666667,0.0025000000000000022,-0.001,-1.3264503610148337e-05,-2.2372445905185445e-05,1.2862332122815572e-05
1337,-0.0083333333333333332,0.0025000000000000022,-0.001,-3.7708408066061592e-05,-2.6665425165643983e-05,-7.1140609140193283e-05
1338,-0.0074999999999999997,0.0025000000000000022,-0.001,-8.0778776603806062e-05,-1.6312726135994817e-05,-0.00028983460589912275
1339,-0.0066666666666666662,0.0025000000000000022,-0.001,-0.00013390183510226587,-5.6496457092022343e-05,-0.00045664816448232504
1340,-0.0058333333333333327,0.0025000000000000022,-0.001,-0.00024858466141928018,-0.00011607222975556364,-0.00073606961506663619
1341,-0.0049999999999999992,0.0025000000000000022,-0.001,-0.00035257156159838616,-0.00013088852787375738,-0.0012498203516826739
1342,-0.0041666666666666657,0.0025000000000000022,-0.001,-0.00042225299778498638,3.6200578729205603e-05,-0.0019045572249535394
1343,-0.003333333333333334,0.0025000000000000022,-0.001,-0.0003930787915579437,0.0001209637496293092,-0.00225761434499323
1344,-0.0024999999999999988,0.0025000000000000022,-0.001,-0.0003341159369627614,0.00017311587427742617,-0.0024763533647483224
1345,-0.001666666666666667,0.0025000000000000022,-0.001,-0.00025387259506755517,0.00019701033260782292,-0.002657655650313658
1346,-0.00083333333333333176,0.0025000000000000022,-0.001,-0.00016428453484340096,0.00022509649456739083,-0.0027592991658732333
1347,0,0.0025000000000000022,-0.001,-7.3560301500884419e-05,0.00024999224220254983,-0.0027955816782421735
1348,0.00083333333333333523,0.0025000000000000022,-0.001,2.1786562479062196e-05,0.00029117636289167865,-0.0027756389895977653
1349,0.001666666666666667,0.0025000000000000022,-0.001,0.00012134453233994611,0.0003311418753521648,-0.0026703008478759305
1350,0.0025000000000000022,0.0025000000000000022,-0.001,0.00021762456789627981,0.0003454777590596435,-0.0024678391517317351
1351,0.003333333333333334,0.0025000000000000022,-0.001,0.00029079490060881645,0.00033011388480844303,-0.0021960018171820936
1352,0.0041666666666666692,0.0025000000000000022,-0.001,0.00032608571615196015,0.00030089501160041591,-0.0018707984851425079
1353,0.005000000000000001,0.0025000000000000022,-0.001,0.00030448801809633465,0.00024776543575806548,-0.0014542014934149227
1354,0.0058333333333333362,0.0025000000000000022,-0.001,0.00018065826630301007,0.00017283095675333729,-0.00090904033231439102
1355,0.006666666666666668,0.0025000000000000022,-0.001,7.5445216248889963e-05,0.00012370845218255544,-0.00048481142584147057
1356,0.0074999999999999997,0.0025000000000000022,-0.001,1.8132540481948661e-05,8.0539224934681838e-05,-0.00022110746634798639
1357,0.008333333333333335,0.0025000000000000022,-0.001,3.3473279330236734e-06,4.1303214686637256e-05,-0.00010367154077373535
1358,0.0091666666666666667,0.0025000000000000022,-0.001,-3.7309709329129617e-06,2.4586800889722229e-05,3.8184385870267443e-06
1359,0.010000000000000002,0.0025000000000000022,-0.001,-1.3494955438868682e-05,1.1393560362346935e-05,-6.3870869690321685e-06
1360,0.010833333333333334,0.0025000000000000022,-0.001,-1.3044408089644006e-05,1.6830816497883859e-06,-1.4517015681934504e-05
1361,0.011666666666666669,0.0025000000000000022,-0.001,-8.8610589258853948e-06,3.1909819792359278e-07,-1.737733517912227e-05
1362,0.012500000000000001,0.0025000000000000022,-0.001,-4.348049204935829e-06,1.039800253287789e-07,-1.6885029672613452e-05
1363,0.013333333333333332,0.0025000000000000022,-0.001,1.6326224023153386e-07,3.4488003420778084e-08,-1.2530747643291845e-05
1364,0.014166666666666671,0.0025000000000000022,-0.001,4.7484102171227328e-06,3.3059792537545339e-07,-3.9941467426946169e-06
1365,0.015000000000000003,0.0025000000000000022,-0.001,0,0,0
1366,0.015833333333333335,0.0025000000000000022,-0.001,0,0,0
1367,0.016666666666666666,0.0025000000000000022,-0.001,0,0,0
1368,0.017500000000000005,0.0025000000000000022,-0.001,0,0,0
1369,0.018333333333333337,0.0025000000000000022,-0.001,0,0,0
1370,0.019166666666666669,0.0025000000000000022,-0.001,0,0,0
1371,0.02,0.0025000000000000022,-0.001,0,0,0
1372,-0.02,0.003333333333333334,-0.001,0,0,0
1373,-0.019166666666666669,0.003333333333333334,-0.001,0,0,0
1374,-0.018333333333333333,0.003333333333333334,-0.001,0,0,0
1375,-0.017500000000000002,0.003333333333333334,-0.001,0,0,0
1376,-0.016666666666666666,0.003333333333333334,-0.001,0,0,0
1377,-0.015833333333333335,0.003333333333333334,-0.001,0,0,0
1378,-0.014999999999999999,0.003333333333333334,-0.001,0,0,0
1379,-0.014166666666666668,0.003333333333333334,-0.001,-6.3511260947408536e-07,-1.2071541872393771e-07,-1.8104072073482742e-07
1380,-0.013333333333333332,0.003333333333333334,-0.001,2.5168151403278243e-06,-4.6936473530105222e-07,-1.8537698213668699e-06
1381,-0.012500000000000001,0.003333333333333334,-0.001,5.1146553029010162e-06,-1.0328594137615493e-06,-7.8086059687402059e-07
1382,-0.011666666666666667,0.003333333333333334,-0.001,7.8443434171053403e-06,-2.742416415210808e-06,2.67398111222669e-06
1383,-0.010833333333333334,0.003333333333333334,-0.001,9.8588124334245812e-06,-5.899755085662048e-06,7.919776169706269e-06
1384,-0.01,0.003333333333333334,-0.001,5.5275587091945756e-06,-9.9563335967462904e-06,8.9996635095237959e-06
1385,-0.0091666666666666667,0.003333333333333334,-0.001,-1.1041029838476269e-05,-1.6216213923120936e-05,1.8715736573977649e-05
1386,-0.0083333333333333332,0.003333333333333334,-0.001,-3.1274541166342484e-05,-2.3693326598609812e-05,-2.8144169650641246e-05
1387,-0.0074999999999999997,0.003333333333333334,-0.001,-6.4365882656933462e-05,-1.1424216909004919e-05,-0.00020890697405678542
1388,-0.0066666666666666662,0.003333333333333334,-0.001,-0.00010719087708999866,-2.5299230225688648e-05,-0.00036401196204089597
1389,-0.0058333333333333327,0.003333333333333334,-0.001,-0.00021165647822972886,-6.5894977283208423e-05,-0.00057165454061451528
1390,-0.0049999999999999992,0.003333333333333334,-0.001,-0.00031642935700996121,-7.8097805089953832e-05,-0.00094342491212247011
1391,-0.0041666666666666657,0.003333333333333334,-0.001,-0.00037316712946099898,-6.8271593167674625e-06,-0.0015109563823261511
1392,-0.003333333333333334,0.003333333333333334,-0.001,-0.00038842130565674998,0.00014856574604206249,-0.0020027023025970944
1393,-0.0024999999999999988,0.003333333333333334,-0.001,-0.0003406284368396641,0.00022813497983377567,-0.0022433735420008326
1394,-0.001666666666666667,0.003333333333333334,-0.001,-0.00027278664172607713,0.00027297181808570318,-0.0023979940177261926
1395,-0.00083333333333333176,0.003333333333333334,-0.001,-0.00019007845449949028,0.00032016200012463866,-0.0025063162415859506
1396,0,0.003333333333333334,-0.001,-9.7260226667889482e-05,0.00035232343616797368,-0.002549683135368136
1397,0.00083333333333333523,0.003333333333333334,-0.001,3.2677032529753682e-06,0.00037823020254313067,-0.0025147196641485256
1398,0.001666666666666667,0.003333333333333334,-0.001,9.7240727951681109e-05,0.00039074660607751416,-0.0023924959749277584
1399,0.0025000000000000022,0.003333333333333334,-0.001,0.0001752898829595116,0.00038650640068270962,-0.0022100639572857675
1400,0.003333333333333334,0.003333333333333334,-0.001,0.00023340162584004759,0.00036178082720801717,-0.0019623114254679417
1401,0.0041666666666666692,0.003333333333333334,-0.001,0.00024751459262428764,0.00031743472841986827,-0.0016170486989743366
1402,0.005000000000000001,0.003333333333333334,-0.001,0.00018874477444959809,0.00023959018387299967,-0.0011432672704491129
1403,0.0058333333333333362,0.003333333333333334,-0.001,9.5135847674713249e-05,0.00016484809556131338,-0.00066252593343528183
1404,0.006666666666666668,0.003333333333333334,-0.001,2.8898224775083722e-05,0.00010866312405748306,-0.00034449912020235269
1405,0.0074999999999999997,0.003333333333333334,-0.001,3.6935352719321073e-06,6.444261481385711e-05,-0.00016084935204646551
1406,0.008333333333333335,0.003333333333333334,-0.001,-2.098643011053809e-06,3.239592274184086e-05,-6.7384185972624538e-05
1407,0.0091666666666666667,0.003333333333333334,-0.001,-8.8463028489456721e-06,2.0401202253649511e-05,1.153726464817063e-05
1408,0.010000000000000002,0.003333333333333334,-0.001,-1.5176325782292184e-05,6.680521744988977e-06,-1.0586797651179496e-05
1409,0.010833333333333334,0.003333333333333334,-0.001,-1.2443158113074421e-05,5.2328142572719006e-07,-1.3825608502020033e-05
1410,0.011666666666666669,0.003333333333333334,-0.001,-8.1014158374027987e-06,5.7194221972251148e-08,-1.648206549788595e-05
1411,0.012500000000000001,0.003333333333333334,-0.001,-3.7467632509661535e-06,-1.1012617605339139e-08,-1.5878117949524492e-05
1412,0.013333333333333332,0.003333333333333334,-0.001,3.5291993837156868e-07,3.4674221240019681e-08,-1.1648278671545474e-05
1413,0.014166666666666671,0.003333333333333334,-0.001,4.3659684360787424e-06,3.688551841150612e-07,-3.6609040733697111e-06
1414,0.015000000000000003,0.003333333333333334,-0.001,0,0,0
1415,0.015833333333333335,0.003333333333333334,-0.001,0,0,0
1416,0.016666666666666666,0.003333333333333334,-0.001,0,0,0
1417,0.017500000000000005,0.003333333333333334,-0.001,0,0,0
1418,0.018333333333333337,0.003333333333333334,-0.001,0,0,0
1419,0.019166666666666669,0.003333333333333334,-0.001,0,0,0
1420,0.02,0.003333333333333334,-0.001,0,0,0
1421,-0.02,0.0041666666666666692,-0.001,0,0,0
1422,-0.019166666666666669,0.0041666666666666692,-0.001,0,0,0
1423,-0.018333333333333333,0.0041666666666666692,-0.001,0,0,0
1424,-0.017500000000000002,0.0041666666666666692,-0.001,0,0,0
1425,-0.016666666666666666,0.0041666666666666692,-0.001,0,0,0
1426,-0.015833333333333335,0.0041666666666666692,-0.001,0,0,0
1427,-0.014999999999999999,0.0041666666666666692,-0.001,0,0,0
1428,-0.014166666666666668,0.0041666666666666692,-0.001,-3.2810729793092672e-07,-1.8084959737823272e-07,4.0906862883354732e-08
1429,-0.013333333333333332,0.0041666666666666692,-0.001,2.2133065765560405e-06,-5.3247454118729165e-07,-1.3158865555479566e-06
1430,-0.012500000000000001,0.0041666666666666692,-0.001,4.495558040291664e-06,-1.0446280274050546e-06,-2.9722728743408202e-07
1431,-0.011666666666666667,0.0041666666666666692,-0.001,7.0626561668278381e-06,-2.5446522208747346e-06,2.9170377176182008e-06
1432,-0.010833333333333334,0.0041666666666666692,-0.001,9.4367595019713659e-06,-5.6056926054743492e-06,8.259923126160321e-06
1433,-0.01,0.0041666666666666692,-0.001,7.8482818031987301e-06,-8.8204931714688984e-06,1.1341394839545567e-05
1434,-0.0091666666666666667,0.0041666666666666692,-0.001,-5.175480697596736e-06,-1.1723844648608832e-05,1.8868591203548803e-05
1435,-0.0083333333333333332,0.0041666666666666692,-0.001,-2.3612310574009737e-05,-1.8445897365578831e-05,5.3622070003379349e-06
1436,-0.0074999999999999997,0.0041666666666666692,-0.001,-4.5741862042626065e-05,-1.5338633552152219e-05,-0.0001005176385424761
1437,-0.0066666666666666662,0.0041666666666666692,-0.001,-8.1802156956212879e-05,-4.1071079763210756e-06,-0.00027935892315304468
1438,-0.0058333333333333327,0.0041666666666666692,-0.001,-0.0001416375830871207,-2.2966536956726231e-05,-0.00041980552168329686
1439,-0.0049999999999999992,0.0041666666666666692,-0.001,-0.00024768898508517817,-3.1639994500105246e-05,-0.00064221707873005562
1440,-0.0041666666666666657,0.0041666666666666692,-0.001,-0.00033983027326470817,-1.0803697704309118e-05,-0.0010299346671777431
1441,-0.003333333333333334,0.0041666666666666692,-0.001,-0.00035771416992022668,8.9324944297629661e-05,-0.0015372545486424434
1442,-0.0024999999999999988,0.0041666666666666692,-0.001,-0.00033779065794366236,0.00023806109968702843,-0.0019111432137116034
1443,-0.001666666666666667,0.0041666666666666692,-0.001,-0.00027277999376037538,0.00030537006800713428,-0.0020864634934139215
1444,-0.00083333333333333176,0.0041666666666666692,-0.001,-0.00019534953248442896,0.00036707688983101381,-0.002174337518189776
1445,0,0.0041666666666666692,-0.001,-0.00011220423070976379,0.00039315919468016036,-0.0021997518299870719
1446,0.00083333333333333523,0.0041666666666666692,-0.001,-2.287210527166632e-05,0.00041241495440990657,-0.0021729551393083737
1447,0.001666666666666667,0.0041666666666666692,-0.001,5.4383369991879288e-05,0.0004139595490040159,-0.0020760473750220214
1448,0.0025000000000000022,0.0041666666666666692,-0.001,0.0001172636388498783,0.00040230839915763667,-0.0019040656502799327
1449,0.003333333333333334,0.0041666666666666692,-0.001,0.00015474239204556721,0.0003610887167259508,-0.001623133199289032
1450,0.0041666666666666692,0.0041666666666666692,-0.001,0.00013038931125826077,0.0002871324278269452,-0.0012116893971261678
1451,0.005000000000000001,0.0041666666666666692,-0.001,7.1398727569175693e-05,0.00019680175283956372,-0.00076346853868880873
1452,0.0058333333333333362,0.0041666666666666692,-0.001,3.295949148383513e-05,0.00013956572549936059,-0.00044459622731695189
1453,0.006666666666666668,0.0041666666666666692,-0.001,2.1645612096480219e-06,8.5888125030843102e-05,-0.00022386322300199345
1454,0.0074999999999999997,0.0041666666666666692,-0.001,3.6425306942011131e-07,4.6092783255778418e-05,-0.00012219943381131101
1455,0.008333333333333335,0.0041666666666666692,-0.001,-5.4479153996079372e-06,2.6646894857212475e-05,-2.2272013732618046e-05
1456,0.0091666666666666667,0.0041666666666666692,-0.001,-1.0996989263246959e-05,1.519553343115528e-05,6.9071708461114408e-06
1457,0.010000000000000002,0.0041666666666666692,-0.001,-1.4544455937147295e-05,2.3788792841947587e-06,-8.8174898046754805e-06
1458,0.010833333333333334,0.0041666666666666692,-0.001,-1.137834038503304e-05,-2.909860299011532e-07,-1.2523890745313745e-05
1459,0.011666666666666669,0.0041666666666666692,-0.001,-7.1015439226161974e-06,-2.0721610428628785e-07,-1.5245955749425354e-05
1460,0.012500000000000001,0.0041666666666666692,-0.001,-3.0732430190370415e-06,-8.9109820163088866e-08,-1.4548933546657167e-05
1461,0.013333333333333332,0.0041666666666666692,-0.001,4.8971154899180021e-07,4.3537074720414451e-08,-1.0497202668068234e-05
1462,0.014166666666666671,0.0041666666666666692,-0.001,3.8616649033717798e-06,3.6285606213727918e-07,-3.2120162677218366e-06
1463,0.015000000000000003,0.0041666666666666692,-0.001,0,0,0
1464,0.015833333333333335,0.0041666666666666692,-0.001,0,0,0
1465,0.016666666666666666,0.0041666666666666692,-0.001,0,0,0
1466,0.017500000000000005,0.0041666666666666692,-0.001,0,0,0
1467,0.018333333333333337,0.0041666666666666692,-0.001,0,0,0
1468,0.019166666666666669,0.0041666666666666692,-0.001,0,0,0
1469,0.02,0.0041666666666666692,-0.001,0,0,0
1470,-0.02,0.005000000000000001,-0.001,0,0,0
1471,-0.019166666666666669,0.005000000000000001,-0.001,0,0,0
1472,-0.018333333333333333,0.005000000000000001,-0.001,0,0,0
1473,-0.017500000000000002,0.005000000000000001,-0.001,0,0,0
1474,-0.016666666666666666,0.005000000000000001,-0.001,0,0,0
1475,-0.015833333333333335,0.005000000000000001,-0.001,0,0,0
1476,-0.014999999999999999,0.005000000000000001,-0.001,0,0,0
1477,-0.014166666666666668,0.005000000000000001,-0.001,-4.2021584584748901e-08,-2.7848582628346911e-07,1.9129604790451441e-07
1478,-0.013333333333333332,0.005000000000000001,-0.001,1.9089248234307522e-06,-6.3456974079187549e-07,-8.6365450951124826e-07
1479,-0.012500000000000001,0.005000000000000001,-0.001,3.7564147861858672e-06,-1.0602165995731467e-06,9.9968037865837645e-09
1480,-0.011666666666666667,0.005000000000000001,-0.001,5.9551820382079386e-06,-2.3332996031933782e-06,2.7731368813585419e-06
1481,-0.010833333333333334,0.005000000000000001,-0.001,8.2537728388424289e-06,-5.1856984222552811e-06,7.62032872004531e-06
1482,-0.01,0.005000000000000001,-0.001,8.5399562123900192e-06,-8.4723318080821372e-06,1.2315908195904205e-05
1483,-0.0091666666666666667,0.005000000000000001,-0.001,9.3279412298459094e-07,-9.4345543363086671e-06,9.8108626283740217e-06
1484,-0.0083333333333333332,0.005000000000000001,-0.001,-1.522600682107075e-05,-1.2933106341015159e-05,1.7989948762210258e-05
1485,-0.0074999999999999997,0.005000000000000001,-0.001,-3.318686111538694e-05,-1.7121759100691394e-05,-2.458868345784609e-05
1486,-0.0066666666666666662,0.005000000000000001,-0.001,-5.6056606531835627e-05,-1.5793064362060273e-06,-0.00017373739182526929
1487,-0.0058333333333333327,0.005000000000000001,-0.001,-9.2050340899021347e-05,-1.7974623972215616e-06,-0.00029829116172204337
1488,-0.0049999999999999992,0.005000000000000001,-0.001,-0.0001552620424239041,-9.6549538261106237e-07,-0.00042812624949262895
1489,-0.0041666666666666657,0.005000000000000001,-0.001,-0.00023941507312815526,1.0378391958006678e-05,-0.00063817794594699681
1490,-0.003333333333333334,0.005000000000000001,-0.001,-0.00031189412680915108,6.007073325621793e-05,-0.00094827517452063205
1491,-0.0024999999999999988,0.005000000000000001,-0.001,-0.00031801016744100949,0.00013771644785371418,-0.0013109199224812739
1492,-0.001666666666666667,0.005000000000000001,-0.001,-0.00025958144567749111,0.0002540640203267826,-0.0016070549305726011
1493,-0.00083333333333333176,0.005000000000000001,-0.001,-0.000198373497380933,0.00035283097247643818,-0.0017807727100660248
1494,0,0.005000000000000001,-0.001,-0.0001282918978158609,0.00038973446712192147,-0.0018234912705361506
1495,0.00083333333333333523,0.005000000000000001,-0.001,-5.5613780499837725e-05,0.00040236281417226625,-0.0017851338157877971
1496,0.001666666666666667,0.005000000000000001,-0.001,-9.2126513063335206e-07,0.0003945042441619301,-0.0016607411935893382
1497,0.0025000000000000022,0.005000000000000001,-0.001,2.2982977734735613e-05,0.00035517097671840828,-0.0014263264010615701
1498,0.003333333333333334,0.005000000000000001,-0.001,2.8597375569861551e-05,0.00029218959429296748,-0.0010866738729305391
1499,0.0041666666666666692,0.005000000000000001,-0.001,2.3002084394023157e-05,0.0002119848710171365,-0.00075079213883101235
1500,0.005000000000000001,0.005000000000000001,-0.001,9.3767184679045055e-06,0.00015021878987308028,-0.00047571468179727068
1501,0.0058333333333333362,0.005000000000000001,-0.001,-6.7994941178869651e-06,9.6350122072064938e-05,-0.00026876156088976449
1502,0.006666666666666668,0.005000000000000001,-0.001,-4.6378094380268057e-06,5.7436555646428442e-05,-0.00014365567104853252
1503,0.0074999999999999997,0.005000000000000001,-0.001,-6.4026032827099205e-06,2.9203165951141404e-05,-5.5564015569248648e-05
1504,0.008333333333333335,0.005000000000000001,-0.001,-1.0064799664813117e-05,1.9653927432070062e-05,1.0238347631633321e-05
1505,0.0091666666666666667,0.005000000000000001,-0.001,-1.2625478448429491e-05,6.7720759134841218e-06,-3.9112070606413925e-06
1506,0.010000000000000002,0.005000000000000001,-0.001,-1.2613871517510162e-05,-1.1642603359089945e-06,-7.876042356481221e-06
1507,0.010833333333333334,0.005000000000000001,-0.001,-9.8465688021361275e-06,-1.0724556347643618e-06,-1.1471452758130008e-05
1508,0.011666666666666669,0.005000000000000001,-0.001,-5.8229059480557752e-06,-5.0291842377303774e-07,-1.3834346200027959e-05
1509,0.012500000000000001,0.005000000000000001,-0.001,-2.3011484304435653e-06,-9.910953023011599e-08,-1.3011888465394996e-05
1510,0.013333333333333332,0.005000000000000001,-0.001,5.7320889531055589e-07,5.4821180568018722e-08,-9.1706852802111171e-06
1511,0.014166666666666671,0.005000000000000001,-0.001,3.2785831677611754e-06,3.2844793823692882e-07,-2.7223089052667601e-06
1512,0.015000000000000003,0.005000000000000001,-0.001,0,0,0
1513,0.015833333333333335,0.005000000000000001,-0.001,0,0,0
1514,0.016666666666666666,0.005000000000000001,-0.001,0,0,0
1515,0.017500000000000005,0.005000000000000001,-0.001,0,0,0
1516,0.018333333333333337,0.005000000000000001,-0.001,0,0,0
1517,0.019166666666666669,0.005000000000000001,-0.001,0,0,0
1518,0.02,0.005000000000000001,-0.001,0,0,0
1519,-0.02,0.0058333333333333362,-0.001,0,0,0
1520,-0.019166666666666669,0.0058333333333333362,-0.001,0,0,0
1521,-0.018333333333333333,0.0058333333333333362,-0.001,0,0,0
1522,-0.017500000000000002,0.0058333333333333362,-0.001,0,0,0
1523,-0.016666666666666666,0.0058333333333333362,-0.001,0,0,0
1524,-0.015833333333333335,0.0058333333333333362,-0.001,0,0,0
1525,-0.014999999999999999,0.0058333333333333362,-0.001,0,0,0
1526,-0.014166666666666668,0.0058333333333333362,-0.001,1.0705168344357551e-07,-3.6979326965722804e-07,2.3262969161691522e-07
1527,-0.013333333333333332,0.0058333333333333362,-0.001,1.6556355977616397e-06,-7.3910474025792226e-07,-5.5950387059078892e-07
1528,-0.012500000000000001,0.0058333333333333362,-0.001,3.0747527888231339e-06,-1.1106293059879505e-06,1.1156916091320627e-07
1529,-0.011666666666666667,0.0058333333333333362,-0.001,4.7931421278695707e-06,-2.0737479326126013e-06,2.3100420638935509e-06
1530,-0.010833333333333334,0.0058333333333333362,-0.001,6.8096340680311915e-06,-4.2866965307397425e-06,6.2866023983691612e-06
1531,-0.01,0.0058333333333333362,-0.001,7.9969901108647653e-06,-7.6695236761412884e-06,1.1134823762072915e-05
1532,-0.0091666666666666667,0.0058333333333333362,-0.001,4.6789619423289679e-06,-9.0398140217173482e-06,1.2976799836148191e-05
1533,-0.0083333333333333332,0.0058333333333333362,-0.001,-6.3660687134854484e-06,-1.0039156907918367e-05,8.0309233670727993e-06
1534,-0.0074999999999999997,0.0058333333333333362,-0.001,-2.2667932476828569e-05,-1.3437415319446213e-05,1.3833713359265904e-05
1535,-0.0066666666666666662,0.0058333333333333362,-0.001,-3.6879792093312826e-05,-1.359971535586161e-05,-4.7677930663210652e-05
1536,-0.0058333333333333327,0.0058333333333333362,-0.001,-5.6211214281255474e-05,3.5888123068032755e-06,-0.00019523803158939067
1537,-0.0049999999999999992,0.0058333333333333362,-0.001,-8.9739289814950185e-05,2.1639811013497728e-06,-0.0002797554938742867
1538,-0.0041666666666666657,0.0058333333333333362,-0.001,-0.00014629721006213531,1.5523576070835e-05,-0.0003879062890273835
1539,-0.003333333333333334,0.0058333333333333362,-0.001,-0.00019465846650765063,5.0478174247016657e-05,-0.00054353019232104632
1540,-0.0024999999999999988,0.0058333333333333362,-0.001,-0.00023927398808347964,9.426157951232666e-05,-0.00075162614524691403
1541,-0.001666666666666667,0.0058333333333333362,-0.001,-0.00025443819234295147,0.00015959484009648578,-0.00093525186527386515
1542,-0.00083333333333333176,0.0058333333333333362,-0.001,-0.00023861509856568555,0.00022406069629105156,-0.0010818471438158155
1543,0,0.0058333333333333362,-0.001,-0.00020070852054302325,0.00025727031023010363,-0.0011376613360258344
1544,0.00083333333333333523,0.0058333333333333362,-0.001,-0.00014947608456640653,0.00028157485619467889,-0.0011232202635947496
1545,0.001666666666666667,0.0058333333333333362,-0.001,-0.00010823776587644402,0.00027069477016215067,-0.0010035256646251799
1546,0.0025000000000000022,0.0058333333333333362,-0.001,-7.263755412381491e-05,0.0002417112496985763,-0.00083491838394224511
1547,0.003333333333333334,0.0058333333333333362,-0.001,-4.3248444314621638e-05,0.00019013655204814196,-0.0006157172739240011
1548,0.0041666666666666692,0.0058333333333333362,-0.001,-2.8071504062782592e-05,0.00013967821796693331,-0.00042854235195206788
1549,0.005000000000000001,0.0058333333333333362,-0.001,-2.4405380660510099e-05,9.4321262380203224e-05,-0.00026477508971028046
1550,0.0058333333333333362,0.0058333333333333362,-0.001,-1.1456336895637935e-05,5.949542578026784e-05,-0.00015962270850392293
1551,0.006666666666666668,0.0058333333333333362,-0.001,-7.2655323568564166e-06,3.513979744539502e-05,-9.145206514475567e-05
1552,0.0074999999999999997,0.0058333333333333362,-0.001,-1.0672062069782618e-05,2.1034935122776135e-05,2.8928344413742492e-06
1553,0.008333333333333335,0.0058333333333333362,-0.001,-1.1371207203908133e-05,1.0415163677896607e-05,3.6580194539100862e-06
1554,0.0091666666666666667,0.0058333333333333362,-0.001,-1.1995238896580194e-05,-1.3131509460302769e-07,-3.8941681929605495e-06
1555,0.010000000000000002,0.0058333333333333362,-0.001,-1.0996239162919372e-05,-2.2793504116446738e-06,-7.1112532899881371e-06
1556,0.010833333333333334,0.0058333333333333362,-0.001,-8.0451414273799052e-06,-1.3372493113852777e-06,-1.0656866075721923e-05
1557,0.011666666666666669,0.0058333333333333362,-0.001,-4.4230726219387376e-06,-5.9308922381735806e-07,-1.244687459581182e-05
1558,0.012500000000000001,0.0058333333333333362,-0.001,-1.487470459910433e-06,-5.1682226144279971e-08,-1.1395131852830183e-05
1559,0.013333333333333332,0.0058333333333333362,-0.001,6.2705088242054446e-07,5.0142567862231099e-08,-7.7651680400574067e-06
1560,0.014166666666666671,0.0058333333333333362,-0.001,2.6700695598879246e-06,2.7592331718497862e-07,-2.2379794632630327e-06
1561,0.015000000000000003,0.0058333333333333362,-0.001,0,0,0
1562,0.015833333333333335,0.0058333333333333362,-0.001,0,0,0
1563,0.016666666666666666,0.0058333333333333362,-0.001,0,0,0
1564,0.017500000000000005,0.0058333333333333362,-0.001,0,0,0
1565,0.018333333333333337,0.0058333333333333362,-0.001,0,0,0
1566,0.019166666666666669,0.0058333333333333362,-0.001,0,0,0
1567,0.02,0.0058333333333333362,-0.001,0,0,0
1568,-0.02,0.006666666666666668,-0.001,0,0,0
1569,-0.019166666666666669,0.006666666666666668,-0.001,0,0,0
1570,-0.018333333333333333,0.006666666666666668,-0.001,0,0,0
1571,-0.017500000000000002,0.006666666666666668,-0.001,0,0,0
1572,-0.016666666666666666,0.006666666666666668,-0.001,0,0,0
1573,-0.015833333333333335,0.006666666666666668,-0.001,0,0,0
1574,-0.014999999999999999,0.006666666666666668,-0.001,0,0,0
1575,-0.014166666666666668,0.006666666666666668,-0.001,1.2878407090148966e-07,-4.1512815812228739e-07,1.7139015448043476e-07
1576,-0.013333333333333332,0.006666666666666668,-0.001,1.3717702095655954e-06,-7.9215204586405875e-07,-4.2127947048189494e-07
1577,-0.012500000000000001,0.006666666666666668,-0.001,2.4806362497579057e-06,-1.1715241358143586e-06,4.4341355176621309e-08
1578,-0.011666666666666667,0.006666666666666668,-0.001,3.7540320822511953e-06,-1.9014901859225885e-06,1.6620477063687513e-06
1579,-0.010833333333333334,0.006666666666666668,-0.001,5.3202989241855506e-06,-3.5012798400401044e-06,4.7046961572165461e-06
1580,-0.01,0.006666666666666668,-0.001,6.6693139814942874e-06,-6.3130630145097136e-06,9.1285875377899312e-06
1581,-0.0091666666666666667,0.006666666666666668,-0.001,6.1999426756623455e-06,-8.8410381452900719e-06,1.3113803402868924e-05
1582,-0.0083333333333333332,0.006666666666666668,-0.001,1.0458260895082336e-06,-9.2632734838722783e-06,1.240112571508524e-05
1583,-0.0074999999999999997,0.006666666666666668,-0.001,-1.1674989430727944e-05,-9.9247409388430816e-06,1.6727510984066997e-05
1584,-0.0066666666666666662,0.006666666666666668,-0.001,-2.7444613605456508e-05,-1.2767471673407407e-05,1.0298130725074048e-05
1585,-0.0058333333333333327,0.006666666666666668,-0.001,-3.380935826531489e-05,-1.011768138847243e-05,-4.6651790857513129e-05
1586,-0.0049999999999999992,0.006666666666666668,-0.001,-4.9624410174501709e-05,3.0067646613382971e-06,-0.00016821435771472256
1587,-0.0041666666666666657,0.006666666666666668,-0.001,-7.1933073018428425e-05,3.6095662836505792e-06,-0.00024120376757705078
1588,-0.003333333333333334,0.006666666666666668,-0.001,-0.00010833712488726649,1.2577202214386202e-05,-0.00031058095120036768
1589,-0.0024999999999999988,0.006666666666666668,-0.001,-0.00014670918642771099,4.6753208802653557e-05,-0.00040671211052480675
1590,-0.001666666666666667,0.006666666666666668,-0.001,-0.00016618707634708912,8.7098759616314672e-05,-0.00049026073736709974
1591,-0.00083333333333333176,0.006666666666666668,-0.001,-0.00017209307316002151,0.0001279158594441587,-0.00057389107229093288
1592,0,0.006666666666666668,-0.001,-0.00016502508493896896,0.00014716179053370359,-0.0006064388659303443
1593,0.00083333333333333523,0.006666666666666668,-0.001,-0.00014840208850778542,0.00016578939863050399,-0.00059660893297099147
1594,0.001666666666666667,0.006666666666666668,-0.001,-0.00011820732354637978,0.00015296273945062384,-0.00052226158620637803
1595,0.0025000000000000022,0.006666666666666668,-0.001,-8.3948181157469197e-05,0.00013398201840379042,-0.00043437177342777622
1596,0.003333333333333334,0.006666666666666668,-0.001,-5.7376962505672773e-05,9.9221279602071724e-05,-0.00033158728926114259
1597,0.0041666666666666692,0.006666666666666668,-0.001,-3.7316823394115294e-05,7.2721620670161477e-05,-0.00022046270294381884
1598,0.005000000000000001,0.006666666666666668,-0.001,-1.7195905212920193e-05,5.2643155013725174e-05,-0.00014554268628490442
1599,0.0058333333333333362,0.006666666666666668,-0.001,-6.8703731287044352e-06,3.4930193351785218e-05,-9.7086657659019838e-05
1600,0.006666666666666668,0.006666666666666668,-0.001,-1.2353093268778443e-05,2.1598821373565221e-05,-1.7919992486981836e-06
1601,0.0074999999999999997,0.006666666666666668,-0.001,-1.1827907463529107e-05,1.2621751777215121e-05,4.8174509453787096e-06
1602,0.008333333333333335,0.006666666666666668,-0.001,-1.046621169168919e-05,1.0222182164412058e-06,-1.1022810442512072e-06
1603,0.0091666666666666667,0.006666666666666668,-0.001,-1.0642550563712524e-05,-3.337917588987314e-06,-3.142841261497788e-06
1604,0.010000000000000002,0.006666666666666668,-0.001,-9.0950655395798584e-06,-2.6665526001071039e-06,-6.7193750441992731e-06
1605,0.010833333333333334,0.006666666666666668,-0.001,-6.1066409665744974e-06,-1.4540422975339958e-06,-9.9951812178411668e-06
1606,0.011666666666666669,0.006666666666666668,-0.001,-3.0608316840056761e-06,-5.3750865630201584e-07,-1.1116053253049673e-05
1607,0.012500000000000001,0.006666666666666668,-0.001,-7.7434806317447366e-07,2.6738305488457734e-08,-9.7449569892457137e-06
1608,0.013333333333333332,0.006666666666666668,-0.001,6.6045235252506802e-07,3.4212836998709242e-08,-6.3834720531286703e-06
1609,0.014166666666666671,0.006666666666666668,-0.001,2.0836144471846801e-06,2.1461191263398686e-07,-1.7781867491308103e-06
1610,0.015000000000000003,0.006666666666666668,-0.001,0,0,0
1611,0.015833333333333335,0.006666666666666668,-0.001,0,0,0
1612,0.016666666666666666,0.006666666666666668,-0.001,0,0,0
1613,0.017500000000000005,0.006666666666666668,-0.001,0,0,0
1614,0.018333333333333337,0.006666666666666668,-0.001,0,0,0
1615,0.019166666666666669,0.006666666666666668,-0.001,0,0,0
1616,0.02,0.006666666666666668,-0.001,0,0,0
1617,-0.02,0.0074999999999999997,-0.001,0,0,0
1618,-0.019166666666666669,0.0074999999999999997,-0.001,0,0,0
1619,-0.018333333333333333,0.0074999999999999997,-0.001,0,0,0
1620,-0.017500000000000002,0.0074999999999999997,-0.001,0,0,0
1621,-0.016666666666666666,0.0074999999999999997,-0.001,0,0,0
1622,-0.015833333333333335,0.0074999999999999997,-0.001,0,0,0
1623,-0.014999999999999999,0.0074999999999999997,-0.001,0,0,0
1624,-0.014166666666666668,0.0074999999999999997,-0.001,1.2503503845779991e-07,-4.0850062491524649e-07,1.0666483604623645e-07
1625,-0.013333333333333332,0.0074999999999999997,-0.001,1.0320896525776701e-06,-7.6782754532924695e-07,-4.0438975723926426e-07
1626,-0.012500000000000001,0.0074999999999999997,-0.001,1.8722012607745421e-06,-1.1464733604236112e-06,-1.5174303444750463e-07
1627,-0.011666666666666667,0.0074999999999999997,-0.001,2.8831997446213348e-06,-1.7841300555448161e-06,8.8565000431366716e-07
1628,-0.010833333333333334,0.0074999999999999997,-0.001,4.0445929785996518e-06,-2.8954313137551653e-06,3.0627198545102079e-06
1629,-0.01,0.0074999999999999997,-0.001,5.2844454890699784e-06,-5.0406035923105155e-06,6.4290386145564848e-06
1630,-0.0091666666666666667,0.0074999999999999997,-0.001,5.8707956638344713e-06,-7.9126341872604185e-06,1.0635421387439882e-05
1631,-0.0083333333333333332,0.0074999999999999997,-0.001,4.6054548490410381e-06,-1.007542715695452e-05,1.3767114929538551e-05
1632,-0.0074999999999999997,0.0074999999999999997,-0.001,-1.3357033083062498e-06,-1.0073373415504201e-05,1.1996103233864543e-05
1633,-0.0066666666666666662,0.0074999999999999997,-0.001,-1.3042229339875832e-05,-1.0142031331445329e-05,1.7890308782389848e-05
1634,-0.0058333333333333327,0.0074999999999999997,-0.001,-2.5536290812264638e-05,-1.1832265163955278e-05,1.2281272209123469e-05
1635,-0.0049999999999999992,0.0074999999999999997,-0.001,-3.2512422083287995e-05,-9.6423774569095276e-06,-2.3050431923746726e-05
1636,-0.0041666666666666657,0.0074999999999999997,-0.001,-4.0545672656628002e-05,-5.6978519376559302e-06,-0.00011590272194972811
1637,-0.003333333333333334,0.0074999999999999997,-0.001,-5.3863588172249819e-05,2.1627611526551414e-06,-0.00018147718717541163
1638,-0.0024999999999999988,0.0074999999999999997,-0.001,-6.9131936369376526e-05,7.5481403306221848e-06,-0.00022005827290579104
1639,-0.001666666666666667,0.0074999999999999997,-0.001,-8.2894585727737494e-05,2.0609842052659861e-05,-0.00025482171355854474
1640,-0.00083333333333333176,0.0074999999999999997,-0.001,-8.9859959506011585e-05,3.7532112877677351e-05,-0.00029833885257599536
1641,0,0.0074999999999999997,-0.001,-9.2461542282091107e-05,5.0156216202289814e-05,-0.00031229897217148315
1642,0.00083333333333333523,0.0074999999999999997,-0.001,-8.8666981493497419e-05,6.3328197868684817e-05,-0.00029959269883644054
1643,0.001666666666666667,0.0074999999999999997,-0.001,-8.0112433367740234e-05,5.8516291174425276e-05,-0.00025787841421593267
1644,0.0025000000000000022,0.0074999999999999997,-0.001,-5.9824658134090298e-05,5.3255240773717971e-05,-0.00020945578358194059
1645,0.003333333333333334,0.0074999999999999997,-0.001,-3.5183087586905988e-05,4.5606790861530287e-05,-0.00016311851198315443
1646,0.0041666666666666692,0.0074999999999999997,-0.001,-1.7491075512875811e-05,4.153113949616386e-05,-0.00013295761565655363
1647,0.005000000000000001,0.0074999999999999997,-0.001,-1.4059025834656992e-05,2.8435528561644947e-05,-5.9463686724171218e-05
1648,0.0058333333333333362,0.0074999999999999997,-0.001,-1.5410316256510702e-05,1.8398142422983379e-05,1.066762491901308e-05
1649,0.006666666666666668,0.0074999999999999997,-0.001,-1.257741684933966e-05,1.078196796967227e-05,1.1768757433739015e-05
1650,0.0074999999999999997,0.0074999999999999997,-0.001,-9.3353252354533231e-06,5.7944260877181864e-07,-6.705977013074448e-07
1651,0.008333333333333335,0.0074999999999999997,-0.001,-9.1409549458682094e-06,-4.2796520077010332e-06,-7.7834873318293422e-07
1652,0.0091666666666666667,0.0074999999999999997,-0.001,-9.0444739166242889e-06,-4.2843880755395253e-06,-3.296284116282896e-06
1653,0.010000000000000002,0.0074999999999999997,-0.001,-7.0513957546552219e-06,-2.7102332090754969e-06,-6.9135002873907887e-06
1654,0.010833333333333334,0.0074999999999999997,-0.001,-4.2486967026691744e-06,-1.3904461630342541e-06,-9.3989344311274242e-06
1655,0.011666666666666669,0.0074999999999999997,-0.001,-1.8744912031995455e-06,-4.0498668381692105e-07,-9.8042337958366737e-06
1656,0.012500000000000001,0.0074999999999999997,-0.001,-2.4584581673184405e-07,7.5206034029294167e-08,-8.1154325384633943e-06
1657,0.013333333333333332,0.0074999999999999997,-0.001,6.7875458815914985e-07,3.4289388447490942e-08,-5.1108656113577989e-06
1658,0.014166666666666671,0.0074999999999999997,-0.001,1.5381819035546347e-06,1.3743787496141382e-07,-1.3788415520724164e-06
1659,0.015000000000000003,0.0074999999999999997,-0.001,0,0,0
1660,0.015833333333333335,0.0074999999999999997,-0.001,0,0,0
1661,0.016666666666666666,0.0074999999999999997,-0.001,0,0,0
1662,0.017500000000000005,0.0074999999999999997,-0.001,0,0,0
1663,0.018333333333333337,0.0074999999999999997,-0.001,0,0,0
1664,0.019166666666666669,0.0074999999999999997,-0.001,0,0,0
1665,0.02,0.0074999999999999997,-0.001,0,0,0
1666,-0.02,0.008333333333333335,-0.001,0,0,0
1667,-0.019166666666666669,0.008333333333333335,-0.001,0,0,0
1668,-0.018333333333333333,0.008333333333333335,-0.001,0,0,0
1669,-0.017500000000000002,0.008333333333333335,-0.001,0,0,0
1670,-0.016666666666666666,0.008333333333333335,-0.001,0,0,0
1671,-0.015833333333333335,0.008333333333333335,-0.001,0,0,0
1672,-0.014999999999999999,0.008333333333333335,-0.001,0,0,0
1673,-0.014166666666666668,0.008333333333333335,-0.001,1.2571329130540229e-07,-3.7367971607084925e-07,4.4947898719716299e-08
1674,-0.013333333333333332,0.008333333333333335,-0.001,7.0151320901963203e-07,-6.9089283891067528e-07,-4.1861633842328997e-07
1675,-0.012500000000000001,0.008333333333333335,-0.001,1.2907022473391717e-06,-1.0212084762107993e-06,-3.9776928118974065e-07
1676,-0.011666666666666667,0.008333333333333335,-0.001,2.0590562019182313e-06,-1.5846628957382947e-06,1.1956401516110204e-07
1677,-0.010833333333333334,0.008333333333333335,-0.001,2.9466937254308349e-06,-2.4461165567359743e-06,1.4250914196177619e-06
1678,-0.01,0.008333333333333335,-0.001,3.9075786506773485e-06,-3.9317619898588646e-06,3.6924523237518436e-06
1679,-0.0091666666666666667,0.008333333333333335,-0.001,4.733996453320771e-06,-6.3853886376834057e-06,6.8358279186251879e-06
1680,-0.0083333333333333332,0.008333333333333335,-0.001,4.8663914224235835e-06,-9.4326855294392169e-06,1.0309292811103053e-05
1681,-0.0074999999999999997,0.008333333333333335,-0.001,2.9865044581663916e-06,-1.1387693246429088e-05,1.2379507364323382e-05
1682,-0.0066666666666666662,0.008333333333333335,-0.001,-2.3897089285978371e-06,-1.137952305108692e-05,9.7807876228051698e-06
1683,-0.0058333333333333327,0.008333333333333335,-0.001,-1.1155870198925688e-05,-1.0092043235315728e-05,8.3631128863251293e-06
1684,-0.0049999999999999992,0.008333333333333335,-0.001,-2.3146358112557188e-05,-1.2284640665115304e-05,2.1999746950846025e-05
1685,-0.0041666666666666657,0.008333333333333335,-0.001,-2.9807487753446821e-05,-1.087923743102421e-05,4.2428510241350195e-06
1686,-0.003333333333333334,0.008333333333333335,-0.001,-3.3112759973450467e-05,-6.4714909454835384e-06,-2.8895760201029127e-05
1687,-0.0024999999999999988,0.008333333333333335,-0.001,-3.5372048612195628e-05,2.1615383390326635e-06,-9.440143738097369e-05
1688,-0.001666666666666667,0.008333333333333335,-0.001,-3.8834694294878569e-05,1.1397161817163619e-05,-0.00014399535792497994
1689,-0.00083333333333333176,0.008333333333333335,-0.001,-4.1245976939148064e-05,1.9913411340575226e-05,-0.00017010686286305867
1690,0,0.008333333333333335,-0.001,-4.4043985304803403e-05,2.4683119497712897e-05,-0.0001734230566825592
1691,0.00083333333333333523,0.008333333333333335,-0.001,-4.263718122577754e-05,3.2075349230927821e-05,-0.00015876023949025234
1692,0.001666666666666667,0.008333333333333335,-0.001,-3.564985862083283e-05,3.2496223829952784e-05,-0.0001444600347885918
1693,0.0025000000000000022,0.008333333333333335,-0.001,-2.6795922163677108e-05,3.1459397543880713e-05,-0.00012170143844652623
1694,0.003333333333333334,0.008333333333333335,-0.001,-2.1422420791043532e-05,2.4068580763521225e-05,-6.5297793126042065e-05
1695,0.0041666666666666692,0.008333333333333335,-0.001,-2.0904806412898577e-05,1.8157988251332651e-05,-1.0051287949246298e-05
1696,0.005000000000000001,0.008333333333333335,-0.001,-1.8083391723729859e-05,1.2982478525336439e-05,1.5187442523888703e-05
1697,0.0058333333333333362,0.008333333333333335,-0.001,-1.1899266277356034e-05,6.5104670367629624e-06,5.8593490410127905e-06
1698,0.006666666666666668,0.008333333333333335,-0.001,-8.8836889797321627e-06,-1.7267742238300257e-06,-1.4845161767205881e-07
1699,0.0074999999999999997,0.008333333333333335,-0.001,-8.0951078012866889e-06,-5.6864227530696517e-06,-9.7895925439170011e-08
1700,0.008333333333333335,0.008333333333333335,-0.001,-8.1899464394100577e-06,-5.7425223560120337e-06,-1.445941881205811e-06
1701,0.0091666666666666667,0.008333333333333335,-0.001,-7.0316959534651134e-06,-4.1660414206099098e-06,-4.4092949196007058e-06
1702,0.010000000000000002,0.008333333333333335,-0.001,-4.9025913514653234e-06,-2.4916703714659795e-06,-7.2591482949799753e-06
1703,0.010833333333333334,0.008333333333333335,-0.001,-2.6372299159089029e-06,-1.0967075355266569e-06,-8.8255916571772132e-06
1704,0.011666666666666669,0.008333333333333335,-0.001,-9.8084116926203085e-07,-2.5347448256433772e-07,-8.4838235270293847e-06
1705,0.012500000000000001,0.008333333333333335,-0.001,6.6452653727272578e-08,8.4582321775544672e-08,-6.5810507823790591e-06
1706,0.013333333333333332,0.008333333333333335,-0.001,6.7245651059427029e-07,3.8009302086147734e-08,-3.9624320207150306e-06
1707,0.014166666666666671,0.008333333333333335,-0.001,1.0853359728223511e-06,6.6076513434222385e-08,-1.0544398739328225e-06
1708,0.015000000000000003,0.008333333333333335,-0.001,0,0,0
1709,0.015833333333333335,0.008333333333333335,-0.001,0,0,0
1710,0.016666666666666666,0.008333333333333335,-0.001,0,0,0
1711,0.017500000000000005,0.008333333333333335,-0.001,0,0,0
1712,0.018333333333333337,0.008333333333333335,-0.001,0,0,0
1713,0.019166666666666669,0.008333333333333335,-0.001,0,0,0
1714,0.02,0.008333333333333335,-0.001,0,0,0
1715,-0.02,0.0091666666666666667,-0.001,0,0,0
1716,-0.019166666666666669,0.0091666666666666667,-0.001,0,0,0
1717,-0.018333333333333333,0.0091666666666666667,-0.001,0,0,0
1718,-0.017500000000000002,0.0091666666666666667,-0.001,0,0,0
1719,-0.016666666666666666,0.0091666666666666667,-0.001,0,0,0
1720,-0.015833333333333335,0.0091666666666666667,-0.001,0,0,0
1721,-0.014999999999999999,0.0091666666666666667,-0.001,0,0,0
1722,-0.014166666666666668,0.0091666666666666667,-0.001,1.1526965004808196e-07,-3.2176661250871395e-07,-2.8275834096554541e-08
1723,-0.013333333333333332,0.0091666666666666667,-0.001,4.4944709885533038e-07,-5.9883560935597321e-07,-4.2937130404650185e-07
1724,-0.012500000000000001,0.0091666666666666667,-0.001,8.4350170423415706e-07,-8.6813589950652209e-07,-5.9647764551321328e-07
1725,-0.011666666666666667,0.0091666666666666667,-0.001,1.3550690262782319e-06,-1.2960496796537841e-06,-4.8928229432152498e-07
1726,-0.010833333333333334,0.0091666666666666667,-0.001,1.9926745747103611e-06,-1.990085956459139e-06,5.4772652205729379e-08
1727,-0.01,0.0091666666666666667,-0.001,2.6880856767408449e-06,-3.041533079212517e-06,1.2300932884949297e-06
1728,-0.0091666666666666667,0.0091666666666666667,-0.001,3.3571174851625268e-06,-4.7460562795484874e-06,3.0592616622119566e-06
1729,-0.0083333333333333332,0.0091666666666666667,-0.001,3.7677586067349194e-06,-7.3329176457377819e-06,5.3861901766004838e-06
1730,-0.0074999999999999997,0.0091666666666666667,-0.001,3.4318331019100692e-06,-1.0132049720979149e-05,7.6348943322280235e-06
1731,-0.0066666666666666662,0.0091666666666666667,-0.001,1.9003724146487897e-06,-1.234655574054332e-05,8.7655347470674392e-06
1732,-0.0058333333333333327,0.0091666666666666667,-0.001,-7.4621186529159331e-07,-1.2770104305073242e-05,7.3859451988262202e-06
1733,-0.0049999999999999992,0.0091666666666666667,-0.001,-7.6589464978467365e-06,-1.4550165665458376e-05,6.1231918612115881e-06
1734,-0.0041666666666666657,0.0091666666666666667,-0.001,-1.6868551145554798e-05,-1.477127746086627e-05,1.6597542785195571e-05
1735,-0.003333333333333334,0.0091666666666666667,-0.001,-2.3285457211184621e-05,-1.3735449664748904e-05,2.7284960453483223e-05
1736,-0.0024999999999999988,0.0091666666666666667,-0.001,-2.6088062712479891e-05,-1.1156049842209227e-05,1.8950403900041647e-05
1737,-0.001666666666666667,0.0091666666666666667,-0.001,-3.002832523673155e-05,-6.4324191892668616e-06,-8.9596502490241709e-07
1738,-0.00083333333333333176,0.0091666666666666667,-0.001,-3.1249670927686494e-05,-1.3982310776766199e-06,-7.9645583694403538e-06
1739,0,0.0091666666666666667,-0.001,-3.1295740981032735e-05,1.8912852622406403e-06,-1.0797515827777082e-05
1740,0.00083333333333333523,0.0091666666666666667,-0.001,-3.0183664448909317e-05,6.9161074508089515e-06,-1.0602980813346532e-05
1741,0.001666666666666667,0.0091666666666666667,-0.001,-2.9940255045648888e-05,6.9510533818378287e-06,-5.412712263913021e-06
1742,0.0025000000000000022,0.0091666666666666667,-0.001,-2.6476634534342681e-05,7.1957501020219316e-06,7.9413294912053369e-06
1743,0.003333333333333334,0.0091666666666666667,-0.001,-2.0081385094398322e-05,5.4190555949146931e-06,1.6331493089208462e-05
1744,0.0041666666666666692,0.0091666666666666667,-0.001,-1.4610101515101527e-05,1.9808286508839942e-06,8.0000165667415052e-06
1745,0.005000000000000001,0.0091666666666666667,-0.001,-1.1230077095714555e-05,-2.7840352046153548e-06,-3.3492239418679631e-06
1746,0.0058333333333333362,0.0091666666666666667,-0.001,-8.1851973164486454e-06,-5.8463431689635399e-06,-1.3211552284243427e-06
1747,0.006666666666666668,0.0091666666666666667,-0.001,-7.3197136302283932e-06,-7.744997167118743e-06,-3.3480880962673327e-07
1748,0.0074999999999999997,0.0091666666666666667,-0.001,-7.1304419332307122e-06,-6.9954580351474503e-06,-1.301224871793754e-06
1749,0.008333333333333335,0.0091666666666666667,-0.001,-6.2501779698342325e-06,-5.401088317266655e-06,-3.348366893173508e-06
1750,0.0091666666666666667,0.0091666666666666667,-0.001,-4.8150522660575281e-06,-3.5959074245638584e-06,-5.7022077210292148e-06
1751,0.010000000000000002,0.0091666666666666667,-0.001,-3.0086540098059955e-06,-1.9309222381505139e-06,-7.5229207635196306e-06
1752,0.010833333333333334,0.0091666666666666667,-0.001,-1.4870436899878294e-06,-7.4304986806753031e-07,-8.0731869687454417e-06
1753,0.011666666666666669,0.0091666666666666667,-0.001,-4.2075100339352054e-07,-1.0685203071309177e-07,-7.1045087180322821e-06
1754,0.012500000000000001,0.0091666666666666667,-0.001,2.8267788867864227e-07,9.5014566298783548e-08,-5.194571211574302e-06
1755,0.013333333333333332,0.0091666666666666667,-0.001,6.3741016095225481e-07,3.6634202230092663e-08,-2.9645403957096097e-06
1756,0.014166666666666671,0.0091666666666666667,-0.001,7.500134065541829e-07,2.733710272102526e-08,-7.6792644297239878e-07
1757,0.015000000000000003,0.0091666666666666667,-0.001,0,0,0
1758,0.015833333333333335,0.0091666666666666667,-0.001,0,0,0
1759,0.016666666666666666,0.0091666666666666667,-0.001,0,0,0
1760,0.017500000000000005,0.0091666666666666667,-0.001,0,0,0
1761,0.018333333333333337,0.0091666666666666667,-0.001,0,0,0
1762,0.019166666666666669,0.0091666666666666667,-0.001,0,0,0
1763,0.02,0.0091666666666666667,-0.001,0,0,0
1764,-0.02,0.010000000000000002,-0.001,0,0,0
1765,-0.019166666666666669,0.010000000000000002,-0.001,0,0,0
1766,-0.018333333333333333,0.010000000000000002,-0.001,0,0,0
1767,-0.017500000000000002,0.010000000000000002,-0.001,0,0,0
1768,-0.016666666666666666,0.010000000000000002,-0.001,0,0,0
1769,-0.015833333333333335,0.010000000000000002,-0.001,0,0,0
1770,-0.014999999999999999,0.010000000000000002,-0.001,0,0,0
1771,-0.014166666666666668,0.010000000000000002,-0.001,7.6982406981086351e-08,-2.7655072865393905e-07,-8.209921298688366e-08
1772,-0.013333333333333332,0.010000000000000002,-0.001,2.9917594403368943e-07,-5.0232885474172674e-07,-4.3792305954305995e-07
1773,-0.012500000000000001,0.010000000000000002,-0.001,5.7796505585210211e-07,-7.2621718418806747e-07,-7.0570896196808335e-07
1774,-0.011666666666666667,0.010000000000000002,-0.001,8.862160995540948e-07,-1.0099205230941184e-06,-8.6338129525106732e-07
1775,-0.010833333333333334,0.010000000000000002,-0.001,1.2533214036966104e-06,-1.4802316709344776e-06,-8.3492006271890892e-07
1776,-0.01,0.010000000000000002,-0.001,1.6941384241533016e-06,-2.2596995291339604e-06,-5.6931579973745634e-07
1777,-0.0091666666666666667,0.010000000000000002,-0.001,2.1371228853251359e-06,-3.3744427924566605e-06,7.4659566308545683e-08
1778,-0.0083333333333333332,0.010000000000000002,-0.001,2.4879242708558871e-06,-5.0501635237486766e-06,1.0535284180477224e-06
1779,-0.0074999999999999997,0.010000000000000002,-0.001,2.5721820152981482e-06,-7.3667023201452849e-06,2.1338864757944036e-06
1780,-0.0066666666666666662,0.010000000000000002,-0.001,2.2128650682161966e-06,-1.0060376668439825e-05,3.1711857699323344e-06
1781,-0.0058333333333333327,0.010000000000000002,-0.001,1.4211157128237407e-06,-1.2589568757053792e-05,3.6934431721240581e-06
1782,-0.0049999999999999992,0.010000000000000002,-0.001,-1.7917557858364995e-07,-1.4794878458073223e-05,3.0385302834624017e-06
1783,-0.0041666666666666657,0.010000000000000002,-0.001,-2.7557166331416258e-06,-1.6984275080277444e-05,1.2001464820924268e-06
1784,-0.003333333333333334,0.010000000000000002,-0.001,-6.7187585185960118e-06,-1.8346458978123506e-05,-1.1523683466842359e-06
1785,-0.0024999999999999988,0.010000000000000002,-0.001,-1.03838553287762e-05,-1.7569533070426194e-05,-4.4126229215264161e-06
1786,-0.001666666666666667,0.010000000000000002,-0.001,-1.593069057185102e-05,-1.6431215669832737e-05,4.0554660177138398e-06
1787,-0.00083333333333333176,0.010000000000000002,-0.001,-1.9759767848275172e-05,-1.4960873103339106e-05,1.7874190777090172e-05
1788,0,0.010000000000000002,-0.001,-2.0781257902131417e-05,-1.3306716671012956e-05,2.0164204430032546e-05
1789,0.00083333333333333523,0.010000000000000002,-0.001,-1.9127987358514984e-05,-9.6647392864169058e-06,2.19015512805669e-05
1790,0.001666666666666667,0.010000000000000002,-0.001,-1.8002824552286619e-05,-7.9470008328652763e-06,9.7837125636821986e-06
1791,0.0025000000000000022,0.010000000000000002,-0.001,-1.5260282557710475e-05,-6.3010880849972391e-06,-2.8906132824919593e-06
1792,0.003333333333333334,0.010000000000000002,-0.001,-1.1016971973109883e-05,-7.7719710389380488e-06,-6.3808997137756479e-06
1793,0.0041666666666666692,0.010000000000000002,-0.001,-8.4759398104585674e-06,-9.3723043013239878e-06,-3.8712129719195526e-06
1794,0.005000000000000001,0.010000000000000002,-0.001,-7.218783422665327e-06,-9.5348039547166258e-06,-2.939706567304235e-06
1795,0.0058333333333333362,0.010000000000000002,-0.001,-6.0105229929050605e-06,-8.9695768670364069e-06,-2.4603750023461294e-06
1796,0.006666666666666668,0.010000000000000002,-0.001,-5.7340927791671925e-06,-7.8357955656289731e-06,-2.7267061963638042e-06
1797,0.0074999999999999997,0.010000000000000002,-0.001,-5.0520748008162775e-06,-6.1203153074833842e-06,-3.8259656821813092e-06
1798,0.008333333333333335,0.010000000000000002,-0.001,-4.0571055348533853e-06,-4.3457777475735639e-06,-5.2335923866313846e-06
1799,0.0091666666666666667,0.010000000000000002,-0.001,-2.8667702366319787e-06,-2.6437303829873703e-06,-6.6043515735619837e-06
1800,0.010000000000000002,0.010000000000000002,-0.001,-1.7319166307765146e-06,-1.280059169596105e-06,-7.3624131759930674e-06
1801,0.010833333333333334,0.010000000000000002,-0.001,-7.8808845609853955e-07,-3.9349983311520267e-07,-6.9986089756680552e-06
1802,0.011666666666666669,0.010000000000000002,-0.001,-7.3786480848526032e-08,2.5313115015450817e-08,-5.7236497489822365e-06
1803,0.012500000000000001,0.010000000000000002,-0.001,3.813988640317853e-07,1.1664118907634231e-07,-3.9734021722473596e-06
1804,0.013333333333333332,0.010000000000000002,-0.001,5.3387838152258673e-07,2.4866452999598484e-08,-2.1414304972380026e-06
1805,0.014166666666666671,0.010000000000000002,-0.001,4.7534759118907509e-07,-4.9257098748705879e-09,-5.5475018219591013e-07
1806,0.015000000000000003,0.010000000000000002,-0.001,0,0,0
1807,0.015833333333333335,0.010000000000000002,-0.001,0,0,0
1808,0.016666666666666666,0.010000000000000002,-0.001,0,0,0
1809,0.017500000000000005,0.010000000000000002,-0.001,0,0,0
1810,0.018333333333333337,0.010000000000000002,-0.001,0,0,0
1811,0.019166666666666669,0.010000000000000002,-0.001,0,0,0
1812,0.02,0.010000000000000002,-0.001,0,0,0
1813,-0.02,0.010833333333333334,-0.001,0,0,0
1814,-0.019166666666666669,0.010833333333333334,-0.001,0,0,0
1815,-0.018333333333333333,0.010833333333333334,-0.001,0,0,0
1816,-0.017500000000000002,0.010833333333333334,-0.001,0,0,0
1817,-0.016666666666666666,0.010833333333333334,-0.001,0,0,0
1818,-0.015833333333333335,0.010833333333333334,-0.001,0,0,0
1819,-0.014999999999999999,0.010833333333333334,-0.001,0,0,0
1820,-0.014166666666666668,0.010833333333333334,-0.001,6.6659091276821763e-08,-2.2746532248094397e-07,-9.4490411444710339e-08
1821,-0.013333333333333332,0.010833333333333334,-0.001,2.2641299528854655e-07,-4.1252477203779905e-07,-4.161011923048469e-07
1822,-0.012500000000000001,0.010833333333333334,-0.001,4.1389050908516424e-07,-5.7134399546344578e-07,-7.1978799091745233e-07
1823,-0.011666666666666667,0.010833333333333334,-0.001,6.1260822502682442e-07,-7.5832082708682285e-07,-1.0023265576873109e-06
1824,-0.010833333333333334,0.010833333333333334,-0.001,7.9592868529741757e-07,-1.0163379795899421e-06,-1.2464759299515588e-06
1825,-0.01,0.010833333333333334,-0.001,9.942987619482409e-07,-1.4909356645236783e-06,-1.4765117375291774e-06
1826,-0.0091666666666666667,0.010833333333333334,-0.001,1.2283492866601343e-06,-2.2583249746595729e-06,-1.6990052182278862e-06
1827,-0.0083333333333333332,0.010833333333333334,-0.001,1.4553701083021621e-06,-3.2994982937614385e-06,-1.8073501486572373e-06
1828,-0.0074999999999999997,0.010833333333333334,-0.001,1.5937513782037062e-06,-4.7117574604255127e-06,-1.828200486805382e-06
1829,-0.0066666666666666662,0.010833333333333334,-0.001,1.5429515898932618e-06,-6.5524990102632654e-06,-1.9468159077841818e-06
1830,-0.0058333333333333327,0.010833333333333334,-0.001,1.2384577871344897e-06,-8.7203696870111565e-06,-2.1880793284232118e-06
1831,-0.0049999999999999992,0.010833333333333334,-0.001,6.8901680911985853e-07,-1.1203640551075075e-05,-2.6737795453208785e-06
1832,-0.0041666666666666657,0.010833333333333334,-0.001,-4.0747425443101982e-07,-1.3522657184184627e-05,-3.4658160724245441e-06
1833,-0.003333333333333334,0.010833333333333334,-0.001,-1.7162033660848076e-06,-1.5082114019504217e-05,-4.7617956123689833e-06
1834,-0.0024999999999999988,0.010833333333333334,-0.001,-2.0199034074560905e-06,-1.6379489046685228e-05,-5.4733006651000066e-06
1835,-0.001666666666666667,0.010833333333333334,-0.001,-3.5965009139547413e-06,-1.7826619745502989e-05,-3.9722218038208235e-06
1836,-0.00083333333333333176,0.010833333333333334,-0.001,-5.7885904975052607e-06,-1.9497601089215375e-05,-1.9303011513544731e-06
1837,0,0.010833333333333334,-0.001,-7.9216042075705311e-06,-1.928101270205555e-05,-1.0236200649180628e-06
1838,0.00083333333333333523,0.010833333333333334,-0.001,-8.6878978906351782e-06,-1.7664417602330549e-05,-1.3558325451730035e-06
1839,0.001666666666666667,0.010833333333333334,-0.001,-8.9710084910477741e-06,-1.5142507305740773e-05,-3.6786963709254345e-06
1840,0.0025000000000000022,0.010833333333333334,-0.001,-7.5809936802184454e-06,-1.2360710222519014e-05,-6.2139067479764748e-06
1841,0.003333333333333334,0.010833333333333334,-0.001,-5.5091279471960688e-06,-1.1298834126733187e-05,-6.8110908669566216e-06
1842,0.0041666666666666692,0.010833333333333334,-0.001,-4.8442071513636257e-06,-1.0528426534929938e-05,-6.0758043745550771e-06
1843,0.005000000000000001,0.010833333333333334,-0.001,-4.6528720565608563e-06,-9.208400714347677e-06,-5.5861542601371377e-06
1844,0.0058333333333333362,0.010833333333333334,-0.001,-4.0108157646773797e-06,-7.6127873673166597e-06,-5.3512938434875739e-06
1845,0.006666666666666668,0.010833333333333334,-0.001,-3.4977516527422572e-06,-6.1173074435149815e-06,-5.4154914082401002e-06
1846,0.0074999999999999997,0.010833333333333334,-0.001,-2.9619440056535734e-06,-4.520087772660913e-06,-5.7582719112394789e-06
1847,0.008333333333333335,0.010833333333333334,-0.001,-2.2881026422775818e-06,-2.9654849843046752e-06,-6.3287688123237752e-06
1848,0.0091666666666666667,0.010833333333333334,-0.001,-1.63236223852132e-06,-1.6477252907410221e-06,-6.7441757571563451e-06
1849,0.010000000000000002,0.010833333333333334,-0.001,-9.7676175605565418e-07,-6.6732606771320434e-07,-6.5394049679132637e-06
1850,0.010833333333333334,0.010833333333333334,-0.001,-3.7555183597443775e-07,-7.5833884198286514e-08,-5.6751866479137434e-06
1851,0.011666666666666669,0.010833333333333334,-0.001,7.1029940291547432e-08,1.4265947726403361e-07,-4.3824728680101104e-06
1852,0.012500000000000001,0.010833333333333334,-0.001,2.8971580196195509e-07,1.0443559636639096e-07,-2.8855012167688183e-06
1853,0.013333333333333332,0.010833333333333334,-0.001,3.5162858109801211e-07,1.9262858457964827e-09,-1.4807912531832297e-06
1854,0.014166666666666671,0.010833333333333334,-0.001,2.7495041814054017e-07,-2.9151884460092972e-08,-3.7242233315567543e-07
1855,0.015000000000000003,0.010833333333333334,-0.001,0,0,0
1856,0.015833333333333335,0.010833333333333334,-0.001,0,0,0
1857,0.016666666666666666,0.010833333333333334,-0.001,0,0,0
1858,0.017500000000000005,0.010833333333333334,-0.001,0,0,0
1859,0.018333333333333337,0.010833333333333334,-0.001,0,0,0
1860,0.019166666666666669,0.010833333333333334,-0.001,0,0,0
1861,0.02,0.010833333333333334,-0.001,0,0,0
1862,-0.02,0.011666666666666669,-0.001,0,0,0
1863,-0.019166666666666669,0.011666666666666669,-0.001,0,0,0
1864,-0.018333333333333333,0.011666666666666669,-0.001,0,0,0
1865,-0.017500000000000002,0.011666666666666669,-0.001,0,0,0
1866,-0.016666666666666666,0.011666666666666669,-0.001,0,0,0
1867,-0.015833333333333335,0.011666666666666669,-0.001,0,0,0
1868,-0.014999999999999999,0.011666666666666669,-0.001,0,0,0
1869,-0.014166666666666668,0.011666666666666669,-0.001,5.5974487975485376e-08,-1.7645203025645333e-07,-7.0223230795647515e-08
1870,-0.013333333333333332,0.011666666666666669,-0.001,1.825820292975157e-07,-3.1384073349743955e-07,-3.53019874291189e-07
1871,-0.012500000000000001,0.011666666666666669,-0.001,3.2714760638714214e-07,-4.2414488601103618e-07,-6.3792679527915778e-07
1872,-0.011666666666666667,0.011666666666666669,-0.001,4.560680631286184e-07,-5.2124005594872234e-07,-9.3428686551386418e-07
1873,-0.010833333333333334,0.011666666666666669,-0.001,5.5774187298044353e-07,-6.5117835982048711e-07,-1.265526041783492e-06
1874,-0.01,0.011666666666666669,-0.001,6.1863843829434965e-07,-8.5985718723418675e-07,-1.674867240424311e-06
1875,-0.0091666666666666667,0.011666666666666669,-0.001,6.7830895613757701e-07,-1.2872335233500932e-06,-2.2314430735297024e-06
1876,-0.0083333333333333332,0.011666666666666669,-0.001,7.5624925001097563e-07,-1.9245413743600503e-06,-2.9526569016829491e-06
1877,-0.0074999999999999997,0.011666666666666669,-0.001,8.3582045716401882e-07,-2.7361498090677784e-06,-3.7528637261012725e-06
1878,-0.0066666666666666662,0.011666666666666669,-0.001,8.8518590244598234e-07,-3.8226103814260185e-06,-4.6208032859312067e-06
1879,-0.0058333333333333327,0.011666666666666669,-0.001,8.4310634727290541e-07,-5.1762525341416915e-06,-5.6574656291847906e-06
1880,-0.0049999999999999992,0.011666666666666669,-0.001,6.1555283248885784e-07,-6.7072075193577662e-06,-6.8649713268504015e-06
1881,-0.0041666666666666657,0.011666666666666669,-0.001,1.8144990484333104e-07,-8.2682688480219337e-06,-8.22987883273411e-06
1882,-0.003333333333333334,0.011666666666666669,-0.001,-3.2379897459729583e-07,-9.8164933273180871e-06,-9.3981295224623208e-06
1883,-0.0024999999999999988,0.011666666666666669,-0.001,-5.3955914377773402e-07,-1.1140754684490795e-05,-9.8274897721599851e-06
1884,-0.001666666666666667,0.011666666666666669,-0.001,-9.4341216664497919e-07,-1.268441605503785e-05,-9.3963226323401346e-06
1885,-0.00083333333333333176,0.011666666666666669,-0.001,-1.921167805634749e-06,-1.3780765701546617e-05,-8.5104549704470335e-06
1886,0,0.011666666666666669,-0.001,-2.979470548955783e-06,-1.4059467352567486e-05,-8.020364310899952e-06
1887,0.00083333333333333523,0.011666666666666669,-0.001,-3.7604753892975862e-06,-1.346579369968901e-05,-8.0250126711990326e-06
1888,0.001666666666666667,0.011666666666666669,-0.001,-4.3684214149140946e-06,-1.2329749139247555e-05,-8.7053144043909214e-06
1889,0.0025000000000000022,0.011666666666666669,-0.001,-4.1763138606052711e-06,-1.0607345638578045e-05,-9.2748748627233589e-06
1890,0.003333333333333334,0.011666666666666669,-0.001,-3.4315711662287625e-06,-9.2847527543398923e-06,-9.3645269719697286e-06
1891,0.0041666666666666692,0.011666666666666669,-0.001,-2.9529951609173525e-06,-7.9603704031452182e-06,-8.7461757480053608e-06
1892,0.005000000000000001,0.011666666666666669,-0.001,-2.5009520641641347e-06,-6.6417704798497297e-06,-7.9382346211444773e-06
1893,0.0058333333333333362,0.011666666666666669,-0.001,-2.1041090765424511e-06,-5.325747840536307e-06,-7.2226287840940134e-06
1894,0.006666666666666668,0.011666666666666669,-0.001,-1.8398614350740757e-06,-4.0656581344318562e-06,-6.7344392410229357e-06
1895,0.0074999999999999997,0.011666666666666669,-0.001,-1.5655679449395146e-06,-2.8177545039219045e-06,-6.4774862374866503e-06
1896,0.008333333333333335,0.011666666666666669,-0.001,-1.2929714970499682e-06,-1.6945679487235853e-06,-6.3060839550653249e-06
1897,0.0091666666666666667,0.011666666666666669,-0.001,-9.5172248493399439e-07,-7.9858657830935526e-07,-5.9086211131966305e-06
1898,0.010000000000000002,0.011666666666666669,-0.001,-5.5588974448064769e-07,-1.5561122234927138e-07,-5.1982802796452248e-06
1899,0.010833333333333334,0.011666666666666669,-0.001,-1.9310046580018665e-07,1.7790997512492113e-07,-4.2284166479694995e-06
1900,0.011666666666666669,0.011666666666666669,-0.001,1.7071517907193294e-08,1.9012170567039715e-07,-3.0887486159477312e-06
1901,0.012500000000000001,0.011666666666666669,-0.001,1.3695282554114097e-07,9.3789063981119213e-08,-1.948165270869688e-06
1902,0.013333333333333332,0.011666666666666669,-0.001,1.7264590214863214e-07,-1.1378881737991047e-08,-9.4909885460209963e-07
1903,0.014166666666666671,0.011666666666666669,-0.001,1.3171067532651116e-07,-4.198547994147219e-08,-2.0526303419908535e-07
1904,0.015000000000000003,0.011666666666666669,-0.001,0,0,0
1905,0.015833333333333335,0.011666666666666669,-0.001,0,0,0
1906,0.016666666666666666,0.011666666666666669,-0.001,0,0,0
1907,0.017500000000000005,0.011666666666666669,-0.001,0,0,0
1908,0.018333333333333337,0.011666666666666669,-0.001,0,0,0
1909,0.019166666666666669,0.011666666666666669,-0.001,0,0,0
1910,0.02,0.011666666666666669,-0.001,0,0,0
1911,-0.02,0.012500000000000001,-0.001,0,0,0
1912,-0.019166666666666669,0.012500000000000001,-0.001,0,0,0
1913,-0.018333333333333333,0.012500000000000001,-0.001,0,0,0
1914,-0.017500000000000002,0.012500000000000001,-0.001,0,0,0
1915,-0.016666666666666666,0.012500000000000001,-0.001,0,0,0
1916,-0.015833333333333335,0.012500000000000001,-0.001,0,0,0
1917,-0.014999999999999999,0.012500000000000001,-0.001,0,0,0
1918,-0.014166666666666668,0.012500000000000001,-0.001,6.2170580975050258e-08,-1.3356374311282202e-07,-2.8578888336588677e-08
1919,-0.013333333333333332,0.012500000000000001,-0.001,1.6183762924605365e-07,-2.2182239527128572e-07,-2.3760850566711137e-07
1920,-0.012500000000000001,0.012500000000000001,-0.001,2.6496417043955912e-07,-2.7459597198023288e-07,-4.6754727839118729e-07
1921,-0.011666666666666667,0.012500000000000001,-0.001,3.6391986864713946e-07,-3.1785608348860031e-07,-7.1136459346558878e-07
1922,-0.010833333333333334,0.012500000000000001,-0.001,4.2361073405784397e-07,-3.5194792501709716e-07,-9.9366675480362019e-07
1923,-0.01,0.012500000000000001,-0.001,4.4892979508396165e-07,-4.2027730049929644e-07,-1.3751110906379598e-06
1924,-0.0091666666666666667,0.012500000000000001,-0.001,4.3097052859702425e-07,-5.6817196574751078e-07,-1.9310795884941655e-06
1925,-0.0083333333333333332,0.012500000000000001,-0.001,4.260249133710506e-07,-9.0326622367969404e-07,-2.7173136712995947e-06
1926,-0.0074999999999999997,0.012500000000000001,-0.001,4.3218953319453314e-07,-1.3409090088540544e-06,-3.7396988136105e-06
1927,-0.0066666666666666662,0.012500000000000001,-0.001,4.4204487133031389e-07,-1.8948958282964649e-06,-4.9441824143501786e-06
1928,-0.0058333333333333327,0.012500000000000001,-0.001,4.3918579138328176e-07,-2.6471030938385297e-06,-6.2912584239963283e-06
1929,-0.0049999999999999992,0.012500000000000001,-0.001,3.9457037105073324e-07,-3.5218381064897255e-06,-7.7740104710751098e-06
1930,-0.0041666666666666657,0.012500000000000001,-0.001,3.2586122773074436e-07,-4.4588394219787399e-06,-9.2956290630546968e-06
1931,-0.003333333333333334,0.012500000000000001,-0.001,2.3468308895629817e-07,-5.361321870111327e-06,-1.0640968730485628e-05
1932,-0.0024999999999999988,0.012500000000000001,-0.001,1.9967214660195849e-07,-6.240250979072625e-06,-1.1507773685116389e-05
1933,-0.001666666666666667,0.012500000000000001,-0.001,-2.2784055201373708e-09,-7.1665113069909541e-06,-1.1808292150434188e-05
1934,-0.00083333333333333176,0.012500000000000001,-0.001,-4.2536727269097523e-07,-7.8164601833521257e-06,-1.1707258200320194e-05
1935,0,0.012500000000000001,-0.001,-9.7149070285978321e-07,-8.1368990574249516e-06,-1.1467304777553988e-05
1936,0.00083333333333333523,0.012500000000000001,-0.001,-1.5035798811813272e-06,-8.0059222983288149e-06,-1.1259255329093011e-05
1937,0.001666666666666667,0.012500000000000001,-0.001,-1.8755107461719175e-06,-7.5986704703853903e-06,-1.1106415411745316e-05
1938,0.0025000000000000022,0.012500000000000001,-0.001,-1.8885345626557613e-06,-6.774651607957946e-06,-1.0808015643131419e-05
1939,0.003333333333333334,0.012500000000000001,-0.001,-1.615377323587633e-06,-5.8705438480270913e-06,-1.0204591457687784e-05
1940,0.0041666666666666692,0.012500000000000001,-0.001,-1.3639484094699427e-06,-4.8792943833171068e-06,-9.3062773133515834e-06
1941,0.005000000000000001,0.012500000000000001,-0.001,-1.1474077440065903e-06,-3.9047829519292688e-06,-8.3352266274304676e-06
1942,0.0058333333333333362,0.012500000000000001,-0.001,-1.0263707684671843e-06,-3.0256394329839967e-06,-7.3932783493665579e-06
1943,0.006666666666666668,0.012500000000000001,-0.001,-9.6680439308184239e-07,-2.1958503509615934e-06,-6.5416969160794964e-06
1944,0.0074999999999999997,0.012500000000000001,-0.001,-9.0444934101944313e-07,-1.3689978682935649e-06,-5.8057839530477871e-06
1945,0.008333333333333335,0.012500000000000001,-0.001,-7.813946076955938e-07,-6.773016744962821e-07,-5.0977260973242438e-06
1946,0.0091666666666666667,0.012500000000000001,-0.001,-5.8444652654652595e-07,-1.3558677545565763e-07,-4.3654324912406929e-06
1947,0.010000000000000002,0.012500000000000001,-0.001,-3.4881309462274917e-07,2.3347611244080556e-07,-3.5886643375455317e-06
1948,0.010833333333333334,0.012500000000000001,-0.001,-1.8263649610291976e-07,3.1004224960949658e-07,-2.7454467673248773e-06
1949,0.011666666666666669,0.012500000000000001,-0.001,-7.8852664963167104e-08,2.1618233588206159e-07,-1.9149166304282925e-06
1950,0.012500000000000001,0.012500000000000001,-0.001,-7.8065067701202676e-09,8.6674231096253744e-08,-1.145822552808429e-06
1951,0.013333333333333332,0.012500000000000001,-0.001,2.3082624144291154e-08,-2.0734647123768825e-08,-5.1041607039858795e-07
1952,0.014166666666666671,0.012500000000000001,-0.001,2.7924129155779964e-08,-4.8302302552009388e-08,-7.1666621415672158e-08
1953,0.015000000000000003,0.012500000000000001,-0.001,0,0,0
1954,0.015833333333333335,0.012500000000000001,-0.001,0,0,0
1955,0.016666666666666666,0.012500000000000001,-0.001,0,0,0
1956,0.017500000000000005,0.012500000000000001,-0.001,0,0,0
1957,0.018333333333333337,0.012500000000000001,-0.001,0,0,0
1958,0.019166666666666669,0.012500000000000001,-0.001,0,0,0
1959,0.02,0.012500000000000001,-0.001,0,0,0
1960,-0.02,0.013333333333333332,-0.001,0,0,0
1961,-0.019166666666666669,0.013333333333333332,-0.001,0,0,0
1962,-0.018333333333333333,0.013333333333333332,-0.001,0,0,0
1963,-0.017500000000000002,0.013333333333333332,-0.001,0,0,0
1964,-0.016666666666666666,0.013333333333333332,-0.001,0,0,0
1965,-0.015833333333333335,0.013333333333333332,-0.001,0,0,0
1966,-0.014999999999999999,0.013333333333333332,-0.001,0,0,0
1967,-0.014166666666666668,0.013333333333333332,-0.001,6.7679575003200409e-08,-9.6982867727892161e-08,8.8224825551705922e-09
1968,-0.013333333333333332,0.013333333333333332,-0.001,1.4497257267913865e-07,-1.4301222751175911e-07,-1.1093708742141301e-07
1969,-0.012500000000000001,0.013333333333333332,-0.001,2.1282390222015584e-07,-1.5181366160464155e-07,-2.4731799169305791e-07
1970,-0.011666666666666667,0.013333333333333332,-0.001,2.7814809369826289e-07,-1.4848737147890848e-07,-4.0547384241582161e-07
1971,-0.010833333333333334,0.013333333333333332,-0.001,3.2821226427926211e-07,-1.3719240452724393e-07,-5.779151524098619e-07
1972,-0.01,0.013333333333333332,-0.001,3.5131316338354449e-07,-1.2228260144993598e-07,-8.1690165445633967e-07
1973,-0.0091666666666666667,0.013333333333333332,-0.001,3.4992685767918801e-07,-1.2766832914380899e-07,-1.1813028176969668e-06
1974,-0.0083333333333333332,0.013333333333333332,-0.001,3.3798711913616293e-07,-2.100665087985368e-07,-1.7494169453423352e-06
1975,-0.0074999999999999997,0.013333333333333332,-0.001,3.2996419487808824e-07,-3.634680377526796e-07,-2.5464950657353778e-06
1976,-0.0066666666666666662,0.013333333333333332,-0.001,3.1683619724363478e-07,-5.2158463732739377e-07,-3.5072244517050723e-06
1977,-0.0058333333333333327,0.013333333333333332,-0.001,2.8054444582958706e-07,-6.6848991902518303e-07,-4.6317435847244374e-06
1978,-0.0049999999999999992,0.013333333333333332,-0.001,2.4477816708640395e-07,-8.4059408537822063e-07,-5.9063461369843312e-06
1979,-0.0041666666666666657,0.013333333333333332,-0.001,2.4347573380623167e-07,-1.0348890533386912e-06,-7.2152948525187261e-06
1980,-0.003333333333333334,0.013333333333333332,-0.001,3.0634019279039994e-07,-1.2739519189396889e-06,-8.3918512290309473e-06
1981,-0.0024999999999999988,0.013333333333333332,-0.001,3.6562529450588164e-07,-1.5655340981535536e-06,-9.247326242988111e-06
1982,-0.001666666666666667,0.013333333333333332,-0.001,3.5441055513540241e-07,-1.9160986405509127e-06,-9.7017321385666126e-06
1983,-0.00083333333333333176,0.013333333333333332,-0.001,1.6650391741401608e-07,-2.3123494656883134e-06,-9.8341809368992094e-06
1984,0,0.013333333333333332,-0.001,-1.5695748717980078e-07,-2.6348053315854977e-06,-9.7734422584469709e-06
1985,0.00083333333333333523,0.013333333333333332,-0.001,-5.0074761121345733e-07,-2.7639525710717345e-06,-9.5918867176479739e-06
1986,0.001666666666666667,0.013333333333333332,-0.001,-7.1296042800155178e-07,-2.658212826721639e-06,-9.3172179753723498e-06
1987,0.0025000000000000022,0.013333333333333332,-0.001,-7.4163143831369551e-07,-2.3144481010188521e-06,-8.9010938412631683e-06
1988,0.003333333333333334,0.013333333333333332,-0.001,-6.680047359763658e-07,-1.887668658791173e-06,-8.2855538185006548e-06
1989,0.0041666666666666692,0.013333333333333332,-0.001,-5.9960370819883458e-07,-1.4652234315113135e-06,-7.4703154974056696e-06
1990,0.005000000000000001,0.013333333333333332,-0.001,-6.0765528051175677e-07,-1.1530172603418184e-06,-6.5277188297121758e-06
1991,0.0058333333333333362,0.013333333333333332,-0.001,-6.79761184988853e-07,-8.8472372189400891e-07,-5.5712676607458137e-06
1992,0.006666666666666668,0.013333333333333332,-0.001,-7.278643248365574e-07,-5.9019251521232896e-07,-4.6760295468906636e-06
1993,0.0074999999999999997,0.013333333333333332,-0.001,-6.9501162269238679e-07,-2.6427625962289317e-07,-3.8913602158711513e-06
1994,0.008333333333333335,0.013333333333333332,-0.001,-5.8076455443860591e-07,5.9734025392229163e-08,-3.2015869437762072e-06
1995,0.0091666666666666667,0.013333333333333332,-0.001,-4.2895364342074691e-07,3.0752318491247207e-07,-2.5587343700049938e-06
1996,0.010000000000000002,0.013333333333333332,-0.001,-2.8892047859869004e-07,4.1666191891114683e-07,-1.9480572009950157e-06
1997,0.010833333333333334,0.013333333333333332,-0.001,-2.0694987313234064e-07,3.3918490303555791e-07,-1.407927933768857e-06
1998,0.011666666666666669,0.013333333333333332,-0.001,-1.4404987726533098e-07,2.0312188010225236e-07,-9.243136118368043e-07
1999,0.012500000000000001,0.013333333333333332,-0.001,-1.0069245983426825e-07,6.5335616788647119e-08,-5.0517581522572495e-07
2000,0.013333333333333332,0.013333333333333332,-0.001,-6.918050310942853e-08,-3.0003380113546834e-08,-1.8957847590942691e-07
2001,0.014166666666666671,0.013333333333333332,-0.001,-3.6714477703247632e-08,-5.3345748765349701e-08,1.4392797272552506e-08
2002,0.015000000000000003,0.013333333333333332,-0.001,0,0,0
2003,0.015833333333333335,0.013333333333333332,-0.001,0,0,0
2004,0.016666666666666666,0.013333333333333332,-0.001,0,0,0
2005,0.017500000000000005,0.013333333333333332,-0.001,0,0,0
2006,0.018333333333333337,0.013333333333333332,-0.001,0,0,0
2007,0.019166666666666669,0.013333333333333332,-0.001,0,0,0
2008,0.02,0.013333333333333332,-0.001,0,0,0
2009,-0.02,0.014166666666666671,-0.001,0,0,0
2010,-0.019166666666666669,0.014166666666666671,-0.001,0,0,0
2011,-0.018333333333333333,0.014166666666666671,-0.001,0,0,0
2012,-0.017500000000000002,0.014166666666666671,-0.001,0,0,0
2013,-0.016666666666666666,0.014166666666666671,-0.001,0,0,0
2014,-0.015833333333333335,0.014166666666666671,-0.001,0,0,0
2015,-0.014999999999999999,0.014166666666666671,-0.001,0,0,0
2016,-0.014166666666666668,0.014166666666666671,-0.001,5.668567765555955e-08,-5.6102712893554138e-08,4.4767423631385048e-08
2017,-0.013333333333333332,0.014166666666666671,-0.001,9.7180810578850988e-08,-6.5263133147404749e-08,9.2751870640897805e-09
2018,-0.012500000000000001,0.014166666666666671,-0.001,1.2947241155060868e-07,-5.3605470953006861e-08,-3.0043482457319859e-08
2019,-0.011666666666666667,0.014166666666666671,-0.001,1.6129708972130086e-07,-3.1371535038255328e-08,-8.3988513890249805e-08
2020,-0.010833333333333334,0.014166666666666671,-0.001,1.9374470212730375e-07,-8.131142892073164e-09,-1.3922355583236411e-07
2021,-0.01,0.014166666666666671,-0.001,2.128414316133563e-07,4.3986485989179085e-08,-1.8561403050080935e-07
2022,-0.0091666666666666667,0.014166666666666671,-0.001,2.0478579651566386e-07,1.3813705427712972e-07,-2.2511122131060009e-07
2023,-0.0083333333333333332,0.014166666666666671,-0.001,1.8344347152405897e-07,3.3888394930005629e-07,-3.4393436506716547e-07
2024,-0.0074999999999999997,0.014166666666666671,-0.001,1.403591640388988e-07,5.9590710135548428e-07,-5.0456386449632277e-07
2025,-0.0066666666666666662,0.014166666666666671,-0.001,8.7428583989922275e-08,9.3805074320488457e-07,-7.6042918422275785e-07
2026,-0.0058333333333333327,0.014166666666666671,-0.001,3.0848357231631096e-08,1.4180035993134147e-06,-1.1244439048149548e-06
2027,-0.0049999999999999992,0.014166666666666671,-0.001,-2.684739285243462e-08,1.9767632005330067e-06,-1.5492289692066189e-06
2028,-0.0041666666666666657,0.014166666666666671,-0.001,-5.9570631277431649e-08,2.5578081901719894e-06,-1.999954211694902e-06
2029,-0.003333333333333334,0.014166666666666671,-0.001,-4.5370476972613948e-08,3.0951222411692862e-06,-2.4103193822257769e-06
2030,-0.0024999999999999988,0.014166666666666671,-0.001,1.3350582214832525e-08,3.5116049145916595e-06,-2.7169689881692022e-06
2031,-0.001666666666666667,0.014166666666666671,-0.001,4.0850683743271657e-08,3.7177186858973436e-06,-2.877419007874787e-06
2032,-0.00083333333333333176,0.014166666666666671,-0.001,-3.0822853268709459e-09,3.7005718882573615e-06,-2.8809949195038858e-06
2033,0,0.014166666666666671,-0.001,-1.0819284139659799e-07,3.5965523569834116e-06,-2.8475931120465657e-06
2034,0.00083333333333333523,0.014166666666666671,-0.001,-1.7522817547003853e-07,3.5376327865487752e-06,-2.8255615016677649e-06
2035,0.001666666666666667,0.014166666666666671,-0.001,-1.9470399942075297e-07,3.4721583265495137e-06,-2.8050080327870102e-06
2036,0.0025000000000000022,0.014166666666666671,-0.001,-1.6934105868347732e-07,3.3376553544313256e-06,-2.7279840067425279e-06
2037,0.003333333333333334,0.014166666666666671,-0.001,-1.3877041964039606e-07,3.0566772851235135e-06,-2.5399398363230479e-06
2038,0.0041666666666666692,0.014166666666666671,-0.001,-1.3675039921798713e-07,2.6389629516171012e-06,-2.2230772571661594e-06
2039,0.005000000000000001,0.014166666666666671,-0.001,-1.8259181954561736e-07,2.1485096460740285e-06,-1.8236973865250762e-06
2040,0.0058333333333333362,0.014166666666666671,-0.001,-2.5804773994207276e-07,1.688048249065651e-06,-1.4276811330606475e-06
2041,0.006666666666666668,0.014166666666666671,-0.001,-3.1179176002574492e-07,1.3146415362286902e-06,-1.1238998265949881e-06
2042,0.0074999999999999997,0.014166666666666671,-0.001,-3.055140633579592e-07,1.0230892266118641e-06,-9.2575833075167856e-07
2043,0.008333333333333335,0.014166666666666671,-0.001,-2.7257058552155939e-07,7.7484136571219165e-07,-7.9354347639698609e-07
2044,0.0091666666666666667,0.014166666666666671,-0.001,-2.0817836276948638e-07,5.8762197982875069e-07,-6.3946835479865514e-07
2045,0.010000000000000002,0.014166666666666671,-0.001,-1.6523341114640892e-07,4.2594894973021432e-07,-4.9464349088387199e-07
2046,0.010833333333333334,0.014166666666666671,-0.001,-1.3839060727078583e-07,2.6013913131909613e-07,-3.4894579076871203e-07
2047,0.011666666666666669,0.014166666666666671,-0.001,-1.1718178642532969e-07,1.3502546571310134e-07,-1.9719471078552379e-07
2048,0.012500000000000001,0.014166666666666671,-0.001,-9.3822942812535499e-08,3.970566714106465e-08,-7.0933553880446053e-08
2049,0.013333333333333332,0.014166666666666671,-0.001,-7.5790643314483397e-08,-2.4401703375834458e-08,1.3258470810367301e-08
2050,0.014166666666666671,0.014166666666666671,-0.001,-5.1267710946125022e-08,-4.4374420090998039e-08,6.0972897306757452e-08
2051,0.015000000000000003,0.014166666666666671,-0.001,0,0,0
2052,0.015833333333333335,0.014166666666666671,-0.001,0,0,0
2053,0.016666666666666666,0.014166666666666671,-0.001,0,0,0
2054,0.017500000000000005,0.014166666666666671,-0.001,0,0,0
2055,0.018333333333333337,0.014166666666666671,-0.001,0,0,0
2056,0.019166666666666669,0.014166666666666671,-0.001,0,0,0
2057,0.02,0.014166666666666671,-0.001,0,0,0
2058,-0.02,0.015000000000000003,-0.001,0,0,0
2059,-0.019166666666666669,0.015000000000000003,-0.001,0,0,0
2060,-0.018333333333333333,0.015000000000000003,-0.001,0,0,0
2061,-0.017500000000000002,0.015000000000000003,-0.001,0,0,0
2062,-0.016666666666666666,0.015000000000000003,-0.001,0,0,0
2063,-0.015833333333333335,0.015000000000000003,-0.001,0,0,0
2064,-0.014999999999999999,0.015000000000000003,-0.001,0,0,0
2065,-0.014166666666666668,0.015000000000000003,-0.001,0,0,0
2066,-0.013333333333333332,0.015000000000000003,-0.001,0,0,0
2067,-0.012500000000000001,0.015000000000000003,-0.001,0,0,0
2068,-0.011666666666666667,0.015000000000000003,-0.001,0,0,0
2069,-0.010833333333333334,0.015000000000000003,-0.001,0,0,0
2070,-0.01,0.015000000000000003,-0.001,0,0,0
2071,-0.0091666666666666667,0.015000000000000003,-0.001,0,0,0
2072,-0.0083333333333333332,0.015000000000000003,-0.001,0,0,0
2073,-0.0074999999999999997,0.015000000000000003,-0.001,0,0,0
2074,-0.0066666666666666662,0.015000000000000003,-0.001,0,0,0
2075,-0.0058333333333333327,0.015000000000000003,-0.001,0,0,0
2076,-0.0049999999999999992,0.015000000000000003,-0.001,0,0,0
2077,-0.0041666666666666657,0.015000000000000003,-0.001,0,0,0
2078,-0.003333333333333334,0.015000000000000003,-0.001,0,0,0
2079,-0.0024999999999999988,0.015000000000000003,-0.001,0,0,0
2080,-0.001666666666666667,0.015000000000000003,-0.001,0,0,0
2081,-0.00083333333333333176,0.015000000000000003,-0.001,0,0,0
2082,0,0.015000000000000003,-0.001,0,0,0
2083,0.00083333333333333523,0.015000000000000003,-0.001,0,0,0
2084,0.001666666666666667,0.015000000000000003,-0.001,0,0,0
2085,0.0025000000000000022,0.015000000000000003,-0.001,0,0,0
2086,0.003333333333333334,0.015000000000000003,-0.001,0,0,0
2087,0.0041666666666666692,0.015000000000000003,-0.001,0,0,0
2088,0.005000000000000001,0.015000000000000003,-0.001,0,0,0
2089,0.0058333333333333362,0.015000000000000003,-0.001,0,0,0
2090,0.006666666666666668,0.015000000000000003,-0.001,0,0,0
2091,0.0074999999999999997,0.015000000000000003,-0.001,0,0,0
2092,0.008333333333333335,0.015000000000000003,-0.001,0,0,0
2093,0.0091666666666666667,0.015000000000000003,-0.001,0,0,0
2094,0.010000000000000002,0.015000000000000003,-0.001,0,0,0
2095,0.010833333333333334,0.015000000000000003,-0.001,0,0,0
2096,0.011666666666666669,0.015000000000000003,-0.001,0,0,0
2097,0.012500000000000001,0.015000000000000003,-0.001,0,0,0
2098,0.013333333333333332,0.015000000000000003,-0.001,0,0,0
2099,0.014166666666666671,0.015000000000000003,-0.001,0,0,0
2100,0.015000000000000003,0.015000000000000003,-0.001,0,0,0
2101,0.015833333333333335,0.015000000000000003,-0.001,0,0,0
2102,0.016666666666666666,0.015000000000000003,-0.001,0,0,0
2103,0.017500000000000005,0.015000000000000003,-0.001,0,0,0
2104,0.018333333333333337,0.015000000000000003,-0.001,0,0,0
2105,0.019166666666666669,0.015000000000000003,-0.001,0,0,0
2106,0.02,0.015000000000000003,-0.001,0,0,0
2107,-0.02,0.015833333333333335,-0.001,0,0,0
2108,-0.019166666666666669,0.015833333333333335,-0.001,0,0,0
2109,-0.018333333333333333,0.015833333333333335,-0.001,0,0,0
2110,-0.017500000000000002,0.015833333333333335,-0.001,0,0,0
2111,-0.016666666666666666,0.015833333333333335,-0.001,0,0,0
2112,-0.015833333333333335,0.015833333333333335,-0.001,0,0,0
2113,-0.014999999999999999,0.015833333333333335,-0.001,0,0,0
2114,-0.014166666666666668,0.015833333333333335,-0.001,0,0,0
2115,-0.013333333333333332,0.015833333333333335,-0.001,0,0,0
2116,-0.012500000000000001,0.015833333333333335,-0.001,0,0,0
2117,-0.011666666666666667,0.015833333333333335,-0.001,0,0,0
2118,-0.010833333333333334,0.015833333333333335,-0.001,0,0,0
2119,-0.01,0.015833333333333335,-0.001,0,0,0
2120,-0.0091666666666666667,0.015833333333333335,-0.001,0,0,0
2121,-0.0083333333333333332,0.015833333333333335,-0.001,0,0,0
2122,-0.0074999999999999997,0.015833333333333335,-0.001,0,0,0
2123,-0.0066666666666666662,0.015833333333333335,-0.001,0,0,0
2124,-0.0058333333333333327,0.015833333333333335,-0.001,0,0,0
2125,-0.0049999999999999992,0.015833333333333335,-0.001,0,0,0
2126,-0.0041666666666666657,0.015833333333333335,-0.001,0,0,0
2127,-0.003333333333333334,0.015833333333333335,-0.001,0,0,0
2128,-0.0024999999999999988,0.015833333333333335,-0.001,0,0,0
2129,-0.001666666666666667,0.015833333333333335,-0.001,0,0,0
2130,-0.00083333333333333176,0.015833333333333335,-0.001,0,0,0
2131,0,0.015833333333333335,-0.001,0,0,0
2132,0.00083333333333333523,0.015833333333333335,-0.001,0,0,0
2133,0.001666666666666667,0.015833333333333335,-0.001,0,0,0
2134,0.0025000000000000022,0.015833333333333335,-0.001,0,0,0
2135,0.003333333333333334,0.015833333333333335,-0.001,0,0,0
2136,0.0041666666666666692,0.015833333333333335,-0.001,0,0,0
2137,0.005000000000000001,0.015833333333333335,-0.001,0,0,0
2138,0.0058333333333333362,0.015833333333333335,-0.001,0,0,0
2139,0.006666666666666668,0.015833333333333335,-0.001,0,0,0
2140,0.0074999999999999997,0.015833333333333335,-0.001,0,0,0
2141,0.008333333333333335,0.015833333333333335,-0.001,0,0,0
2142,0.0091666666666666667,0.015833333333333335,-0.001,0,0,0
2143,0.010000000000000002,0.015833333333333335,-0.001,0,0,0
2144,0.010833333333333334,0.015833333333333335,-0.001,0,0,0
2145,0.011666666666666669,0.015833333333333335,-0.001,0,0,0
2146,0.012500000000000001,0.015833333333333335,-0.001,0,0,0
2147,0.013333333333333332,0.015833333333333335,-0.001,0,0,0
2148,0.014166666666666671,0.015833333333333335,-0.001,0,0,0
2149,0.015000000000000003,0.015833333333333335,-0.001,0,0,0
2150,0.015833333333333335,0.015833333333333335,-0.001,0,0,0
2151,0.016666666666666666,0.015833333333333335,-0.001,0,0,0
2152,0.017500000000000005,0.015833333333333335,-0.001,0,0,0
2153,0.018333333333333337,0.015833333333333335,-0.001,0,0,0
2154,0.019166666666666669,0.015833333333333335,-0.001,0,0,0
2155,0.02,0.015833333333333335,-0.001,0,0,0
2156,-0.02,0.016666666666666666,-0.001,0,0,0
2157,-0.019166666666666669,0.016666666666666666,-0.001,0,0,0
2158,-0.018333333333333333,0.016666666666666666,-0.001,0,0,0
2159,-0.017500000000000002,0.016666666666666666,-0.001,0,0,0
2160,-0.016666666666666666,0.016666666666666666,-0.001,0,0,0
2161,-0.015833333333333335,0.016666666666666666,-0.001,0,0,0
2162,-0.014999999999999999,0.016666666666666666,-0.001,0,0,0
2163,-0.014166666666666668,0.016666666666666666,-0.001,0,0,0
2164,-0.013333333333333332,0.016666666666666666,-0.001,0,0,0
2165,-0.012500000000000001,0.016666666666666666,-0.001,0,0,0
2166,-0.011666666666666667,0.016666666666666666,-0.001,0,0,0
2167,-0.010833333333333334,0.016666666666666666,-0.001,0,0,0
2168,-0.01,0.016666666666666666,-0.001,0,0,0
2169,-0.0091666666666666667,0.016666666666666666,-0.001,0,0,0
2170,-0.0083333333333333332,0.016666666666666666,-0.001,0,0,0
2171,-0.0074999999999999997,0.016666666666666666,-0.001,0,0,0
2172,-0.0066666666666666662,0.016666666666666666,-0.001,0,0,0
2173,-0.0058333333333333327,0.016666666666666666,-0.001,0,0,0
2174,-0.0049999999999999992,0.016666666666666666,-0.001,0,0,0
2175,-0.0041666666666666657,0.016666666666666666,-0.001,0,0,0
2176,-0.003333333333333334,0.016666666666666666,-0.001,0,0,0
2177,-0.0024999999999999988,0.016666666666666666,-0.001,0,0,0
2178,-0.001666666666666667,0.016666666666666666,-0.001,0,0,0
2179,-0.00083333333333333176,0.016666666666666666,-0.001,0,0,0
2180,0,0.016666666666666666,-0.001,0,0,0
2181,0.00083333333333333523,0.016666666666666666,-0.001,0,0,0
2182,0.001666666666666667,0.016666666666666666,-0.001,0,0,0
2183,0.0025000000000000022,0.016666666666666666,-0.001,0,0,0
2184,0.003333333333333334,0.016666666666666666,-0.001,0,0,0
2185,0.0041666666666666692,0.016666666666666666,-0.001,0,0,0
2186,0.005000000000000001,0.016666666666666666,-0.001,0,0,0
2187,0.0058333333333333362,0.016666666666666666,-0.001,0,0,0
2188,0.006666666666666668,0.016666666666666666,-0.001,0,0,0
2189,0.0074999999999999997,0.016666666666666666,-0.001,0,0,0
2190,0.008333333333333335,0.016666666666666666,-0.001,0,0,0
2191,0.0091666666666666667,0.016666666666666666,-0.001,0,0,0
2192,0.010000000000000002,0.016666666666666666,-0.001,0,0,0
2193,0.010833333333333334,0.016666666666666666,-0.001,0,0,0
2194,0.011666666666666669,0.016666666666666666,-0.001,0,0,0
2195,0.012500000000000001,0.016666666666666666,-0.001,0,0,0
2196,0.013333333333333332,0.016666666666666666,-0.001,0,0,0
2197,0.014166666666666671,0.016666666666666666,-0.001,0,0,0
2198,0.015000000000000003,0.016666666666666666,-0.001,0,0,0
2199,0.015833333333333335,0.016666666666666666,-0.001,0,0,0
2200,0.016666666666666666,0.016666666666666666,-0.001,0,0,0
2201,0.017500000000000005,0.016666666666666666,-0.001,0,0,0
2202,0.018333333333333337,0.016666666666666666,-0.001,0,0,0
2203,0.019166666666666669,0.016666666666666666,-0.001,0,0,0
2204,0.02,0.016666666666666666,-0.001,0,0,0
2205,-0.02,0.017500000000000005,-0.001,0,0,0
2206,-0.019166666666666669,0.017500000000000005,-0.001,0,0,0
2207,-0.018333333333333333,0.017500000000000005,-0.001,0,0,0
2208,-0.017500000000000002,0.017500000000000005,-0.001,0,0,0
2209,-0.016666666666666666,0.017500000000000005,-0.001,0,0,0
2210,-0.015833333333333335,0.017500000000000005,-0.001,0,0,0
2211,-0.014999999999999999,0.017500000000000005,-0.001,0,0,0
2212,-0.014166666666666668,0.017500000000000005,-0.001,0,0,0
2213,-0.013333333333333332,0.017500000000000005,-0.001,0,0,0
2214,-0.012500000000000001,0.017500000000000005,-0.001,0,0,0
2215,-0.011666666666666667,0.017500000000000005,-0.001,0,0,0
2216,-0.010833333333333334,0.017500000000000005,-0.001,0,0,0
2217,-0.01,0.017500000000000005,-0.001,0,0,0
2218,-0.0091666666666666667,0.017500000000000005,-0.001,0,0,0
2219,-0.0083333333333333332,0.017500000000000005,-0.001,0,0,0
2220,-0.0074999999999999997,0.017500000000000005,-0.001,0,0,0
2221,-0.0066666666666666662,0.017500000000000005,-0.001,0,0,0
2222,-0.0058333333333333327,0.017500000000000005,-0.001,0,0,0
2223,-0.0049999999999999992,0.017500000000000005,-0.001,0,0,0
2224,-0.0041666666666666657,0.017500000000000005,-0.001,0,0,0
2225,-0.003333333333333334,0.017500000000000005,-0.001,0,0,0
2226,-0.0024999999999999988,0.017500000000000005,-0.001,0,0,0
2227,-0.001666666666666667,0.017500000000000005,-0.001,0,0,0
2228,-0.00083333333333333176,0.017500000000000005,-0.001,0,0,0
2229,0,0.017500000000000005,-0.001,0,0,0
2230,0.00083333333333333523,0.017500000000000005,-0.001,0,0,0
2231,0.001666666666666667,0.017500000000000005,-0.001,0,0,0
2232,0.0025000000000000022,0.017500000000000005,-0.001,0,0,0
2233,0.003333333333333334,0.017500000000000005,-0.001,0,0,0
2234,0.0041666666666666692,0.017500000000000005,-0.001,0,0,0
2235,0.005000000000000001,0.017500000000000005,-0.001,0,0,0
2236,0.0058333333333333362,0.017500000000000005,-0.001,0,0,0
2237,0.006666666666666668,0.017500000000000005,-0.001,0,0,0
2238,0.0074999999999999997,0.017500000000000005,-0.001,0,0,0
2239,0.008333333333333335,0.017500000000000005,-0.001,0,0,0
2240,0.0091666666666666667,0.017500000000000005,-0.001,0,0,0
2241,0.010000000000000002,0.017500000000000005,-0.001,0,0,0
2242,0.010833333333333334,0.017500000000000005,-0.001,0,0,0
2243,0.011666666666666669,0.017500000000000005,-0.001,0,0,0
2244,0.012500000000000001,0.017500000000000005,-0.001,0,0,0
2245,0.013333333333333332,0.017500000000000005,-0.001,0,0,0
2246,0.014166666666666671,0.017500000000000005,-0.001,0,0,0
2247,0.015000000000000003,0.017500000000000005,-0.001,0,0,0
2248,0.015833333333333335,0.017500000000000005,-0.001,0,0,0
2249,0.016666666666666666,0.017500000000000005,-0.001,0,0,0
2250,0.017500000000000005,0.017500000000000005,-0.001,0,0,0
2251,0.018333333333333337,0.017500000000000005,-0.001,0,0,0
2252,0.019166666666666669,0.017500000000000005,-0.001,0,0,0
2253,0.02,0.017500000000000005,-0.001,0,0,0
2254,-0.02,0.018333333333333337,-0.001,0,0,0
2255,-0.019166666666666669,0.018333333333333337,-0.001,0,0,0
2256,-0.018333333333333333,0.018333333333333337,-0.001,0,0,0
2257,-0.017500000000000002,0.018333333333333337,-0.001,0,0,0
2258,-0.016666666666666666,0.018333333333333337,-0.001,0,0,0
2259,-0.015833333333333335,0.018333333333333337,-0.001,0,0,0
2260,-0.014999999999999999,0.018333333333333337,-0.001,0,0,0
2261,-0.014166666666666668,0.018333333333333337,-0.001,0,0,0
2262,-0.013333333333333332,0.018333333333333337,-0.001,0,0,0
2263,-0.012500000000000001,0.018333333333333337,-0.001,0,0,0
2264,-0.011666666666666667,0.018333333333333337,-0.001,0,0,0
2265,-0.010833333333333334,0.018333333333333337,-0.001,0,0,0
2266,-0.01,0.018333333333333337,-0.001,0,0,0
2267,-0.0091666666666666667,0.018333333333333337,-0.001,0,0,0
2268,-0.0083333333333333332,0.018333333333333337,-0.001,0,0,0
2269,-0.0074999999999999997,0.018333333333333337,-0.001,0,0,0
2270,-0.0066666666666666662,0.018333333333333337,-0.001,0,0,0
2271,-0.0058333333333333327,0.018333333333333337,-0.001,0,0,0
2272,-0.0049999999999999992,0.018333333333333337,-0.001,0,0,0
2273,-0.0041666666666666657,0.018333333333333337,-0.001,0,0,0
2274,-0.003333333333333334,0.018333333333333337,-0.001,0,0,0
2275,-0.0024999999999999988,0.018333333333333337,-0.001,0,0,0
2276,-0.001666666666666667,0.018333333333333337,-0.001,0,0,0
2277,-0.00083333333333333176,0.018333333333333337,-0.001,0,0,0
2278,0,0.018333333333333337,-0.001,0,0,0
2279,0.00083333333333333523,0.018333333333333337,-0.001,0,0,0
2280,0.001666666666666667,0.018333333333333337,-0.001,0,0,0
2281,0.0025000000000000022,0.018333333333333337,-0.001,0,0,0
2282,0.003333333333333334,0.018333333333333337,-0.001,0,0,0
2283,0.0041666666666666692,0.018333333333333337,-0.001,0,0,0
2284,0.005000000000000001,0.018333333333333337,-0.001,0,0,0
2285,0.0058333333333333362,0.018333333333333337,-0.001,0,0,0
2286,0.006666666666666668,0.018333333333333337,-0.001,0,0,0
2287,0.0074999999999999997,0.018333333333333337,-0.001,0,0,0
2288,0.008333333333333335,0.018333333333333337,-0.001,0,0,0
2289,0.0091666666666666667,0.018333333333333337,-0.001,0,0,0
2290,0.010000000000000002,0.018333333333333337,-0.001,0,0,0
2291,0.010833333333333334,0.018333333333333337,-0.001,0,0,0
2292,0.011666666666666669,0.018333333333333337,-0.001,0,0,0
2293,0.012500000000000001,0.018333333333333337,-0.001,0,0,0
2294,0.013333333333333332,0.018333333333333337,-0.001,0,0,0
2295,0.014166666666666671,0.018333333333333337,-0.001,0,0,0
2296,0.015000000000000003,0.018333333333333337,-0.001,0,0,0
2297,0.015833333333333335,0.018333333333333337,-0.001,0,0,0
2298,0.016666666666666666,0.018333333333333337,-0.001,0,0,0
2299,0.017500000000000005,0.018333333333333337,-0.001,0,0,0
2300,0.018333333333333337,0.018333333333333337,-0.001,0,0,0
2301,0.019166666666666669,0.018333333333333337,-0.001,0,0,0
2302,0.02,0.018333333333333337,-0.001,0,0,0
2303,-0.02,0.019166666666666669,-0.001,0,0,0
2304,-0.019166666666666669,0.019166666666666669,-0.001,0,0,0
2305,-0.018333333333333333,0.019166666666666669,-0.001,0,0,0
2306,-0.017500000000000002,0.019166666666666669,-0.001,0,0,0
2307,-0.016666666666666666,0.019166666666666669,-0.001,0,0,0
2308,-0.015833333333333335,0.019166666666666669,-0.001,0,0,0
2309,-0.014999999999999999,0.019166666666666669,-0.001,0,0,0
2310,-0.014166666666666668,0.019166666666666669,-0.001,0,0,0
2311,-0.013333333333333332,0.019166666666666669,-0.001,0,0,0
2312,-0.012500000000000001,0.019166666666666669,-0.001,0,0,0
2313,-0.011666666666666667,0.019166666666666669,-0.001,0,0,0
2314,-0.010833333333333334,0.019166666666666669,-0.001,0,0,0
2315,-0.01,0.019166666666666669,-0.001,0,0,0
2316,-0.0091666666666666667,0.019166666666666669,-0.001,0,0,0
2317,-0.0083333333333333332,0.019166666666666669,-0.001,0,0,0
2318,-0.0074999999999999997,0.019166666666666669,-0.001,0,0,0
2319,-0.0066666666666666662,0.019166666666666669,-0.001,0,0,0
2320,-0.0058333333333333327,0.019166666666666669,-0.001,0,0,0
2321,-0.0049999999999999992,0.019166666666666669,-0.001,0,0,0
2322,-0.0041666666666666657,0.019166666666666669,-0.001,0,0,0
2323,-0.003333333333333334,0.019166666666666669,-0.001,0,0,0
2324,-0.0024999999999999988,0.019166666666666669,-0.001,0,0,0
2325,-0.001666666666666667,0.019166666666666669,-0.001,0,0,0
2326,-0.00083333333333333176,0.019166666666666669,-0.001,0,0,0
2327,0,0.019166666666666669,-0.001,0,0,0
2328,0.00083333333333333523,0.019166666666666669,-0.001,0,0,0
2329,0.001666666666666667,0.019166666666666669,-0.001,0,0,0
2330,0.0025000000000000022,0.019166666666666669,-0.001,0,0,0
2331,0.003333333333333334,0.019166666666666669,-0.001,0,0,0
2332,0.0041666666666666692,0.019166666666666669,-0.001,0,0,0
2333,0.005000000000000001,0.019166666666666669,-0.001,0,0,0
2334,0.0058333333333333362,0.019166666666666669,-0.001,0,0,0
2335,0.006666666666666668,0.019166666666666669,-0.001,0,0,0
2336,0.0074999999999999997,0.019166666666666669,-0.001,0,0,0
2337,0.008333333333333335,0.019166666666666669,-0.001,0,0,0
2338,0.0091666666666666667,0.019166666666666669,-0.001,0,0,0
2339,0.010000000000000002,0.019166666666666669,-0.001,0,0,0
2340,0.010833333333333334,0.019166666666666669,-0.001,0,0,0
2341,0.011666666666666669,0.019166666666666669,-0.001,0,0,0
2342,0.012500000000000001,0.019166666666666669,-0.001,0,0,0
2343,0.013333333333333332,0.019166666666666669,-0.001,0,0,0
2344,0.014166666666666671,0.019166666666666669,-0.001,0,0,0
2345,0.015000000000000003,0.019166666666666669,-0.001,0,0,0
2346,0.015833333333333335,0.019166666666666669,-0.001,0,0,0
2347,0.016666666666666666,0.019166666666666669,-0.001,0,0,0
2348,0.017500000000000005,0.019166666666666669,-0.001,0,0,0
2349,0.018333333333333337,0.019166666666666669,-0.001,0,0,0
2350,0.019166666666666669,0.019166666666666669,-0.001,0,0,0
2351,0.02,0.019166666666666669,-0.001,0,0,0
2352,-0.02,0.02,-0.001,0,0,0
2353,-0.019166666666666669,0.02,-0.001,0,0,0
2354,-0.018333333333333333,0.02,-0.001,0,0,0
2355,-0.017500000000000002,0.02,-0.001,0,0,0
2356,-0.016666666666666666,0.02,-0.001,0,0,0
2357,-0.015833333333333335,0.02,-0.001,0,0,0
2358,-0.014999999999999999,0.02,-0.001,0,0,0
2359,-0.014166666666666668,0.02,-0.001,0,0,0
2360,-0.013333333333333332,0.02,-0.001,0,0,0
2361,-0.012500000000000001,0.02,-0.001,0,0,0
2362,-0.011666666666666667,0.02,-0.001,0,0,0
2363,-0.010833333333333334,0.02,-0.001,0,0,0
2364,-0.01,0.02,-0.001,0,0,0
2365,-0.0091666666666666667,0.02,-0.001,0,0,0
2366,-0.0083333333333333332,0.02,-0.001,0,0,0
2367,-0.0074999999999999997,0.02,-0.001,0,0,0
2368,-0.0066666666666666662,0.02,-0.001,0,0,0
2369,-0.0058333333333333327,0.02,-0.001,0,0,0
2370,-0.0049999999999999992,0.02,-0.001,0,0,0
2371,-0.0041666666666666657,0.02,-0.001,0,0,0
2372,-0.003333333333333334,0.02,-0.001,0,0,0
2373,-0.0024999999999999988,0.02,-0.001,0,0,0
2374,-0.001666666666666667,0.02,-0.001,0,0,0
2375,-0.00083333333333333176,0.02,-0.001,0,0,0
2376,0,0.02,-0.001,0,0,0
2377,0.00083333333333333523,0.02,-0.001,0,0,0
2378,0.001666666666666667,0.02,-0.001,0,0,0
2379,0.0025000000000000022,0.02,-0.001,0,0,0
2380,0.003333333333333334,0.02,-0.001,0,0,0
2381,0.0041666666666666692,0.02,-0.001,0,0,0
2382,0.005000000000000001,0.02,-0.001,0,0,0
2383,0.0058333333333333362,0.02,-0.001,0,0,0
2384,0.006666666666666668,0.02,-0.001,0,0,0
2385,0.0074999999999999997,0.02,-0.001,0,0,0
2386,0.008333333333333335,0.02,-0.001,0,0,0
2387,0.0091666666666666667,0.02,-0.001,0,0,0
2388,0.010000000000000002,0.02,-0.001,0,0,0
2389,0.010833333333333334,0.02,-0.001,0,0,0
2390,0.011666666666666669,0.02,-0.001,0,0,0
2391,0.012500000000000001,0.02,-0.001,0,0,0
2392,0.013333333333333332,0.02,-0.001,0,0,0
2393,0.014166666666666671,0.02,-0.001,0,0,0
2394,0.015000000000000003,0.02,-0.001,0,0,0
2395,0.015833333333333335,0.02,-0.001,0,0,0
2396,0.016666666666666666,0.02,-0.001,0,0,0
2397,0.017500000000000005,0.02,-0.001,0,0,0
2398,0.018333333333333337,0.02,-0.001,0,0,0
2399,0.019166666666666669,0.02,-0.001,0,0,0
2400,0.02,0.02,-0.001,0,0,0
2401,-0.02,-0.02,0,0,0,0
2402,-0.019166666666666669,-0.02,0,0,0,0
2403,-0.018333333333333333,-0.02,0,0,0,0
2404,-0.017500000000000002,-0.02,0,0,0,0
2405,-0.016666666666666666,-0.02,0,0,0,0
2406,-0.015833333333333335,-0.02,0,0,0,0
2407,-0.014999999999999999,-0.02,0,0,0,0
2408,-0.014166666666666668,-0.02,0,0,0,0
2409,-0.013333333333333332,-0.02,0,0,0,0
2410,-0.012500000000000001,-0.02,0,0,0,0
2411,-0.011666666666666667,-0.02,0,0,0,0
2412,-0.010833333333333334,-0.02,0,0,0,0
2413,-0.01,-0.02,0,0,0,0
2414,-0.0091666666666666667,-0.02,0,0,0,0
2415,-0.0083333333333333332,-0.02,0,0,0,0
2416,-0.0074999999999999997,-0.02,0,0,0,0
2417,-0.0066666666666666662,-0.02,0,0,0,0
2418,-0.0058333333333333327,-0.02,0,0,0,0
2419,-0.0049999999999999992,-0.02,0,0,0,0
2420,-0.0041666666666666657,-0.02,0,0,0,0
2421,-0.003333333333333334,-0.02,0,0,0,0
2422,-0.0024999999999999988,-0.02,0,0,0,0
2423,-0.001666666666666667,-0.02,0,0,0,0
2424,-0.00083333333333333176,-0.02,0,0,0,0
2425,0,-0.02,0,0,0,0
2426,0.00083333333333333523,-0.02,0,0,0,0
2427,0.001666666666666667,-0.02,0,0,0,0
2428,0.0025000000000000022,-0.02,0,0,0,0
2429,0.003333333333333334,-0.02,0,0,0,0
2430,0.0041666666666666692,-0.02,0,0,0,0
2431,0.005000000000000001,-0.02,0,0,0,0
2432,0.0058333333333333362,-0.02,0,0,0,0
2433,0.006666666666666668,-0.02,0,0,0,0
2434,0.0074999999999999997,-0.02,0,0,0,0
2435,0.008333333333333335,-0.02,0,0,0,0
2436,0.0091666666666666667,-0.02,0,0,0,0
2437,0.010000000000000002,-0.02,0,0,0,0
2438,0.010833333333333334,-0.02,0,0,0,0
2439,0.011666666666666669,-0.02,0,0,0,0
2440,0.012500000000000001,-0.02,0,0,0,0
2441,0.013333333333333332,-0.02,0,0,0,0
2442,0.014166666666666671,-0.02,0,0,0,0
2443,0.015000000000000003,-0.02,0,0,0,0
2444,0.015833333333333335,-0.02,0,0,0,0
2445,0.016666666666666666,-0.02,0,0,0,0
2446,0.017500000000000005,-0.02,0,0,0,0
2447,0.018333333333333337,-0.02,0,0,0,0
2448,0.019166666666666669,-0.02,0,0,0,0
2449,0.02,-0.02,0,0,0,0
2450,-0.02,-0.019166666666666669,0,0,0,0
2451,-0.019166666666666669,-0.019166666666666669,0,0,0,0
2452,-0.018333333333333333,-0.019166666666666669,0,0,0,0
2453,-0.017500000000000002,-0.019166666666666669,0,0,0,0
2454,-0.016666666666666666,-0.019166666666666669,0,0,0,0
2455,-0.015833333333333335,-0.019166666666666669,0,0,0,0
2456,-0.014999999999999999,-0.019166666666666669,0,0,0,0
2457,-0.014166666666666668,-0.019166666666666669,0,0,0,0
2458,-0.013333333333333332,-0.019166666666666669,0,0,0,0
2459,-0.012500000000000001,-0.019166666666666669,0,0,0,0
2460,-0.011666666666666667,-0.019166666666666669,0,0,0,0
2461,-0.010833333333333334,-0.019166666666666669,0,0,0,0
2462,-0.01,-0.019166666666666669,0,0,0,0
2463,-0.0091666666666666667,-0.019166666666666669,0,0,0,0
2464,-0.0083333333333333332,-0.019166666666666669,0,0,0,0
2465,-0.0074999999999999997,-0.019166666666666669,0,0,0,0
2466,-0.0066666666666666662,-0.019166666666666669,0,0,0,0
2467,-0.0058333333333333327,-0.019166666666666669,0,0,0,0
2468,-0.0049999999999999992,-0.019166666666666669,0,0,0,0
2469,-0.0041666666666666657,-0.019166666666666669,0,0,0,0
2470,-0.003333333333333334,-0.019166666666666669,0,0,0,0
2471,-0.0024999999999999988,-0.019166666666666669,0,0,0,0
2472,-0.001666666666666667,-0.019166666666666669,0,0,0,0
2473,-0.00083333333333333176,-0.019166666666666669,0,0,0,0
2474,0,-0.019166666666666669,0,0,0,0
2475,0.00083333333333333523,-0.019166666666666669,0,0,0,0
2476,0.001666666666666667,-0.019166666666666669,0,0,0,0
2477,0.0025000000000000022,-0.019166666666666669,0,0,0,0
2478,0.003333333333333334,-0.019166666666666669,0,0,0,0
2479,0.0041666666666666692,-0.019166666666666669,0,0,0,0
2480,0.005000000000000001,-0.019166666666666669,0,0,0,0
2481,0.0058333333333333362,-0.019166666666666669,0,0,0,0
2482,0.006666666666666668,-0.019166666666666669,0,0,0,0
2483,0.0074999999999999997,-0.019166666666666669,0,0,0,0
2484,0.008333333333333335,-0.019166666666666669,0,0,0,0
2485,0.0091666666666666667,-0.019166666666666669,0,0,0,0
2486,0.010000000000000002,-0.019166666666666669,0,0,0,0
2487,0.010833333333333334,-0.019166666666666669,0,0,0,0
2488,0.011666666666666669,-0.019166666666666669,0,0,0,0
2489,0.012500000000000001,-0.019166666666666669,0,0,0,0
2490,0.013333333333333332,-0.019166666666666669,0,0,0,0
2491,0.014166666666666671,-0.019166666666666669,0,0,0,0
2492,0.015000000000000003,-0.019166666666666669,0,0,0,0
2493,0.015833333333333335,-0.019166666666666669,0,0,0,0
2494,0.016666666666666666,-0.019166666666666669,0,0,0,0
2495,0.017500000000000005,-0.019166666666666669,0,0,0,0
2496,0.018333333333333337,-0.019166666666666669,0,0,0,0
2497,0.019166666666666669,-0.019166666666666669,0,0,0,0
2498,0.02,-0.019166666666666669,0,0,0,0
2499,-0.02,-0.018333333333333333,0,0,0,0
2500,-0.019166666666666669,-0.018333333333333333,0,0,0,0
2501,-0.018333333333333333,-0.018333333333333333,0,0,0,0
2502,-0.017500000000000002,-0.018333333333333333,0,0,0,0
2503,-0.016666666666666666,-0.018333333333333333,0,0,0,0
2504,-0.015833333333333335,-0.018333333333333333,0,0,0,0
2505,-0.014999999999999999,-0.018333333333333333,0,0,0,0
2506,-0.014166666666666668,-0.018333333333333333,0,0,0,0
2507,-0.013333333333333332,-0.018333333333333333,0,0,0,0
2508,-0.012500000000000001,-0.018333333333333333,0,0,0,0
2509,-0.011666666666666667,-0.018333333333333333,0,0,0,0
2510,-0.010833333333333334,-0.018333333333333333,0,0,0,0
2511,-0.01,-0.018333333333333333,0,0,0,0
2512,-0.0091666666666666667,-0.018333333333333333,0,0,0,0
2513,-0.0083333333333333332,-0.018333333333333333,0,0,0,0
2514,-0.0074999999999999997,-0.018333333333333333,0,0,0,0
2515,-0.0066666666666666662,-0.018333333333333333,0,0,0,0
2516,-0.0058333333333333327,-0.018333333333333333,0,0,0,0
2517,-0.0049999999999999992,-0.018333333333333333,0,0,0,0
2518,-0.0041666666666666657,-0.018333333333333333,0,0,0,0
2519,-0.003333333333333334,-0.018333333333333333,0,0,0,0
2520,-0.0024999999999999988,-0.018333333333333333,0,0,0,0
2521,-0.001666666666666667,-0.018333333333333333,0,0,0,0
2522,-0.00083333333333333176,-0.018333333333333333,0,0,0,0
2523,0,-0.018333333333333333,0,0,0,0
2524,0.00083333333333333523,-0.018333333333333333,0,0,0,0
2525,0.001666666666666667,-0.018333333333333333,0,0,0,0
2526,0.0025000000000000022,-0.018333333333333333,0,0,0,0
2527,0.003333333333333334,-0.018333333333333333,0,0,0,0
2528,0.0041666666666666692,-0.018333333333333333,0,0,0,0
2529,0.005000000000000001,-0.018333333333333333,0,0,0,0
2530,0.0058333333333333362,-0.018333333333333333,0,0,0,0
2531,0.006666666666666668,-0.018333333333333333,0,0,0,0
2532,0.0074999999999999997,-0.018333333333333333,0,0,0,0
2533,0.008333333333333335,-0.018333333333333333,0,0,0,0
2534,0.0091666666666666667,-0.018333333333333333,0,0,0,0
2535,0.010000000000000002,-0.018333333333333333,0,0,0,0
2536,0.010833333333333334,-0.018333333333333333,0,0,0,0
2537,0.011666666666666669,-0.018333333333333333,0,0,0,0
2538,0.012500000000000001,-0.018333333333333333,0,0,0,0
2539,0.013333333333333332,-0.018333333333333333,0,0,0,0
2540,0.014166666666666671,-0.018333333333333333,0,0,0,0
2541,0.015000000000000003,-0.018333333333333333,0,0,0,0
2542,0.015833333333333335,-0.018333333333333333,0,0,0,0
2543,0.016666666666666666,-0.018333333333333333,0,0,0,0
2544,0.017500000000000005,-0.018333333333333333,0,0,0,0
2545,0.018333333333333337,-0.018333333333333333,0,0,0,0
2546,0.019166666666666669,-0.018333333333333333,0,0,0,0
2547,0.02,-0.018333333333333333,0,0,0,0
2548,-0.02,-0.017500000000000002,0,0,0,0
2549,-0.019166666666666669,-0.017500000000000002,0,0,0,0
2550,-0.018333333333333333,-0.017500000000000002,0,0,0,0
2551,-0.017500000000000002,-0.017500000000000002,0,0,0,0
2552,-0.016666666666666666,-0.017500000000000002,0,0,0,0
2553,-0.015833333333333335,-0.017500000000000002,0,0,0,0
2554,-0.014999999999999999,-0.017500000000000002,0,0,0,0
2555,-0.014166666666666668,-0.017500000000000002,0,0,0,0
2556,-0.013333333333333332,-0.017500000000000002,0,0,0,0
2557,-0.012500000000000001,-0.017500000000000002,0,0,0,0
2558,-0.011666666666666667,-0.017500000000000002,0,0,0,0
2559,-0.010833333333333334,-0.017500000000000002,0,0,0,0
2560,-0.01,-0.017500000000000002,0,0,0,0
2561,-0.0091666666666666667,-0.017500000000000002,0,0,0,0
2562,-0.0083333333333333332,-0.017500000000000002,0,0,0,0
2563,-0.0074999999999999997,-0.017500000000000002,0,0,0,0
2564,-0.0066666666666666662,-0.017500000000000002,0,0,0,0
2565,-0.0058333333333333327,-0.017500000000000002,0,0,0,0
2566,-0.0049999999999999992,-0.017500000000000002,0,0,0,0
2567,-0.0041666666666666657,-0.017500000000000002,0,0,0,0
2568,-0.003333333333333334,-0.017500000000000002,0,0,0,0
2569,-0.0024999999999999988,-0.017500000000000002,0,0,0,0
2570,-0.001666666666666667,-0.017500000000000002,0,0,0,0
2571,-0.00083333333333333176,-0.017500000000000002,0,0,0,0
2572,0,-0.017500000000000002,0,0,0,0
2573,0.00083333333333333523,-0.017500000000000002,0,0,0,0
2574,0.001666666666666667,-0.017500000000000002,0,0,0,0
2575,0.0025000000000000022,-0.017500000000000002,0,0,0,0
2576,0.003333333333333334,-0.017500000000000002,0,0,0,0
2577,0.0041666666666666692,-0.017500000000000002,0,0,0,0
2578,0.005000000000000001,-0.017500000000000002,0,0,0,0
2579,0.0058333333333333362,-0.017500000000000002,0,0,0,0
2580,0.006666666666666668,-0.017500000000000002,0,0,0,0
2581,0.0074999999999999997,-0.017500000000000002,0,0,0,0
2582,0.008333333333333335,-0.017500000000000002,0,0,0,0
2583,0.0091666666666666667,-0.017500000000000002,0,0,0,0
2584,0.010000000000000002,-0.017500000000000002,0,0,0,0
2585,0.010833333333333334,-0.017500000000000002,0,0,0,0
2586,0.011666666666666669,-0.017500000000000002,0,0,0,0
2587,0.012500000000000001,-0.017500000000000002,0,0,0,0
2588,0.013333333333333332,-0.017500000000000002,0,0,0,0
2589,0.014166666666666671,-0.017500000000000002,0,0,0,0
2590,0.015000000000000003,-0.017500000000000002,0,0,0,0
2591,0.015833333333333335,-0.017500000000000002,0,0,0,0
2592,0.016666666666666666,-0.017500000000000002,0,0,0,0
2593,0.017500000000000005,-0.017500000000000002,0,0,0,0
2594,0.018333333333333337,-0.017500000000000002,0,0,0,0
2595,0.019166666666666669,-0.017500000000000002,0,0,0,0
2596,0.02,-0.017500000000000002,0,0,0,0
2597,-0.02,-0.016666666666666666,0,0,0,0
2598,-0.019166666666666669,-0.016666666666666666,0,0,0,0
2599,-0.018333333333333333,-0.016666666666666666,0,0,0,0
2600,-0.017500000000000002,-0.016666666666666666,0,0,0,0
2601,-0.016666666666666666,-0.016666666666666666,0,0,0,0
2602,-0.015833333333333335,-0.016666666666666666,0,0,0,0
2603,-0.014999999999999999,-0.016666666666666666,0,0,0,0
2604,-0.014166666666666668,-0.016666666666666666,0,0,0,0
2605,-0.013333333333333332,-0.016666666666666666,0,0,0,0
2606,-0.012500000000000001,-0.016666666666666666,0,0,0,0
2607,-0.011666666666666667,-0.016666666666666666,0,0,0,0
2608,-0.010833333333333334,-0.016666666666666666,0,0,0,0
2609,-0.01,-0.016666666666666666,0,0,0,0
2610,-0.0091666666666666667,-0.016666666666666666,0,0,0,0
2611,-0.0083333333333333332,-0.016666666666666666,0,0,0,0
2612,-0.0074999999999999997,-0.016666666666666666,0,0,0,0
2613,-0.0066666666666666662,-0.016666666666666666,0,0,0,0
2614,-0.0058333333333333327,-0.016666666666666666,0,0,0,0
2615,-0.0049999999999999992,-0.016666666666666666,0,0,0,0
2616,-0.0041666666666666657,-0.016666666666666666,0,0,0,0
2617,-0.003333333333333334,-0.016666666666666666,0,0,0,0
2618,-0.0024999999999999988,-0.016666666666666666,0,0,0,0
2619,-0.001666666666666667,-0.016666666666666666,0,0,0,0
2620,-0.00083333333333333176,-0.016666666666666666,0,0,0,0
2621,0,-0.016666666666666666,0,0,0,0
2622,0.00083333333333333523,-0.016666666666666666,0,0,0,0
2623,0.001666666666666667,-0.016666666666666666,0,0,0,0
2624,0.0025000000000000022,-0.016666666666666666,0,0,0,0
2625,0.003333333333333334,-0.016666666666666666,0,0,0,0
2626,0.0041666666666666692,-0.016666666666666666,0,0,0,0
2627,0.005000000000000001,-0.016666666666666666,0,0,0,0
2628,0.0058333333333333362,-0.016666666666666666,0,0,0,0
2629,0.006666666666666668,-0.016666666666666666,0,0,0,0
2630,0.0074999999999999997,-0.016666666666666666,0,0,0,0
2631,0.008333333333333335,-0.016666666666666666,0,0,0,0
2632,0.0091666666666666667,-0.016666666666666666,0,0,0,0
2633,0.010000000000000002,-0.016666666666666666,0,0,0,0
2634,0.010833333333333334,-0.016666666666666666,0,0,0,0
2635,0.011666666666666669,-0.016666666666666666,0,0,0,0
2636,0.012500000000000001,-0.016666666666666666,0,0,0,0
2637,0.013333333333333332,-0.016666666666666666,0,0,0,0
2638,0.014166666666666671,-0.016666666666666666,0,0,0,0
2639,0.015000000000000003,-0.016666666666666666,0,0,0,0
2640,0.015833333333333335,-0.016666666666666666,0,0,0,0
2641,0.016666666666666666,-0.016666666666666666,0,0,0,0
2642,0.017500000000000005,-0.016666666666666666,0,0,0,0
2643,0.018333333333333337,-0.016666666666666666,0,0,0,0
2644,0.019166666666666669,-0.016666666666666666,0,0,0,0
2645,0.02,-0.016666666666666666,0,0,0,0
2646,-0.02,-0.015833333333333335,0,0,0,0
2647,-0.019166666666666669,-0.015833333333333335,0,0,0,0
2648,-0.018333333333333333,-0.015833333333333335,0,0,0,0
2649,-0.017500000000000002,-0.015833333333333335,0,0,0,0
2650,-0.016666666666666666,-0.015833333333333335,0,0,0,0
2651,-0.015833333333333335,-0.015833333333333335,0,0,0,0
2652,-0.014999999999999999,-0.015833333333333335,0,0,0,0
2653,-0.014166666666666668,-0.015833333333333335,0,0,0,0
2654,-0.013333333333333332,-0.015833333333333335,0,0,0,0
2655,-0.012500000000000001,-0.015833333333333335,0,0,0,0
2656,-0.011666666666666667,-0.015833333333333335,0,0,0,0
2657,-0.010833333333333334,-0.015833333333333335,0,0,0,0
2658,-0.01,-0.015833333333333335,0,0,0,0
2659,-0.0091666666666666667,-0.015833333333333335,0,0,0,0
2660,-0.0083333333333333332,-0.015833333333333335,0,0,0,0
2661,-0.0074999999999999997,-0.015833333333333335,0,0,0,0
2662,-0.0066666666666666662,-0.015833333333333335,0,0,0,0
2663,-0.0058333333333333327,-0.015833333333333335,0,0,0,0
2664,-0.0049999999999999992,-0.015833333333333335,0,0,0,0
2665,-0.0041666666666666657,-0.015833333333333335,0,0,0,0
2666,-0.003333333333333334,-0.015833333333333335,0,0,0,0
2667,-0.0024999999999999988,-0.015833333333333335,0,0,0,0
2668,-0.001666666666666667,-0.015833333333333335,0,0,0,0
2669,-0.00083333333333333176,-0.015833333333333335,0,0,0,0
2670,0,-0.015833333333333335,0,0,0,0
2671,0.00083333333333333523,-0.015833333333333335,0,0,0,0
2672,0.001666666666666667,-0.015833333333333335,0,0,0,0
2673,0.0025000000000000022,-0.015833333333333335,0,0,0,0
2674,0.003333333333333334,-0.015833333333333335,0,0,0,0
2675,0.0041666666666666692,-0.015833333333333335,0,0,0,0
2676,0.005000000000000001,-0.015833333333333335,0,0,0,0
2677,0.0058333333333333362,-0.015833333333333335,0,0,0,0
2678,0.006666666666666668,-0.015833333333333335,0,0,0,0
2679,0.0074999999999999997,-0.015833333333333335,0,0,0,0
2680,0.008333333333333335,-0.015833333333333335,0,0,0,0
2681,0.0091666666666666667,-0.015833333333333335,0,0,0,0
2682,0.010000000000000002,-0.015833333333333335,0,0,0,0
2683,0.010833333333333334,-0.015833333333333335,0,0,0,0
2684,0.011666666666666669,-0.015833333333333335,0,0,0,0
2685,0.012500000000000001,-0.015833333333333335,0,0,0,0
2686,0.013333333333333332,-0.015833333333333335,0,0,0,0
2687,0.014166666666666671,-0.015833333333333335,0,0,0,0
2688,0.015000000000000003,-0.015833333333333335,0,0,0,0
2689,0.015833333333333335,-0.015833333333333335,0,0,0,0
2690,0.016666666666666666,-0.015833333333333335,0,0,0,0
2691,0.017500000000000005,-0.015833333333333335,0,0,0,0
2692,0.018333333333333337,-0.015833333333333335,0,0,0,0
2693,0.019166666666666669,-0.015833333333333335,0,0,0,0
2694,0.02,-0.015833333333333335,0,0,0,0
2695,-0.02,-0.014999999999999999,0,0,0,0
2696,-0.019166666666666669,-0.014999999999999999,0,0,0,0
2697,-0.018333333333333333,-0.014999999999999999,0,0,0,0
2698,-0.017500000000000002,-0.014999999999999999,0,0,0,0
2699,-0.016666666666666666,-0.014999999999999999,0,0,0,0
2700,-0.015833333333333335,-0.014999999999999999,0,0,0,0
2701,-0.014999999999999999,-0.014999999999999999,0,0,0,0
2702,-0.014166666666666668,-0.014999999999999999,0,0,0,0
2703,-0.013333333333333332,-0.014999999999999999,0,0,0,0
2704,-0.012500000000000001,-0.014999999999999999,0,0,0,0
2705,-0.011666666666666667,-0.014999999999999999,0,0,0,0
2706,-0.010833333333333334,-0.014999999999999999,0,0,0,0
2707,-0.01,-0.014999999999999999,0,0,0,0
2708,-0.0091666666666666667,-0.014999999999999999,0,0,0,0
2709,-0.0083333333333333332,-0.014999999999999999,0,0,0,0
2710,-0.0074999999999999997,-0.014999999999999999,0,0,0,0
2711,-0.0066666666666666662,-0.014999999999999999,0,0,0,0
2712,-0.0058333333333333327,-0.014999999999999999,0,0,0,0
2713,-0.0049999999999999992,-0.014999999999999999,0,0,0,0
2714,-0.0041666666666666657,-0.014999999999999999,0,0,0,0
2715,-0.003333333333333334,-0.014999999999999999,0,0,0,0
2716,-0.0024999999999999988,-0.014999999999999999,0,0,0,0
2717,-0.001666666666666667,-0.014999999999999999,0,0,0,0
2718,-0.00083333333333333176,-0.014999999999999999,0,0,0,0
2719,0,-0.014999999999999999,0,0,0,0
2720,0.00083333333333333523,-0.014999999999999999,0,0,0,0
2721,0.001666666666666667,-0.014999999999999999,0,0,0,0
2722,0.0025000000000000022,-0.014999999999999999,0,0,0,0
2723,0.003333333333333334,-0.014999999999999999,0,0,0,0
2724,0.0041666666666666692,-0.014999999999999999,0,0,0,0
2725,0.005000000000000001,-0.014999999999999999,0,0,0,0
2726,0.0058333333333333362,-0.014999999999999999,0,0,0,0
2727,0.006666666666666668,-0.014999999999999999,0,0,0,0
2728,0.0074999999999999997,-0.014999999999999999,0,0,0,0
2729,0.008333333333333335,-0.014999999999999999,0,0,0,0
2730,0.0091666666666666667,-0.014999999999999999,0,0,0,0
2731,0.010000000000000002,-0.014999999999999999,0,0,0,0
2732,0.010833333333333334,-0.014999999999999999,0,0,0,0
2733,0.011666666666666669,-0.014999999999999999,0,0,0,0
2734,0.012500000000000001,-0.014999999999999999,0,0,0,0
2735,0.013333333333333332,-0.014999999999999999,0,0,0,0
2736,0.014166666666666671,-0.014999999999999999,0,0,0,0
2737,0.015000000000000003,-0.014999999999999999,0,0,0,0
2738,0.015833333333333335,-0.014999999999999999,0,0,0,0
2739,0.016666666666666666,-0.014999999999999999,0,0,0,0
2740,0.017500000000000005,-0.014999999999999999,0,0,0,0
2741,0.018333333333333337,-0.014999999999999999,0,0,0,0
2742,0.019166666666666669,-0.014999999999999999,0,0,0,0
2743,0.02,-0.014999999999999999,0,0,0,0
2744,-0.02,-0.014166666666666668,0,0,0,0
2745,-0.019166666666666669,-0.014166666666666668,0,0,0,0
2746,-0.018333333333333333,-0.014166666666666668,0,0,0,0
2747,-0.017500000000000002,-0.014166666666666668,0,0,0,0
2748,-0.016666666666666666,-0.014166666666666668,0,0,0,0
2749,-0.015833333333333335,-0.014166666666666668,0,0,0,0
2750,-0.014999999999999999,-0.014166666666666668,0,0,0,0
2751,-0.014166666666666668,-0.014166666666666668,0,7.7510063507085764e-08,7.3620787727639037e-08,-6.1771186594881897e-08
2752,-0.013333333333333332,-0.014166666666666668,0,1.2273954088417553e-07,1.1196967519956583e-07,-9.3734004505809535e-08
2753,-0.012500000000000001,-0.014166666666666668,0,1.4674814395178512e-07,1.345904009813948e-07,-1.2503685709718302e-07
2754,-0.011666666666666667,-0.014166666666666668,0,1.6281429843422579e-07,1.3584818681754347e-07,-1.3259813183731807e-07
2755,-0.010833333333333334,-0.014166666666666668,0,1.7752291866734636e-07,1.0715167671964202e-07,-1.1571339670181095e-07
2756,-0.01,-0.014166666666666668,0,2.0344232494584325e-07,8.0629381898414316e-08,-8.6802101420936115e-08
2757,-0.0091666666666666667,-0.014166666666666668,0,2.4912578168707951e-07,7.2540506395143724e-08,-8.0150434733034157e-08
2758,-0.0083333333333333332,-0.014166666666666668,0,3.229071967490312e-07,9.9074975582191414e-08,-1.2473647761022792e-07
2759,-0.0074999999999999997,-0.014166666666666668,0,4.109994672401793e-07,2.0003400127758565e-07,-1.9930509741980708e-07
2760,-0.0066666666666666662,-0.014166666666666668,0,5.0858149854096638e-07,3.5896851735934352e-07,-3.1724442079597988e-07
2761,-0.0058333333333333327,-0.014166666666666668,0,6.1480109992275768e-07,6.1325038756001302e-07,-4.8011110426408921e-07
2762,-0.0049999999999999992,-0.014166666666666668,0,7.0773065882312772e-07,9.5151458853317378e-07,-7.6298118555448966e-07
2763,-0.0041666666666666657,-0.014166666666666668,0,7.4080000636959191e-07,1.3209532659895932e-06,-1.094390420532054e-06
2764,-0.003333333333333334,-0.014166666666666668,0,7.1264291314576186e-07,1.7136125971604234e-06,-1.4303643772986248e-06
2765,-0.0024999999999999988,-0.014166666666666668,0,6.4488151534922293e-07,2.116211561124076e-06,-1.7920230356981629e-06
2766,-0.001666666666666667,-0.014166666666666668,0,5.3595940829880968e-07,2.4850576283352457e-06,-2.138708069430014e-06
2767,-0.00083333333333333176,-0.014166666666666668,0,4.1893626239117894e-07,2.7613447675769811e-06,-2.3680070876376045e-06
2768,0,-0.014166666666666668,0,3.0534142186294952e-07,2.9860189513411837e-06,-2.5477640665528811e-06
2769,0.00083333333333333523,-0.014166666666666668,0,1.7107256358698432e-07,3.1684121042563222e-06,-2.7549149007773695e-06
2770,0.001666666666666667,-0.014166666666666668,0,-2.0503401450135103e-08,3.2284356340081198e-06,-2.895356958860999e-06
2771,0.0025000000000000022,-0.014166666666666668,0,-2.1879720536372688e-07,3.1144168006154077e-06,-2.8474842943908475e-06
2772,0.003333333333333334,-0.014166666666666668,0,-3.6878315433452979e-07,2.8702308908881383e-06,-2.6280157827424146e-06
2773,0.0041666666666666692,-0.014166666666666668,0,-4.531128489176582e-07,2.57021674951722e-06,-2.3293730648004307e-06
2774,0.005000000000000001,-0.014166666666666668,0,-5.0183108338468467e-07,2.2311209491312331e-06,-2.0074459532420221e-06
2775,0.0058333333333333362,-0.014166666666666668,0,-5.1425092037903935e-07,1.8273074964521904e-06,-1.6607793192555171e-06
2776,0.006666666666666668,-0.014166666666666668,0,-4.9243481397041718e-07,1.4137629159520375e-06,-1.3120972512539131e-06
2777,0.0074999999999999997,-0.014166666666666668,0,-4.4169444362947667e-07,1.0549474045485092e-06,-1.0165768724695928e-06
2778,0.008333333333333335,-0.014166666666666668,0,-3.8485487392268755e-07,8.0565591894020767e-07,-7.7609335424321641e-07
2779,0.0091666666666666667,-0.014166666666666668,0,-3.3385525328933321e-07,6.4906746115256194e-07,-5.8477323734462457e-07
2780,0.010000000000000002,-0.014166666666666668,0,-3.0248381908723341e-07,5.3799468893291645e-07,-4.4860112383137684e-07
2781,0.010833333333333334,-0.014166666666666668,0,-2.7521606429599811e-07,4.4549260675954125e-07,-3.4400339731285797e-07
2782,0.011666666666666669,-0.014166666666666668,0,-2.4969839246298377e-07,3.5783169621431811e-07,-2.5484082810202677e-07
2783,0.012500000000000001,-0.014166666666666668,0,-2.1807031624767484e-07,2.7112007171437202e-07,-1.7102773314065233e-07
2784,0.013333333333333332,-0.014166666666666668,0,-1.7197480831964707e-07,1.8580370113508361e-07,-9.5893029708348332e-08
2785,0.014166666666666671,-0.014166666666666668,0,-9.953739131760476e-08,1.0714489626772159e-07,-5.7970870226679214e-08
2786,0.015000000000000003,-0.014166666666666668,0,0,0,0
2787,0.015833333333333335,-0.014166666666666668,0,0,0,0
2788,0.016666666666666666,-0.014166666666666668,0,0,0,0
2789,0.017500000000000005,-0.014166666666666668,0,0,0,0
2790,0.018333333333333337,-0.014166666666666668,0,0,0,0
2791,0.019166666666666669,-0.014166666666666668,0,0,0,0
2792,0.02,-0.014166666666666668,0,0,0,0
2793,-0.02,-0.013333333333333332,0,0,0,0
2794,-0.019166666666666669,-0.013333333333333332,0,0,0,0
2795,-0.018333333333333333,-0.013333333333333332,0,0,0,0
2796,-0.017500000000000002,-0.013333333333333332,0,0,0,0
2797,-0.016666666666666666,-0.013333333333333332,0,0,0,0
2798,-0.015833333333333335,-0.013333333333333332,0,0,0,0
2799,-0.014999999999999999,-0.013333333333333332,0,0,0,0
2800,-0.014166666666666668,-0.013333333333333332,0,1.1972623094608499e-07,1.1189245132428748e-07,-9.4346149154493901e-08
2801,-0.013333333333333332,-0.013333333333333332,0,1.9807029410219173e-07,1.7947381092525335e-07,-1.4920502146501136e-07
2802,-0.012500000000000001,-0.013333333333333332,0,2.3353479296202854e-07,2.0649218102319511e-07,-1.7924774663458927e-07
2803,-0.011666666666666667,-0.013333333333333332,0,2.5175808761640443e-07,1.9220970624912583e-07,-1.3276354032345643e-07
2804,-0.010833333333333334,-0.013333333333333332,0,2.6394092604935194e-07,1.2932588832820938e-07,-2.6564903810464296e-09
2805,-0.01,-0.013333333333333332,0,2.9843651759403509e-07,7.2383914933303068e-08,1.9729721182654443e-07
2806,-0.0091666666666666667,-0.013333333333333332,0,3.6164274088375589e-07,4.3788453353452493e-08,4.3952984558385524e-07
2807,-0.0083333333333333332,-0.013333333333333332,0,4.5253392952505571e-07,7.3857986734147954e-08,6.8653115111323956e-07
2808,-0.0074999999999999997,-0.013333333333333332,0,5.6729321838798251e-07,1.3763533597792474e-07,9.0650728989200827e-07
2809,-0.0066666666666666662,-0.013333333333333332,0,7.0443085311969305e-07,2.7741072114202886e-07,1.0515214205425312e-06
2810,-0.0058333333333333327,-0.013333333333333332,0,8.5497084228726897e-07,4.9973328968020103e-07,1.0253022254922651e-06
2811,-0.0049999999999999992,-0.013333333333333332,0,9.6353857814967913e-07,7.8280756732580452e-07,7.6845830156612259e-07
2812,-0.0041666666666666657,-0.013333333333333332,0,1.0163269872065482e-06,1.1599650927942009e-06,3.3002092063766598e-07
2813,-0.003333333333333334,-0.013333333333333332,0,1.0064107675963514e-06,1.5962180568047234e-06,-3.0609604546276895e-07
2814,-0.0024999999999999988,-0.013333333333333332,0,8.8347469955822119e-07,2.0935340817901316e-06,-1.0233299166111583e-06
2815,-0.001666666666666667,-0.013333333333333332,0,7.2493545431905339e-07,2.5066442081331131e-06,-1.6365714100994158e-06
2816,-0.00083333333333333176,-0.013333333333333332,0,5.7434283859572242e-07,2.7950264360474369e-06,-2.2081906241640192e-06
2817,0,-0.013333333333333332,0,3.9372569630582529e-07,2.967093516333499e-06,-2.8686190388776665e-06
2818,0.00083333333333333523,-0.013333333333333332,0,1.374436863045904e-07,3.0690411332387652e-06,-3.4528798026467069e-06
2819,0.001666666666666667,-0.013333333333333332,0,-1.3623642895129206e-07,3.0932703995094132e-06,-3.7863001184863857e-06
2820,0.0025000000000000022,-0.013333333333333332,0,-3.8078612246192944e-07,2.983939645029733e-06,-3.8653812534382116e-06
2821,0.003333333333333334,-0.013333333333333332,0,-5.611471500466252e-07,2.7222539848241475e-06,-3.7572672269940447e-06
2822,0.0041666666666666692,-0.013333333333333332,0,-6.8090641390239035e-07,2.3769836573513689e-06,-3.5343339575693959e-06
2823,0.005000000000000001,-0.013333333333333332,0,-7.4501286085974175e-07,2.0662918491370114e-06,-3.2309492319052773e-06
2824,0.0058333333333333362,-0.013333333333333332,0,-7.6282173485445252e-07,1.8149660777001406e-06,-2.8748449469012301e-06
2825,0.006666666666666668,-0.013333333333333332,0,-7.3960142232975305e-07,1.5846583420640051e-06,-2.4774233383543354e-06
2826,0.0074999999999999997,-0.013333333333333332,0,-6.9558946629417271e-07,1.3839788281484837e-06,-2.0800947075348125e-06
2827,0.008333333333333335,-0.013333333333333332,0,-6.4412226090381112e-07,1.2107252695161772e-06,-1.7290145324536893e-06
2828,0.0091666666666666667,-0.013333333333333332,0,-5.9588822549302351e-07,1.0489215582843023e-06,-1.4229108173688751e-06
2829,0.010000000000000002,-0.013333333333333332,0,-5.5858776316795225e-07,9.2577949351977693e-07,-1.1588683313516123e-06
2830,0.010833333333333334,-0.013333333333333332,0,-5.2397178991160092e-07,8.0806813243413632e-07,-9.0626189584738961e-07
2831,0.011666666666666669,-0.013333333333333332,0,-4.7935273867854443e-07,6.7235340358077456e-07,-6.5813775565588434e-07
2832,0.012500000000000001,-0.013333333333333332,0,-4.1571483575375379e-07,5.2330802067375839e-07,-4.2178229677103448e-07
2833,0.013333333333333332,-0.013333333333333332,0,-3.1887576446620238e-07,3.6389655966855107e-07,-2.1382411644080745e-07
2834,0.014166666666666671,-0.013333333333333332,0,-1.7164655171881089e-07,1.9716838927968911e-07,-9.3708622054114368e-08
2835,0.015000000000000003,-0.013333333333333332,0,0,0,0
2836,0.015833333333333335,-0.013333333333333332,0,0,0,0
2837,0.016666666666666666,-0.013333333333333332,0,0,0,0
2838,0.017500000000000005,-0.013333333333333332,0,0,0,0
2839,0.018333333333333337,-0.013333333333333332,0,0,0,0
2840,0.019166666666666669,-0.013333333333333332,0,0,0,0
2841,0.02,-0.013333333333333332,0,0,0,0
2842,-0.02,-0.012500000000000001,0,0,0,0
2843,-0.019166666666666669,-0.012500000000000001,0,0,0,0
2844,-0.018333333333333333,-0.012500000000000001,0,0,0,0
2845,-0.017500000000000002,-0.012500000000000001,0,0,0,0
2846,-0.016666666666666666,-0.012500000000000001,0,0,0,0
2847,-0.015833333333333335,-0.012500000000000001,0,0,0,0
2848,-0.014999999999999999,-0.012500000000000001,0,0,0,0
2849,-0.014166666666666668,-0.012500000000000001,0,1.4634732819444274e-07,1.2867166158763243e-07,-1.2852002421048898e-07
2850,-0.013333333333333332,-0.012500000000000001,0,2.3036724064388164e-07,2.061362103804145e-07,-1.889447033018668e-07
2851,-0.012500000000000001,-0.012500000000000001,0,2.5487985782483521e-07,2.266256995706183e-07,-1.7244665294990853e-07
2852,-0.011666666666666667,-0.012500000000000001,0,2.4414919397429246e-07,1.7957433507609153e-07,-1.5792753784003328e-09
2853,-0.010833333333333334,-0.012500000000000001,0,2.3089252045380765e-07,8.514749698221889e-08,3.3428293301584274e-07
2854,-0.01,-0.012500000000000001,0,2.452609516531467e-07,-9.2978655492169438e-09,8.1442370472476882e-07
2855,-0.0091666666666666667,-0.012500000000000001,0,2.7759952023555081e-07,-1.0715071488373514e-07,1.4054848112435929e-06
2856,-0.0083333333333333332,-0.012500000000000001,0,3.5032383405302285e-07,-1.4158890322084624e-07,2.0526414780846329e-06
2857,-0.0074999999999999997,-0.012500000000000001,0,4.4252897633484967e-07,-1.06930668905442e-07,2.6981757296179323e-06
2858,-0.0066666666666666662,-0.012500000000000001,0,5.9443551011549245e-07,-3.3869554432491484e-08,3.2192746744456059e-06
2859,-0.0058333333333333327,-0.012500000000000001,0,8.2208412982920572e-07,1.5397561724833607e-07,3.4420455087405941e-06
2860,-0.0049999999999999992,-0.012500000000000001,0,1.069569568336544e-06,4.8014875055747927e-07,3.2853701458567386e-06
2861,-0.0041666666666666657,-0.012500000000000001,0,1.3131721997976268e-06,9.8582641892750516e-07,2.7283962683676077e-06
2862,-0.003333333333333334,-0.012500000000000001,0,1.4226605795870061e-06,1.6281281447348279e-06,1.841112262933874e-06
2863,-0.0024999999999999988,-0.012500000000000001,0,1.3358856025627033e-06,2.2505944701490835e-06,9.7293979779682516e-07
2864,-0.001666666666666667,-0.012500000000000001,0,1.0687667527287363e-06,2.5644981098019729e-06,3.0647069362844089e-07
2865,-0.00083333333333333176,-0.012500000000000001,0,8.3503920183790453e-07,2.6550514637398901e-06,-2.7738795315263678e-07
2866,0,-0.012500000000000001,0,6.1096973372872347e-07,2.6911311420558703e-06,-9.2169388980387288e-07
2867,0.00083333333333333523,-0.012500000000000001,0,3.1292187466465971e-07,2.7278410050067398e-06,-1.5807741750142054e-06
2868,0.001666666666666667,-0.012500000000000001,0,-2.8894465180523635e-08,2.7471976412763326e-06,-2.1893551439585446e-06
2869,0.0025000000000000022,-0.012500000000000001,0,-3.3970437159558611e-07,2.660298271051436e-06,-2.6934313309008503e-06
2870,0.003333333333333334,-0.012500000000000001,0,-6.1227728183302536e-07,2.3909051554850691e-06,-3.0222626007663955e-06
2871,0.0041666666666666692,-0.012500000000000001,0,-7.6998732866089367e-07,2.0660918829924316e-06,-3.1852666690521856e-06
2872,0.005000000000000001,-0.012500000000000001,0,-8.3859055030715122e-07,1.7935236991216042e-06,-3.2100975152071008e-06
2873,0.0058333333333333362,-0.012500000000000001,0,-8.5485608274173648e-07,1.6455065854631682e-06,-3.1569101650501547e-06
2874,0.006666666666666668,-0.012500000000000001,0,-8.5330252274664513e-07,1.5910317121272757e-06,-3.0660253282349338e-06
2875,0.0074999999999999997,-0.012500000000000001,0,-8.2143688674580823e-07,1.5110625862391784e-06,-2.8991143324957241e-06
2876,0.008333333333333335,-0.012500000000000001,0,-7.9508074771259998e-07,1.4052948570470129e-06,-2.6644592511957236e-06
2877,0.0091666666666666667,-0.012500000000000001,0,-7.7981271254962209e-07,1.2942632996831414e-06,-2.377336338180443e-06
2878,0.010000000000000002,-0.012500000000000001,0,-7.6305214996793685e-07,1.1808279518907941e-06,-2.0467350275028122e-06
2879,0.010833333333333334,-0.012500000000000001,0,-7.4800055290320253e-07,1.0735732775083626e-06,-1.6729913512499168e-06
2880,0.011666666666666669,-0.012500000000000001,0,-7.0164374513685104e-07,9.2128145555920696e-07,-1.250346014435424e-06
2881,0.012500000000000001,-0.012500000000000001,0,-6.1579335565889616e-07,7.3230999344354181e-07,-8.214855854144078e-07
2882,0.013333333333333332,-0.012500000000000001,0,-4.7326059159407245e-07,5.1142998477394302e-07,-4.2859497406142211e-07
2883,0.014166666666666671,-0.012500000000000001,0,-2.5780865960718944e-07,2.7198903516979282e-07,-1.6990874369220111e-07
2884,0.015000000000000003,-0.012500000000000001,0,0,0,0
2885,0.015833333333333335,-0.012500000000000001,0,0,0,0
2886,0.016666666666666666,-0.012500000000000001,0,0,0,0
2887,0.017500000000000005,-0.012500000000000001,0,0,0,0
2888,0.018333333333333337,-0.012500000000000001,0,0,0,0
2889,0.019166666666666669,-0.012500000000000001,0,0,0,0
2890,0.02,-0.012500000000000001,0,0,0,0
2891,-0.02,-0.011666666666666667,0,0,0,0
2892,-0.019166666666666669,-0.011666666666666667,0,0,0,0
2893,-0.018333333333333333,-0.011666666666666667,0,0,0,0
2894,-0.017500000000000002,-0.011666666666666667,0,0,0,0
2895,-0.016666666666666666,-0.011666666666666667,0,0,0,0
2896,-0.015833333333333335,-0.011666666666666667,0,0,0,0
2897,-0.014999999999999999,-0.011666666666666667,0,0,0,0
2898,-0.014166666666666668,-0.011666666666666667,0,1.5553675252150148e-07,1.3901414649780238e-07,-1.4547610689840728e-07
2899,-0.013333333333333332,-0.011666666666666667,0,2.2238206800478017e-07,2.2001560911722495e-07,-1.748809738256784e-07
2900,-0.012500000000000001,-0.011666666666666667,0,2.0608307557602596e-07,2.2269924748222043e-07,-5.3696894686418196e-08
2901,-0.011666666666666667,-0.011666666666666667,0,1.5647658757329658e-07,1.5230062118404889e-07,3.1924992301519258e-07
2902,-0.010833333333333334,-0.011666666666666667,0,1.0841461221904873e-07,3.5506678543868895e-08,9.6321852689789602e-07
2903,-0.01,-0.011666666666666667,0,6.8746537840164107e-08,-1.2127905922647934e-07,1.8645752210271075e-06
2904,-0.0091666666666666667,-0.011666666666666667,0,4.0902861123761669e-08,-3.007130522014598e-07,2.9885233464469645e-06
2905,-0.0083333333333333332,-0.011666666666666667,0,4.757827724786249e-08,-4.2209069516470426e-07,4.2547978480857546e-06
2906,-0.0074999999999999997,-0.011666666666666667,0,1.7755489071717851e-07,-5.1282938998565886e-07,5.5563255884376413e-06
2907,-0.0066666666666666662,-0.011666666666666667,0,5.1900683449319938e-07,-4.6300434611229872e-07,6.6193393230976196e-06
2908,-0.0058333333333333327,-0.011666666666666667,0,9.9149562280966583e-07,-2.6060935435129875e-07,7.1809694499738414e-06
2909,-0.0049999999999999992,-0.011666666666666667,0,1.6011696748017219e-06,1.7459644544863106e-07,7.0985159893908729e-06
2910,-0.0041666666666666657,-0.011666666666666667,0,2.2787865157034549e-06,1.0109392659485761e-06,6.2729784218395302e-06
2911,-0.003333333333333334,-0.011666666666666667,0,2.8213749651899576e-06,2.2187293103347697e-06,4.8731237225563679e-06
2912,-0.0024999999999999988,-0.011666666666666667,0,2.5518592139784737e-06,3.3126546232827831e-06,3.6707972052298e-06
2913,-0.001666666666666667,-0.011666666666666667,0,1.9493711595623638e-06,3.5442241318092818e-06,3.3360268310320737e-06
2914,-0.00083333333333333176,-0.011666666666666667,0,1.7167862390746191e-06,3.6447096500787242e-06,3.515148672161738e-06
2915,0,-0.011666666666666667,0,1.682613030598688e-06,3.5030262844227861e-06,3.4565637047316401e-06
2916,0.00083333333333333523,-0.011666666666666667,0,1.4903888621903376e-06,3.4101843519486384e-06,2.8451339247956493e-06
2917,0.001666666666666667,-0.011666666666666667,0,1.1228192873250447e-06,3.2990255446426299e-06,1.8585067728858176e-06
2918,0.0025000000000000022,-0.011666666666666667,0,4.9432511483665808e-07,2.9606855872669494e-06,7.3370674976879059e-07
2919,0.003333333333333334,-0.011666666666666667,0,-1.2016013647372997e-07,2.3911706493689957e-06,-1.7663869937242476e-07
2920,0.0041666666666666692,-0.011666666666666667,0,-4.7376950209363439e-07,1.8459951890166463e-06,-8.5342252493972421e-07
2921,0.005000000000000001,-0.011666666666666667,0,-6.1153510929412465e-07,1.3734448606769692e-06,-1.4961203782906761e-06
2922,0.0058333333333333362,-0.011666666666666667,0,-6.8789117464285817e-07,1.1721641191791292e-06,-2.1013138245819793e-06
2923,0.006666666666666668,-0.011666666666666667,0,-7.4147083578925566e-07,1.1976463844974321e-06,-2.5985533799513814e-06
2924,0.0074999999999999997,-0.011666666666666667,0,-8.0793973433213248e-07,1.3290548093889323e-06,-2.9791813044602228e-06
2925,0.008333333333333335,-0.011666666666666667,0,-8.4724896325922053e-07,1.4229165243365531e-06,-3.1816358586435562e-06
2926,0.0091666666666666667,-0.011666666666666667,0,-8.6796605348364436e-07,1.4122389901639638e-06,-3.1540457637708414e-06
2927,0.010000000000000002,-0.011666666666666667,0,-9.052654462582585e-07,1.3596218803859788e-06,-2.9066373210716543e-06
2928,0.010833333333333334,-0.011666666666666667,0,-9.2355178936778579e-07,1.2688580197043497e-06,-2.4902901768126456e-06
2929,0.011666666666666669,-0.011666666666666667,0,-9.0774947261557484e-07,1.1319548184768646e-06,-1.9376502497575392e-06
2930,0.012500000000000001,-0.011666666666666667,0,-8.1828638379360689e-07,9.2041608026025521e-07,-1.3084664558542611e-06
2931,0.013333333333333332,-0.011666666666666667,0,-6.4187174699829784e-07,6.4997921711160847e-07,-6.9897785994675069e-07
2932,0.014166666666666671,-0.011666666666666667,0,-3.5931675371596073e-07,3.4572436238426226e-07,-2.6393002414248422e-07
2933,0.015000000000000003,-0.011666666666666667,0,0,0,0
2934,0.015833333333333335,-0.011666666666666667,0,0,0,0
2935,0.016666666666666666,-0.011666666666666667,0,0,0,0
2936,0.017500000000000005,-0.011666666666666667,0,0,0,0
2937,0.018333333333333337,-0.011666666666666667,0,0,0,0
2938,0.019166666666666669,-0.011666666666666667,0,0,0,0
2939,0.02,-0.011666666666666667,0,0,0,0
2940,-0.02,-0.010833333333333334,0,0,0,0
2941,-0.019166666666666669,-0.010833333333333334,0,0,0,0
2942,-0.018333333333333333,-0.010833333333333334,0,0,0,0
2943,-0.017500000000000002,-0.010833333333333334,0,0,0,0
2944,-0.016666666666666666,-0.010833333333333334,0,0,0,0
2945,-0.015833333333333335,-0.010833333333333334,0,0,0,0
2946,-0.014999999999999999,-0.010833333333333334,0,0,0,0
2947,-0.014166666666666668,-0.010833333333333334,0,1.3939783952012586e-07,1.494121460100557e-07,-1.527279205705499e-07
2948,-0.013333333333333332,-0.010833333333333334,0,1.7632189482884116e-07,2.3434995914140269e-07,-1.1893277336822658e-07
2949,-0.012500000000000001,-0.010833333333333334,0,1.236601722915273e-07,2.3150074262757732e-07,1.5617412686374439e-07
2950,-0.011666666666666667,-0.010833333333333334,0,2.8634752906690267e-08,1.5028896741329023e-07,8.0533268673427224e-07
2951,-0.010833333333333334,-0.010833333333333334,0,-9.3335480343029486e-08,-5.8217061325290312e-09,1.864129849904991e-06
2952,-0.01,-0.010833333333333334,0,-2.3806483390319789e-07,-2.3844545733688888e-07,3.3474046733318898e-06
2953,-0.0091666666666666667,-0.010833333333333334,0,-3.5055816396223614e-07,-5.0231053332415488e-07,5.2152410733450769e-06
2954,-0.0083333333333333332,-0.010833333333333334,0,-3.3593044120031707e-07,-7.9600080470980274e-07,7.3772606723199855e-06
2955,-0.0074999999999999997,-0.010833333333333334,0,-1.169056719137849e-08,-9.7824887803442561e-07,9.5368098729293732e-06
2956,-0.0066666666666666662,-0.010833333333333334,0,7.1345643061628217e-07,-9.6512984914467391e-07,1.1287296073735518e-05
2957,-0.0058333333333333327,-0.010833333333333334,0,1.9025915395006578e-06,-5.5546412644548714e-07,1.2253644563839812e-05
2958,-0.0049999999999999992,-0.010833333333333334,0,3.3427231632728717e-06,3.6289758278469923e-07,1.218659580236122e-05
2959,-0.0041666666666666657,-0.010833333333333334,0,5.3998233401132584e-06,2.3157783605000668e-06,1.0559327382853108e-05
2960,-0.003333333333333334,-0.010833333333333334,0,6.8737529999670622e-06,4.9069141361081382e-06,7.6503061630782521e-06
2961,-0.0024999999999999988,-0.010833333333333334,0,6.2440139579814795e-06,7.3528428146461352e-06,5.6682836167213564e-06
2962,-0.001666666666666667,-0.010833333333333334,0,4.3362324009107229e-06,8.1997058423370008e-06,6.3040017441585532e-06
2963,-0.00083333333333333176,-0.010833333333333334,0,4.2124221299543866e-06,8.5339302729962864e-06,7.989159619849374e-06
2964,0,-0.010833333333333334,0,4.6956391450411916e-06,8.3026616434994403e-06,9.3715086467204856e-06
2965,0.00083333333333333523,-0.010833333333333334,0,4.3559973371695602e-06,8.0555791644197919e-06,8.899248959709228e-06
2966,0.001666666666666667,-0.010833333333333334,0,3.3818462102129725e-06,7.4654303143836468e-06,7.7307143471820663e-06
2967,0.0025000000000000022,-0.010833333333333334,0,1.7579869086534625e-06,6.3747508955700165e-06,6.0722762906119826e-06
2968,0.003333333333333334,-0.010833333333333334,0,6.9783980824871963e-08,4.5488809070033425e-06,4.7071427417906148e-06
2969,0.0041666666666666692,-0.010833333333333334,0,-2.1290238408227996e-07,2.8131953455132507e-06,3.8056637105931908e-06
2970,0.005000000000000001,-0.010833333333333334,0,-1.5196113279838181e-07,1.7495219306482251e-06,2.3903795404386249e-06
2971,0.0058333333333333362,-0.010833333333333334,0,-4.3048429808957644e-07,1.1628010860261426e-06,6.9540102888287109e-07
2972,0.006666666666666668,-0.010833333333333334,0,-5.5985654964460569e-07,9.3765861252753068e-07,-7.9362163921269828e-07
2973,0.0074999999999999997,-0.010833333333333334,0,-6.4741156002142437e-07,9.8966249144921928e-07,-2.0020377935365427e-06
2974,0.008333333333333335,-0.010833333333333334,0,-7.7156859254577609e-07,1.2040775449812194e-06,-2.9307529436634157e-06
2975,0.0091666666666666667,-0.010833333333333334,0,-9.2657655176808197e-07,1.4068029411160026e-06,-3.509791737189396e-06
2976,0.010000000000000002,-0.010833333333333334,0,-1.0187185196850816e-06,1.4819522980993982e-06,-3.624114023396413e-06
2977,0.010833333333333334,-0.010833333333333334,0,-1.0809068207944941e-06,1.4361531987637245e-06,-3.3074314938558532e-06
2978,0.011666666666666669,-0.010833333333333334,0,-1.0948290675823804e-06,1.3113138611545492e-06,-2.6873359672193195e-06
2979,0.012500000000000001,-0.010833333333333334,0,-1.026910408502033e-06,1.10069270490682e-06,-1.8858003658816435e-06
2980,0.013333333333333332,-0.010833333333333334,0,-8.3659652405667429e-07,7.978292847826714e-07,-1.0400633188147715e-06
2981,0.014166666666666671,-0.010833333333333334,0,-4.8657347357499523e-07,4.3033794973766866e-07,-3.849582275680203e-07
2982,0.015000000000000003,-0.010833333333333334,0,0,0,0
2983,0.015833333333333335,-0.010833333333333334,0,0,0,0
2984,0.016666666666666666,-0.010833333333333334,0,0,0,0
2985,0.017500000000000005,-0.010833333333333334,0,0,0,0
2986,0.018333333333333337,-0.010833333333333334,0,0,0,0
2987,0.019166666666666669,-0.010833333333333334,0,0,0,0
2988,0.02,-0.010833333333333334,0,0,0,0
2989,-0.02,-0.01,0,0,0,0
2990,-0.019166666666666669,-0.01,0,0,0,0
2991,-0.018333333333333333,-0.01,0,0,0,0
2992,-0.017500000000000002,-0.01,0,0,0,0
2993,-0.016666666666666666,-0.01,0,0,0,0
2994,-0.015833333333333335,-0.01,0,0,0,0
2995,-0.014999999999999999,-0.01,0,0,0,0
2996,-0.014166666666666668,-0.01,0,1.4626937991657652e-07,1.7201805729075422e-07,-1.6662943960700555e-07
2997,-0.013333333333333332,-0.01,0,1.6306178352555201e-07,2.8076505779387296e-07,-4.3358533664299563e-08
2998,-0.012500000000000001,-0.01,0,5.2240168275445927e-08,2.8025800628643771e-07,4.1775460039543252e-07
2999,-0.011666666666666667,-0.01,0,-1.3413351867099518e-07,1.7814876784493995e-07,1.405183284352219e-06
3000,-0.010833333333333334,-0.01,0,-3.7697768627602136e-07,-1.839973916286041e-08,2.9883849564124031e-06
3001,-0.01,-0.01,0,-6.5016135965613909e-07,-3.3666646729338728e-07,5.2332761608842027e-06
3002,-0.0091666666666666667,-0.01,0,-8.3343621804657699e-07,-7.7159897196011558e-07,8.1315432381019264e-06
3003,-0.0083333333333333332,-0.01,0,-6.3801587399449922e-07,-1.1903643195617437e-06,1.1396336446854554e-05
3004,-0.0074999999999999997,-0.01,0,1.8300011989737248e-07,-1.4262947805603762e-06,1.469197985780002e-05
3005,-0.0066666666666666662,-0.01,0,2.1641751625763918e-06,-9.8350265619341223e-07,1.7225920726479412e-05
3006,-0.0058333333333333327,-0.01,0,4.8246900010608222e-06,2.8289091408803276e-07,1.8410750994813803e-05
3007,-0.0049999999999999992,-0.01,0,8.0046355283685395e-06,2.5738543422982481e-06,1.7765335655699124e-05
3008,-0.0041666666666666657,-0.01,0,1.2614849681522351e-05,6.600481530707438e-06,1.3401103436372897e-05
3009,-0.003333333333333334,-0.01,0,1.6397068209685837e-05,1.2187660013823218e-05,6.5218425075100833e-06
3010,-0.0024999999999999988,-0.01,0,1.4405713506011949e-05,1.9245115116876588e-05,3.6588140980012074e-07
3011,-0.001666666666666667,-0.01,0,1.0499440924729371e-05,2.4289048721696657e-05,1.314959068470339e-06
3012,-0.00083333333333333176,-0.01,0,1.0540642517455213e-05,2.8919127264542497e-05,1.204083334628794e-05
3013,0,-0.01,0,1.0938741417742921e-05,3.1922267743869783e-05,1.2717051978187429e-05
3014,0.00083333333333333523,-0.01,0,9.7660104176387935e-06,3.0473827299964267e-05,1.3038649415184031e-05
3015,0.001666666666666667,-0.01,0,8.043974964156108e-06,2.6184627734547376e-05,1.04424582496434e-05
3016,0.0025000000000000022,-0.01,0,4.2556032979940863e-06,2.0313949828520723e-05,6.9051547673122192e-06
3017,0.003333333333333334,-0.01,0,1.0632819470893568e-06,1.3418672395709508e-05,7.5759702072609192e-06
3018,0.0041666666666666692,-0.01,0,1.6081568710454468e-07,8.1319769377858263e-06,9.2865080557361267e-06
3019,0.005000000000000001,-0.01,0,-1.3472736129736865e-07,5.0434354617018359e-06,7.5567515280976787e-06
3020,0.0058333333333333362,-0.01,0,-3.4018557642752482e-07,2.8976170528974153e-06,4.9936593074628256e-06
3021,0.006666666666666668,-0.01,0,-4.7398636178101341e-07,1.6314859900133272e-06,2.4537256065565043e-06
3022,0.0074999999999999997,-0.01,0,-5.7362391618428466e-07,1.126503637861721e-06,1.602584150458247e-07
3023,0.008333333333333335,-0.01,0,-6.6198721687461496e-07,1.0681895109183422e-06,-1.8237043447003477e-06
3024,0.0091666666666666667,-0.01,0,-8.3207729981437503e-07,1.2840841934469798e-06,-3.2501781484177801e-06
3025,0.010000000000000002,-0.01,0,-1.1085512509004018e-06,1.5100460258543195e-06,-4.0242971491885168e-06
3026,0.010833333333333334,-0.01,0,-1.2697271119833314e-06,1.580719697938929e-06,-4.0666847407493528e-06
3027,0.011666666666666669,-0.01,0,-1.3204347447680102e-06,1.4900815074728609e-06,-3.50173398560715e-06
3028,0.012500000000000001,-0.01,0,-1.2660797174716543e-06,1.285183511693468e-06,-2.5652140120085627e-06
3029,0.013333333333333332,-0.01,0,-1.064476333563574e-06,9.5724678154482927e-07,-1.4777597335880166e-06
3030,0.014166666666666671,-0.01,0,-6.6120731254813055e-07,5.3729165391406388e-07,-5.6997095105692286e-07
3031,0.015000000000000003,-0.01,0,0,0,0
3032,0.015833333333333335,-0.01,0,0,0,0
3033,0.016666666666666666,-0.01,0,0,0,0
3034,0.017500000000000005,-0.01,0,0,0,0
3035,0.018333333333333337,-0.01,0,0,0,0
3036,0.019166666666666669,-0.01,0,0,0,0
3037,0.02,-0.01,0,0,0,0
3038,-0.02,-0.0091666666666666667,0,0,0,0
3039,-0.019166666666666669,-0.0091666666666666667,0,0,0,0
3040,-0.018333333333333333,-0.0091666666666666667,0,0,0,0
3041,-0.017500000000000002,-0.0091666666666666667,0,0,0,0
3042,-0.016666666666666666,-0.0091666666666666667,0,0,0,0
3043,-0.015833333333333335,-0.0091666666666666667,0,0,0,0
3044,-0.014999999999999999,-0.0091666666666666667,0,0,0,0
3045,-0.014166666666666668,-0.0091666666666666667,0,1.901713010453449e-07,2.151494441527768e-07,-2.2424973659101868e-07
3046,-0.013333333333333332,-0.0091666666666666667,0,1.9481967501980507e-07,3.6637284985908917e-07,2.4315899310471058e-09
3047,-0.012500000000000001,-0.0091666666666666667,0,-1.0870544519206959e-08,3.6369888451556305e-07,6.631839318933629e-07
3048,-0.011666666666666667,-0.0091666666666666667,0,-3.035600143976141e-07,2.4411604833366084e-07,2.0322381042402337e-06
3049,-0.010833333333333334,-0.0091666666666666667,0,-6.9934953622551017e-07,7.9474468736053567e-09,4.2663004424297598e-06
3050,-0.01,-0.0091666666666666667,0,-1.1328511209927153e-06,-4.8090101241098969e-07,7.540616330724729e-06
3051,-0.0091666666666666667,-0.0091666666666666667,0,-1.2133538223070936e-06,-1.0069798843067656e-06,1.1662042912978934e-05
3052,-0.0083333333333333332,-0.0091666666666666667,0,-4.6849941123610612e-07,-1.4678660784981495e-06,1.6264148878119019e-05
3053,-0.0074999999999999997,-0.0091666666666666667,0,1.7919476327549136e-06,-1.273011209366709e-06,2.08289656443334e-05
3054,-0.0066666666666666662,-0.0091666666666666667,0,6.2145180327554294e-06,6.6789419735082285e-07,2.3031271429613473e-05
3055,-0.0058333333333333327,-0.0091666666666666667,0,1.1326384576350804e-05,4.7724318665560386e-06,2.1968127914814798e-05
3056,-0.0049999999999999992,-0.0091666666666666667,0,1.8034018170784373e-05,1.267689564072902e-05,1.394336799280339e-05
3057,-0.0041666666666666657,-0.0091666666666666667,0,2.8163698846415217e-05,2.4882332517541581e-05,1.3353535185068074e-05
3058,-0.003333333333333334,-0.0091666666666666667,0,3.4833670898066082e-05,4.0869344024374436e-05,-3.8041187562935138e-06
3059,-0.0024999999999999988,-0.0091666666666666667,0,3.3281263939987835e-05,5.5677488771203133e-05,-2.8186229767632317e-05
3060,-0.001666666666666667,-0.0091666666666666667,0,2.6012986226173648e-05,7.1405745234224793e-05,-2.9981412194317436e-05
3061,-0.00083333333333333176,-0.0091666666666666667,0,2.1331772538037061e-05,8.0262556723134835e-05,-3.6827720688787123e-05
3062,0,-0.0091666666666666667,0,1.7293215029919592e-05,8.5844483371332273e-05,-3.7384374687822517e-05
3063,0.00083333333333333523,-0.0091666666666666667,0,1.0932052695898058e-05,8.2488008030926876e-05,-3.4074999596779427e-05
3064,0.001666666666666667,-0.0091666666666666667,0,5.7921849690854972e-06,7.3313451459354446e-05,-2.5751534408201327e-05
3065,0.0025000000000000022,-0.0091666666666666667,0,1.4474690692924066e-06,6.1751699707192454e-05,-4.912994583065511e-06
3066,0.003333333333333334,-0.0091666666666666667,0,-8.6194029926139905e-07,4.7355219414654844e-05,1.3385415285685331e-05
3067,0.0041666666666666692,-0.0091666666666666667,0,-1.6136212116671105e-06,3.342187215937655e-05,2.6680158726717832e-06
3068,0.005000000000000001,-0.0091666666666666667,0,-2.1378390089204052e-06,1.9816871604497705e-05,3.2213745113414671e-06
3069,0.0058333333333333362,-0.0091666666666666667,0,-1.8690678912584223e-06,9.4143433429107278e-06,7.3065931001601354e-06
3070,0.006666666666666668,-0.0091666666666666667,0,-1.4490543569258005e-06,4.6815534636185717e-06,5.7756342317822548e-06
3071,0.0074999999999999997,-0.0091666666666666667,0,-7.2858357531988668e-07,2.7195286036449382e-06,3.0902373737162646e-06
3072,0.008333333333333335,-0.0091666666666666667,0,-7.0363234168521697e-07,1.7827184624552497e-06,1.1281259310808807e-08
3073,0.0091666666666666667,-0.0091666666666666667,0,-8.5348382457276055e-07,1.4735980046935571e-06,-2.5068828561073281e-06
3074,0.010000000000000002,-0.0091666666666666667,0,-1.1258390957800993e-06,1.5566988890246537e-06,-4.0910722169651565e-06
3075,0.010833333333333334,-0.0091666666666666667,0,-1.4734395162457396e-06,1.6997004204287167e-06,-4.6844089296725171e-06
3076,0.011666666666666669,-0.0091666666666666667,0,-1.6304162137393324e-06,1.6748048921577487e-06,-4.363139084818026e-06
3077,0.012500000000000001,-0.0091666666666666667,0,-1.6035414342456768e-06,1.4828622777640141e-06,-3.3778941226954458e-06
3078,0.013333333333333332,-0.0091666666666666667,0,-1.3963290951524762e-06,1.143763481882244e-06,-2.0578439694305275e-06
3079,0.014166666666666671,-0.0091666666666666667,0,-9.287531213711422e-07,6.7005265279314125e-07,-8.769742160763256e-07
3080,0.015000000000000003,-0.0091666666666666667,0,0,0,0
3081,0.015833333333333335,-0.0091666666666666667,0,0,0,0
3082,0.016666666666666666,-0.0091666666666666667,0,0,0,0
3083,0.017500000000000005,-0.0091666666666666667,0,0,0,0
3084,0.018333333333333337,-0.0091666666666666667,0,0,0,0
3085,0.019166666666666669,-0.0091666666666666667,0,0,0,0
3086,0.02,-0.0091666666666666667,0,0,0,0
3087,-0.02,-0.0083333333333333332,0,0,0,0
3088,-0.019166666666666669,-0.0083333333333333332,0,0,0,0
3089,-0.018333333333333333,-0.0083333333333333332,0,0,0,0
3090,-0.017500000000000002,-0.0083333333333333332,0,0,0,0
3091,-0.016666666666666666,-0.0083333333333333332,0,0,0,0
3092,-0.015833333333333335,-0.0083333333333333332,0,0,0,0
3093,-0.014999999999999999,-0.0083333333333333332,0,0,0,0
3094,-0.014166666666666668,-0.0083333333333333332,0,2.9416708385005114e-07,2.8625296082510136e-07,-3.3014092998381754e-07
3095,-0.013333333333333332,-0.0083333333333333332,0,3.0482316772776001e-07,4.8949226116701099e-07,-2.0960007487524655e-08
3096,-0.012500000000000001,-0.0083333333333333332,0,1.9719588800100336e-08,4.9233820095655506e-07,8.2212104413719947e-07
3097,-0.011666666666666667,-0.0083333333333333332,0,-4.2699731205043434e-07,3.5871059378255775e-07,2.621755286330133e-06
3098,-0.010833333333333334,-0.0083333333333333332,0,-1.0650311897716361e-06,-8.9536326927237081e-09,5.7171313216248252e-06
3099,-0.01,-0.0083333333333333332,0,-1.5053445452629359e-06,-5.5328751550960423e-07,1.017197013660161e-05
3100,-0.0091666666666666667,-0.0083333333333333332,0,-1.0979800046960462e-06,-1.1909934340622938e-06,1.5772337531418892e-05
3101,-0.0083333333333333332,-0.0083333333333333332,0,1.1564323435984552e-06,-1.3227247432707661e-06,2.1726629899060566e-05
3102,-0.0074999999999999997,-0.0083333333333333332,0,5.6671152124953161e-06,3.8658240777613969e-07,2.6404048827773388e-05
3103,-0.0066666666666666662,-0.0083333333333333332,0,1.558962452157617e-05,5.4440035202824549e-06,2.3294277438915619e-05
3104,-0.0058333333333333327,-0.0083333333333333332,0,2.6518591807502539e-05,1.6652720173184067e-05,1.4183277281372343e-05
3105,-0.0049999999999999992,-0.0083333333333333332,0,3.9019533276698178e-05,3.5538012363477298e-05,1.7661843301300883e-05
3106,-0.0041666666666666657,-0.0083333333333333332,0,5.1709745110117326e-05,6.1114022872857008e-05,-3.8745915794117937e-05
3107,-0.003333333333333334,-0.0083333333333333332,0,6.2122256978659177e-05,9.3743828411449478e-05,-7.1225084884678859e-05
3108,-0.0024999999999999988,-0.0083333333333333332,0,6.1429478880909981e-05,0.00012544029718286536,-0.00010474620703851409
3109,-0.001666666666666667,-0.0083333333333333332,0,5.016728571294697e-05,0.00015060924782887155,-0.00014251291396673432
3110,-0.00083333333333333176,-0.0083333333333333332,0,3.6762916372807386e-05,0.00016600250116846391,-0.0001717294819756457
3111,0,-0.0083333333333333332,0,2.0358328890451742e-05,0.00017175973474250092,-0.00017619412323495305
3112,0.00083333333333333523,-0.0083333333333333332,0,3.9821752598963191e-06,0.00016806214228808864,-0.00016321456539955011
3113,0.001666666666666667,-0.0083333333333333332,0,-9.5009338925472693e-06,0.00015379862496522396,-0.00012939988646133165
3114,0.0025000000000000022,-0.0083333333333333332,0,-1.6815760098622624e-05,0.00012958460490700513,-0.00010233944529084952
3115,0.003333333333333334,-0.0083333333333333332,0,-1.8318568751274399e-05,9.9853359606918686e-05,-7.7093311195520161e-05
3116,0.0041666666666666692,-0.0083333333333333332,0,-1.7717333328650123e-05,7.5260424309396302e-05,-1.9802969626165059e-05
3117,0.005000000000000001,-0.0083333333333333332,0,-1.1664319227159311e-05,5.1680158946873763e-05,1.8070331203291194e-06
3118,0.0058333333333333362,-0.0083333333333333332,0,-7.4121585933131176e-06,2.8656181014669343e-05,-4.9234464244825039e-06
3119,0.006666666666666668,-0.0083333333333333332,0,-5.0325872709265131e-06,1.3074053981128111e-05,3.9077531562031947e-06
3120,0.0074999999999999997,-0.0083333333333333332,0,-2.3038822548452409e-06,6.531220670826689e-06,4.673864668246343e-06
3121,0.008333333333333335,-0.0083333333333333332,0,-1.3452578289105409e-06,3.8622835119446555e-06,1.6385738570554101e-06
3122,0.0091666666666666667,-0.0083333333333333332,0,-1.1733866898454246e-06,2.621899390429596e-06,-1.6779158621669019e-06
3123,0.010000000000000002,-0.0083333333333333332,0,-1.35649363851556e-06,1.9811259896056964e-06,-4.1241559238021323e-06
3124,0.010833333333333334,-0.0083333333333333332,0,-1.6794161186523358e-06,1.8718143090665585e-06,-5.2839851203281151e-06
3125,0.011666666666666669,-0.0083333333333333332,0,-1.9893121525190383e-06,1.8548107412898493e-06,-5.2834602731909455e-06
3126,0.012500000000000001,-0.0083333333333333332,0,-2.0522452546133311e-06,1.7040769108931683e-06,-4.3388815096784012e-06
3127,0.013333333333333332,-0.0083333333333333332,0,-1.8689843269736994e-06,1.3658027590928099e-06,-2.8036184580421352e-06
3128,0.014166666666666671,-0.0083333333333333332,0,-1.3427494331594651e-06,8.2578819774790517e-07,-1.2981050922546102e-06
3129,0.015000000000000003,-0.0083333333333333332,0,0,0,0
3130,0.015833333333333335,-0.0083333333333333332,0,0,0,0
3131,0.016666666666666666,-0.0083333333333333332,0,0,0,0
3132,0.017500000000000005,-0.0083333333333333332,0,0,0,0
3133,0.018333333333333337,-0.0083333333333333332,0,0,0,0
3134,0.019166666666666669,-0.0083333333333333332,0,0,0,0
3135,0.02,-0.0083333333333333332,0,0,0,0
3136,-0.02,-0.0074999999999999997,0,0,0,0
3137,-0.019166666666666669,-0.0074999999999999997,0,0,0,0
3138,-0.018333333333333333,-0.0074999999999999997,0,0,0,0
3139,-0.017500000000000002,-0.0074999999999999997,0,0,0,0
3140,-0.016666666666666666,-0.0074999999999999997,0,0,0,0
3141,-0.015833333333333335,-0.0074999999999999997,0,0,0,0
3142,-0.014999999999999999,-0.0074999999999999997,0,0,0,0
3143,-0.014166666666666668,-0.0074999999999999997,0,5.1319385473160561e-07,3.7131483202201662e-07,-4.9862169805158856e-07
3144,-0.013333333333333332,-0.0074999999999999997,0,4.7169003899509726e-07,6.2445144761520698e-07,-1.6438155175359228e-07
3145,-0.012500000000000001,-0.0074999999999999997,0,9.9653156719960266e-08,6.4562447591582437e-07,8.5439574635373022e-07
3146,-0.011666666666666667,-0.0074999999999999997,0,-5.7499490887217114e-07,4.4437292628698374e-07,3.2052330475047825e-06
3147,-0.010833333333333334,-0.0074999999999999997,0,-1.3677104844663284e-06,6.6298366926083485e-09,7.2666325735259527e-06
3148,-0.01,-0.0074999999999999997,0,-1.5476817564435218e-06,-6.0553860461411321e-07,1.308612313173808e-05
3149,-0.0091666666666666667,-0.0074999999999999997,0,1.3853770323905792e-07,-9.2888260632420527e-07,2.0034555569338772e-05
3150,-0.0083333333333333332,-0.0074999999999999997,0,4.8478658700356591e-06,3.0584101714366613e-07,2.5630920728217261e-05
3151,-0.0074999999999999997,-0.0074999999999999997,0,1.5803655227268494e-05,6.7155036647738816e-06,2.30291032778084e-05
3152,-0.0066666666666666662,-0.0074999999999999997,0,3.345490097324782e-05,1.9291675496530943e-05,2.8614278976503181e-05
3153,-0.0058333333333333327,-0.0074999999999999997,0,5.08708217338889e-05,4.1152300757320187e-05,-1.6732307279555159e-05
3154,-0.0049999999999999992,-0.0074999999999999997,0,7.5031297619221958e-05,7.2610410211865789e-05,-6.1648575318412109e-05
3155,-0.0041666666666666657,-0.0074999999999999997,0,9.5753397233894042e-05,0.00012119946809625183,-0.00012077244761396995
3156,-0.003333333333333334,-0.0074999999999999997,0,0.00010011966485223538,0.00016176684051819086,-0.00023291529554176008
3157,-0.0024999999999999988,-0.0074999999999999997,0,9.0385972296927808e-05,0.00019455267854480754,-0.0003243538195766961
3158,-0.001666666666666667,-0.0074999999999999997,0,7.2567880562690294e-05,0.00021617441331322649,-0.00040515314538287051
3159,-0.00083333333333333176,-0.0074999999999999997,0,5.2253163210747356e-05,0.00022782219844331774,-0.00045883502674602488
3160,0,-0.0074999999999999997,0,2.9934498800801114e-05,0.00023747917751913225,-0.00046948466950115367
3161,0.00083333333333333523,-0.0074999999999999997,0,4.2186510779803613e-06,0.00024168719467150066,-0.00045118350377320709
3162,0.001666666666666667,-0.0074999999999999997,0,-2.2145695806769995e-05,0.00023853427438839104,-0.00038645612402788722
3163,0.0025000000000000022,-0.0074999999999999997,0,-4.1599694392569824e-05,0.00022106606791642825,-0.0003064124306130405
3164,0.003333333333333334,-0.0074999999999999997,0,-5.1084745811261491e-05,0.00018301295914111704,-0.00021959811261374035
3165,0.0041666666666666692,-0.0074999999999999997,0,-4.9338770361642411e-05,0.00013313261673660208,-0.00013982837753153554
3166,0.005000000000000001,-0.0074999999999999997,0,-3.7190095464540117e-05,9.4585553050376942e-05,-6.9455936733317316e-05
3167,0.0058333333333333362,-0.0074999999999999997,0,-2.5560616315930856e-05,5.81788285554358e-05,-1.284399412226255e-05
3168,0.006666666666666668,-0.0074999999999999997,0,-1.315233999644788e-05,3.3382284172286959e-05,-8.1876536882259817e-06
3169,0.0074999999999999997,-0.0074999999999999997,0,-6.7130554161624992e-06,1.5924992388435973e-05,-1.1540787274453762e-06
3170,0.008333333333333335,-0.0074999999999999997,0,-3.6026981752187379e-06,7.7661884259341758e-06,7.4111172361509389e-07
3171,0.0091666666666666667,-0.0074999999999999997,0,-2.2170478550031062e-06,4.6300997632209155e-06,-1.6155556460772143e-06
3172,0.010000000000000002,-0.0074999999999999997,0,-1.9731066208610934e-06,3.0905923524153099e-06,-4.4755504750100179e-06
3173,0.010833333333333334,-0.0074999999999999997,0,-2.1094756547529368e-06,2.3031805691754417e-06,-6.1280037189805056e-06
3174,0.011666666666666669,-0.0074999999999999997,0,-2.3968102662273888e-06,2.0641050228909504e-06,-6.375204001974818e-06
3175,0.012500000000000001,-0.0074999999999999997,0,-2.5775949270161157e-06,1.913017421005087e-06,-5.4841851186616568e-06
3176,0.013333333333333332,-0.0074999999999999997,0,-2.4614441456786845e-06,1.6016054827251545e-06,-3.7405023641730392e-06
3177,0.014166666666666671,-0.0074999999999999997,0,-1.9298923648240396e-06,9.9004038981991955e-07,-1.8995230881772153e-06
3178,0.015000000000000003,-0.0074999999999999997,0,0,0,0
3179,0.015833333333333335,-0.0074999999999999997,0,0,0,0
3180,0.016666666666666666,-0.0074999999999999997,0,0,0,0
3181,0.017500000000000005,-0.0074999999999999997,0,0,0,0
3182,0.018333333333333337,-0.0074999999999999997,0,0,0,0
3183,0.019166666666666669,-0.0074999999999999997,0,0,0,0
3184,0.02,-0.0074999999999999997,0,0,0,0
3185,-0.02,-0.0066666666666666662,0,0,0,0
3186,-0.019166666666666669,-0.0066666666666666662,0,0,0,0
3187,-0.018333333333333333,-0.0066666666666666662,0,0,0,0
3188,-0.017500000000000002,-0.0066666666666666662,0,0,0,0
3189,-0.016666666666666666,-0.0066666666666666662,0,0,0,0
3190,-0.015833333333333335,-0.0066666666666666662,0,0,0,0
3191,-0.014999999999999999,-0.0066666666666666662,0,0,0,0
3192,-0.014166666666666668,-0.0066666666666666662,0,8.2286337883114824e-07,4.5299404307580419e-07,-7.444371133671734e-07
3193,-0.013333333333333332,-0.0066666666666666662,0,7.0635132653950786e-07,7.4214486793383866e-07,-4.5103866613203256e-07
3194,-0.012500000000000001,-0.0066666666666666662,0,1.9994306960936211e-07,7.8010803579801534e-07,7.8592530770689629e-07
3195,-0.011666666666666667,-0.0066666666666666662,0,-6.8049526005448036e-07,5.136978544492415e-07,3.7659757117414119e-06
3196,-0.010833333333333334,-0.0066666666666666662,0,-1.3807343579697636e-06,2.5571304525279669e-08,8.8452300676004104e-06
3197,-0.01,-0.0066666666666666662,0,-8.3216961828942265e-07,-6.3046637907117983e-07,1.6107568544438162e-05
3198,-0.0091666666666666667,-0.0066666666666666662,0,3.4513869666486943e-06,-6.1817695114224478e-07,2.3573401033386085e-05
3199,-0.0083333333333333332,-0.0066666666666666662,0,1.3852598399443875e-05,3.6023996569682514e-06,2.441826963712285e-05
3200,-0.0074999999999999997,-0.0066666666666666662,0,3.186434897257888e-05,1.5030083362207677e-05,1.7608332808190245e-05
3201,-0.0066666666666666662,-0.0066666666666666662,0,6.1858372350386963e-05,3.9346926148695264e-05,-2.2901939188440645e-05
3202,-0.0058333333333333327,-0.0066666666666666662,0,9.6414377390759948e-05,7.8907940361168215e-05,-7.2329527781952858e-05
3203,-0.0049999999999999992,-0.0066666666666666662,0,0.00012326767297068814,0.00012558807048282996,-0.00018915509743816684
3204,-0.0041666666666666657,-0.0066666666666666662,0,0.0001347782516816726,0.00016374400008888399,-0.00034142047096651031
3205,-0.003333333333333334,-0.0066666666666666662,0,0.00012697202559340312,0.00018118964789672426,-0.00050821748627437856
3206,-0.0024999999999999988,-0.0066666666666666662,0,0.00011843695468707451,0.0001862451729086047,-0.00064321360424575826
3207,-0.001666666666666667,-0.0066666666666666662,0,0.00010272757049613249,0.00019920881306257002,-0.00073824016998857837
3208,-0.00083333333333333176,-0.0066666666666666662,0,8.5850583649489659e-05,0.00021035551263612993,-0.00079854786357471449
3209,0,-0.0066666666666666662,0,6.1775515609122032e-05,0.00021892272740287142,-0.00083367404502163905
3210,0.00083333333333333523,-0.0066666666666666662,0,2.864886838176697e-05,0.00022789344374949378,-0.00082335242022788077
3211,0.001666666666666667,-0.0066666666666666662,0,-1.2426454566478447e-05,0.00023439828206319499,-0.0007647678625222837
3212,0.0025000000000000022,-0.0066666666666666662,0,-4.8080089383918738e-05,0.00024436973767366546,-0.00064751467513637386
3213,0.003333333333333334,-0.0066666666666666662,0,-7.8237193251080791e-05,0.00023950201827797288,-0.00048769611418279774
3214,0.0041666666666666692,-0.0066666666666666662,0,-9.1980503546069638e-05,0.000206756819817635,-0.0003301880134376783
3215,0.005000000000000001,-0.0066666666666666662,0,-8.0464151181194619e-05,0.00014884477592106519,-0.00019401077492540558
3216,0.0058333333333333362,-0.0066666666666666662,0,-5.5969177435325316e-05,9.6215858496305416e-05,-0.00011041884435531653
3217,0.006666666666666668,-0.0066666666666666662,0,-3.5935683707149721e-05,6.2975688570375264e-05,-1.9359082666684339e-05
3218,0.0074999999999999997,-0.0066666666666666662,0,-1.7786427548442287e-05,3.4427032571287655e-05,-1.5041760429956031e-05
3219,0.008333333333333335,-0.0066666666666666662,0,-9.0541347215766561e-06,1.5658216908964919e-05,-6.5975378853937814e-06
3220,0.0091666666666666667,-0.0066666666666666662,0,-4.5378232534461233e-06,7.5646568402994235e-06,-3.6094136852894859e-06
3221,0.010000000000000002,-0.0066666666666666662,0,-3.1440756357037348e-06,4.6940435510418989e-06,-5.5881205435684332e-06
3222,0.010833333333333334,-0.0066666666666666662,0,-2.9361645894271389e-06,3.0818719352453558e-06,-7.3899171870226174e-06
3223,0.011666666666666669,-0.0066666666666666662,0,-3.0298854535624473e-06,2.4162479797626248e-06,-7.7990655335814498e-06
3224,0.012500000000000001,-0.0066666666666666662,0,-3.209210657785195e-06,2.1237837845666341e-06,-6.8475076258292242e-06
3225,0.013333333333333332,-0.0066666666666666662,0,-3.1876042511680776e-06,1.8352017945358186e-06,-4.8847794024765804e-06
3226,0.014166666666666671,-0.0066666666666666662,0,-2.6630927537504312e-06,1.1490780213308353e-06,-2.6452044508924309e-06
3227,0.015000000000000003,-0.0066666666666666662,0,0,0,0
3228,0.015833333333333335,-0.0066666666666666662,0,0,0,0
3229,0.016666666666666666,-0.0066666666666666662,0,0,0,0
3230,0.017500000000000005,-0.0066666666666666662,0,0,0,0
3231,0.018333333333333337,-0.0066666666666666662,0,0,0,0
3232,0.019166666666666669,-0.0066666666666666662,0,0,0,0
3233,0.02,-0.0066666666666666662,0,0,0,0
3234,-0.02,-0.0058333333333333327,0,0,0,0
3235,-0.019166666666666669,-0.0058333333333333327,0,0,0,0
3236,-0.018333333333333333,-0.0058333333333333327,0,0,0,0
3237,-0.017500000000000002,-0.0058333333333333327,0,0,0,0
3238,-0.016666666666666666,-0.0058333333333333327,0,0,0,0
3239,-0.015833333333333335,-0.0058333333333333327,0,0,0,0
3240,-0.014999999999999999,-0.0058333333333333327,0,0,0,0
3241,-0.014166666666666668,-0.0058333333333333327,0,1.199171451965637e-06,5.0818220888657975e-07,-1.0677109689492361e-06
3242,-0.013333333333333332,-0.0058333333333333327,0,9.954151297866401e-07,8.3747591556138158e-07,-8.4125823148954141e-07
3243,-0.012500000000000001,-0.0058333333333333327,0,3.4380770272282852e-07,8.7796892074746011e-07,6.4354116928683565e-07
3244,-0.011666666666666667,-0.0058333333333333327,0,-5.8561282758361735e-07,5.9483460448259603e-07,4.2074222697803511e-06
3245,-0.010833333333333334,-0.0058333333333333327,0,-9.511643563875815e-07,1.3904152847423669e-07,1.0310001789972424e-05
3246,-0.01,-0.0058333333333333327,0,8.5121175076401224e-07,-6.1820757119897323e-07,1.8708697347953872e-05
3247,-0.0091666666666666667,-0.0058333333333333327,0,9.2418037550851475e-06,1.0394684394211767e-06,2.4195641995369692e-05
3248,-0.0083333333333333332,-0.0058333333333333327,0,2.7741726920293979e-05,7.5771580871009064e-06,1.849993246219483e-05
3249,-0.0074999999999999997,-0.0058333333333333327,0,6.1154270418747213e-05,2.7121704314524153e-05,-9.3008146279041727e-06
3250,-0.0066666666666666662,-0.0058333333333333327,0,0.00010650598132053401,6.6524971286164984e-05,-7.9048630380182427e-05
3251,-0.0058333333333333327,-0.0058333333333333327,0,0.00014694394551993076,0.00010929713999088146,-0.00020980366778237716
3252,-0.0049999999999999992,-0.0058333333333333327,0,0.00015871385449363915,0.0001362012163205383,-0.0004172750037985737
3253,-0.0041666666666666657,-0.0058333333333333327,0,0.00016201718953190561,0.00014473324781914406,-0.00061609946251529532
3254,-0.003333333333333334,-0.0058333333333333327,0,0.00017510682109575642,0.00016014839477701786,-0.00076472334281590167
3255,-0.0024999999999999988,-0.0058333333333333327,0,0.00018921722213514796,0.00015269851626377698,-0.00091513374003159866
3256,-0.001666666666666667,-0.0058333333333333327,0,0.00019746064508903994,0.00016982364366906037,-0.001065663774555563
3257,-0.00083333333333333176,-0.0058333333333333327,0,0.00017753663658523483,0.0001908864849385515,-0.0011724381752090801
3258,0,-0.0058333333333333327,0,0.00014601652912222098,0.00020616296653321118,-0.0012160105258220773
3259,0.00083333333333333523,-0.0058333333333333327,0,9.9261216761948801e-05,0.00023185034047933727,-0.0011779124675494947
3260,0.001666666666666667,-0.0058333333333333327,0,4.0007271690294765e-05,0.00024021591736116593,-0.0010949635058034822
3261,0.0025000000000000022,-0.0058333333333333327,0,-1.2011300438983845e-05,0.00023093335478609333,-0.00099762779025454871
3262,0.003333333333333334,-0.0058333333333333327,0,-6.5729642531125752e-05,0.00022689035785763897,-0.00085314121398768128
3263,0.0041666666666666692,-0.0058333333333333327,0,-0.00011139512375515433,0.00023324172609546451,-0.00062719625469119869
3264,0.005000000000000001,-0.0058333333333333327,0,-0.00012914732790222417,0.00020262376377893509,-0.0003979803986367603
3265,0.0058333333333333362,-0.0058333333333333327,0,-0.0001069042264079594,0.00014328981902353048,-0.00022761049119818388
3266,0.006666666666666668,-0.0058333333333333327,0,-6.8750930628640248e-05,8.9454212494823482e-05,-0.00012419388954317017
3267,0.0074999999999999997,-0.0058333333333333327,0,-4.2757681009191433e-05,5.5828338580442594e-05,-2.8256506190567064e-05
3268,0.008333333333333335,-0.0058333333333333327,0,-2.0625710742816377e-05,2.7385471026494863e-05,-1.8046964686851709e-05
3269,0.0091666666666666667,-0.0058333333333333327,0,-8.4803090408137087e-06,1.1985291410081917e-05,-8.8459891692148919e-06
3270,0.010000000000000002,-0.0058333333333333327,0,-5.2663814142783357e-06,6.2145270326751117e-06,-7.9560844263114125e-06
3271,0.010833333333333334,-0.0058333333333333327,0,-4.0924278533530307e-06,4.1359576872205515e-06,-9.228588946861859e-06
3272,0.011666666666666669,-0.0058333333333333327,0,-3.8906009268098734e-06,2.8235372906495414e-06,-9.6197826559952875e-06
3273,0.012500000000000001,-0.0058333333333333327,0,-3.9743790356095722e-06,2.355635378784938e-06,-8.5116989376130257e-06
3274,0.013333333333333332,-0.0058333333333333327,0,-4.0378295330172464e-06,2.0288593683536385e-06,-6.2260587536564126e-06
3275,0.014166666666666671,-0.0058333333333333327,0,-3.4847532179380455e-06,1.2799059074433241e-06,-3.4353019707049678e-06
3276,0.015000000000000003,-0.0058333333333333327,0,0,0,0
3277,0.015833333333333335,-0.0058333333333333327,0,0,0,0
3278,0.016666666666666666,-0.0058333333333333327,0,0,0,0
3279,0.017500000000000005,-0.0058333333333333327,0,0,0,0
3280,0.018333333333333337,-0.0058333333333333327,0,0,0,0
3281,0.019166666666666669,-0.0058333333333333327,0,0,0,0
3282,0.02,-0.0058333333333333327,0,0,0,0
3283,-0.02,-0.0049999999999999992,0,0,0,0
3284,-0.019166666666666669,-0.0049999999999999992,0,0,0,0
3285,-0.018333333333333333,-0.0049999999999999992,0,0,0,0
3286,-0.017500000000000002,-0.0049999999999999992,0,0,0,0
3287,-0.016666666666666666,-0.0049999999999999992,0,0,0,0
3288,-0.015833333333333335,-0.0049999999999999992,0,0,0,0
3289,-0.014999999999999999,-0.0049999999999999992,0,0,0,0
3290,-0.014166666666666668,-0.0049999999999999992,0,1.6312019124641312e-06,5.2380811887137792e-07,-1.4289396319504164e-06
3291,-0.013333333333333332,-0.0049999999999999992,0,1.317657920736433e-06,8.9376593745918389e-07,-1.342138188311777e-06
3292,-0.012500000000000001,-0.0049999999999999992,0,5.6205512514490398e-07,9.374998865227317e-07,3.9882699419551482e-07
3293,-0.011666666666666667,-0.0049999999999999992,0,-1.3784657881027562e-07,6.647666126940754e-07,4.5119246686421705e-06
3294,-0.010833333333333334,-0.0049999999999999992,0,1.4232977541236265e-07,1.0295433047825045e-07,1.1477510316449699e-05
3295,-0.01,-0.0049999999999999992,0,3.8361473140946219e-06,-8.1189967413540933e-07,2.0644100310540301e-05
3296,-0.0091666666666666667,-0.0049999999999999992,0,1.9609628338905756e-05,1.3366759179566846e-06,2.0223003289093542e-05
3297,-0.0083333333333333332,-0.0049999999999999992,0,5.0537377223366897e-05,1.293679079081909e-05,1.7974233236990364e-05
3298,-0.0074999999999999997,-0.0049999999999999992,0,9.9600575792213803e-05,4.2079918935437775e-05,-5.2025122872726558e-05
3299,-0.0066666666666666662,-0.0049999999999999992,0,0.00015308361836836165,8.1692151538099861e-05,-0.00018622353851705528
3300,-0.0058333333333333327,-0.0049999999999999992,0,0.00017600119843586196,0.00010389906470032766,-0.00041135153627195855
3301,-0.0049999999999999992,-0.0049999999999999992,0,0.00019299026196098197,0.0001111075185010971,-0.00062871870775757207
3302,-0.0041666666666666657,-0.0049999999999999992,0,0.00022575118829848211,0.000110205556747812,-0.00082352046151767683
3303,-0.003333333333333334,-0.0049999999999999992,0,0.00024884234686980543,9.1586380180083595e-05,-0.0011001343318572038
3304,-0.0024999999999999988,-0.0049999999999999992,0,0.00025956615078780133,1.8296183738858979e-05,-0.0014544551230836896
3305,-0.001666666666666667,-0.0049999999999999992,0,0.0002504463204666166,3.3039806607384983e-05,-0.0017306162175982653
3306,-0.00083333333333333176,-0.0049999999999999992,0,0.00022783051721627617,4.7413458231489857e-05,-0.0018951162638510741
3307,0,-0.0049999999999999992,0,0.00021073112309490441,7.2207683240191049e-05,-0.0019403179603101413
3308,0.00083333333333333523,-0.0049999999999999992,0,0.00019322286549610727,0.00011033919853862903,-0.0018828328246771272
3309,0.001666666666666667,-0.0049999999999999992,0,0.00014953653575529427,0.00016411719964965553,-0.0017132087931988887
3310,0.0025000000000000022,-0.0049999999999999992,0,6.2568853991381844e-05,0.00022298691348140922,-0.0014535127721952176
3311,0.003333333333333334,-0.0049999999999999992,0,-2.1714867060367165e-05,0.00022546938609477026,-0.0011928488644459266
3312,0.0041666666666666692,-0.0049999999999999992,0,-8.5131757683714091e-05,0.00021088627216666258,-0.00097761807095421969
3313,0.005000000000000001,-0.0049999999999999992,0,-0.00014942728159172879,0.00020966887967200124,-0.00069454811484011563
3314,0.0058333333333333362,-0.0049999999999999992,0,-0.00016049722221805145,0.0001793275865844635,-0.00041549048268369008
3315,0.006666666666666668,-0.0049999999999999992,0,-0.00011861847539964976,0.00012112938287627493,-0.00021432948850746723
3316,0.0074999999999999997,-0.0049999999999999992,0,-7.3964762578177293e-05,7.1617522230148749e-05,-0.00010734885621996097
3317,0.008333333333333335,-0.0049999999999999992,0,-4.0723443870816489e-05,4.248142023961336e-05,-2.7316450073114371e-05
3318,0.0091666666666666667,-0.0049999999999999992,0,-1.5877690652986676e-05,1.8153940781498003e-05,-1.8755288462032197e-05
3319,0.010000000000000002,-0.0049999999999999992,0,-7.7332997919268556e-06,7.9742008583328316e-06,-1.1124871629722845e-05
3320,0.010833333333333334,-0.0049999999999999992,0,-5.5749450306306667e-06,5.0398992051864855e-06,-1.1480212201732403e-05
3321,0.011666666666666669,-0.0049999999999999992,0,-4.9846713212509669e-06,3.2711031954970683e-06,-1.1747064825166991e-05
3322,0.012500000000000001,-0.0049999999999999992,0,-4.8203242749510528e-06,2.5106118057974206e-06,-1.0480369515333572e-05
3323,0.013333333333333332,-0.0049999999999999992,0,-4.9019099380623364e-06,2.1207062205795662e-06,-7.7614507548015625e-06
3324,0.014166666666666671,-0.0049999999999999992,0,-4.3582717047764227e-06,1.3597302103583822e-06,-4.2374327035073939e-06
3325,0.015000000000000003,-0.0049999999999999992,0,0,0,0
3326,0.015833333333333335,-0.0049999999999999992,0,0,0,0
3327,0.016666666666666666,-0.0049999999999999992,0,0,0,0
3328,0.017500000000000005,-0.0049999999999999992,0,0,0,0
3329,0.018333333333333337,-0.0049999999999999992,0,0,0,0
3330,0.019166666666666669,-0.0049999999999999992,0,0,0,0
3331,0.02,-0.0049999999999999992,0,0,0,0
3332,-0.02,-0.0041666666666666657,0,0,0,0
3333,-0.019166666666666669,-0.0041666666666666657,0,0,0,0
3334,-0.018333333333333333,-0.0041666666666666657,0,0,0,0
3335,-0.017500000000000002,-0.0041666666666666657,0,0,0,0
3336,-0.016666666666666666,-0.0041666666666666657,0,0,0,0
3337,-0.015833333333333335,-0.0041666666666666657,0,0,0,0
3338,-0.014999999999999999,-0.0041666666666666657,0,0,0,0
3339,-0.014166666666666668,-0.0041666666666666657,0,2.0961114044325425e-06,5.1012667943010702e-07,-1.8020622085050044e-06
3340,-0.013333333333333332,-0.0041666666666666657,0,1.6900626076314217e-06,8.8783099685906557e-07,-1.9298130431754952e-06
3341,-0.012500000000000001,-0.0041666666666666657,0,9.4880395805661471e-07,9.728464221759483e-07,4.6607675393174141e-08
3342,-0.011666666666666667,-0.0041666666666666657,0,5.712860737411025e-07,6.7337755076164702e-07,4.5797632285678168e-06
3343,-0.010833333333333334,-0.0041666666666666657,0,1.9510869685934389e-06,1.8114336758874714e-07,1.161214889421679e-05
3344,-0.01,-0.0041666666666666657,0,8.3964996275255861e-06,6.6566398801531833e-07,1.8343266622144942e-05
3345,-0.0091666666666666667,-0.0041666666666666657,0,2.9787383251574107e-05,4.7673145750851049e-06,2.6529265810444032e-05
3346,-0.0083333333333333332,-0.0041666666666666657,0,7.8703242860924901e-05,2.1902234867704751e-05,-2.7523360573489968e-05
3347,-0.0074999999999999997,-0.0041666666666666657,0,0.00014503556050807269,5.4822648949067902e-05,-0.00012705951706546293
3348,-0.0066666666666666662,-0.0041666666666666657,0,0.00018278225163427148,7.511220888290275e-05,-0.0003361876102049907
3349,-0.0058333333333333327,-0.0041666666666666657,0,0.00021100007115889291,7.9540384342608155e-05,-0.00058056665622276127
3350,-0.0049999999999999992,-0.0041666666666666657,0,0.00025035845691443121,7.5956615852266755e-05,-0.00081094221029462984
3351,-0.0041666666666666657,-0.0041666666666666657,0,0.00026543934987292568,-6.7433861766227045e-07,-0.0012089329678881761
3352,-0.003333333333333334,-0.0041666666666666657,0,0.00026067738610702901,-5.9131934284305425e-05,-0.001692415441027529
3353,-0.0024999999999999988,-0.0041666666666666657,0,0.00021843703376362938,-6.5032566306871524e-05,-0.0020582987112723931
3354,-0.001666666666666667,-0.0041666666666666657,0,0.00017506568610051044,-7.2301927281818372e-05,-0.0022824457917367878
3355,-0.00083333333333333176,-0.0041666666666666657,0,0.00016359861249379501,-4.08576078349994e-05,-0.0024062528741151919
3356,0,-0.0041666666666666657,0,0.00017901085211455438,-1.6574026549691693e-05,-0.0024575376851698394
3357,0.00083333333333333523,-0.0041666666666666657,0,0.00018002723881326043,3.0911902250257528e-05,-0.0024189314196029878
3358,0.001666666666666667,-0.0041666666666666657,0,0.00016717387303906523,7.8379935768901497e-05,-0.0022968504986991185
3359,0.0025000000000000022,-0.0041666666666666657,0,0.00015089278331445943,0.00016058367393766956,-0.0020423419432617743
3360,0.003333333333333334,-0.0041666666666666657,0,9.1631735704899661e-05,0.00020762302435709632,-0.0016611402197355236
3361,0.0041666666666666692,-0.0041666666666666657,0,-2.7102076338368294e-05,0.00022263281812261941,-0.0012922505643658121
3362,0.005000000000000001,-0.0041666666666666657,0,-0.00012461323669210172,0.0001918172090643439,-0.0010119369757019892
3363,0.0058333333333333362,-0.0041666666666666657,0,-0.00019601669595180164,0.00018254864448149976,-0.00065714709501882426
3364,0.006666666666666668,-0.0041666666666666657,0,-0.00017699557140229063,0.00014191910849132726,-0.00035517610552364138
3365,0.0074999999999999997,-0.0041666666666666657,0,-0.00011203989944897315,8.8410292635386899e-05,-0.00018078181293440773
3366,0.008333333333333335,-0.0041666666666666657,0,-6.7813234154955919e-05,5.3630335614600692e-05,-5.7335819637039466e-05
3367,0.0091666666666666667,-0.0041666666666666657,0,-2.8837440362238087e-05,2.6276706836902591e-05,-2.0786982781666585e-05
3368,0.010000000000000002,-0.0041666666666666657,0,-1.1170413355447542e-05,1.1033200767830462e-05,-1.619137927536987e-05
3369,0.010833333333333334,-0.0041666666666666657,0,-7.5171569661592098e-06,5.5071691643400921e-06,-1.4223247317116997e-05
3370,0.011666666666666669,-0.0041666666666666657,0,-6.1462561937880063e-06,3.7103519087628643e-06,-1.3917978536530658e-05
3371,0.012500000000000001,-0.0041666666666666657,0,-5.7213371722806486e-06,2.5397894654339066e-06,-1.2541897087293307e-05
3372,0.013333333333333332,-0.0041666666666666657,0,-5.7354163812474499e-06,2.0512135053066832e-06,-9.4469111072681637e-06
3373,0.014166666666666671,-0.0041666666666666657,0,-5.2352291680896011e-06,1.37505149279953e-06,-5.0573498321561262e-06
3374,0.015000000000000003,-0.0041666666666666657,0,0,0,0
3375,0.015833333333333335,-0.0041666666666666657,0,0,0,0
3376,0.016666666666666666,-0.0041666666666666657,0,0,0,0
3377,0.017500000000000005,-0.0041666666666666657,0,0,0,0
3378,0.018333333333333337,-0.0041666666666666657,0,0,0,0
3379,0.019166666666666669,-0.0041666666666666657,0,0,0,0
3380,0.02,-0.0041666666666666657,0,0,0,0
3381,-0.02,-0.003333333333333334,0,0,0,0
3382,-0.019166666666666669,-0.003333333333333334,0,0,0,0
3383,-0.018333333333333333,-0.003333333333333334,0,0,0,0
3384,-0.017500000000000002,-0.003333333333333334,0,0,0,0
3385,-0.016666666666666666,-0.003333333333333334,0,0,0,0
3386,-0.015833333333333335,-0.003333333333333334,0,0,0,0
3387,-0.014999999999999999,-0.003333333333333334,0,0,0,0
3388,-0.014166666666666668,-0.003333333333333334,0,2.5547317568591437e-06,4.5724913135482434e-07,-2.1655995226785842e-06
3389,-0.013333333333333332,-0.003333333333333334,0,2.1312736931117635e-06,8.3477070518135798e-07,-2.5241415697062832e-06
3390,-0.012500000000000001,-0.003333333333333334,0,1.4954531845498759e-06,9.3626657009013214e-07,-4.3709793209702914e-07
3391,-0.011666666666666667,-0.003333333333333334,0,1.563271549647318e-06,4.5735484937820716e-07,4.3240553744610696e-06
3392,-0.010833333333333334,-0.003333333333333334,0,4.2281021476738542e-06,-8.1981376980089765e-07,1.1130472691872981e-05
3393,-0.01,-0.003333333333333334,0,1.4463929293292727e-05,-3.6636825719572718e-07,1.6143616330337387e-05
3394,-0.0091666666666666667,-0.003333333333333334,0,4.6983946023626651e-05,3.0217153099979032e-06,4.8273474535013999e-06
3395,-0.0083333333333333332,-0.003333333333333334,0,0.00011454053910507426,2.3751627122465428e-05,-5.6785406795683245e-05
3396,-0.0074999999999999997,-0.003333333333333334,0,0.0001742415181672008,4.767076461467209e-05,-0.00022597675743547493
3397,-0.0066666666666666662,-0.003333333333333334,0,0.00020048635054506234,4.8789594029441301e-05,-0.00047799167292994678
3398,-0.0058333333333333327,-0.003333333333333334,0,0.00025407291367252939,3.9094963256737499e-05,-0.00068085757162608597
3399,-0.0049999999999999992,-0.003333333333333334,0,0.00028207057244342972,-2.9094286161059268e-05,-0.0011194695378617125
3400,-0.0041666666666666657,-0.003333333333333334,0,0.00024837187760293547,-0.00011754327318310166,-0.0016993267029173807
3401,-0.003333333333333334,-0.003333333333333334,0,0.00016662567735658922,-0.00012378421342814836,-0.0021637481442130248
3402,-0.0024999999999999988,-0.003333333333333334,0,0.00012506958325968919,-0.00013123209059317378,-0.002440231134373411
3403,-0.001666666666666667,-0.003333333333333334,0,0.00012952013142550486,-0.00014126019496905082,-0.0026209190485067982
3404,-0.00083333333333333176,-0.003333333333333334,0,0.00013787975512052528,-0.00013794981369594697,-0.0027318375457102673
3405,0,-0.003333333333333334,0,0.00016646427937306392,-0.00010146734327508675,-0.002783007656037317
3406,0.00083333333333333523,-0.003333333333333334,0,0.00018514392854927805,-4.6832500509048779e-05,-0.0027640284949326833
3407,0.001666666666666667,-0.003333333333333334,0,0.00018495235550059676,1.9503516448205256e-05,-0.0026743808443887682
3408,0.0025000000000000022,-0.003333333333333334,0,0.00015784760523956012,9.0427188154460511e-05,-0.0024980521483055772
3409,0.003333333333333334,-0.003333333333333334,0,0.0001192331788315093,0.0001867898542315848,-0.0021480848329038663
3410,0.0041666666666666692,-0.003333333333333334,0,2.4412462617450979e-05,0.00022355330101601483,-0.0016672634322132504
3411,0.005000000000000001,-0.003333333333333334,0,-7.7075436617238868e-05,0.00018062933052699189,-0.0013083109609435394
3412,0.0058333333333333362,-0.003333333333333334,0,-0.00019578156898701965,0.00016180184567845288,-0.00091728933905545424
3413,0.006666666666666668,-0.003333333333333334,0,-0.0002205419538880104,0.0001451239939764318,-0.00052669335387767332
3414,0.0074999999999999997,-0.003333333333333334,0,-0.00015988851198055361,0.00010081787166525536,-0.00025216856254868585
3415,0.008333333333333335,-0.003333333333333334,0,-9.5516051775272381e-05,5.7261448825565566e-05,-0.00012296326206728971
3416,0.0091666666666666667,-0.003333333333333334,0,-4.874205607729148e-05,3.3017045378958375e-05,-2.9489185411684434e-05
3417,0.010000000000000002,-0.003333333333333334,0,-1.7016397142436583e-05,1.3340614662714299e-05,-2.1224727552863223e-05
3418,0.010833333333333334,-0.003333333333333334,0,-9.4528515103971596e-06,5.388915727583007e-06,-1.645526029311511e-05
3419,0.011666666666666669,-0.003333333333333334,0,-7.2234437939524776e-06,3.7931414987851544e-06,-1.5829776188039064e-05
3420,0.012500000000000001,-0.003333333333333334,0,-6.5623480978739484e-06,2.4577616411271795e-06,-1.4480167064557059e-05
3421,0.013333333333333332,-0.003333333333333334,0,-6.4730228696304165e-06,1.8458306186997238e-06,-1.1051814502825227e-05
3422,0.014166666666666671,-0.003333333333333334,0,-6.0622718056675734e-06,1.2922671479779269e-06,-5.8403177731667374e-06
3423,0.015000000000000003,-0.003333333333333334,0,0,0,0
3424,0.015833333333333335,-0.003333333333333334,0,0,0,0
3425,0.016666666666666666,-0.003333333333333334,0,0,0,0
3426,0.017500000000000005,-0.003333333333333334,0,0,0,0
3427,0.018333333333333337,-0.003333333333333334,0,0,0,0
3428,0.019166666666666669,-0.003333333333333334,0,0,0,0
3429,0.02,-0.003333333333333334,0,0,0,0
3430,-0.02,-0.0024999999999999988,0,0,0,0
3431,-0.019166666666666669,-0.0024999999999999988,0,0,0,0
3432,-0.018333333333333333,-0.0024999999999999988,0,0,0,0
3433,-0.017500000000000002,-0.0024999999999999988,0,0,0,0
3434,-0.016666666666666666,-0.0024999999999999988,0,0,0,0
3435,-0.015833333333333335,-0.0024999999999999988,0,0,0,0
3436,-0.014999999999999999,-0.0024999999999999988,0,0,0,0
3437,-0.014166666666666668,-0.0024999999999999988,0,2.9776795358496446e-06,3.6489639671598959e-07,-2.5040332613392802e-06
3438,-0.013333333333333332,-0.0024999999999999988,0,2.6152146111876569e-06,7.407441144210857e-07,-3.1063889403027907e-06
3439,-0.012500000000000001,-0.0024999999999999988,0,2.1715367224631575e-06,7.7632015522111608e-07,-1.0242084981155507e-06
3440,-0.011666666666666667,-0.0024999999999999988,0,2.6384901874343444e-06,-1.3042681580516284e-07,3.8335269829617378e-06
3441,-0.010833333333333334,-0.0024999999999999988,0,6.019451086371127e-06,-2.0544455352433402e-06,1.0635164177318039e-05
3442,-0.01,-0.0024999999999999988,0,1.9131829571166942e-05,-3.347271197056914e-06,1.3579161367114668e-05
3443,-0.0091666666666666667,-0.0024999999999999988,0,6.3355524687843621e-05,-8.7856625520738176e-07,-6.0923832185040407e-06
3444,-0.0083333333333333332,-0.0024999999999999988,0,0.00014465922450545627,1.7067650822229331e-05,-0.00010564264336450095
3445,-0.0074999999999999997,-0.0024999999999999988,0,0.00019230764455474653,3.1565105713058614e-05,-0.000322348267173564
3446,-0.0066666666666666662,-0.0024999999999999988,0,0.00023118098890116134,1.6386005476569422e-05,-0.00055151531846379346
3447,-0.0058333333333333327,-0.0024999999999999988,0,0.00028944223165962312,-1.6030185175705127e-05,-0.00086954691949711572
3448,-0.0049999999999999992,-0.0024999999999999988,0,0.00023049048566626762,-0.00015905317230976418,-0.0014882408033373654
3449,-0.0041666666666666657,-0.0024999999999999988,0,0.00016830035558064056,-0.00015889790653420796,-0.0020649098731262403
3450,-0.003333333333333334,-0.0024999999999999988,0,9.3985873015428492e-05,-0.00016186257916660175,-0.0024249560377554431
3451,-0.0024999999999999988,-0.0024999999999999988,0,6.7883592677305251e-05,-0.00018871365565360641,-0.0026764122208627638
3452,-0.001666666666666667,-0.0024999999999999988,0,7.9020788076005182e-05,-0.00019033395504895449,-0.0028424711453993016
3453,-0.00083333333333333176,-0.0024999999999999988,0,0.0001184862834136934,-0.00016488041340645865,-0.0029531803542828671
3454,0,-0.0024999999999999988,0,0.00016001184712592,-0.00011298794838030447,-0.0029839752047679676
3455,0.00083333333333333523,-0.0024999999999999988,0,0.00019077309955008637,-5.5183718403463057e-05,-0.0029895872808203389
3456,0.001666666666666667,-0.0024999999999999988,0,0.00020765165536594101,1.8204428851478831e-06,-0.0029338434885735135
3457,0.0025000000000000022,-0.0024999999999999988,0,0.00018042039762604104,7.5011423248350542e-05,-0.0027717646644767331
3458,0.003333333333333334,-0.0024999999999999988,0,0.0001331570769926361,0.00014674421915214579,-0.0024990162726957728
3459,0.0041666666666666692,-0.0024999999999999988,0,7.9891833613678572e-05,0.00021504151870570633,-0.0020368782824285131
3460,0.005000000000000001,-0.0024999999999999988,0,-3.0589344946787878e-05,0.00017248730874964565,-0.0015750178004897452
3461,0.0058333333333333362,-0.0024999999999999988,0,-0.00017359466113560598,0.00014062936917534136,-0.0011482900989260082
3462,0.006666666666666668,-0.0024999999999999988,0,-0.00024892371633897844,0.0001282671523573485,-0.00069662544722273539
3463,0.0074999999999999997,-0.0024999999999999988,0,-0.00019939659924810685,9.919138186797327e-05,-0.00034667048731032532
3464,0.008333333333333335,-0.0024999999999999988,0,-0.00012322395423862721,5.7044575112708553e-05,-0.00016508820780553217
3465,0.0091666666666666667,-0.0024999999999999988,0,-6.7460665399723e-05,3.4670847130813046e-05,-3.9511576013633596e-05
3466,0.010000000000000002,-0.0024999999999999988,0,-2.3097904855916712e-05,1.3849784642158319e-05,-2.3478581851353802e-05
3467,0.010833333333333334,-0.0024999999999999988,0,-1.0747384622953408e-05,5.1115341634625084e-06,-1.7948424270964337e-05
3468,0.011666666666666669,-0.0024999999999999988,0,-7.9028318341046103e-06,3.4432135732368651e-06,-1.7281375522062694e-05
3469,0.012500000000000001,-0.0024999999999999988,0,-7.2308104337882966e-06,2.2723943364967728e-06,-1.6181566488038122e-05
3470,0.013333333333333332,-0.0024999999999999988,0,-7.0812648100852381e-06,1.5754509003412119e-06,-1.2484013150214397e-05
3471,0.014166666666666671,-0.0024999999999999988,0,-6.7562171821808691e-06,1.1190213291999944e-06,-6.490860892696422e-06
3472,0.015000000000000003,-0.0024999999999999988,0,0,0,0
3473,0.015833333333333335,-0.0024999999999999988,0,0,0,0
3474,0.016666666666666666,-0.0024999999999999988,0,0,0,0
3475,0.017500000000000005,-0.0024999999999999988,0,0,0,0
3476,0.018333333333333337,-0.0024999999999999988,0,0,0,0
3477,0.019166666666666669,-0.0024999999999999988,0,0,0,0
3478,0.02,-0.0024999999999999988,0,0,0,0
3479,-0.02,-0.001666666666666667,0,0,0,0
3480,-0.019166666666666669,-0.001666666666666667,0,0,0,0
3481,-0.018333333333333333,-0.001666666666666667,0,0,0,0
3482,-0.017500000000000002,-0.001666666666666667,0,0,0,0
3483,-0.016666666666666666,-0.001666666666666667,0,0,0,0
3484,-0.015833333333333335,-0.001666666666666667,0,0,0,0
3485,-0.014999999999999999,-0.001666666666666667,0,0,0,0
3486,-0.014166666666666668,-0.001666666666666667,0,3.3331778366409678e-06,2.3247226055401618e-07,-2.827780466933794e-06
3487,-0.013333333333333332,-0.001666666666666667,0,3.0902749766592806e-06,6.098222880544597e-07,-3.6852802254090596e-06
3488,-0.012500000000000001,-0.001666666666666667,0,2.8480841551377247e-06,4.5936791314825392e-07,-1.6473552428503353e-06
3489,-0.011666666666666667,-0.001666666666666667,0,3.5011698597173641e-06,-7.1842692280181919e-07,3.169789524591167e-06
3490,-0.010833333333333334,-0.001666666666666667,0,7.3879589036551503e-06,-3.1747632635366385e-06,9.8750716375621351e-06
3491,-0.01,-0.001666666666666667,0,2.4320601193956449e-05,-5.618059527402565e-06,1.0315954033970978e-05
3492,-0.0091666666666666667,-0.001666666666666667,0,8.045473086770979e-05,-4.5961202691261821e-06,-1.053106922078331e-05
3493,-0.0083333333333333332,-0.001666666666666667,0,0.00016635570257422105,5.9200873284767339e-06,-0.00014567308801916628
3494,-0.0074999999999999997,-0.001666666666666667,0,0.00019986057078648565,7.2173080662309772e-06,-0.00040039706827609624
3495,-0.0066666666666666662,-0.001666666666666667,0,0.00025628609296816023,-2.7795548161625589e-05,-0.00061060612354149689
3496,-0.0058333333333333327,-0.001666666666666667,0,0.0002759724130682211,-9.6521103225255986e-05,-0.0010949280417353996
3497,-0.0049999999999999992,-0.001666666666666667,0,0.00018315736994803277,-0.00019192687453103047,-0.0017683987592429593
3498,-0.0041666666666666657,-0.001666666666666667,0,9.9673187672233906e-05,-0.0001767511427276588,-0.0022733740114629529
3499,-0.003333333333333334,-0.001666666666666667,0,2.584880158960933e-05,-0.00018791966394636722,-0.0025934421592863893
3500,-0.0024999999999999988,-0.001666666666666667,0,1.1513414403426489e-05,-0.0002059601514441801,-0.0028354812308520861
3501,-0.001666666666666667,-0.001666666666666667,0,4.3551050992378672e-05,-0.00019328571106038466,-0.0029781665840340702
3502,-0.00083333333333333176,-0.001666666666666667,0,9.0259597258581138e-05,-0.00014917449786485068,-0.003025232466797811
3503,0,-0.001666666666666667,0,0.00013617975298121666,-8.6670614790748199e-05,-0.0030342471119398765
3504,0.00083333333333333523,-0.001666666666666667,0,0.00017372410696416885,-2.9784130961333481e-05,-0.0030770493895996933
3505,0.001666666666666667,-0.001666666666666667,0,0.00019830924593088934,2.7053966638852119e-05,-0.0030712345417564517
3506,0.0025000000000000022,-0.001666666666666667,0,0.00019122874906294564,8.112819936119159e-05,-0.0029581105947057594
3507,0.003333333333333334,-0.001666666666666667,0,0.00014011212397863583,0.00012951629246370219,-0.0027132460121959165
3508,0.0041666666666666692,-0.001666666666666667,0,8.980860295904568e-05,0.00018315713107344819,-0.0023006466006740057
3509,0.005000000000000001,-0.001666666666666667,0,-3.5725706191621727e-06,0.00016969251079106885,-0.0017945619836663431
3510,0.0058333333333333362,-0.001666666666666667,0,-0.00015435211964364844,0.00011794615849352572,-0.0013271858616754398
3511,0.006666666666666668,-0.001666666666666667,0,-0.00025907314401132285,0.00010227700194699666,-0.00083757030611998531
3512,0.0074999999999999997,-0.001666666666666667,0,-0.00023253143593746678,8.3099768324517397e-05,-0.00042897464013375383
3513,0.008333333333333335,-0.001666666666666667,0,-0.00015126061040449709,5.1859737459704461e-05,-0.00019206288300747362
3514,0.0091666666666666667,-0.001666666666666667,0,-8.3568921470182449e-05,3.0776454583155093e-05,-6.6861484127241126e-05
3515,0.010000000000000002,-0.001666666666666667,0,-3.0893803715685988e-05,1.4104850710197525e-05,-1.7329844694834722e-05
3516,0.010833333333333334,-0.001666666666666667,0,-1.2118255018367065e-05,4.9528042433192667e-06,-1.8386373615543298e-05
3517,0.011666666666666669,-0.001666666666666667,0,-8.440170038686001e-06,3.0272837656266224e-06,-1.8308880523609143e-05
3518,0.012500000000000001,-0.001666666666666667,0,-7.7002016165580494e-06,1.9866245831917324e-06,-1.7567352595523636e-05
3519,0.013333333333333332,-0.001666666666666667,0,-7.5515357451867657e-06,1.2547498799987961e-06,-1.3738341664978056e-05
3520,0.014166666666666671,-0.001666666666666667,0,-7.3110627718813081e-06,9.1356486038283267e-07,-7.0042909993260476e-06
3521,0.015000000000000003,-0.001666666666666667,0,0,0,0
3522,0.015833333333333335,-0.001666666666666667,0,0,0,0
3523,0.016666666666666666,-0.001666666666666667,0,0,0,0
3524,0.017500000000000005,-0.001666666666666667,0,0,0,0
3525,0.018333333333333337,-0.001666666666666667,0,0,0,0
3526,0.019166666666666669,-0.001666666666666667,0,0,0,0
3527,0.02,-0.001666666666666667,0,0,0,0
3528,-0.02,-0.00083333333333333176,0,0,0,0
3529,-0.019166666666666669,-0.00083333333333333176,0,0,0,0
3530,-0.018333333333333333,-0.00083333333333333176,0,0,0,0
3531,-0.017500000000000002,-0.00083333333333333176,0,0,0,0
3532,-0.016666666666666666,-0.00083333333333333176,0,0,0,0
3533,-0.015833333333333335,-0.00083333333333333176,0,0,0,0
3534,-0.014999999999999999,-0.00083333333333333176,0,0,0,0
3535,-0.014166666666666668,-0.00083333333333333176,0,3.6096935347271447e-06,7.1387524956157205e-08,-3.119454575554101e-06
3536,-0.013333333333333332,-0.00083333333333333176,0,3.4462822796666909e-06,3.9510789254012737e-07,-4.2489581029929413e-06
3537,-0.012500000000000001,-0.00083333333333333176,0,3.3723954918521549e-06,8.8184701985362949e-08,-2.3085716740130432e-06
3538,-0.011666666666666667,-0.00083333333333333176,0,4.3479409507332874e-06,-1.2781487592004974e-06,2.2979895401140306e-06
3539,-0.010833333333333334,-0.00083333333333333176,0,8.8925319923680206e-06,-4.0952868875194344e-06,8.4944038143078372e-06
3540,-0.01,-0.00083333333333333176,0,2.9886562998055953e-05,-8.1485685356890241e-06,8.6355325133783699e-06
3541,-0.0091666666666666667,-0.00083333333333333176,0,9.2161172329039277e-05,-1.0904818340391898e-05,-2.3892878277145371e-05
3542,-0.0083333333333333332,-0.00083333333333333176,0,0.00017507520768232057,-8.8933006202448867e-06,-0.00017925461853259705
3543,-0.0074999999999999997,-0.00083333333333333176,0,0.00020394071935835584,-1.9130015378900371e-05,-0.00043210480677085189
3544,-0.0066666666666666662,-0.00083333333333333176,0,0.00025488500320856172,-7.7726411091039134e-05,-0.00067730766373587034
3545,-0.0058333333333333327,-0.00083333333333333176,0,0.00023021124011234247,-0.00016966481803307241,-0.0012695278428422232
3546,-0.0049999999999999992,-0.00083333333333333176,0,0.00012186859245053467,-0.00018696971038975005,-0.0019262380346705928
3547,-0.0041666666666666657,-0.00083333333333333176,0,3.5917723854359701e-05,-0.00018165966914924803,-0.0023760979704569086
3548,-0.003333333333333334,-0.00083333333333333176,0,-3.9270040969108662e-05,-0.00018559016033210273,-0.002687756003239583
3549,-0.0024999999999999988,-0.00083333333333333176,0,-4.1436284627565231e-05,-0.00019734868028266876,-0.0029326044033842402
3550,-0.001666666666666667,-0.00083333333333333176,0,-6.4766593375324055e-06,-0.00016846177394481786,-0.0030143287558998676
3551,-0.00083333333333333176,-0.00083333333333333176,0,4.4681294093599328e-05,-0.00010780863404932584,-0.0029585852417867643
3552,0,-0.00083333333333333176,0,8.2328337893566156e-05,-5.0030932072605336e-05,-0.0029394720895749445
3553,0.00083333333333333523,-0.00083333333333333176,0,0.00012523718090377991,9.4246769462080327e-06,-0.0030212954085663932
3554,0.001666666666666667,-0.00083333333333333176,0,0.00015898901664844475,7.2280994555233436e-05,-0.0031081432921522549
3555,0.0025000000000000022,-0.00083333333333333176,0,0.0001719490698587283,0.00010838816571304755,-0.0030395762726870492
3556,0.003333333333333334,-0.00083333333333333176,0,0.00013135411905244849,0.00014280228052022392,-0.0028088745171795577
3557,0.0041666666666666692,-0.00083333333333333176,0,8.8333673754671381e-05,0.00016088865054682323,-0.0024108523543441181
3558,0.005000000000000001,-0.00083333333333333176,0,2.9573484799546881e-06,0.00015147209542445763,-0.0019414828856703136
3559,0.0058333333333333362,-0.00083333333333333176,0,-0.00013636681949465862,0.00010089063958886283,-0.0014550257168865581
3560,0.006666666666666668,-0.00083333333333333176,0,-0.00026709457245080546,7.6385696565281957e-05,-0.00092179034781709373
3561,0.0074999999999999997,-0.00083333333333333176,0,-0.0002545182996768503,6.1254611141408076e-05,-0.00047667811650582383
3562,0.008333333333333335,-0.00083333333333333176,0,-0.00016847105280204502,3.9405373864130666e-05,-0.00021467200075632006
3563,0.0091666666666666667,-0.00083333333333333176,0,-9.523182005663967e-05,2.4112388880898013e-05,-7.6296248963728664e-05
3564,0.010000000000000002,-0.00083333333333333176,0,-3.6496526598180667e-05,1.2484516560318042e-05,-1.8304381715686169e-05
3565,0.010833333333333334,-0.00083333333333333176,0,-1.2479314474563225e-05,4.7897282621930205e-06,-1.7898638084334804e-05
3566,0.011666666666666669,-0.00083333333333333176,0,-8.6031688326680935e-06,2.6086797540401279e-06,-1.9093318357728239e-05
3567,0.012500000000000001,-0.00083333333333333176,0,-7.9474267146052572e-06,1.6458890527933779e-06,-1.8656909359303389e-05
3568,0.013333333333333332,-0.00083333333333333176,0,-7.8923422349804909e-06,8.7340227434500739e-07,-1.4764913814649975e-05
3569,0.014166666666666671,-0.00083333333333333176,0,-7.7687631887252914e-06,6.9518789743125366e-07,-7.4054954730193493e-06
3570,0.015000000000000003,-0.00083333333333333176,0,0,0,0
3571,0.015833333333333335,-0.00083333333333333176,0,0,0,0
3572,0.016666666666666666,-0.00083333333333333176,0,0,0,0
3573,0.017500000000000005,-0.00083333333333333176,0,0,0,0
3574,0.018333333333333337,-0.00083333333333333176,0,0,0,0
3575,0.019166666666666669,-0.00083333333333333176,0,0,0,0
3576,0.02,-0.00083333333333333176,0,0,0,0
3577,-0.02,0,0,0,0,0
3578,-0.019166666666666669,0,0,0,0,0
3579,-0.018333333333333333,0,0,0,0,0
3580,-0.017500000000000002,0,0,0,0,0
3581,-0.016666666666666666,0,0,0,0,0
3582,-0.015833333333333335,0,0,0,0,0
3583,-0.014999999999999999,0,0,0,0,0
3584,-0.014166666666666668,0,0,3.7930161120824522e-06,-1.2278804180428361e-07,-3.2871892415048103e-06
3585,-0.013333333333333332,0,0,3.6554154507212919e-06,9.0069406381415536e-08,-4.6622882751593592e-06
3586,-0.012500000000000001,0,0,3.6894645695892818e-06,-3.2945784227831739e-07,-2.9621802098082362e-06
3587,-0.011666666666666667,0,0,4.8858023237462004e-06,-1.7990333758024395e-06,1.2287881193239767e-06
3588,-0.010833333333333334,0,0,1.015299139316895e-05,-4.8857620565820517e-06,6.2238635068737452e-06
3589,-0.01,0,0,3.2743018580494648e-05,-1.0463417467989815e-05,8.4556623343880488e-06
3590,-0.0091666666666666667,0,0,9.6140440788652456e-05,-1.9501992936275382e-05,-2.9041828523319154e-05
3591,-0.0083333333333333332,0,0,0.00017608031947514117,-2.4889684372056355e-05,-0.00019661081991250562
3592,-0.0074999999999999997,0,0,0.00020577031964873056,-4.5018554928526797e-05,-0.0004366646609623187
3593,-0.0066666666666666662,0,0,0.00024713293807377058,-0.00012176722449912859,-0.0007074283247310119
3594,-0.0058333333333333327,0,0,0.00018404045018852389,-0.00021474316049586845,-0.0013315544674044257
3595,-0.0049999999999999992,0,0,7.3770181977683201e-05,-0.0001880762770347213,-0.0019717207280497227
3596,-0.0041666666666666657,0,0,-1.1377286911663937e-05,-0.00017572196803129826,-0.0024014384774624503
3597,-0.003333333333333334,0,0,-8.9968871804000278e-05,-0.00016993665718824567,-0.0027228104706787802
3598,-0.0024999999999999988,0,0,-9.5128495010252164e-05,-0.00016830670550813399,-0.0029465982397398017
3599,-0.001666666666666667,0,0,-6.2032189461498483e-05,-0.00013292946337993994,-0.003003016832002475
3600,-0.00083333333333333176,0,0,-1.5432000065363527e-05,-6.8175554032941734e-05,-0.0029008321996908245
3601,0,0,0,2.9955018016928702e-05,-1.2510233473550106e-05,-0.0029100096150234123
3602,0.00083333333333333523,0,0,7.0399728319474989e-05,4.4621097189966455e-05,-0.0029672542562199024
3603,0.001666666666666667,0,0,0.00010540688784448932,0.00011085958745195426,-0.00309149311231894
3604,0.0025000000000000022,0,0,0.00012904410713873401,0.0001416251359128639,-0.0030371835520366292
3605,0.003333333333333334,0,0,0.0001203159933253446,0.00015194620519498974,-0.0028130100850191865
3606,0.0041666666666666692,0,0,7.030809897244373e-05,0.00014102649991832469,-0.0024264460323480479
3607,0.005000000000000001,0,0,-4.8166730106796729e-06,0.00011927303076935486,-0.0019960411278508419
3608,0.0058333333333333362,0,0,-0.00014277135744336704,8.0047826457929627e-05,-0.0015036034210849662
3609,0.006666666666666668,0,0,-0.00027660761982906817,4.7891040116882519e-05,-0.00095059530601659318
3610,0.0074999999999999997,0,0,-0.00026532565222550414,3.3115907695056187e-05,-0.00048884574454095245
3611,0.008333333333333335,0,0,-0.00017520333532206018,2.2147015007842699e-05,-0.00021671946222682245
3612,0.0091666666666666667,0,0,-9.9340708971073127e-05,1.5754521342912487e-05,-7.8278501107766784e-05
3613,0.010000000000000002,0,0,-3.7443249245146312e-05,1.0291669324560938e-05,-1.5854168989934453e-05
3614,0.010833333333333334,0,0,-1.2946259904136096e-05,3.9803599642915988e-06,-1.8341012296261898e-05
3615,0.011666666666666669,0,0,-8.7552551800302758e-06,2.0287950341704725e-06,-1.9833721782039056e-05
3616,0.012500000000000001,0,0,-8.0515866394341616e-06,1.1567556275667442e-06,-1.9445146840809827e-05
3617,0.013333333333333332,0,0,-8.0596416801001619e-06,4.6758091677877273e-07,-1.5439502378559681e-05
3618,0.014166666666666671,0,0,-8.0429007246362685e-06,4.2673355221931179e-07,-7.661359323768856e-06
3619,0.015000000000000003,0,0,0,0,0
3620,0.015833333333333335,0,0,0,0,0
3621,0.016666666666666666,0,0,0,0,0
3622,0.017500000000000005,0,0,0,0,0
3623,0.018333333333333337,0,0,0,0,0
3624,0.019166666666666669,0,0,0,0,0
3625,0.02,0,0,0,0,0
3626,-0.02,0.00083333333333333523,0,0,0,0
3627,-0.019166666666666669,0.00083333333333333523,0,0,0,0
3628,-0.018333333333333333,0.00083333333333333523,0,0,0,0
3629,-0.017500000000000002,0.00083333333333333523,0,0,0,0
3630,-0.016666666666666666,0.00083333333333333523,0,0,0,0
3631,-0.015833333333333335,0.00083333333333333523,0,0,0,0
3632,-0.014999999999999999,0.00083333333333333523,0,0,0,0
3633,-0.014166666666666668,0.00083333333333333523,0,3.7625351102011272e-06,-3.205973500322229e-07,-3.2618702102889744e-06
3634,-0.013333333333333332,0.00083333333333333523,0,3.6509052619374584e-06,-2.7509932428750459e-07,-4.7566556255807698e-06
3635,-0.012500000000000001,0.00083333333333333523,0,3.7544226499509007e-06,-7.7042523313413764e-07,-3.4440035053631826e-06
3636,-0.011666666666666667,0.00083333333333333523,0,5.0061105785712147e-06,-2.3231146146060179e-06,1.8725118054024429e-07
3637,-0.010833333333333334,0.00083333333333333523,0,1.0133036213055847e-05,-5.5676514917179328e-06,4.3562872494186087e-06
3638,-0.01,0.00083333333333333523,0,3.096655461316155e-05,-1.2215302291438926e-05,2.0974288217242694e-06
3639,-0.0091666666666666667,0.00083333333333333523,0,9.2255871076804346e-05,-2.5414499129827456e-05,-2.8594104650273687e-05
3640,-0.0083333333333333332,0.00083333333333333523,0,0.00016918638787556464,-3.8096473949748733e-05,-0.00018852661487069966
3641,-0.0074999999999999997,0.00083333333333333523,0,0.00019680240047987693,-6.4945832180863115e-05,-0.00042388987414245926
3642,-0.0066666666666666662,0.00083333333333333523,0,0.00022087576762036827,-0.00014762767688941434,-0.00068698186997830199
3643,-0.0058333333333333327,0.00083333333333333523,0,0.0001540433753539852,-0.00023542980538134568,-0.0012827018901668927
3644,-0.0049999999999999992,0.00083333333333333523,0,4.5076637239113338e-05,-0.00019571029036653445,-0.0019293032426735571
3645,-0.0041666666666666657,0.00083333333333333523,0,-4.0040490583916938e-05,-0.00016449855252925012,-0.002371124455135834
3646,-0.003333333333333334,0.00083333333333333523,0,-0.00012445608050299745,-0.00013859695047908555,-0.0026746716657474355
3647,-0.0024999999999999988,0.00083333333333333523,0,-0.0001502054589086957,-0.00012826806050188195,-0.0029252865176739979
3648,-0.001666666666666667,0.00083333333333333523,0,-0.00012943912257419758,-9.1980706446169653e-05,-0.0030114710676425226
3649,-0.00083333333333333176,0.00083333333333333523,0,-7.7853980866642589e-05,-4.0244701931361874e-05,-0.0029542024637627911
3650,0,0.00083333333333333523,0,-2.9786499620221181e-05,2.5534148570607785e-05,-0.0029162624466931059
3651,0.00083333333333333523,0.00083333333333333523,0,5.4852009032198965e-06,8.8451631218150242e-05,-0.0029941961873073361
3652,0.001666666666666667,0.00083333333333333523,0,4.5678880670289839e-05,0.00014688039283942804,-0.0030645400592124324
3653,0.0025000000000000022,0.00083333333333333523,0,8.2677563512399972e-05,0.00017035020191398943,-0.0029768567970802681
3654,0.003333333333333334,0.00083333333333333523,0,8.4572691338329943e-05,0.00016158629606861745,-0.0027315560892995643
3655,0.0041666666666666692,0.00083333333333333523,0,4.3408590846512146e-05,0.0001297826891978784,-0.0023587753288470256
3656,0.005000000000000001,0.00083333333333333523,0,-2.9985480024142887e-05,9.9982730644580515e-05,-0.0019564463407963925
3657,0.0058333333333333362,0.00083333333333333523,0,-0.00016560922452944554,5.4015186147221664e-05,-0.0014611850187544447
3658,0.006666666666666668,0.00083333333333333523,0,-0.00029454226636116767,1.2457063938608244e-05,-0.00089456449317195643
3659,0.0074999999999999997,0.00083333333333333523,0,-0.00026195486653188721,3.4289445916195237e-06,-0.00045344275726660855
3660,0.008333333333333335,0.00083333333333333523,0,-0.00016807699242636558,4.4432159882697369e-06,-0.00020164113141806427
3661,0.0091666666666666667,0.00083333333333333523,0,-9.4780947320852958e-05,7.3017447051097388e-06,-6.9466778384511227e-05
3662,0.010000000000000002,0.00083333333333333523,0,-3.531776367551535e-05,7.782034182312306e-06,-1.6470989449889849e-05
3663,0.010833333333333334,0.00083333333333333523,0,-1.2489915388173653e-05,2.6266336080924451e-06,-1.8048128551033842e-05
3664,0.011666666666666669,0.00083333333333333523,0,-8.793194540232951e-06,1.2610793523767128e-06,-2.0302058097098834e-05
3665,0.012500000000000001,0.00083333333333333523,0,-8.0453851880074329e-06,5.298285285973354e-07,-1.9884255794714625e-05
3666,0.013333333333333332,0.00083333333333333523,0,-8.0831772922044993e-06,2.7395129160111769e-08,-1.5696085313236212e-05
3667,0.014166666666666671,0.00083333333333333523,0,-8.1042751807993431e-06,1.3184792920978826e-07,-7.707263082798052e-06
3668,0.015000000000000003,0.00083333333333333523,0,0,0,0
3669,0.015833333333333335,0.00083333333333333523,0,0,0,0
3670,0.016666666666666666,0.00083333333333333523,0,0,0,0
3671,0.017500000000000005,0.00083333333333333523,0,0,0,0
3672,0.018333333333333337,0.00083333333333333523,0,0,0,0
3673,0.019166666666666669,0.00083333333333333523,0,0,0,0
3674,0.02,0.00083333333333333523,0,0,0,0
3675,-0.02,0.001666666666666667,0,0,0,0
3676,-0.019166666666666669,0.001666666666666667,0,0,0,0
3677,-0.018333333333333333,0.001666666666666667,0,0,0,0
3678,-0.017500000000000002,0.001666666666666667,0,0,0,0
3679,-0.016666666666666666,0.001666666666666667,0,0,0,0
3680,-0.015833333333333335,0.001666666666666667,0,0,0,0
3681,-0.014999999999999999,0.001666666666666667,0,0,0,0
3682,-0.014166666666666668,0.001666666666666667,0,3.501638967950078e-06,-4.9533006808288541e-07,-3.0641834700392733e-06
3683,-0.013333333333333332,0.001666666666666667,0,3.4576725117293283e-06,-6.1052504791701431e-07,-4.4834360683102446e-06
3684,-0.012500000000000001,0.001666666666666667,0,3.6517043296985786e-06,-1.2144600087601703e-06,-3.5142205355207743e-06
3685,-0.011666666666666667,0.001666666666666667,0,4.6970569299883073e-06,-2.9175209267589194e-06,-4.8806517877580429e-07
3686,-0.010833333333333334,0.001666666666666667,0,9.063461682679679e-06,-6.6413539420933003e-06,3.0636257565227252e-06
3687,-0.01,0.001666666666666667,0,2.5559865523928011e-05,-1.4161034169111727e-05,-6.6830630727253489e-07
3688,-0.0091666666666666667,0.001666666666666667,0,7.9464140845885028e-05,-3.0092849888912155e-05,-2.3018091428112703e-05
3689,-0.0083333333333333332,0.001666666666666667,0,0.00015306115776211933,-4.7551117003477605e-05,-0.00016895539492795255
3690,-0.0074999999999999997,0.001666666666666667,0,0.00018217080072368945,-7.891494809797354e-05,-0.00038514295814571982
3691,-0.0066666666666666662,0.001666666666666667,0,0.00019997414651118465,-0.00015263733819776128,-0.0006187297663796951
3692,-0.0058333333333333327,0.001666666666666667,0,0.00013947343356558137,-0.00024265198301093045,-0.001120249383806368
3693,-0.0049999999999999992,0.001666666666666667,0,3.2790093000446939e-05,-0.00022958727485475087,-0.0017990270535165943
3694,-0.0041666666666666657,0.001666666666666667,0,-4.8462356274055272e-05,-0.0001526306366324413,-0.0022658684705314427
3695,-0.003333333333333334,0.001666666666666667,0,-0.0001351894317386927,-0.00011768944066562715,-0.0025690132639328905
3696,-0.0024999999999999988,0.001666666666666667,0,-0.00018222058246454879,-8.3038205454747711e-05,-0.0028396486617654807
3697,-0.001666666666666667,0.001666666666666667,0,-0.00017701187993875809,-5.0051164297474537e-05,-0.002976944474040677
3698,-0.00083333333333333176,0.001666666666666667,0,-0.00014432658459912829,1.8061597701731032e-06,-0.0030195635104090252
3699,0,0.001666666666666667,0,-0.00010630378928931738,6.603232485852301e-05,-0.0030231937649423039
3700,0.00083333333333333523,0.001666666666666667,0,-6.0685064947376957e-05,0.00013394413167127628,-0.0030514491208072252
3701,0.001666666666666667,0.001666666666666667,0,-1.1429183473072981e-05,0.00017530751628356362,-0.0030056197942961299
3702,0.0025000000000000022,0.001666666666666667,0,2.8478484063110004e-05,0.00018830652715944336,-0.002862617196010634
3703,0.003333333333333334,0.001666666666666667,0,3.4648914822644197e-05,0.00016166400371034036,-0.0025915663803199318
3704,0.0041666666666666692,0.001666666666666667,0,1.7780694364088521e-06,0.00012449299464058013,-0.0022454476283834575
3705,0.005000000000000001,0.001666666666666667,0,-7.5681865999903403e-05,7.6954947772354978e-05,-0.0018466487956478532
3706,0.0058333333333333362,0.001666666666666667,0,-0.00020652769067691824,1.6378199710703505e-05,-0.0013391856196831595
3707,0.006666666666666668,0.001666666666666667,0,-0.00029944144902816318,-2.4634803023951949e-05,-0.00078935455537779153
3708,0.0074999999999999997,0.001666666666666667,0,-0.00024647360542953543,-2.2808999858916991e-05,-0.00039005915917949424
3709,0.008333333333333335,0.001666666666666667,0,-0.00015312280431510229,-1.0243572451061173e-05,-0.00017816323281724409
3710,0.0091666666666666667,0.001666666666666667,0,-8.589825561684507e-05,2.1146001084578744e-08,-5.7072863815212521e-05
3711,0.010000000000000002,0.001666666666666667,0,-2.968485479310947e-05,4.5176067192169794e-06,-1.3679185189770471e-05
3712,0.010833333333333334,0.001666666666666667,0,-1.1445244320706905e-05,9.0341284821623589e-07,-1.8031132082061841e-05
3713,0.011666666666666669,0.001666666666666667,0,-8.457764124661944e-06,3.1154600070933594e-07,-2.0311211472807367e-05
3714,0.012500000000000001,0.001666666666666667,0,-7.8928720736702403e-06,-1.9160994109019175e-07,-1.9814279096426773e-05
3715,0.013333333333333332,0.001666666666666667,0,-7.933228801987905e-06,-4.3823798895668104e-07,-1.5483113053259158e-05
3716,0.014166666666666671,0.001666666666666667,0,-7.9134061662495902e-06,-1.4651225786455037e-07,-7.490704443293991e-06
3717,0.015000000000000003,0.001666666666666667,0,0,0,0
3718,0.015833333333333335,0.001666666666666667,0,0,0,0
3719,0.016666666666666666,0.001666666666666667,0,0,0,0
3720,0.017500000000000005,0.001666666666666667,0,0,0,0
3721,0.018333333333333337,0.001666666666666667,0,0,0,0
3722,0.019166666666666669,0.001666666666666667,0,0,0,0
3723,0.02,0.001666666666666667,0,0,0,0
3724,-0.02,0.0025000000000000022,0,0,0,0
3725,-0.019166666666666669,0.0025000000000000022,0,0,0,0
3726,-0.018333333333333333,0.0025000000000000022,0,0,0,0
3727,-0.017500000000000002,0.0025000000000000022,0,0,0,0
3728,-0.016666666666666666,0.0025000000000000022,0,0,0,0
3729,-0.015833333333333335,0.0025000000000000022,0,0,0,0
3730,-0.014999999999999999,0.0025000000000000022,0,0,0,0
3731,-0.014166666666666668,0.0025000000000000022,0,3.1070406035951923e-06,-6.4536868530148985e-07,-2.7336961391991292e-06
3732,-0.013333333333333332,0.0025000000000000022,0,3.0984565973064341e-06,-8.2965079694260854e-07,-3.9323814307235444e-06
3733,-0.012500000000000001,0.0025000000000000022,0,3.3480944581759145e-06,-1.5373774256245981e-06,-3.0988740524435623e-06
3734,-0.011666666666666667,0.0025000000000000022,0,4.0945721228540778e-06,-3.3303347997689219e-06,-3.7624513656417798e-07
3735,-0.010833333333333334,0.0025000000000000022,0,7.0518849896781768e-06,-7.441988636766037e-06,3.2210986380157217e-06
3736,-0.01,0.0025000000000000022,0,1.8725705849169164e-05,-1.6166205601211882e-05,1.7673484446987566e-06
3737,-0.0091666666666666667,0.0025000000000000022,0,6.1006470555772256e-05,-3.2895567970812285e-05,-1.6583935477137191e-05
3738,-0.0083333333333333332,0.0025000000000000022,0,0.00013163812524984476,-5.7902279922800084e-05,-0.00012170948065969007
3739,-0.0074999999999999997,0.0025000000000000022,0,0.00016278852369551922,-8.6800327029428463e-05,-0.00033533234090596229
3740,-0.0066666666666666662,0.0025000000000000022,0,0.00018828882430584157,-0.00015509487412903778,-0.00052920404725982878
3741,-0.0058333333333333327,0.0025000000000000022,0,0.00018092652757934413,-0.00024539699712053734,-0.00088398699243588121
3742,-0.0049999999999999992,0.0025000000000000022,0,3.063614088731189e-05,-0.00026764735848482817,-0.0015659117856162432
3743,-0.0041666666666666657,0.0025000000000000022,0,-5.7053960477158769e-05,-0.00017965310162728631,-0.0020934371648582695
3744,-0.003333333333333334,0.0025000000000000022,0,-0.00012126800508061596,-0.00012011699544968206,-0.0024042375229377899
3745,-0.0024999999999999988,0.0025000000000000022,0,-0.00017309009297694522,-6.6182427713717536e-05,-0.002638550347838406
3746,-0.001666666666666667,0.0025000000000000022,0,-0.00019169059872290792,-1.6700733634023563e-05,-0.0028328051339681268
3747,-0.00083333333333333176,0.0025000000000000022,0,-0.00017763883600099996,3.5623082321728354e-05,-0.0029327390791836481
3748,0,0.0025000000000000022,0,-0.00014369286684601064,9.7612915690846173e-05,-0.0029656524691435244
3749,0.00083333333333333523,0.0025000000000000022,0,-9.8818057162284171e-05,0.00015303089670993595,-0.0029461257933801359
3750,0.001666666666666667,0.0025000000000000022,0,-5.4768764717306434e-05,0.00018046078103571951,-0.0028495272770737989
3751,0.0025000000000000022,0.0025000000000000022,0,-2.307401197408874e-05,0.000170123381365322,-0.0026549897830470625
3752,0.003333333333333334,0.0025000000000000022,0,-2.3538715177528809e-05,0.00013854373714977086,-0.0023852222842375929
3753,0.0041666666666666692,0.0025000000000000022,0,-5.6031804754503365e-05,9.663939851791796e-05,-0.0020653340404088441
3754,0.005000000000000001,0.0025000000000000022,0,-0.0001318651408967407,3.3428987952015972e-05,-0.0016586144291182517
3755,0.0058333333333333362,0.0025000000000000022,0,-0.00026525520936272653,-3.7384769581942213e-05,-0.001116866519348094
3756,0.006666666666666668,0.0025000000000000022,0,-0.0002916935027856865,-6.4089785419138123e-05,-0.00063378658715583568
3757,0.0074999999999999997,0.0025000000000000022,0,-0.00021606081491777778,-4.2004088358509738e-05,-0.00030716899663773244
3758,0.008333333333333335,0.0025000000000000022,0,-0.00013175143276149642,-1.9406187262031887e-05,-0.00014640229813559218
3759,0.0091666666666666667,0.0025000000000000022,0,-7.4420740427338388e-05,-4.8352664549666532e-06,-2.9626618610330777e-05
3760,0.010000000000000002,0.0025000000000000022,0,-2.3706325199129042e-05,1.831461049872052e-06,-1.456961489433915e-05
3761,0.010833333333333334,0.0025000000000000022,0,-1.0154909230917783e-05,-4.313920483930025e-07,-1.7463466827890318e-05
3762,0.011666666666666669,0.0025000000000000022,0,-8.0281549445335796e-06,-5.2624516933297266e-07,-1.9803667793145339e-05
3763,0.012500000000000001,0.0025000000000000022,0,-7.5218396655310574e-06,-9.1728715885329315e-07,-1.9155062906301443e-05
3764,0.013333333333333332,0.0025000000000000022,0,-7.5295475995524172e-06,-8.8560205061633967e-07,-1.4790816387215074e-05
3765,0.014166666666666671,0.0025000000000000022,0,-7.4484566195648153e-06,-3.7867222832009838e-07,-7.0512351584498128e-06
3766,0.015000000000000003,0.0025000000000000022,0,0,0,0
3767,0.015833333333333335,0.0025000000000000022,0,0,0,0
3768,0.016666666666666666,0.0025000000000000022,0,0,0,0
3769,0.017500000000000005,0.0025000000000000022,0,0,0,0
3770,0.018333333333333337,0.0025000000000000022,0,0,0,0
3771,0.019166666666666669,0.0025000000000000022,0,0,0,0
3772,0.02,0.0025000000000000022,0,0,0,0
3773,-0.02,0.003333333333333334,0,0,0,0
3774,-0.019166666666666669,0.003333333333333334,0,0,0,0
3775,-0.018333333333333333,0.003333333333333334,0,0,0,0
3776,-0.017500000000000002,0.003333333333333334,0,0,0,0
3777,-0.016666666666666666,0.003333333333333334,0,0,0,0
3778,-0.015833333333333335,0.003333333333333334,0,0,0,0
3779,-0.014999999999999999,0.003333333333333334,0,0,0,0
3780,-0.014166666666666668,0.003333333333333334,0,2.6375057601989374e-06,-7.4788605600147553e-07,-2.2813013630236725e-06
3781,-0.013333333333333332,0.003333333333333334,0,2.7091549119331248e-06,-9.5836705448283687e-07,-3.2185577141860416e-06
3782,-0.012500000000000001,0.003333333333333334,0,2.9125196575095785e-06,-1.5943703083796336e-06,-2.4132491968130684e-06
3783,-0.011666666666666667,0.003333333333333334,0,3.3613629085186893e-06,-3.1082634462875394e-06,3.1116475302767106e-07
3784,-0.010833333333333334,0.003333333333333334,0,5.3603289696376342e-06,-6.7859295454419662e-06,4.2163882628770585e-06
3785,-0.01,0.003333333333333334,0,1.291538737509803e-05,-1.4772574149016471e-05,4.7439985375844857e-06
3786,-0.0091666666666666667,0.003333333333333334,0,4.4462154517561902e-05,-3.1115480340796438e-05,-2.5102289479106699e-06
3787,-0.0083333333333333332,0.003333333333333334,0,0.00010281804884943477,-6.1344953500971648e-05,-7.262618822505042e-05
3788,-0.0074999999999999997,0.003333333333333334,0,0.00014186365451654856,-9.3855465151247816e-05,-0.00025309894252124871
3789,-0.0066666666666666662,0.003333333333333334,0,0.00015886982830965037,-0.00014742194767909336,-0.00042974501710524619
3790,-0.0058333333333333327,0.003333333333333334,0,0.00015149309161918833,-0.00022799135392727283,-0.0006683612616241759
3791,-0.0049999999999999992,0.003333333333333334,0,4.1591706933845781e-05,-0.00027490753082129232,-0.0012067404147510237
3792,-0.0041666666666666657,0.003333333333333334,0,-4.273930618407664e-05,-0.00023955223940083545,-0.001770751652747729
3793,-0.003333333333333334,0.003333333333333334,0,-0.0001041572986871793,-0.0001451412625380503,-0.0021709504845484162
3794,-0.0024999999999999988,0.003333333333333334,0,-0.00014589386033192844,-8.2201436427537021e-05,-0.0023992717939120699
3795,-0.001666666666666667,0.003333333333333334,0,-0.00017021330840812047,-1.4127269998783565e-05,-0.0025695054724268196
3796,-0.00083333333333333176,0.003333333333333334,0,-0.00017076672027269412,4.0846823367792784e-05,-0.0026865177901667365
3797,0,0.003333333333333334,0,-0.00015143796840818628,9.6529062067645223e-05,-0.0027339104980244086
3798,0.00083333333333333523,0.003333333333333334,0,-0.00011703951359794225,0.00013214656044863025,-0.002695235905846115
3799,0.001666666666666667,0.003333333333333334,0,-8.2475501655419257e-05,0.00013968568682421706,-0.0025671795253124725
3800,0.0025000000000000022,0.003333333333333334,0,-6.7002035368247007e-05,0.00012573585814307852,-0.0023852473216800798
3801,0.003333333333333334,0.003333333333333334,0,-7.7025831472994096e-05,9.6238487724797624e-05,-0.0021445739926564521
3802,0.0041666666666666692,0.003333333333333334,0,-0.00011475946996427858,4.3732927727178602e-05,-0.001817012664274667
3803,0.005000000000000001,0.003333333333333334,0,-0.00020331146452211684,-3.4349543919566003e-05,-0.0013653453809142251
3804,0.0058333333333333362,0.003333333333333334,0,-0.00028741619277917796,-9.138663583442108e-05,-0.00084560260441264795
3805,0.006666666666666668,0.003333333333333334,0,-0.00025971836957066501,-8.970153658821894e-05,-0.00045995437671214118
3806,0.0074999999999999997,0.003333333333333334,0,-0.00017596687615491837,-5.0177836722551485e-05,-0.00022647380012421868
3807,0.008333333333333335,0.003333333333333334,0,-0.00010908191451232854,-2.3532653581295436e-05,-9.6533680620778181e-05
3808,0.0091666666666666667,0.003333333333333334,0,-5.8769253877147264e-05,-5.7157699205947244e-06,-1.621964618988032e-05
3809,0.010000000000000002,0.003333333333333334,0,-1.7241757333685076e-05,-1.0556893391400123e-06,-1.4288513979012096e-05
3810,0.010833333333333334,0.003333333333333334,0,-9.0168951355968946e-06,-1.4965451937667864e-06,-1.6527718193181951e-05
3811,0.011666666666666669,0.003333333333333334,0,-7.343363101600779e-06,-1.3686117428562937e-06,-1.8879969139642865e-05
3812,0.012500000000000001,0.003333333333333334,0,-6.9254731100149909e-06,-1.5531584110394351e-06,-1.801051987645205e-05
3813,0.013333333333333332,0.003333333333333334,0,-7.0193201251562733e-06,-1.2301034699801828e-06,-1.3676078390465554e-05
3814,0.014166666666666671,0.003333333333333334,0,-6.8292710541988454e-06,-5.7636926374566967e-07,-6.4357540743502552e-06
3815,0.015000000000000003,0.003333333333333334,0,0,0,0
3816,0.015833333333333335,0.003333333333333334,0,0,0,0
3817,0.016666666666666666,0.003333333333333334,0,0,0,0
3818,0.017500000000000005,0.003333333333333334,0,0,0,0
3819,0.018333333333333337,0.003333333333333334,0,0,0,0
3820,0.019166666666666669,0.003333333333333334,0,0,0,0
3821,0.02,0.003333333333333334,0,0,0,0
3822,-0.02,0.0041666666666666692,0,0,0,0
3823,-0.019166666666666669,0.0041666666666666692,0,0,0,0
3824,-0.018333333333333333,0.0041666666666666692,0,0,0,0
3825,-0.017500000000000002,0.0041666666666666692,0,0,0,0
3826,-0.016666666666666666,0.0041666666666666692,0,0,0,0
3827,-0.015833333333333335,0.0041666666666666692,0,0,0,0
3828,-0.014999999999999999,0.0041666666666666692,0,0,0,0
3829,-0.014166666666666668,0.0041666666666666692,0,2.1120395325176537e-06,-7.6201717937210626e-07,-1.7936888667755067e-06
3830,-0.013333333333333332,0.0041666666666666692,0,2.3505520659412083e-06,-1.0197207028207382e-06,-2.4443378929113912e-06
3831,-0.012500000000000001,0.0041666666666666692,0,2.4432908515121436e-06,-1.4977300489218787e-06,-1.7333686984299774e-06
3832,-0.011666666666666667,0.0041666666666666692,0,2.65994595028381e-06,-2.5027876593153307e-06,7.9787324852240626e-07
3833,-0.010833333333333334,0.0041666666666666692,0,3.8216761560158112e-06,-5.3237109051749297e-06,4.8523030565830604e-06
3834,-0.01,0.0041666666666666692,0,8.3103658819378708e-06,-1.1187948945554879e-05,8.2475525059038405e-06
3835,-0.0091666666666666667,0.0041666666666666692,0,2.626095752998755e-05,-2.5051602236268258e-05,6.9901730001865733e-06
3836,-0.0083333333333333332,0.0041666666666666692,0,6.8307107185372362e-05,-5.3247967095586508e-05,-3.2829001022741083e-05
3837,-0.0074999999999999997,0.0041666666666666692,0,0.00011769694829003643,-9.0750087288998048e-05,-0.00014762566792677733
3838,-0.0066666666666666662,0.0041666666666666692,0,0.00013376034313542548,-0.00012978336479692258,-0.00033473107058082526
3839,-0.0058333333333333327,0.0041666666666666692,0,0.0001505131788556548,-0.00019913321295553455,-0.00048830846349029791
3840,-0.0049999999999999992,0.0041666666666666692,0,0.00010294447147361728,-0.00027759363230052072,-0.00079687883798541131
3841,-0.0041666666666666657,0.0041666666666666692,0,-2.5190352899006703e-05,-0.00027427389940349169,-0.0013264630310696422
3842,-0.003333333333333334,0.0041666666666666692,0,-8.8816894434632097e-05,-0.00022139536624636293,-0.0017866794245174509
3843,-0.0024999999999999988,0.0041666666666666692,0,-0.00012547863384798234,-0.00012562040051294505,-0.0020963605398497519
3844,-0.001666666666666667,0.0041666666666666692,0,-0.00014074465222570172,-6.4251940113021941e-05,-0.0022607203899998617
3845,-0.00083333333333333176,0.0041666666666666692,0,-0.00014363015262927476,-7.9147637322559185e-06,-0.0023468422224192202
3846,0,0.0041666666666666692,0,-0.00013889285052166839,4.3069474860157805e-05,-0.0023817065934246856
3847,0.00083333333333333523,0.0041666666666666692,0,-0.00012523190781808355,6.7625096296252728e-05,-0.0023478539860801923
3848,0.001666666666666667,0.0041666666666666692,0,-0.0001145990037727002,7.1001437624545753e-05,-0.0022492067355519146
3849,0.0025000000000000022,0.0041666666666666692,0,-0.00011196032322799696,5.6361807640825093e-05,-0.0020793777269342961
3850,0.003333333333333334,0.0041666666666666692,0,-0.00013418098954819747,2.0357659629396896e-05,-0.0018300205803781673
3851,0.0041666666666666692,0.0041666666666666692,0,-0.00019256222832219054,-5.0373561382758327e-05,-0.0014406861144697265
3852,0.005000000000000001,0.0041666666666666692,0,-0.00026301160280517276,-0.00012713084639787346,-0.00096629009718624643
3853,0.0058333333333333362,0.0041666666666666692,0,-0.00026469373874213141,-0.00012910004537907335,-0.0005787360437278042
3854,0.006666666666666668,0.0041666666666666692,0,-0.00020547889775722106,-9.4044940823161019e-05,-0.00030883110482163561
3855,0.0074999999999999997,0.0041666666666666692,0,-0.00013088129072897571,-4.9566110384794546e-05,-0.00017074779232356476
3856,0.008333333333333335,0.0041666666666666692,0,-8.311228653186914e-05,-2.3800297487861858e-05,-4.8667760304533951e-05
3857,0.0091666666666666667,0.0041666666666666692,0,-3.8839908339171612e-05,-6.2940664565001508e-06,-1.2986208267055913e-05
3858,0.010000000000000002,0.0041666666666666692,0,-1.1337442700829025e-05,-3.2549655035417903e-06,-1.1046255358073227e-05
3859,0.010833333333333334,0.0041666666666666692,0,-7.4363592192561852e-06,-2.2367111283670632e-06,-1.5434949878520958e-05
3860,0.011666666666666669,0.0041666666666666692,0,-6.4348375708115333e-06,-2.0245777417845673e-06,-1.7516738943343472e-05
3861,0.012500000000000001,0.0041666666666666692,0,-6.2035231508173676e-06,-1.9975030940042961e-06,-1.6439342123286484e-05
3862,0.013333333333333332,0.0041666666666666692,0,-6.4065292977214708e-06,-1.4465811805247885e-06,-1.2252697293401522e-05
3863,0.014166666666666671,0.0041666666666666692,0,-6.0701501546696924e-06,-7.2735062746312306e-07,-5.702214048239493e-06
3864,0.015000000000000003,0.0041666666666666692,0,0,0,0
3865,0.015833333333333335,0.0041666666666666692,0,0,0,0
3866,0.016666666666666666,0.0041666666666666692,0,0,0,0
3867,0.017500000000000005,0.0041666666666666692,0,0,0,0
3868,0.018333333333333337,0.0041666666666666692,0,0,0,0
3869,0.019166666666666669,0.0041666666666666692,0,0,0,0
3870,0.02,0.0041666666666666692,0,0,0,0
3871,-0.02,0.005000000000000001,0,0,0,0
3872,-0.019166666666666669,0.005000000000000001,0,0,0,0
3873,-0.018333333333333333,0.005000000000000001,0,0,0,0
3874,-0.017500000000000002,0.005000000000000001,0,0,0,0
3875,-0.016666666666666666,0.005000000000000001,0,0,0,0
3876,-0.015833333333333335,0.005000000000000001,0,0,0,0
3877,-0.014999999999999999,0.005000000000000001,0,0,0,0
3878,-0.014166666666666668,0.005000000000000001,0,1.6182281179106039e-06,-6.9052654354605624e-07,-1.3709392044563508e-06
3879,-0.013333333333333332,0.005000000000000001,0,1.9687987866324754e-06,-1.013868267314693e-06,-1.7361047864191142e-06
3880,-0.012500000000000001,0.005000000000000001,0,2.0128149951664029e-06,-1.311756367755278e-06,-1.1388339039007421e-06
3881,-0.011666666666666667,0.005000000000000001,0,2.1778814803627678e-06,-1.9403109224142329e-06,9.389999184940677e-07
3882,-0.010833333333333334,0.005000000000000001,0,2.848273584976315e-06,-3.8117543314133124e-06,4.562588940124437e-06
3883,-0.01,0.005000000000000001,0,5.5710365938463678e-06,-8.0722823817612303e-06,8.9999787061569195e-06
3884,-0.0091666666666666667,0.005000000000000001,0,1.5999923460976813e-05,-1.7551236370106883e-05,3.935834090085432e-06
3885,-0.0083333333333333332,0.005000000000000001,0,4.1828070110697148e-05,-3.9348513220074589e-05,-1.9735857740488233e-06
3886,-0.0074999999999999997,0.005000000000000001,0,8.3283068967825979e-05,-7.8432417539479361e-05,-6.3521024704379768e-05
3887,-0.0066666666666666662,0.005000000000000001,0,0.00010896095454393699,-0.00011468553382736468,-0.00021735539518482916
3888,-0.0058333333333333327,0.005000000000000001,0,0.00011925232936163987,-0.00016753524665330153,-0.00035526888787947746
3889,-0.0049999999999999992,0.005000000000000001,0,0.00012297153836796128,-0.00023912044376494073,-0.00050620665601192256
3890,-0.0041666666666666657,0.005000000000000001,0,6.1378940448420278e-05,-0.00029637126678803754,-0.00080883237159250947
3891,-0.003333333333333334,0.005000000000000001,0,-6.5768132771035958e-05,-0.00027205037953205376,-0.0012390747792914295
3892,-0.0024999999999999988,0.005000000000000001,0,-0.00011420975666874505,-0.00021770125837868723,-0.0016082119454390467
3893,-0.001666666666666667,0.005000000000000001,0,-0.00012153000616069008,-0.00014823979643576452,-0.0018450100651359563
3894,-0.00083333333333333176,0.005000000000000001,0,-0.00013441211404623631,-9.8253430333831282e-05,-0.0019602225604107982
3895,0,0.005000000000000001,0,-0.00014325006704006793,-5.6955611136047556e-05,-0.0019998055130975106
3896,0.00083333333333333523,0.005000000000000001,0,-0.0001448995793850843,-3.7668970428963762e-05,-0.0019608030510671138
3897,0.001666666666666667,0.005000000000000001,0,-0.00014994867284940725,-2.7082624765723408e-05,-0.0018579642488177029
3898,0.0025000000000000022,0.005000000000000001,0,-0.00016869660531376677,-5.0548273413359185e-05,-0.0016549155785732462
3899,0.003333333333333334,0.005000000000000001,0,-0.00020009442301405117,-9.6174230854112496e-05,-0.0013528778407210353
3900,0.0041666666666666692,0.005000000000000001,0,-0.00023583156901116825,-0.00016633105992593797,-0.00095572360587608792
3901,0.005000000000000001,0.005000000000000001,0,-0.00024481978460571879,-0.00016974884247799774,-0.00061440787843311789
3902,0.0058333333333333362,0.005000000000000001,0,-0.00021083175921689609,-0.00013199710434226548,-0.00036148800742453926
3903,0.006666666666666668,0.005000000000000001,0,-0.00014603090664057678,-7.7278683215399024e-05,-0.00020431278172260462
3904,0.0074999999999999997,0.005000000000000001,0,-9.9483356957086024e-05,-4.2886941238068811e-05,-8.7419557872906071e-05
3905,0.008333333333333335,0.005000000000000001,0,-5.9386796701953315e-05,-1.8031018095759887e-05,-1.3667895003419219e-05
3906,0.0091666666666666667,0.005000000000000001,0,-2.2724641940493602e-05,-5.1542128675879975e-06,-1.2953402462849064e-05
3907,0.010000000000000002,0.005000000000000001,0,-8.0525399031768334e-06,-2.9773437741126639e-06,-9.1126288588798276e-06
3908,0.010833333333333334,0.005000000000000001,0,-6.1505192975512777e-06,-2.1945384878614231e-06,-1.4087466463841665e-05
3909,0.011666666666666669,0.005000000000000001,0,-5.4652059674904422e-06,-2.3966196870798206e-06,-1.5937920416172786e-05
3910,0.012500000000000001,0.005000000000000001,0,-5.4329476440055546e-06,-2.1983765865630719e-06,-1.458877046314192e-05
3911,0.013333333333333332,0.005000000000000001,0,-5.6482158497847301e-06,-1.5572053270813072e-06,-1.0625137340653919e-05
3912,0.014166666666666671,0.005000000000000001,0,-5.2068266549611488e-06,-8.2353580927741136e-07,-4.891010395614497e-06
3913,0.015000000000000003,0.005000000000000001,0,0,0,0
3914,0.015833333333333335,0.005000000000000001,0,0,0,0
3915,0.016666666666666666,0.005000000000000001,0,0,0,0
3916,0.017500000000000005,0.005000000000000001,0,0,0,0
3917,0.018333333333333337,0.005000000000000001,0,0,0,0
3918,0.019166666666666669,0.005000000000000001,0,0,0,0
3919,0.02,0.005000000000000001,0,0,0,0
3920,-0.02,0.0058333333333333362,0,0,0,0
3921,-0.019166666666666669,0.0058333333333333362,0,0,0,0
3922,-0.018333333333333333,0.0058333333333333362,0,0,0,0
3923,-0.017500000000000002,0.0058333333333333362,0,0,0,0
3924,-0.016666666666666666,0.0058333333333333362,0,0,0,0
3925,-0.015833333333333335,0.0058333333333333362,0,0,0,0
3926,-0.014999999999999999,0.0058333333333333362,0,0,0,0
3927,-0.014166666666666668,0.0058333333333333362,0,1.2663532507648492e-06,-5.9506981195655557e-07,-1.0805775014059987e-06
3928,-0.013333333333333332,0.0058333333333333362,0,1.6168643370648023e-06,-9.3177716677398513e-07,-1.2576621274743706e-06
3929,-0.012500000000000001,0.0058333333333333362,0,1.6554546268775761e-06,-1.1212722753791155e-06,-7.1766785234706602e-07
3930,-0.011666666666666667,0.0058333333333333362,0,1.7780890583973883e-06,-1.5146881846846163e-06,8.8852781244499006e-07
3931,-0.010833333333333334,0.0058333333333333362,0,2.0704905277476522e-06,-2.6996133884034899e-06,3.8291458802068648e-06
3932,-0.01,0.0058333333333333362,0,3.1484367151770948e-06,-5.6545681213169342e-06,7.9508377509438218e-06
3933,-0.0091666666666666667,0.0058333333333333362,0,7.8097990556089936e-06,-1.1566170405136518e-05,9.7927707439373639e-06
3934,-0.0083333333333333332,0.0058333333333333362,0,1.928858765448072e-05,-2.5822960221149417e-05,-1.4505199752939118e-06
3935,-0.0074999999999999997,0.0058333333333333362,0,4.5746491164641333e-05,-5.4786150766375764e-05,-1.7850370423240065e-05
3936,-0.0066666666666666662,0.0058333333333333362,0,8.0218585402122024e-05,-9.5896516171739985e-05,-8.956307219403063e-05
3937,-0.0058333333333333327,0.0058333333333333362,0,8.9405815068539925e-05,-0.00013146422654657016,-0.00023799640376683792
3938,-0.0049999999999999992,0.0058333333333333362,0,9.7272984164316367e-05,-0.00018836147989159132,-0.00033736153428598779
3939,-0.0041666666666666657,0.0058333333333333362,0,8.9138418361766182e-05,-0.00024858205871934976,-0.00045917164114692984
3940,-0.003333333333333334,0.0058333333333333362,0,4.9998195680933566e-05,-0.00030032417943950566,-0.00068744621334268746
3941,-0.0024999999999999988,0.0058333333333333362,0,-3.2003211366652586e-05,-0.00030062111335868804,-0.00097629491970940136
3942,-0.001666666666666667,0.0058333333333333362,0,-0.00011221900591219612,-0.00024933644861716562,-0.0012332649288578558
3943,-0.00083333333333333176,0.0058333333333333362,0,-0.00015176044366466219,-0.00020681408783061728,-0.0013934562912657337
3944,0,0.0058333333333333362,0,-0.00016815800032874957,-0.00017711813404966013,-0.0014566791447674921
3945,0.00083333333333333523,0.0058333333333333362,0,-0.0001781336236441994,-0.00016150861034278118,-0.0014218402947907521
3946,0.001666666666666667,0.0058333333333333362,0,-0.00019000376533412976,-0.00016600884591838174,-0.0012871978783593136
3947,0.0025000000000000022,0.0058333333333333362,0,-0.00020084536017908188,-0.000189347124018047,-0.0010638324726848418
3948,0.003333333333333334,0.0058333333333333362,0,-0.00021060697795355116,-0.00021177570217997309,-0.00079048067612428306
3949,0.0041666666666666692,0.0058333333333333362,0,-0.00020541162596302484,-0.00020311797787034321,-0.00054812137691709741
3950,0.005000000000000001,0.0058333333333333362,0,-0.00018512821615288141,-0.00015917775774235314,-0.00035550933779902373
3951,0.0058333333333333362,0.0058333333333333362,0,-0.00014050716377610347,-0.00010349888313773,-0.00022044420072069745
3952,0.006666666666666668,0.0058333333333333362,0,-9.9474157683788122e-05,-6.0731401695102852e-05,-0.00012621845410260769
3953,0.0074999999999999997,0.0058333333333333362,0,-6.7040595656227544e-05,-3.2311303465407618e-05,-2.0577882244287056e-05
3954,0.008333333333333335,0.0058333333333333362,0,-3.3393122610482067e-05,-1.2166667130791775e-05,-1.2531856669650178e-05
3955,0.0091666666666666667,0.0058333333333333362,0,-1.125531672104221e-05,-5.2786060780095291e-06,-6.4836671872615222e-06
3956,0.010000000000000002,0.0058333333333333362,0,-6.1141479833186993e-06,-3.011560306863971e-06,-9.1050003733908833e-06
3957,0.010833333333333334,0.0058333333333333362,0,-4.8074043867962367e-06,-2.4772718423133591e-06,-1.3131160139520131e-05
3958,0.011666666666666669,0.0058333333333333362,0,-4.4511381401737293e-06,-2.4990686695379969e-06,-1.4281527865731687e-05
3959,0.012500000000000001,0.0058333333333333362,0,-4.7206960198386249e-06,-2.2099348457310588e-06,-1.2619675659813028e-05
3960,0.013333333333333332,0.0058333333333333362,0,-4.8310731565684716e-06,-1.5835053213870272e-06,-8.9149179444399267e-06
3961,0.014166666666666671,0.0058333333333333362,0,-4.3032622892103512e-06,-8.5598436268878185e-07,-4.0502748320352325e-06
3962,0.015000000000000003,0.0058333333333333362,0,0,0,0
3963,0.015833333333333335,0.0058333333333333362,0,0,0,0
3964,0.016666666666666666,0.0058333333333333362,0,0,0,0
3965,0.017500000000000005,0.0058333333333333362,0,0,0,0
3966,0.018333333333333337,0.0058333333333333362,0,0,0,0
3967,0.019166666666666669,0.0058333333333333362,0,0,0,0
3968,0.02,0.0058333333333333362,0,0,0,0
3969,-0.02,0.006666666666666668,0,0,0,0
3970,-0.019166666666666669,0.006666666666666668,0,0,0,0
3971,-0.018333333333333333,0.006666666666666668,0,0,0,0
3972,-0.017500000000000002,0.006666666666666668,0,0,0,0
3973,-0.016666666666666666,0.006666666666666668,0,0,0,0
3974,-0.015833333333333335,0.006666666666666668,0,0,0,0
3975,-0.014999999999999999,0.006666666666666668,0,0,0,0
3976,-0.014166666666666668,0.006666666666666668,0,1.0238075791355709e-06,-5.2264224825619605e-07,-8.688554895257514e-07
3977,-0.013333333333333332,0.006666666666666668,0,1.3109903838502766e-06,-8.1981939390688833e-07,-1.0122279002405555e-06
3978,-0.012500000000000001,0.006666666666666668,0,1.3762021647233774e-06,-9.2914932902090777e-07,-5.8123556958792843e-07
3979,-0.011666666666666667,0.006666666666666668,0,1.4223935878727942e-06,-1.1202993630229131e-06,6.70223058870238e-07
3980,-0.010833333333333334,0.006666666666666668,0,1.5108479396294881e-06,-1.7824597230175111e-06,2.9204563464605971e-06
3981,-0.01,0.006666666666666668,0,1.790159773790079e-06,-3.4957387787764803e-06,6.3932075712296718e-06
3982,-0.0091666666666666667,0.006666666666666668,0,3.5158016398727442e-06,-7.3096831039672039e-06,1.0055150016891441e-05
3983,-0.0083333333333333332,0.006666666666666668,0,8.2507644837541844e-06,-1.4643026003788195e-05,9.3026410015844939e-06
3984,-0.0074999999999999997,0.006666666666666668,0,1.9788463392481912e-05,-3.2092326903257933e-05,4.5156886131598249e-06
3985,-0.0066666666666666662,0.006666666666666668,0,4.174704877057069e-05,-6.3408549527795122e-05,-2.3481249311476694e-05
3986,-0.0058333333333333327,0.006666666666666668,0,6.2197422464845768e-05,-0.00010754304047011406,-8.2153843913333825e-05
3987,-0.0049999999999999992,0.006666666666666668,0,6.4796046904541348e-05,-0.00013799291565970168,-0.00021147279836187274
3988,-0.0041666666666666657,0.006666666666666668,0,6.629911932170975e-05,-0.00017951817576597533,-0.00029369103174087507
3989,-0.003333333333333334,0.006666666666666668,0,5.6445793129094782e-05,-0.00023691704508183522,-0.00037602707521191327
3990,-0.0024999999999999988,0.006666666666666668,0,2.6629624914591261e-05,-0.00027368060759971029,-0.00048379614908184766
3991,-0.001666666666666667,0.006666666666666668,0,-1.2077553975369341e-05,-0.00029489796945191785,-0.00060051044242829578
3992,-0.00083333333333333176,0.006666666666666668,0,-5.6430254003501473e-05,-0.00030316583431676784,-0.00069735563459823408
3993,0,0.006666666666666668,0,-9.7838975309971749e-05,-0.00029937871223754378,-0.00074596190097521485
3994,0.00083333333333333523,0.006666666666666668,0,-0.00013421851308187115,-0.0002851706325376837,-0.00073267374148086725
3995,0.001666666666666667,0.006666666666666668,0,-0.00015171321698844351,-0.00026236307578500365,-0.00065996524211470696
3996,0.0025000000000000022,0.006666666666666668,0,-0.00015689649797106091,-0.00023628194241559166,-0.00054851974026183092
3997,0.003333333333333334,0.006666666666666668,0,-0.00015918711655023851,-0.00020639119200971037,-0.00042989116593178259
3998,0.0041666666666666692,0.006666666666666668,0,-0.00014614876929184715,-0.00016407030324703143,-0.00029894765621887561
3999,0.005000000000000001,0.006666666666666668,0,-0.00011773454446644301,-0.00011506158614068468,-0.00020567592436088211
4000,0.0058333333333333362,0.006666666666666668,0,-9.0806182376602899e-05,-7.5812329602602385e-05,-0.0001309894398191788
4001,0.006666666666666668,0.006666666666666668,0,-6.6979031379580341e-05,-4.6993889530393628e-05,-2.7625138390617638e-05
4002,0.0074999999999999997,0.006666666666666668,0,-3.8410430801225076e-05,-2.0224273775961691e-05,-1.292525761760494e-05
4003,0.008333333333333335,0.006666666666666668,0,-1.6068468820035259e-05,-8.6052147741936095e-06,-7.0048813156992661e-06
4004,0.0091666666666666667,0.006666666666666668,0,-6.7891254410350564e-06,-4.3021238546021161e-06,-4.7711266087770764e-06
4005,0.010000000000000002,0.006666666666666668,0,-4.6357746154027291e-06,-2.7533293755864106e-06,-9.0685258978024315e-06
4006,0.010833333333333334,0.006666666666666668,0,-3.6996237737654606e-06,-2.577834953089637e-06,-1.2117523883408405e-05
4007,0.011666666666666669,0.006666666666666668,0,-3.6333202585718421e-06,-2.3837107855736579e-06,-1.2546051897132577e-05
4008,0.012500000000000001,0.006666666666666668,0,-4.0340829897620265e-06,-2.09540017984086e-06,-1.065207413730247e-05
4009,0.013333333333333332,0.006666666666666668,0,-4.0237750007932831e-06,-1.5298484807557728e-06,-7.2506543490124499e-06
4010,0.014166666666666671,0.006666666666666668,0,-3.439668524281312e-06,-8.3579185750817372e-07,-3.2419108339652619e-06
4011,0.015000000000000003,0.006666666666666668,0,0,0,0
4012,0.015833333333333335,0.006666666666666668,0,0,0,0
4013,0.016666666666666666,0.006666666666666668,0,0,0,0
4014,0.017500000000000005,0.006666666666666668,0,0,0,0
4015,0.018333333333333337,0.006666666666666668,0,0,0,0
4016,0.019166666666666669,0.006666666666666668,0,0,0,0
4017,0.02,0.006666666666666668,0,0,0,0
4018,-0.02,0.0074999999999999997,0,0,0,0
4019,-0.019166666666666669,0.0074999999999999997,0,0,0,0
4020,-0.018333333333333333,0.0074999999999999997,0,0,0,0
4021,-0.017500000000000002,0.0074999999999999997,0,0,0,0
4022,-0.016666666666666666,0.0074999999999999997,0,0,0,0
4023,-0.015833333333333335,0.0074999999999999997,0,0,0,0
4024,-0.014999999999999999,0.0074999999999999997,0,0,0,0
4025,-0.014166666666666668,0.0074999999999999997,0,8.2559390037662757e-07,-4.6516505628750039e-07,-7.1226852497094762e-07
4026,-0.013333333333333332,0.0074999999999999997,0,1.081442667719967e-06,-7.1914567082321903e-07,-8.7417871620534854e-07
4027,-0.012500000000000001,0.0074999999999999997,0,1.1800695342085924e-06,-7.8922560062494939e-07,-6.8270176335985314e-07
4028,-0.011666666666666667,0.0074999999999999997,0,1.1806096270031788e-06,-8.0268655803518332e-07,2.1383164618312957e-07
4029,-0.010833333333333334,0.0074999999999999997,0,1.2123990245622373e-06,-1.0779552381830539e-06,1.8272165228941992e-06
4030,-0.01,0.0074999999999999997,0,1.2383607566715944e-06,-1.9057063885663575e-06,4.4321754122958973e-06
4031,-0.0091666666666666667,0.0074999999999999997,0,1.535646608228422e-06,-3.8985910666228765e-06,7.9062661559054513e-06
4032,-0.0083333333333333332,0.0074999999999999997,0,3.1833497816423184e-06,-7.9230575790115865e-06,1.1045426765976189e-05
4033,-0.0074999999999999997,0.0074999999999999997,0,7.8286935636075824e-06,-1.6102997549572296e-05,8.1980079703041094e-06
4034,-0.0066666666666666662,0.0074999999999999997,0,1.8107559905622996e-05,-3.329392303671179e-05,3.0166318384695283e-06
4035,-0.0058333333333333327,0.0074999999999999997,0,2.9115220197623456e-05,-6.8014580437755629e-05,-1.8133659670470725e-05
4036,-0.0049999999999999992,0.0074999999999999997,0,4.2862851368519856e-05,-0.00010103888513398002,-6.0060619209457551e-05
4037,-0.0041666666666666657,0.0074999999999999997,0,4.2393670522996385e-05,-0.00012984969738069073,-0.00015052518454374198
4038,-0.003333333333333334,0.0074999999999999997,0,3.5952408861019643e-05,-0.00015634146300952647,-0.00022995914394838754
4039,-0.0024999999999999988,0.0074999999999999997,0,2.5956959812538855e-05,-0.00018830226397774282,-0.00027798890464968395
4040,-0.001666666666666667,0.0074999999999999997,0,7.5425649265562157e-06,-0.00021270140135662251,-0.00032304421522977859
4041,-0.00083333333333333176,0.0074999999999999997,0,-2.1043037244126655e-05,-0.00022822223687974101,-0.00037229940188374133
4042,0,0.0074999999999999997,0,-5.0427786496954014e-05,-0.00023196984287190357,-0.00039184057950796431
4043,0.00083333333333333523,0.0074999999999999997,0,-7.7141380330133366e-05,-0.00022770826844031227,-0.00037941617695955144
4044,0.001666666666666667,0.0074999999999999997,0,-9.5326584321613951e-05,-0.00020801468732618993,-0.00033874856467704665
4045,0.0025000000000000022,0.0074999999999999997,0,-0.00010166144231870699,-0.00017968042780248887,-0.00028053341502930695
4046,0.003333333333333334,0.0074999999999999997,0,-9.8308882682378234e-05,-0.00014640046212395025,-0.00022603319323939228
4047,0.0041666666666666692,0.0074999999999999997,0,-8.589339833937849e-05,-0.00011040190808710301,-0.00017735702722151842
4048,0.005000000000000001,0.0074999999999999997,0,-7.4275473043313331e-05,-8.225665244463271e-05,-9.2067098755747135e-05
4049,0.0058333333333333362,0.0074999999999999997,0,-6.0476797422053135e-05,-5.3305352893818766e-05,-1.4668479703287785e-05
4050,0.006666666666666668,0.0074999999999999997,0,-3.7235519223151058e-05,-2.4683209199842173e-05,-9.3470596476116845e-06
4051,0.0074999999999999997,0.0074999999999999997,0,-1.729263276441984e-05,-1.1331080320833137e-05,-7.4004978771514228e-06
4052,0.008333333333333335,0.0074999999999999997,0,-8.0752475213422658e-06,-5.6792930011689182e-06,-2.6935008788902373e-06
4053,0.0091666666666666667,0.0074999999999999997,0,-4.8043318803836402e-06,-3.385142046345184e-06,-5.3946730090145944e-06
4054,0.010000000000000002,0.0074999999999999997,0,-3.2965945735177553e-06,-2.5921922477375809e-06,-9.1696761961144097e-06
4055,0.010833333333333334,0.0074999999999999997,0,-2.8200063294720905e-06,-2.4421645333276375e-06,-1.1095238714476559e-05
4056,0.011666666666666669,0.0074999999999999997,0,-3.0573428203507879e-06,-2.2085628604158083e-06,-1.0823564813617261e-05
4057,0.012500000000000001,0.0074999999999999997,0,-3.3618712793713342e-06,-1.9105678256283397e-06,-8.7862566208226585e-06
4058,0.013333333333333332,0.0074999999999999997,0,-3.2672706995243258e-06,-1.4007139291796493e-06,-5.7195581953886089e-06
4059,0.014166666666666671,0.0074999999999999997,0,-2.6413885786175422e-06,-7.6810094117450184e-07,-2.4953523158199361e-06
4060,0.015000000000000003,0.0074999999999999997,0,0,0,0
4061,0.015833333333333335,0.0074999999999999997,0,0,0,0
4062,0.016666666666666666,0.0074999999999999997,0,0,0,0
4063,0.017500000000000005,0.0074999999999999997,0,0,0,0
4064,0.018333333333333337,0.0074999999999999997,0,0,0,0
4065,0.019166666666666669,0.0074999999999999997,0,0,0,0
4066,0.02,0.0074999999999999997,0,0,0,0
4067,-0.02,0.008333333333333335,0,0,0,0
4068,-0.019166666666666669,0.008333333333333335,0,0,0,0
4069,-0.018333333333333333,0.008333333333333335,0,0,0,0
4070,-0.017500000000000002,0.008333333333333335,0,0,0,0
4071,-0.016666666666666666,0.008333333333333335,0,0,0,0
4072,-0.015833333333333335,0.008333333333333335,0,0,0,0
4073,-0.014999999999999999,0.008333333333333335,0,0,0,0
4074,-0.014166666666666668,0.008333333333333335,0,6.0674443991994554e-07,-3.9421597023186917e-07,-5.6704749299853765e-07
4075,-0.013333333333333332,0.008333333333333335,0,9.0533428749517155e-07,-6.381161033149846e-07,-7.6539019416249873e-07
4076,-0.012500000000000001,0.008333333333333335,0,1.0424746984507531e-06,-7.1183359437046204e-07,-8.3027365734262606e-07
4077,-0.011666666666666667,0.008333333333333335,0,1.0845943350210545e-06,-6.7365807283759875e-07,-3.844087853544372e-07
4078,-0.010833333333333334,0.008333333333333335,0,1.0995049738921927e-06,-6.5693629478310235e-07,6.4635350897916964e-07
4079,-0.01,0.008333333333333335,0,1.1538074169556366e-06,-9.5790993682251368e-07,2.2867576227038675e-06
4080,-0.0091666666666666667,0.008333333333333335,0,1.2383367555728385e-06,-1.8417662272085011e-06,4.6929195437991746e-06
4081,-0.0083333333333333332,0.008333333333333335,0,1.4929799009419767e-06,-3.7869717237095408e-06,7.610534819141034e-06
4082,-0.0074999999999999997,0.008333333333333335,0,3.0420554229888037e-06,-7.6087814034273674e-06,9.8675336881718437e-06
4083,-0.0066666666666666662,0.008333333333333335,0,6.59243327238534e-06,-1.4567594254623372e-05,6.5092443293786776e-06
4084,-0.0058333333333333327,0.008333333333333335,0,9.5076750417699106e-06,-3.054411026401928e-05,-2.0310157321834551e-06
4085,-0.0049999999999999992,0.008333333333333335,0,1.5979458844143362e-05,-5.6083791881211034e-05,-5.3330598534704004e-06
4086,-0.0041666666666666657,0.008333333333333335,0,2.1166049710218991e-05,-8.4422386142307419e-05,-2.9823999718997078e-05
4087,-0.003333333333333334,0.008333333333333335,0,2.3429634902603882e-05,-0.00011327041637145125,-6.7203448431961025e-05
4088,-0.0024999999999999988,0.008333333333333335,0,1.8661993764862494e-05,-0.00013539892094042926,-0.00012680297490012601
4089,-0.001666666666666667,0.008333333333333335,0,6.7748858906841921e-06,-0.00015054754767692479,-0.00017312242187524351
4090,-0.00083333333333333176,0.008333333333333335,0,-1.1114974230769857e-05,-0.00015718713796278856,-0.00020132842102219456
4091,0,0.008333333333333335,0,-2.8547276461898326e-05,-0.00016051701126660269,-0.0002074531010582345
4092,0.00083333333333333523,0.008333333333333335,0,-4.2603928222243207e-05,-0.00015724677107038906,-0.000196511320061425
4093,0.001666666666666667,0.008333333333333335,0,-5.0027131688316604e-05,-0.00014359306316035468,-0.00018071684527692767
4094,0.0025000000000000022,0.008333333333333335,0,-5.7489539751265524e-05,-0.0001228579994899943,-0.00015334424241039346
4095,0.003333333333333334,0.008333333333333335,0,-6.1128996937882672e-05,-9.8809703214327002e-05,-0.00010106512101293743
4096,0.0041666666666666692,0.008333333333333335,0,-5.5219792425549543e-05,-7.341549128786758e-05,-4.2658249053823853e-05
4097,0.005000000000000001,0.008333333333333335,0,-4.2966177848046621e-05,-4.6534468905527618e-05,-1.0808710176946959e-05
4098,0.0058333333333333362,0.008333333333333335,0,-2.8858969829353819e-05,-2.4689789079520783e-05,-9.28042546253341e-06
4099,0.006666666666666668,0.008333333333333335,0,-1.5659296830932931e-05,-1.169911875554736e-05,-6.3620157489723788e-06
4100,0.0074999999999999997,0.008333333333333335,0,-7.9417026641540762e-06,-6.5305538140837895e-06,-1.6891698971106435e-06
4101,0.008333333333333335,0.008333333333333335,0,-5.2156919185999369e-06,-3.9984755793795516e-06,-3.515757999721814e-06
4102,0.0091666666666666667,0.008333333333333335,0,-3.3191250363125491e-06,-2.8102711047095809e-06,-6.6820793969093104e-06
4103,0.010000000000000002,0.008333333333333335,0,-2.3250170446752366e-06,-2.4844491884969758e-06,-9.2119635020011283e-06
4104,0.010833333333333334,0.008333333333333335,0,-2.2573524270034086e-06,-2.2049205973963974e-06,-9.9953478383000368e-06
4105,0.011666666666666669,0.008333333333333335,0,-2.6246457802084843e-06,-2.0240216825372837e-06,-9.1345379464099069e-06
4106,0.012500000000000001,0.008333333333333335,0,-2.7775975791300967e-06,-1.6950184733986383e-06,-7.0977824253326605e-06
4107,0.013333333333333332,0.008333333333333335,0,-2.5768786652378171e-06,-1.2248408321875001e-06,-4.404658689836899e-06
4108,0.014166666666666671,0.008333333333333335,0,-1.9454729111281391e-06,-6.7459054585300588e-07,-1.8316665479660348e-06
4109,0.015000000000000003,0.008333333333333335,0,0,0,0
4110,0.015833333333333335,0.008333333333333335,0,0,0,0
4111,0.016666666666666666,0.008333333333333335,0,0,0,0
4112,0.017500000000000005,0.008333333333333335,0,0,0,0
4113,0.018333333333333337,0.008333333333333335,0,0,0,0
4114,0.019166666666666669,0.008333333333333335,0,0,0,0
4115,0.02,0.008333333333333335,0,0,0,0
4116,-0.02,0.0091666666666666667,0,0,0,0
4117,-0.019166666666666669,0.0091666666666666667,0,0,0,0
4118,-0.018333333333333333,0.0091666666666666667,0,0,0,0
4119,-0.017500000000000002,0.0091666666666666667,0,0,0,0
4120,-0.016666666666666666,0.0091666666666666667,0,0,0,0
4121,-0.015833333333333335,0.0091666666666666667,0,0,0,0
4122,-0.014999999999999999,0.0091666666666666667,0,0,0,0
4123,-0.014166666666666668,0.0091666666666666667,0,4.4260709651483305e-07,-3.3219242945637551e-07,-4.2328013188986234e-07
4124,-0.013333333333333332,0.0091666666666666667,0,7.4629287998442175e-07,-5.6070291339262938e-07,-6.8665667915852074e-07
4125,-0.012500000000000001,0.0091666666666666667,0,9.2528811320192443e-07,-6.6854079515028006e-07,-9.150471509522775e-07
4126,-0.011666666666666667,0.0091666666666666667,0,1.0474025504869239e-06,-6.6585969728463279e-07,-8.8214332017934791e-07
4127,-0.010833333333333334,0.0091666666666666667,0,1.0979367483073307e-06,-5.8557158869963334e-07,-4.510097705616231e-07
4128,-0.01,0.0091666666666666667,0,1.1939208305649257e-06,-5.7002346387987192e-07,3.7334211698052733e-07
4129,-0.0091666666666666667,0.0091666666666666667,0,1.3447277313507448e-06,-8.8808939443529307e-07,1.5707134802881844e-06
4130,-0.0083333333333333332,0.0091666666666666667,0,1.4465628513937927e-06,-1.7580009097101198e-06,3.2019101117421344e-06
4131,-0.0074999999999999997,0.0091666666666666667,0,1.5775209645922035e-06,-3.5178374535022171e-06,4.9574859310664712e-06
4132,-0.0066666666666666662,0.0091666666666666667,0,2.3357060414877717e-06,-6.5207666089530598e-06,6.0043396857442837e-06
4133,-0.0058333333333333327,0.0091666666666666667,0,2.8440902158907875e-06,-1.1313896551436341e-05,5.7426378322497721e-06
4134,-0.0049999999999999992,0.0091666666666666667,0,3.8537639417173579e-06,-1.9877909388626461e-05,2.3267057001133964e-07
4135,-0.0041666666666666657,0.0091666666666666667,0,4.1225586949064443e-06,-3.428831966473825e-05,1.1966280065196967e-06
4136,-0.003333333333333334,0.0091666666666666667,0,6.6918339547616454e-06,-5.5045542399274047e-05,-4.7253421645762343e-06
4137,-0.0024999999999999988,0.0091666666666666667,0,5.6269140128429865e-06,-7.7545073587435181e-05,-1.7809703586510161e-05
4138,-0.001666666666666667,0.0091666666666666667,0,-7.5349071339525665e-07,-9.3627055802998131e-05,-4.1184512339711343e-05
4139,-0.00083333333333333176,0.0091666666666666667,0,-9.7526293019264371e-06,-0.00010148441698570099,-4.9727627648298183e-05
4140,0,0.0091666666666666667,0,-1.8084137086200662e-05,-0.00010452556273716728,-5.313503269860548e-05
4141,0.00083333333333333523,0.0091666666666666667,0,-2.4802953918773061e-05,-0.00010121825153363155,-5.273908179828103e-05
4142,0.001666666666666667,0.0091666666666666667,0,-2.957055971589167e-05,-9.1688021078029303e-05,-4.3847421946695034e-05
4143,0.0025000000000000022,0.0091666666666666667,0,-3.4390894103610961e-05,-7.4953079943397942e-05,-2.459228864948963e-05
4144,0.003333333333333334,0.0091666666666666667,0,-3.4415320887924537e-05,-5.0536245991538519e-05,-1.0226767381705753e-05
4145,0.0041666666666666692,0.0091666666666666667,0,-2.6334411659421241e-05,-2.9333707713533822e-05,-8.5556686480400213e-06
4146,0.005000000000000001,0.0091666666666666667,0,-1.7636054858864954e-05,-1.7038719973317755e-05,-1.0035584189315013e-05
4147,0.0058333333333333362,0.0091666666666666667,0,-1.2302438445261215e-05,-1.0186983623805846e-05,-4.3905333877222021e-06
4148,0.006666666666666668,0.0091666666666666667,0,-7.5993673276377195e-06,-6.6043865401784136e-06,-2.6934996842855126e-06
4149,0.0074999999999999997,0.0091666666666666667,0,-5.250856253529878e-06,-4.4306705869757663e-06,-3.4426576930888777e-06
4150,0.008333333333333335,0.0091666666666666667,0,-3.557977851598997e-06,-3.168629683844498e-06,-5.6124610339002991e-06
4151,0.0091666666666666667,0.0091666666666666667,0,-2.2614200285405318e-06,-2.6182975082587621e-06,-7.7194401883293296e-06
4152,0.010000000000000002,0.0091666666666666667,0,-1.7936126387717202e-06,-2.2665226233542256e-06,-8.8919828570032582e-06
4153,0.010833333333333334,0.0091666666666666667,0,-2.0044723000698137e-06,-2.0428020644780777e-06,-8.7705609374071082e-06
4154,0.011666666666666669,0.0091666666666666667,0,-2.2700679996241114e-06,-1.8234087346984415e-06,-7.5771048570039556e-06
4155,0.012500000000000001,0.0091666666666666667,0,-2.2806179783318192e-06,-1.4896524204110978e-06,-5.6098142213042058e-06
4156,0.013333333333333332,0.0091666666666666667,0,-2.0014069464236075e-06,-1.0504651901462623e-06,-3.2906499277648558e-06
4157,0.014166666666666671,0.0091666666666666667,0,-1.3670239432529712e-06,-5.7579574228169147e-07,-1.2863058566131798e-06
4158,0.015000000000000003,0.0091666666666666667,0,0,0,0
4159,0.015833333333333335,0.0091666666666666667,0,0,0,0
4160,0.016666666666666666,0.0091666666666666667,0,0,0,0
4161,0.017500000000000005,0.0091666666666666667,0,0,0,0
4162,0.018333333333333337,0.0091666666666666667,0,0,0,0
4163,0.019166666666666669,0.0091666666666666667,0,0,0,0
4164,0.02,0.0091666666666666667,0,0,0,0
4165,-0.02,0.010000000000000002,0,0,0,0
4166,-0.019166666666666669,0.010000000000000002,0,0,0,0
4167,-0.018333333333333333,0.010000000000000002,0,0,0,0
4168,-0.017500000000000002,0.010000000000000002,0,0,0,0
4169,-0.016666666666666666,0.010000000000000002,0,0,0,0
4170,-0.015833333333333335,0.010000000000000002,0,0,0,0
4171,-0.014999999999999999,0.010000000000000002,0,0,0,0
4172,-0.014166666666666668,0.010000000000000002,0,3.6685288278270519e-07,-2.8328696293664748e-07,-3.278356420597834e-07
4173,-0.013333333333333332,0.010000000000000002,0,6.2711218607297702e-07,-4.9988105778977518e-07,-6.2750458187196814e-07
4174,-0.012500000000000001,0.010000000000000002,0,8.0645791255442598e-07,-6.2608700918424536e-07,-9.4178544816406559e-07
4175,-0.011666666666666667,0.010000000000000002,0,9.8443468805919288e-07,-6.8948579579289596e-07,-1.1474926734566554e-06
4176,-0.010833333333333334,0.010000000000000002,0,1.14555178049545e-06,-6.8094301345962663e-07,-1.2254454766114157e-06
4177,-0.01,0.010000000000000002,0,1.2612601710073393e-06,-6.33645014980181e-07,-1.0727026143348513e-06
4178,-0.0091666666666666667,0.010000000000000002,0,1.429859467496667e-06,-6.8399656258774817e-07,-7.7732777884307976e-07
4179,-0.0083333333333333332,0.010000000000000002,0,1.6480841207991025e-06,-1.0439751624581023e-06,-3.9972619165136357e-07
4180,-0.0074999999999999997,0.010000000000000002,0,1.784146080617784e-06,-1.8507126392129859e-06,1.1513234850375317e-07
4181,-0.0066666666666666662,0.010000000000000002,0,1.7493729200833027e-06,-3.1585538514352294e-06,5.0958312383544314e-07
4182,-0.0058333333333333327,0.010000000000000002,0,1.5339722216807648e-06,-5.316746134184755e-06,8.6158146799745037e-07
4183,-0.0049999999999999992,0.010000000000000002,0,1.6614329306283224e-06,-7.5195750948939811e-06,9.3904079193624403e-07
4184,-0.0041666666666666657,0.010000000000000002,0,2.1957066219082736e-06,-1.1234075402942904e-05,-7.1375008099000546e-07
4185,-0.003333333333333334,0.010000000000000002,0,2.1064544642060921e-06,-1.7146531126996775e-05,-4.8852851431177575e-06
4186,-0.0024999999999999988,0.010000000000000002,0,-2.8010003731018531e-06,-2.5289223921055307e-05,-8.2126412328912282e-06
4187,-0.001666666666666667,0.010000000000000002,0,-8.0625538313025589e-06,-3.197175862579384e-05,-5.1744917441350195e-06
4188,-0.00083333333333333176,0.010000000000000002,0,-1.1772084236020806e-05,-3.7001024375433624e-05,4.0934837069578272e-06
4189,0,0.010000000000000002,0,-1.3460375632339649e-05,-3.9754754038077738e-05,3.1023579802962165e-06
4190,0.00083333333333333523,0.010000000000000002,0,-1.3819931969400376e-05,-3.8001488957610841e-05,4.6594529921631239e-06
4191,0.001666666666666667,0.010000000000000002,0,-1.2725956022771903e-05,-3.3451929229316996e-05,-3.8397533360977012e-06
4192,0.0025000000000000022,0.010000000000000002,0,-1.4126051541022918e-05,-2.6689187220992336e-05,-1.1545999040507711e-05
4193,0.003333333333333334,0.010000000000000002,0,-1.4777755675756227e-05,-1.7664919686004685e-05,-1.171782615895645e-05
4194,0.0041666666666666692,0.010000000000000002,0,-1.1390385342395912e-05,-1.1342794448855503e-05,-7.6604993902919446e-06
4195,0.005000000000000001,0.010000000000000002,0,-7.7690556969872543e-06,-8.4786392432955812e-06,-5.442825600561451e-06
4196,0.0058333333333333362,0.010000000000000002,0,-6.5414347327969817e-06,-6.605139045708957e-06,-5.1722829359362035e-06
4197,0.006666666666666668,0.010000000000000002,0,-5.0195076513157865e-06,-4.7669188492736943e-06,-5.1909144292929356e-06
4198,0.0074999999999999997,0.010000000000000002,0,-3.540280168067311e-06,-3.6134692589609384e-06,-6.0462056444067176e-06
4199,0.008333333333333335,0.010000000000000002,0,-2.3663690409846096e-06,-2.9105894891016918e-06,-7.2097463517819146e-06
4200,0.0091666666666666667,0.010000000000000002,0,-1.6731287864783315e-06,-2.4609039467833193e-06,-8.0262395772251568e-06
4201,0.010000000000000002,0.010000000000000002,0,-1.6463603393497279e-06,-2.1233326729445959e-06,-8.1344460478159065e-06
4202,0.010833333333333334,0.010000000000000002,0,-1.8685417445004578e-06,-1.9167549768947871e-06,-7.4806495697227136e-06
4203,0.011666666666666669,0.010000000000000002,0,-1.9638864056579837e-06,-1.6458778609084891e-06,-6.1085442063201087e-06
4204,0.012500000000000001,0.010000000000000002,0,-1.8608657058169904e-06,-1.3080399721833189e-06,-4.2626996479263931e-06
4205,0.013333333333333332,0.010000000000000002,0,-1.5164420264128762e-06,-8.9239600454268113e-07,-2.3560845944319711e-06
4206,0.014166666666666671,0.010000000000000002,0,-9.2726714304154488e-07,-4.6887275079466531e-07,-8.5055423812006234e-07
4207,0.015000000000000003,0.010000000000000002,0,0,0,0
4208,0.015833333333333335,0.010000000000000002,0,0,0,0
4209,0.016666666666666666,0.010000000000000002,0,0,0,0
4210,0.017500000000000005,0.010000000000000002,0,0,0,0
4211,0.018333333333333337,0.010000000000000002,0,0,0,0
4212,0.019166666666666669,0.010000000000000002,0,0,0,0
4213,0.02,0.010000000000000002,0,0,0,0
4214,-0.02,0.010833333333333334,0,0,0,0
4215,-0.019166666666666669,0.010833333333333334,0,0,0,0
4216,-0.018333333333333333,0.010833333333333334,0,0,0,0
4217,-0.017500000000000002,0.010833333333333334,0,0,0,0
4218,-0.016666666666666666,0.010833333333333334,0,0,0,0
4219,-0.015833333333333335,0.010833333333333334,0,0,0,0
4220,-0.014999999999999999,0.010833333333333334,0,0,0,0
4221,-0.014166666666666668,0.010833333333333334,0,3.0961620516264429e-07,-2.5240944358786285e-07,-2.7167521487872247e-07
4222,-0.013333333333333332,0.010833333333333334,0,5.4513048731823539e-07,-4.4968817044544561e-07,-5.6360968880544118e-07
4223,-0.012500000000000001,0.010833333333333334,0,7.2569407293928551e-07,-5.9493656876832527e-07,-9.026109579997913e-07
4224,-0.011666666666666667,0.010833333333333334,0,8.9494688453796939e-07,-6.9256055947317274e-07,-1.2125704253283155e-06
4225,-0.010833333333333334,0.010833333333333334,0,1.0929379508836091e-06,-7.6823072544036923e-07,-1.5367164877072461e-06
4226,-0.01,0.010833333333333334,0,1.317956329782585e-06,-8.544787467452556e-07,-1.887878160180185e-06
4227,-0.0091666666666666667,0.010833333333333334,0,1.518066164976115e-06,-9.3225447106987849e-07,-2.2053594975597164e-06
4228,-0.0083333333333333332,0.010833333333333334,0,1.7398386487643469e-06,-1.0860024616096183e-06,-2.5978110017241627e-06
4229,-0.0074999999999999997,0.010833333333333334,0,2.0035319622360813e-06,-1.5397739991400212e-06,-3.1373470789961445e-06
4230,-0.0066666666666666662,0.010833333333333334,0,2.2167408534062592e-06,-2.3396938952439677e-06,-3.7870077818109558e-06
4231,-0.0058333333333333327,0.010833333333333334,0,2.2151505946447015e-06,-3.5445697721214276e-06,-4.6008967408403836e-06
4232,-0.0049999999999999992,0.010833333333333334,0,1.9325552040855961e-06,-5.3365762810477122e-06,-5.7322788446808172e-06
4233,-0.0041666666666666657,0.010833333333333334,0,1.4989974924660843e-06,-7.4804476390094157e-06,-7.2276516898175399e-06
4234,-0.003333333333333334,0.010833333333333334,0,8.1060924576080742e-07,-9.6063544686656261e-06,-9.0408888982270568e-06
4235,-0.0024999999999999988,0.010833333333333334,0,-1.9421146189054531e-06,-1.2175543635868543e-05,-9.0683831490328429e-06
4236,-0.001666666666666667,0.010833333333333334,0,-4.1981395465765302e-06,-1.2282606451589756e-05,-7.6525292241620511e-06
4237,-0.00083333333333333176,0.010833333333333334,0,-5.1645295300402684e-06,-1.2984241106843475e-05,-6.0872919552930462e-06
4238,0,0.010833333333333334,0,-5.9484834658706249e-06,-1.3118835001063007e-05,-5.3981495828250055e-06
4239,0.00083333333333333523,0.010833333333333334,0,-6.3250302210861185e-06,-1.2745349358918311e-05,-6.0742680746745741e-06
4240,0.001666666666666667,0.010833333333333334,0,-5.418370189213381e-06,-1.1852451912742615e-05,-7.6168923224538188e-06
4241,0.0025000000000000022,0.010833333333333334,0,-5.5781518189659815e-06,-1.1746450024004644e-05,-9.7898982104986908e-06
4242,0.003333333333333334,0.010833333333333334,0,-6.3475102604404768e-06,-9.8485027053084866e-06,-1.0000953017452175e-05
4243,0.0041666666666666692,0.010833333333333334,0,-5.93670148704682e-06,-7.8587875232323426e-06,-9.1145596913276056e-06
4244,0.005000000000000001,0.010833333333333334,0,-5.1103650887972408e-06,-6.2918731000669309e-06,-8.2224110638332511e-06
4245,0.0058333333333333362,0.010833333333333334,0,-4.3611489575225898e-06,-5.1370532139922185e-06,-7.7811973878153896e-06
4246,0.006666666666666668,0.010833333333333334,0,-3.2840950894892796e-06,-4.1090343891894763e-06,-7.5003809763094311e-06
4247,0.0074999999999999997,0.010833333333333334,0,-2.3799105409663824e-06,-3.3610647966271069e-06,-7.57315082654683e-06
4248,0.008333333333333335,0.010833333333333334,0,-1.7477340893947748e-06,-2.7796473601212836e-06,-7.6716075080137483e-06
4249,0.0091666666666666667,0.010833333333333334,0,-1.5674192110232484e-06,-2.353730767353737e-06,-7.5309129080393633e-06
4250,0.010000000000000002,0.010833333333333334,0,-1.6469874808766318e-06,-2.0655556794254278e-06,-7.0464610254570664e-06
4251,0.010833333333333334,0.010833333333333334,0,-1.7253653179385194e-06,-1.7962234725535888e-06,-6.0775120102202574e-06
4252,0.011666666666666669,0.010833333333333334,0,-1.6911634107268308e-06,-1.4902677490338226e-06,-4.6514212474779957e-06
4253,0.012500000000000001,0.010833333333333334,0,-1.4803161641907864e-06,-1.1265390358001715e-06,-3.0894895074337511e-06
4254,0.013333333333333332,0.010833333333333334,0,-1.1405808118331811e-06,-7.4855629491789888e-07,-1.6319727267976947e-06
4255,0.014166666666666671,0.010833333333333334,0,-6.5445577256576995e-07,-3.8203292540205203e-07,-5.5248855654746704e-07
4256,0.015000000000000003,0.010833333333333334,0,0,0,0
4257,0.015833333333333335,0.010833333333333334,0,0,0,0
4258,0.016666666666666666,0.010833333333333334,0,0,0,0
4259,0.017500000000000005,0.010833333333333334,0,0,0,0
4260,0.018333333333333337,0.010833333333333334,0,0,0,0
4261,0.019166666666666669,0.010833333333333334,0,0,0,0
4262,0.02,0.010833333333333334,0,0,0,0
4263,-0.02,0.011666666666666669,0,0,0,0
4264,-0.019166666666666669,0.011666666666666669,0,0,0,0
4265,-0.018333333333333333,0.011666666666666669,0,0,0,0
4266,-0.017500000000000002,0.011666666666666669,0,0,0,0
4267,-0.016666666666666666,0.011666666666666669,0,0,0,0
4268,-0.015833333333333335,0.011666666666666669,0,0,0,0
4269,-0.014999999999999999,0.011666666666666669,0,0,0,0
4270,-0.014166666666666668,0.011666666666666669,0,2.7878631787819646e-07,-2.3323068840744202e-07,-2.220351300165819e-07
4271,-0.013333333333333332,0.011666666666666669,0,4.8558837166784526e-07,-4.1588185195239737e-07,-4.7310785339494502e-07
4272,-0.012500000000000001,0.011666666666666669,0,6.3443563997924041e-07,-5.5272159068380111e-07,-7.8670156595910206e-07
4273,-0.011666666666666667,0.011666666666666669,0,7.9109203734993181e-07,-6.7238784768978729e-07,-1.1073424619440254e-06
4274,-0.010833333333333334,0.011666666666666669,0,9.727210483882396e-07,-7.9225642637293985e-07,-1.4800370268597182e-06
4275,-0.01,0.011666666666666669,0,1.2087121581168952e-06,-9.7151317200049918e-07,-1.9927595443348084e-06
4276,-0.0091666666666666667,0.011666666666666669,0,1.477473149832837e-06,-1.2219491596291962e-06,-2.6762246905306279e-06
4277,-0.0083333333333333332,0.011666666666666669,0,1.7441131438542313e-06,-1.5162865241980251e-06,-3.4784339209758461e-06
4278,-0.0074999999999999997,0.011666666666666669,0,2.0071503456496122e-06,-1.8655162098761753e-06,-4.4819503542000562e-06
4279,-0.0066666666666666662,0.011666666666666669,0,2.2714900974714528e-06,-2.4113746051824619e-06,-5.7328461219208996e-06
4280,-0.0058333333333333327,0.011666666666666669,0,2.5251614350629438e-06,-3.3016748842412926e-06,-7.1953244989890525e-06
4281,-0.0049999999999999992,0.011666666666666669,0,2.5604622606469081e-06,-4.5195711588936042e-06,-8.8455827183464363e-06
4282,-0.0041666666666666657,0.011666666666666669,0,2.1852355755019715e-06,-5.8417939285170896e-06,-1.053739582035763e-05
4283,-0.003333333333333334,0.011666666666666669,0,1.4102080272368902e-06,-7.151790514852193e-06,-1.211148813551033e-05
4284,-0.0024999999999999988,0.011666666666666669,0,-1.0118814899748486e-07,-8.4139458335838621e-06,-1.2949258912428531e-05
4285,-0.001666666666666667,0.011666666666666669,0,-1.4635221585695597e-06,-8.9105872457670943e-06,-1.2770491680159784e-05
4286,-0.00083333333333333176,0.011666666666666669,0,-2.2966890120861089e-06,-9.1774938162865735e-06,-1.2345866868901957e-05
4287,0,0.011666666666666669,0,-2.8244310154353656e-06,-9.2387023112056602e-06,-1.1926681206598532e-05
4288,0.00083333333333333523,0.011666666666666669,0,-3.2384884503928431e-06,-9.0633084306448237e-06,-1.1801811332143411e-05
4289,0.001666666666666667,0.011666666666666669,0,-3.3584426170756132e-06,-8.7090750630289847e-06,-1.1903495285933907e-05
4290,0.0025000000000000022,0.011666666666666669,0,-3.6767246724770718e-06,-8.4719975696962487e-06,-1.2255704314746316e-05
4291,0.003333333333333334,0.011666666666666669,0,-4.0749079222462489e-06,-7.5687594650021727e-06,-1.1991833162507052e-05
4292,0.0041666666666666692,0.011666666666666669,0,-3.8847558970980509e-06,-6.5210840823445795e-06,-1.1208425405879446e-05
4293,0.005000000000000001,0.011666666666666669,0,-3.3958411251421048e-06,-5.4955132674653414e-06,-1.0226663398477694e-05
4294,0.0058333333333333362,0.011666666666666669,0,-2.8616637422648164e-06,-4.6354276280014573e-06,-9.2044283526849962e-06
4295,0.006666666666666668,0.011666666666666669,0,-2.2904124512398269e-06,-3.8588090456007809e-06,-8.3299003310065756e-06
4296,0.0074999999999999997,0.011666666666666669,0,-1.8346985848829492e-06,-3.2038253750953873e-06,-7.6643686894252691e-06
4297,0.008333333333333335,0.011666666666666669,0,-1.6332503563026296e-06,-2.6960487638412529e-06,-7.0558060647313844e-06
4298,0.0091666666666666667,0.011666666666666669,0,-1.5791672841439602e-06,-2.3156020840312926e-06,-6.4402798609906671e-06
4299,0.010000000000000002,0.011666666666666669,0,-1.5723641625699615e-06,-1.9704823923698337e-06,-5.6329490037200541e-06
4300,0.010833333333333334,0.011666666666666669,0,-1.5309086638385097e-06,-1.6485289779054055e-06,-4.5232288170491313e-06
4301,0.011666666666666669,0.011666666666666669,0,-1.3779052247187304e-06,-1.2939168159262929e-06,-3.2883644766229873e-06
4302,0.012500000000000001,0.011666666666666669,0,-1.1578992857094138e-06,-9.6115183800651961e-07,-2.1011878896817678e-06
4303,0.013333333333333332,0.011666666666666669,0,-8.6997481422423677e-07,-6.3070211496626998e-07,-1.0661245624740106e-06
4304,0.014166666666666671,0.011666666666666669,0,-4.7617082270775677e-07,-3.1714609309751474e-07,-3.5624273410632718e-07
4305,0.015000000000000003,0.011666666666666669,0,0,0,0
4306,0.015833333333333335,0.011666666666666669,0,0,0,0
4307,0.016666666666666666,0.011666666666666669,0,0,0,0
4308,0.017500000000000005,0.011666666666666669,0,0,0,0
4309,0.018333333333333337,0.011666666666666669,0,0,0,0
4310,0.019166666666666669,0.011666666666666669,0,0,0,0
4311,0.02,0.011666666666666669,0,0,0,0
4312,-0.02,0.012500000000000001,0,0,0,0
4313,-0.019166666666666669,0.012500000000000001,0,0,0,0
4314,-0.018333333333333333,0.012500000000000001,0,0,0,0
4315,-0.017500000000000002,0.012500000000000001,0,0,0,0
4316,-0.016666666666666666,0.012500000000000001,0,0,0,0
4317,-0.015833333333333335,0.012500000000000001,0,0,0,0
4318,-0.014999999999999999,0.012500000000000001,0,0,0,0
4319,-0.014166666666666668,0.012500000000000001,0,2.2510555608234749e-07,-2.0531167513711999e-07,-1.6551500329037591e-07
4320,-0.013333333333333332,0.012500000000000001,0,4.0700640805850465e-07,-3.6950567634650034e-07,-3.4939995649454949e-07
4321,-0.012500000000000001,0.012500000000000001,0,5.3624637382940717e-07,-5.0172032419435439e-07,-5.9631641059636502e-07
4322,-0.011666666666666667,0.012500000000000001,0,6.5062102481677661e-07,-6.0889075111920402e-07,-8.6089303491284658e-07
4323,-0.010833333333333334,0.012500000000000001,0,8.0027474247817281e-07,-7.4776293132693763e-07,-1.178562349539396e-06
4324,-0.01,0.012500000000000001,0,9.955037312530616e-07,-9.4671684074651901e-07,-1.6291971520896968e-06
4325,-0.0091666666666666667,0.012500000000000001,0,1.258733403151155e-06,-1.2979215031095543e-06,-2.3077244354587092e-06
4326,-0.0083333333333333332,0.012500000000000001,0,1.5316424707615377e-06,-1.7201935674944848e-06,-3.2221754852031004e-06
4327,-0.0074999999999999997,0.012500000000000001,0,1.8039023354254209e-06,-2.2094801541908831e-06,-4.3394991833726748e-06
4328,-0.0066666666666666662,0.012500000000000001,0,2.0665206761159966e-06,-2.8057762500845834e-06,-5.710085193053417e-06
4329,-0.0058333333333333327,0.012500000000000001,0,2.2935970327386066e-06,-3.5138588037431419e-06,-7.3448608895180374e-06
4330,-0.0049999999999999992,0.012500000000000001,0,2.4112638995123284e-06,-4.3238413167771124e-06,-9.1749416336115355e-06
4331,-0.0041666666666666657,0.012500000000000001,0,2.3102933942293038e-06,-5.2801504960310885e-06,-1.106228691932697e-05
4332,-0.003333333333333334,0.012500000000000001,0,1.892364236889166e-06,-6.201467222323762e-06,-1.2768123190686942e-05
4333,-0.0024999999999999988,0.012500000000000001,0,1.167199113892127e-06,-7.0227246991560976e-06,-1.3940210586684836e-05
4334,-0.001666666666666667,0.012500000000000001,0,2.3552439890646575e-07,-7.6086762491131325e-06,-1.4453290659529401e-05
4335,-0.00083333333333333176,0.012500000000000001,0,-5.4966101112229549e-07,-7.9451868855247855e-06,-1.4463626579828853e-05
4336,0,0.012500000000000001,0,-1.1671914817306925e-06,-8.0500475080710762e-06,-1.4229540019122483e-05
4337,0.00083333333333333523,0.012500000000000001,0,-1.6225748374744024e-06,-7.9758933511557078e-06,-1.3966761992756223e-05
4338,0.001666666666666667,0.012500000000000001,0,-1.9393949478660459e-06,-7.7626732506957389e-06,-1.3755481776687715e-05
4339,0.0025000000000000022,0.012500000000000001,0,-2.2463544043025225e-06,-7.4106940637859655e-06,-1.3428051925994879e-05
4340,0.003333333333333334,0.012500000000000001,0,-2.4808949296212059e-06,-6.7129730324339277e-06,-1.2704151312471973e-05
4341,0.0041666666666666692,0.012500000000000001,0,-2.480416748151002e-06,-5.8984418362512917e-06,-1.1552283103268993e-05
4342,0.005000000000000001,0.012500000000000001,0,-2.3549253571932113e-06,-5.0959641458967003e-06,-1.0147210655378222e-05
4343,0.0058333333333333362,0.012500000000000001,0,-2.1244369447655815e-06,-4.3694817055960794e-06,-8.746640207137521e-06
4344,0.006666666666666668,0.012500000000000001,0,-1.8900947857264516e-06,-3.7094964048187195e-06,-7.5484081065465192e-06
4345,0.0074999999999999997,0.012500000000000001,0,-1.7144087092249772e-06,-3.1261759853816352e-06,-6.5481605093780342e-06
4346,0.008333333333333335,0.012500000000000001,0,-1.5726484311941643e-06,-2.6244538894549172e-06,-5.6999878722933679e-06
4347,0.0091666666666666667,0.012500000000000001,0,-1.4662341468505914e-06,-2.1729675733212599e-06,-4.8760545034240683e-06
4348,0.010000000000000002,0.012500000000000001,0,-1.3712658846853136e-06,-1.7863207640018039e-06,-3.9503990866285219e-06
4349,0.010833333333333334,0.012500000000000001,0,-1.2343870218261125e-06,-1.4094973335139652e-06,-2.9799459775563082e-06
4350,0.011666666666666669,0.012500000000000001,0,-1.0636443666359715e-06,-1.0816217988798873e-06,-2.0734217664965285e-06
4351,0.012500000000000001,0.012500000000000001,0,-8.7233588752043319e-07,-7.9550023913423351e-07,-1.274970546297007e-06
4352,0.013333333333333332,0.012500000000000001,0,-6.3259674164206444e-07,-5.1366648391950553e-07,-6.2350902956960179e-07
4353,0.014166666666666671,0.012500000000000001,0,-3.2900221051343587e-07,-2.5802329420191859e-07,-2.1049446795264801e-07
4354,0.015000000000000003,0.012500000000000001,0,0,0,0
4355,0.015833333333333335,0.012500000000000001,0,0,0,0
4356,0.016666666666666666,0.012500000000000001,0,0,0,0
4357,0.017500000000000005,0.012500000000000001,0,0,0,0
4358,0.018333333333333337,0.012500000000000001,0,0,0,0
4359,0.019166666666666669,0.012500000000000001,0,0,0,0
4360,0.02,0.012500000000000001,0,0,0,0
4361,-0.02,0.013333333333333332,0,0,0,0
4362,-0.019166666666666669,0.013333333333333332,0,0,0,0
4363,-0.018333333333333333,0.013333333333333332,0,0,0,0
4364,-0.017500000000000002,0.013333333333333332,0,0,0,0
4365,-0.016666666666666666,0.013333333333333332,0,0,0,0
4366,-0.015833333333333335,0.013333333333333332,0,0,0,0
4367,-0.014999999999999999,0.013333333333333332,0,0,0,0
4368,-0.014166666666666668,0.013333333333333332,0,1.6264090547993044e-07,-1.6411703071545733e-07,-1.0253388659191396e-07
4369,-0.013333333333333332,0.013333333333333332,0,2.9722570642405414e-07,-2.9078237572535301e-07,-2.0449770636087349e-07
4370,-0.012500000000000001,0.013333333333333332,0,3.9415558213391135e-07,-4.0292153080504272e-07,-3.5864481911325905e-07
4371,-0.011666666666666667,0.013333333333333332,0,4.7726037335341127e-07,-4.9849135927181686e-07,-5.2562563163603948e-07
4372,-0.010833333333333334,0.013333333333333332,0,5.7553510064379479e-07,-6.1509317179604522e-07,-7.2841047323136161e-07
4373,-0.01,0.013333333333333332,0,7.1859557662521221e-07,-8.0540261386260141e-07,-1.0189349536646305e-06
4374,-0.0091666666666666667,0.013333333333333332,0,9.1982732741103819e-07,-1.1552515667966705e-06,-1.4836462895251517e-06
4375,-0.0083333333333333332,0.013333333333333332,0,1.148456714676341e-06,-1.6231263958348534e-06,-2.1916928835377226e-06
4376,-0.0074999999999999997,0.013333333333333332,0,1.3723219201837141e-06,-2.1970464609705209e-06,-3.1164712749792522e-06
4377,-0.0066666666666666662,0.013333333333333332,0,1.5934173271518181e-06,-2.8719735130565256e-06,-4.2890675125510433e-06
4378,-0.0058333333333333327,0.013333333333333332,0,1.7563853032605704e-06,-3.6209292070374843e-06,-5.7218617124142942e-06
4379,-0.0049999999999999992,0.013333333333333332,0,1.8357715718657979e-06,-4.4584331625334861e-06,-7.3292018733482182e-06
4380,-0.0041666666666666657,0.013333333333333332,0,1.806015210049665e-06,-5.3183414730532618e-06,-8.9971737804643826e-06
4381,-0.003333333333333334,0.013333333333333332,0,1.6033608090782053e-06,-6.0851566367484574e-06,-1.0519001119294579e-05
4382,-0.0024999999999999988,0.013333333333333332,0,1.2152470808364117e-06,-6.7269167069111899e-06,-1.1686218528183555e-05
4383,-0.001666666666666667,0.013333333333333332,0,7.3005637170849005e-07,-7.2175012264567684e-06,-1.2381603318490048e-05
4384,-0.00083333333333333176,0.013333333333333332,0,2.0833974846398166e-07,-7.5639566627792174e-06,-1.2625264187902458e-05
4385,0,0.013333333333333332,0,-2.4393298985797834e-07,-7.6633510333464042e-06,-1.2590622148630602e-05
4386,0.00083333333333333523,0.013333333333333332,0,-5.8750655134412739e-07,-7.5496402670913247e-06,-1.2457372771697866e-05
4387,0.001666666666666667,0.013333333333333332,0,-8.9084444978365561e-07,-7.289733163501197e-06,-1.2213655523537892e-05
4388,0.0025000000000000022,0.013333333333333332,0,-1.2068189823855661e-06,-6.8546546206804842e-06,-1.1672290108329047e-05
4389,0.003333333333333334,0.013333333333333332,0,-1.4641406369651893e-06,-6.246874804845836e-06,-1.0740997226741043e-05
4390,0.0041666666666666692,0.013333333333333332,0,-1.6224521974815565e-06,-5.5508371595431913e-06,-9.4696265503854388e-06
4391,0.005000000000000001,0.013333333333333332,0,-1.6987593336387803e-06,-4.8758345739436548e-06,-8.0705735723693577e-06
4392,0.0058333333333333362,0.013333333333333332,0,-1.7071932393216416e-06,-4.2437517803622793e-06,-6.7448921112034373e-06
4393,0.006666666666666668,0.013333333333333332,0,-1.6364343431838088e-06,-3.6050900451627169e-06,-5.605612839871479e-06
4394,0.0074999999999999997,0.013333333333333332,0,-1.4850006777474943e-06,-2.9663195057393003e-06,-4.6245869713877446e-06
4395,0.008333333333333335,0.013333333333333332,0,-1.3111545513088687e-06,-2.3709751463166392e-06,-3.763137558715765e-06
4396,0.0091666666666666667,0.013333333333333332,0,-1.1562664480975298e-06,-1.8679659482572957e-06,-2.9744072013297402e-06
4397,0.010000000000000002,0.013333333333333332,0,-1.0196954237961826e-06,-1.4460588415958723e-06,-2.2274820533837109e-06
4398,0.010833333333333334,0.013333333333333332,0,-8.6892212387662103e-07,-1.0845515485169556e-06,-1.577080093443988e-06
4399,0.011666666666666669,0.013333333333333332,0,-7.2875839555629278e-07,-8.2436335110053448e-07,-1.0491587727020406e-06
4400,0.012500000000000001,0.013333333333333332,0,-5.7977975088354268e-07,-5.8733975860191801e-07,-6.2012628766207691e-07
4401,0.013333333333333332,0.013333333333333332,0,-4.1192811601052e-07,-3.7498123612770951e-07,-2.8455458577014062e-07
4402,0.014166666666666671,0.013333333333333332,0,-2.0732289577169665e-07,-1.9138301984233957e-07,-9.9089512261717748e-08
4403,0.015000000000000003,0.013333333333333332,0,0,0,0
4404,0.015833333333333335,0.013333333333333332,0,0,0,0
4405,0.016666666666666666,0.013333333333333332,0,0,0,0
4406,0.017500000000000005,0.013333333333333332,0,0,0,0
4407,0.018333333333333337,0.013333333333333332,0,0,0,0
4408,0.019166666666666669,0.013333333333333332,0,0,0,0
4409,0.02,0.013333333333333332,0,0,0,0
4410,-0.02,0.014166666666666671,0,0,0,0
4411,-0.019166666666666669,0.014166666666666671,0,0,0,0
4412,-0.018333333333333333,0.014166666666666671,0,0,0,0
4413,-0.017500000000000002,0.014166666666666671,0,0,0,0
4414,-0.016666666666666666,0.014166666666666671,0,0,0,0
4415,-0.015833333333333335,0.014166666666666671,0,0,0,0
4416,-0.014999999999999999,0.014166666666666671,0,0,0,0
4417,-0.014166666666666668,0.014166666666666671,0,9.7501432315741788e-08,-9.7030678795814771e-08,-6.3239092669119742e-08
4418,-0.013333333333333332,0.014166666666666671,0,1.6724857526248417e-07,-1.6201536015740638e-07,-1.014989300662535e-07
4419,-0.012500000000000001,0.014166666666666671,0,2.1650156418397362e-07,-2.2810167420135982e-07,-1.6590145303487245e-07
4420,-0.011666666666666667,0.014166666666666671,0,2.6113028523801773e-07,-2.9541659308348797e-07,-2.3365928357716225e-07
4421,-0.010833333333333334,0.014166666666666671,0,3.0615556666792613e-07,-3.6054942495034795e-07,-3.1741541685256517e-07
4422,-0.01,0.014166666666666671,0,3.7623860021126541e-07,-4.8916572234831072e-07,-4.4975155338513903e-07
4423,-0.0091666666666666667,0.014166666666666671,0,4.8674652287137384e-07,-7.3367104138442436e-07,-6.8981195373463612e-07
4424,-0.0083333333333333332,0.014166666666666671,0,6.1934164980977762e-07,-1.1538987941232369e-06,-1.0520652299752594e-06
4425,-0.0074999999999999997,0.014166666666666671,0,7.6215810517399078e-07,-1.7383274274297511e-06,-1.5784379545581613e-06
4426,-0.0066666666666666662,0.014166666666666671,0,8.6623626578165631e-07,-2.3744535673029804e-06,-2.2068020677883592e-06
4427,-0.0058333333333333327,0.014166666666666671,0,9.4966195993413965e-07,-3.1363990152454609e-06,-2.9313467804106467e-06
4428,-0.0049999999999999992,0.014166666666666671,0,9.8752942052840717e-07,-4.0328071570588774e-06,-3.7487258489077241e-06
4429,-0.0041666666666666657,0.014166666666666671,0,9.3157026992244243e-07,-4.9689890770852126e-06,-4.6032822520725171e-06
4430,-0.003333333333333334,0.014166666666666671,0,7.9340435220992812e-07,-5.8405525769992358e-06,-5.4108792552153835e-06
4431,-0.0024999999999999988,0.014166666666666671,0,6.1550922316131401e-07,-6.5724461319520944e-06,-6.0533863811568679e-06
4432,-0.001666666666666667,0.014166666666666671,0,4.2137400011194247e-07,-7.0627741403920401e-06,-6.4926080204441233e-06
4433,-0.00083333333333333176,0.014166666666666671,0,2.3518006643380712e-07,-7.3371686815862154e-06,-6.7594661805501894e-06
4434,0,0.014166666666666671,0,2.6218435427821707e-08,-7.4629428748324822e-06,-6.9139406365603568e-06
4435,0.00083333333333333523,0.014166666666666671,0,-2.2963480449592991e-07,-7.4092828930385654e-06,-6.9320401411758979e-06
4436,0.001666666666666667,0.014166666666666671,0,-4.951491789603286e-07,-7.1769193838872335e-06,-6.7495147894474957e-06
4437,0.0025000000000000022,0.014166666666666671,0,-7.5002857711215248e-07,-6.7445322002125133e-06,-6.3469511450346035e-06
4438,0.003333333333333334,0.014166666666666671,0,-9.7507767199177244e-07,-6.1050330014908536e-06,-5.7529590447439455e-06
4439,0.0041666666666666692,0.014166666666666671,0,-1.1316291004187871e-06,-5.3272167767488138e-06,-5.0284780380484151e-06
4440,0.005000000000000001,0.014166666666666671,0,-1.1925227422756806e-06,-4.5195803645478696e-06,-4.2757378617873125e-06
4441,0.0058333333333333362,0.014166666666666671,0,-1.1545643755325493e-06,-3.7714015262631899e-06,-3.5803869241993255e-06
4442,0.006666666666666668,0.014166666666666671,0,-1.0502025862625467e-06,-3.0650441373214475e-06,-2.9535309144289958e-06
4443,0.0074999999999999997,0.014166666666666671,0,-9.3666738160634029e-07,-2.4092459700629221e-06,-2.3519238713264971e-06
4444,0.008333333333333335,0.014166666666666671,0,-8.1778188682013771e-07,-1.8106265511470425e-06,-1.7677712437193601e-06
4445,0.0091666666666666667,0.014166666666666671,0,-7.0574065842768353e-07,-1.3048299143741142e-06,-1.2629574636583208e-06
4446,0.010000000000000002,0.014166666666666671,0,-5.8004755169114021e-07,-8.9215773101192018e-07,-8.3709172678011073e-07
4447,0.010833333333333334,0.014166666666666671,0,-4.6704053130128978e-07,-6.3351771643447226e-07,-5.4175177204206748e-07
4448,0.011666666666666669,0.014166666666666671,0,-3.7732333198613943e-07,-4.577203782990283e-07,-3.5183665640483304e-07
4449,0.012500000000000001,0.014166666666666671,0,-2.9746422448402003e-07,-3.1260511098196528e-07,-2.0920608802293355e-07
4450,0.013333333333333332,0.014166666666666671,0,-2.1231192378282302e-07,-1.9424961714230921e-07,-9.8226058701643879e-08
4451,0.014166666666666671,0.014166666666666671,0,-1.1123418816019975e-07,-1.0436788956176973e-07,-4.8450858668338432e-08
4452,0.015000000000000003,0.014166666666666671,0,0,0,0
4453,0.015833333333333335,0.014166666666666671,0,0,0,0
4454,0.016666666666666666,0.014166666666666671,0,0,0,0
4455,0.017500000000000005,0.014166666666666671,0,0,0,0
4456,0.018333333333333337,0.014166666666666671,0,0,0,0
4457,0.019166666666666669,0.014166666666666671,0,0,0,0
4458,0.02,0.014166666666666671,0,0,0,0
4459,-0.02,0.015000000000000003,0,0,0,0
4460,-0.019166666666666669,0.015000000000000003,0,0,0,0
4461,-0.018333333333333333,0.015000000000000003,0,0,0,0
4462,-0.017500000000000002,0.015000000000000003,0,0,0,0
4463,-0.016666666666666666,0.015000000000000003,0,0,0,0
4464,-0.015833333333333335,0.015000000000000003,0,0,0,0
4465,-0.014999999999999999,0.015000000000000003,0,0,0,0
4466,-0.014166666666666668,0.015000000000000003,0,0,0,0
4467,-0.013333333333333332,0.015000000000000003,0,0,0,0
4468,-0.012500000000000001,0.015000000000000003,0,0,0,0
4469,-0.011666666666666667,0.015000000000000003,0,0,0,0
4470,-0.010833333333333334,0.015000000000000003,0,0,0,0
4471,-0.01,0.015000000000000003,0,0,0,0
4472,-0.0091666666666666667,0.015000000000000003,0,0,0,0
4473,-0.0083333333333333332,0.015000000000000003,0,0,0,0
4474,-0.0074999999999999997,0.015000000000000003,0,0,0,0
4475,-0.0066666666666666662,0.015000000000000003,0,0,0,0
4476,-0.0058333333333333327,0.015000000000000003,0,0,0,0
4477,-0.0049999999999999992,0.015000000000000003,0,0,0,0
4478,-0.0041666666666666657,0.015000000000000003,0,0,0,0
4479,-0.003333333333333334,0.015000000000000003,0,0,0,0
4480,-0.0024999999999999988,0.015000000000000003,0,0,0,0
4481,-0.001666666666666667,0.015000000000000003,0,0,0,0
4482,-0.00083333333333333176,0.015000000000000003,0,0,0,0
4483,0,0.015000000000000003,0,0,0,0
4484,0.00083333333333333523,0.015000000000000003,0,0,0,0
4485,0.001666666666666667,0.015000000000000003,0,0,0,0
4486,0.0025000000000000022,0.015000000000000003,0,0,0,0
4487,0.003333333333333334,0.015000000000000003,0,0,0,0
4488,0.0041666666666666692,0.015000000000000003,0,0,0,0
4489,0.005000000000000001,0.015000000000000003,0,0,0,0
4490,0.0058333333333333362,0.015000000000000003,0,0,0,0
4491,0.006666666666666668,0.015000000000000003,0,0,0,0
4492,0.0074999999999999997,0.015000000000000003,0,0,0,0
4493,0.008333333333333335,0.015000000000000003,0,0,0,0
4494,0.0091666666666666667,0.015000000000000003,0,0,0,0
4495,0.010000000000000002,0.015000000000000003,0,0,0,0
4496,0.010833333333333334,0.015000000000000003,0,0,0,0
4497,0.011666666666666669,0.015000000000000003,0,0,0,0
4498,0.012500000000000001,0.015000000000000003,0,0,0,0
4499,0.013333333333333332,0.015000000000000003,0,0,0,0
4500,0.014166666666666671,0.015000000000000003,0,0,0,0
4501,0.015000000000000003,0.015000000000000003,0,0,0,0
4502,0.015833333333333335,0.015000000000000003,0,0,0,0
4503,0.016666666666666666,0.015000000000000003,0,0,0,0
4504,0.017500000000000005,0.015000000000000003,0,0,0,0
4505,0.018333333333333337,0.015000000000000003,0,0,0,0
4506,0.019166666666666669,0.015000000000000003,0,0,0,0
4507,0.02,0.015000000000000003,0,0,0,0
4508,-0.02,0.015833333333333335,0,0,0,0
4509,-0.019166666666666669,0.015833333333333335,0,0,0,0
4510,-0.018333333333333333,0.015833333333333335,0,0,0,0
4511,-0.017500000000000002,0.015833333333333335,0,0,0,0
4512,-0.016666666666666666,0.015833333333333335,0,0,0,0
4513,-0.015833333333333335,0.015833333333333335,0,0,0,0
4514,-0.014999999999999999,0.015833333333333335,0,0,0,0
4515,-0.014166666666666668,0.015833333333333335,0,0,0,0
4516,-0.013333333333333332,0.015833333333333335,0,0,0,0
4517,-0.012500000000000001,0.015833333333333335,0,0,0,0
4518,-0.011666666666666667,0.015833333333333335,0,0,0,0
4519,-0.010833333333333334,0.015833333333333335,0,0,0,0
4520,-0.01,0.015833333333333335,0,0,0,0
4521,-0.0091666666666666667,0.015833333333333335,0,0,0,0
4522,-0.0083333333333333332,0.015833333333333335,0,0,0,0
4523,-0.0074999999999999997,0.015833333333333335,0,0,0,0
4524,-0.0066666666666666662,0.015833333333333335,0,0,0,0
4525,-0.0058333333333333327,0.015833333333333335,0,0,0,0
4526,-0.0049999999999999992,0.015833333333333335,0,0,0,0
4527,-0.0041666666666666657,0.015833333333333335,0,0,0,0
4528,-0.003333333333333334,0.015833333333333335,0,0,0,0
4529,-0.0024999999999999988,0.015833333333333335,0,0,0,0
4530,-0.001666666666666667,0.015833333333333335,0,0,0,0
4531,-0.00083333333333333176,0.015833333333333335,0,0,0,0
4532,0,0.015833333333333335,0,0,0,0
4533,0.00083333333333333523,0.015833333333333335,0,0,0,0
4534,0.001666666666666667,0.015833333333333335,0,0,0,0
4535,0.0025000000000000022,0.015833333333333335,0,0,0,0
4536,0.003333333333333334,0.015833333333333335,0,0,0,0
4537,0.0041666666666666692,0.015833333333333335,0,0,0,0
4538,0.005000000000000001,0.015833333333333335,0,0,0,0
4539,0.0058333333333333362,0.015833333333333335,0,0,0,0
4540,0.006666666666666668,0.015833333333333335,0,0,0,0
4541,0.0074999999999999997,0.015833333333333335,0,0,0,0
4542,0.008333333333333335,0.015833333333333335,0,0,0,0
4543,0.0091666666666666667,0.015833333333333335,0,0,0,0
4544,0.010000000000000002,0.015833333333333335,0,0,0,0
4545,0.010833333333333334,0.015833333333333335,0,0,0,0
4546,0.011666666666666669,0.015833333333333335,0,0,0,0
4547,0.012500000000000001,0.015833333333333335,0,0,0,0
4548,0.013333333333333332,0.015833333333333335,0,0,0,0
4549,0.014166666666666671,0.015833333333333335,0,0,0,0
4550,0.015000000000000003,0.015833333333333335,0,0,0,0
4551,0.015833333333333335,0.015833333333333335,0,0,0,0
4552,0.016666666666666666,0.015833333333333335,0,0,0,0
4553,0.017500000000000005,0.015833333333333335,0,0,0,0
4554,0.018333333333333337,0.015833333333333335,0,0,0,0
4555,0.019166666666666669,0.015833333333333335,0,0,0,0
4556,0.02,0.015833333333333335,0,0,0,0
4557,-0.02,0.016666666666666666,0,0,0,0
4558,-0.019166666666666669,0.016666666666666666,0,0,0,0
4559,-0.018333333333333333,0.016666666666666666,0,0,0,0
4560,-0.017500000000000002,0.016666666666666666,0,0,0,0
4561,-0.016666666666666666,0.016666666666666666,0,0,0,0
4562,-0.015833333333333335,0.016666666666666666,0,0,0,0
4563,-0.014999999999999999,0.016666666666666666,0,0,0,0
4564,-0.014166666666666668,0.016666666666666666,0,0,0,0
4565,-0.013333333333333332,0.016666666666666666,0,0,0,0
4566,-0.012500000000000001,0.016666666666666666,0,0,0,0
4567,-0.011666666666666667,0.016666666666666666,0,0,0,0
4568,-0.010833333333333334,0.016666666666666666,0,0,0,0
4569,-0.01,0.016666666666666666,0,0,0,0
4570,-0.0091666666666666667,0.016666666666666666,0,0,0,0
4571,-0.0083333333333333332,0.016666666666666666,0,0,0,0
4572,-0.0074999999999999997,0.016666666666666666,0,0,0,0
4573,-0.0066666666666666662,0.016666666666666666,0,0,0,0
4574,-0.0058333333333333327,0.016666666666666666,0,0,0,0
4575,-0.0049999999999999992,0.016666666666666666,0,0,0,0
4576,-0.0041666666666666657,0.016666666666666666,0,0,0,0
4577,-0.003333333333333334,0.016666666666666666,0,0,0,0
4578,-0.0024999999999999988,0.016666666666666666,0,0,0,0
4579,-0.001666666666666667,0.016666666666666666,0,0,0,0
4580,-0.00083333333333333176,0.016666666666666666,0,0,0,0
4581,0,0.016666666666666666,0,0,0,0
4582,0.00083333333333333523,0.016666666666666666,0,0,0,0
4583,0.001666666666666667,0.016666666666666666,0,0,0,0
4584,0.0025000000000000022,0.016666666666666666,0,0,0,0
4585,0.003333333333333334,0.016666666666666666,0,0,0,0
4586,0.0041666666666666692,0.016666666666666666,0,0,0,0
4587,0.005000000000000001,0.016666666666666666,0,0,0,0
4588,0.0058333333333333362,0.016666666666666666,0,0,0,0
4589,0.006666666666666668,0.016666666666666666,0,0,0,0
4590,0.0074999999999999997,0.016666666666666666,0,0,0,0
4591,0.008333333333333335,0.016666666666666666,0,0,0,0
4592,0.0091666666666666667,0.016666666666666666,0,0,0,0
4593,0.010000000000000002,0.016666666666666666,0,0,0,0
4594,0.010833333333333334,0.016666666666666666,0,0,0,0
4595,0.011666666666666669,0.016666666666666666,0,0,0,0
4596,0.012500000000000001,0.016666666666666666,0,0,0,0
4597,0.013333333333333332,0.016666666666666666,0,0,0,0
4598,0.014166666666666671,0.016666666666666666,0,0,0,0
4599,0.015000000000000003,0.016666666666666666,0,0,0,0
4600,0.015833333333333335,0.016666666666666666,0,0,0,0
4601,0.016666666666666666,0.016666666666666666,0,0,0,0
4602,0.017500000000000005,0.016666666666666666,0,0,0,0
4603,0.018333333333333337,0.016666666666666666,0,0,0,0
4604,0.019166666666666669,0.016666666666666666,0,0,0,0
4605,0.02,0.016666666666666666,0,0,0,0
4606,-0.02,0.017500000000000005,0,0,0,0
4607,-0.019166666666666669,0.017500000000000005,0,0,0,0
4608,-0.018333333333333333,0.017500000000000005,0,0,0,0
4609,-0.017500000000000002,0.017500000000000005,0,0,0,0
4610,-0.016666666666666666,0.017500000000000005,0,0,0,0
4611,-0.015833333333333335,0.017500000000000005,0,0,0,0
4612,-0.014999999999999999,0.017500000000000005,0,0,0,0
4613,-0.014166666666666668,0.017500000000000005,0,0,0,0
4614,-0.013333333333333332,0.017500000000000005,0,0,0,0
4615,-0.012500000000000001,0.017500000000000005,0,0,0,0
4616,-0.011666666666666667,0.017500000000000005,0,0,0,0
4617,-0.010833333333333334,0.017500000000000005,0,0,0,0
4618,-0.01,0.017500000000000005,0,0,0,0
4619,-0.0091666666666666667,0.017500000000000005,0,0,0,0
4620,-0.0083333333333333332,0.017500000000000005,0,0,0,0
4621,-0.0074999999999999997,0.017500000000000005,0,0,0,0
4622,-0.0066666666666666662,0.017500000000000005,0,0,0,0
4623,-0.0058333333333333327,0.017500000000000005,0,0,0,0
4624,-0.0049999999999999992,0.017500000000000005,0,0,0,0
4625,-0.0041666666666666657,0.017500000000000005,0,0,0,0
4626,-0.003333333333333334,0.017500000000000005,0,0,0,0
4627,-0.0024999999999999988,0.017500000000000005,0,0,0,0
4628,-0.001666666666666667,0.017500000000000005,0,0,0,0
4629,-0.00083333333333333176,0.017500000000000005,0,0,0,0
4630,0,0.017500000000000005,0,0,0,0
4631,0.00083333333333333523,0.017500000000000005,0,0,0,0
4632,0.001666666666666667,0.017500000000000005,0,0,0,0
4633,0.0025000000000000022,0.017500000000000005,0,0,0,0
4634,0.003333333333333334,0.017500000000000005,0,0,0,0
4635,0.0041666666666666692,0.017500000000000005,0,0,0,0
4636,0.005000000000000001,0.017500000000000005,0,0,0,0
4637,0.0058333333333333362,0.017500000000000005,0,0,0,0
4638,0.006666666666666668,0.017500000000000005,0,0,0,0
4639,0.0074999999999999997,0.017500000000000005,0,0,0,0
4640,0.008333333333333335,0.017500000000000005,0,0,0,0
4641,0.0091666666666666667,0.017500000000000005,0,0,0,0
4642,0.010000000000000002,0.017500000000000005,0,0,0,0
4643,0.010833333333333334,0.017500000000000005,0,0,0,0
4644,0.011666666666666669,0.017500000000000005,0,0,0,0
4645,0.012500000000000001,0.017500000000000005,0,0,0,0
4646,0.013333333333333332,0.017500000000000005,0,0,0,0
4647,0.014166666666666671,0.017500000000000005,0,0,0,0
4648,0.015000000000000003,0.017500000000000005,0,0,0,0
4649,0.015833333333333335,0.017500000000000005,0,0,0,0
4650,0.016666666666666666,0.017500000000000005,0,0,0,0
4651,0.017500000000000005,0.017500000000000005,0,0,0,0
4652,0.018333333333333337,0.017500000000000005,0,0,0,0
4653,0.019166666666666669,0.017500000000000005,0,0,0,0
4654,0.02,0.017500000000000005,0,0,0,0
4655,-0.02,0.018333333333333337,0,0,0,0
4656,-0.019166666666666669,0.018333333333333337,0,0,0,0
4657,-0.018333333333333333,0.018333333333333337,0,0,0,0
4658,-0.017500000000000002,0.018333333333333337,0,0,0,0
4659,-0.016666666666666666,0.018333333333333337,0,0,0,0
4660,-0.015833333333333335,0.018333333333333337,0,0,0,0
4661,-0.014999999999999999,0.018333333333333337,0,0,0,0
4662,-0.014166666666666668,0.018333333333333337,0,0,0,0
4663,-0.013333333333333332,0.018333333333333337,0,0,0,0
4664,-0.012500000000000001,0.018333333333333337,0,0,0,0
4665,-0.011666666666666667,0.018333333333333337,0,0,0,0
4666,-0.010833333333333334,0.018333333333333337,0,0,0,0
4667,-0.01,0.018333333333333337,0,0,0,0
4668,-0.0091666666666666667,0.018333333333333337,0,0,0,0
4669,-0.0083333333333333332,0.018333333333333337,0,0,0,0
4670,-0.0074999999999999997,0.018333333333333337,0,0,0,0
4671,-0.0066666666666666662,0.018333333333333337,0,0,0,0
4672,-0.0058333333333333327,0.018333333333333337,0,0,0,0
4673,-0.0049999999999999992,0.018333333333333337,0,0,0,0
4674,-0.0041666666666666657,0.018333333333333337,0,0,0,0
4675,-0.003333333333333334,0.018333333333333337,0,0,0,0
4676,-0.0024999999999999988,0.018333333333333337,0,0,0,0
4677,-0.001666666666666667,0.018333333333333337,0,0,0,0
4678,-0.00083333333333333176,0.018333333333333337,0,0,0,0
4679,0,0.018333333333333337,0,0,0,0
4680,0.00083333333333333523,0.018333333333333337,0,0,0,0
4681,0.001666666666666667,0.018333333333333337,0,0,0,0
4682,0.0025000000000000022,0.018333333333333337,0,0,0,0
4683,0.003333333333333334,0.018333333333333337,0,0,0,0
4684,0.0041666666666666692,0.018333333333333337,0,0,0,0
4685,0.005000000000000001,0.018333333333333337,0,0,0,0
4686,0.0058333333333333362,0.018333333333333337,0,0,0,0
4687,0.006666666666666668,0.018333333333333337,0,0,0,0
4688,0.0074999999999999997,0.018333333333333337,0,0,0,0
4689,0.008333333333333335,0.018333333333333337,0,0,0,0
4690,0.0091666666666666667,0.018333333333333337,0,0,0,0
4691,0.010000000000000002,0.018333333333333337,0,0,0,0
4692,0.010833333333333334,0.018333333333333337,0,0,0,0
4693,0.011666666666666669,0.018333333333333337,0,0,0,0
4694,0.012500000000000001,0.018333333333333337,0,0,0,0
4695,0.013333333333333332,0.018333333333333337,0,0,0,0
4696,0.014166666666666671,0.018333333333333337,0,0,0,0
4697,0.015000000000000003,0.018333333333333337,0,0,0,0
4698,0.015833333333333335,0.018333333333333337,0,0,0,0
4699,0.016666666666666666,0.018333333333333337,0,0,0,0
4700,0.017500000000000005,0.018333333333333337,0,0,0,0
4701,0.018333333333333337,0.018333333333333337,0,0,0,0
4702,0.019166666666666669,0.018333333333333337,0,0,0,0
4703,0.02,0.018333333333333337,0,0,0,0
4704,-0.02,0.019166666666666669,0,0,0,0
4705,-0.019166666666666669,0.019166666666666669,0,0,0,0
4706,-0.018333333333333333,0.019166666666666669,0,0,0,0
4707,-0.017500000000000002,0.019166666666666669,0,0,0,0
4708,-0.016666666666666666,0.019166666666666669,0,0,0,0
4709,-0.015833333333333335,0.019166666666666669,0,0,0,0
4710,-0.014999999999999999,0.019166666666666669,0,0,0,0
4711,-0.014166666666666668,0.019166666666666669,0,0,0,0
4712,-0.013333333333333332,0.019166666666666669,0,0,0,0
4713,-0.012500000000000001,0.019166666666666669,0,0,0,0
4714,-0.011666666666666667,0.019166666666666669,0,0,0,0
4715,-0.010833333333333334,0.019166666666666669,0,0,0,0
4716,-0.01,0.019166666666666669,0,0,0,0
4717,-0.0091666666666666667,0.019166666666666669,0,0,0,0
4718,-0.0083333333333333332,0.019166666666666669,0,0,0,0
4719,-0.0074999999999999997,0.019166666666666669,0,0,0,0
4720,-0.0066666666666666662,0.019166666666666669,0,0,0,0
4721,-0.0058333333333333327,0.019166666666666669,0,0,0,0
4722,-0.0049999999999999992,0.019166666666666669,0,0,0,0
4723,-0.0041666666666666657,0.019166666666666669,0,0,0,0
4724,-0.003333333333333334,0.019166666666666669,0,0,0,0
4725,-0.0024999999999999988,0.019166666666666669,0,0,0,0
4726,-0.001666666666666667,0.019166666666666669,0,0,0,0
4727,-0.00083333333333333176,0.019166666666666669,0,0,0,0
4728,0,0.019166666666666669,0,0,0,0
4729,0.00083333333333333523,0.019166666666666669,0,0,0,0
4730,0.001666666666666667,0.019166666666666669,0,0,0,0
4731,0.0025000000000000022,0.019166666666666669,0,0,0,0
4732,0.003333333333333334,0.019166666666666669,0,0,0,0
4733,0.0041666666666666692,0.019166666666666669,0,0,0,0
4734,0.005000000000000001,0.019166666666666669,0,0,0,0
4735,0.0058333333333333362,0.019166666666666669,0,0,0,0
4736,0.006666666666666668,0.019166666666666669,0,0,0,0
4737,0.0074999999999999997,0.019166666666666669,0,0,0,0
4738,0.008333333333333335,0.019166666666666669,0,0,0,0
4739,0.0091666666666666667,0.019166666666666669,0,0,0,0
4740,0.010000000000000002,0.019166666666666669,0,0,0,0
4741,0.010833333333333334,0.019166666666666669,0,0,0,0
4742,0.011666666666666669,0.019166666666666669,0,0,0,0
4743,0.012500000000000001,0.019166666666666669,0,0,0,0
4744,0.013333333333333332,0.019166666666666669,0,0,0,0
4745,0.014166666666666671,0.019166666666666669,0,0,0,0
4746,0.015000000000000003,0.019166666666666669,0,0,0,0
4747,0.015833333333333335,0.019166666666666669,0,0,0,0
4748,0.016666666666666666,0.019166666666666669,0,0,0,0
4749,0.017500000000000005,0.019166666666666669,0,0,0,0
4750,0.018333333333333337,0.019166666666666669,0,0,0,0
4751,0.019166666666666669,0.019166666666666669,0,0,0,0
4752,0.02,0.019166666666666669,0,0,0,0
4753,-0.02,0.02,0,0,0,0
4754,-0.019166666666666669,0.02,0,0,0,0
4755,-0.018333333333333333,0.02,0,0,0,0
4756,-0.017500000000000002,0.02,0,0,0,0
4757,-0.016666666666666666,0.02,0,0,0,0
4758,-0.015833333333333335,0.02,0,0,0,0
4759,-0.014999999999999999,0.02,0,0,0,0
4760,-0.014166666666666668,0.02,0,0,0,0
4761,-0.013333333333333332,0.02,0,0,0,0
4762,-0.012500000000000001,0.02,0,0,0,0
4763,-0.011666666666666667,0.02,0,0,0,0
4764,-0.010833333333333334,0.02,0,0,0,0
4765,-0.01,0.02,0,0,0,0
4766,-0.0091666666666666667,0.02,0,0,0,0
4767,-0.0083333333333333332,0.02,0,0,0,0
4768,-0.0074999999999999997,0.02,0,0,0,0
4769,-0.0066666666666666662,0.02,0,0,0,0
4770,-0.0058333333333333327,0.02,0,0,0,0
4771,-0.0049999999999999992,0.02,0,0,0,0
4772,-0.0041666666666666657,0.02,0,0,0,0
4773,-0.003333333333333334,0.02,0,0,0,0
4774,-0.0024999999999999988,0.02,0,0,0,0
4775,-0.001666666666666667,0.02,0,0,0,0
4776,-0.00083333333333333176,0.02,0,0,0,0
4777,0,0.02,0,0,0,0
4778,0.00083333333333333523,0.02,0,0,0,0
4779,0.001666666666666667,0.02,0,0,0,0
4780,0.0025000000000000022,0.02,0,0,0,0
4781,0.003333333333333334,0.02,0,0,0,0
4782,0.0041666666666666692,0.02,0,0,0,0
4783,0.005000000000000001,0.02,0,0,0,0
4784,0.0058333333333333362,0.02,0,0,0,0
4785,0.006666666666666668,0.02,0,0,0,0
4786,0.0074999999999999997,0.02,0,0,0,0
4787,0.008333333333333335,0.02,0,0,0,0
4788,0.0091666666666666667,0.02,0,0,0,0
4789,0.010000000000000002,0.02,0,0,0,0
4790,0.010833333333333334,0.02,0,0,0,0
4791,0.011666666666666669,0.02,0,0,0,0
4792,0.012500000000000001,0.02,0,0,0,0
4793,0.013333333333333332,0.02,0,0,0,0
4794,0.014166666666666671,0.02,0,0,0,0
4795,0.015000000000000003,0.02,0,0,0,0
4796,0.015833333333333335,0.02,0,0,0,0
4797,0.016666666666666666,0.02,0,0,0,0
4798,0.017500000000000005,0.02,0,0,0,0
4799,0.018333333333333337,0.02,0,0,0,0
4800,0.019166666666666669,0.02,0,0,0,0
4801,0.02,0.02,0,0,0,0
