node,X,Y,Z,ux,uy,uz
0,-0.02,-0.02,-0.001,0,0,0
1,-0.019166666666666669,-0.02,-0.001,0,0,0
2,-0.018333333333333333,-0.02,-0.001,0,0,0
3,-0.017500000000000002,-0.02,-0.001,0,0,0
4,-0.016666666666666666,-0.02,-0.001,0,0,0
5,-0.015833333333333335,-0.02,-0.001,0,0,0
6,-0.014999999999999999,-0.02,-0.001,0,0,0
7,-0.014166666666666668,-0.02,-0.001,0,0,0
8,-0.013333333333333332,-0.02,-0.001,0,0,0
9,-0.012500000000000001,-0.02,-0.001,0,0,0
10,-0.011666666666666667,-0.02,-0.001,0,0,0
11,-0.010833333333333334,-0.02,-0.001,0,0,0
12,-0.01,-0.02,-0.001,0,0,0
13,-0.0091666666666666667,-0.02,-0.001,0,0,0
14,-0.0083333333333333332,-0.02,-0.001,0,0,0
15,-0.0074999999999999997,-0.02,-0.001,0,0,0
16,-0.0066666666666666662,-0.02,-0.001,0,0,0
17,-0.0058333333333333327,-0.02,-0.001,0,0,0
18,-0.0049999999999999992,-0.02,-0.001,0,0,0
19,-0.0041666666666666657,-0.02,-0.001,0,0,0
20,-0.003333333333333334,-0.02,-0.001,0,0,0
21,-0.0024999999999999988,-0.02,-0.001,0,0,0
22,-0.001666666666666667,-0.02,-0.001,0,0,0
23,-0.00083333333333333176,-0.02,-0.001,0,0,0
24,0,-0.02,-0.001,0,0,0
25,0.00083333333333333523,-0.02,-0.001,0,0,0
26,0.001666666666666667,-0.02,-0.001,0,0,0
27,0.0025000000000000022,-0.02,-0.001,0,0,0
28,0.003333333333333334,-0.02,-0.001,0,0,0
29,0.0041666666666666692,-0.02,-0.001,0,0,0
30,0.005000000000000001,-0.02,-0.001,0,0,0
31,0.0058333333333333362,-0.02,-0.001,0,0,0
32,0.006666666666666668,-0.02,-0.001,0,0,0
33,0.0074999999999999997,-0.02,-0.001,0,0,0
34,0.008333333333333335,-0.02,-0.001,0,0,0
35,0.0091666666666666667,-0.02,-0.001,0,0,0
36,0.010000000000000002,-0.02,-0.001,0,0,0
37,0.010833333333333334,-0.02,-0.001,0,0,0
38,0.011666666666666669,-0.02,-0.001,0,0,0
39,0.012500000000000001,-0.02,-0.001,0,0,0
40,0.013333333333333332,-0.02,-0.001,0,0,0
41,0.014166666666666671,-0.02,-0.001,0,0,0
42,0.015000000000000003,-0.02,-0.001,0,0,0
43,0.015833333333333335,-0.02,-0.001,0,0,0
44,0.016666666666666666,-0.02,-0.001,0,0,0
45,0.017500000000000005,-0.02,-0.001,0,0,0
46,0.018333333333333337,-0.02,-0.001,0,0,0
47,0.019166666666666669,-0.02,-0.001,0,0,0
48,0.02,-0.02,-0.001,0,0,0
49,-0.02,-0.019166666666666669,-0.001,0,0,0
50,-0.019166666666666669,-0.019166666666666669,-0.001,0,0,0
51,-0.018333333333333333,-0.019166666666666669,-0.001,0,0,0
52,-0.017500000000000002,-0.019166666666666669,-0.001,0,0,0
53,-0.016666666666666666,-0.019166666666666669,-0.001,0,0,0
54,-0.015833333333333335,-0.019166666666666669,-0.001,0,0,0
55,-0.014999999999999999,-0.019166666666666669,-0.001,0,0,0
56,-0.014166666666666668,-0.019166666666666669,-0.001,0,0,0
57,-0.013333333333333332,-0.019166666666666669,-0.001,0,0,0
58,-0.012500000000000001,-0.019166666666666669,-0.001,0,0,0
59,-0.011666666666666667,-0.019166666666666669,-0.001,0,0,0
60,-0.010833333333333334,-0.019166666666666669,-0.001,0,0,0
61,-0.01,-0.019166666666666669,-0.001,0,0,0
62,-0.0091666666666666667,-0.019166666666666669,-0.001,0,0,0
63,-0.0083333333333333332,-0.019166666666666669,-0.001,0,0,0
64,-0.0074999999999999997,-0.019166666666666669,-0.001,0,0,0
65,-0.0066666666666666662,-0.019166666666666669,-0.001,0,0,0
66,-0.0058333333333333327,-0.019166666666666669,-0.001,0,0,0
67,-0.0049999999999999992,-0.019166666666666669,-0.001,0,0,0
68,-0.0041666666666666657,-0.019166666666666669,-0.001,0,0,0
69,-0.003333333333333334,-0.019166666666666669,-0.001,0,0,0
70,-0.0024999999999999988,-0.019166666666666669,-0.001,0,0,0
71,-0.001666666666666667,-0.019166666666666669,-0.001,0,0,0
72,-0.00083333333333333176,-0.019166666666666669,-0.001,0,0,0
73,0,-0.019166666666666669,-0.001,0,0,0
74,0.00083333333333333523,-0.019166666666666669,-0.001,0,0,0
75,0.001666666666666667,-0.019166666666666669,-0.001,0,0,0
76,0.0025000000000000022,-0.019166666666666669,-0.001,0,0,0
77,0.003333333333333334,-0.019166666666666669,-0.001,0,0,0
78,0.0041666666666666692,-0.019166666666666669,-0.001,0,0,0
79,0.005000000000000001,-0.019166666666666669,-0.001,0,0,0
80,0.0058333333333333362,-0.019166666666666669,-0.001,0,0,0
81,0.006666666666666668,-0.019166666666666669,-0.001,0,0,0
82,0.0074999999999999997,-0.019166666666666669,-0.001,0,0,0
83,0.008333333333333335,-0.019166666666666669,-0.001,0,0,0
84,0.0091666666666666667,-0.019166666666666669,-0.001,0,0,0
85,0.010000000000000002,-0.019166666666666669,-0.001,0,0,0
86,0.010833333333333334,-0.019166666666666669,-0.001,0,0,0
87,0.011666666666666669,-0.019166666666666669,-0.001,0,0,0
88,0.012500000000000001,-0.019166666666666669,-0.001,0,0,0
89,0.013333333333333332,-0.019166666666666669,-0.001,0,0,0
90,0.014166666666666671,-0.019166666666666669,-0.001,0,0,0
91,0.015000000000000003,-0.019166666666666669,-0.001,0,0,0
92,0.015833333333333335,-0.019166666666666669,-0.001,0,0,0
93,0.016666666666666666,-0.019166666666666669,-0.001,0,0,0
94,0.017500000000000005,-0.019166666666666669,-0.001,0,0,0
95,0.018333333333333337,-0.019166666666666669,-0.001,0,0,0
96,0.019166666666666669,-0.019166666666666669,-0.001,0,0,0
97,0.02,-0.019166666666666669,-0.001,0,0,0
98,-0.02,-0.018333333333333333,-0.001,0,0,0
99,-0.019166666666666669,-0.018333333333333333,-0.001,0,0,0
100,-0.018333333333333333,-0.018333333333333333,-0.001,0,0,0
101,-0.017500000000000002,-0.018333333333333333,-0.001,0,0,0
102,-0.016666666666666666,-0.018333333333333333,-0.001,0,0,0
103,-0.015833333333333335,-0.018333333333333333,-0.001,0,0,0
104,-0.014999999999999999,-0.018333333333333333,-0.001,0,0,0
105,-0.014166666666666668,-0.018333333333333333,-0.001,0,0,0
106,-0.013333333333333332,-0.018333333333333333,-0.001,0,0,0
107,-0.012500000000000001,-0.018333333333333333,-0.001,0,0,0
108,-0.011666666666666667,-0.018333333333333333,-0.001,0,0,0
109,-0.010833333333333334,-0.018333333333333333,-0.001,0,0,0
110,-0.01,-0.018333333333333333,-0.001,0,0,0
111,-0.0091666666666666667,-0.018333333333333333,-0.001,0,0,0
112,-0.0083333333333333332,-0.018333333333333333,-0.001,0,0,0
113,-0.0074999999999999997,-0.018333333333333333,-0.001,0,0,0
114,-0.0066666666666666662,-0.018333333333333333,-0.001,0,0,0
115,-0.0058333333333333327,-0.018333333333333333,-0.001,0,0,0
116,-0.0049999999999999992,-0.018333333333333333,-0.001,0,0,0
117,-0.0041666666666666657,-0.018333333333333333,-0.001,0,0,0
118,-0.003333333333333334,-0.018333333333333333,-0.001,0,0,0
119,-0.0024999999999999988,-0.018333333333333333,-0.001,0,0,0
120,-0.001666666666666667,-0.018333333333333333,-0.001,0,0,0
121,-0.00083333333333333176,-0.018333333333333333,-0.001,0,0,0
122,0,-0.018333333333333333,-0.001,0,0,0
123,0.00083333333333333523,-0.018333333333333333,-0.001,0,0,0
124,0.001666666666666667,-0.018333333333333333,-0.001,0,0,0
125,0.0025000000000000022,-0.018333333333333333,-0.001,0,0,0
126,0.003333333333333334,-0.018333333333333333,-0.001,0,0,0
127,0.0041666666666666692,-0.018333333333333333,-0.001,0,0,0
128,0.005000000000000001,-0.018333333333333333,-0.001,0,0,0
129,0.0058333333333333362,-0.018333333333333333,-0.001,0,0,0
130,0.006666666666666668,-0.018333333333333333,-0.001,0,0,0
131,0.0074999999999999997,-0.018333333333333333,-0.001,0,0,0
132,0.008333333333333335,-0.018333333333333333,-0.001,0,0,0
133,0.0091666666666666667,-0.018333333333333333,-0.001,0,0,0
134,0.010000000000000002,-0.018333333333333333,-0.001,0,0,0
135,0.010833333333333334,-0.018333333333333333,-0.001,0,0,0
136,0.011666666666666669,-0.018333333333333333,-0.001,0,0,0
137,0.012500000000000001,-0.018333333333333333,-0.001,0,0,0
138,0.013333333333333332,-0.018333333333333333,-0.001,0,0,0
139,0.014166666666666671,-0.018333333333333333,-0.001,0,0,0
140,0.015000000000000003,-0.018333333333333333,-0.001,0,0,0
141,0.015833333333333335,-0.018333333333333333,-0.001,0,0,0
142,0.016666666666666666,-0.018333333333333333,-0.001,0,0,0
143,0.017500000000000005,-0.018333333333333333,-0.001,0,0,0
144,0.018333333333333337,-0.018333333333333333,-0.001,0,0,0
145,0.019166666666666669,-0.018333333333333333,-0.001,0,0,0
146,0.02,-0.018333333333333333,-0.001,0,0,0
147,-0.02,-0.017500000000000002,-0.001,0,0,0
148,-0.019166666666666669,-0.017500000000000002,-0.001,0,0,0
149,-0.018333333333333333,-0.017500000000000002,-0.001,0,0,0
150,-0.017500000000000002,-0.017500000000000002,-0.001,0,0,0
151,-0.016666666666666666,-0.017500000000000002,-0.001,0,0,0
152,-0.015833333333333335,-0.017500000000000002,-0.001,0,0,0
153,-0.014999999999999999,-0.017500000000000002,-0.001,0,0,0
154,-0.014166666666666668,-0.017500000000000002,-0.001,0,0,0
155,-0.013333333333333332,-0.017500000000000002,-0.001,0,0,0
156,-0.012500000000000001,-0.017500000000000002,-0.001,0,0,0
157,-0.011666666666666667,-0.017500000000000002,-0.001,0,0,0
158,-0.010833333333333334,-0.017500000000000002,-0.001,0,0,0
159,-0.01,-0.017500000000000002,-0.001,0,0,0
160,-0.0091666666666666667,-0.017500000000000002,-0.001,0,0,0
161,-0.0083333333333333332,-0.017500000000000002,-0.001,0,0,0
162,-0.0074999999999999997,-0.017500000000000002,-0.001,0,0,0
163,-0.0066666666666666662,-0.017500000000000002,-0.001,0,0,0
164,-0.0058333333333333327,-0.017500000000000002,-0.001,0,0,0
165,-0.0049999999999999992,-0.017500000000000002,-0.001,0,0,0
166,-0.0041666666666666657,-0.017500000000000002,-0.001,0,0,0
167,-0.003333333333333334,-0.017500000000000002,-0.001,0,0,0
168,-0.0024999999999999988,-0.017500000000000002,-0.001,0,0,0
169,-0.001666666666666667,-0.017500000000000002,-0.001,0,0,0
170,-0.00083333333333333176,-0.017500000000000002,-0.001,0,0,0
171,0,-0.017500000000000002,-0.001,0,0,0
172,0.00083333333333333523,-0.017500000000000002,-0.001,0,0,0
173,0.001666666666666667,-0.017500000000000002,-0.001,0,0,0
174,0.0025000000000000022,-0.017500000000000002,-0.001,0,0,0
175,0.003333333333333334,-0.017500000000000002,-0.001,0,0,0
176,0.0041666666666666692,-0.017500000000000002,-0.001,0,0,0
177,0.005000000000000001,-0.017500000000000002,-0.001,0,0,0
178,0.0058333333333333362,-0.017500000000000002,-0.001,0,0,0
179,0.006666666666666668,-0.017500000000000002,-0.001,0,0,0
180,0.0074999999999999997,-0.017500000000000002,-0.001,0,0,0
181,0.008333333333333335,-0.017500000000000002,-0.001,0,0,0
182,0.0091666666666666667,-0.017500000000000002,-0.001,0,0,0
183,0.010000000000000002,-0.017500000000000002,-0.001,0,0,0
184,0.010833333333333334,-0.017500000000000002,-0.001,0,0,0
185,0.011666666666666669,-0.017500000000000002,-0.001,0,0,0
186,0.012500000000000001,-0.017500000000000002,-0.001,0,0,0
187,0.013333333333333332,-0.017500000000000002,-0.001,0,0,0
188,0.014166666666666671,-0.017500000000000002,-0.001,0,0,0
189,0.015000000000000003,-0.017500000000000002,-0.001,0,0,0
190,0.015833333333333335,-0.017500000000000002,-0.001,0,0,0
191,0.016666666666666666,-0.017500000000000002,-0.001,0,0,0
192,0.017500000000000005,-0.017500000000000002,-0.001,0,0,0
193,0.018333333333333337,-0.017500000000000002,-0.001,0,0,0
194,0.019166666666666669,-0.017500000000000002,-0.001,0,0,0
195,0.02,-0.017500000000000002,-0.001,0,0,0
196,-0.02,-0.016666666666666666,-0.001,0,0,0
197,-0.019166666666666669,-0.016666666666666666,-0.001,0,0,0
198,-0.018333333333333333,-0.016666666666666666,-0.001,0,0,0
199,-0.017500000000000002,-0.016666666666666666,-0.001,0,0,0
200,-0.016666666666666666,-0.016666666666666666,-0.001,0,0,0
201,-0.015833333333333335,-0.016666666666666666,-0.001,0,0,0
202,-0.014999999999999999,-0.016666666666666666,-0.001,0,0,0
203,-0.014166666666666668,-0.016666666666666666,-0.001,0,0,0
204,-0.013333333333333332,-0.016666666666666666,-0.001,0,0,0
205,-0.012500000000000001,-0.016666666666666666,-0.001,0,0,0
206,-0.011666666666666667,-0.016666666666666666,-0.001,0,0,0
207,-0.010833333333333334,-0.016666666666666666,-0.001,0,0,0
208,-0.01,-0.016666666666666666,-0.001,0,0,0
209,-0.0091666666666666667,-0.016666666666666666,-0.001,0,0,0
210,-0.0083333333333333332,-0.016666666666666666,-0.001,0,0,0
211,-0.0074999999999999997,-0.016666666666666666,-0.001,0,0,0
212,-0.0066666666666666662,-0.016666666666666666,-0.001,0,0,0
213,-0.0058333333333333327,-0.016666666666666666,-0.001,0,0,0
214,-0.0049999999999999992,-0.016666666666666666,-0.001,0,0,0
215,-0.0041666666666666657,-0.016666666666666666,-0.001,0,0,0
216,-0.003333333333333334,-0.016666666666666666,-0.001,0,0,0
217,-0.0024999999999999988,-0.016666666666666666,-0.001,0,0,0
218,-0.001666666666666667,-0.016666666666666666,-0.001,0,0,0
219,-0.00083333333333333176,-0.016666666666666666,-0.001,0,0,0
220,0,-0.016666666666666666,-0.001,0,0,0
221,0.00083333333333333523,-0.016666666666666666,-0.001,0,0,0
222,0.001666666666666667,-0.016666666666666666,-0.001,0,0,0
223,0.0025000000000000022,-0.016666666666666666,-0.001,0,0,0
224,0.003333333333333334,-0.016666666666666666,-0.001,0,0,0
225,0.0041666666666666692,-0.016666666666666666,-0.001,0,0,0
226,0.005000000000000001,-0.016666666666666666,-0.001,0,0,0
227,0.0058333333333333362,-0.016666666666666666,-0.001,0,0,0
228,0.006666666666666668,-0.016666666666666666,-0.001,0,0,0
229,0.0074999999999999997,-0.016666666666666666,-0.001,0,0,0
230,0.008333333333333335,-0.016666666666666666,-0.001,0,0,0
231,0.0091666666666666667,-0.016666666666666666,-0.001,0,0,0
232,0.010000000000000002,-0.016666666666666666,-0.001,0,0,0
233,0.010833333333333334,-0.016666666666666666,-0.001,0,0,0
234,0.011666666666666669,-0.016666666666666666,-0.001,0,0,0
235,0.012500000000000001,-0.016666666666666666,-0.001,0,0,0
236,0.013333333333333332,-0.016666666666666666,-0.001,0,0,0
237,0.014166666666666671,-0.016666666666666666,-0.001,0,0,0
238,0.015000000000000003,-0.016666666666666666,-0.001,0,0,0
239,0.015833333333333335,-0.016666666666666666,-0.001,0,0,0
240,0.016666666666666666,-0.016666666666666666,-0.001,0,0,0
241,0.017500000000000005,-0.016666666666666666,-0.001,0,0,0
242,0.018333333333333337,-0.016666666666666666,-0.001,0,0,0
243,0.019166666666666669,-0.016666666666666666,-0.001,0,0,0
244,0.02,-0.016666666666666666,-0.001,0,0,0
245,-0.02,-0.015833333333333335,-0.001,0,0,0
246,-0.019166666666666669,-0.015833333333333335,-0.001,0,0,0
247,-0.018333333333333333,-0.015833333333333335,-0.001,0,0,0
248,-0.017500000000000002,-0.015833333333333335,-0.001,0,0,0
249,-0.016666666666666666,-0.015833333333333335,-0.001,0,0,0
250,-0.015833333333333335,-0.015833333333333335,-0.001,0,0,0
251,-0.014999999999999999,-0.015833333333333335,-0.001,0,0,0
252,-0.014166666666666668,-0.015833333333333335,-0.001,0,0,0
253,-0.013333333333333332,-0.015833333333333335,-0.001,0,0,0
254,-0.012500000000000001,-0.015833333333333335,-0.001,0,0,0
255,-0.011666666666666667,-0.015833333333333335,-0.001,0,0,0
256,-0.010833333333333334,-0.015833333333333335,-0.001,0,0,0
257,-0.01,-0.015833333333333335,-0.001,0,0,0
258,-0.0091666666666666667,-0.015833333333333335,-0.001,0,0,0
259,-0.0083333333333333332,-0.015833333333333335,-0.001,0,0,0
260,-0.0074999999999999997,-0.015833333333333335,-0.001,0,0,0
261,-0.0066666666666666662,-0.015833333333333335,-0.001,0,0,0
262,-0.0058333333333333327,-0.015833333333333335,-0.001,0,0,0
263,-0.0049999999999999992,-0.015833333333333335,-0.001,0,0,0
264,-0.0041666666666666657,-0.015833333333333335,-0.001,0,0,0
265,-0.003333333333333334,-0.015833333333333335,-0.001,0,0,0
266,-0.0024999999999999988,-0.015833333333333335,-0.001,0,0,0
267,-0.001666666666666667,-0.015833333333333335,-0.001,0,0,0
268,-0.00083333333333333176,-0.015833333333333335,-0.001,0,0,0
269,0,-0.015833333333333335,-0.001,0,0,0
270,0.00083333333333333523,-0.015833333333333335,-0.001,0,0,0
271,0.001666666666666667,-0.015833333333333335,-0.001,0,0,0
272,0.0025000000000000022,-0.015833333333333335,-0.001,0,0,0
273,0.003333333333333334,-0.015833333333333335,-0.001,0,0,0
274,0.0041666666666666692,-0.015833333333333335,-0.001,0,0,0
275,0.005000000000000001,-0.015833333333333335,-0.001,0,0,0
276,0.0058333333333333362,-0.015833333333333335,-0.001,0,0,0
277,0.006666666666666668,-0.015833333333333335,-0.001,0,0,0
278,0.0074999999999999997,-0.015833333333333335,-0.001,0,0,0
279,0.008333333333333335,-0.015833333333333335,-0.001,0,0,0
280,0.0091666666666666667,-0.015833333333333335,-0.001,0,0,0
281,0.010000000000000002,-0.015833333333333335,-0.001,0,0,0
282,0.010833333333333334,-0.015833333333333335,-0.001,0,0,0
283,0.011666666666666669,-0.015833333333333335,-0.001,0,0,0
284,0.012500000000000001,-0.015833333333333335,-0.001,0,0,0
285,0.013333333333333332,-0.015833333333333335,-0.001,0,0,0
286,0.014166666666666671,-0.015833333333333335,-0.001,0,0,0
287,0.015000000000000003,-0.015833333333333335,-0.001,0,0,0
288,0.015833333333333335,-0.015833333333333335,-0.001,0,0,0
289,0.016666666666666666,-0.015833333333333335,-0.001,0,0,0
290,0.017500000000000005,-0.015833333333333335,-0.001,0,0,0
291,0.018333333333333337,-0.015833333333333335,-0.001,0,0,0
292,0.019166666666666669,-0.015833333333333335,-0.001,0,0,0
293,0.02,-0.015833333333333335,-0.001,0,0,0
294,-0.02,-0.014999999999999999,-0.001,0,0,0
295,-0.019166666666666669,-0.014999999999999999,-0.001,0,0,0
296,-0.018333333333333333,-0.014999999999999999,-0.001,0,0,0
297,-0.017500000000000002,-0.014999999999999999,-0.001,0,0,0
298,-0.016666666666666666,-0.014999999999999999,-0.001,0,0,0
299,-0.015833333333333335,-0.014999999999999999,-0.001,0,0,0
300,-0.014999999999999999,-0.014999999999999999,-0.001,0,0,0
301,-0.014166666666666668,-0.014999999999999999,-0.001,0,0,0
302,-0.013333333333333332,-0.014999999999999999,-0.001,0,0,0
303,-0.012500000000000001,-0.014999999999999999,-0.001,0,0,0
304,-0.011666666666666667,-0.014999999999999999,-0.001,0,0,0
305,-0.010833333333333334,-0.014999999999999999,-0.001,0,0,0
306,-0.01,-0.014999999999999999,-0.001,0,0,0
307,-0.0091666666666666667,-0.014999999999999999,-0.001,0,0,0
308,-0.0083333333333333332,-0.014999999999999999,-0.001,0,0,0
309,-0.0074999999999999997,-0.014999999999999999,-0.001,0,0,0
310,-0.0066666666666666662,-0.014999999999999999,-0.001,0,0,0
311,-0.0058333333333333327,-0.014999999999999999,-0.001,0,0,0
312,-0.0049999999999999992,-0.014999999999999999,-0.001,0,0,0
313,-0.0041666666666666657,-0.014999999999999999,-0.001,0,0,0
314,-0.003333333333333334,-0.014999999999999999,-0.001,0,0,0
315,-0.0024999999999999988,-0.014999999999999999,-0.001,0,0,0
316,-0.001666666666666667,-0.014999999999999999,-0.001,0,0,0
317,-0.00083333333333333176,-0.014999999999999999,-0.001,0,0,0
318,0,-0.014999999999999999,-0.001,0,0,0
319,0.00083333333333333523,-0.014999999999999999,-0.001,0,0,0
320,0.001666666666666667,-0.014999999999999999,-0.001,0,0,0
321,0.0025000000000000022,-0.014999999999999999,-0.001,0,0,0
322,0.003333333333333334,-0.014999999999999999,-0.001,0,0,0
323,0.0041666666666666692,-0.014999999999999999,-0.001,0,0,0
324,0.005000000000000001,-0.014999999999999999,-0.001,0,0,0
325,0.0058333333333333362,-0.014999999999999999,-0.001,0,0,0
326,0.006666666666666668,-0.014999999999999999,-0.001,0,0,0
327,0.0074999999999999997,-0.014999999999999999,-0.001,0,0,0
328,0.008333333333333335,-0.014999999999999999,-0.001,0,0,0
329,0.0091666666666666667,-0.014999999999999999,-0.001,0,0,0
330,0.010000000000000002,-0.014999999999999999,-0.001,0,0,0
331,0.010833333333333334,-0.014999999999999999,-0.001,0,0,0
332,0.011666666666666669,-0.014999999999999999,-0.001,0,0,0
333,0.012500000000000001,-0.014999999999999999,-0.001,0,0,0
334,0.013333333333333332,-0.014999999999999999,-0.001,0,0,0
335,0.014166666666666671,-0.014999999999999999,-0.001,0,0,0
336,0.015000000000000003,-0.014999999999999999,-0.001,0,0,0
337,0.015833333333333335,-0.014999999999999999,-0.001,0,0,0
338,0.016666666666666666,-0.014999999999999999,-0.001,0,0,0
339,0.017500000000000005,-0.014999999999999999,-0.001,0,0,0
340,0.018333333333333337,-0.014999999999999999,-0.001,0,0,0
341,0.019166666666666669,-0.014999999999999999,-0.001,0,0,0
342,0.02,-0.014999999999999999,-0.001,0,0,0
343,-0.02,-0.014166666666666668,-0.001,0,0,0
344,-0.019166666666666669,-0.014166666666666668,-0.001,0,0,0
345,-0.018333333333333333,-0.014166666666666668,-0.001,0,0,0
346,-0.017500000000000002,-0.014166666666666668,-0.001,0,0,0
347,-0.016666666666666666,-0.014166666666666668,-0.001,0,0,0
348,-0.015833333333333335,-0.014166666666666668,-0.001,0,0,0
349,-0.014999999999999999,-0.014166666666666668,-0.001,0,0,0
350,-0.014166666666666668,-0.014166666666666668,-0.001,3.3699254190283594e-08,3.0998868696697188e-08,1.2417490410788489e-09
351,-0.013333333333333332,-0.014166666666666668,-0.001,8.2535034495412797e-08,5.6988458813879609e-08,-1.9965874293448243e-08
352,-0.012500000000000001,-0.014166666666666668,-0.001,1.3874572823457607e-07,1.0496545735491998e-07,-4.4647842799084683e-09
353,-0.011666666666666667,-0.014166666666666668,-0.001,2.003631146315768e-07,1.8614842522644943e-07,4.8609550352745764e-08
354,-0.010833333333333334,-0.014166666666666668,-0.001,2.6552318043141681e-07,3.0936783705468044e-07,1.4369757000251677e-07
355,-0.01,-0.014166666666666668,-0.001,3.2917933906535899e-07,4.633873293495036e-07,2.9320129431505956e-07
356,-0.0091666666666666667,-0.014166666666666668,-0.001,3.8791695277818987e-07,6.5654568676875356e-07,5.0496995302369658e-07
357,-0.0083333333333333332,-0.014166666666666668,-0.001,4.3325971594682913e-07,8.837048864303237e-07,7.7202956034704851e-07
358,-0.0074999999999999997,-0.014166666666666668,-0.001,4.6929698870658068e-07,1.1136503589108255e-06,1.0238106707957011e-06
359,-0.0066666666666666662,-0.014166666666666668,-0.001,4.7153762229043426e-07,1.313040353787713e-06,1.2644254782065119e-06
360,-0.0058333333333333327,-0.014166666666666668,-0.001,4.112704804107097e-07,1.3975327890550277e-06,1.4378132170898242e-06
361,-0.0049999999999999992,-0.014166666666666668,-0.001,3.2240144144347131e-07,1.3968724553201533e-06,1.5484346627293581e-06
362,-0.0041666666666666657,-0.014166666666666668,-0.001,2.5555384120978978e-07,1.3731789784829975e-06,1.5763722528037961e-06
363,-0.003333333333333334,-0.014166666666666668,-0.001,1.8441903793507705e-07,1.263994762401995e-06,1.5305079226402897e-06
364,-0.0024999999999999988,-0.014166666666666668,-0.001,1.1398026834192803e-07,1.1080769600219715e-06,1.4692127749152214e-06
365,-0.001666666666666667,-0.014166666666666668,-0.001,5.1182453574844174e-08,9.9537161977614677e-07,1.4074508391811026e-06
366,-0.00083333333333333176,-0.014166666666666668,-0.001,-3.0412507683060366e-08,8.6147997165523738e-07,1.2693258640903603e-06
367,0,-0.014166666666666668,-0.001,-1.3935394422611394e-07,5.9973017457760652e-07,1.0465002992392819e-06
368,0.00083333333333333523,-0.014166666666666668,-0.001,-2.1689549677901325e-07,3.424077662019955e-07,8.2618974652146609e-07
369,0.001666666666666667,-0.014166666666666668,-0.001,-2.1584747671517522e-07,2.3659993133772578e-07,6.7014802885849679e-07
370,0.0025000000000000022,-0.014166666666666668,-0.001,-1.905004869206443e-07,1.9349256294580813e-07,5.4819069003224602e-07
371,0.003333333333333334,-0.014166666666666668,-0.001,-1.9056682259816686e-07,1.5844747883491355e-07,4.366062108695734e-07
372,0.0041666666666666692,-0.014166666666666668,-0.001,-2.1136905019877506e-07,1.0753542836765504e-07,3.2914550770662539e-07
373,0.005000000000000001,-0.014166666666666668,-0.001,-2.2107215571044093e-07,1.0430546847444496e-07,2.6179265676159831e-07
374,0.0058333333333333362,-0.014166666666666668,-0.001,-2.191012841588488e-07,1.7422533751343026e-07,2.3709634781347245e-07
375,0.006666666666666668,-0.014166666666666668,-0.001,-2.1946523288664024e-07,2.5728344853754717e-07,2.2430121353475222e-07
376,0.0074999999999999997,-0.014166666666666668,-0.001,-2.2247669954740903e-07,3.2326608890950142e-07,2.2538789247432014e-07
377,0.008333333333333335,-0.014166666666666668,-0.001,-2.1973128060028466e-07,3.2743237182146757e-07,2.0299456474398298e-07
378,0.0091666666666666667,-0.014166666666666668,-0.001,-2.1318080643692733e-07,2.819942277426827e-07,1.4254854173539087e-07
379,0.010000000000000002,-0.014166666666666668,-0.001,-1.9603271133370608e-07,2.3272537139791481e-07,9.0289265769274519e-08
380,0.010833333333333334,-0.014166666666666668,-0.001,-1.7667079118297959e-07,1.8621361950631442e-07,5.2532789175894994e-08
381,0.011666666666666669,-0.014166666666666668,-0.001,-1.5118449107948924e-07,1.4604773974792243e-07,2.6315943751777406e-08
382,0.012500000000000001,-0.014166666666666668,-0.001,-1.2052272591492108e-07,1.1172207264236623e-07,1.3679204581139546e-08
383,0.013333333333333332,-0.014166666666666668,-0.001,-8.7876097058476766e-08,8.4613689988379733e-08,1.2780613124025283e-08
384,0.014166666666666671,-0.014166666666666668,-0.001,-4.8708898690506159e-08,5.6037379950401638e-08,2.8917904524695043e-08
385,0.015000000000000003,-0.014166666666666668,-0.001,0,0,0
386,0.015833333333333335,-0.014166666666666668,-0.001,0,0,0
387,0.016666666666666666,-0.014166666666666668,-0.001,0,0,0
388,0.017500000000000005,-0.014166666666666668,-0.001,0,0,0
389,0.018333333333333337,-0.014166666666666668,-0.001,0,0,0
390,0.019166666666666669,-0.014166666666666668,-0.001,0,0,0
391,0.02,-0.014166666666666668,-0.001,0,0,0
392,-0.02,-0.013333333333333332,-0.001,0,0,0
393,-0.019166666666666669,-0.013333333333333332,-0.001,0,0,0
394,-0.018333333333333333,-0.013333333333333332,-0.001,0,0,0
395,-0.017500000000000002,-0.013333333333333332,-0.001,0,0,0
396,-0.016666666666666666,-0.013333333333333332,-0.001,0,0,0
397,-0.015833333333333335,-0.013333333333333332,-0.001,0,0,0
398,-0.014999999999999999,-0.013333333333333332,-0.001,0,0,0
399,-0.014166666666666668,-0.013333333333333332,-0.001,5.9602148050136973e-08,7.24671486329553e-08,-2.0307274719490719e-08
400,-0.013333333333333332,-0.013333333333333332,-0.001,1.6551285329261386e-07,1.518875316473577e-07,-3.3279561881524572e-08
401,-0.012500000000000001,-0.013333333333333332,-0.001,2.8830287640942752e-07,2.6881606236396212e-07,6.4360372685999346e-08
402,-0.011666666666666667,-0.013333333333333332,-0.001,4.1948727171775757e-07,4.4242005123253007e-07,2.8480919188677711e-07
403,-0.010833333333333334,-0.013333333333333332,-0.001,5.5090595755113808e-07,6.8630310222626106e-07,6.408821079169665e-07
404,-0.01,-0.013333333333333332,-0.001,6.6522979410360523e-07,9.92641042711365e-07,1.1164755322354737e-06
405,-0.0091666666666666667,-0.013333333333333332,-0.001,7.6720402182514193e-07,1.385503131704829e-06,1.66474385962055e-06
406,-0.0083333333333333332,-0.013333333333333332,-0.001,8.524379005955165e-07,1.8857673331044284e-06,2.2591658934641441e-06
407,-0.0074999999999999997,-0.013333333333333332,-0.001,8.9529492713858968e-07,2.4773127418730186e-06,2.8213170910415786e-06
408,-0.0066666666666666662,-0.013333333333333332,-0.001,8.6599789618985898e-07,3.0791025547300124e-06,3.284146739623234e-06
409,-0.0058333333333333327,-0.013333333333333332,-0.001,7.6227534524045775e-07,3.5944585181571735e-06,3.5875711850373039e-06
410,-0.0049999999999999992,-0.013333333333333332,-0.001,6.37717578733435e-07,4.099664920960779e-06,3.7185323091594055e-06
411,-0.0041666666666666657,-0.013333333333333332,-0.001,4.8168908870815067e-07,4.4927629546954815e-06,3.6661474183951529e-06
412,-0.003333333333333334,-0.013333333333333332,-0.001,3.3895848715500293e-07,4.7553894940641353e-06,3.4968205791363633e-06
413,-0.0024999999999999988,-0.013333333333333332,-0.001,2.2010800324583494e-07,5.0107047604457287e-06,3.2613689055515141e-06
414,-0.001666666666666667,-0.013333333333333332,-0.001,7.8397253244815407e-08,5.2199371738243408e-06,2.9558664854987104e-06
415,-0.00083333333333333176,-0.013333333333333332,-0.001,-1.6636448980595356e-07,5.227483198261013e-06,2.6105229105905642e-06
416,0,-0.013333333333333332,-0.001,-4.0958762424624673e-07,5.1233035122814595e-06,2.2422972518549836e-06
417,0.00083333333333333523,-0.013333333333333332,-0.001,-5.7541958186665565e-07,5.0184075092428191e-06,1.8572522351762992e-06
418,0.001666666666666667,-0.013333333333333332,-0.001,-6.6917626697529033e-07,4.829246745647903e-06,1.5118031506085011e-06
419,0.0025000000000000022,-0.013333333333333332,-0.001,-7.4412314308143596e-07,4.4620385223937276e-06,1.2591270883074807e-06
420,0.003333333333333334,-0.013333333333333332,-0.001,-7.9313970706055483e-07,3.9197537235768134e-06,1.0792863878824817e-06
421,0.0041666666666666692,-0.013333333333333332,-0.001,-8.0712539515270466e-07,3.3438946384376777e-06,9.5705539197110758e-07
422,0.005000000000000001,-0.013333333333333332,-0.001,-7.6446419335632428e-07,2.809186470322241e-06,8.9046878688196273e-07
423,0.0058333333333333362,-0.013333333333333332,-0.001,-6.9216053792830408e-07,2.3015382214940522e-06,8.8278502931867386e-07
424,0.006666666666666668,-0.013333333333333332,-0.001,-6.2446650563239221e-07,1.8293011964056507e-06,8.9078675546230945e-07
425,0.0074999999999999997,-0.013333333333333332,-0.001,-5.8157702686363369e-07,1.4204333999203518e-06,8.427178394694675e-07
426,0.008333333333333335,-0.013333333333333332,-0.001,-5.4281829463017535e-07,1.0716885841864912e-06,7.1843054787396069e-07
427,0.0091666666666666667,-0.013333333333333332,-0.001,-4.9813645953573389e-07,7.998644482087707e-07,5.3222244276046782e-07
428,0.010000000000000002,-0.013333333333333332,-0.001,-4.4253405175897319e-07,5.996570999920025e-07,3.3902736849710767e-07
429,0.010833333333333334,-0.013333333333333332,-0.001,-3.7885792932523429e-07,4.5204707159229683e-07,1.7565383431728981e-07
430,0.011666666666666669,-0.013333333333333332,-0.001,-3.0997366784039483e-07,3.5070475709554794e-07,5.6179291983554594e-08
431,0.012500000000000001,-0.013333333333333332,-0.001,-2.3342706250400509e-07,2.6459035777661506e-07,-7.7692790974363171e-09
432,0.013333333333333332,-0.013333333333333332,-0.001,-1.5553451570489871e-07,1.9122855576629321e-07,-2.2027485400576845e-08
433,0.014166666666666671,-0.013333333333333332,-0.001,-7.1934589574527433e-08,1.1004939565643996e-07,1.29628349539501e-08
434,0.015000000000000003,-0.013333333333333332,-0.001,0,0,0
435,0.015833333333333335,-0.013333333333333332,-0.001,0,0,0
436,0.016666666666666666,-0.013333333333333332,-0.001,0,0,0
437,0.017500000000000005,-0.013333333333333332,-0.001,0,0,0
438,0.018333333333333337,-0.013333333333333332,-0.001,0,0,0
439,0.019166666666666669,-0.013333333333333332,-0.001,0,0,0
440,0.02,-0.013333333333333332,-0.001,0,0,0
441,-0.02,-0.012500000000000001,-0.001,0,0,0
442,-0.019166666666666669,-0.012500000000000001,-0.001,0,0,0
443,-0.018333333333333333,-0.012500000000000001,-0.001,0,0,0
444,-0.017500000000000002,-0.012500000000000001,-0.001,0,0,0
445,-0.016666666666666666,-0.012500000000000001,-0.001,0,0,0
446,-0.015833333333333335,-0.012500000000000001,-0.001,0,0,0
447,-0.014999999999999999,-0.012500000000000001,-0.001,0,0,0
448,-0.014166666666666668,-0.012500000000000001,-0.001,1.0099711307069827e-07,1.1605770533748538e-07,-9.2688536721968531e-09
449,-0.013333333333333332,-0.012500000000000001,-0.001,2.7453561746896377e-07,2.5287803354956634e-07,5.2800964621970019e-08
450,-0.012500000000000001,-0.012500000000000001,-0.001,4.80024160536516e-07,4.4621639841624146e-07,3.3089873276734015e-07
451,-0.011666666666666667,-0.012500000000000001,-0.001,6.9912625086851226e-07,7.1711865955947957e-07,8.5857214030044637e-07
452,-0.010833333333333334,-0.012500000000000001,-0.001,9.0710306802263862e-07,1.078203171815164e-06,1.6491732929058123e-06
453,-0.01,-0.012500000000000001,-0.001,1.0775356519627488e-06,1.5217245053951403e-06,2.653834060484041e-06
454,-0.0091666666666666667,-0.012500000000000001,-0.001,1.2204786757656706e-06,2.0962611031047701e-06,3.8173141373752074e-06
455,-0.0083333333333333332,-0.012500000000000001,-0.001,1.3118342569218736e-06,2.7862419215833571e-06,5.0796014399286982e-06
456,-0.0074999999999999997,-0.012500000000000001,-0.001,1.3508272530838121e-06,3.6150306622102943e-06,6.3482550035590589e-06
457,-0.0066666666666666662,-0.012500000000000001,-0.001,1.2763393239355667e-06,4.4325967408989359e-06,7.5141057188082299e-06
458,-0.0058333333333333327,-0.012500000000000001,-0.001,1.0977572872056101e-06,5.1670758584251677e-06,8.4245476539445912e-06
459,-0.0049999999999999992,-0.012500000000000001,-0.001,8.6043896107386099e-07,5.8157271350674619e-06,8.9757057919433641e-06
460,-0.0041666666666666657,-0.012500000000000001,-0.001,6.4917174422856047e-07,6.3192718179231646e-06,9.1529613089385355e-06
461,-0.003333333333333334,-0.012500000000000001,-0.001,5.1963893226179359e-07,6.7939868039302152e-06,9.0453699381485254e-06
462,-0.0024999999999999988,-0.012500000000000001,-0.001,5.675762996054966e-07,7.3483462347528372e-06,8.8031206331363742e-06
463,-0.001666666666666667,-0.012500000000000001,-0.001,5.383834879912703e-07,7.9693316045086187e-06,8.6415223503302896e-06
464,-0.00083333333333333176,-0.012500000000000001,-0.001,3.4372139267748165e-07,8.5074589254543572e-06,8.5945227069386197e-06
465,0,-0.012500000000000001,-0.001,-3.5594336153673947e-08,8.9463017890532951e-06,8.3899203398773204e-06
466,0.00083333333333333523,-0.012500000000000001,-0.001,-4.2238604975399387e-07,8.966009809753145e-06,7.8860152858733738e-06
467,0.001666666666666667,-0.012500000000000001,-0.001,-7.6635117799642088e-07,8.548551437023321e-06,7.2159524013031781e-06
468,0.0025000000000000022,-0.012500000000000001,-0.001,-9.7535143912320172e-07,7.7878136381128916e-06,6.5126355513010914e-06
469,0.003333333333333334,-0.012500000000000001,-0.001,-1.0795568605780805e-06,6.8287509245925114e-06,5.8504953216040671e-06
470,0.0041666666666666692,-0.012500000000000001,-0.001,-1.1365456985218354e-06,5.8249538656393726e-06,5.2476379303626755e-06
471,0.005000000000000001,-0.012500000000000001,-0.001,-1.171378938987022e-06,4.8408159914855663e-06,4.6210509997983695e-06
472,0.0058333333333333362,-0.012500000000000001,-0.001,-1.1450217248486822e-06,3.9403939699442131e-06,3.9930587921689885e-06
473,0.006666666666666668,-0.012500000000000001,-0.001,-1.0751135849381551e-06,3.1405857470038418e-06,3.4099680700661236e-06
474,0.0074999999999999997,-0.012500000000000001,-0.001,-1.0091115317584187e-06,2.4527398473218734e-06,2.8209166039657778e-06
475,0.008333333333333335,-0.012500000000000001,-0.001,-9.4490729815330169e-07,1.8632931229223723e-06,2.2015613196375975e-06
476,0.0091666666666666667,-0.012500000000000001,-0.001,-8.6560663861993723e-07,1.3681676763843695e-06,1.5833016737094333e-06
477,0.010000000000000002,-0.012500000000000001,-0.001,-7.649953188561351e-07,1.0170449019182139e-06,1.0187990764663161e-06
478,0.010833333333333334,-0.012500000000000001,-0.001,-6.3687872469847353e-07,7.5178214291477172e-07,5.6561030382262795e-07
479,0.011666666666666669,-0.012500000000000001,-0.001,-5.0315374450375265e-07,5.6768928904484254e-07,2.4425288023775098e-07
480,0.012500000000000001,-0.012500000000000001,-0.001,-3.6173394961387202e-07,4.210491982795532e-07,5.962654218119492e-08
481,0.013333333333333332,-0.012500000000000001,-0.001,-2.2497650315822807e-07,2.9339483164399291e-07,-1.1223254401691183e-08
482,0.014166666666666671,-0.012500000000000001,-0.001,-9.6938697676346641e-08,1.6079751175462968e-07,1.5264377248484644e-08
483,0.015000000000000003,-0.012500000000000001,-0.001,0,0,0
484,0.015833333333333335,-0.012500000000000001,-0.001,0,0,0
485,0.016666666666666666,-0.012500000000000001,-0.001,0,0,0
486,0.017500000000000005,-0.012500000000000001,-0.001,0,0,0
487,0.018333333333333337,-0.012500000000000001,-0.001,0,0,0
488,0.019166666666666669,-0.012500000000000001,-0.001,0,0,0
489,0.02,-0.012500000000000001,-0.001,0,0,0
490,-0.02,-0.011666666666666667,-0.001,0,0,0
491,-0.019166666666666669,-0.011666666666666667,-0.001,0,0,0
492,-0.018333333333333333,-0.011666666666666667,-0.001,0,0,0
493,-0.017500000000000002,-0.011666666666666667,-0.001,0,0,0
494,-0.016666666666666666,-0.011666666666666667,-0.001,0,0,0
495,-0.015833333333333335,-0.011666666666666667,-0.001,0,0,0
496,-0.014999999999999999,-0.011666666666666667,-0.001,0,0,0
497,-0.014166666666666668,-0.011666666666666667,-0.001,1.6501709168552112e-07,1.5948204692153691e-07,2.8800351217540265e-08
498,-0.013333333333333332,-0.011666666666666667,-0.001,4.2251266384030906e-07,3.5045996938446717e-07,2.3397071390372173e-07
499,-0.012500000000000001,-0.011666666666666667,-0.001,7.2679914410461952e-07,6.1751982528206932e-07,7.9898074382161351e-07
500,-0.011666666666666667,-0.011666666666666667,-0.001,1.04586232179642e-06,9.7728848610840698e-07,1.769899699757562e-06
501,-0.010833333333333334,-0.011666666666666667,-0.001,1.3404223164362041e-06,1.4406751249231448e-06,3.1410528412497487e-06
502,-0.01,-0.011666666666666667,-0.001,1.6043941060791415e-06,2.03527925550138e-06,4.8655624392958206e-06
503,-0.0091666666666666667,-0.011666666666666667,-0.001,1.8273048389164439e-06,2.782044221707547e-06,6.885133194513287e-06
504,-0.0083333333333333332,-0.011666666666666667,-0.001,2.0054547693454271e-06,3.7119722882129746e-06,9.1302394905168453e-06
505,-0.0074999999999999997,-0.011666666666666667,-0.001,2.0685179700031852e-06,4.7823982432835966e-06,1.1465992352323131e-05
506,-0.0066666666666666662,-0.011666666666666667,-0.001,1.9480433608905708e-06,5.8032746608572769e-06,1.3647195511309987e-05
507,-0.0058333333333333327,-0.011666666666666667,-0.001,1.731305454606714e-06,6.7206098387485925e-06,1.5414441795738053e-05
508,-0.0049999999999999992,-0.011666666666666667,-0.001,1.538629438748818e-06,7.5742980503382702e-06,1.6622798314857411e-05
509,-0.0041666666666666657,-0.011666666666666667,-0.001,1.330841110810772e-06,8.1743113136057502e-06,1.7124500401087629e-05
510,-0.003333333333333334,-0.011666666666666667,-0.001,1.3638553092560987e-06,8.7071690026319656e-06,1.6966100114020626e-05
511,-0.0024999999999999988,-0.011666666666666667,-0.001,1.8303809918642678e-06,9.4116641228019015e-06,1.6840322072854187e-05
512,-0.001666666666666667,-0.011666666666666667,-0.001,2.4233018564334773e-06,1.0752148266376857e-05,1.7493299183923072e-05
513,-0.00083333333333333176,-0.011666666666666667,-0.001,2.1238406952128575e-06,1.2023984692247388e-05,1.8576477259627268e-05
514,0,-0.011666666666666667,-0.001,1.3329554628694747e-06,1.2943460517760022e-05,1.8958132900213885e-05
515,0.00083333333333333523,-0.011666666666666667,-0.001,4.8319076947383612e-07,1.3081880845276139e-05,1.8559245540255811e-05
516,0.001666666666666667,-0.011666666666666667,-0.001,-3.3821697660273658e-07,1.258047016924706e-05,1.7456238171891064e-05
517,0.0025000000000000022,-0.011666666666666667,-0.001,-9.8442077736064581e-07,1.1532938999593302e-05,1.6002493088928182e-05
518,0.003333333333333334,-0.011666666666666667,-0.001,-1.3074052156751286e-06,1.0242649285172613e-05,1.4532148205544846e-05
519,0.0041666666666666692,-0.011666666666666667,-0.001,-1.6671898918595665e-06,8.8993233356238653e-06,1.306904692514303e-05
520,0.005000000000000001,-0.011666666666666667,-0.001,-1.909648143438377e-06,7.3969363970624772e-06,1.1414941379200356e-05
521,0.0058333333333333362,-0.011666666666666667,-0.001,-1.971748197664222e-06,5.9617986818531731e-06,9.6200863803663788e-06
522,0.006666666666666668,-0.011666666666666667,-0.001,-1.9311140096812855e-06,4.7320319163377391e-06,7.8517614386306144e-06
523,0.0074999999999999997,-0.011666666666666667,-0.001,-1.8021776377081007e-06,3.6831025166167837e-06,6.2155732522493506e-06
524,0.008333333333333335,-0.011666666666666667,-0.001,-1.629014670778054e-06,2.7890775434051448e-06,4.7283183525297325e-06
525,0.0091666666666666667,-0.011666666666666667,-0.001,-1.4390233605964346e-06,2.0448513170910772e-06,3.3714675615834424e-06
526,0.010000000000000002,-0.011666666666666667,-0.001,-1.2232363992893782e-06,1.4723236289387529e-06,2.1897845465346267e-06
527,0.010833333333333334,-0.011666666666666667,-0.001,-9.929601025876223e-07,1.0748900877588945e-06,1.2522205228427065e-06
528,0.011666666666666669,-0.011666666666666667,-0.001,-7.4764438755782733e-07,7.7971844613164896e-07,5.9368483388419786e-07
529,0.012500000000000001,-0.011666666666666667,-0.001,-5.1798433214654938e-07,5.6711059527734573e-07,2.0200734082425928e-07
530,0.013333333333333332,-0.011666666666666667,-0.001,-3.1152782596759473e-07,3.893399870667008e-07,2.8407827380468717e-08
531,0.014166666666666671,-0.011666666666666667,-0.001,-1.2907269669277651e-07,2.0850767667724468e-07,2.5102469737176754e-08
532,0.015000000000000003,-0.011666666666666667,-0.001,0,0,0
533,0.015833333333333335,-0.011666666666666667,-0.001,0,0,0
534,0.016666666666666666,-0.011666666666666667,-0.001,0,0,0
535,0.017500000000000005,-0.011666666666666667,-0.001,0,0,0
536,0.018333333333333337,-0.011666666666666667,-0.001,0,0,0
537,0.019166666666666669,-0.011666666666666667,-0.001,0,0,0
538,0.02,-0.011666666666666667,-0.001,0,0,0
539,-0.02,-0.010833333333333334,-0.001,0,0,0
540,-0.019166666666666669,-0.010833333333333334,-0.001,0,0,0
541,-0.018333333333333333,-0.010833333333333334,-0.001,0,0,0
542,-0.017500000000000002,-0.010833333333333334,-0.001,0,0,0
543,-0.016666666666666666,-0.010833333333333334,-0.001,0,0,0
544,-0.015833333333333335,-0.010833333333333334,-0.001,0,0,0
545,-0.014999999999999999,-0.010833333333333334,-0.001,0,0,0
546,-0.014166666666666668,-0.010833333333333334,-0.001,2.5770155860409921e-07,2.0319900440332025e-07,9.5623743334956205e-08
547,-0.013333333333333332,-0.010833333333333334,-0.001,6.1680871545841246e-07,4.3865632433879247e-07,5.1012929627376726e-07
548,-0.012500000000000001,-0.010833333333333334,-0.001,1.0315481135029666e-06,7.5714657551978134e-07,1.4499980125653099e-06
549,-0.011666666666666667,-0.010833333333333334,-0.001,1.460715625340472e-06,1.1862637082579417e-06,2.9595038079269752e-06
550,-0.010833333333333334,-0.010833333333333334,-0.001,1.8779475632347532e-06,1.7559750889523444e-06,5.0526948211036155e-06
551,-0.01,-0.010833333333333334,-0.001,2.275060905773552e-06,2.4972623891708665e-06,7.7038115226853012e-06
552,-0.0091666666666666667,-0.010833333333333334,-0.001,2.6466402853299665e-06,3.4458014628058668e-06,1.0888650059997606e-05
553,-0.0083333333333333332,-0.010833333333333334,-0.001,2.9506712037529549e-06,4.637907807789163e-06,1.4504037134933084e-05
554,-0.0074999999999999997,-0.010833333333333334,-0.001,3.1234799591333108e-06,5.9543932295351038e-06,1.831928141272354e-05
555,-0.0066666666666666662,-0.010833333333333334,-0.001,3.2205960496613863e-06,7.2453614662843438e-06,2.1929784432144677e-05
556,-0.0058333333333333327,-0.010833333333333334,-0.001,3.3059147088001797e-06,8.4436210245898144e-06,2.4857021904862885e-05
557,-0.0049999999999999992,-0.010833333333333334,-0.001,3.3135246731603071e-06,9.3229100756235344e-06,2.6652474908426134e-05
558,-0.0041666666666666657,-0.010833333333333334,-0.001,3.0721879995864659e-06,9.6240588164163112e-06,2.6972170012338797e-05
559,-0.003333333333333334,-0.010833333333333334,-0.001,3.2314546371076888e-06,9.5438265474230987e-06,2.5544676933406107e-05
560,-0.0024999999999999988,-0.010833333333333334,-0.001,5.1505683560638606e-06,9.7767455881062989e-06,2.4543122085444356e-05
561,-0.001666666666666667,-0.010833333333333334,-0.001,7.1060033351433368e-06,1.1732959137670639e-05,2.6482467320084077e-05
562,-0.00083333333333333176,-0.010833333333333334,-0.001,7.0403781152770169e-06,1.3440378549871745e-05,2.9298911925789564e-05
563,0,-0.010833333333333334,-0.001,5.5262126230740089e-06,1.5039555002530133e-05,3.0967947046528124e-05
564,0.00083333333333333523,-0.010833333333333334,-0.001,3.7201106264800165e-06,1.5773957373612864e-05,3.1012856215540607e-05
565,0.001666666666666667,-0.010833333333333334,-0.001,1.7600637383607567e-06,1.5573487978218937e-05,2.9503933490193394e-05
566,0.0025000000000000022,-0.010833333333333334,-0.001,2.8462117054468964e-07,1.4801296754226851e-05,2.7622155510010936e-05
567,0.003333333333333334,-0.010833333333333334,-0.001,-7.4367882169255659e-07,1.3834235057609968e-05,2.5994761467972365e-05
568,0.0041666666666666692,-0.010833333333333334,-0.001,-1.9682310619052198e-06,1.2323362990123997e-05,2.4065050859483157e-05
569,0.005000000000000001,-0.010833333333333334,-0.001,-2.8483223433617103e-06,1.0443315140273479e-05,2.1383464333618733e-05
570,0.0058333333333333362,-0.010833333333333334,-0.001,-3.0594162660905006e-06,8.4944709821320979e-06,1.8090054040057021e-05
571,0.006666666666666668,-0.010833333333333334,-0.001,-3.0889243162221859e-06,6.6607115057943629e-06,1.4705562773846678e-05
572,0.0074999999999999997,-0.010833333333333334,-0.001,-2.9408684162402896e-06,5.1363429325598377e-06,1.1452190340118063e-05
573,0.008333333333333335,-0.010833333333333334,-0.001,-2.6792940195708866e-06,3.8721604499169775e-06,8.5054191570787485e-06
574,0.0091666666666666667,-0.010833333333333334,-0.001,-2.2961219616960661e-06,2.7994721937076929e-06,5.9904692959206128e-06
575,0.010000000000000002,-0.010833333333333334,-0.001,-1.8814602100569187e-06,1.9723972627727913e-06,3.9086512502945662e-06
576,0.010833333333333334,-0.010833333333333334,-0.001,-1.4764945133796572e-06,1.3886002564402911e-06,2.2699976134744774e-06
577,0.011666666666666669,-0.010833333333333334,-0.001,-1.0913392121714814e-06,9.8596858202659993e-07,1.1075019923779523e-06
578,0.012500000000000001,-0.010833333333333334,-0.001,-7.2368115318133205e-07,6.9306766796938993e-07,4.0579799884442677e-07
579,0.013333333333333332,-0.010833333333333334,-0.001,-4.0883569057822861e-07,4.6689518096111242e-07,7.9222178297472522e-08
580,0.014166666666666671,-0.010833333333333334,-0.001,-1.5707685316844938e-07,2.4607606783891918e-07,3.6553390233634175e-08
581,0.015000000000000003,-0.010833333333333334,-0.001,0,0,0
582,0.015833333333333335,-0.010833333333333334,-0.001,0,0,0
583,0.016666666666666666,-0.010833333333333334,-0.001,0,0,0
584,0.017500000000000005,-0.010833333333333334,-0.001,0,0,0
585,0.018333333333333337,-0.010833333333333334,-0.001,0,0,0
586,0.019166666666666669,-0.010833333333333334,-0.001,0,0,0
587,0.02,-0.010833333333333334,-0.001,0,0,0
588,-0.02,-0.01,-0.001,0,0,0
589,-0.019166666666666669,-0.01,-0.001,0,0,0
590,-0.018333333333333333,-0.01,-0.001,0,0,0
591,-0.017500000000000002,-0.01,-0.001,0,0,0
592,-0.016666666666666666,-0.01,-0.001,0,0,0
593,-0.015833333333333335,-0.01,-0.001,0,0,0
594,-0.014999999999999999,-0.01,-0.001,0,0,0
595,-0.014166666666666668,-0.01,-0.001,3.6297649871196882e-07,2.4051859724468392e-07,1.9707566448736167e-07
596,-0.013333333333333332,-0.01,-0.001,8.4491624514250049e-07,4.9903838643786058e-07,8.3628112717946371e-07
597,-0.012500000000000001,-0.01,-0.001,1.384301683433502e-06,8.4797847532455499e-07,2.1925748760386182e-06
598,-0.011666666666666667,-0.01,-0.001,1.9550935316515132e-06,1.3394989249225908e-06,4.3269626714230329e-06
599,-0.010833333333333334,-0.01,-0.001,2.5348608455796431e-06,2.0090733550085863e-06,7.2946999806330353e-06
600,-0.01,-0.01,-0.001,3.1587807660970675e-06,2.9263904302980602e-06,1.1136192631282805e-05
601,-0.0091666666666666667,-0.01,-0.001,3.7767425234274077e-06,4.1167368856572457e-06,1.5853731062952849e-05
602,-0.0083333333333333332,-0.01,-0.001,4.3882853033855691e-06,5.5479143083884109e-06,2.1307618461237942e-05
603,-0.0074999999999999997,-0.01,-0.001,5.051430673858153e-06,7.0800239465626724e-06,2.7032425174536354e-05
604,-0.0066666666666666662,-0.01,-0.001,5.4682961577536435e-06,8.331005657041442e-06,3.2121834981266278e-05
605,-0.0058333333333333327,-0.01,-0.001,5.7505969228795659e-06,9.0475115819159049e-06,3.5376113387970225e-05
606,-0.0049999999999999992,-0.01,-0.001,6.0420067946763429e-06,8.9934802118444375e-06,3.6587134410911709e-05
607,-0.0041666666666666657,-0.01,-0.001,5.7590474492673811e-06,7.4572819109310438e-06,3.466823111626423e-05
608,-0.003333333333333334,-0.01,-0.001,6.8361322663272304e-06,5.4873766329640413e-06,2.9456990090674323e-05
609,-0.0024999999999999988,-0.01,-0.001,9.96348369488725e-06,4.31665722259873e-06,2.467113256059253e-05
610,-0.001666666666666667,-0.01,-0.001,1.4411762867624241e-05,4.2788732409170336e-06,3.0648193993362642e-05
611,-0.00083333333333333176,-0.01,-0.001,1.6448673772858255e-05,5.1290975641157206e-06,4.6185634451465532e-05
612,0,-0.01,-0.001,1.5299729233031047e-05,7.8569186094684085e-06,4.8331606149042087e-05
613,0.00083333333333333523,-0.01,-0.001,1.330559215522037e-05,9.6406478272130038e-06,4.9706511895909092e-05
614,0.001666666666666667,-0.01,-0.001,1.0563662160437069e-05,1.2034826220785794e-05,4.3670426473158255e-05
615,0.0025000000000000022,-0.01,-0.001,7.166918377758302e-06,1.3753220266952519e-05,3.7394896527568033e-05
616,0.003333333333333334,-0.01,-0.001,4.652658920901778e-06,1.4670531021865174e-05,3.6217862748620411e-05
617,0.0041666666666666692,-0.01,-0.001,7.6120316640992674e-07,1.3751378079025192e-05,3.4658105190302445e-05
618,0.005000000000000001,-0.01,-0.001,-2.6806434428714267e-06,1.2194515645223806e-05,3.196393072667976e-05
619,0.0058333333333333362,-0.01,-0.001,-4.1333875449384767e-06,1.0548675487907953e-05,2.8047311067494277e-05
620,0.006666666666666668,-0.01,-0.001,-4.4043819482934366e-06,8.6879909478039994e-06,2.3517584679150203e-05
621,0.0074999999999999997,-0.01,-0.001,-4.3764927932157443e-06,6.8748666888256897e-06,1.8613069021056187e-05
622,0.008333333333333335,-0.01,-0.001,-4.1111834125121526e-06,5.1198277284645835e-06,1.3870869415666697e-05
623,0.0091666666666666667,-0.01,-0.001,-3.5831043881862768e-06,3.6590049320682541e-06,9.5947837169401776e-06
624,0.010000000000000002,-0.01,-0.001,-2.8930090480612196e-06,2.5277214162418598e-06,6.1688804899621957e-06
625,0.010833333333333334,-0.01,-0.001,-2.2022677152362967e-06,1.7169920430469958e-06,3.5945699743214922e-06
626,0.011666666666666669,-0.01,-0.001,-1.5747086250139091e-06,1.1663332237333623e-06,1.7689077756125586e-06
627,0.012500000000000001,-0.01,-0.001,-1.0190377728098831e-06,7.9617593078124891e-07,6.4363926792804794e-07
628,0.013333333333333332,-0.01,-0.001,-5.5554606203307106e-07,5.374130754552075e-07,1.0569215732510045e-07
629,0.014166666666666671,-0.01,-0.001,-1.7627109068513108e-07,2.7380068818207003e-07,4.4696200505566844e-08
630,0.015000000000000003,-0.01,-0.001,0,0,0
631,0.015833333333333335,-0.01,-0.001,0,0,0
632,0.016666666666666666,-0.01,-0.001,0,0,0
633,0.017500000000000005,-0.01,-0.001,0,0,0
634,0.018333333333333337,-0.01,-0.001,0,0,0
635,0.019166666666666669,-0.01,-0.001,0,0,0
636,0.02,-0.01,-0.001,0,0,0
637,-0.02,-0.0091666666666666667,-0.001,0,0,0
638,-0.019166666666666669,-0.0091666666666666667,-0.001,0,0,0
639,-0.018333333333333333,-0.0091666666666666667,-0.001,0,0,0
640,-0.017500000000000002,-0.0091666666666666667,-0.001,0,0,0
641,-0.016666666666666666,-0.0091666666666666667,-0.001,0,0,0
642,-0.015833333333333335,-0.0091666666666666667,-0.001,0,0,0
643,-0.014999999999999999,-0.0091666666666666667,-0.001,0,0,0
644,-0.014166666666666668,-0.0091666666666666667,-0.001,4.7315895168741614e-07,2.7017106671472735e-07,3.3681933327534239e-07
645,-0.013333333333333332,-0.0091666666666666667,-0.001,1.1066176729677511e-06,5.3790551250267832e-07,1.1564178559344494e-06
646,-0.012500000000000001,-0.0091666666666666667,-0.001,1.8029287510999636e-06,9.0149805049263858e-07,2.9502787997541742e-06
647,-0.011666666666666667,-0.0091666666666666667,-0.001,2.5435555560330646e-06,1.4317033504257813e-06,5.7870226083519088e-06
648,-0.010833333333333334,-0.0091666666666666667,-0.001,3.4109372749895269e-06,2.2319120672171051e-06,9.8130376641646041e-06
649,-0.01,-0.0091666666666666667,-0.001,4.3748887620740594e-06,3.3488733639249306e-06,1.5156257621638422e-05
650,-0.0091666666666666667,-0.0091666666666666667,-0.001,5.4120126110002898e-06,4.7142797679823294e-06,2.1832751607766948e-05
651,-0.0083333333333333332,-0.0091666666666666667,-0.001,6.6274847909862146e-06,6.221086911146109e-06,2.9494159563796261e-05
652,-0.0074999999999999997,-0.0091666666666666667,-0.001,7.6599878679466657e-06,7.3695719850097231e-06,3.6715855784766819e-05
653,-0.0066666666666666662,-0.0091666666666666667,-0.001,7.5267635661459673e-06,7.2926096526245023e-06,4.1774651628208685e-05
654,-0.0058333333333333327,-0.0091666666666666667,-0.001,7.5184211643329424e-06,5.2677270002050947e-06,4.2631401369147518e-05
655,-0.0049999999999999992,-0.0091666666666666667,-0.001,7.5590453494324366e-06,9.1552829929995334e-07,4.0464631368680784e-05
656,-0.0041666666666666657,-0.0091666666666666667,-0.001,8.7764791018731682e-06,-5.7358679643628298e-06,4.784730510687125e-05
657,-0.003333333333333334,-0.0091666666666666667,-0.001,1.116379199783322e-05,-9.3197876778095689e-06,3.7486551425587449e-05
658,-0.0024999999999999988,-0.0091666666666666667,-0.001,1.8047621074371157e-05,-1.3733073952345785e-05,1.8723045995882985e-05
659,-0.001666666666666667,-0.0091666666666666667,-0.001,2.6479269850016161e-05,-1.4383690248994488e-05,2.370199007676432e-05
660,-0.00083333333333333176,-0.0091666666666666667,-0.001,3.0080407711944006e-05,-1.4016792679648582e-05,2.3706172586094002e-05
661,0,-0.0091666666666666667,-0.001,3.0650307092940066e-05,-8.8684582995411485e-06,2.069714278248694e-05
662,0.00083333333333333523,-0.0091666666666666667,-0.001,2.8761080330666379e-05,-5.6998872316408382e-06,2.4185899022759256e-05
663,0.001666666666666667,-0.0091666666666666667,-0.001,2.5174422171534337e-05,-6.4523932897411121e-07,2.8894130932060317e-05
664,0.0025000000000000022,-0.0091666666666666667,-0.001,2.1882107412216821e-05,2.8224110768998762e-06,4.7404201613785036e-05
665,0.003333333333333334,-0.0091666666666666667,-0.001,1.8913813203519446e-05,6.0116760278872746e-06,6.2914751366646257e-05
666,0.0041666666666666692,-0.0091666666666666667,-0.001,1.2877763383677273e-05,8.8935612181494111e-06,4.4521167420928862e-05
667,0.005000000000000001,-0.0091666666666666667,-0.001,4.4732118595299145e-06,1.0086639023519839e-05,3.8348351277151836e-05
668,0.0058333333333333362,-0.0091666666666666667,-0.001,-1.7164336296281055e-06,9.9467806020594159e-06,3.5262658635666862e-05
669,0.006666666666666668,-0.0091666666666666667,-0.001,-4.8239289987516833e-06,9.3261615845258568e-06,3.1940010353446598e-05
670,0.0074999999999999997,-0.0091666666666666667,-0.001,-5.8356901571096243e-06,8.0167023236032178e-06,2.6602647725881686e-05
671,0.008333333333333335,-0.0091666666666666667,-0.001,-5.6715956745152699e-06,6.2811230196506327e-06,2.0264490681467e-05
672,0.0091666666666666667,-0.0091666666666666667,-0.001,-5.1190376255366793e-06,4.5234688920726019e-06,1.4226334028593911e-05
673,0.010000000000000002,-0.0091666666666666667,-0.001,-4.2323397010663617e-06,3.0533197938101503e-06,9.03122716267728e-06
674,0.010833333333333334,-0.0091666666666666667,-0.001,-3.2174976603166346e-06,2.0069303029560815e-06,5.1415738632986644e-06
675,0.011666666666666669,-0.0091666666666666667,-0.001,-2.2909666279423237e-06,1.3169625485809165e-06,2.493143315047959e-06
676,0.012500000000000001,-0.0091666666666666667,-0.001,-1.4735310488902911e-06,8.707480107483847e-07,8.6237332763275797e-07
677,0.013333333333333332,-0.0091666666666666667,-0.001,-7.9253828598782253e-07,6.0056274621070197e-07,8.0513017591943572e-08
678,0.014166666666666671,-0.0091666666666666667,-0.001,-1.8077016513231529e-07,3.0190352772318541e-07,6.6395013335969875e-08
679,0.015000000000000003,-0.0091666666666666667,-0.001,0,0,0
680,0.015833333333333335,-0.0091666666666666667,-0.001,0,0,0
681,0.016666666666666666,-0.0091666666666666667,-0.001,0,0,0
682,0.017500000000000005,-0.0091666666666666667,-0.001,0,0,0
683,0.018333333333333337,-0.0091666666666666667,-0.001,0,0,0
684,0.019166666666666669,-0.0091666666666666667,-0.001,0,0,0
685,0.02,-0.0091666666666666667,-0.001,0,0,0
686,-0.02,-0.0083333333333333332,-0.001,0,0,0
687,-0.019166666666666669,-0.0083333333333333332,-0.001,0,0,0
688,-0.018333333333333333,-0.0083333333333333332,-0.001,0,0,0
689,-0.017500000000000002,-0.0083333333333333332,-0.001,0,0,0
690,-0.016666666666666666,-0.0083333333333333332,-0.001,0,0,0
691,-0.015833333333333335,-0.0083333333333333332,-0.001,0,0,0
692,-0.014999999999999999,-0.0083333333333333332,-0.001,0,0,0
693,-0.014166666666666668,-0.0083333333333333332,-0.001,5.732134982766521e-07,2.8437061923549355e-07,4.7353038862935518e-07
694,-0.013333333333333332,-0.0083333333333333332,-0.001,1.4069660072478822e-06,5.5772604724638707e-07,1.4105436805771265e-06
695,-0.012500000000000001,-0.0083333333333333332,-0.001,2.2725107287629262e-06,9.0926488261897463e-07,3.6464081639912581e-06
696,-0.011666666666666667,-0.0083333333333333332,-0.001,3.3047109082623931e-06,1.4998524690980884e-06,7.2710507566672877e-06
697,-0.010833333333333334,-0.0083333333333333332,-0.001,4.5851593241065161e-06,2.4261592008770581e-06,1.256798476553524e-05
698,-0.01,-0.0083333333333333332,-0.001,6.0268857560379685e-06,3.7070725468832696e-06,1.9790933469705228e-05
699,-0.0091666666666666667,-0.0083333333333333332,-0.001,7.6695691803061539e-06,4.9456767192466872e-06,2.8639355514145956e-05
700,-0.0083333333333333332,-0.0083333333333333332,-0.001,9.3303552244782948e-06,6.0225316531841287e-06,3.7803755429653121e-05
701,-0.0074999999999999997,-0.0083333333333333332,-0.001,9.2187184538038591e-06,5.3742607090388331e-06,4.4800154720796726e-05
702,-0.0066666666666666662,-0.0083333333333333332,-0.001,8.1588694793620565e-06,6.691781618168906e-07,4.7116713638505441e-05
703,-0.0058333333333333327,-0.0083333333333333332,-0.001,8.5442047388744881e-06,-5.2886712559166196e-06,4.2391734344845703e-05
704,-0.0049999999999999992,-0.0083333333333333332,-0.001,9.1049099614052154e-06,-1.3420004382681511e-05,5.7124210479757623e-05
705,-0.0041666666666666657,-0.0083333333333333332,-0.001,1.1738987141735697e-05,-2.631537189061719e-05,1.5818107894587108e-05
706,-0.003333333333333334,-0.0083333333333333332,-0.001,1.8309092839754107e-05,-3.1671692571557912e-05,-2.3384624506511935e-06
707,-0.0024999999999999988,-0.0083333333333333332,-0.001,2.785801954713658e-05,-3.4420775481614442e-05,-2.2060914794219636e-05
708,-0.001666666666666667,-0.0083333333333333332,-0.001,3.7629803031226661e-05,-3.7406128426077844e-05,-5.0692756276293579e-05
709,-0.00083333333333333176,-0.0083333333333333332,-0.001,4.2347413495907402e-05,-4.1368703718158806e-05,-7.3438467878317358e-05
710,0,-0.0083333333333333332,-0.001,4.4783710654294439e-05,-3.5708171570801238e-05,-7.6391771528326735e-05
711,0.00083333333333333523,-0.0083333333333333332,-0.001,4.7058754807621011e-05,-2.7948080917850126e-05,-6.3038436477489435e-05
712,0.001666666666666667,-0.0083333333333333332,-0.001,4.5589386746913256e-05,-1.3913400445191567e-05,-3.2053106527936205e-05
713,0.0025000000000000022,-0.0083333333333333332,-0.001,4.1611165866294148e-05,-5.51292738052627e-06,-1.0730003769275177e-05
714,0.003333333333333334,-0.0083333333333333332,-0.001,3.4627666970796551e-05,-1.1283855085521228e-06,-3.1854800302926596e-06
715,0.0041666666666666692,-0.0083333333333333332,-0.001,2.6811284908307878e-05,3.0615718710253955e-06,3.8390704154782338e-05
716,0.005000000000000001,-0.0083333333333333332,-0.001,1.9284277699110872e-05,4.6190587687475378e-06,5.3942556657572799e-05
717,0.0058333333333333362,-0.0083333333333333332,-0.001,9.5544615816377091e-06,7.366189806714969e-06,3.5119581533560951e-05
718,0.006666666666666668,-0.0083333333333333332,-0.001,-7.21780887350872e-07,7.5689663182101318e-06,3.6068198902408698e-05
719,0.0074999999999999997,-0.0083333333333333332,-0.001,-5.9046116784399925e-06,7.4783677134451611e-06,3.2488765413076261e-05
720,0.008333333333333335,-0.0083333333333333332,-0.001,-7.0749521393225562e-06,6.587395309226719e-06,2.6279362711540331e-05
721,0.0091666666666666667,-0.0083333333333333332,-0.001,-6.6692816510835093e-06,5.0884261377530442e-06,1.9004391105031756e-05
722,0.010000000000000002,-0.0083333333333333332,-0.001,-5.7059924764646945e-06,3.4848250644653522e-06,1.2318400643161502e-05
723,0.010833333333333334,-0.0083333333333333332,-0.001,-4.4488399654034872e-06,2.2167127477463996e-06,6.8977882190651809e-06
724,0.011666666666666669,-0.0083333333333333332,-0.001,-3.1823082925308775e-06,1.3959539819189112e-06,3.1785652193308427e-06
725,0.012500000000000001,-0.0083333333333333332,-0.001,-2.0663072541479511e-06,8.9604621662122806e-07,9.626751680563453e-07
726,0.013333333333333332,-0.0083333333333333332,-0.001,-1.1163073242508411e-06,6.3860883287282846e-07,-7.4717395515139945e-08
727,0.014166666666666671,-0.0083333333333333332,-0.001,-1.5184348627416438e-07,3.1467731401512987e-07,6.0714197676287063e-08
728,0.015000000000000003,-0.0083333333333333332,-0.001,0,0,0
729,0.015833333333333335,-0.0083333333333333332,-0.001,0,0,0
730,0.016666666666666666,-0.0083333333333333332,-0.001,0,0,0
731,0.017500000000000005,-0.0083333333333333332,-0.001,0,0,0
732,0.018333333333333337,-0.0083333333333333332,-0.001,0,0,0
733,0.019166666666666669,-0.0083333333333333332,-0.001,0,0,0
734,0.02,-0.0083333333333333332,-0.001,0,0,0
735,-0.02,-0.0074999999999999997,-0.001,0,0,0
736,-0.019166666666666669,-0.0074999999999999997,-0.001,0,0,0
737,-0.018333333333333333,-0.0074999999999999997,-0.001,0,0,0
738,-0.017500000000000002,-0.0074999999999999997,-0.001,0,0,0
739,-0.016666666666666666,-0.0074999999999999997,-0.001,0,0,0
740,-0.015833333333333335,-0.0074999999999999997,-0.001,0,0,0
741,-0.014999999999999999,-0.0074999999999999997,-0.001,0,0,0
742,-0.014166666666666668,-0.0074999999999999997,-0.001,5.8843628398076564e-07,2.8012019677640778e-07,5.55695737458316e-07
743,-0.013333333333333332,-0.0074999999999999997,-0.001,1.7451259873240288e-06,5.7647998656128367e-07,1.5474715664757835e-06
744,-0.012500000000000001,-0.0074999999999999997,-0.001,2.84694971485417e-06,9.0538292109101605e-07,4.2431793377865584e-06
745,-0.011666666666666667,-0.0074999999999999997,-0.001,4.288851282318081e-06,1.5556524385290032e-06,8.7583469448462059e-06
746,-0.010833333333333334,-0.0074999999999999997,-0.001,6.0447448036466189e-06,2.5776014584716187e-06,1.5577282823110248e-05
747,-0.01,-0.0074999999999999997,-0.001,8.1633719744598328e-06,3.7608229855097189e-06,2.4865199494199358e-05
748,-0.0091666666666666667,-0.0074999999999999997,-0.001,9.9883895644639629e-06,4.5701714970159413e-06,3.5299937410657184e-05
749,-0.0083333333333333332,-0.0074999999999999997,-0.001,1.0228262371482992e-05,3.1451787771159956e-06,4.4315834581885532e-05
750,-0.0074999999999999997,-0.0074999999999999997,-0.001,8.8256781662562273e-06,-1.98169433639425e-06,4.7492168386690495e-05
751,-0.0066666666666666662,-0.0074999999999999997,-0.001,5.9958184560046937e-06,-1.1887492005992246e-05,6.3337575674476574e-05
752,-0.0058333333333333327,-0.0074999999999999997,-0.001,5.2987701211867008e-06,-2.1872453252334848e-05,2.7858000250891413e-05
753,-0.0049999999999999992,-0.0074999999999999997,-0.001,1.0970456564515512e-05,-3.5206718107166858e-05,1.0470101031510757e-05
754,-0.0041666666666666657,-0.0074999999999999997,-0.001,1.7156929088623605e-05,-4.7966701156930965e-05,-3.4147798114349617e-05
755,-0.003333333333333334,-0.0074999999999999997,-0.001,1.7374795757054848e-05,-6.5572487398598628e-05,-0.00013216395328993134
756,-0.0024999999999999988,-0.0074999999999999997,-0.001,2.1128271433864793e-05,-8.0309872693314985e-05,-0.00021176088081805271
757,-0.001666666666666667,-0.0074999999999999997,-0.001,3.0408814272346247e-05,-9.4957837677099322e-05,-0.00028366139580419182
758,-0.00083333333333333176,-0.0074999999999999997,-0.001,3.860062719484626e-05,-0.00010613871772265384,-0.00033200032158938055
759,0,-0.0074999999999999997,-0.001,4.8099406437398387e-05,-0.00010168637843185711,-0.00033696945452033349
760,0.00083333333333333523,-0.0074999999999999997,-0.001,5.5939095205182585e-05,-9.2470440892197941e-05,-0.00031552952937052571
761,0.001666666666666667,-0.0074999999999999997,-0.001,6.1947970471527109e-05,-6.7096085354554204e-05,-0.0002526082429139957
762,0.0025000000000000022,-0.0074999999999999997,-0.001,6.4755913643516067e-05,-4.067260248509814e-05,-0.00017763008609828173
763,0.003333333333333334,-0.0074999999999999997,-0.001,6.025823781699108e-05,-1.9354275912834221e-05,-0.00010813789455036491
764,0.0041666666666666692,-0.0074999999999999997,-0.001,4.8063122373614887e-05,-8.0807287207100351e-06,-4.0653380846348976e-05
765,0.005000000000000001,-0.0074999999999999997,-0.001,3.4578567631541576e-05,-7.02598087511028e-07,3.2641219319796815e-06
766,0.0058333333333333362,-0.0074999999999999997,-0.001,2.4040052507616995e-05,3.202888267414735e-06,4.2034920632391703e-05
767,0.006666666666666668,-0.0074999999999999997,-0.001,1.1375841810686141e-05,6.109041143804889e-06,3.8243581706965128e-05
768,0.0074999999999999997,-0.0074999999999999997,-0.001,-1.4071752051666762e-06,5.7709489398203428e-06,3.3737352313667388e-05
769,0.008333333333333335,-0.0074999999999999997,-0.001,-6.838173294161242e-06,5.5568422822782374e-06,2.9559635394778279e-05
770,0.0091666666666666667,-0.0074999999999999997,-0.001,-7.9357391871988275e-06,5.1396562140240056e-06,2.2819160839661464e-05
771,0.010000000000000002,-0.0074999999999999997,-0.001,-7.1745803151750467e-06,3.7465533125309748e-06,1.5286101194884418e-05
772,0.010833333333333334,-0.0074999999999999997,-0.001,-5.7756839217439787e-06,2.332876007398629e-06,8.6735731988807667e-06
773,0.011666666666666669,-0.0074999999999999997,-0.001,-4.2345507714353194e-06,1.4149322998247835e-06,3.7956307074854725e-06
774,0.012500000000000001,-0.0074999999999999997,-0.001,-2.7977572925696866e-06,8.8872035754688683e-07,8.8233879841420147e-07
775,0.013333333333333332,-0.0074999999999999997,-0.001,-1.5343330500120926e-06,6.5798701058752057e-07,-4.2112154880520588e-07
776,0.014166666666666671,-0.0074999999999999997,-0.001,-5.4281498560263975e-08,3.2032376874754475e-07,4.9225471570322438e-08
777,0.015000000000000003,-0.0074999999999999997,-0.001,0,0,0
778,0.015833333333333335,-0.0074999999999999997,-0.001,0,0,0
779,0.016666666666666666,-0.0074999999999999997,-0.001,0,0,0
780,0.017500000000000005,-0.0074999999999999997,-0.001,0,0,0
781,0.018333333333333337,-0.0074999999999999997,-0.001,0,0,0
782,0.019166666666666669,-0.0074999999999999997,-0.001,0,0,0
783,0.02,-0.0074999999999999997,-0.001,0,0,0
784,-0.02,-0.0066666666666666662,-0.001,0,0,0
785,-0.019166666666666669,-0.0066666666666666662,-0.001,0,0,0
786,-0.018333333333333333,-0.0066666666666666662,-0.001,0,0,0
787,-0.017500000000000002,-0.0066666666666666662,-0.001,0,0,0
788,-0.016666666666666666,-0.0066666666666666662,-0.001,0,0,0
789,-0.015833333333333335,-0.0066666666666666662,-0.001,0,0,0
790,-0.014999999999999999,-0.0066666666666666662,-0.001,0,0,0
791,-0.014166666666666668,-0.0066666666666666662,-0.001,5.5471582698483714e-07,2.6683668425450049e-07,6.0227427313007821e-07
792,-0.013333333333333332,-0.0066666666666666662,-0.001,2.1194696131175131e-06,5.9261356118408462e-07,1.5734149928486626e-06
793,-0.012500000000000001,-0.0066666666666666662,-0.001,3.5621610613148498e-06,9.0213375355754636e-07,4.7412715049675316e-06
794,-0.011666666666666667,-0.0066666666666666662,-0.001,5.4443132730489254e-06,1.5944324694077973e-06,1.0269946615170523e-05
795,-0.010833333333333334,-0.0066666666666666662,-0.001,7.8315635584863797e-06,2.5423412539415295e-06,1.8785859040668078e-05
796,-0.01,-0.0066666666666666662,-0.001,1.0599419450910362e-05,3.5454458603600744e-06,2.996222392612913e-05
797,-0.0091666666666666667,-0.0066666666666666662,-0.001,1.1597706312517741e-05,2.7432324937729018e-06,4.0781684902172663e-05
798,-0.0083333333333333332,-0.0066666666666666662,-0.001,9.3918812453459514e-06,-2.1018950687905804e-06,4.5580800614456798e-05
799,-0.0074999999999999997,-0.0066666666666666662,-0.001,4.0810599071107336e-06,-1.3563586110207785e-05,4.5778345145557426e-05
800,-0.0066666666666666662,-0.0066666666666666662,-0.001,2.1887054699304078e-06,-2.8769909711025563e-05,2.8491829622258358e-05
801,-0.0058333333333333327,-0.0066666666666666662,-0.001,6.5684667288617869e-06,-4.296872021635222e-05,3.0626329664030692e-07
802,-0.0049999999999999992,-0.0066666666666666662,-0.001,5.5849561865875249e-06,-6.2406703277761099e-05,-9.3983207512431227e-05
803,-0.0041666666666666657,-0.0066666666666666662,-0.001,-3.1167778374271442e-06,-8.7210462494618395e-05,-0.00023295178560099052
804,-0.003333333333333334,-0.0066666666666666662,-0.001,-1.1441648120043871e-05,-0.00012304668276794131,-0.00039429412247714778
805,-0.0024999999999999988,-0.0066666666666666662,-0.001,-9.0855397635361581e-07,-0.00015952573506436695,-0.00053056171981902083
806,-0.001666666666666667,-0.0066666666666666662,-0.001,2.5200016776482062e-05,-0.00018326839102454924,-0.0006187038902251183
807,-0.00083333333333333176,-0.0066666666666666662,-0.001,5.2096994647802683e-05,-0.00019476475378383737,-0.00067402046691249749
808,0,-0.0066666666666666662,-0.001,7.0176732855837607e-05,-0.00018943708371406195,-0.00069970581745637007
809,0.00083333333333333523,-0.0066666666666666662,-0.001,8.2646515590962253e-05,-0.00018381568466111577,-0.0006888928610357751
810,0.001666666666666667,-0.0066666666666666662,-0.001,9.0231481299564165e-05,-0.00015575411931207836,-0.00062231051478040542
811,0.0025000000000000022,-0.0066666666666666662,-0.001,8.9254675631959609e-05,-0.00011293707309603081,-0.00049904024826414347
812,0.003333333333333334,-0.0066666666666666662,-0.001,8.6130762771864826e-05,-6.4883179360959484e-05,-0.00034107776370803877
813,0.0041666666666666692,-0.0066666666666666662,-0.001,7.7120405359797426e-05,-2.6512470542449863e-05,-0.00019298756867631528
814,0.005000000000000001,-0.0066666666666666662,-0.001,6.0192988355894369e-05,-7.7902179081434744e-06,-8.1696194321340484e-05
815,0.0058333333333333362,-0.0066666666666666662,-0.001,4.1917434366244455e-05,-1.3194623523336705e-06,-2.5185562472241157e-05
816,0.006666666666666668,-0.0066666666666666662,-0.001,2.343488974479948e-05,4.0610581041876631e-06,4.0652214026643735e-05
817,0.0074999999999999997,-0.0066666666666666662,-0.001,9.7149207126807558e-06,4.6055545729713828e-06,3.182326738745223e-05
818,0.008333333333333335,-0.0066666666666666662,-0.001,-2.6186196929880975e-06,4.233313074832555e-06,2.8231727275833515e-05
819,0.0091666666666666667,-0.0066666666666666662,-0.001,-8.1042676694530415e-06,4.2771857840379695e-06,2.4227867411318229e-05
820,0.010000000000000002,-0.0066666666666666662,-0.001,-8.3980784576566854e-06,3.7638936990571237e-06,1.7218797021838651e-05
821,0.010833333333333334,-0.0066666666666666662,-0.001,-7.0801696554419972e-06,2.4104854444954056e-06,9.9900580157766624e-06
822,0.011666666666666669,-0.0066666666666666662,-0.001,-5.3492737705087188e-06,1.3660618728563475e-06,4.2307127747874602e-06
823,0.012500000000000001,-0.0066666666666666662,-0.001,-3.5977229176475723e-06,8.1986269593909248e-07,5.7534827596653947e-07
824,0.013333333333333332,-0.0066666666666666662,-0.001,-2.0176379285610267e-06,6.7117370515612939e-07,-9.483030888644766e-07
825,0.014166666666666671,-0.0066666666666666662,-0.001,1.2994669869094093e-07,3.1387786364631222e-07,-1.1398186075304429e-08
826,0.015000000000000003,-0.0066666666666666662,-0.001,0,0,0
827,0.015833333333333335,-0.0066666666666666662,-0.001,0,0,0
828,0.016666666666666666,-0.0066666666666666662,-0.001,0,0,0
829,0.017500000000000005,-0.0066666666666666662,-0.001,0,0,0
830,0.018333333333333337,-0.0066666666666666662,-0.001,0,0,0
831,0.019166666666666669,-0.0066666666666666662,-0.001,0,0,0
832,0.02,-0.0066666666666666662,-0.001,0,0,0
833,-0.02,-0.0058333333333333327,-0.001,0,0,0
834,-0.019166666666666669,-0.0058333333333333327,-0.001,0,0,0
835,-0.018333333333333333,-0.0058333333333333327,-0.001,0,0,0
836,-0.017500000000000002,-0.0058333333333333327,-0.001,0,0,0
837,-0.016666666666666666,-0.0058333333333333327,-0.001,0,0,0
838,-0.015833333333333335,-0.0058333333333333327,-0.001,0,0,0
839,-0.014999999999999999,-0.0058333333333333327,-0.001,0,0,0
840,-0.014166666666666668,-0.0058333333333333327,-0.001,4.8286271123731048e-07,2.4252951092974848e-07,6.1935548804490169e-07
841,-0.013333333333333332,-0.0058333333333333327,-0.001,2.535354598278278e-06,6.0487538703096021e-07,1.493797995841079e-06
842,-0.012500000000000001,-0.0058333333333333327,-0.001,4.3752656228754258e-06,8.8878967019058398e-07,5.1630345892978155e-06
843,-0.011666666666666667,-0.0058333333333333327,-0.001,6.778040250017644e-06,1.524273942204674e-06,1.1789639325010413e-05
844,-0.010833333333333334,-0.0058333333333333327,-0.001,9.9419635048707927e-06,2.2026890397345002e-06,2.1936706770925224e-05
845,-0.01,-0.0058333333333333327,-0.001,1.3155341146427036e-05,2.2330270098890213e-06,3.4212119231837223e-05
846,-0.0091666666666666667,-0.0058333333333333327,-0.001,1.1903003708395134e-05,-1.0407002416249474e-06,4.3522220182854155e-05
847,-0.0083333333333333332,-0.0058333333333333327,-0.001,7.2821139357316607e-06,-1.1375830302387758e-05,4.5572903279348112e-05
848,-0.0074999999999999997,-0.0058333333333333327,-0.001,3.4874737895856053e-06,-2.8567974939180032e-05,3.6542390288564098e-05
849,-0.0066666666666666662,-0.0058333333333333327,-0.001,6.6941959759569989e-07,-4.7791018951845746e-05,-4.457266038570051e-06
850,-0.0058333333333333327,-0.0058333333333333327,-0.001,-6.4065429133107151e-06,-6.4683598219138604e-05,-0.00011882177431585814
851,-0.0049999999999999992,-0.0058333333333333327,-0.001,-2.8097252434623828e-05,-9.7672678533165509e-05,-0.00031527052529195271
852,-0.0041666666666666657,-0.0058333333333333327,-0.001,-3.930483639835976e-05,-0.00014822502450378055,-0.00050651536244085654
853,-0.003333333333333334,-0.0058333333333333327,-0.001,-8.549803200750082e-06,-0.00019762952367463008,-0.00064072160869207138
854,-0.0024999999999999988,-0.0058333333333333327,-0.001,4.575779005791004e-05,-0.00024914372739765107,-0.00077182649279014927
855,-0.001666666666666667,-0.0058333333333333327,-0.001,0.00012117190000332654,-0.00027704780587717466,-0.00089408335631643626
856,-0.00083333333333333176,-0.0058333333333333327,-0.001,0.0001668049721490899,-0.00028390403847725412,-0.00098792795341013555
857,0,-0.0058333333333333327,-0.001,0.00019391414238173604,-0.00026478166664938442,-0.0010132665495694707
858,0.00083333333333333523,-0.0058333333333333327,-0.001,0.00020517458447241046,-0.0002446775531183454,-0.00099142033477912892
859,0.001666666666666667,-0.0058333333333333327,-0.001,0.00019350905625369695,-0.00021265499694335548,-0.00092421270369665151
860,0.0025000000000000022,-0.0058333333333333327,-0.001,0.0001684914864457265,-0.00019189152792131115,-0.00085169214925482901
861,0.003333333333333334,-0.0058333333333333327,-0.001,0.00013891391624325315,-0.00014893047620829767,-0.0007016866769085781
862,0.0041666666666666692,-0.0058333333333333327,-0.001,0.00011479425959519998,-8.1624963366117297e-05,-0.00046848653503166318
863,0.005000000000000001,-0.0058333333333333327,-0.001,9.1952292892731474e-05,-2.6851731644588553e-05,-0.00025318341779334964
864,0.0058333333333333362,-0.0058333333333333327,-0.001,6.5977931511659375e-05,-3.1942011130871198e-06,-0.00011249376581867336
865,0.006666666666666668,-0.0058333333333333327,-0.001,4.0499665790362383e-05,-9.3093188295143991e-07,-4.15256180429375e-05
866,0.0074999999999999997,-0.0058333333333333327,-0.001,2.1748584039144947e-05,5.289348970959086e-06,2.913293849404511e-05
867,0.008333333333333335,-0.0058333333333333327,-0.001,6.5417718199410106e-06,5.3632238887371364e-06,2.7919611891582326e-05
868,0.0091666666666666667,-0.0058333333333333327,-0.001,-5.9153676235157924e-06,4.3331038786107624e-06,2.2946708139501736e-05
869,0.010000000000000002,-0.0058333333333333327,-0.001,-9.1836658878077572e-06,3.6455852030067349e-06,1.788309746720481e-05
870,0.010833333333333334,-0.0058333333333333327,-0.001,-8.36423801813469e-06,2.5892182157892092e-06,1.0659376850712893e-05
871,0.011666666666666669,-0.0058333333333333327,-0.001,-6.4673353189835928e-06,1.3322640027442722e-06,4.2810660529076132e-06
872,0.012500000000000001,-0.0058333333333333327,-0.001,-4.42595479136172e-06,7.3634990332929138e-07,1.3835630573622e-08
873,0.013333333333333332,-0.0058333333333333327,-0.001,-2.4269030620305096e-06,6.2067877948099236e-07,-1.674730252496873e-06
874,0.014166666666666671,-0.0058333333333333327,-0.001,4.0129654446681535e-07,3.0355521476763552e-07,-1.6661719686831143e-07
875,0.015000000000000003,-0.0058333333333333327,-0.001,0,0,0
876,0.015833333333333335,-0.0058333333333333327,-0.001,0,0,0
877,0.016666666666666666,-0.0058333333333333327,-0.001,0,0,0
878,0.017500000000000005,-0.0058333333333333327,-0.001,0,0,0
879,0.018333333333333337,-0.0058333333333333327,-0.001,0,0,0
880,0.019166666666666669,-0.0058333333333333327,-0.001,0,0,0
881,0.02,-0.0058333333333333327,-0.001,0,0,0
882,-0.02,-0.0049999999999999992,-0.001,0,0,0
883,-0.019166666666666669,-0.0049999999999999992,-0.001,0,0,0
884,-0.018333333333333333,-0.0049999999999999992,-0.001,0,0,0
885,-0.017500000000000002,-0.0049999999999999992,-0.001,0,0,0
886,-0.016666666666666666,-0.0049999999999999992,-0.001,0,0,0
887,-0.015833333333333335,-0.0049999999999999992,-0.001,0,0,0
888,-0.014999999999999999,-0.0049999999999999992,-0.001,0,0,0
889,-0.014166666666666668,-0.0049999999999999992,-0.001,3.18382054180206e-07,2.147494603905079e-07,5.9339682642499744e-07
890,-0.013333333333333332,-0.0049999999999999992,-0.001,2.9921625954480379e-06,6.0754287508385446e-07,1.355805752479666e-06
891,-0.012500000000000001,-0.0049999999999999992,-0.001,5.2731187512523526e-06,8.1223772016966638e-07,5.5226277008403435e-06
892,-0.011666666666666667,-0.0049999999999999992,-0.001,8.2414647980746636e-06,1.2520774510367582e-06,1.3171268057644071e-05
893,-0.010833333333333334,-0.0049999999999999992,-0.001,1.2075417459089953e-05,1.4512620327233353e-06,2.4459165045957448e-05
894,-0.01,-0.0049999999999999992,-0.001,1.459059953399435e-05,-8.4059028831400538e-08,3.6988394908127797e-05
895,-0.0091666666666666667,-0.0049999999999999992,-0.001,1.1447572380692491e-05,-7.1082714246169363e-06,4.256243276476588e-05
896,-0.0083333333333333332,-0.0049999999999999992,-0.001,5.2125803479583973e-06,-2.1524052785456157e-05,5.4736076836681622e-05
897,-0.0074999999999999997,-0.0049999999999999992,-0.001,-8.8527736292236844e-07,-4.0835849635431934e-05,1.8008979002512278e-05
898,-0.0066666666666666662,-0.0049999999999999992,-0.001,-1.0644714393135846e-05,-5.895407871409952e-05,-9.9384900288850559e-05
899,-0.0058333333333333327,-0.0049999999999999992,-0.001,-4.3090957656298218e-05,-8.8168911027386776e-05,-0.00031536285274333907
900,-0.0049999999999999992,-0.0049999999999999992,-0.001,-5.8757952547099689e-05,-0.00014519040860265026,-0.00051991327378918251
901,-0.0041666666666666657,-0.0049999999999999992,-0.001,-2.509374401146391e-05,-0.00021666270422343413,-0.00068989441188578961
902,-0.003333333333333334,-0.0049999999999999992,-0.001,3.5843191399114279e-05,-0.00029995080082706471,-0.00089878698916023533
903,-0.0024999999999999988,-0.0049999999999999992,-0.001,0.0001079812436642756,-0.00036734940479594074,-0.0011674880528353578
904,-0.001666666666666667,-0.0049999999999999992,-0.001,0.00017562547932113115,-0.00036885452604859916,-0.0013922290412740203
905,-0.00083333333333333176,-0.0049999999999999992,-0.001,0.00021744632705406459,-0.0003666928505331508,-0.0015381168083490049
906,0,-0.0049999999999999992,-0.001,0.00025936486651945796,-0.00034006617849012354,-0.0015633510611484682
907,0.00083333333333333523,-0.0049999999999999992,-0.001,0.00030381303580921508,-0.00030233761825943927,-0.0015062163397489246
908,0.001666666666666667,-0.0049999999999999992,-0.001,0.0003262736059338236,-0.00023638037153135566,-0.0013600561899587307
909,0.0025000000000000022,-0.0049999999999999992,-0.001,0.00030116489349738695,-0.00017207806833717196,-0.0011604976862356364
910,0.003333333333333334,-0.0049999999999999992,-0.001,0.0002466384525454238,-0.00016131284021351659,-0.00097759394102788161
911,0.0041666666666666692,-0.0049999999999999992,-0.001,0.00019465225709401908,-0.00014360379294344215,-0.00080917520669676634
912,0.005000000000000001,-0.0049999999999999992,-0.001,0.00014037048988953528,-6.7904989669140563e-05,-0.000522058514136604
913,0.0058333333333333362,-0.0049999999999999992,-0.001,9.7633546435499014e-05,-1.1727273089565147e-05,-0.00026447375119006847
914,0.006666666666666668,-0.0049999999999999992,-0.001,5.9556358823570897e-05,4.3198134377553442e-06,-9.9072352683793983e-05
915,0.0074999999999999997,-0.0049999999999999992,-0.001,3.4727422306371887e-05,3.8281427344884374e-06,-3.1878666264521048e-05
916,0.008333333333333335,-0.0049999999999999992,-0.001,1.5349481402877964e-05,8.8367480769326171e-06,3.0718740861855289e-05
917,0.0091666666666666667,-0.0049999999999999992,-0.001,-1.6320778599747901e-06,5.2426927558996742e-06,1.9066517791250482e-05
918,0.010000000000000002,-0.0049999999999999992,-0.001,-9.117280709707487e-06,3.7533920818533746e-06,1.6805155642830292e-05
919,0.010833333333333334,-0.0049999999999999992,-0.001,-9.5750938752342859e-06,2.7203766517604085e-06,1.0521931849632403e-05
920,0.011666666666666669,-0.0049999999999999992,-0.001,-7.6002788114170369e-06,1.4465441029048569e-06,3.9450875978695729e-06
921,0.012500000000000001,-0.0049999999999999992,-0.001,-5.2716887716777635e-06,7.1581021303641372e-07,-7.3715280149205245e-07
922,0.013333333333333332,-0.0049999999999999992,-0.001,-2.7125296891330421e-06,5.1908728561783893e-07,-2.5777831563790553e-06
923,0.014166666666666671,-0.0049999999999999992,-0.001,7.7287666843685259e-07,2.7101306450452452e-07,-4.34829841672319e-07
924,0.015000000000000003,-0.0049999999999999992,-0.001,0,0,0
925,0.015833333333333335,-0.0049999999999999992,-0.001,0,0,0
926,0.016666666666666666,-0.0049999999999999992,-0.001,0,0,0
927,0.017500000000000005,-0.0049999999999999992,-0.001,0,0,0
928,0.018333333333333337,-0.0049999999999999992,-0.001,0,0,0
929,0.019166666666666669,-0.0049999999999999992,-0.001,0,0,0
930,0.02,-0.0049999999999999992,-0.001,0,0,0
931,-0.02,-0.0041666666666666657,-0.001,0,0,0
932,-0.019166666666666669,-0.0041666666666666657,-0.001,0,0,0
933,-0.018333333333333333,-0.0041666666666666657,-0.001,0,0,0
934,-0.017500000000000002,-0.0041666666666666657,-0.001,0,0,0
935,-0.016666666666666666,-0.0041666666666666657,-0.001,0,0,0
936,-0.015833333333333335,-0.0041666666666666657,-0.001,0,0,0
937,-0.014999999999999999,-0.0041666666666666657,-0.001,0,0,0
938,-0.014166666666666668,-0.0041666666666666657,-0.001,1.337146442220835e-07,1.8769421896629403e-07,5.4429227319721558e-07
939,-0.013333333333333332,-0.0041666666666666657,-0.001,3.4452770312786595e-06,5.6869425189430645e-07,1.1989106247566203e-06
940,-0.012500000000000001,-0.0041666666666666657,-0.001,6.2319233157439088e-06,6.6675580707985086e-07,5.7639244625595678e-06
941,-0.011666666666666667,-0.0041666666666666657,-0.001,9.5521175625174189e-06,6.5029507318329239e-07,1.4115259979796801e-05
942,-0.010833333333333334,-0.0041666666666666657,-0.001,1.3882938962682875e-05,-2.552412273206429e-07,2.6110839615911779e-05
943,-0.01,-0.0041666666666666657,-0.001,1.5206729263151502e-05,-3.6430201706600354e-06,3.7239208143633656e-05
944,-0.0091666666666666667,-0.0041666666666666657,-0.001,8.1988701276135688e-06,-1.5113327306513873e-05,5.6529225223936276e-05
945,-0.0083333333333333332,-0.0041666666666666657,-0.001,-4.8422253437713863e-07,-3.4007880836726693e-05,3.2811991407410134e-05
946,-0.0074999999999999997,-0.0041666666666666657,-0.001,-8.6025426087805982e-06,-5.0540007197895892e-05,-4.3236343183877269e-05
947,-0.0066666666666666662,-0.0041666666666666657,-0.001,-3.7378493475043645e-05,-7.0396473118819656e-05,-0.00024534284423583517
948,-0.0058333333333333327,-0.0041666666666666657,-0.001,-7.0635181774735364e-05,-0.00012289291342557518,-0.00048009395806740288
949,-0.0049999999999999992,-0.0041666666666666657,-0.001,-6.5505725921775995e-05,-0.000206756608612418,-0.00067172032020729102
950,-0.0041666666666666657,-0.0041666666666666657,-0.001,-1.4161587701318121e-05,-0.00031987150530396225,-0.00095446625103336527
951,-0.003333333333333334,-0.0041666666666666657,-0.001,5.5872395810700794e-05,-0.0004040297285544599,-0.0013580231900542927
952,-0.0024999999999999988,-0.0041666666666666657,-0.001,4.7597063380602699e-05,-0.0004228985656389614,-0.0017644038511970463
953,-0.001666666666666667,-0.0041666666666666657,-0.001,2.4369206826297743e-05,-0.00046465716934860496,-0.0020634573618430641
954,-0.00083333333333333176,-0.0041666666666666657,-0.001,7.1234733532350193e-05,-0.00044461087145792417,-0.0022001790750150914
955,0,-0.0041666666666666657,-0.001,0.00014896554061159066,-0.00043196118574339925,-0.0022395392028003061
956,0.00083333333333333523,-0.0041666666666666657,-0.001,0.00023133739880461753,-0.00039701046522063556,-0.0021936422321009422
957,0.001666666666666667,-0.0041666666666666657,-0.001,0.00030538307655388302,-0.00031499346623526102,-0.0020228077468600492
958,0.0025000000000000022,-0.0041666666666666657,-0.001,0.0003745793550982467,-0.00017701055611862558,-0.0016893060531608637
959,0.003333333333333334,-0.0041666666666666657,-0.001,0.00037147188211414161,-0.00011261620626638965,-0.0013346923567490049
960,0.0041666666666666692,-0.0041666666666666657,-0.001,0.00030304492562592647,-0.00011158748478099859,-0.0010788212086786954
961,0.005000000000000001,-0.0041666666666666657,-0.001,0.00022049410778111374,-0.00010619140402290881,-0.00082741521970881729
962,0.0058333333333333362,-0.0041666666666666657,-0.001,0.00014427588052083438,-3.0746167915428293e-05,-0.00047818542194800182
963,0.006666666666666668,-0.0041666666666666657,-0.001,8.3780233049344458e-05,9.2463933131823305e-06,-0.00021069245672858817
964,0.0074999999999999997,-0.0041666666666666657,-0.001,4.7449575923179968e-05,1.2828731486459989e-05,-7.7441682048954186e-05
965,0.008333333333333335,-0.0041666666666666657,-0.001,2.2932318605581401e-05,1.1950829560359452e-05,1.2069743967459958e-05
966,0.0091666666666666667,-0.0041666666666666657,-0.001,5.5614385331171876e-06,8.4074189177726678e-06,2.9098616802684382e-05
967,0.010000000000000002,-0.0041666666666666657,-0.001,-7.8634076443353668e-06,5.1588122248756143e-06,1.5367113268748158e-05
968,0.010833333333333334,-0.0041666666666666657,-0.001,-1.0489751376240922e-05,2.8437430040984846e-06,9.9769670614406826e-06
969,0.011666666666666669,-0.0041666666666666657,-0.001,-8.7084660326577687e-06,1.6967773107000103e-06,3.3089500568136566e-06
970,0.012500000000000001,-0.0041666666666666657,-0.001,-6.1475266025932565e-06,7.6753929619152017e-07,-1.6101680016241304e-06
971,0.013333333333333332,-0.0041666666666666657,-0.001,-2.9796161443053803e-06,4.3817642836556548e-07,-3.5287357113305091e-06
972,0.014166666666666671,-0.0041666666666666657,-0.001,1.2468936911509878e-06,2.2967762885374455e-07,-7.9435401032055994e-07
973,0.015000000000000003,-0.0041666666666666657,-0.001,0,0,0
974,0.015833333333333335,-0.0041666666666666657,-0.001,0,0,0
975,0.016666666666666666,-0.0041666666666666657,-0.001,0,0,0
976,0.017500000000000005,-0.0041666666666666657,-0.001,0,0,0
977,0.018333333333333337,-0.0041666666666666657,-0.001,0,0,0
978,0.019166666666666669,-0.0041666666666666657,-0.001,0,0,0
979,0.02,-0.0041666666666666657,-0.001,0,0,0
980,-0.02,-0.003333333333333334,-0.001,0,0,0
981,-0.019166666666666669,-0.003333333333333334,-0.001,0,0,0
982,-0.018333333333333333,-0.003333333333333334,-0.001,0,0,0
983,-0.017500000000000002,-0.003333333333333334,-0.001,0,0,0
984,-0.016666666666666666,-0.003333333333333334,-0.001,0,0,0
985,-0.015833333333333335,-0.003333333333333334,-0.001,0,0,0
986,-0.014999999999999999,-0.003333333333333334,-0.001,0,0,0
987,-0.014166666666666668,-0.003333333333333334,-0.001,-1.7281687508264153e-08,1.520105873583995e-07,5.0006579602701103e-07
988,-0.013333333333333332,-0.003333333333333334,-0.001,3.8575122100663641e-06,4.745580011394007e-07,1.0143274752480129e-06
989,-0.012500000000000001,-0.003333333333333334,-0.001,7.1060142057940951e-06,4.1875297269519805e-07,5.8338967495416946e-06
990,-0.011666666666666667,-0.003333333333333334,-0.001,1.0804729857090545e-05,-6.5527082583172729e-08,1.4635398205787415e-05
991,-0.010833333333333334,-0.003333333333333334,-0.001,1.4964849498109277e-05,-1.908792890459637e-06,2.6523786852459522e-05
992,-0.01,-0.003333333333333334,-0.001,1.4420951908586349e-05,-5.7073677553558316e-06,3.4220235882451803e-05
993,-0.0091666666666666667,-0.003333333333333334,-0.001,6.3270015474357217e-06,-2.1658601041169788e-05,3.8536321517634807e-05
994,-0.0083333333333333332,-0.003333333333333334,-0.001,-6.2626285230656156e-06,-4.1176338587796852e-05,1.0215244817617638e-05
995,-0.0074999999999999997,-0.003333333333333334,-0.001,-2.7523432327363061e-05,-5.4852707280613759e-05,-0.00014511751418257456
996,-0.0066666666666666662,-0.003333333333333334,-0.001,-6.6256286068837615e-05,-8.5633684497454104e-05,-0.00039444037977005522
997,-0.0058333333333333327,-0.003333333333333334,-0.001,-9.0634068449685468e-05,-0.00017236858631453859,-0.00058043919424832834
998,-0.0049999999999999992,-0.003333333333333334,-0.001,-7.2761160918728202e-05,-0.00029741768242341407,-0.0008910387499654472
999,-0.0041666666666666657,-0.003333333333333334,-0.001,-5.9370315287207674e-05,-0.00039313142042849753,-0.0013678146866150191
1000,-0.003333333333333334,-0.003333333333333334,-0.001,-0.00012562233000252117,-0.00042351364043513774,-0.0019187459071323128
1001,-0.0024999999999999988,-0.003333333333333334,-0.001,-0.00011713981433392236,-0.00042321641181893797,-0.0022410451988518088
1002,-0.001666666666666667,-0.003333333333333334,-0.001,-5.4433253164913626e-05,-0.00041515639094513837,-0.002431199427324358
1003,-0.00083333333333333176,-0.003333333333333334,-0.001,2.1422680618182822e-05,-0.00039488206520941116,-0.0025272632895305381
1004,0,-0.003333333333333334,-0.001,0.00010900326415508374,-0.00036919589462333446,-0.0025673519411402628
1005,0.00083333333333333523,-0.003333333333333334,-0.001,0.00020474479102937192,-0.0003520744333183111,-0.0025411223681108836
1006,0.001666666666666667,-0.003333333333333334,-0.001,0.00029756484488646266,-0.00030678278074340343,-0.0024456404773576267
1007,0.0025000000000000022,-0.003333333333333334,-0.001,0.00037662880423372877,-0.00023454876418732231,-0.0022455643664151411
1008,0.003333333333333334,-0.003333333333333334,-0.001,0.00040344226805968177,-7.7632736885322744e-05,-0.0018235980000758461
1009,0.0041666666666666692,-0.003333333333333334,-0.001,0.00036393211852737121,-4.5940396242121868e-05,-0.0013951936856326393
1010,0.005000000000000001,-0.003333333333333334,-0.001,0.00031132045588878692,-0.00010403060102478575,-0.0011147471696549812
1011,0.0058333333333333362,-0.003333333333333334,-0.001,0.00020795371541326967,-5.1857985403878634e-05,-0.00071565363212924328
1012,0.006666666666666668,-0.003333333333333334,-0.001,0.00011550820743307163,1.0302795114812065e-05,-0.00035092424795430018
1013,0.0074999999999999997,-0.003333333333333334,-0.001,5.5833258516269595e-05,2.55252566921816e-05,-0.00012900377878306718
1014,0.008333333333333335,-0.003333333333333334,-0.001,3.3066795606001387e-05,1.5023803426154068e-05,-4.4054777736157257e-05
1015,0.0091666666666666667,-0.003333333333333334,-0.001,1.0204921178984732e-05,1.383655001145636e-05,3.0159674373979179e-05
1016,0.010000000000000002,-0.003333333333333334,-0.001,-6.2110351780888299e-06,7.7058338286168351e-06,1.2598381079824103e-05
1017,0.010833333333333334,-0.003333333333333334,-0.001,-1.0960861175684034e-05,3.479733945829901e-06,9.2060208408816984e-06
1018,0.011666666666666669,-0.003333333333333334,-0.001,-9.8457960280610518e-06,2.0650024670796252e-06,2.6503822504765846e-06
1019,0.012500000000000001,-0.003333333333333334,-0.001,-6.8979526344215638e-06,8.4152312970698436e-07,-2.5205835871431654e-06
1020,0.013333333333333332,-0.003333333333333334,-0.001,-3.2173747257857184e-06,3.8665184146392862e-07,-4.4718479648365086e-06
1021,0.014166666666666671,-0.003333333333333334,-0.001,1.716757695562555e-06,2.0824265562986187e-07,-1.2031476148742652e-06
1022,0.015000000000000003,-0.003333333333333334,-0.001,0,0,0
1023,0.015833333333333335,-0.003333333333333334,-0.001,0,0,0
1024,0.016666666666666666,-0.003333333333333334,-0.001,0,0,0
1025,0.017500000000000005,-0.003333333333333334,-0.001,0,0,0
1026,0.018333333333333337,-0.003333333333333334,-0.001,0,0,0
1027,0.019166666666666669,-0.003333333333333334,-0.001,0,0,0
1028,0.02,-0.003333333333333334,-0.001,0,0,0
1029,-0.02,-0.0024999999999999988,-0.001,0,0,0
1030,-0.019166666666666669,-0.0024999999999999988,-0.001,0,0,0
1031,-0.018333333333333333,-0.0024999999999999988,-0.001,0,0,0
1032,-0.017500000000000002,-0.0024999999999999988,-0.001,0,0,0
1033,-0.016666666666666666,-0.0024999999999999988,-0.001,0,0,0
1034,-0.015833333333333335,-0.0024999999999999988,-0.001,0,0,0
1035,-0.014999999999999999,-0.0024999999999999988,-0.001,0,0,0
1036,-0.014166666666666668,-0.0024999999999999988,-0.001,-1.232830394965203e-07,8.793117332192812e-08,4.6708625455816983e-07
1037,-0.013333333333333332,-0.0024999999999999988,-0.001,4.2168904889061428e-06,3.1402543694443409e-07,7.9619759865572914e-07
1038,-0.012500000000000001,-0.0024999999999999988,-0.001,7.8725833372531153e-06,1.0603758747301361e-07,5.7281938049109785e-06
1039,-0.011666666666666667,-0.0024999999999999988,-0.001,1.1951548230094036e-05,-9.4296342610476549e-07,1.4796557698104034e-05
1040,-0.010833333333333334,-0.0024999999999999988,-0.001,1.5606467361848945e-05,-3.2692804761966989e-06,2.6342395667531883e-05
1041,-0.01,-0.0024999999999999988,-0.001,1.2818670334787027e-05,-9.5811219032601103e-06,3.2446759057687338e-05
1042,-0.0091666666666666667,-0.0024999999999999988,-0.001,2.9696028673916357e-06,-2.8963842874372854e-05,4.1787707731205399e-05
1043,-0.0083333333333333332,-0.0024999999999999988,-0.001,-1.4532068377348023e-05,-4.6605048059705465e-05,-2.7236254301967428e-05
1044,-0.0074999999999999997,-0.0024999999999999988,-0.001,-4.7221742744918169e-05,-5.721473670323351e-05,-0.00023967700471103309
1045,-0.0066666666666666662,-0.0024999999999999988,-0.001,-8.067462542170876e-05,-0.00011082252804774288,-0.00045717126916063592
1046,-0.0058333333333333327,-0.0024999999999999988,-0.001,-0.0001143065487111858,-0.00022514991034612309,-0.00069719103381617978
1047,-0.0049999999999999992,-0.0024999999999999988,-0.001,-0.00012081163369517448,-0.00036932443583500587,-0.0011459549443064365
1048,-0.0041666666666666657,-0.0024999999999999988,-0.001,-0.00019366441586663724,-0.00037408671400115186,-0.0018135957978798226
1049,-0.003333333333333334,-0.0024999999999999988,-0.001,-0.00021941745449046893,-0.00037592159192714411,-0.0022355275149725825
1050,-0.0024999999999999988,-0.0024999999999999988,-0.001,-0.00016909958886277259,-0.0003548609722466323,-0.002486616859778812
1051,-0.001666666666666667,-0.0024999999999999988,-0.001,-9.2026278522281779e-05,-0.00032337795193722091,-0.0026535773117080164
1052,-0.00083333333333333176,-0.0024999999999999988,-0.001,-3.4633801320805677e-06,-0.00028223878712242326,-0.0027574123484785901
1053,0,-0.0024999999999999988,-0.001,7.6300513542937814e-05,-0.00025138424402049598,-0.0027875217202706407
1054,0.00083333333333333523,-0.0024999999999999988,-0.001,0.00015983300960068517,-0.00023979309270535121,-0.0027794985469741409
1055,0.001666666666666667,-0.0024999999999999988,-0.001,0.00026233636960603659,-0.00022793214432298751,-0.0027120705006714969
1056,0.0025000000000000022,-0.0024999999999999988,-0.001,0.00036669348469965608,-0.0001889039548623001,-0.0025534117719091388
1057,0.003333333333333334,-0.0024999999999999988,-0.001,0.00042075735644681413,-9.5966710072527248e-05,-0.0022425349176323469
1058,0.0041666666666666692,-0.0024999999999999988,-0.001,0.00040776625379236044,1.5787895268699022e-05,-0.0017131346486427958
1059,0.005000000000000001,-0.0024999999999999988,-0.001,0.00038639362322850804,-6.4110084770863663e-05,-0.0013527003647637423
1060,0.0058333333333333362,-0.0024999999999999988,-0.001,0.00027783313387476035,-4.9241350851767051e-05,-0.00093560800568376682
1061,0.006666666666666668,-0.0024999999999999988,-0.001,0.0001519578811388994,1.101938558579973e-05,-0.00049769386374736487
1062,0.0074999999999999997,-0.0024999999999999988,-0.001,7.1379805954485505e-05,3.511108378297788e-05,-0.00020510723184801759
1063,0.008333333333333335,-0.0024999999999999988,-0.001,3.7414408040759131e-05,2.3832167652282649e-05,-7.0889197964016726e-05
1064,0.0091666666666666667,-0.0024999999999999988,-0.001,1.2806038917082409e-05,2.0132306729396188e-05,3.0415232626210063e-05
1065,0.010000000000000002,-0.0024999999999999988,-0.001,-4.6335214872007624e-06,1.1126779069325067e-05,1.6204556019410519e-05
1066,0.010833333333333334,-0.0024999999999999988,-0.001,-1.195970289538795e-05,4.7841216873161746e-06,9.4466378974166149e-06
1067,0.011666666666666669,-0.0024999999999999988,-0.001,-1.1051891507527152e-05,2.3158386611460457e-06,2.2559643853854258e-06
1068,0.012500000000000001,-0.0024999999999999988,-0.001,-7.5629056302393515e-06,8.9409042217745544e-07,-3.3809429833223192e-06
1069,0.013333333333333332,-0.0024999999999999988,-0.001,-3.3393898558898406e-06,3.0336316734916634e-07,-5.3308744042874033e-06
1070,0.014166666666666671,-0.0024999999999999988,-0.001,2.1524689420348803e-06,1.9572130902788508e-07,-1.6165781925813117e-06
1071,0.015000000000000003,-0.0024999999999999988,-0.001,0,0,0
1072,0.015833333333333335,-0.0024999999999999988,-0.001,0,0,0
1073,0.016666666666666666,-0.0024999999999999988,-0.001,0,0,0
1074,0.017500000000000005,-0.0024999999999999988,-0.001,0,0,0
1075,0.018333333333333337,-0.0024999999999999988,-0.001,0,0,0
1076,0.019166666666666669,-0.0024999999999999988,-0.001,0,0,0
1077,0.02,-0.0024999999999999988,-0.001,0,0,0
1078,-0.02,-0.001666666666666667,-0.001,0,0,0
1079,-0.019166666666666669,-0.001666666666666667,-0.001,0,0,0
1080,-0.018333333333333333,-0.001666666666666667,-0.001,0,0,0
1081,-0.017500000000000002,-0.001666666666666667,-0.001,0,0,0
1082,-0.016666666666666666,-0.001666666666666667,-0.001,0,0,0
1083,-0.015833333333333335,-0.001666666666666667,-0.001,0,0,0
1084,-0.014999999999999999,-0.001666666666666667,-0.001,0,0,0
1085,-0.014166666666666668,-0.001666666666666667,-0.001,-2.1746804844126029e-07,-1.1102594409193471e-08,4.2020790690798555e-07
1086,-0.013333333333333332,-0.001666666666666667,-0.001,4.5113551950716835e-06,9.3606798941213754e-08,5.3887715938501447e-07
1087,-0.012500000000000001,-0.001666666666666667,-0.001,8.4996695798378672e-06,-3.1331421942949668e-07,5.4463526048511314e-06
1088,-0.011666666666666667,-0.001666666666666667,-0.001,1.275802655228837e-05,-1.8228248276854314e-06,1.4604694478384433e-05
1089,-0.010833333333333334,-0.001666666666666667,-0.001,1.6101717514214836e-05,-4.9523114773292697e-06,2.5834686754059108e-05
1090,-0.01,-0.001666666666666667,-0.001,1.1240956131143527e-05,-1.3593872137199658e-05,3.2513982171494104e-05
1091,-0.0091666666666666667,-0.001666666666666667,-0.001,2.6707392818524746e-07,-3.3805419743347561e-05,4.8682911449686923e-05
1092,-0.0083333333333333332,-0.001666666666666667,-0.001,-2.5924916268056018e-05,-4.6373338325425907e-05,-6.3260047096851756e-05
1093,-0.0074999999999999997,-0.001666666666666667,-0.001,-7.0247947040481457e-05,-6.057518605266299e-05,-0.00032392613612100302
1094,-0.0066666666666666662,-0.001666666666666667,-0.001,-0.00010192259678968861,-0.00014177339269219995,-0.00051482220304325914
1095,-0.0058333333333333327,-0.001666666666666667,-0.001,-0.00015192086122517326,-0.00026759024526269899,-0.00084928350102543299
1096,-0.0049999999999999992,-0.001666666666666667,-0.001,-0.00018549910079458104,-0.00036323775995351465,-0.0014167312846885718
1097,-0.0041666666666666657,-0.001666666666666667,-0.001,-0.00030559380050127849,-0.00031710413246966422,-0.0020689758061220253
1098,-0.003333333333333334,-0.001666666666666667,-0.001,-0.0002814638245494956,-0.00030020128923155645,-0.0023982087666572249
1099,-0.0024999999999999988,-0.001666666666666667,-0.001,-0.00020214476354195473,-0.00026334785448935957,-0.0026373786265359912
1100,-0.001666666666666667,-0.001666666666666667,-0.001,-9.1765778912884116e-05,-0.00022371436361351128,-0.0027940751205744354
1101,-0.00083333333333333176,-0.001666666666666667,-0.001,-6.272651889078378e-06,-0.00016423009482307259,-0.0028505634158767822
1102,0,-0.001666666666666667,-0.001,5.7231286556175037e-05,-0.00011309331697813052,-0.0028573726998011762
1103,0.00083333333333333523,-0.001666666666666667,-0.001,0.00011478343802013888,-0.00010396546774989148,-0.0028868879219025624
1104,0.001666666666666667,-0.001666666666666667,-0.001,0.00021012075481205341,-0.00010807094363646903,-0.0028601691102645406
1105,0.0025000000000000022,-0.001666666666666667,-0.001,0.00033385289180873151,-9.7191678945502926e-05,-0.0027407731968723619
1106,0.003333333333333334,-0.001666666666666667,-0.001,0.00042675958856406557,-4.7215724045615491e-05,-0.0024887876182848948
1107,0.0041666666666666692,-0.001666666666666667,-0.001,0.00042738692193964597,6.1028051907055449e-05,-0.0019817561434335037
1108,0.005000000000000001,-0.001666666666666667,-0.001,0.00044197686027771014,-7.1216601455689547e-07,-0.0015568661531629728
1109,0.0058333333333333362,-0.001666666666666667,-0.001,0.00032960066813866781,-2.2922600044103277e-05,-0.0011021499217249099
1110,0.006666666666666668,-0.001666666666666667,-0.001,0.00018624695183589533,2.3297864551991569e-05,-0.00061951610779968289
1111,0.0074999999999999997,-0.001666666666666667,-0.001,8.1318468915910017e-05,4.5665868440559412e-05,-0.00027161017326273108
1112,0.008333333333333335,-0.001666666666666667,-0.001,3.4452977049034555e-05,3.7147927782616747e-05,-8.6635291341412136e-05
1113,0.0091666666666666667,-0.001666666666666667,-0.001,1.4615114932018865e-05,2.4867414949756482e-05,8.5597451281167116e-06
1114,0.010000000000000002,-0.001666666666666667,-0.001,-3.946768005990062e-06,1.5394071165875468e-05,2.6930019945914679e-05
1115,0.010833333333333334,-0.001666666666666667,-0.001,-1.312160925564941e-05,5.9023689048657179e-06,1.0429666284267191e-05
1116,0.011666666666666669,-0.001666666666666667,-0.001,-1.2090553558071869e-05,2.3027856699062192e-06,2.1526280013926576e-06
1117,0.012500000000000001,-0.001666666666666667,-0.001,-8.1184308140234724e-06,8.305266772943083e-07,-4.1412618839851759e-06
1118,0.013333333333333332,-0.001666666666666667,-0.001,-3.3464121803598568e-06,1.8557366461741692e-07,-6.0841385340436554e-06
1119,0.014166666666666671,-0.001666666666666667,-0.001,2.5939535037447301e-06,1.6563249119317959e-07,-1.9998078275446219e-06
1120,0.015000000000000003,-0.001666666666666667,-0.001,0,0,0
1121,0.015833333333333335,-0.001666666666666667,-0.001,0,0,0
1122,0.016666666666666666,-0.001666666666666667,-0.001,0,0,0
1123,0.017500000000000005,-0.001666666666666667,-0.001,0,0,0
1124,0.018333333333333337,-0.001666666666666667,-0.001,0,0,0
1125,0.019166666666666669,-0.001666666666666667,-0.001,0,0,0
1126,0.02,-0.001666666666666667,-0.001,0,0,0
1127,-0.02,-0.00083333333333333176,-0.001,0,0,0
1128,-0.019166666666666669,-0.00083333333333333176,-0.001,0,0,0
1129,-0.018333333333333333,-0.00083333333333333176,-0.001,0,0,0
1130,-0.017500000000000002,-0.00083333333333333176,-0.001,0,0,0
1131,-0.016666666666666666,-0.00083333333333333176,-0.001,0,0,0
1132,-0.015833333333333335,-0.00083333333333333176,-0.001,0,0,0
1133,-0.014999999999999999,-0.00083333333333333176,-0.001,0,0,0
1134,-0.014166666666666668,-0.00083333333333333176,-0.001,-3.6137943996391402e-07,-9.2790232867580001e-08,3.3369988708170442e-07
1135,-0.013333333333333332,-0.00083333333333333176,-0.001,4.6746697654043217e-06,-1.6201559971131213e-07,2.4384185355636527e-07
1136,-0.012500000000000001,-0.00083333333333333176,-0.001,8.8504292569721188e-06,-7.5000152467217458e-07,5.0466144224884866e-06
1137,-0.011666666666666667,-0.00083333333333333176,-0.001,1.3150488623132867e-05,-2.6925191225370513e-06,1.4092652828206368e-05
1138,-0.010833333333333334,-0.00083333333333333176,-0.001,1.5912441760123039e-05,-6.683043473617503e-06,2.4721100696440023e-05
1139,-0.01,-0.00083333333333333176,-0.001,8.7065305954098984e-06,-1.67702552821999e-05,3.2992293989220296e-05
1140,-0.0091666666666666667,-0.00083333333333333176,-0.001,-4.4275558205151002e-06,-3.6345248112380093e-05,3.8000383107101654e-05
1141,-0.0083333333333333332,-0.00083333333333333176,-0.001,-3.5701980115043605e-05,-4.499629460503236e-05,-9.8080623873093495e-05
1142,-0.0074999999999999997,-0.00083333333333333176,-0.001,-8.3025882769752641e-05,-6.2469756931907928e-05,-0.00035494489462264657
1143,-0.0066666666666666662,-0.00083333333333333176,-0.001,-0.00013510760408460794,-0.00016106190698689932,-0.0005609074921962663
1144,-0.0058333333333333327,-0.00083333333333333176,-0.001,-0.00019651420611384518,-0.00027898207154663981,-0.00096465115988505026
1145,-0.0049999999999999992,-0.00083333333333333176,-0.001,-0.00027594740880163444,-0.00029470143097910047,-0.0016200161831483395
1146,-0.0041666666666666657,-0.00083333333333333176,-0.001,-0.00036323078522824026,-0.00023757501584190419,-0.0021794468775296434
1147,-0.003333333333333334,-0.00083333333333333176,-0.001,-0.00030924039333595556,-0.00021049240627340012,-0.0024887089523133394
1148,-0.0024999999999999988,-0.00083333333333333176,-0.001,-0.00021291065242594258,-0.00017505841343545885,-0.0027367392410166231
1149,-0.001666666666666667,-0.00083333333333333176,-0.001,-7.8402656001771499e-05,-0.00013965285635682607,-0.0028338730337810923
1150,-0.00083333333333333176,-0.00083333333333333176,-0.001,9.5829360985061823e-06,-8.5134890158959796e-05,-0.002815536026313098
1151,0,-0.00083333333333333176,-0.001,4.2582208585541885e-05,-3.269488704727861e-05,-0.0028153897415401702
1152,0.00083333333333333523,-0.00083333333333333176,-0.001,7.2553668509379657e-05,-5.4082690041204627e-06,-0.0028651399370292385
1153,0.001666666666666667,-0.00083333333333333176,-0.001,0.00015487525510227425,-3.7907340497858981e-06,-0.0029115850893373283
1154,0.0025000000000000022,-0.00083333333333333176,-0.001,0.0002942672184759568,3.8588017425832152e-06,-0.0028187105068726353
1155,0.003333333333333334,-0.00083333333333333176,-0.001,0.00040891299137337433,4.0366631983571926e-05,-0.0025855267261929698
1156,0.0041666666666666692,-0.00083333333333333176,-0.001,0.00043815856133599268,9.9314826662383313e-05,-0.0021241737844257869
1157,0.005000000000000001,-0.00083333333333333176,-0.001,0.00045700727387580398,4.0324023548743815e-05,-0.0017055302388812273
1158,0.0058333333333333362,-0.00083333333333333176,-0.001,0.00036111523816422317,2.1819477176464841e-05,-0.0012114275317857462
1159,0.006666666666666668,-0.00083333333333333176,-0.001,0.0002017252818696616,4.7205234199357857e-05,-0.00068991764787624274
1160,0.0074999999999999997,-0.00083333333333333176,-0.001,8.2656004787136768e-05,5.8548111979480981e-05,-0.00030984461049795377
1161,0.008333333333333335,-0.00083333333333333176,-0.001,2.9957575690010739e-05,4.5917449728429635e-05,-0.000103436840343345
1162,0.0091666666666666667,-0.00083333333333333176,-0.001,1.2787901154395798e-05,2.8298777836258605e-05,1.341204973671653e-06
1163,0.010000000000000002,-0.00083333333333333176,-0.001,-6.7718442157867667e-06,1.6716651741664293e-05,2.8922849289020877e-05
1164,0.010833333333333334,-0.00083333333333333176,-0.001,-1.4732086187459221e-05,5.9593772357459995e-06,1.1200381697851707e-05
1165,0.011666666666666669,-0.00083333333333333176,-0.001,-1.3011892628441182e-05,1.8916972892264316e-06,1.8842372016962724e-06
1166,0.012500000000000001,-0.00083333333333333176,-0.001,-8.5213388747737606e-06,6.5867611060756497e-07,-4.8689770174754636e-06
1167,0.013333333333333332,-0.00083333333333333176,-0.001,-3.2926622254690444e-06,6.6034815348281802e-08,-6.746793030251511e-06
1168,0.014166666666666671,-0.00083333333333333176,-0.001,3.0046557600220341e-06,1.3709637963868124e-07,-2.3322779893759892e-06
1169,0.015000000000000003,-0.00083333333333333176,-0.001,0,0,0
1170,0.015833333333333335,-0.00083333333333333176,-0.001,0,0,0
1171,0.016666666666666666,-0.00083333333333333176,-0.001,0,0,0
1172,0.017500000000000005,-0.00083333333333333176,-0.001,0,0,0
1173,0.018333333333333337,-0.00083333333333333176,-0.001,0,0,0
1174,0.019166666666666669,-0.00083333333333333176,-0.001,0,0,0
1175,0.02,-0.00083333333333333176,-0.001,0,0,0
1176,-0.02,0,-0.001,0,0,0
1177,-0.019166666666666669,0,-0.001,0,0,0
1178,-0.018333333333333333,0,-0.001,0,0,0
1179,-0.017500000000000002,0,-0.001,0,0,0
1180,-0.016666666666666666,0,-0.001,0,0,0
1181,-0.015833333333333335,0,-0.001,0,0,0
1182,-0.014999999999999999,0,-0.001,0,0,0
1183,-0.014166666666666668,0,-0.001,-5.0162435608168154e-07,-1.2331262680172844e-07,2.3679332472315047e-07
1184,-0.013333333333333332,0,-0.001,4.6136460273972834e-06,-3.5133731760101713e-07,-4.8760085431844566e-08
1185,-0.012500000000000001,0,-0.001,8.8419760926208865e-06,-1.1195325336127244e-06,4.5543562078655491e-06
1186,-0.011666666666666667,0,-0.001,1.3021330978510986e-05,-3.4170056236852406e-06,1.3282485384438864e-05
1187,-0.010833333333333334,0,-0.001,1.5408006036286954e-05,-8.0697588142093943e-06,2.3223184478187962e-05
1188,-0.01,0,-0.001,6.6659148185746375e-06,-1.7644662238166386e-05,3.5166316243125459e-05
1189,-0.0091666666666666667,0,-0.001,-8.8735176470798921e-06,-3.5933337709767719e-05,3.5206427823399464e-05
1190,-0.0083333333333333332,0,-0.001,-4.3927756943495962e-05,-4.1737888044101495e-05,-0.00011545619383062314
1191,-0.0074999999999999997,0,-0.001,-9.3122976688316927e-05,-5.9525448739150781e-05,-0.0003590889816721776
1192,-0.0066666666666666662,0,-0.001,-0.00016334961834116427,-0.0001585798898259865,-0.00058690156333749332
1193,-0.0058333333333333327,0,-0.001,-0.00024731376472967063,-0.00025698090456880075,-0.0010222601897774282
1194,-0.0049999999999999992,0,-0.001,-0.00034535789991684451,-0.00021643765715851471,-0.0017021330139388891
1195,-0.0041666666666666657,0,-0.001,-0.00040006176679940815,-0.00015172471122343819,-0.0022106756687719298
1196,-0.003333333333333334,0,-0.001,-0.00033779131516516279,-0.00011803642903230477,-0.00252310420774141
1197,-0.0024999999999999988,0,-0.001,-0.00023418355911689672,-9.3245129759480957e-05,-0.0027572274935156846
1198,-0.001666666666666667,0,-0.001,-9.4966452080388531e-05,-7.9539180339120114e-05,-0.0028265669804687092
1199,-0.00083333333333333176,0,-0.001,-1.9639025100516957e-05,-5.1358306633047768e-05,-0.0027870828339138019
1200,0,0,-0.001,3.6617819677436438e-06,-3.3499467262712871e-06,-0.0028042941247758586
1201,0.00083333333333333523,0,-0.001,3.2332128378200894e-05,4.3944753576966817e-05,-0.0028291473953249331
1202,0.001666666666666667,0,-0.001,0.00012143550484419514,7.1357908951850176e-05,-0.0028976024215087381
1203,0.0025000000000000022,0,-0.001,0.00027202722503538024,0.00010370454138247555,-0.0028048819376235877
1204,0.003333333333333334,0,-0.001,0.00040403710491861399,0.00012760755205954487,-0.0025657071831427574
1205,0.0041666666666666692,0,-0.001,0.00044655498137507468,0.00014424665852659101,-0.0021710695798247835
1206,0.005000000000000001,0,-0.001,0.00044588135547949455,0.00010029914079566535,-0.0017352283867393516
1207,0.0058333333333333362,0,-0.001,0.00036630962210674453,7.5799722720458495e-05,-0.0012486449577735915
1208,0.006666666666666668,0,-0.001,0.00020466208313705083,7.7931615288103856e-05,-0.0007118473804042561
1209,0.0074999999999999997,0,-0.001,7.88940237310671e-05,7.1431014400475022e-05,-0.00031823712288388029
1210,0.008333333333333335,0,-0.001,2.4885424051427988e-05,5.2347323072477495e-05,-0.00010243490841819984
1211,0.0091666666666666667,0,-0.001,1.0570436511348953e-05,3.0412720798514316e-05,1.7456784194431952e-06
1212,0.010000000000000002,0,-0.001,-8.2916191152595025e-06,1.6770122211780213e-05,3.3620975653932285e-05
1213,0.010833333333333334,0,-0.001,-1.6005604177679871e-05,5.2135099720427916e-06,1.1544180733638865e-05
1214,0.011666666666666669,0,-0.001,-1.3355032013716915e-05,1.4343926207526816e-06,1.5109553568102273e-06
1215,0.012500000000000001,0,-0.001,-8.5805758147362218e-06,4.5219742273630404e-07,-5.5441797820741704e-06
1216,0.013333333333333332,0,-0.001,-3.1466584078631222e-06,-1.1814280843596257e-09,-7.2802851469472222e-06
1217,0.014166666666666671,0,-0.001,3.3168642734254285e-06,1.43420508034779e-07,-2.5941698246136177e-06
1218,0.015000000000000003,0,-0.001,0,0,0
1219,0.015833333333333335,0,-0.001,0,0,0
1220,0.016666666666666666,0,-0.001,0,0,0
1221,0.017500000000000005,0,-0.001,0,0,0
1222,0.018333333333333337,0,-0.001,0,0,0
1223,0.019166666666666669,0,-0.001,0,0,0
1224,0.02,0,-0.001,0,0,0
1225,-0.02,0.00083333333333333523,-0.001,0,0,0
1226,-0.019166666666666669,0.00083333333333333523,-0.001,0,0,0
1227,-0.018333333333333333,0.00083333333333333523,-0.001,0,0,0
1228,-0.017500000000000002,0.00083333333333333523,-0.001,0,0,0
1229,-0.016666666666666666,0.00083333333333333523,-0.001,0,0,0
1230,-0.015833333333333335,0.00083333333333333523,-0.001,0,0,0
1231,-0.014999999999999999,0.00083333333333333523,-0.001,0,0,0
1232,-0.014166666666666668,0.00083333333333333523,-0.001,-5.3975476006681259e-07,-1.1856787053852977e-07,1.754133327602554e-07
1233,-0.013333333333333332,0.00083333333333333523,-0.001,4.3667777089875535e-06,-4.2979538217569531e-07,-2.1424076169331473e-07
1234,-0.012500000000000001,0.00083333333333333523,-0.001,8.4042819751106154e-06,-1.3124464055197706e-06,4.0890217430183865e-06
1235,-0.011666666666666667,0.00083333333333333523,-0.001,1.236746800380174e-05,-3.8683711685405931e-06,1.215442370995896e-05
1236,-0.010833333333333334,0.00083333333333333523,-0.001,1.428821633838104e-05,-8.7029210504345169e-06,2.1151239306273309e-05
1237,-0.01,0.00083333333333333523,-0.001,5.8221787236115586e-06,-1.6998054078298055e-05,2.7851022867700231e-05
1238,-0.0091666666666666667,0.00083333333333333523,-0.001,-9.6526683155225976e-06,-3.3221475149542988e-05,3.533570268530585e-05
1239,-0.0083333333333333332,0.00083333333333333523,-0.001,-4.4035058166271009e-05,-3.7248045699626009e-05,-0.00010667034075669678
1240,-0.0074999999999999997,0.00083333333333333523,-0.001,-9.3111472256131225e-05,-4.9841109286800793e-05,-0.00034370150654253483
1241,-0.0066666666666666662,0.00083333333333333523,-0.001,-0.00017092137499444889,-0.00013420882644400202,-0.00056227282689416604
1242,-0.0058333333333333327,0.00083333333333333523,-0.001,-0.00026697027353936379,-0.00021924845479834141,-0.00098616215066402017
1243,-0.0049999999999999992,0.00083333333333333523,-0.001,-0.00036190514739053298,-0.00016075485743326416,-0.001644924521280343
1244,-0.0041666666666666657,0.00083333333333333523,-0.001,-0.00041357005044690901,-7.3284941758599217e-05,-0.0021838217757237975
1245,-0.003333333333333334,0.00083333333333333523,-0.001,-0.00036448558312093593,-2.8482344116985537e-05,-0.002483211181628182
1246,-0.0024999999999999988,0.00083333333333333523,-0.001,-0.00027550656302123121,-1.2739049535256237e-05,-0.0027328850733814849
1247,-0.001666666666666667,0.00083333333333333523,-0.001,-0.0001526098050499659,-8.7506760494503833e-06,-0.0028329937208049515
1248,-0.00083333333333333176,0.00083333333333333523,-0.001,-7.011632223138199e-05,-1.3495344062082551e-05,-0.0028079660182295128
1249,0,0.00083333333333333523,-0.001,-3.5764815103106266e-05,2.3933763120791709e-05,-0.0027965144908341428
1250,0.00083333333333333523,0.00083333333333333523,-0.001,7.0490270194210106e-06,8.1810284495979622e-05,-0.0028361106753097736
1251,0.001666666666666667,0.00083333333333333523,-0.001,0.00011552259350166288,0.0001381196044047399,-0.0028596720501876411
1252,0.0025000000000000022,0.00083333333333333523,-0.001,0.00026458520823562955,0.00018946623580702737,-0.0027389784689639883
1253,0.003333333333333334,0.00083333333333333523,-0.001,0.00037480308496758402,0.00020551309970421163,-0.0024782146334270108
1254,0.0041666666666666692,0.00083333333333333523,-0.001,0.00041233914967691763,0.00019566405552515272,-0.002100729026614265
1255,0.005000000000000001,0.00083333333333333523,-0.001,0.00041512475705896614,0.00016289878912748547,-0.0016919069829362818
1256,0.0058333333333333362,0.00083333333333333523,-0.001,0.00033765581132397054,0.00012636889354813153,-0.0012010160385282542
1257,0.006666666666666668,0.00083333333333333523,-0.001,0.00017106574426889484,0.00010496629503491906,-0.00065368158451272905
1258,0.0074999999999999997,0.00083333333333333523,-0.001,5.8509997303820356e-05,8.1679624204080217e-05,-0.00028682384509623574
1259,0.008333333333333335,0.00083333333333333523,-0.001,1.4335325755950744e-05,5.453360666219425e-05,-9.2405076518694803e-05
1260,0.0091666666666666667,0.00083333333333333523,-0.001,4.7165747002853722e-06,3.0552228300289401e-05,7.3575538872110973e-06
1261,0.010000000000000002,0.00083333333333333523,-0.001,-1.2189637335735539e-05,1.595033519975116e-05,3.0255573887081869e-05
1262,0.010833333333333334,0.00083333333333333523,-0.001,-1.7109082291946876e-05,4.0140562752372769e-06,1.1078607945767412e-05
1263,0.011666666666666669,0.00083333333333333523,-0.001,-1.3595662354774184e-05,8.8468033463905121e-07,8.904732818901673e-07
1264,0.012500000000000001,0.00083333333333333523,-0.001,-8.4817244555093784e-06,2.6603281107704446e-07,-6.0388261361852195e-06
1265,0.013333333333333332,0.00083333333333333523,-0.001,-2.9305350423534846e-06,-2.8252668605757778e-08,-7.6026582608916486e-06
1266,0.014166666666666671,0.00083333333333333523,-0.001,3.4747958088016123e-06,1.967314866250059e-07,-2.7248656881957311e-06
1267,0.015000000000000003,0.00083333333333333523,-0.001,0,0,0
1268,0.015833333333333335,0.00083333333333333523,-0.001,0,0,0
1269,0.016666666666666666,0.00083333333333333523,-0.001,0,0,0
1270,0.017500000000000005,0.00083333333333333523,-0.001,0,0,0
1271,0.018333333333333337,0.00083333333333333523,-0.001,0,0,0
1272,0.019166666666666669,0.00083333333333333523,-0.001,0,0,0
1273,0.02,0.00083333333333333523,-0.001,0,0,0
1274,-0.02,0.001666666666666667,-0.001,0,0,0
1275,-0.019166666666666669,0.001666666666666667,-0.001,0,0,0
1276,-0.018333333333333333,0.001666666666666667,-0.001,0,0,0
1277,-0.017500000000000002,0.001666666666666667,-0.001,0,0,0
1278,-0.016666666666666666,0.001666666666666667,-0.001,0,0,0
1279,-0.015833333333333335,0.001666666666666667,-0.001,0,0,0
1280,-0.014999999999999999,0.001666666666666667,-0.001,0,0,0
1281,-0.014166666666666668,0.001666666666666667,-0.001,-4.3567445079681504e-07,-1.1400719686714146e-07,2.0086513514190171e-07
1282,-0.013333333333333332,0.001666666666666667,-0.001,4.0866229127357126e-06,-4.3686410125334111e-07,-1.3453446269140519e-07
1283,-0.012500000000000001,0.001666666666666667,-0.001,7.709104313930649e-06,-1.2851680935484352e-06,3.8246641266793879e-06
1284,-0.011666666666666667,0.001666666666666667,-0.001,1.1304159431145104e-05,-3.7216634847583219e-06,1.1207726270813308e-05
1285,-0.010833333333333334,0.001666666666666667,-0.001,1.3112285550994692e-05,-8.1608198458142534e-06,1.9590533284395451e-05
1286,-0.01,0.001666666666666667,-0.001,5.3075712619948305e-06,-1.4951026756956264e-05,2.1967660913308302e-05
1287,-0.0091666666666666667,0.001666666666666667,-0.001,-1.2124684784994266e-05,-2.9585790069896234e-05,3.3667792220666538e-05
1288,-0.0083333333333333332,0.001666666666666667,-0.001,-4.2833220185663588e-05,-3.0425417528210744e-05,-8.9932951766082944e-05
1289,-0.0074999999999999997,0.001666666666666667,-0.001,-8.9335072925135505e-05,-3.3760283317962348e-05,-0.00030765095687778981
1290,-0.0066666666666666662,0.001666666666666667,-0.001,-0.00016353390882376258,-8.9554899415573516e-05,-0.00050704540390519306
1291,-0.0058333333333333327,0.001666666666666667,-0.001,-0.00028776429179756206,-0.00016577453186447462,-0.00087505054115070188
1292,-0.0049999999999999992,0.001666666666666667,-0.001,-0.00036907058647822985,-0.00014318574807754914,-0.0014922004539515187
1293,-0.0041666666666666657,0.001666666666666667,-0.001,-0.00042293587054929253,9.8806645085334034e-07,-0.0020814919306238601
1294,-0.003333333333333334,0.001666666666666667,-0.001,-0.00038775020988687624,5.2654485536915159e-05,-0.0023842116046536082
1295,-0.0024999999999999988,0.001666666666666667,-0.001,-0.00031325105168970223,8.660572028954436e-05,-0.0026372705800918679
1296,-0.001666666666666667,0.001666666666666667,-0.001,-0.00021067359966062769,8.6015071480082509e-05,-0.002782398349061879
1297,-0.00083333333333333176,0.001666666666666667,-0.001,-0.00012167787691110469,8.4707706481809293e-05,-0.0028303429559431736
1298,0,0.001666666666666667,-0.001,-5.7188657467156905e-05,0.00010526619082202621,-0.0028373591489031973
1299,0.00083333333333333523,0.001666666666666667,-0.001,2.0321436760462829e-05,0.00016741044447263429,-0.0028505232035950473
1300,0.001666666666666667,0.001666666666666667,-0.001,0.00013028984186871489,0.00022539421658078639,-0.0027835056860123155
1301,0.0025000000000000022,0.001666666666666667,-0.001,0.0002492718998833495,0.00027352423820837721,-0.0026222638099514029
1302,0.003333333333333334,0.001666666666666667,-0.001,0.00033686293522232938,0.0002728560473805374,-0.0023382291688022958
1303,0.0041666666666666692,0.001666666666666667,-0.001,0.00037670893758479437,0.00025237728655150981,-0.0019902972744693824
1304,0.005000000000000001,0.001666666666666667,-0.001,0.00036986393021601083,0.00021548024677326419,-0.0015856580027819569
1305,0.0058333333333333362,0.001666666666666667,-0.001,0.00027678134065832813,0.0001609041261093204,-0.0010763411595162439
1306,0.006666666666666668,0.001666666666666667,-0.001,0.00013031112595995469,0.00012260113157065291,-0.00056450582885244683
1307,0.0074999999999999997,0.001666666666666667,-0.001,3.712075702448273e-05,8.5253872089953914e-05,-0.00023846243326447776
1308,0.008333333333333335,0.001666666666666667,-0.001,6.6826853296181782e-06,4.9232082882878294e-05,-7.9989848208230808e-05
1309,0.0091666666666666667,0.001666666666666667,-0.001,-2.686660313525324e-07,2.7893934977593688e-05,1.7010715336206314e-05
1310,0.010000000000000002,0.001666666666666667,-0.001,-1.428857674558248e-05,1.3672658456430577e-05,2.9918342405808368e-05
1311,0.010833333333333334,0.001666666666666667,-0.001,-1.7479115859374381e-05,2.6430203753035934e-06,1.0662035091947699e-05
1312,0.011666666666666669,0.001666666666666667,-0.001,-1.3290186841947241e-05,4.1188042445421809e-07,3.4091349704594088e-07
1313,0.012500000000000001,0.001666666666666667,-0.001,-8.1751515184418554e-06,9.1571995720298702e-08,-6.2781954102679482e-06
1314,0.013333333333333332,0.001666666666666667,-0.001,-2.6708392494959588e-06,-3.8170013711520584e-08,-7.6170327020134716e-06
1315,0.014166666666666671,0.001666666666666667,-0.001,3.476323955083829e-06,2.5843400296850179e-07,-2.7072905430001787e-06
1316,0.015000000000000003,0.001666666666666667,-0.001,0,0,0
1317,0.015833333333333335,0.001666666666666667,-0.001,0,0,0
1318,0.016666666666666666,0.001666666666666667,-0.001,0,0,0
1319,0.017500000000000005,0.001666666666666667,-0.001,0,0,0
1320,0.018333333333333337,0.001666666666666667,-0.001,0,0,0
1321,0.019166666666666669,0.001666666666666667,-0.001,0,0,0
1322,0.02,0.001666666666666667,-0.001,0,0,0
1323,-0.02,0.0025000000000000022,-0.001,0,0,0
1324,-0.019166666666666669,0.0025000000000000022,-0.001,0,0,0
1325,-0.018333333333333333,0.0025000000000000022,-0.001,0,0,0
1326,-0.017500000000000002,0.0025000000000000022,-0.001,0,0,0
1327,-0.016666666666666666,0.0025000000000000022,-0.001,0,0,0
1328,-0.015833333333333335,0.0025000000000000022,-0.001,0,0,0
1329,-0.014999999999999999,0.0025000000000000022,-0.001,0,0,0
1330,-0.014166666666666668,0.0025000000000000022,-0.001,-2.5156934358663016e-07,-1.1213026027172036e-07,3.0287957137590317e-07
1331,-0.013333333333333332,0.0025000000000000022,-0.001,3.8562528125663967e-06,-4.4991038406335155e-07,1.7110595901031218e-07
1332,-0.012500000000000001,0.0025000000000000022,-0.001,7.0319483220652335e-06,-1.1476008520076531e-06,3.9106886913763031e-06
1333,-0.011666666666666667,0.0025000000000000022,-0.001,1.0299746233951321e-05,-3.2005802321773799e-06,1.0794064371803723e-05
1334,-0.010833333333333334,0.0025000000000000022,-0.001,1.2268471637597856e-05,-6.8045404783899362e-06,1.9049743391077408e-05
1335,-0.01,0.0025000000000000022,-0.001,6.4950148825335537e-06,-1.2180989475090056e-05,2.1793223633379887e-05
1336,-0.0091666666666666667,0.0025000000000000022,-0.001,-1.2143504907767938e-05,-2.2544736364565406e-05,3.2045391986617233e-05
1337,-0.0083333333333333332,0.0025000000000000022,-0.001,-3.6672360026538493e-05,-2.6864229139412454e-05,-4.8804993116535002e-05
1338,-0.0074999999999999997,0.0025000000000000022,-0.001,-7.9507156625961153e-05,-1.657462567645934e-05,-0.00026491927280390459
1339,-0.0066666666666666662,0.0025000000000000022,-0.001,-0.00013267492123757643,-5.6749487253873264e-05,-0.00042963979087883817
1340,-0.0058333333333333327,0.0025000000000000022,-0.001,-0.00024732276093081463,-0.00011630046713350925,-0.00070763996048027933
1341,-0.0049999999999999992,0.0025000000000000022,-0.001,-0.00035135251202134452,-0.00013096770145451232,-0.0012205650095548817
1342,-0.0041666666666666657,0.0025000000000000022,-0.001,-0.0004209883084226389,3.6501255544179223e-05,-0.0018748043551314059
1343,-0.003333333333333334,0.0025000000000000022,-0.001,-0.00039158249512031711,0.00012146362435629263,-0.0022273378944989422
1344,-0.0024999999999999988,0.0025000000000000022,-0.001,-0.00033227982290408959,0.00017366453523433314,-0.0024451344489956985
1345,-0.001666666666666667,0.0025000000000000022,-0.001,-0.00025151666329853477,0.00019742225153171689,-0.0026248230737339769
1346,-0.00083333333333333176,0.0025000000000000022,-0.001,-0.00016140947924132124,0.00022512375925500932,-0.0027240071210482271
1347,0,0.0025000000000000022,-0.001,-7.0352823098785859e-05,0.00024942143752223556,-0.0027570225115771466
1348,0.00083333333333333523,0.0025000000000000022,-0.001,2.5025123177593896e-05,0.00028984711508160227,-0.0027332350202238427
1349,0.001666666666666667,0.0025000000000000022,-0.001,0.00012410400199948013,0.00032899455335210409,-0.0026238707280965869
1350,0.0025000000000000022,0.0025000000000000022,-0.001,0.00021931623366937286,0.00034268396458039487,-0.0024176655797273649
1351,0.003333333333333334,0.0025000000000000022,-0.001,0.00029114531556908012,0.00032700162297954826,-0.0021429150560443588
1352,0.0041666666666666692,0.0025000000000000022,-0.001,0.00032520283255250146,0.00029786557018731562,-0.0018159513758928072
1353,0.005000000000000001,0.0025000000000000022,-0.001,0.00030263068989602228,0.00024529083903165232,-0.001398606130630801
1354,0.0058333333333333362,0.0025000000000000022,-0.001,0.00017818566718644176,0.00017117963280959664,-0.00085368559105477866
1355,0.006666666666666668,0.0025000000000000022,-0.001,7.2838063427822805e-05,0.0001225849891188159,-0.00043113818207205401
1356,0.0074999999999999997,0.0025000000000000022,-0.001,1.5496006333551622e-05,7.972612762729239e-05,-0.00017078899271806864
1357,0.008333333333333335,0.0025000000000000022,-0.001,4.1443794602910539e-07,4.0587590493222491e-05,-5.8410216668554664e-05
1358,0.0091666666666666667,0.0025000000000000022,-0.001,-6.6423950015974387e-06,2.4049825662826757e-05,4.2796276438952663e-05
1359,0.010000000000000002,0.0025000000000000022,-0.001,-1.6983046134965592e-05,1.0871588931148091e-05,2.5537875145201027e-05
1360,0.010833333333333334,0.0025000000000000022,-0.001,-1.6790230039060744e-05,1.2397221922544485e-06,1.0013186789802993e-05
1361,0.011666666666666669,0.0025000000000000022,-0.001,-1.2523425216155506e-05,-8.9418630196627227e-09,-9.2794294360225746e-08
1362,0.012500000000000001,0.0025000000000000022,-0.001,-7.6069584471479427e-06,-9.9476068892306824e-08,-6.1824653800656898e-06
1363,0.013333333333333332,0.0025000000000000022,-0.001,-2.3756191003558068e-06,-5.1971711430782475e-08,-7.3036338538259949e-06
1364,0.014166666666666671,0.0025000000000000022,-0.001,3.3247524757717512e-06,3.1112113164519645e-07,-2.5769603607580151e-06
1365,0.015000000000000003,0.0025000000000000022,-0.001,0,0,0
1366,0.015833333333333335,0.0025000000000000022,-0.001,0,0,0
1367,0.016666666666666666,0.0025000000000000022,-0.001,0,0,0
1368,0.017500000000000005,0.0025000000000000022,-0.001,0,0,0
1369,0.018333333333333337,0.0025000000000000022,-0.001,0,0,0
1370,0.019166666666666669,0.0025000000000000022,-0.001,0,0,0
1371,0.02,0.0025000000000000022,-0.001,0,0,0
1372,-0.02,0.003333333333333334,-0.001,0,0,0
1373,-0.019166666666666669,0.003333333333333334,-0.001,0,0,0
1374,-0.018333333333333333,0.003333333333333334,-0.001,0,0,0
1375,-0.017500000000000002,0.003333333333333334,-0.001,0,0,0
1376,-0.016666666666666666,0.003333333333333334,-0.001,0,0,0
1377,-0.015833333333333335,0.003333333333333334,-0.001,0,0,0
1378,-0.014999999999999999,0.003333333333333334,-0.001,0,0,0
1379,-0.014166666666666668,0.003333333333333334,-0.001,-1.495955929743883e-08,-1.2037325415284374e-07,4.6961364661761283e-07
1380,-0.013333333333333332,0.003333333333333334,-0.001,3.5835789489575455e-06,-4.9654031084351843e-07,5.6984251156842145e-07
1381,-0.012500000000000001,0.003333333333333334,-0.001,6.4749802203840842e-06,-1.1128631654480439e-06,4.189702454054818e-06
1382,-0.011666666666666667,0.003333333333333334,-0.001,9.3512032911775734e-06,-2.8816112497408223e-06,1.0757245290308268e-05
1383,-0.010833333333333334,0.003333333333333334,-0.001,1.1372711843699899e-05,-6.0911156399623121e-06,1.9460878746051209e-05
1384,-0.01,0.003333333333333334,-0.001,6.9378323350905512e-06,-1.0185606675810096e-05,2.4112323545787532e-05
1385,-0.0091666666666666667,0.003333333333333334,-0.001,-9.8976728034339916e-06,-1.6446160673860625e-05,3.7289336809819436e-05
1386,-0.0083333333333333332,0.003333333333333334,-0.001,-3.0299891786817473e-05,-2.393689357124677e-05,-6.3745572795547808e-06
1387,-0.0074999999999999997,0.003333333333333334,-0.001,-6.3211351964990303e-05,-1.1749661703601438e-05,-0.00018443673917656507
1388,-0.0066666666666666662,0.003333333333333334,-0.001,-0.00010604047388272894,-2.5635900045962789e-05,-0.00033729925159260769
1389,-0.0058333333333333327,0.003333333333333334,-0.001,-0.0002104848830595439,-6.6216385637942225e-05,-0.00054328621720792756
1390,-0.0049999999999999992,0.003333333333333334,-0.001,-0.00031520581642213328,-7.8336877156948397e-05,-0.00091389491340226078
1391,-0.0041666666666666657,0.003333333333333334,-0.001,-0.00037190653929093106,-6.7225253329326227e-06,-0.0014806818060101507
1392,-0.003333333333333334,0.003333333333333334,-0.001,-0.00038692265667079526,0.00014902814252084907,-0.0019717633218464489
1393,-0.0024999999999999988,0.003333333333333334,-0.001,-0.00033880401030458672,0.00022869697959881731,-0.0022115134715048239
1394,-0.001666666666666667,0.003333333333333334,-0.001,-0.00027058617866044295,0.00027346144878710217,-0.0023647454608523716
1395,-0.00083333333333333176,0.003333333333333334,-0.001,-0.00018745639440176425,0.00032039142122629864,-0.00247107112638865
1396,0,0.003333333333333334,-0.001,-9.4325205644300663e-05,0.00035209037623288767,-0.002511842689088039
1397,0.00083333333333333523,0.003333333333333334,-0.001,6.2484335628383362e-06,0.00037740016097895842,-0.0024737968323303881
1398,0.001666666666666667,0.003333333333333334,-0.001,9.9873798252694018e-05,0.00038930456979489495,-0.0023482858343969694
1399,0.0025000000000000022,0.003333333333333334,-0.001,0.00017727021845418843,0.00038450473579486241,-0.0021626930733401558
1400,0.003333333333333334,0.003333333333333334,-0.001,0.00023446350123717291,0.00035939134649512727,-0.0019121998429427333
1401,0.0041666666666666692,0.003333333333333334,-0.001,0.00024746120524641463,0.00031503101303682207,-0.0015649002792324934
1402,0.005000000000000001,0.003333333333333334,-0.001,0.00018752673997723824,0.00023758250711695988,-0.0010899966112761308
1403,0.0058333333333333362,0.003333333333333334,-0.001,9.3210876933252858e-05,0.00016335880636247658,-0.00060937172364357599
1404,0.006666666666666668,0.003333333333333334,-0.001,2.670000118663397e-05,0.00010753918896350144,-0.00029304724586438197
1405,0.0074999999999999997,0.003333333333333334,-0.001,1.2628628959393752e-06,6.3515425337802161e-05,-0.00011282181596750692
1406,0.008333333333333335,0.003333333333333334,-0.001,-4.8397442898133283e-06,3.1556603932611725e-05,-2.4310817306373353e-05
1407,0.0091666666666666667,0.003333333333333334,-0.001,-1.1695382153144825e-05,1.9735615862927841e-05,4.8546403534882815e-05
1408,0.010000000000000002,0.003333333333333334,-0.001,-1.8617393107984148e-05,6.0143244532084055e-06,1.9664581649392601e-05
1409,0.010833333333333334,0.003333333333333334,-0.001,-1.6053025435385335e-05,-2.7303465886018425e-08,9.3638060171887682e-06
1410,0.011666666666666669,0.003333333333333334,-0.001,-1.1606202719055652e-05,-3.4690038432043445e-07,-1.7415411173426951e-07
1411,0.012500000000000001,0.003333333333333334,-0.001,-6.849442136524706e-06,-2.5884227077571895e-07,-5.8033745812407922e-06
1412,0.013333333333333332,0.003333333333333334,-0.001,-2.0507778025195832e-06,-6.992897847701664e-08,-6.7355014936906405e-06
1413,0.014166666666666671,0.003333333333333334,-0.001,3.0209212378708045e-06,3.4582654135002903e-07,-2.3239908427489793e-06
1414,0.015000000000000003,0.003333333333333334,-0.001,0,0,0
1415,0.015833333333333335,0.003333333333333334,-0.001,0,0,0
1416,0.016666666666666666,0.003333333333333334,-0.001,0,0,0
1417,0.017500000000000005,0.003333333333333334,-0.001,0,0,0
1418,0.018333333333333337,0.003333333333333334,-0.001,0,0,0
1419,0.019166666666666669,0.003333333333333334,-0.001,0,0,0
1420,0.02,0.003333333333333334,-0.001,0,0,0
1421,-0.02,0.0041666666666666692,-0.001,0,0,0
1422,-0.019166666666666669,0.0041666666666666692,-0.001,0,0,0
1423,-0.018333333333333333,0.0041666666666666692,-0.001,0,0,0
1424,-0.017500000000000002,0.0041666666666666692,-0.001,0,0,0
1425,-0.016666666666666666,0.0041666666666666692,-0.001,0,0,0
1426,-0.015833333333333335,0.0041666666666666692,-0.001,0,0,0
1427,-0.014999999999999999,0.0041666666666666692,-0.001,0,0,0
1428,-0.014166666666666668,0.0041666666666666692,-0.001,2.5344725712943562e-07,-1.8426262820886097e-07,6.5524450637372552e-07
1429,-0.013333333333333332,0.0041666666666666692,-0.001,3.2194084352301959e-06,-5.6724468602166704e-07,9.5491447288681506e-07
1430,-0.012500000000000001,0.0041666666666666692,-0.001,5.7876331785022797e-06,-1.1408706906825469e-06,4.3758745628912309e-06
1431,-0.011666666666666667,0.0041666666666666692,-0.001,8.5055475241815032e-06,-2.713380151788745e-06,1.0545786376373605e-05
1432,-0.010833333333333334,0.0041666666666666692,-0.001,1.0902580921794913e-05,-5.8425638122388432e-06,1.9195929093687221e-05
1433,-0.01,0.0041666666666666692,-0.001,9.2314188704735256e-06,-9.1110940765494728e-06,2.5733733359813722e-05
1434,-0.0091666666666666667,0.0041666666666666692,-0.001,-4.001209030760433e-06,-1.2031572890090829e-05,3.6653146389664614e-05
1435,-0.0083333333333333332,0.0041666666666666692,-0.001,-2.2669119725403636e-05,-1.8751065670622895e-05,2.6343035882174366e-05
1436,-0.0074999999999999997,0.0041666666666666692,-0.001,-4.4797200165027096e-05,-1.5702232434378514e-05,-7.6705059065965625e-05
1437,-0.0066666666666666662,0.0041666666666666692,-0.001,-8.0722305755472309e-05,-4.5474615954814897e-06,-0.00025318050432386542
1438,-0.0058333333333333327,0.0041666666666666692,-0.001,-0.00014059884952559464,-2.3394326674418639e-05,-0.00039167605270846903
1439,-0.0049999999999999992,0.0041666666666666692,-0.001,-0.00024661735019448466,-3.2035853199942406e-05,-0.00061262218622825033
1440,-0.0041666666666666657,0.0041666666666666692,-0.001,-0.00033867757465253667,-1.1059695513166139e-05,-0.00099925201756217931
1441,-0.003333333333333334,0.0041666666666666692,-0.001,-0.00035637722435729788,8.9455229095474433e-05,-0.0015056607591527249
1442,-0.0024999999999999988,0.0041666666666666692,-0.001,-0.00033610232633769912,0.00023845622937877404,-0.0018785793675798546
1443,-0.001666666666666667,0.0041666666666666692,-0.001,-0.00027076072728854828,0.00030576751546995532,-0.0020526197470686802
1444,-0.00083333333333333176,0.0041666666666666692,-0.001,-0.00019303237556802941,0.00036731293254980155,-0.0021387778983363108
1445,0,0.0041666666666666692,-0.001,-0.00010969213917679199,0.00039310099867317537,-0.0021620589181347914
1446,0.00083333333333333523,0.0041666666666666692,-0.001,-2.0292229132876848e-05,0.00041193898949463606,-0.0021327428381861303
1447,0.001666666666666667,0.0041666666666666692,-0.001,5.6793173806848555e-05,0.00041298748037131897,-0.0020331174741519097
1448,0.0025000000000000022,0.0041666666666666692,-0.001,0.00011920927445457815,0.00040086868711578075,-0.0018584181233180178
1449,0.003333333333333334,0.0041666666666666692,-0.001,0.00015583866561054042,0.00035935304451545526,-0.0015750102683158927
1450,0.0041666666666666692,0.0041666666666666692,-0.001,0.00013032553229241423,0.00028538736848585805,-0.0011616905365472497
1451,0.005000000000000001,0.0041666666666666692,-0.001,7.0345941023223989e-05,0.00019527914315775073,-0.0007124816224886348
1452,0.0058333333333333362,0.0041666666666666692,-0.001,3.1378947186392745e-05,0.0001382495792098312,-0.00039401292441151143
1453,0.006666666666666668,0.0041666666666666692,-0.001,2.7028169766383319e-07,8.4784173215033862e-05,-0.0001751676427248293
1454,0.0074999999999999997,0.0041666666666666692,-0.001,-1.9529593868014897e-06,4.5008811250704512e-05,-7.7011691040203181e-05
1455,0.008333333333333335,0.0041666666666666692,-0.001,-7.930693254306717e-06,2.5746249912238443e-05,1.8120736623772965e-05
1456,0.0091666666666666667,0.0041666666666666692,-0.001,-1.3841333513811175e-05,1.4367465201006973e-05,4.1504919447481477e-05
1457,0.010000000000000002,0.0041666666666666692,-0.001,-1.7840998683821549e-05,1.588081695651825e-06,1.9396432272527234e-05
1458,0.010833333333333334,0.0041666666666666692,-0.001,-1.4802140669724534e-05,-9.3783630263969285e-07,9.0486851717860313e-06
1459,0.011666666666666669,0.0041666666666666692,-0.001,-1.0403197171283219e-05,-6.7748910369596869e-07,-1.1002324030398753e-07
1460,0.012500000000000001,0.0041666666666666692,-0.001,-5.9799634751325065e-06,-3.7456929927078187e-07,-5.2248263788970478e-06
1461,0.013333333333333332,0.0041666666666666692,-0.001,-1.7453042943665886e-06,-7.7547613554439021e-08,-5.9553062233250893e-06
1462,0.014166666666666671,0.0041666666666666692,-0.001,2.6098930347255495e-06,3.3527789618220702e-07,-1.9680459600235834e-06
1463,0.015000000000000003,0.0041666666666666692,-0.001,0,0,0
1464,0.015833333333333335,0.0041666666666666692,-0.001,0,0,0
1465,0.016666666666666666,0.0041666666666666692,-0.001,0,0,0
1466,0.017500000000000005,0.0041666666666666692,-0.001,0,0,0
1467,0.018333333333333337,0.0041666666666666692,-0.001,0,0,0
1468,0.019166666666666669,0.0041666666666666692,-0.001,0,0,0
1469,0.02,0.0041666666666666692,-0.001,0,0,0
1470,-0.02,0.005000000000000001,-0.001,0,0,0
1471,-0.019166666666666669,0.005000000000000001,-0.001,0,0,0
1472,-0.018333333333333333,0.005000000000000001,-0.001,0,0,0
1473,-0.017500000000000002,0.005000000000000001,-0.001,0,0,0
1474,-0.016666666666666666,0.005000000000000001,-0.001,0,0,0
1475,-0.015833333333333335,0.005000000000000001,-0.001,0,0,0
1476,-0.014999999999999999,0.005000000000000001,-0.001,0,0,0
1477,-0.014166666666666668,0.005000000000000001,-0.001,4.9356091388551176e-07,-2.8500240872131613e-07,7.5586309367712999e-07
1478,-0.013333333333333332,0.005000000000000001,-0.001,2.8412491771974315e-06,-6.7648248445404311e-07,1.2306684311123611e-06
1479,-0.012500000000000001,0.005000000000000001,-0.001,4.9612424465712052e-06,-1.1731734391823562e-06,4.3380877895939239e-06
1480,-0.011666666666666667,0.005000000000000001,-0.001,7.3131057180199943e-06,-2.5332633391553624e-06,9.8654053578267604e-06
1481,-0.010833333333333334,0.005000000000000001,-0.001,9.6513747180723667e-06,-5.4723220522549104e-06,1.7829155616254442e-05
1482,-0.01,0.005000000000000001,-0.001,9.8769041209599161e-06,-8.831203163275483e-06,2.5820153747579297e-05
1483,-0.0091666666666666667,0.005000000000000001,-0.001,2.1449961140956587e-06,-9.8457765465481947e-06,2.660328081477888e-05
1484,-0.0083333333333333332,0.005000000000000001,-0.001,-1.4263821321459356e-05,-1.3336656716814176e-05,3.7928165846244195e-05
1485,-0.0074999999999999997,0.005000000000000001,-0.001,-3.2372127159068127e-05,-1.7538483872516094e-05,-1.7496165164057478e-06
1486,-0.0066666666666666662,0.005000000000000001,-0.001,-5.5121563982933586e-05,-2.1043260441140987e-06,-0.00014838993750625423
1487,-0.0058333333333333327,0.005000000000000001,-0.001,-9.1120693749215567e-05,-2.3494563660381783e-06,-0.00027078407553340265
1488,-0.0049999999999999992,0.005000000000000001,-0.001,-0.00015436331021286063,-1.5012763082214254e-06,-0.00039882659785711345
1489,-0.0041666666666666657,0.005000000000000001,-0.001,-0.00023845717707857627,9.8699318880382526e-06,-0.00060743367296737247
1490,-0.003333333333333334,0.005000000000000001,-0.001,-0.00031082299257905556,5.9678632654273926e-05,-0.00091631376261442287
1491,-0.0024999999999999988,0.005000000000000001,-0.001,-0.00031673911935862039,0.00013758486129531185,-0.0012778033158452695
1492,-0.001666666666666667,0.005000000000000001,-0.001,-0.00025798434683057717,0.00025410096004300418,-0.0015726090300564963
1493,-0.00083333333333333176,0.005000000000000001,-0.001,-0.00019644984064769668,0.00035285664943507296,-0.0017447547923151849
1494,0,0.005000000000000001,-0.001,-0.0001262061265632169,0.0003895833126083352,-0.0017856148997840639
1495,0.00083333333333333523,0.005000000000000001,-0.001,-5.3529866295752319e-05,0.00040191867433827605,-0.0017451384604303198
1496,0.001666666666666667,0.005000000000000001,-0.001,9.1672631374143663e-07,0.00039371446474098293,-0.001618487029116914
1497,0.0025000000000000022,0.005000000000000001,-0.001,2.4232377110647672e-05,0.0003540709923517289,-0.001381834816858347
1498,0.003333333333333334,0.005000000000000001,-0.001,2.8968012935652821e-05,0.00029089590297588222,-0.0010401671686266279
1499,0.0041666666666666692,0.005000000000000001,-0.001,2.2583085578162216e-05,0.00021062688380209271,-0.0007028263091895361
1500,0.005000000000000001,0.005000000000000001,-0.001,8.4051060520911862e-06,0.00014890402514004878,-0.00042729235952598278
1501,0.0058333333333333362,0.005000000000000001,-0.001,-8.1633235931593732e-06,9.5144126760480092e-05,-0.00022111559438302297
1502,0.006666666666666668,0.005000000000000001,-0.001,-6.3724634185712649e-06,5.6256736079816231e-05,-9.8198099040703912e-05
1503,0.0074999999999999997,0.005000000000000001,-0.001,-8.4515082971360312e-06,2.8091836764884723e-05,-1.3599438853071246e-05
1504,0.008333333333333335,0.005000000000000001,-0.001,-1.2352463221787847e-05,1.8677099844568483e-05,4.7559817473720087e-05
1505,0.0091666666666666667,0.005000000000000001,-0.001,-1.5450552912639555e-05,5.7557987883303228e-06,2.7943009215190416e-05
1506,0.010000000000000002,0.005000000000000001,-0.001,-1.5725511930980584e-05,-2.0700038047106661e-06,1.8007451366319191e-05
1507,0.010833333333333334,0.005000000000000001,-0.001,-1.3041472405923515e-05,-1.8045778327005188e-06,8.2653854968509407e-06
1508,0.011666666666666669,0.005000000000000001,-0.001,-8.8790031232387596e-06,-1.0288032839682526e-06,-2.3306188540614448e-08
1509,0.012500000000000001,0.005000000000000001,-0.001,-4.9750827307873957e-06,-4.151498614349334e-07,-4.5307475013813164e-06
1510,0.013333333333333332,0.005000000000000001,-0.001,-1.4665372237199199e-06,-8.1944593258261818e-08,-5.0444019214410365e-06
1511,0.014166666666666671,0.005000000000000001,-0.001,2.1342679691986917e-06,2.9341964648739147e-07,-1.5839733394635093e-06
1512,0.015000000000000003,0.005000000000000001,-0.001,0,0,0
1513,0.015833333333333335,0.005000000000000001,-0.001,0,0,0
1514,0.016666666666666666,0.005000000000000001,-0.001,0,0,0
1515,0.017500000000000005,0.005000000000000001,-0.001,0,0,0
1516,0.018333333333333337,0.005000000000000001,-0.001,0,0,0
1517,0.019166666666666669,0.005000000000000001,-0.001,0,0,0
1518,0.02,0.005000000000000001,-0.001,0,0,0
1519,-0.02,0.0058333333333333362,-0.001,0,0,0
1520,-0.019166666666666669,0.0058333333333333362,-0.001,0,0,0
1521,-0.018333333333333333,0.0058333333333333362,-0.001,0,0,0
1522,-0.017500000000000002,0.0058333333333333362,-0.001,0,0,0
1523,-0.016666666666666666,0.0058333333333333362,-0.001,0,0,0
1524,-0.015833333333333335,0.0058333333333333362,-0.001,0,0,0
1525,-0.014999999999999999,0.0058333333333333362,-0.001,0,0,0
1526,-0.014166666666666668,0.0058333333333333362,-0.001,5.9062270239301607e-07,-3.7899893385256168e-07,7.4084260612632261e-07
1527,-0.013333333333333332,0.0058333333333333362,-0.001,2.5008993534326078e-06,-7.8854123542649117e-07,1.3390466742719011e-06
1528,-0.012500000000000001,0.0058333333333333362,-0.001,4.1747641174715132e-06,-1.2409063770728664e-06,4.0512026088003305e-06
1529,-0.011666666666666667,0.0058333333333333362,-0.001,6.0445983778062882e-06,-2.3061157595046888e-06,8.7908551346955191e-06
1530,-0.010833333333333334,0.0058333333333333362,-0.001,8.1151021243265711e-06,-4.6253677649446316e-06,1.5653906701418228e-05
1531,-0.01,0.0058333333333333362,-0.001,9.2671922631210541e-06,-8.1031245146592544e-06,2.3588606831114934e-05
1532,-0.0091666666666666667,0.0058333333333333362,-0.001,5.8462165292472584e-06,-9.5465497969693189e-06,2.8563243885864413e-05
1533,-0.0083333333333333332,0.0058333333333333362,-0.001,-5.3454495984456844e-06,-1.0589652815124972e-05,2.6663912237986809e-05
1534,-0.0074999999999999997,0.0058333333333333362,-0.001,-2.1892394859253448e-05,-1.3957837451554799e-05,3.5348799030474612e-05
1535,-0.0066666666666666662,0.0058333333333333362,-0.001,-3.6181331999202467e-05,-1.4154924920093892e-05,-2.353094772699938e-05
1536,-0.0058333333333333327,0.0058333333333333362,-0.001,-5.5386571545020439e-05,2.8988153940017273e-06,-0.0001688032226319389
1537,-0.0049999999999999992,0.0058333333333333362,-0.001,-8.8981049139914706e-05,1.4804886105815947e-06,-0.00025128570952021625
1538,-0.0041666666666666657,0.0058333333333333362,-0.001,-0.0001455650532012085,1.4844428494951542e-05,-0.00035768932451774331
1539,-0.003333333333333334,0.0058333333333333362,-0.001,-0.00019388949529595018,4.980497111184909e-05,-0.00051176443848415865
1540,-0.0024999999999999988,0.0058333333333333362,-0.001,-0.00023839229257154027,9.3608257660063684e-05,-0.00071844061309147558
1541,-0.001666666666666667,0.0058333333333333362,-0.001,-0.00025347658906484766,0.00015900872353653034,-0.00090064692035261179
1542,-0.00083333333333333176,0.0058333333333333362,-0.001,-0.00023755080419938946,0.00022350391993651683,-0.0010457417546559503
1543,0,0.0058333333333333362,-0.001,-0.00019963146608379187,0.00025665725921577881,-0.0010998897524776888
1544,0.00083333333333333523,0.0058333333333333362,-0.001,-0.00014847167854491959,0.00028082816232851305,-0.0010836255920691196
1545,0.001666666666666667,0.0058333333333333362,-0.001,-0.00010751912513585509,0.00026977115567707055,-0.0009620518022805558
1546,0.0025000000000000022,0.0058333333333333362,-0.001,-7.2314721024700895e-05,0.0002405935337591675,-0.00079166254404356633
1547,0.003333333333333334,0.0058333333333333362,-0.001,-4.3403982747464818e-05,0.00018892489914783229,-0.00057100446565224708
1548,0.0041666666666666692,0.0058333333333333362,-0.001,-2.8632470029306403e-05,0.00013843191420054925,-0.00038302850629343734
1549,0.005000000000000001,0.0058333333333333362,-0.001,-2.5318773168264045e-05,9.3100681141616851e-05,-0.00021936896824107825
1550,0.0058333333333333362,0.0058333333333333362,-0.001,-1.2723047914652973e-05,5.8215016289886402e-05,-0.00011545073493546196
1551,0.006666666666666668,0.0058333333333333362,-0.001,-8.9081910623599827e-06,3.3802457850826153e-05,-4.9674597685511142e-05
1552,0.0074999999999999997,0.0058333333333333362,-0.001,-1.2480598888486785e-05,1.990685429901157e-05,4.1209855421200621e-05
1553,0.008333333333333335,0.0058333333333333362,-0.001,-1.364808358946491e-05,9.2198305105670946e-06,3.7560157012951428e-05
1554,0.0091666666666666667,0.0058333333333333362,-0.001,-1.4663264380859714e-05,-1.2903179488141258e-06,2.4933801601266542e-05
1555,0.010000000000000002,0.0058333333333333362,-0.001,-1.3877929213837851e-05,-3.2896695648304702e-06,1.6221995205196565e-05
1556,0.010833333333333334,0.0058333333333333362,-0.001,-1.0970811873314176e-05,-2.1426173950594263e-06,7.0804776870788929e-06
1557,0.011666666666666669,0.0058333333333333362,-0.001,-7.1965886529357382e-06,-1.1647958774389281e-06,-7.1588524552100231e-08
1558,0.012500000000000001,0.0058333333333333362,-0.001,-3.8968742440189982e-06,-3.9269094021347298e-07,-3.8194328936603291e-06
1559,0.013333333333333332,0.0058333333333333362,-0.001,-1.1993216993816311e-06,-9.9570901980783616e-08,-4.0902343947796289e-06
1560,0.014166666666666671,0.0058333333333333362,-0.001,1.6475730710099066e-06,2.3330272964856201e-07,-1.2253458294338042e-06
1561,0.015000000000000003,0.0058333333333333362,-0.001,0,0,0
1562,0.015833333333333335,0.0058333333333333362,-0.001,0,0,0
1563,0.016666666666666666,0.0058333333333333362,-0.001,0,0,0
1564,0.017500000000000005,0.0058333333333333362,-0.001,0,0,0
1565,0.018333333333333337,0.0058333333333333362,-0.001,0,0,0
1566,0.019166666666666669,0.0058333333333333362,-0.001,0,0,0
1567,0.02,0.0058333333333333362,-0.001,0,0,0
1568,-0.02,0.006666666666666668,-0.001,0,0,0
1569,-0.019166666666666669,0.006666666666666668,-0.001,0,0,0
1570,-0.018333333333333333,0.006666666666666668,-0.001,0,0,0
1571,-0.017500000000000002,0.006666666666666668,-0.001,0,0,0
1572,-0.016666666666666666,0.006666666666666668,-0.001,0,0,0
1573,-0.015833333333333335,0.006666666666666668,-0.001,0,0,0
1574,-0.014999999999999999,0.006666666666666668,-0.001,0,0,0
1575,-0.014166666666666668,0.006666666666666668,-0.001,5.5462866062988689e-07,-4.2700114315646749e-07,6.1835225195203707e-07
1576,-0.013333333333333332,0.006666666666666668,-0.001,2.1193455082653095e-06,-8.4917467107433908e-07,1.2635727272723996e-06
1577,-0.012500000000000001,0.006666666666666668,-0.001,3.4603234862267181e-06,-1.3189121940622751e-06,3.5569783065367723e-06
1578,-0.011666666666666667,0.006666666666666668,-0.001,4.878740275099352e-06,-2.165299160926581e-06,7.4648321840175827e-06
1579,-0.010833333333333334,0.006666666666666668,-0.001,6.5083306518526178e-06,-3.8908877450887896e-06,1.3127690839026616e-05
1580,-0.01,0.006666666666666668,-0.001,7.8440222250044904e-06,-6.8215045755106863e-06,2.0381198130437685e-05
1581,-0.0091666666666666667,0.006666666666666668,-0.001,7.2971493176616048e-06,-9.4480498887241468e-06,2.7285640640648068e-05
1582,-0.0083333333333333332,0.006666666666666668,-0.001,2.0255191043110641e-06,-9.9432695192576041e-06,2.9464985112742934e-05
1583,-0.0074999999999999997,0.006666666666666668,-0.001,-1.087538273483196e-05,-1.0618405381410618e-05,3.6567921341151759e-05
1584,-0.0066666666666666662,0.006666666666666668,-0.001,-2.6828351394213255e-05,-1.3437664632697262e-05,3.2757737236140562e-05
1585,-0.0058333333333333327,0.006666666666666668,-0.001,-3.3253699914032854e-05,-1.0823333920912527e-05,-2.1774177412016862e-05
1586,-0.0049999999999999992,0.006666666666666668,-0.001,-4.8981087544377215e-05,2.1566693924487106e-06,-0.00014119694113012539
1587,-0.0041666666666666657,0.006666666666666668,-0.001,-7.1338506691220814e-05,2.7478404879409594e-06,-0.00021221612806661126
1588,-0.003333333333333334,0.006666666666666668,-0.001,-0.00010779922297037661,1.1729992334669817e-05,-0.00027981682108529319
1589,-0.0024999999999999988,0.006666666666666668,-0.001,-0.00014616866171800007,4.5872614282078834e-05,-0.00037434495123251933
1590,-0.001666666666666667,0.006666666666666668,-0.001,-0.000165661431494692,8.6189589378016753e-05,-0.00045634385733296737
1591,-0.00083333333333333176,0.006666666666666668,-0.001,-0.00017156020858350121,0.00012694070830566976,-0.00053845528011578101
1592,0,0.006666666666666668,-0.001,-0.00016455194070246778,0.00014613001700905563,-0.00056944468946380593
1593,0.00083333333333333523,0.006666666666666668,-0.001,-0.00014803981392831137,0.00016468564435636029,-0.00055808494059183384
1594,0.001666666666666667,0.006666666666666668,-0.001,-0.00011805881830858578,0.00015182623860911405,-0.0004822279098238294
1595,0.0025000000000000022,0.006666666666666668,-0.001,-8.4028742560976089e-05,0.00013279082127080609,-0.00039306921175342324
1596,0.003333333333333334,0.006666666666666668,-0.001,-5.7715494710311784e-05,9.7972832141429144e-05,-0.00028941392083658057
1597,0.0041666666666666692,0.006666666666666668,-0.001,-3.7923172778449177e-05,7.1461419548831792e-05,-0.00017808757832373813
1598,0.005000000000000001,0.006666666666666668,-0.001,-1.8086523544454784e-05,5.1285005228141712e-05,-0.00010381539719061127
1599,0.0058333333333333362,0.006666666666666668,-0.001,-8.0943677215539486e-06,3.3444378452539103e-05,-5.6930347309067389e-05
1600,0.006666666666666668,0.006666666666666668,-0.001,-1.3741374540239344e-05,2.0328051127883959e-05,3.5911800489318815e-05
1601,0.0074999999999999997,0.006666666666666668,-0.001,-1.3613658371966423e-05,1.1249177584260416e-05,3.9141886067693024e-05
1602,0.008333333333333335,0.006666666666666668,-0.001,-1.2645352541229199e-05,-3.7285593353951434e-07,2.9122909178498319e-05
1603,0.0091666666666666667,0.006666666666666668,-0.001,-1.3096314790099479e-05,-4.6218304945210636e-06,2.2442138057934953e-05
1604,0.010000000000000002,0.006666666666666668,-0.001,-1.1705409290307257e-05,-3.766677898698285e-06,1.3906277406361844e-05
1605,0.010833333333333334,0.006666666666666668,-0.001,-8.7276514947607016e-06,-2.3196972408012878e-06,5.6314174177691787e-06
1606,0.011666666666666669,0.006666666666666668,-0.001,-5.5222256281722675e-06,-1.1456394574861452e-06,-2.4871380557637082e-07
1607,0.012500000000000001,0.006666666666666668,-0.001,-2.8962089468634391e-06,-3.342894917025652e-07,-3.1149808623729762e-06
1608,0.013333333333333332,0.006666666666666668,-0.001,-9.3811528823015616e-07,-1.2620552204197556e-07,-3.1791295983139576e-06
1609,0.014166666666666671,0.006666666666666668,-0.001,1.1921407009617479e-06,1.6623476731731287e-07,-9.0025081382149878e-07
1610,0.015000000000000003,0.006666666666666668,-0.001,0,0,0
1611,0.015833333333333335,0.006666666666666668,-0.001,0,0,0
1612,0.016666666666666666,0.006666666666666668,-0.001,0,0,0
1613,0.017500000000000005,0.006666666666666668,-0.001,0,0,0
1614,0.018333333333333337,0.006666666666666668,-0.001,0,0,0
1615,0.019166666666666669,0.006666666666666668,-0.001,0,0,0
1616,0.02,0.006666666666666668,-0.001,0,0,0
1617,-0.02,0.0074999999999999997,-0.001,0,0,0
1618,-0.019166666666666669,0.0074999999999999997,-0.001,0,0,0
1619,-0.018333333333333333,0.0074999999999999997,-0.001,0,0,0
1620,-0.017500000000000002,0.0074999999999999997,-0.001,0,0,0
1621,-0.016666666666666666,0.0074999999999999997,-0.001,0,0,0
1622,-0.015833333333333335,0.0074999999999999997,-0.001,0,0,0
1623,-0.014999999999999999,0.0074999999999999997,-0.001,0,0,0
1624,-0.014166666666666668,0.0074999999999999997,-0.001,4.8873378821144307e-07,-4.2275145006907841e-07,4.8821137439190818e-07
1625,-0.013333333333333332,0.0074999999999999997,-0.001,1.6736671272931077e-06,-8.3162426748131107e-07,1.0518102936998743e-06
1626,-0.012500000000000001,0.0074999999999999997,-0.001,2.7190504344519267e-06,-1.3088622309790389e-06,2.9017463417857484e-06
1627,-0.011666666666666667,0.0074999999999999997,-0.001,3.8639669971425711e-06,-2.0754781526509408e-06,5.9550484898904508e-06
1628,-0.010833333333333334,0.0074999999999999997,-0.001,5.0921392102214852e-06,-3.3301774098676324e-06,1.0455255016215036e-05
1629,-0.01,0.0074999999999999997,-0.001,6.3359870158715224e-06,-5.6177792551741708e-06,1.6353195660738223e-05
1630,-0.0091666666666666667,0.0074999999999999997,-0.001,6.8702537846092854e-06,-8.616696434999224e-06,2.3205005573283167e-05
1631,-0.0083333333333333332,0.0074999999999999997,-0.001,5.50986629070702e-06,-1.088053859538142e-05,2.9006285342057287e-05
1632,-0.0074999999999999997,0.0074999999999999997,-0.001,-5.4756406181195226e-07,-1.0952400113735741e-05,2.9844369009139066e-05
1633,-0.0066666666666666662,0.0074999999999999997,-0.001,-1.2419954903421246e-05,-1.1024826957691121e-05,3.8237344296755494e-05
1634,-0.0058333333333333327,0.0074999999999999997,-0.001,-2.5063755050039185e-05,-1.2690285705433037e-05,3.5000708290151557e-05
1635,-0.0049999999999999992,0.0074999999999999997,-0.001,-3.2120937999666652e-05,-1.0508791143862355e-05,1.8822455832660804e-06
1636,-0.0041666666666666657,0.0074999999999999997,-0.001,-4.010092536708971e-05,-6.7126702158097273e-06,-8.894153171032555e-05
1637,-0.003333333333333334,0.0074999999999999997,-0.001,-5.3437976885076524e-05,1.0809411288931416e-06,-0.00015264941549052172
1638,-0.0024999999999999988,0.0074999999999999997,-0.001,-6.8777701194455359e-05,6.4678268475052999e-06,-0.00018947859893391045
1639,-0.001666666666666667,0.0074999999999999997,-0.001,-8.2607065023749315e-05,1.9521796110985124e-05,-0.00022261620855623288
1640,-0.00083333333333333176,0.0074999999999999997,-0.001,-8.9607867065139073e-05,3.6379870464674148e-05,-0.00026462196896886384
1641,0,0.0074999999999999997,-0.001,-9.2283661700488047e-05,4.8959546646875664e-05,-0.00027716126352647711
1642,0.00083333333333333523,0.0074999999999999997,-0.001,-8.8594976904485934e-05,6.2087572246673228e-05,-0.00026317956717178647
1643,0.001666666666666667,0.0074999999999999997,-0.001,-8.0187866393064276e-05,5.725169850037022e-05,-0.00022034226982168856
1644,0.0025000000000000022,0.0074999999999999997,-0.001,-6.0059012217607299e-05,5.1941570147836647e-05,-0.00017112216480962692
1645,0.003333333333333334,0.0074999999999999997,-0.001,-3.5595414418628429e-05,4.4206398537924182e-05,-0.00012446140684986307
1646,0.0041666666666666692,0.0074999999999999997,-0.001,-1.812587742838926e-05,3.9943431280450101e-05,-9.4618585722070178e-05
1647,0.005000000000000001,0.0074999999999999997,-0.001,-1.4904823296421399e-05,2.692596681421537e-05,-2.2056920126325911e-05
1648,0.0058333333333333362,0.0074999999999999997,-0.001,-1.6425925848166928e-05,1.7023884368862734e-05,4.6385362622607056e-05
1649,0.006666666666666668,0.0074999999999999997,-0.001,-1.3919973826834979e-05,9.2558410024432369e-06,4.5011055216436234e-05
1650,0.0074999999999999997,0.0074999999999999997,-0.001,-1.1051542816979536e-05,-1.0467827052964873e-06,2.9410969239115756e-05
1651,0.008333333333333335,0.0074999999999999997,-0.001,-1.1132835945877335e-05,-5.8262097342081628e-06,2.5573913795222589e-05
1652,0.0091666666666666667,0.0074999999999999997,-0.001,-1.1242018788054437e-05,-5.6746744467827837e-06,1.8902144932652654e-05
1653,0.010000000000000002,0.0074999999999999997,-0.001,-9.3572855460619173e-06,-3.881908173372154e-06,1.0910176532767353e-05
1654,0.010833333333333334,0.0074999999999999997,-0.001,-6.5371243598865653e-06,-2.3006311265710506e-06,4.0550295298799707e-06
1655,0.011666666666666669,0.0074999999999999997,-0.001,-4.0034273520310664e-06,-1.0390078838204779e-06,-4.8203058300914487e-07
1656,0.012500000000000001,0.0074999999999999997,-0.001,-2.0665689144482379e-06,-3.0010435304917588e-07,-2.4509369931838235e-06
1657,0.013333333333333332,0.0074999999999999997,-0.001,-6.8385493152357681e-07,-1.3419724178488502e-07,-2.3864568719211499e-06
1658,0.014166666666666671,0.0074999999999999997,-0.001,7.8189038880669697e-07,8.4771322118630963e-08,-6.3875608912923233e-07
1659,0.015000000000000003,0.0074999999999999997,-0.001,0,0,0
1660,0.015833333333333335,0.0074999999999999997,-0.001,0,0,0
1661,0.016666666666666666,0.0074999999999999997,-0.001,0,0,0
1662,0.017500000000000005,0.0074999999999999997,-0.001,0,0,0
1663,0.018333333333333337,0.0074999999999999997,-0.001,0,0,0
1664,0.019166666666666669,0.0074999999999999997,-0.001,0,0,0
1665,0.02,0.0074999999999999997,-0.001,0,0,0
1666,-0.02,0.008333333333333335,-0.001,0,0,0
1667,-0.019166666666666669,0.008333333333333335,-0.001,0,0,0
1668,-0.018333333333333333,0.008333333333333335,-0.001,0,0,0
1669,-0.017500000000000002,0.008333333333333335,-0.001,0,0,0
1670,-0.016666666666666666,0.008333333333333335,-0.001,0,0,0
1671,-0.015833333333333335,0.008333333333333335,-0.001,0,0,0
1672,-0.014999999999999999,0.008333333333333335,-0.001,0,0,0
1673,-0.014166666666666668,0.008333333333333335,-0.001,4.2435261903189522e-07,-3.8957187194907874e-07,3.581243239210885e-07
1674,-0.013333333333333332,0.008333333333333335,-0.001,1.2315678665579932e-06,-7.5945409238411918e-07,7.9854851873708043e-07
1675,-0.012500000000000001,0.008333333333333335,-0.001,1.9960536604500399e-06,-1.1942657035574812e-06,2.1740567067715923e-06
1676,-0.011666666666666667,0.008333333333333335,-0.001,2.883079995715852e-06,-1.8961546700388996e-06,4.415483186806317e-06
1677,-0.010833333333333334,0.008333333333333335,-0.001,3.8357822688716141e-06,-2.9152011504022926e-06,7.7234122382860186e-06
1678,-0.01,0.008333333333333335,-0.001,4.8113263216625518e-06,-4.5635446403123296e-06,1.2190718456136664e-05
1679,-0.0091666666666666667,0.008333333333333335,-0.001,5.6070602839451864e-06,-7.1714997522663104e-06,1.7656999795369265e-05
1680,-0.0083333333333333332,0.008333333333333335,-0.001,5.670924208294526e-06,-1.0352916107612659e-05,2.3508026879433283e-05
1681,-0.0074999999999999997,0.008333333333333335,-0.001,3.6967674710292859e-06,-1.2414907528883525e-05,2.7944855405473572e-05
1682,-0.0066666666666666662,0.008333333333333335,-0.001,-1.7815133349115767e-06,-1.2489372821703443e-05,2.7647744429415309e-05
1683,-0.0058333333333333327,0.008333333333333335,-0.001,-1.0665739740173978e-05,-1.1237269361260331e-05,2.8435783673705703e-05
1684,-0.0049999999999999992,0.008333333333333335,-0.001,-2.2817737120514355e-05,-1.3359217292696649e-05,4.4185333257211375e-05
1685,-0.0041666666666666657,0.008333333333333335,-0.001,-2.956185090911833e-05,-1.1949600374081854e-05,2.8417694395931857e-05
1686,-0.003333333333333334,0.008333333333333335,-0.001,-3.2912647583994159e-05,-7.5760239411350233e-06,-2.8693577756036366e-06
1687,-0.0024999999999999988,0.008333333333333335,-0.001,-3.5151714787359641e-05,8.9157084346375972e-07,-6.668644578529452e-05
1688,-0.001666666666666667,0.008333333333333335,-0.001,-3.8626930414146063e-05,9.9946854841538225e-06,-0.00011473531818167668
1689,-0.00083333333333333176,0.008333333333333335,-0.001,-4.1090002424029823e-05,1.8434495406672997e-05,-0.00013943865938570514
1690,0,0.008333333333333335,-0.001,-4.3970604440113786e-05,2.3166159319539628e-05,-0.00014149963808789224
1691,0.00083333333333333523,0.008333333333333335,-0.001,-4.2667437999515512e-05,3.0531202371891986e-05,-0.00012580654714288035
1692,0.001666666666666667,0.008333333333333335,-0.001,-3.5790552638295106e-05,3.0869740703903762e-05,-0.00011072508940829673
1693,0.0025000000000000022,0.008333333333333335,-0.001,-2.7074137431269712e-05,2.9746110957448344e-05,-8.7539794537432012e-05
1694,0.003333333333333334,0.008333333333333335,-0.001,-2.1856647581290145e-05,2.2438376125527345e-05,-3.1108208212073513e-05
1695,0.0041666666666666692,0.008333333333333335,-0.001,-2.1482887865568479e-05,1.6625386080212031e-05,2.362668699891903e-05
1696,0.005000000000000001,0.008333333333333335,-0.001,-1.8833039686731976e-05,1.1397675711940439e-05,4.7749400336755276e-05
1697,0.0058333333333333362,0.008333333333333335,-0.001,-1.2916653549701575e-05,4.7298917937749737e-06,3.6684567597679757e-05
1698,0.006666666666666668,0.008333333333333335,-0.001,-1.0184247929142893e-05,-3.582082253022254e-06,2.836623235125071e-05
1699,0.0074999999999999997,0.008333333333333335,-0.001,-9.6430699008300911e-06,-7.4859378231189584e-06,2.556345186477641e-05
1700,0.008333333333333335,0.008333333333333335,-0.001,-9.9471693752715763e-06,-7.4090329110268418e-06,2.0912005555992538e-05
1701,0.0091666666666666667,0.008333333333333335,-0.001,-8.9396721925732254e-06,-5.6347326542663077e-06,1.4335497006195452e-05
1702,0.010000000000000002,0.008333333333333335,-0.001,-6.8774302245140609e-06,-3.7097108840272333e-06,7.7288970080501316e-06
1703,0.010833333333333334,0.008333333333333335,-0.001,-4.5754397401752325e-06,-2.0319892493166163e-06,2.4416994887804321e-06
1704,0.011666666666666669,0.008333333333333335,-0.001,-2.7669987057480116e-06,-9.0009766982786436e-07,-7.104302253602923e-07
1705,0.012500000000000001,0.008333333333333335,-0.001,-1.4485106045233413e-06,-2.9745075723575966e-07,-1.8817272598401858e-06
1706,0.013333333333333332,0.008333333333333335,-0.001,-4.5259585621832917e-07,-1.3492833433793488e-07,-1.7172822026869751e-06
1707,0.014166666666666671,0.008333333333333335,-0.001,4.6487442528734964e-07,1.0673545243155638e-08,-4.5235136357884317e-07
1708,0.015000000000000003,0.008333333333333335,-0.001,0,0,0
1709,0.015833333333333335,0.008333333333333335,-0.001,0,0,0
1710,0.016666666666666666,0.008333333333333335,-0.001,0,0,0
1711,0.017500000000000005,0.008333333333333335,-0.001,0,0,0
1712,0.018333333333333337,0.008333333333333335,-0.001,0,0,0
1713,0.019166666666666669,0.008333333333333335,-0.001,0,0,0
1714,0.02,0.008333333333333335,-0.001,0,0,0
1715,-0.02,0.0091666666666666667,-0.001,0,0,0
1716,-0.019166666666666669,0.0091666666666666667,-0.001,0,0,0
1717,-0.018333333333333333,0.0091666666666666667,-0.001,0,0,0
1718,-0.017500000000000002,0.0091666666666666667,-0.001,0,0,0
1719,-0.016666666666666666,0.0091666666666666667,-0.001,0,0,0
1720,-0.015833333333333335,0.0091666666666666667,-0.001,0,0,0
1721,-0.014999999999999999,0.0091666666666666667,-0.001,0,0,0
1722,-0.014166666666666668,0.0091666666666666667,-0.001,3.4795026728581444e-07,-3.3808704424426228e-07,2.1532726384388014e-07
1723,-0.013333333333333332,0.0091666666666666667,-0.001,8.6609433286595475e-07,-6.6898453540953417e-07,5.4466823125427263e-07
1724,-0.012500000000000001,0.0091666666666666667,-0.001,1.4035894129232195e-06,-1.0453549922123967e-06,1.484221024395979e-06
1725,-0.011666666666666667,0.0091666666666666667,-0.001,2.0153797223186929e-06,-1.616791641693223e-06,3.0141510406684366e-06
1726,-0.010833333333333334,0.0091666666666666667,-0.001,2.7117444681411108e-06,-2.4775382822038331e-06,5.2248437253063638e-06
1727,-0.01,0.0091666666666666667,-0.001,3.426540032650706e-06,-3.7063753183772797e-06,8.2458672352937789e-06
1728,-0.0091666666666666667,0.0091666666666666667,-0.001,4.0794922429918655e-06,-5.5872454820173439e-06,1.2040129833426013e-05
1729,-0.0083333333333333332,0.0091666666666666667,-0.001,4.4438602176714616e-06,-8.338406447660827e-06,1.6399070154775215e-05
1730,-0.0074999999999999997,0.0091666666666666667,-0.001,4.0386863767622387e-06,-1.1280996814651344e-05,2.0698755662986524e-05
1731,-0.0066666666666666662,0.0091666666666666667,-0.001,2.4239589922166764e-06,-1.3613224564968532e-05,2.3858663599361145e-05
1732,-0.0058333333333333327,0.0091666666666666667,-0.001,-3.0970869951428413e-07,-1.4129637397976991e-05,2.445133065844944e-05
1733,-0.0049999999999999992,0.0091666666666666667,-0.001,-7.3128473783349357e-06,-1.5967813446168888e-05,2.5087119369545744e-05
1734,-0.0041666666666666657,0.0091666666666666667,-0.001,-1.6638336861863591e-05,-1.6161152773712226e-05,3.7364412630313364e-05
1735,-0.003333333333333334,0.0091666666666666667,-0.001,-2.3164584116510945e-05,-1.5058147025672208e-05,4.9755853717599971e-05
1736,-0.0024999999999999988,0.0091666666666666667,-0.001,-2.6031180372945155e-05,-1.2476180285795475e-05,4.2999314619961126e-05
1737,-0.001666666666666667,0.0091666666666666667,-0.001,-3.0008352767449304e-05,-7.8080819954072228e-06,2.4572500110931252e-05
1738,-0.00083333333333333176,0.0091666666666666667,-0.001,-3.1282108324682371e-05,-2.7930720458966531e-06,1.8756724669374263e-05
1739,0,0.0091666666666666667,-0.001,-3.1381701590522356e-05,4.6139204135585942e-07,1.6981853156910277e-05
1740,0.00083333333333333523,0.0091666666666666667,-0.001,-3.0328698643451236e-05,5.4221008175703531e-06,1.7979701280299312e-05
1741,0.001666666666666667,0.0091666666666666667,-0.001,-3.0156493897176829e-05,5.3822095206266059e-06,2.370772326277763e-05
1742,0.0025000000000000022,0.0091666666666666667,-0.001,-2.677777003007294e-05,5.5723739887594314e-06,3.7251793497383346e-05
1743,0.003333333333333334,0.0091666666666666667,-0.001,-2.0486449623271781e-05,3.6985501496159216e-06,4.543374460022225e-05
1744,0.0041666666666666692,0.0091666666666666667,-0.001,-1.5165397977076517e-05,7.0159165024152036e-08,3.6447170804278068e-05
1745,0.005000000000000001,0.0091666666666666667,-0.001,-1.1982417668979671e-05,-4.8587252509547159e-06,2.3974355271700315e-05
1746,0.0058333333333333362,0.0091666666666666667,-0.001,-9.133746460278855e-06,-7.9332967970153398e-06,2.439134295184355e-05
1747,0.006666666666666668,0.0091666666666666667,-0.001,-8.4663311157337915e-06,-9.7794516315101007e-06,2.330710949251963e-05
1748,0.0074999999999999997,0.0091666666666666667,-0.001,-8.4638696288944354e-06,-8.915061072840226e-06,1.9852629881905683e-05
1749,0.008333333333333335,0.0091666666666666667,-0.001,-7.7386205518035272e-06,-7.1421092602212271e-06,1.4990206280552722e-05
1750,0.0091666666666666667,0.0091666666666666667,-0.001,-6.4077730899358833e-06,-5.1028850999615901e-06,9.6038444604504337e-06
1751,0.010000000000000002,0.0091666666666666667,-0.001,-4.6368578897175763e-06,-3.1629409023673952e-06,4.661055766699512e-06
1752,0.010833333333333334,0.0091666666666666667,-0.001,-3.0682349850335009e-06,-1.6789729977379141e-06,1.0433822653540523e-06
1753,0.011666666666666669,0.0091666666666666667,-0.001,-1.8641622513147365e-06,-7.4937409049176224e-07,-8.4942974620200876e-07
1754,0.012500000000000001,0.0091666666666666667,-0.001,-9.3057899547489841e-07,-2.8377861971343964e-07,-1.4395205676489762e-06
1755,0.013333333333333332,0.0091666666666666667,-0.001,-2.5484861755569374e-07,-1.3577071318317527e-07,-1.1876253378963313e-06
1756,0.014166666666666671,0.0091666666666666667,-0.001,2.6261371401651764e-07,-2.8763890186669756e-08,-3.0097118471705715e-07
1757,0.015000000000000003,0.0091666666666666667,-0.001,0,0,0
1758,0.015833333333333335,0.0091666666666666667,-0.001,0,0,0
1759,0.016666666666666666,0.0091666666666666667,-0.001,0,0,0
1760,0.017500000000000005,0.0091666666666666667,-0.001,0,0,0
1761,0.018333333333333337,0.0091666666666666667,-0.001,0,0,0
1762,0.019166666666666669,0.0091666666666666667,-0.001,0,0,0
1763,0.02,0.0091666666666666667,-0.001,0,0,0
1764,-0.02,0.010000000000000002,-0.001,0,0,0
1765,-0.019166666666666669,0.010000000000000002,-0.001,0,0,0
1766,-0.018333333333333333,0.010000000000000002,-0.001,0,0,0
1767,-0.017500000000000002,0.010000000000000002,-0.001,0,0,0
1768,-0.016666666666666666,0.010000000000000002,-0.001,0,0,0
1769,-0.015833333333333335,0.010000000000000002,-0.001,0,0,0
1770,-0.014999999999999999,0.010000000000000002,-0.001,0,0,0
1771,-0.014166666666666668,0.010000000000000002,-0.001,2.453091974691613e-07,-2.9162610698656758e-07,9.3117292505666003e-08
1772,-0.013333333333333332,0.010000000000000002,-0.001,6.050175999139706e-07,-5.6983233276983109e-07,2.9698509173849573e-07
1773,-0.012500000000000001,0.010000000000000002,-0.001,9.9499345730781335e-07,-8.9915364891386935e-07,8.9067251086346985e-07
1774,-0.011666666666666667,0.010000000000000002,-0.001,1.3830720830074736e-06,-1.3259930372001309e-06,1.8549764687374551e-06
1775,-0.010833333333333334,0.010000000000000002,-0.001,1.7989429386550518e-06,-1.9654641179289353e-06,3.2103370775878376e-06
1776,-0.01,0.010000000000000002,-0.001,2.2587977574196689e-06,-2.9294418991999907e-06,4.9574192582656367e-06
1777,-0.0091666666666666667,0.010000000000000002,-0.001,2.6938125981994416e-06,-4.2338438935726636e-06,7.1900989761092457e-06
1778,-0.0083333333333333332,0.010000000000000002,-0.001,3.0136845595163839e-06,-6.0950250470992985e-06,9.8238449090587807e-06
1779,-0.0074999999999999997,0.010000000000000002,-0.001,3.0491093299152712e-06,-8.5846494877866247e-06,1.2590055742429342e-05
1780,-0.0066666666666666662,0.010000000000000002,-0.001,2.6284273671710193e-06,-1.1432012156201816e-05,1.531393226286586e-05
1781,-0.0058333333333333327,0.010000000000000002,-0.001,1.7687179222120506e-06,-1.4092153293630326e-05,1.7497660904507098e-05
1782,-0.0049999999999999992,0.010000000000000002,-0.001,9.9536541887322601e-08,-1.6406303865894549e-05,1.8457084071470918e-05
1783,-0.0041666666666666657,0.010000000000000002,-0.001,-2.5429128738393629e-06,-1.8684957686945032e-05,1.8167755329453393e-05
1784,-0.003333333333333334,0.010000000000000002,-0.001,-6.5699519404813531e-06,-2.0116398240632622e-05,1.7274606940445569e-05
1785,-0.0024999999999999988,0.010000000000000002,-0.001,-1.0294808659174213e-05,-1.9394443830971691e-05,1.5358280055598037e-05
1786,-0.001666666666666667,0.010000000000000002,-0.001,-1.5912513745833882e-05,-1.8238219757264524e-05,2.5036269944523253e-05
1787,-0.00083333333333333176,0.010000000000000002,-0.001,-1.9811033172094178e-05,-1.6719714185204964e-05,3.9905923680319336e-05
1788,0,0.010000000000000002,-0.001,-2.0885117039402994e-05,-1.5094297553695238e-05,4.3049711672362941e-05
1789,0.00083333333333333523,0.010000000000000002,-0.001,-1.9285861826146901e-05,-1.1501725117588995e-05,4.5394525107377881e-05
1790,0.001666666666666667,0.010000000000000002,-0.001,-1.8217459327294209e-05,-9.9368937463893824e-06,3.3618229670423924e-05
1791,0.0025000000000000022,0.010000000000000002,-0.001,-1.555369372922621e-05,-8.4596418719673712e-06,2.0977098855825675e-05
1792,0.003333333333333334,0.010000000000000002,-0.001,-1.1414651165728903e-05,-1.0030243580516102e-05,1.7201829200943955e-05
1793,0.0041666666666666692,0.010000000000000002,-0.001,-8.9958881810287558e-06,-1.1661574374925596e-05,1.9064610898506537e-05
1794,0.005000000000000001,0.010000000000000002,-0.001,-7.8766204168028344e-06,-1.1823156551719112e-05,1.8964086555017619e-05
1795,0.0058333333333333362,0.010000000000000002,-0.001,-6.8159465951714784e-06,-1.1207163319369216e-05,1.8037717538213329e-05
1796,0.006666666666666668,0.010000000000000002,-0.001,-6.6869359793919201e-06,-9.9669358029182738e-06,1.602065214275116e-05
1797,0.0074999999999999997,0.010000000000000002,-0.001,-6.1401014237135986e-06,-8.0890654218857703e-06,1.2868906554492193e-05
1798,0.008333333333333335,0.010000000000000002,-0.001,-5.2537147522739223e-06,-6.09878339284856e-06,9.1744800880141029e-06
1799,0.0091666666666666667,0.010000000000000002,-0.001,-4.1311624373634275e-06,-4.1378745014540414e-06,5.3662139595373415e-06
1800,0.010000000000000002,0.010000000000000002,-0.001,-3.010659905821854e-06,-2.4862674113504305e-06,2.119913842692296e-06
1801,0.010833333333333334,0.010000000000000002,-0.001,-2.017627236763951e-06,-1.3004539527359062e-06,5.5307193816321828e-08
1802,0.011666666666666669,0.010000000000000002,-0.001,-1.185480350259421e-06,-5.9286890541866206e-07,-9.1958447706089825e-07
1803,0.012500000000000001,0.010000000000000002,-0.001,-5.4314450471601697e-07,-2.4639891340458726e-07,-1.1181613930734788e-06
1804,0.013333333333333332,0.010000000000000002,-0.001,-1.3703250011036629e-07,-1.4047063759713292e-07,-8.0991862022260339e-07
1805,0.014166666666666671,0.010000000000000002,-0.001,1.1435652966920179e-07,-5.8976147366609891e-08,-2.1650787097264211e-07
1806,0.015000000000000003,0.010000000000000002,-0.001,0,0,0
1807,0.015833333333333335,0.010000000000000002,-0.001,0,0,0
1808,0.016666666666666666,0.010000000000000002,-0.001,0,0,0
1809,0.017500000000000005,0.010000000000000002,-0.001,0,0,0
1810,0.018333333333333337,0.010000000000000002,-0.001,0,0,0
1811,0.019166666666666669,0.010000000000000002,-0.001,0,0,0
1812,0.02,0.010000000000000002,-0.001,0,0,0
1813,-0.02,0.010833333333333334,-0.001,0,0,0
1814,-0.019166666666666669,0.010833333333333334,-0.001,0,0,0
1815,-0.018333333333333333,0.010833333333333334,-0.001,0,0,0
1816,-0.017500000000000002,0.010833333333333334,-0.001,0,0,0
1817,-0.016666666666666666,0.010833333333333334,-0.001,0,0,0
1818,-0.015833333333333335,0.010833333333333334,-0.001,0,0,0
1819,-0.014999999999999999,0.010833333333333334,-0.001,0,0,0
1820,-0.014166666666666668,0.010833333333333334,-0.001,1.752739448396574e-07,-2.3924569966748752e-07,1.662822494230453e-08
1821,-0.013333333333333332,0.010833333333333334,-0.001,4.2923346643452114e-07,-4.7231386492346005e-07,9.3638627481276768e-08
1822,-0.012500000000000001,0.010833333333333334,-0.001,6.9689908753392597e-07,-7.3007641678870679e-07,4.1847310725716461e-07
1823,-0.011666666666666667,0.010833333333333334,-0.001,9.5452699971753339e-07,-1.0535391342515e-06,9.691724842568872e-07
1824,-0.010833333333333334,0.010833333333333334,-0.001,1.1743824677173045e-06,-1.475498548403663e-06,1.7214937596088759e-06
1825,-0.01,0.010833333333333334,-0.001,1.3874598964059838e-06,-2.1323850823066005e-06,2.6131181157263483e-06
1826,-0.0091666666666666667,0.010833333333333334,-0.001,1.6165866590270222e-06,-3.0919945691677171e-06,3.6015655064965493e-06
1827,-0.0083333333333333332,0.010833333333333334,-0.001,1.8219198000843411e-06,-4.3272300578628487e-06,4.7618434956494691e-06
1828,-0.0074999999999999997,0.010833333333333334,-0.001,1.9255134350210523e-06,-5.9282389273693145e-06,6.040626254818919e-06
1829,-0.0066666666666666662,0.010833333333333334,-0.001,1.8309807356627679e-06,-7.9467097245827263e-06,7.2304618363816507e-06
1830,-0.0058333333333333327,0.010833333333333334,-0.001,1.4776146163931359e-06,-1.0276566440947041e-05,8.2872886685335302e-06
1831,-0.0049999999999999992,0.010833333333333334,-0.001,8.7774492999195744e-07,-1.2903685390870508e-05,9.07277091862177e-06
1832,-0.0041666666666666657,0.010833333333333334,-0.001,-2.6866139372555884e-07,-1.5347606746027712e-05,9.5063316118516242e-06
1833,-0.003333333333333334,0.010833333333333334,-0.001,-1.6251901555272703e-06,-1.7014902022261155e-05,9.3696609555461399e-06
1834,-0.0024999999999999988,0.010833333333333334,-0.001,-1.9755104311094559e-06,-1.8400674748002921e-05,9.7329057227520109e-06
1835,-0.001666666666666667,0.010833333333333334,-0.001,-3.5988003574284641e-06,-1.9913457152264947e-05,1.2198041416933304e-05
1836,-0.00083333333333333176,0.010833333333333334,-0.001,-5.8372833358733861e-06,-2.1641587209010547e-05,1.5066687417183683e-05
1837,0,0.010833333333333334,-0.001,-8.0172886157367206e-06,-2.1485338149325105e-05,1.6620386008765916e-05
1838,0.00083333333333333523,0.010833333333333334,-0.001,-8.8329850674468896e-06,-1.9933632360873186e-05,1.6729104254857536e-05
1839,0.001666666666666667,0.010833333333333334,-0.001,-9.1712305726187482e-06,-1.7482872701419705e-05,1.4615063089200764e-05
1840,0.0025000000000000022,0.010833333333333334,-0.001,-7.8456519263795593e-06,-1.4761979407193843e-05,1.2037394167112582e-05
1841,0.003333333333333334,0.010833333333333334,-0.001,-5.8499680363622154e-06,-1.372820894678525e-05,1.1141333018045325e-05
1842,0.0041666666666666692,0.010833333333333334,-0.001,-5.2732146493038035e-06,-1.2946146877383282e-05,1.1302876211265454e-05
1843,0.005000000000000001,0.010833333333333334,-0.001,-5.1804369755356539e-06,-1.1574734663232628e-05,1.0937342162279039e-05
1844,0.0058333333333333362,0.010833333333333334,-0.001,-4.642303048118674e-06,-9.8810417102367193e-06,1.0045574507303026e-05
1845,0.006666666666666668,0.010833333333333334,-0.001,-4.2316820806661549e-06,-8.2382983807686909e-06,8.6076546099094514e-06
1846,0.0074999999999999997,0.010833333333333334,-0.001,-3.7878196009067614e-06,-6.4461271916077462e-06,6.6779547611599901e-06
1847,0.008333333333333335,0.010833333333333334,-0.001,-3.1856993829856714e-06,-4.655294220333492e-06,4.3570473669978362e-06
1848,0.0091666666666666667,0.010833333333333334,-0.001,-2.5714291379930892e-06,-3.0693201337487645e-06,2.0909269605786541e-06
1849,0.010000000000000002,0.010833333333333334,-0.001,-1.9177268294271292e-06,-1.8014272339181562e-06,4.1817502863475751e-07
1850,0.010833333333333334,0.010833333333333334,-0.001,-1.272156696454222e-06,-9.1989732182245755e-07,-5.388103857420068e-07
1851,0.011666666666666669,0.010833333333333334,-0.001,-7.3134273844192739e-07,-4.2763627071292572e-07,-9.2060754220416349e-07
1852,0.012500000000000001,0.010833333333333334,-0.001,-3.6845755675781405e-07,-2.2781886432743728e-07,-8.5886823231745154e-07
1853,0.013333333333333332,0.010833333333333334,-0.001,-1.1657483333881645e-07,-1.4818391273174313e-07,-5.58228416498604e-07
1854,0.014166666666666671,0.010833333333333334,-0.001,2.9443822725120423e-08,-7.7589995696854168e-08,-1.5224805298443612e-07
1855,0.015000000000000003,0.010833333333333334,-0.001,0,0,0
1856,0.015833333333333335,0.010833333333333334,-0.001,0,0,0
1857,0.016666666666666666,0.010833333333333334,-0.001,0,0,0
1858,0.017500000000000005,0.010833333333333334,-0.001,0,0,0
1859,0.018333333333333337,0.010833333333333334,-0.001,0,0,0
1860,0.019166666666666669,0.010833333333333334,-0.001,0,0,0
1861,0.02,0.010833333333333334,-0.001,0,0,0
1862,-0.02,0.011666666666666669,-0.001,0,0,0
1863,-0.019166666666666669,0.011666666666666669,-0.001,0,0,0
1864,-0.018333333333333333,0.011666666666666669,-0.001,0,0,0
1865,-0.017500000000000002,0.011666666666666669,-0.001,0,0,0
1866,-0.016666666666666666,0.011666666666666669,-0.001,0,0,0
1867,-0.015833333333333335,0.011666666666666669,-0.001,0,0,0
1868,-0.014999999999999999,0.011666666666666669,-0.001,0,0,0
1869,-0.014166666666666668,0.011666666666666669,-0.001,1.1303489284355819e-07,-1.826831459597298e-07,-1.5021431685970255e-08
1870,-0.013333333333333332,0.011666666666666669,-0.001,2.9594876907513249e-07,-3.6046549877130606e-07,-4.2600541915604594e-08
1871,-0.012500000000000001,0.011666666666666669,-0.001,4.9262698637326191e-07,-5.5808432270346244e-07,9.0919450179510342e-08
1872,-0.011666666666666667,0.011666666666666669,-0.001,6.6047942500428808e-07,-7.7831081407186045e-07,3.633232311860506e-07
1873,-0.010833333333333334,0.011666666666666669,-0.001,7.8582939195326883e-07,-1.0586930205481932e-06,7.2159527949413311e-07
1874,-0.01,0.011666666666666669,-0.001,8.5504757620892625e-07,-1.4373287649675108e-06,1.0948955520347669e-06
1875,-0.0091666666666666667,0.011666666666666669,-0.001,9.0934128450575158e-07,-2.0470955120527728e-06,1.388150932449672e-06
1876,-0.0083333333333333332,0.011666666666666669,-0.001,9.7054334649583844e-07,-2.8726906888290679e-06,1.5614223081656117e-06
1877,-0.0074999999999999997,0.011666666666666669,-0.001,1.024635183115045e-06,-3.8723729158378813e-06,1.6811375444456536e-06
1878,-0.0066666666666666662,0.011666666666666669,-0.001,1.0426684013933755e-06,-5.1415404769844705e-06,1.7428766965242787e-06
1879,-0.0058333333333333327,0.011666666666666669,-0.001,9.663499816008387e-07,-6.6686766645693351e-06,1.6321050104761468e-06
1880,-0.0049999999999999992,0.011666666666666669,-0.001,7.0401419678161923e-07,-8.3607960025428407e-06,1.3339298474294135e-06
1881,-0.0041666666666666657,0.011666666666666669,-0.001,2.3632841289767933e-07,-1.0068520542715993e-05,8.4848765107132938e-07
1882,-0.003333333333333334,0.011666666666666669,-0.001,-3.0094542665701856e-07,-1.1746323234343418e-05,5.1543605649180385e-07
1883,-0.0024999999999999988,0.011666666666666669,-0.001,-5.4767722528953633e-07,-1.31810728009625e-05,8.5875826080050705e-07
1884,-0.001666666666666667,0.011666666666666669,-0.001,-9.8230551226555095e-07,-1.4817333507088712e-05,1.9814049079674534e-06
1885,-0.00083333333333333176,0.011666666666666669,-0.001,-1.991112800447375e-06,-1.5992347675158044e-05,3.4511131556173424e-06
1886,0,0.011666666666666669,-0.001,-3.0809701258633377e-06,-1.6340717771022326e-05,4.3926936292744869e-06
1887,0.00083333333333333523,0.011666666666666669,-0.001,-3.8952183680885837e-06,-1.5806438451762599e-05,4.6853624277834007e-06
1888,0.001666666666666667,0.011666666666666669,-0.001,-4.5395608731662738e-06,-1.4717176361385585e-05,4.1323372940432065e-06
1889,0.0025000000000000022,0.011666666666666669,-0.001,-4.3889864335505418e-06,-1.3019408803109779e-05,3.5055081013336274e-06
1890,0.003333333333333334,0.011666666666666669,-0.001,-3.6925235497719214e-06,-1.169104847847994e-05,3.1706343367811196e-06
1891,0.0041666666666666692,0.011666666666666669,-0.001,-3.2695890557916279e-06,-1.032283159384998e-05,3.3492120411105619e-06
1892,0.005000000000000001,0.011666666666666669,-0.001,-2.8796818505488415e-06,-8.9200675215746142e-06,3.5244488047879029e-06
1893,0.0058333333333333362,0.011666666666666669,-0.001,-2.5486043137258343e-06,-7.4780250096138784e-06,3.422931449495122e-06
1894,0.006666666666666668,0.011666666666666669,-0.001,-2.3490582908780032e-06,-6.0507196299773882e-06,2.9265874494926278e-06
1895,0.0074999999999999997,0.011666666666666669,-0.001,-2.1324820877548688e-06,-4.5976137212980937e-06,2.0566757827311315e-06
1896,0.008333333333333335,0.011666666666666669,-0.001,-1.9039377877298204e-06,-3.2373258880874136e-06,9.9388506904081944e-07
1897,0.0091666666666666667,0.011666666666666669,-0.001,-1.5861161434505463e-06,-2.0811016653539931e-06,9.3180814042700154e-08
1898,0.010000000000000002,0.011666666666666669,-0.001,-1.1869590096080412e-06,-1.1670122933996439e-06,-5.0706777490504811e-07
1899,0.010833333333333334,0.011666666666666669,-0.001,-7.8937543141453013e-07,-5.6614236982480959e-07,-8.0112222908380565e-07
1900,0.011666666666666669,0.011666666666666669,-0.001,-5.1008576510893302e-07,-3.0613876620976007e-07,-8.140688737243123e-07
1901,0.012500000000000001,0.011666666666666669,-0.001,-2.8717511370808896e-07,-1.9069084080123202e-07,-6.4886899838753857e-07
1902,0.013333333333333332,0.011666666666666669,-0.001,-1.1936469755786085e-07,-1.367098121897507e-07,-3.8278984126114625e-07
1903,0.014166666666666671,0.011666666666666669,-0.001,-1.4173125246153157e-08,-8.0490589715286125e-08,-8.7079566200646075e-08
1904,0.015000000000000003,0.011666666666666669,-0.001,0,0,0
1905,0.015833333333333335,0.011666666666666669,-0.001,0,0,0
1906,0.016666666666666666,0.011666666666666669,-0.001,0,0,0
1907,0.017500000000000005,0.011666666666666669,-0.001,0,0,0
1908,0.018333333333333337,0.011666666666666669,-0.001,0,0,0
1909,0.019166666666666669,0.011666666666666669,-0.001,0,0,0
1910,0.02,0.011666666666666669,-0.001,0,0,0
1911,-0.02,0.012500000000000001,-0.001,0,0,0
1912,-0.019166666666666669,0.012500000000000001,-0.001,0,0,0
1913,-0.018333333333333333,0.012500000000000001,-0.001,0,0,0
1914,-0.017500000000000002,0.012500000000000001,-0.001,0,0,0
1915,-0.016666666666666666,0.012500000000000001,-0.001,0,0,0
1916,-0.015833333333333335,0.012500000000000001,-0.001,0,0,0
1917,-0.014999999999999999,0.012500000000000001,-0.001,0,0,0
1918,-0.014166666666666668,0.012500000000000001,-0.001,7.9605507524733195e-08,-1.3234439198218902e-07,-1.6831816001060587e-08
1919,-0.013333333333333332,0.012500000000000001,-0.001,2.054332708390389e-07,-2.5060549154962787e-07,-8.8027110175301039e-08
1920,-0.012500000000000001,0.012500000000000001,-0.001,3.3715695534019326e-07,-3.7420548904418426e-07,-7.6103427030147825e-08
1921,-0.011666666666666667,0.012500000000000001,-0.001,4.5761969260390282e-07,-5.2049658180174201e-07,2.1265653318640965e-08
1922,-0.010833333333333334,0.012500000000000001,-0.001,5.291561554627353e-07,-6.828090994515859e-07,1.5946531335155147e-07
1923,-0.01,0.012500000000000001,-0.001,5.563125873884348e-07,-8.9804808334145058e-07,2.5954099590816217e-07
1924,-0.0091666666666666667,0.012500000000000001,-0.001,5.3135904561863135e-07,-1.2055727755262618e-06,2.2888033489078791e-07
1925,-0.0083333333333333332,0.012500000000000001,-0.001,5.1233429411344804e-07,-1.7076779575929851e-06,-2.57406289062582e-09
1926,-0.0074999999999999997,0.012500000000000001,-0.001,4.9930457310706835e-07,-2.3149581154867391e-06,-4.5289966003146666e-07
1927,-0.0066666666666666662,0.012500000000000001,-0.001,4.8687004244306177e-07,-3.0370285539873999e-06,-1.0780582972311626e-06
1928,-0.0058333333333333327,0.012500000000000001,-0.001,4.6060529765922508e-07,-3.9522771168870356e-06,-1.8468608531394826e-06
1929,-0.0049999999999999992,0.012500000000000001,-0.001,3.9326585083071121e-07,-4.9821482001509799e-06,-2.7604216176129548e-06
1930,-0.0041666666666666657,0.012500000000000001,-0.001,3.0375628141031687e-07,-6.0636635982593763e-06,-3.7302865750559692e-06
1931,-0.003333333333333334,0.012500000000000001,-0.001,1.9418487792002066e-07,-7.0970763256810007e-06,-4.5511124728659784e-06
1932,-0.0024999999999999988,0.012500000000000001,-0.001,1.4273527614207811e-07,-8.0907005926233797e-06,-4.9317625461785844e-06
1933,-0.001666666666666667,0.012500000000000001,-0.001,-7.4580880336967348e-08,-9.1152014978883447e-06,-4.7992508573220071e-06
1934,-0.00083333333333333176,0.012500000000000001,-0.001,-5.1228167423448526e-07,-9.848190064300576e-06,-4.3359481870720637e-06
1935,0,0.012500000000000001,-0.001,-1.0724826944054603e-06,-1.0236681757182465e-05,-3.8195527972539739e-06
1936,0.00083333333333333523,0.012500000000000001,-0.001,-1.6186895758846792e-06,-1.0156845724935081e-05,-3.4339052080460232e-06
1937,0.001666666666666667,0.012500000000000001,-0.001,-2.0061902875671449e-06,-9.7803549953240671e-06,-3.2115772673930149e-06
1938,0.0025000000000000022,0.012500000000000001,-0.001,-2.0378218263663637e-06,-8.9616152821247401e-06,-2.9602894622796305e-06
1939,0.003333333333333334,0.012500000000000001,-0.001,-1.7875231318510635e-06,-8.0322963134920048e-06,-2.5231155997369309e-06
1940,0.0041666666666666692,0.012500000000000001,-0.001,-1.5637253936419524e-06,-6.981691624334615e-06,-1.9113215680407615e-06
1941,0.005000000000000001,0.012500000000000001,-0.001,-1.3792606337922724e-06,-5.912741088848335e-06,-1.3450487474261147e-06
1942,0.0058333333333333362,0.012500000000000001,-0.001,-1.2932087187106829e-06,-4.9040248470784657e-06,-9.1976073201912032e-07
1943,0.006666666666666668,0.012500000000000001,-0.001,-1.2688185509123925e-06,-3.9110910243023511e-06,-6.8619477331267891e-07
1944,0.0074999999999999997,0.012500000000000001,-0.001,-1.2381791616074865e-06,-2.8913293144807543e-06,-6.539838212856594e-07
1945,0.008333333333333335,0.012500000000000001,-0.001,-1.1391882624633815e-06,-1.9828742447318342e-06,-7.1356074892633721e-07
1946,0.0091666666666666667,0.012500000000000001,-0.001,-9.5437457185355711e-07,-1.2088791157922891e-06,-7.8600987824252387e-07
1947,0.010000000000000002,0.012500000000000001,-0.001,-7.1493799993100537e-07,-6.0249646791007777e-07,-8.1871534107161426e-07
1948,0.010833333333333334,0.012500000000000001,-0.001,-5.2565527975062195e-07,-2.9564565690880033e-07,-7.521423441766098e-07
1949,0.011666666666666669,0.012500000000000001,-0.001,-3.7731878106125088e-07,-1.7952766790913971e-07,-6.2408282263817594e-07
1950,0.012500000000000001,0.012500000000000001,-0.001,-2.4063107488535736e-07,-1.3296658261622123e-07,-4.4006833838569751e-07
1951,0.013333333333333332,0.012500000000000001,-0.001,-1.2770550124437772e-07,-1.1165506322107876e-07,-2.2947528946506182e-07
1952,0.014166666666666671,0.012500000000000001,-0.001,-3.9655032407875121e-08,-7.2404898490110382e-08,-3.296634453130887e-08
1953,0.015000000000000003,0.012500000000000001,-0.001,0,0,0
1954,0.015833333333333335,0.012500000000000001,-0.001,0,0,0
1955,0.016666666666666666,0.012500000000000001,-0.001,0,0,0
1956,0.017500000000000005,0.012500000000000001,-0.001,0,0,0
1957,0.018333333333333337,0.012500000000000001,-0.001,0,0,0
1958,0.019166666666666669,0.012500000000000001,-0.001,0,0,0
1959,0.02,0.012500000000000001,-0.001,0,0,0
1960,-0.02,0.013333333333333332,-0.001,0,0,0
1961,-0.019166666666666669,0.013333333333333332,-0.001,0,0,0
1962,-0.018333333333333333,0.013333333333333332,-0.001,0,0,0
1963,-0.017500000000000002,0.013333333333333332,-0.001,0,0,0
1964,-0.016666666666666666,0.013333333333333332,-0.001,0,0,0
1965,-0.015833333333333335,0.013333333333333332,-0.001,0,0,0
1966,-0.014999999999999999,0.013333333333333332,-0.001,0,0,0
1967,-0.014166666666666668,0.013333333333333332,-0.001,6.0978093974491896e-08,-8.7710578700440265e-08,-4.7576081772823955e-09
1968,-0.013333333333333332,0.013333333333333332,-0.001,1.4417641919047782e-07,-1.5194021988262664e-07,-6.985041391756224e-08
1969,-0.012500000000000001,0.013333333333333332,-0.001,2.2380377922541445e-07,-2.1109804370305598e-07,-9.7317233289615767e-08
1970,-0.011666666666666667,0.013333333333333332,-0.001,2.9751666418241485e-07,-2.8386954073963842e-07,-9.2636117267570995e-08
1971,-0.010833333333333334,0.013333333333333332,-0.001,3.5054784416473164e-07,-3.6931823983144409e-07,-6.031235207318191e-08
1972,-0.01,0.013333333333333332,-0.001,3.7092195037957703e-07,-4.6660856319778023e-07,-6.277446707582135e-08
1973,-0.0091666666666666667,0.013333333333333332,-0.001,3.6190112938885768e-07,-5.9495301175762389e-07,-1.682422405119501e-07
1974,-0.0083333333333333332,0.013333333333333332,-0.001,3.3856250913076672e-07,-8.0699683575960689e-07,-4.6250958331403021e-07
1975,-0.0074999999999999997,0.013333333333333332,-0.001,3.1664808022042692e-07,-1.093259805886053e-06,-9.7690129678570645e-07
1976,-0.0066666666666666662,0.013333333333333332,-0.001,2.8842771594310281e-07,-1.3843507676803659e-06,-1.6511891866045424e-06
1977,-0.0058333333333333327,0.013333333333333332,-0.001,2.3715351906851653e-07,-1.6617964642674824e-06,-2.4898107729490038e-06
1978,-0.0049999999999999992,0.013333333333333332,-0.001,1.8767247335139017e-07,-1.9598459859545419e-06,-3.4828541244716408e-06
1979,-0.0041666666666666657,0.013333333333333332,-0.001,1.7476580765906475e-07,-2.2731325607867888e-06,-4.5188114417024912e-06
1980,-0.003333333333333334,0.013333333333333332,-0.001,2.2854697810616734e-07,-2.6218492035278746e-06,-5.4356258553799938e-06
1981,-0.0024999999999999988,0.013333333333333332,-0.001,2.8088468833906694e-07,-3.0125556600124821e-06,-6.0527534552158013e-06
1982,-0.001666666666666667,0.013333333333333332,-0.001,2.6560097465233674e-07,-3.449662802983734e-06,-6.2972545260160066e-06
1983,-0.00083333333333333176,0.013333333333333332,-0.001,7.6014825977790982e-08,-3.9184658404203092e-06,-6.2552121809808154e-06
1984,0,0.013333333333333332,-0.001,-2.4695734203500218e-07,-4.298066910044465e-06,-6.0624298912082548e-06
1985,0.00083333333333333523,0.013333333333333332,-0.001,-5.8876911848578163e-07,-4.4664959507202637e-06,-5.7965587368680952e-06
1986,0.001666666666666667,0.013333333333333332,-0.001,-7.9872005368224414e-07,-4.3786627818080903e-06,-5.4878698350651237e-06
1987,0.0025000000000000022,0.013333333333333332,-0.001,-8.2751342666413081e-07,-4.028692633979818e-06,-5.0918464244936067e-06
1988,0.003333333333333334,0.013333333333333332,-0.001,-7.5831181024841123e-07,-3.5714256913355495e-06,-4.5562818064872305e-06
1989,0.0041666666666666692,0.013333333333333332,-0.001,-6.9782399071461185e-07,-3.0934150659338117e-06,-3.8843729881206229e-06
1990,0.005000000000000001,0.013333333333333332,-0.001,-7.1660900857792551e-07,-2.6984039974513994e-06,-3.1442416152768055e-06
1991,0.0058333333333333362,0.013333333333333332,-0.001,-8.0194182551150424e-07,-2.3204808643503965e-06,-2.4454926690226633e-06
1992,0.006666666666666668,0.013333333333333332,-0.001,-8.6447348704731569e-07,-1.891524285860276e-06,-1.8579565829095496e-06
1993,0.0074999999999999997,0.013333333333333332,-0.001,-8.4537444875332013e-07,-1.4098079058082901e-06,-1.4230323160200837e-06
1994,0.008333333333333335,0.013333333333333332,-0.001,-7.4198138226073682e-07,-9.1353726469448802e-07,-1.11440439388276e-06
1995,0.0091666666666666667,0.013333333333333332,-0.001,-5.9571089638405882e-07,-4.8354588137784117e-07,-8.7058424963989889e-07
1996,0.010000000000000002,0.013333333333333332,-0.001,-4.5355118509854243e-07,-1.9031217414112761e-07,-6.6048096057195067e-07
1997,0.010833333333333334,0.013333333333333332,-0.001,-3.5969466910969686e-07,-9.1185679910381675e-08,-5.0338436162549787e-07
1998,0.011666666666666669,0.013333333333333332,-0.001,-2.7357629779741969e-07,-6.8415064756956937e-08,-3.6346335573366536e-07
1999,0.012500000000000001,0.013333333333333332,-0.001,-1.9576271922218028e-07,-7.5954209507137191e-08,-2.2512462693089225e-07
2000,0.013333333333333332,0.013333333333333332,-0.001,-1.218351486928047e-07,-7.9649374878631956e-08,-1.029567913920078e-07
2001,0.014166666666666671,0.013333333333333332,-0.001,-5.254275454175515e-08,-5.9900840396616458e-08,4.4804731123002085e-09
2002,0.015000000000000003,0.013333333333333332,-0.001,0,0,0
2003,0.015833333333333335,0.013333333333333332,-0.001,0,0,0
2004,0.016666666666666666,0.013333333333333332,-0.001,0,0,0
2005,0.017500000000000005,0.013333333333333332,-0.001,0,0,0
2006,0.018333333333333337,0.013333333333333332,-0.001,0,0,0
2007,0.019166666666666669,0.013333333333333332,-0.001,0,0,0
2008,0.02,0.013333333333333332,-0.001,0,0,0
2009,-0.02,0.014166666666666671,-0.001,0,0,0
2010,-0.019166666666666669,0.014166666666666671,-0.001,0,0,0
2011,-0.018333333333333333,0.014166666666666671,-0.001,0,0,0
2012,-0.017500000000000002,0.014166666666666671,-0.001,0,0,0
2013,-0.016666666666666666,0.014166666666666671,-0.001,0,0,0
2014,-0.015833333333333335,0.014166666666666671,-0.001,0,0,0
2015,-0.014999999999999999,0.014166666666666671,-0.001,0,0,0
2016,-0.014166666666666668,0.014166666666666671,-0.001,4.3566219852253855e-08,-4.431393190745512e-08,2.3439319244026819e-08
2017,-0.013333333333333332,0.014166666666666671,-0.001,8.3757468117391478e-08,-6.2089771375919031e-08,-3.792353565010387e-09
2018,-0.012500000000000001,0.014166666666666671,-0.001,1.1997124981098954e-07,-7.7018803364741198e-08,-1.7350272599688925e-08
2019,-0.011666666666666667,0.014166666666666671,-0.001,1.5410548100183834e-07,-9.714308659088172e-08,-2.7092664912240692e-08
2020,-0.010833333333333334,0.014166666666666671,-0.001,1.8629554882978957e-07,-1.2883690454971679e-07,-2.4879464442755904e-08
2021,-0.01,0.014166666666666671,-0.001,2.0249513893467583e-07,-1.4099432684741445e-07,-4.1656194706342679e-09
2022,-0.0091666666666666667,0.014166666666666671,-0.001,1.89346698393431e-07,-1.1754412589370389e-07,2.991762112104953e-08
2023,-0.0083333333333333332,0.014166666666666671,-0.001,1.6129674273294048e-07,8.4913320135887061e-09,-1.1276295946913012e-08
2024,-0.0074999999999999997,0.014166666666666671,-0.001,1.1051533832420018e-07,1.8884685542627706e-07,-9.2082901997592435e-08
2025,-0.0066666666666666662,0.014166666666666671,-0.001,4.9584296106135793e-08,4.5401824678982628e-07,-2.6740793144998011e-07
2026,-0.0058333333333333327,0.014166666666666671,-0.001,-1.4642975912980173e-08,8.5808271178659265e-07,-5.5138441878575047e-07
2027,-0.0049999999999999992,0.014166666666666671,-0.001,-7.908869593027558e-08,1.3432879799531995e-06,-8.9769948625519042e-07
2028,-0.0041666666666666657,0.014166666666666671,-0.001,-1.1734514943362459e-07,1.8544130952711117e-06,-1.2727872179895943e-06
2029,-0.003333333333333334,0.014166666666666671,-0.001,-1.0737201815653131e-07,2.3273346339157585e-06,-1.6127330577809961e-06
2030,-0.0024999999999999988,0.014166666666666671,-0.001,-5.0834364768261147e-08,2.6869776155808152e-06,-1.8597393818353784e-06
2031,-0.001666666666666667,0.014166666666666671,-0.001,-2.2123661905039217e-08,2.8439723527859372e-06,-1.9680594904810953e-06
2032,-0.00083333333333333176,0.014166666666666671,-0.001,-6.2068638761255014e-08,2.7864465287861947e-06,-1.9265580886562438e-06
2033,0,0.014166666666666671,-0.001,-1.6150055211229606e-07,2.6510120244157988e-06,-1.8567983704331008e-06
2034,0.00083333333333333523,0.014166666666666671,-0.001,-2.217983628210194e-07,2.5703594223963008e-06,-1.8093427075840512e-06
2035,0.001666666666666667,0.014166666666666671,-0.001,-2.3471156624152645e-07,2.49289431887072e-06,-1.7753710401326159e-06
2036,0.0025000000000000022,0.014166666666666671,-0.001,-2.0425215293803379e-07,2.3578437536072624e-06,-1.6982351653771637e-06
2037,0.003333333333333334,0.014166666666666671,-0.001,-1.7178354431573853e-07,2.0923065023131781e-06,-1.5269474509940227e-06
2038,0.0041666666666666692,0.014166666666666671,-0.001,-1.6975746335771195e-07,1.7080650101029835e-06,-1.2479766665565837e-06
2039,0.005000000000000001,0.014166666666666671,-0.001,-2.17021103324227e-07,1.267704297061203e-06,-9.0465050877789625e-07
2040,0.0058333333333333362,0.014166666666666671,-0.001,-2.9543901342502077e-07,8.7282248590355521e-07,-5.8079400632803731e-07
2041,0.006666666666666668,0.014166666666666671,-0.001,-3.5325174646321262e-07,5.7905321337251651e-07,-3.6380682601185878e-07
2042,0.0074999999999999997,0.014166666666666671,-0.001,-3.5142976669533116e-07,3.7914067473537839e-07,-2.6483184466637928e-07
2043,0.008333333333333335,0.014166666666666671,-0.001,-3.2237892592151094e-07,2.3171201474375163e-07,-2.4117007119364071e-07
2044,0.0091666666666666667,0.014166666666666671,-0.001,-2.6021240254641243e-07,1.508406647772338e-07,-2.0128519049153454e-07
2045,0.010000000000000002,0.014166666666666671,-0.001,-2.1669943918351086e-07,9.6283872889567318e-08,-1.7144559431624292e-07
2046,0.010833333333333334,0.014166666666666671,-0.001,-1.8543146006449191e-07,3.2746759222891328e-08,-1.3568502919571418e-07
2047,0.011666666666666669,0.014166666666666671,-0.001,-1.5505759295342726e-07,-1.2696470515858144e-09,-8.1766854561758372e-08
2048,0.012500000000000001,0.014166666666666671,-0.001,-1.1767575559388954e-07,-2.349351892540437e-08,-3.3206519625894492e-08
2049,0.013333333333333332,0.014166666666666671,-0.001,-8.2253522899722674e-08,-3.8837687318245548e-08,3.0229719185239142e-09
2050,0.014166666666666671,0.014166666666666671,-0.001,-4.5246332752623601e-08,-3.8347982429364576e-08,3.5065623709132582e-08
2051,0.015000000000000003,0.014166666666666671,-0.001,0,0,0
2052,0.015833333333333335,0.014166666666666671,-0.001,0,0,0
2053,0.016666666666666666,0.014166666666666671,-0.001,0,0,0
2054,0.017500000000000005,0.014166666666666671,-0.001,0,0,0
2055,0.018333333333333337,0.014166666666666671,-0.001,0,0,0
2056,0.019166666666666669,0.014166666666666671,-0.001,0,0,0
2057,0.02,0.014166666666666671,-0.001,0,0,0
2058,-0.02,0.015000000000000003,-0.001,0,0,0
2059,-0.019166666666666669,0.015000000000000003,-0.001,0,0,0
2060,-0.018333333333333333,0.015000000000000003,-0.001,0,0,0
2061,-0.017500000000000002,0.015000000000000003,-0.001,0,0,0
2062,-0.016666666666666666,0.015000000000000003,-0.001,0,0,0
2063,-0.015833333333333335,0.015000000000000003,-0.001,0,0,0
2064,-0.014999999999999999,0.015000000000000003,-0.001,0,0,0
2065,-0.014166666666666668,0.015000000000000003,-0.001,0,0,0
2066,-0.013333333333333332,0.015000000000000003,-0.001,0,0,0
2067,-0.012500000000000001,0.015000000000000003,-0.001,0,0,0
2068,-0.011666666666666667,0.015000000000000003,-0.001,0,0,0
2069,-0.010833333333333334,0.015000000000000003,-0.001,0,0,0
2070,-0.01,0.015000000000000003,-0.001,0,0,0
2071,-0.0091666666666666667,0.015000000000000003,-0.001,0,0,0
2072,-0.0083333333333333332,0.015000000000000003,-0.001,0,0,0
2073,-0.0074999999999999997,0.015000000000000003,-0.001,0,0,0
2074,-0.0066666666666666662,0.015000000000000003,-0.001,0,0,0
2075,-0.0058333333333333327,0.015000000000000003,-0.001,0,0,0
2076,-0.0049999999999999992,0.015000000000000003,-0.001,0,0,0
2077,-0.0041666666666666657,0.015000000000000003,-0.001,0,0,0
2078,-0.003333333333333334,0.015000000000000003,-0.001,0,0,0
2079,-0.0024999999999999988,0.015000000000000003,-0.001,0,0,0
2080,-0.001666666666666667,0.015000000000000003,-0.001,0,0,0
2081,-0.00083333333333333176,0.015000000000000003,-0.001,0,0,0
2082,0,0.015000000000000003,-0.001,0,0,0
2083,0.00083333333333333523,0.015000000000000003,-0.001,0,0,0
2084,0.001666666666666667,0.015000000000000003,-0.001,0,0,0
2085,0.0025000000000000022,0.015000000000000003,-0.001,0,0,0
2086,0.003333333333333334,0.015000000000000003,-0.001,0,0,0
2087,0.0041666666666666692,0.015000000000000003,-0.001,0,0,0
2088,0.005000000000000001,0.015000000000000003,-0.001,0,0,0
2089,0.0058333333333333362,0.015000000000000003,-0.001,0,0,0
2090,0.006666666666666668,0.015000000000000003,-0.001,0,0,0
2091,0.0074999999999999997,0.015000000000000003,-0.001,0,0,0
2092,0.008333333333333335,0.015000000000000003,-0.001,0,0,0
2093,0.0091666666666666667,0.015000000000000003,-0.001,0,0,0
2094,0.010000000000000002,0.015000000000000003,-0.001,0,0,0
2095,0.010833333333333334,0.015000000000000003,-0.001,0,0,0
2096,0.011666666666666669,0.015000000000000003,-0.001,0,0,0
2097,0.012500000000000001,0.015000000000000003,-0.001,0,0,0
2098,0.013333333333333332,0.015000000000000003,-0.001,0,0,0
2099,0.014166666666666671,0.015000000000000003,-0.001,0,0,0
2100,0.015000000000000003,0.015000000000000003,-0.001,0,0,0
2101,0.015833333333333335,0.015000000000000003,-0.001,0,0,0
2102,0.016666666666666666,0.015000000000000003,-0.001,0,0,0
2103,0.017500000000000005,0.015000000000000003,-0.001,0,0,0
2104,0.018333333333333337,0.015000000000000003,-0.001,0,0,0
2105,0.019166666666666669,0.015000000000000003,-0.001,0,0,0
2106,0.02,0.015000000000000003,-0.001,0,0,0
2107,-0.02,0.015833333333333335,-0.001,0,0,0
2108,-0.019166666666666669,0.015833333333333335,-0.001,0,0,0
2109,-0.018333333333333333,0.015833333333333335,-0.001,0,0,0
2110,-0.017500000000000002,0.015833333333333335,-0.001,0,0,0
2111,-0.016666666666666666,0.015833333333333335,-0.001,0,0,0
2112,-0.015833333333333335,0.015833333333333335,-0.001,0,0,0
2113,-0.014999999999999999,0.015833333333333335,-0.001,0,0,0
2114,-0.014166666666666668,0.015833333333333335,-0.001,0,0,0
2115,-0.013333333333333332,0.015833333333333335,-0.001,0,0,0
2116,-0.012500000000000001,0.015833333333333335,-0.001,0,0,0
2117,-0.011666666666666667,0.015833333333333335,-0.001,0,0,0
2118,-0.010833333333333334,0.015833333333333335,-0.001,0,0,0
2119,-0.01,0.015833333333333335,-0.001,0,0,0
2120,-0.0091666666666666667,0.015833333333333335,-0.001,0,0,0
2121,-0.0083333333333333332,0.015833333333333335,-0.001,0,0,0
2122,-0.0074999999999999997,0.015833333333333335,-0.001,0,0,0
2123,-0.0066666666666666662,0.015833333333333335,-0.001,0,0,0
2124,-0.0058333333333333327,0.015833333333333335,-0.001,0,0,0
2125,-0.0049999999999999992,0.015833333333333335,-0.001,0,0,0
2126,-0.0041666666666666657,0.015833333333333335,-0.001,0,0,0
2127,-0.003333333333333334,0.015833333333333335,-0.001,0,0,0
2128,-0.0024999999999999988,0.015833333333333335,-0.001,0,0,0
2129,-0.001666666666666667,0.015833333333333335,-0.001,0,0,0
2130,-0.00083333333333333176,0.015833333333333335,-0.001,0,0,0
2131,0,0.015833333333333335,-0.001,0,0,0
2132,0.00083333333333333523,0.015833333333333335,-0.001,0,0,0
2133,0.001666666666666667,0.015833333333333335,-0.001,0,0,0
2134,0.0025000000000000022,0.015833333333333335,-0.001,0,0,0
2135,0.003333333333333334,0.015833333333333335,-0.001,0,0,0
2136,0.0041666666666666692,0.015833333333333335,-0.001,0,0,0
2137,0.005000000000000001,0.015833333333333335,-0.001,0,0,0
2138,0.0058333333333333362,0.015833333333333335,-0.001,0,0,0
2139,0.006666666666666668,0.015833333333333335,-0.001,0,0,0
2140,0.0074999999999999997,0.015833333333333335,-0.001,0,0,0
2141,0.008333333333333335,0.015833333333333335,-0.001,0,0,0
2142,0.0091666666666666667,0.015833333333333335,-0.001,0,0,0
2143,0.010000000000000002,0.015833333333333335,-0.001,0,0,0
2144,0.010833333333333334,0.015833333333333335,-0.001,0,0,0
2145,0.011666666666666669,0.015833333333333335,-0.001,0,0,0
2146,0.012500000000000001,0.015833333333333335,-0.001,0,0,0
2147,0.013333333333333332,0.015833333333333335,-0.001,0,0,0
2148,0.014166666666666671,0.015833333333333335,-0.001,0,0,0
2149,0.015000000000000003,0.015833333333333335,-0.001,0,0,0
2150,0.015833333333333335,0.015833333333333335,-0.001,0,0,0
2151,0.016666666666666666,0.015833333333333335,-0.001,0,0,0
2152,0.017500000000000005,0.015833333333333335,-0.001,0,0,0
2153,0.018333333333333337,0.015833333333333335,-0.001,0,0,0
2154,0.019166666666666669,0.015833333333333335,-0.001,0,0,0
2155,0.02,0.015833333333333335,-0.001,0,0,0
2156,-0.02,0.016666666666666666,-0.001,0,0,0
2157,-0.019166666666666669,0.016666666666666666,-0.001,0,0,0
2158,-0.018333333333333333,0.016666666666666666,-0.001,0,0,0
2159,-0.017500000000000002,0.016666666666666666,-0.001,0,0,0
2160,-0.016666666666666666,0.016666666666666666,-0.001,0,0,0
2161,-0.015833333333333335,0.016666666666666666,-0.001,0,0,0
2162,-0.014999999999999999,0.016666666666666666,-0.001,0,0,0
2163,-0.014166666666666668,0.016666666666666666,-0.001,0,0,0
2164,-0.013333333333333332,0.016666666666666666,-0.001,0,0,0
2165,-0.012500000000000001,0.016666666666666666,-0.001,0,0,0
2166,-0.011666666666666667,0.016666666666666666,-0.001,0,0,0
2167,-0.010833333333333334,0.016666666666666666,-0.001,0,0,0
2168,-0.01,0.016666666666666666,-0.001,0,0,0
2169,-0.0091666666666666667,0.016666666666666666,-0.001,0,0,0
2170,-0.0083333333333333332,0.016666666666666666,-0.001,0,0,0
2171,-0.0074999999999999997,0.016666666666666666,-0.001,0,0,0
2172,-0.0066666666666666662,0.016666666666666666,-0.001,0,0,0
2173,-0.0058333333333333327,0.016666666666666666,-0.001,0,0,0
2174,-0.0049999999999999992,0.016666666666666666,-0.001,0,0,0
2175,-0.0041666666666666657,0.016666666666666666,-0.001,0,0,0
2176,-0.003333333333333334,0.016666666666666666,-0.001,0,0,0
2177,-0.0024999999999999988,0.016666666666666666,-0.001,0,0,0
2178,-0.001666666666666667,0.016666666666666666,-0.001,0,0,0
2179,-0.00083333333333333176,0.016666666666666666,-0.001,0,0,0
2180,0,0.016666666666666666,-0.001,0,0,0
2181,0.00083333333333333523,0.016666666666666666,-0.001,0,0,0
2182,0.001666666666666667,0.016666666666666666,-0.001,0,0,0
2183,0.0025000000000000022,0.016666666666666666,-0.001,0,0,0
2184,0.003333333333333334,0.016666666666666666,-0.001,0,0,0
2185,0.0041666666666666692,0.016666666666666666,-0.001,0,0,0
2186,0.005000000000000001,0.016666666666666666,-0.001,0,0,0
2187,0.0058333333333333362,0.016666666666666666,-0.001,0,0,0
2188,0.006666666666666668,0.016666666666666666,-0.001,0,0,0
2189,0.0074999999999999997,0.016666666666666666,-0.001,0,0,0
2190,0.008333333333333335,0.016666666666666666,-0.001,0,0,0
2191,0.0091666666666666667,0.016666666666666666,-0.001,0,0,0
2192,0.010000000000000002,0.016666666666666666,-0.001,0,0,0
2193,0.010833333333333334,0.016666666666666666,-0.001,0,0,0
2194,0.011666666666666669,0.016666666666666666,-0.001,0,0,0
2195,0.012500000000000001,0.016666666666666666,-0.001,0,0,0
2196,0.013333333333333332,0.016666666666666666,-0.001,0,0,0
2197,0.014166666666666671,0.016666666666666666,-0.001,0,0,0
2198,0.015000000000000003,0.016666666666666666,-0.001,0,0,0
2199,0.015833333333333335,0.016666666666666666,-0.001,0,0,0
2200,0.016666666666666666,0.016666666666666666,-0.001,0,0,0
2201,0.017500000000000005,0.016666666666666666,-0.001,0,0,0
2202,0.018333333333333337,0.016666666666666666,-0.001,0,0,0
2203,0.019166666666666669,0.016666666666666666,-0.001,0,0,0
2204,0.02,0.016666666666666666,-0.001,0,0,0
2205,-0.02,0.017500000000000005,-0.001,0,0,0
2206,-0.019166666666666669,0.017500000000000005,-0.001,0,0,0
2207,-0.018333333333333333,0.017500000000000005,-0.001,0,0,0
2208,-0.017500000000000002,0.017500000000000005,-0.001,0,0,0
2209,-0.016666666666666666,0.017500000000000005,-0.001,0,0,0
2210,-0.015833333333333335,0.017500000000000005,-0.001,0,0,0
2211,-0.014999999999999999,0.017500000000000005,-0.001,0,0,0
2212,-0.014166666666666668,0.017500000000000005,-0.001,0,0,0
2213,-0.013333333333333332,0.017500000000000005,-0.001,0,0,0
2214,-0.012500000000000001,0.017500000000000005,-0.001,0,0,0
2215,-0.011666666666666667,0.017500000000000005,-0.001,0,0,0
2216,-0.010833333333333334,0.017500000000000005,-0.001,0,0,0
2217,-0.01,0.017500000000000005,-0.001,0,0,0
2218,-0.0091666666666666667,0.017500000000000005,-0.001,0,0,0
2219,-0.0083333333333333332,0.017500000000000005,-0.001,0,0,0
2220,-0.0074999999999999997,0.017500000000000005,-0.001,0,0,0
2221,-0.0066666666666666662,0.017500000000000005,-0.001,0,0,0
2222,-0.0058333333333333327,0.017500000000000005,-0.001,0,0,0
2223,-0.0049999999999999992,0.017500000000000005,-0.001,0,0,0
2224,-0.0041666666666666657,0.017500000000000005,-0.001,0,0,0
2225,-0.003333333333333334,0.017500000000000005,-0.001,0,0,0
2226,-0.0024999999999999988,0.017500000000000005,-0.001,0,0,0
2227,-0.001666666666666667,0.017500000000000005,-0.001,0,0,0
2228,-0.00083333333333333176,0.017500000000000005,-0.001,0,0,0
2229,0,0.017500000000000005,-0.001,0,0,0
2230,0.00083333333333333523,0.017500000000000005,-0.001,0,0,0
2231,0.001666666666666667,0.017500000000000005,-0.001,0,0,0
2232,0.0025000000000000022,0.017500000000000005,-0.001,0,0,0
2233,0.003333333333333334,0.017500000000000005,-0.001,0,0,0
2234,0.0041666666666666692,0.017500000000000005,-0.001,0,0,0
2235,0.005000000000000001,0.017500000000000005,-0.001,0,0,0
2236,0.0058333333333333362,0.017500000000000005,-0.001,0,0,0
2237,0.006666666666666668,0.017500000000000005,-0.001,0,0,0
2238,0.0074999999999999997,0.017500000000000005,-0.001,0,0,0
2239,0.008333333333333335,0.017500000000000005,-0.001,0,0,0
2240,0.0091666666666666667,0.017500000000000005,-0.001,0,0,0
2241,0.010000000000000002,0.017500000000000005,-0.001,0,0,0
2242,0.010833333333333334,0.017500000000000005,-0.001,0,0,0
2243,0.011666666666666669,0.017500000000000005,-0.001,0,0,0
2244,0.012500000000000001,0.017500000000000005,-0.001,0,0,0
2245,0.013333333333333332,0.017500000000000005,-0.001,0,0,0
2246,0.014166666666666671,0.017500000000000005,-0.001,0,0,0
2247,0.015000000000000003,0.017500000000000005,-0.001,0,0,0
2248,0.015833333333333335,0.017500000000000005,-0.001,0,0,0
2249,0.016666666666666666,0.017500000000000005,-0.001,0,0,0
2250,0.017500000000000005,0.017500000000000005,-0.001,0,0,0
2251,0.018333333333333337,0.017500000000000005,-0.001,0,0,0
2252,0.019166666666666669,0.017500000000000005,-0.001,0,0,0
2253,0.02,0.017500000000000005,-0.001,0,0,0
2254,-0.02,0.018333333333333337,-0.001,0,0,0
2255,-0.019166666666666669,0.018333333333333337,-0.001,0,0,0
2256,-0.018333333333333333,0.018333333333333337,-0.001,0,0,0
2257,-0.017500000000000002,0.018333333333333337,-0.001,0,0,0
2258,-0.016666666666666666,0.018333333333333337,-0.001,0,0,0
2259,-0.015833333333333335,0.018333333333333337,-0.001,0,0,0
2260,-0.014999999999999999,0.018333333333333337,-0.001,0,0,0
2261,-0.014166666666666668,0.018333333333333337,-0.001,0,0,0
2262,-0.013333333333333332,0.018333333333333337,-0.001,0,0,0
2263,-0.012500000000000001,0.018333333333333337,-0.001,0,0,0
2264,-0.011666666666666667,0.018333333333333337,-0.001,0,0,0
2265,-0.010833333333333334,0.018333333333333337,-0.001,0,0,0
2266,-0.01,0.018333333333333337,-0.001,0,0,0
2267,-0.0091666666666666667,0.018333333333333337,-0.001,0,0,0
2268,-0.0083333333333333332,0.018333333333333337,-0.001,0,0,0
2269,-0.0074999999999999997,0.018333333333333337,-0.001,0,0,0
2270,-0.0066666666666666662,0.018333333333333337,-0.001,0,0,0
2271,-0.0058333333333333327,0.018333333333333337,-0.001,0,0,0
2272,-0.0049999999999999992,0.018333333333333337,-0.001,0,0,0
2273,-0.0041666666666666657,0.018333333333333337,-0.001,0,0,0
2274,-0.003333333333333334,0.018333333333333337,-0.001,0,0,0
2275,-0.0024999999999999988,0.018333333333333337,-0.001,0,0,0
2276,-0.001666666666666667,0.018333333333333337,-0.001,0,0,0
2277,-0.00083333333333333176,0.018333333333333337,-0.001,0,0,0
2278,0,0.018333333333333337,-0.001,0,0,0
2279,0.00083333333333333523,0.018333333333333337,-0.001,0,0,0
2280,0.001666666666666667,0.018333333333333337,-0.001,0,0,0
2281,0.0025000000000000022,0.018333333333333337,-0.001,0,0,0
2282,0.003333333333333334,0.018333333333333337,-0.001,0,0,0
2283,0.0041666666666666692,0.018333333333333337,-0.001,0,0,0
2284,0.005000000000000001,0.018333333333333337,-0.001,0,0,0
2285,0.0058333333333333362,0.018333333333333337,-0.001,0,0,0
2286,0.006666666666666668,0.018333333333333337,-0.001,0,0,0
2287,0.0074999999999999997,0.018333333333333337,-0.001,0,0,0
2288,0.008333333333333335,0.018333333333333337,-0.001,0,0,0
2289,0.0091666666666666667,0.018333333333333337,-0.001,0,0,0
2290,0.010000000000000002,0.018333333333333337,-0.001,0,0,0
2291,0.010833333333333334,0.018333333333333337,-0.001,0,0,0
2292,0.011666666666666669,0.018333333333333337,-0.001,0,0,0
2293,0.012500000000000001,0.018333333333333337,-0.001,0,0,0
2294,0.013333333333333332,0.018333333333333337,-0.001,0,0,0
2295,0.014166666666666671,0.018333333333333337,-0.001,0,0,0
2296,0.015000000000000003,0.018333333333333337,-0.001,0,0,0
2297,0.015833333333333335,0.018333333333333337,-0.001,0,0,0
2298,0.016666666666666666,0.018333333333333337,-0.001,0,0,0
2299,0.017500000000000005,0.018333333333333337,-0.001,0,0,0
2300,0.018333333333333337,0.018333333333333337,-0.001,0,0,0
2301,0.019166666666666669,0.018333333333333337,-0.001,0,0,0
2302,0.02,0.018333333333333337,-0.001,0,0,0
2303,-0.02,0.019166666666666669,-0.001,0,0,0
2304,-0.019166666666666669,0.019166666666666669,-0.001,0,0,0
2305,-0.018333333333333333,0.019166666666666669,-0.001,0,0,0
2306,-0.017500000000000002,0.019166666666666669,-0.001,0,0,0
2307,-0.016666666666666666,0.019166666666666669,-0.001,0,0,0
2308,-0.015833333333333335,0.019166666666666669,-0.001,0,0,0
2309,-0.014999999999999999,0.019166666666666669,-0.001,0,0,0
2310,-0.014166666666666668,0.019166666666666669,-0.001,0,0,0
2311,-0.013333333333333332,0.019166666666666669,-0.001,0,0,0
2312,-0.012500000000000001,0.019166666666666669,-0.001,0,0,0
2313,-0.011666666666666667,0.019166666666666669,-0.001,0,0,0
2314,-0.010833333333333334,0.019166666666666669,-0.001,0,0,0
2315,-0.01,0.019166666666666669,-0.001,0,0,0
2316,-0.0091666666666666667,0.019166666666666669,-0.001,0,0,0
2317,-0.0083333333333333332,0.019166666666666669,-0.001,0,0,0
2318,-0.0074999999999999997,0.019166666666666669,-0.001,0,0,0
2319,-0.0066666666666666662,0.019166666666666669,-0.001,0,0,0
2320,-0.0058333333333333327,0.019166666666666669,-0.001,0,0,0
2321,-0.0049999999999999992,0.019166666666666669,-0.001,0,0,0
2322,-0.0041666666666666657,0.019166666666666669,-0.001,0,0,0
2323,-0.003333333333333334,0.019166666666666669,-0.001,0,0,0
2324,-0.0024999999999999988,0.019166666666666669,-0.001,0,0,0
2325,-0.001666666666666667,0.019166666666666669,-0.001,0,0,0
2326,-0.00083333333333333176,0.019166666666666669,-0.001,0,0,0
2327,0,0.019166666666666669,-0.001,0,0,0
2328,0.00083333333333333523,0.019166666666666669,-0.001,0,0,0
2329,0.001666666666666667,0.019166666666666669,-0.001,0,0,0
2330,0.0025000000000000022,0.019166666666666669,-0.001,0,0,0
2331,0.003333333333333334,0.019166666666666669,-0.001,0,0,0
2332,0.0041666666666666692,0.019166666666666669,-0.001,0,0,0
2333,0.005000000000000001,0.019166666666666669,-0.001,0,0,0
2334,0.0058333333333333362,0.019166666666666669,-0.001,0,0,0
2335,0.006666666666666668,0.019166666666666669,-0.001,0,0,0
2336,0.0074999999999999997,0.019166666666666669,-0.001,0,0,0
2337,0.008333333333333335,0.019166666666666669,-0.001,0,0,0
2338,0.0091666666666666667,0.019166666666666669,-0.001,0,0,0
2339,0.010000000000000002,0.019166666666666669,-0.001,0,0,0
2340,0.010833333333333334,0.019166666666666669,-0.001,0,0,0
2341,0.011666666666666669,0.019166666666666669,-0.001,0,0,0
2342,0.012500000000000001,0.019166666666666669,-0.001,0,0,0
2343,0.013333333333333332,0.019166666666666669,-0.001,0,0,0
2344,0.014166666666666671,0.019166666666666669,-0.001,0,0,0
2345,0.015000000000000003,0.019166666666666669,-0.001,0,0,0
2346,0.015833333333333335,0.019166666666666669,-0.001,0,0,0
2347,0.016666666666666666,0.019166666666666669,-0.001,0,0,0
2348,0.017500000000000005,0.019166666666666669,-0.001,0,0,0
2349,0.018333333333333337,0.019166666666666669,-0.001,0,0,0
2350,0.019166666666666669,0.019166666666666669,-0.001,0,0,0
2351,0.02,0.019166666666666669,-0.001,0,0,0
2352,-0.02,0.02,-0.001,0,0,0
2353,-0.019166666666666669,0.02,-0.001,0,0,0
2354,-0.018333333333333333,0.02,-0.001,0,0,0
2355,-0.017500000000000002,0.02,-0.001,0,0,0
2356,-0.016666666666666666,0.02,-0.001,0,0,0
2357,-0.015833333333333335,0.02,-0.001,0,0,0
2358,-0.014999999999999999,0.02,-0.001,0,0,0
2359,-0.014166666666666668,0.02,-0.001,0,0,0
2360,-0.013333333333333332,0.02,-0.001,0,0,0
2361,-0.012500000000000001,0.02,-0.001,0,0,0
2362,-0.011666666666666667,0.02,-0.001,0,0,0
2363,-0.010833333333333334,0.02,-0.001,0,0,0
2364,-0.01,0.02,-0.001,0,0,0
2365,-0.0091666666666666667,0.02,-0.001,0,0,0
2366,-0.0083333333333333332,0.02,-0.001,0,0,0
2367,-0.0074999999999999997,0.02,-0.001,0,0,0
2368,-0.0066666666666666662,0.02,-0.001,0,0,0
2369,-0.0058333333333333327,0.02,-0.001,0,0,0
2370,-0.0049999999999999992,0.02,-0.001,0,0,0
2371,-0.0041666666666666657,0.02,-0.001,0,0,0
2372,-0.003333333333333334,0.02,-0.001,0,0,0
2373,-0.0024999999999999988,0.02,-0.001,0,0,0
2374,-0.001666666666666667,0.02,-0.001,0,0,0
2375,-0.00083333333333333176,0.02,-0.001,0,0,0
2376,0,0.02,-0.001,0,0,0
2377,0.00083333333333333523,0.02,-0.001,0,0,0
2378,0.001666666666666667,0.02,-0.001,0,0,0
2379,0.0025000000000000022,0.02,-0.001,0,0,0
2380,0.003333333333333334,0.02,-0.001,0,0,0
2381,0.0041666666666666692,0.02,-0.001,0,0,0
2382,0.005000000000000001,0.02,-0.001,0,0,0
2383,0.0058333333333333362,0.02,-0.001,0,0,0
2384,0.006666666666666668,0.02,-0.001,0,0,0
2385,0.0074999999999999997,0.02,-0.001,0,0,0
2386,0.008333333333333335,0.02,-0.001,0,0,0
2387,0.0091666666666666667,0.02,-0.001,0,0,0
2388,0.010000000000000002,0.02,-0.001,0,0,0
2389,0.010833333333333334,0.02,-0.001,0,0,0
2390,0.011666666666666669,0.02,-0.001,0,0,0
2391,0.012500000000000001,0.02,-0.001,0,0,0
2392,0.013333333333333332,0.02,-0.001,0,0,0
2393,0.014166666666666671,0.02,-0.001,0,0,0
2394,0.015000000000000003,0.02,-0.001,0,0,0
2395,0.015833333333333335,0.02,-0.001,0,0,0
2396,0.016666666666666666,0.02,-0.001,0,0,0
2397,0.017500000000000005,0.02,-0.001,0,0,0
2398,0.018333333333333337,0.02,-0.001,0,0,0
2399,0.019166666666666669,0.02,-0.001,0,0,0
2400,0.02,0.02,-0.001,0,0,0
2401,-0.02,-0.02,0,0,0,0
2402,-0.019166666666666669,-0.02,0,0,0,0
2403,-0.018333333333333333,-0.02,0,0,0,0
2404,-0.017500000000000002,-0.02,0,0,0,0
2405,-0.016666666666666666,-0.02,0,0,0,0
2406,-0.015833333333333335,-0.02,0,0,0,0
2407,-0.014999999999999999,-0.02,0,0,0,0
2408,-0.014166666666666668,-0.02,0,0,0,0
2409,-0.013333333333333332,-0.02,0,0,0,0
2410,-0.012500000000000001,-0.02,0,0,0,0
2411,-0.011666666666666667,-0.02,0,0,0,0
2412,-0.010833333333333334,-0.02,0,0,0,0
2413,-0.01,-0.02,0,0,0,0
2414,-0.0091666666666666667,-0.02,0,0,0,0
2415,-0.0083333333333333332,-0.02,0,0,0,0
2416,-0.0074999999999999997,-0.02,0,0,0,0
2417,-0.0066666666666666662,-0.02,0,0,0,0
2418,-0.0058333333333333327,-0.02,0,0,0,0
2419,-0.0049999999999999992,-0.02,0,0,0,0
2420,-0.0041666666666666657,-0.02,0,0,0,0
2421,-0.003333333333333334,-0.02,0,0,0,0
2422,-0.0024999999999999988,-0.02,0,0,0,0
2423,-0.001666666666666667,-0.02,0,0,0,0
2424,-0.00083333333333333176,-0.02,0,0,0,0
2425,0,-0.02,0,0,0,0
2426,0.00083333333333333523,-0.02,0,0,0,0
2427,0.001666666666666667,-0.02,0,0,0,0
2428,0.0025000000000000022,-0.02,0,0,0,0
2429,0.003333333333333334,-0.02,0,0,0,0
2430,0.0041666666666666692,-0.02,0,0,0,0
2431,0.005000000000000001,-0.02,0,0,0,0
2432,0.0058333333333333362,-0.02,0,0,0,0
2433,0.006666666666666668,-0.02,0,0,0,0
2434,0.0074999999999999997,-0.02,0,0,0,0
2435,0.008333333333333335,-0.02,0,0,0,0
2436,0.0091666666666666667,-0.02,0,0,0,0
2437,0.010000000000000002,-0.02,0,0,0,0
2438,0.010833333333333334,-0.02,0,0,0,0
2439,0.011666666666666669,-0.02,0,0,0,0
2440,0.012500000000000001,-0.02,0,0,0,0
2441,0.013333333333333332,-0.02,0,0,0,0
2442,0.014166666666666671,-0.02,0,0,0,0
2443,0.015000000000000003,-0.02,0,0,0,0
2444,0.015833333333333335,-0.02,0,0,0,0
2445,0.016666666666666666,-0.02,0,0,0,0
2446,0.017500000000000005,-0.02,0,0,0,0
2447,0.018333333333333337,-0.02,0,0,0,0
2448,0.019166666666666669,-0.02,0,0,0,0
2449,0.02,-0.02,0,0,0,0
2450,-0.02,-0.019166666666666669,0,0,0,0
2451,-0.019166666666666669,-0.019166666666666669,0,0,0,0
2452,-0.018333333333333333,-0.019166666666666669,0,0,0,0
2453,-0.017500000000000002,-0.019166666666666669,0,0,0,0
2454,-0.016666666666666666,-0.019166666666666669,0,0,0,0
2455,-0.015833333333333335,-0.019166666666666669,0,0,0,0
2456,-0.014999999999999999,-0.019166666666666669,0,0,0,0
2457,-0.014166666666666668,-0.019166666666666669,0,0,0,0
2458,-0.013333333333333332,-0.019166666666666669,0,0,0,0
2459,-0.012500000000000001,-0.019166666666666669,0,0,0,0
2460,-0.011666666666666667,-0.019166666666666669,0,0,0,0
2461,-0.010833333333333334,-0.019166666666666669,0,0,0,0
2462,-0.01,-0.019166666666666669,0,0,0,0
2463,-0.0091666666666666667,-0.019166666666666669,0,0,0,0
2464,-0.0083333333333333332,-0.019166666666666669,0,0,0,0
2465,-0.0074999999999999997,-0.019166666666666669,0,0,0,0
2466,-0.0066666666666666662,-0.019166666666666669,0,0,0,0
2467,-0.0058333333333333327,-0.019166666666666669,0,0,0,0
2468,-0.0049999999999999992,-0.019166666666666669,0,0,0,0
2469,-0.0041666666666666657,-0.019166666666666669,0,0,0,0
2470,-0.003333333333333334,-0.019166666666666669,0,0,0,0
2471,-0.0024999999999999988,-0.019166666666666669,0,0,0,0
2472,-0.001666666666666667,-0.019166666666666669,0,0,0,0
2473,-0.00083333333333333176,-0.019166666666666669,0,0,0,0
2474,0,-0.019166666666666669,0,0,0,0
2475,0.00083333333333333523,-0.019166666666666669,0,0,0,0
2476,0.001666666666666667,-0.019166666666666669,0,0,0,0
2477,0.0025000000000000022,-0.019166666666666669,0,0,0,0
2478,0.003333333333333334,-0.019166666666666669,0,0,0,0
2479,0.0041666666666666692,-0.019166666666666669,0,0,0,0
2480,0.005000000000000001,-0.019166666666666669,0,0,0,0
2481,0.0058333333333333362,-0.019166666666666669,0,0,0,0
2482,0.006666666666666668,-0.019166666666666669,0,0,0,0
2483,0.0074999999999999997,-0.019166666666666669,0,0,0,0
2484,0.008333333333333335,-0.019166666666666669,0,0,0,0
2485,0.0091666666666666667,-0.019166666666666669,0,0,0,0
2486,0.010000000000000002,-0.019166666666666669,0,0,0,0
2487,0.010833333333333334,-0.019166666666666669,0,0,0,0
2488,0.011666666666666669,-0.019166666666666669,0,0,0,0
2489,0.012500000000000001,-0.019166666666666669,0,0,0,0
2490,0.013333333333333332,-0.019166666666666669,0,0,0,0
2491,0.014166666666666671,-0.019166666666666669,0,0,0,0
2492,0.015000000000000003,-0.019166666666666669,0,0,0,0
2493,0.015833333333333335,-0.019166666666666669,0,0,0,0
2494,0.016666666666666666,-0.019166666666666669,0,0,0,0
2495,0.017500000000000005,-0.019166666666666669,0,0,0,0
2496,0.018333333333333337,-0.019166666666666669,0,0,0,0
2497,0.019166666666666669,-0.019166666666666669,0,0,0,0
2498,0.02,-0.019166666666666669,0,0,0,0
2499,-0.02,-0.018333333333333333,0,0,0,0
2500,-0.019166666666666669,-0.018333333333333333,0,0,0,0
2501,-0.018333333333333333,-0.018333333333333333,0,0,0,0
2502,-0.017500000000000002,-0.018333333333333333,0,0,0,0
2503,-0.016666666666666666,-0.018333333333333333,0,0,0,0
2504,-0.015833333333333335,-0.018333333333333333,0,0,0,0
2505,-0.014999999999999999,-0.018333333333333333,0,0,0,0
2506,-0.014166666666666668,-0.018333333333333333,0,0,0,0
2507,-0.013333333333333332,-0.018333333333333333,0,0,0,0
2508,-0.012500000000000001,-0.018333333333333333,0,0,0,0
2509,-0.011666666666666667,-0.018333333333333333,0,0,0,0
2510,-0.010833333333333334,-0.018333333333333333,0,0,0,0
2511,-0.01,-0.018333333333333333,0,0,0,0
2512,-0.0091666666666666667,-0.018333333333333333,0,0,0,0
2513,-0.0083333333333333332,-0.018333333333333333,0,0,0,0
2514,-0.0074999999999999997,-0.018333333333333333,0,0,0,0
2515,-0.0066666666666666662,-0.018333333333333333,0,0,0,0
2516,-0.0058333333333333327,-0.018333333333333333,0,0,0,0
2517,-0.0049999999999999992,-0.018333333333333333,0,0,0,0
2518,-0.0041666666666666657,-0.018333333333333333,0,0,0,0
2519,-0.003333333333333334,-0.018333333333333333,0,0,0,0
2520,-0.0024999999999999988,-0.018333333333333333,0,0,0,0
2521,-0.001666666666666667,-0.018333333333333333,0,0,0,0
2522,-0.00083333333333333176,-0.018333333333333333,0,0,0,0
2523,0,-0.018333333333333333,0,0,0,0
2524,0.00083333333333333523,-0.018333333333333333,0,0,0,0
2525,0.001666666666666667,-0.018333333333333333,0,0,0,0
2526,0.0025000000000000022,-0.018333333333333333,0,0,0,0
2527,0.003333333333333334,-0.018333333333333333,0,0,0,0
2528,0.0041666666666666692,-0.018333333333333333,0,0,0,0
2529,0.005000000000000001,-0.018333333333333333,0,0,0,0
2530,0.0058333333333333362,-0.018333333333333333,0,0,0,0
2531,0.006666666666666668,-0.018333333333333333,0,0,0,0
2532,0.0074999999999999997,-0.018333333333333333,0,0,0,0
2533,0.008333333333333335,-0.018333333333333333,0,0,0,0
2534,0.0091666666666666667,-0.018333333333333333,0,0,0,0
2535,0.010000000000000002,-0.018333333333333333,0,0,0,0
2536,0.010833333333333334,-0.018333333333333333,0,0,0,0
2537,0.011666666666666669,-0.018333333333333333,0,0,0,0
2538,0.012500000000000001,-0.018333333333333333,0,0,0,0
2539,0.013333333333333332,-0.018333333333333333,0,0,0,0
2540,0.014166666666666671,-0.018333333333333333,0,0,0,0
2541,0.015000000000000003,-0.018333333333333333,0,0,0,0
2542,0.015833333333333335,-0.018333333333333333,0,0,0,0
2543,0.016666666666666666,-0.018333333333333333,0,0,0,0
2544,0.017500000000000005,-0.018333333333333333,0,0,0,0
2545,0.018333333333333337,-0.018333333333333333,0,0,0,0
2546,0.019166666666666669,-0.018333333333333333,0,0,0,0
2547,0.02,-0.018333333333333333,0,0,0,0
2548,-0.02,-0.017500000000000002,0,0,0,0
2549,-0.019166666666666669,-0.017500000000000002,0,0,0,0
2550,-0.018333333333333333,-0.017500000000000002,0,0,0,0
2551,-0.017500000000000002,-0.017500000000000002,0,0,0,0
2552,-0.016666666666666666,-0.017500000000000002,0,0,0,0
2553,-0.015833333333333335,-0.017500000000000002,0,0,0,0
2554,-0.014999999999999999,-0.017500000000000002,0,0,0,0
2555,-0.014166666666666668,-0.017500000000000002,0,0,0,0
2556,-0.013333333333333332,-0.017500000000000002,0,0,0,0
2557,-0.012500000000000001,-0.017500000000000002,0,0,0,0
2558,-0.011666666666666667,-0.017500000000000002,0,0,0,0
2559,-0.010833333333333334,-0.017500000000000002,0,0,0,0
2560,-0.01,-0.017500000000000002,0,0,0,0
2561,-0.0091666666666666667,-0.017500000000000002,0,0,0,0
2562,-0.0083333333333333332,-0.017500000000000002,0,0,0,0
2563,-0.0074999999999999997,-0.017500000000000002,0,0,0,0
2564,-0.0066666666666666662,-0.017500000000000002,0,0,0,0
2565,-0.0058333333333333327,-0.017500000000000002,0,0,0,0
2566,-0.0049999999999999992,-0.017500000000000002,0,0,0,0
2567,-0.0041666666666666657,-0.017500000000000002,0,0,0,0
2568,-0.003333333333333334,-0.017500000000000002,0,0,0,0
2569,-0.0024999999999999988,-0.017500000000000002,0,0,0,0
2570,-0.001666666666666667,-0.017500000000000002,0,0,0,0
2571,-0.00083333333333333176,-0.017500000000000002,0,0,0,0
2572,0,-0.017500000000000002,0,0,0,0
2573,0.00083333333333333523,-0.017500000000000002,0,0,0,0
2574,0.001666666666666667,-0.017500000000000002,0,0,0,0
2575,0.0025000000000000022,-0.017500000000000002,0,0,0,0
2576,0.003333333333333334,-0.017500000000000002,0,0,0,0
2577,0.0041666666666666692,-0.017500000000000002,0,0,0,0
2578,0.005000000000000001,-0.017500000000000002,0,0,0,0
2579,0.0058333333333333362,-0.017500000000000002,0,0,0,0
2580,0.006666666666666668,-0.017500000000000002,0,0,0,0
2581,0.0074999999999999997,-0.017500000000000002,0,0,0,0
2582,0.008333333333333335,-0.017500000000000002,0,0,0,0
2583,0.0091666666666666667,-0.017500000000000002,0,0,0,0
2584,0.010000000000000002,-0.017500000000000002,0,0,0,0
2585,0.010833333333333334,-0.017500000000000002,0,0,0,0
2586,0.011666666666666669,-0.017500000000000002,0,0,0,0
2587,0.012500000000000001,-0.017500000000000002,0,0,0,0
2588,0.013333333333333332,-0.017500000000000002,0,0,0,0
2589,0.014166666666666671,-0.017500000000000002,0,0,0,0
2590,0.015000000000000003,-0.017500000000000002,0,0,0,0
2591,0.015833333333333335,-0.017500000000000002,0,0,0,0
2592,0.016666666666666666,-0.017500000000000002,0,0,0,0
2593,0.017500000000000005,-0.017500000000000002,0,0,0,0
2594,0.018333333333333337,-0.017500000000000002,0,0,0,0
2595,0.019166666666666669,-0.017500000000000002,0,0,0,0
2596,0.02,-0.017500000000000002,0,0,0,0
2597,-0.02,-0.016666666666666666,0,0,0,0
2598,-0.019166666666666669,-0.016666666666666666,0,0,0,0
2599,-0.018333333333333333,-0.016666666666666666,0,0,0,0
2600,-0.017500000000000002,-0.016666666666666666,0,0,0,0
2601,-0.016666666666666666,-0.016666666666666666,0,0,0,0
2602,-0.015833333333333335,-0.016666666666666666,0,0,0,0
2603,-0.014999999999999999,-0.016666666666666666,0,0,0,0
2604,-0.014166666666666668,-0.016666666666666666,0,0,0,0
2605,-0.013333333333333332,-0.016666666666666666,0,0,0,0
2606,-0.012500000000000001,-0.016666666666666666,0,0,0,0
2607,-0.011666666666666667,-0.016666666666666666,0,0,0,0
2608,-0.010833333333333334,-0.016666666666666666,0,0,0,0
2609,-0.01,-0.016666666666666666,0,0,0,0
2610,-0.0091666666666666667,-0.016666666666666666,0,0,0,0
2611,-0.0083333333333333332,-0.016666666666666666,0,0,0,0
2612,-0.0074999999999999997,-0.016666666666666666,0,0,0,0
2613,-0.0066666666666666662,-0.016666666666666666,0,0,0,0
2614,-0.0058333333333333327,-0.016666666666666666,0,0,0,0
2615,-0.0049999999999999992,-0.016666666666666666,0,0,0,0
2616,-0.0041666666666666657,-0.016666666666666666,0,0,0,0
2617,-0.003333333333333334,-0.016666666666666666,0,0,0,0
2618,-0.0024999999999999988,-0.016666666666666666,0,0,0,0
2619,-0.001666666666666667,-0.016666666666666666,0,0,0,0
2620,-0.00083333333333333176,-0.016666666666666666,0,0,0,0
2621,0,-0.016666666666666666,0,0,0,0
2622,0.00083333333333333523,-0.016666666666666666,0,0,0,0
2623,0.001666666666666667,-0.016666666666666666,0,0,0,0
2624,0.0025000000000000022,-0.016666666666666666,0,0,0,0
2625,0.003333333333333334,-0.016666666666666666,0,0,0,0
2626,0.0041666666666666692,-0.016666666666666666,0,0,0,0
2627,0.005000000000000001,-0.016666666666666666,0,0,0,0
2628,0.0058333333333333362,-0.016666666666666666,0,0,0,0
2629,0.006666666666666668,-0.016666666666666666,0,0,0,0
2630,0.0074999999999999997,-0.016666666666666666,0,0,0,0
2631,0.008333333333333335,-0.016666666666666666,0,0,0,0
2632,0.0091666666666666667,-0.016666666666666666,0,0,0,0
2633,0.010000000000000002,-0.016666666666666666,0,0,0,0
2634,0.010833333333333334,-0.016666666666666666,0,0,0,0
2635,0.011666666666666669,-0.016666666666666666,0,0,0,0
2636,0.012500000000000001,-0.016666666666666666,0,0,0,0
2637,0.013333333333333332,-0.016666666666666666,0,0,0,0
2638,0.014166666666666671,-0.016666666666666666,0,0,0,0
2639,0.015000000000000003,-0.016666666666666666,0,0,0,0
2640,0.015833333333333335,-0.016666666666666666,0,0,0,0
2641,0.016666666666666666,-0.016666666666666666,0,0,0,0
2642,0.017500000000000005,-0.016666666666666666,0,0,0,0
2643,0.018333333333333337,-0.016666666666666666,0,0,0,0
2644,0.019166666666666669,-0.016666666666666666,0,0,0,0
2645,0.02,-0.016666666666666666,0,0,0,0
2646,-0.02,-0.015833333333333335,0,0,0,0
2647,-0.019166666666666669,-0.015833333333333335,0,0,0,0
2648,-0.018333333333333333,-0.015833333333333335,0,0,0,0
2649,-0.017500000000000002,-0.015833333333333335,0,0,0,0
2650,-0.016666666666666666,-0.015833333333333335,0,0,0,0
2651,-0.015833333333333335,-0.015833333333333335,0,0,0,0
2652,-0.014999999999999999,-0.015833333333333335,0,0,0,0
2653,-0.014166666666666668,-0.015833333333333335,0,0,0,0
2654,-0.013333333333333332,-0.015833333333333335,0,0,0,0
2655,-0.012500000000000001,-0.015833333333333335,0,0,0,0
2656,-0.011666666666666667,-0.015833333333333335,0,0,0,0
2657,-0.010833333333333334,-0.015833333333333335,0,0,0,0
2658,-0.01,-0.015833333333333335,0,0,0,0
2659,-0.0091666666666666667,-0.015833333333333335,0,0,0,0
2660,-0.0083333333333333332,-0.015833333333333335,0,0,0,0
2661,-0.0074999999999999997,-0.015833333333333335,0,0,0,0
2662,-0.0066666666666666662,-0.015833333333333335,0,0,0,0
2663,-0.0058333333333333327,-0.015833333333333335,0,0,0,0
2664,-0.0049999999999999992,-0.015833333333333335,0,0,0,0
2665,-0.0041666666666666657,-0.015833333333333335,0,0,0,0
2666,-0.003333333333333334,-0.015833333333333335,0,0,0,0
2667,-0.0024999999999999988,-0.015833333333333335,0,0,0,0
2668,-0.001666666666666667,-0.015833333333333335,0,0,0,0
2669,-0.00083333333333333176,-0.015833333333333335,0,0,0,0
2670,0,-0.015833333333333335,0,0,0,0
2671,0.00083333333333333523,-0.015833333333333335,0,0,0,0
2672,0.001666666666666667,-0.015833333333333335,0,0,0,0
2673,0.0025000000000000022,-0.015833333333333335,0,0,0,0
2674,0.003333333333333334,-0.015833333333333335,0,0,0,0
2675,0.0041666666666666692,-0.015833333333333335,0,0,0,0
2676,0.005000000000000001,-0.015833333333333335,0,0,0,0
2677,0.0058333333333333362,-0.015833333333333335,0,0,0,0
2678,0.006666666666666668,-0.015833333333333335,0,0,0,0
2679,0.0074999999999999997,-0.015833333333333335,0,0,0,0
2680,0.008333333333333335,-0.015833333333333335,0,0,0,0
2681,0.0091666666666666667,-0.015833333333333335,0,0,0,0
2682,0.010000000000000002,-0.015833333333333335,0,0,0,0
2683,0.010833333333333334,-0.015833333333333335,0,0,0,0
2684,0.011666666666666669,-0.015833333333333335,0,0,0,0
2685,0.012500000000000001,-0.015833333333333335,0,0,0,0
2686,0.013333333333333332,-0.015833333333333335,0,0,0,0
2687,0.014166666666666671,-0.015833333333333335,0,0,0,0
2688,0.015000000000000003,-0.015833333333333335,0,0,0,0
2689,0.015833333333333335,-0.015833333333333335,0,0,0,0
2690,0.016666666666666666,-0.015833333333333335,0,0,0,0
2691,0.017500000000000005,-0.015833333333333335,0,0,0,0
2692,0.018333333333333337,-0.015833333333333335,0,0,0,0
2693,0.019166666666666669,-0.015833333333333335,0,0,0,0
2694,0.02,-0.015833333333333335,0,0,0,0
2695,-0.02,-0.014999999999999999,0,0,0,0
2696,-0.019166666666666669,-0.014999999999999999,0,0,0,0
2697,-0.018333333333333333,-0.014999999999999999,0,0,0,0
2698,-0.017500000000000002,-0.014999999999999999,0,0,0,0
2699,-0.016666666666666666,-0.014999999999999999,0,0,0,0
2700,-0.015833333333333335,-0.014999999999999999,0,0,0,0
2701,-0.014999999999999999,-0.014999999999999999,0,0,0,0
2702,-0.014166666666666668,-0.014999999999999999,0,0,0,0
2703,-0.013333333333333332,-0.014999999999999999,0,0,0,0
2704,-0.012500000000000001,-0.014999999999999999,0,0,0,0
2705,-0.011666666666666667,-0.014999999999999999,0,0,0,0
2706,-0.010833333333333334,-0.014999999999999999,0,0,0,0
2707,-0.01,-0.014999999999999999,0,0,0,0
2708,-0.0091666666666666667,-0.014999999999999999,0,0,0,0
2709,-0.0083333333333333332,-0.014999999999999999,0,0,0,0
2710,-0.0074999999999999997,-0.014999999999999999,0,0,0,0
2711,-0.0066666666666666662,-0.014999999999999999,0,0,0,0
2712,-0.0058333333333333327,-0.014999999999999999,0,0,0,0
2713,-0.0049999999999999992,-0.014999999999999999,0,0,0,0
2714,-0.0041666666666666657,-0.014999999999999999,0,0,0,0
2715,-0.003333333333333334,-0.014999999999999999,0,0,0,0
2716,-0.0024999999999999988,-0.014999999999999999,0,0,0,0
2717,-0.001666666666666667,-0.014999999999999999,0,0,0,0
2718,-0.00083333333333333176,-0.014999999999999999,0,0,0,0
2719,0,-0.014999999999999999,0,0,0,0
2720,0.00083333333333333523,-0.014999999999999999,0,0,0,0
2721,0.001666666666666667,-0.014999999999999999,0,0,0,0
2722,0.0025000000000000022,-0.014999999999999999,0,0,0,0
2723,0.003333333333333334,-0.014999999999999999,0,0,0,0
2724,0.0041666666666666692,-0.014999999999999999,0,0,0,0
2725,0.005000000000000001,-0.014999999999999999,0,0,0,0
2726,0.0058333333333333362,-0.014999999999999999,0,0,0,0
2727,0.006666666666666668,-0.014999999999999999,0,0,0,0
2728,0.0074999999999999997,-0.014999999999999999,0,0,0,0
2729,0.008333333333333335,-0.014999999999999999,0,0,0,0
2730,0.0091666666666666667,-0.014999999999999999,0,0,0,0
2731,0.010000000000000002,-0.014999999999999999,0,0,0,0
2732,0.010833333333333334,-0.014999999999999999,0,0,0,0
2733,0.011666666666666669,-0.014999999999999999,0,0,0,0
2734,0.012500000000000001,-0.014999999999999999,0,0,0,0
2735,0.013333333333333332,-0.014999999999999999,0,0,0,0
2736,0.014166666666666671,-0.014999999999999999,0,0,0,0
2737,0.015000000000000003,-0.014999999999999999,0,0,0,0
2738,0.015833333333333335,-0.014999999999999999,0,0,0,0
2739,0.016666666666666666,-0.014999999999999999,0,0,0,0
2740,0.017500000000000005,-0.014999999999999999,0,0,0,0
2741,0.018333333333333337,-0.014999999999999999,0,0,0,0
2742,0.019166666666666669,-0.014999999999999999,0,0,0,0
2743,0.02,-0.014999999999999999,0,0,0,0
2744,-0.02,-0.014166666666666668,0,0,0,0
2745,-0.019166666666666669,-0.014166666666666668,0,0,0,0
2746,-0.018333333333333333,-0.014166666666666668,0,0,0,0
2747,-0.017500000000000002,-0.014166666666666668,0,0,0,0
2748,-0.016666666666666666,-0.014166666666666668,0,0,0,0
2749,-0.015833333333333335,-0.014166666666666668,0,0,0,0
2750,-0.014999999999999999,-0.014166666666666668,0,0,0,0
2751,-0.014166666666666668,-0.014166666666666668,0,5.026135652961773e-08,4.7772045687667275e-08,-5.5963777699566605e-08
2752,-0.013333333333333332,-0.014166666666666668,0,6.5214113971821802e-08,6.0130934579563987e-08,-7.9099175330653974e-08
2753,-0.012500000000000001,-0.014166666666666668,0,6.1269181970702457e-08,4.2996989932460281e-08,-7.8176915392568254e-08
2754,-0.011666666666666667,-0.014166666666666668,0,5.2590519044201203e-08,-9.192188669535179e-09,-3.6851233559676446e-08
2755,-0.010833333333333334,-0.014166666666666668,0,4.6214740978244072e-08,-1.0303779247182958e-07,4.248656303826399e-08
2756,-0.01,-0.014166666666666668,0,5.4389488632747629e-08,-2.037299045808254e-07,1.4335832649531607e-07
2757,-0.0091666666666666667,-0.014166666666666668,0,8.5764043388742393e-08,-2.9183172636761744e-07,2.2848489504171977e-07
2758,-0.0083333333333333332,-0.014166666666666668,0,1.4756212890858926e-07,-3.4791751516948552e-07,2.6600858060196781e-07
2759,-0.0074999999999999997,-0.014166666666666668,0,2.2453511112810219e-07,-3.3185043415948215e-07,2.7398273273885787e-07
2760,-0.0066666666666666662,-0.014166666666666668,0,3.1332377305276394e-07,-2.585139069313666e-07,2.3939886307731096e-07
2761,-0.0058333333333333327,-0.014166666666666668,0,4.1278583269884681e-07,-9.5558272613488701e-08,1.6340774993438652e-07
2762,-0.0049999999999999992,-0.014166666666666668,0,5.009947634069878e-07,1.4380080467570659e-07,-2.9213706641460805e-08
2763,-0.0041666666666666657,-0.014166666666666668,0,5.3224634689380806e-07,4.1251670387854627e-07,-2.6831338232843712e-07
2764,-0.003333333333333334,-0.014166666666666668,0,5.083065564255263e-07,7.0855874999999233e-07,-5.1556433630616577e-07
2765,-0.0024999999999999988,-0.014166666666666668,0,4.5312879748892114e-07,1.0268254436828521e-06,-7.973153654965788e-07
2766,-0.001666666666666667,-0.014166666666666668,0,3.6386232729074597e-07,1.3259588683131599e-06,-1.0751182107754475e-06
2767,-0.00083333333333333176,-0.014166666666666668,0,2.7091808471825147e-07,1.5422009074046279e-06,-1.249114549171587e-06
2768,0,-0.014166666666666668,0,1.8647996249116384e-07,1.7212572381157155e-06,-1.3888353069204742e-06
2769,0.00083333333333333523,-0.014166666666666668,0,8.574719300720005e-08,1.8766530494859896e-06,-1.5704280718145919e-06
2770,0.001666666666666667,-0.014166666666666668,0,-6.996026547112909e-08,1.9277270865406573e-06,-1.7023925661157188e-06
2771,0.0025000000000000022,-0.014166666666666668,0,-2.3160210726184166e-07,1.8232965930108962e-06,-1.6639239735152892e-06
2772,0.003333333333333334,-0.014166666666666668,0,-3.4544222189659132e-07,1.6077539488085655e-06,-1.4719790064510949e-06
2773,0.0041666666666666692,-0.014166666666666668,0,-3.9536602447447837e-07,1.3555036187433743e-06,-1.2190006797260937e-06
2774,0.005000000000000001,-0.014166666666666668,0,-4.1255883512159078e-07,1.0827220249872729e-06,-9.6054926069428148e-07
2775,0.0058333333333333362,-0.014166666666666668,0,-3.9731029429523006e-07,7.6253945388179854e-07,-6.9430220016202523e-07
2776,0.006666666666666668,-0.014166666666666668,0,-3.5250783833552782e-07,4.4805809906313592e-07,-4.4126695877099089e-07
2777,0.0074999999999999997,-0.014166666666666668,0,-2.8416299242752847e-07,2.0121424760062703e-07,-2.5422995303766492e-07
2778,0.008333333333333335,-0.014166666666666668,0,-2.1573497792485467e-07,7.3492576057497396e-08,-1.3194175887752984e-07
2779,0.0091666666666666667,-0.014166666666666668,0,-1.5978778504709478e-07,4.4029290825964429e-08,-6.4673742394500385e-08
2780,0.010000000000000002,-0.014166666666666668,0,-1.308011742035286e-07,6.0815509660724489e-08,-5.3642989203527465e-08
2781,0.010833333333333334,-0.014166666666666668,0,-1.140275069163821e-07,9.1207962470699411e-08,-6.9287290139042242e-08
2782,0.011666666666666669,-0.014166666666666668,0,-1.0783367376265347e-07,1.1509442555603858e-07,-8.8253109218055015e-08
2783,0.012500000000000001,-0.014166666666666668,0,-1.0485132899548144e-07,1.2194381322673776e-07,-9.1701747075747951e-08
2784,0.013333333333333332,-0.014166666666666668,0,-9.5604043630373497e-08,1.0659908583508942e-07,-7.4998912517785279e-08
2785,0.014166666666666671,-0.014166666666666668,0,-6.4615745219622159e-08,7.1777367909602427e-08,-5.580630550693859e-08
2786,0.015000000000000003,-0.014166666666666668,0,0,0,0
2787,0.015833333333333335,-0.014166666666666668,0,0,0,0
2788,0.016666666666666666,-0.014166666666666668,0,0,0,0
2789,0.017500000000000005,-0.014166666666666668,0,0,0,0
2790,0.018333333333333337,-0.014166666666666668,0,0,0,0
2791,0.019166666666666669,-0.014166666666666668,0,0,0,0
2792,0.02,-0.014166666666666668,0,0,0,0
2793,-0.02,-0.013333333333333332,0,0,0,0
2794,-0.019166666666666669,-0.013333333333333332,0,0,0,0
2795,-0.018333333333333333,-0.013333333333333332,0,0,0,0
2796,-0.017500000000000002,-0.013333333333333332,0,0,0,0
2797,-0.016666666666666666,-0.013333333333333332,0,0,0,0
2798,-0.015833333333333335,-0.013333333333333332,0,0,0,0
2799,-0.014999999999999999,-0.013333333333333332,0,0,0,0
2800,-0.014166666666666668,-0.013333333333333332,0,6.4262129722370372e-08,5.8866284827939968e-08,-7.8980107589505114e-08
2801,-0.013333333333333332,-0.013333333333333332,0,7.6558119769720913e-08,6.8299341133026671e-08,-8.2730130244510164e-08
2802,-0.012500000000000001,-0.013333333333333332,0,5.0840340582838481e-08,1.6697908330890842e-08,3.3445412604988246e-09
2803,-0.011666666666666667,-0.013333333333333332,0,1.4968143087708903e-08,-9.7349293592800228e-08,2.1830568312104353e-07
2804,-0.010833333333333334,-0.013333333333333332,0,-1.8889552560889444e-08,-2.7839477157661814e-07,5.5989448287384601e-07
2805,-0.01,-0.013333333333333332,0,-2.3064711419640546e-08,-4.6818612298454517e-07,1.0029833005071798e-06
2806,-0.0091666666666666667,-0.013333333333333332,0,8.7538303239604534e-09,-6.4069442318392945e-07,1.5094084648738431e-06
2807,-0.0083333333333333332,-0.013333333333333332,0,7.5629943560258086e-08,-7.5327842790144766e-07,2.0321217894493274e-06
2808,-0.0074999999999999997,-0.013333333333333332,0,1.7011934767529874e-07,-8.4027411395969207e-07,2.5361535718974062e-06
2809,-0.0066666666666666662,-0.013333333333333332,0,2.8748415174866564e-07,-8.7677734303287101e-07,2.9734203271387757e-06
2810,-0.0058333333333333327,-0.013333333333333332,0,4.1745859341918698e-07,-8.4779680056874567e-07,3.2488544116905845e-06
2811,-0.0049999999999999992,-0.013333333333333332,0,5.1136632458828059e-07,-7.5220929945796989e-07,3.2976138434441836e-06
2812,-0.0041666666666666657,-0.013333333333333332,0,5.6308815341081634e-07,-5.4872197561814233e-07,3.160606939191563e-06
2813,-0.003333333333333334,-0.013333333333333332,0,5.6954063372769143e-07,-2.6594315288953924e-07,2.8070671396375499e-06
2814,-0.0024999999999999988,-0.013333333333333332,0,4.7708848815836045e-07,9.1394100931287761e-08,2.344067178807966e-06
2815,-0.001666666666666667,-0.013333333333333332,0,3.60291965161627e-07,3.7720277280466697e-07,1.9493943476377987e-06
2816,-0.00083333333333333176,-0.013333333333333332,0,2.6217145387365255e-07,5.612690167889614e-07,1.5566601194635925e-06
2817,0,-0.013333333333333332,0,1.4511937721850703e-07,6.5899689378260849e-07,1.0312145632410776e-06
2818,0.00083333333333333523,-0.013333333333333332,0,-4.0391868946049636e-08,7.1268265928293607e-07,5.3188510550281465e-07
2819,0.001666666666666667,-0.013333333333333332,0,-2.3876638518180861e-07,7.1901271233992477e-07,2.2889263977337033e-07
2820,0.0025000000000000022,-0.013333333333333332,0,-4.0573113699192006e-07,6.2537491718899438e-07,1.2253618898575529e-07
2821,0.003333333333333334,-0.013333333333333332,0,-5.0891424915278603e-07,4.1406769009480028e-07,1.4331942667867154e-07
2822,0.0041666666666666692,-0.013333333333333332,0,-5.5457479222607192e-07,1.5372375172098505e-07,2.1827852212428438e-07
2823,0.005000000000000001,-0.013333333333333332,0,-5.5009960114608753e-07,-3.8909993862344898e-08,3.1433050905528502e-07
2824,0.0058333333333333362,-0.013333333333333332,0,-5.0707424263429653e-07,-1.413355066973101e-07,4.0659226965462795e-07
2825,0.006666666666666668,-0.013333333333333332,0,-4.3275425966475659e-07,-1.9531424581477601e-07,4.8862374090885778e-07
2826,0.0074999999999999997,-0.013333333333333332,0,-3.4921510914233398e-07,-1.9678605103464113e-07,5.2673004935457003e-07
2827,0.008333333333333335,-0.013333333333333332,0,-2.7148265557456742e-07,-1.5368222070794362e-07,4.8519429927676738e-07
2828,0.0091666666666666667,-0.013333333333333332,0,-2.1188697959138927e-07,-8.9074739700719693e-08,3.7860667373509201e-07
2829,0.010000000000000002,-0.013333333333333332,0,-1.7979911515013328e-07,1.5878641215235751e-08,2.2639825308330281e-07
2830,0.010833333333333334,-0.013333333333333332,0,-1.686376969792012e-07,1.1848417860120367e-07,7.8928425801617354e-08
2831,0.011666666666666669,-0.013333333333333332,0,-1.6709248466916514e-07,1.8513502810193416e-07,-3.4061090123017796e-08
2832,0.012500000000000001,-0.013333333333333332,0,-1.6672711796813937e-07,2.1045531840290038e-07,-9.4241445108875977e-08
2833,0.013333333333333332,-0.013333333333333332,0,-1.5086318392351454e-07,1.88857037059667e-07,-9.5261071602735332e-08
2834,0.014166666666666671,-0.013333333333333332,0,-9.5036359008074643e-08,1.1921768764673669e-07,-7.3784172595977235e-08
2835,0.015000000000000003,-0.013333333333333332,0,0,0,0
2836,0.015833333333333335,-0.013333333333333332,0,0,0,0
2837,0.016666666666666666,-0.013333333333333332,0,0,0,0
2838,0.017500000000000005,-0.013333333333333332,0,0,0,0
2839,0.018333333333333337,-0.013333333333333332,0,0,0,0
2840,0.019166666666666669,-0.013333333333333332,0,0,0,0
2841,0.02,-0.013333333333333332,0,0,0,0
2842,-0.02,-0.012500000000000001,0,0,0,0
2843,-0.019166666666666669,-0.012500000000000001,0,0,0,0
2844,-0.018333333333333333,-0.012500000000000001,0,0,0,0
2845,-0.017500000000000002,-0.012500000000000001,0,0,0,0
2846,-0.016666666666666666,-0.012500000000000001,0,0,0,0
2847,-0.015833333333333335,-0.012500000000000001,0,0,0,0
2848,-0.014999999999999999,-0.012500000000000001,0,0,0,0
2849,-0.014166666666666668,-0.012500000000000001,0,4.9119584826632455e-08,5.271545843581336e-08,-8.0302754357965582e-08
2850,-0.013333333333333332,-0.012500000000000001,0,2.4818604924408879e-08,4.3892734582155259e-08,-6.3688032855784981e-09
2851,-0.012500000000000001,-0.012500000000000001,0,-5.183343932138131e-08,-4.9267760575556291e-08,2.6221654952137308e-07
2852,-0.011666666666666667,-0.012500000000000001,0,-1.5218341920656803e-07,-2.3495253185243174e-07,7.8310492862389413e-07
2853,-0.010833333333333334,-0.012500000000000001,0,-2.4179467444761351e-07,-4.9010765734105476e-07,1.550176251390214e-06
2854,-0.01,-0.012500000000000001,0,-2.9085842615849739e-07,-7.6305093776530809e-07,2.5221185910686086e-06
2855,-0.0091666666666666667,-0.012500000000000001,0,-3.1144368036556893e-07,-1.0519634492326661e-06,3.6447812253258182e-06
2856,-0.0083333333333333332,-0.012500000000000001,0,-2.828490373437369e-07,-1.2850556609429133e-06,4.8538673063632281e-06
2857,-0.0074999999999999997,-0.012500000000000001,0,-2.3331451318356152e-07,-1.4955407344108058e-06,6.0847078621396447e-06
2858,-0.0066666666666666662,-0.012500000000000001,0,-1.1950386409555309e-07,-1.6691422481372189e-06,7.2095922715193413e-06
2859,-0.0058333333333333327,-0.012500000000000001,0,7.6936590245145223e-08,-1.7285595040774414e-06,8.0485512922238871e-06
2860,-0.0049999999999999992,-0.012500000000000001,0,3.1246691909603081e-07,-1.6327931687374524e-06,8.5029211941087234e-06
2861,-0.0041666666666666657,-0.012500000000000001,0,5.6962302227965374e-07,-1.3397550741791159e-06,8.5329449566764643e-06
2862,-0.003333333333333334,-0.012500000000000001,0,7.1524734922670675e-07,-8.9250741513498818e-07,8.1929943869019358e-06
2863,-0.0024999999999999988,-0.012500000000000001,0,6.8213194930294987e-07,-4.5459215897228433e-07,7.819159370847876e-06
2864,-0.001666666666666667,-0.012500000000000001,0,4.8495270146128108e-07,-3.091895736485219e-07,7.5814192089173724e-06
2865,-0.00083333333333333176,-0.012500000000000001,0,3.3595049864190835e-07,-3.6359910137393674e-07,7.351025739630859e-06
2866,0,-0.012500000000000001,0,2.1194861857939312e-07,-4.3831030037908159e-07,6.9750985906861811e-06
2867,0.00083333333333333523,-0.012500000000000001,0,2.7380320997554782e-08,-4.7324662765650842e-07,6.4890521645090329e-06
2868,0.001666666666666667,-0.012500000000000001,0,-1.9173453629047584e-07,-4.8237359953184148e-07,5.948236640721418e-06
2869,0.0025000000000000022,-0.012500000000000001,0,-3.748052986719983e-07,-5.515484235172766e-07,5.3981461061016747e-06
2870,0.003333333333333334,-0.012500000000000001,0,-5.1910582615029614e-07,-7.5609315280287785e-07,4.9036942958914762e-06
2871,0.0041666666666666692,-0.012500000000000001,0,-5.5242481834399948e-07,-9.6944997998111394e-07,4.4538139375757449e-06
2872,0.005000000000000001,-0.012500000000000001,0,-5.0474655281220645e-07,-1.0857659858876274e-06,4.0225086487295097e-06
2873,0.0058333333333333362,-0.012500000000000001,0,-4.1680349334401639e-07,-1.0358095795161614e-06,3.5550368877353118e-06
2874,0.006666666666666668,-0.012500000000000001,0,-3.2690842996784571e-07,-8.551474307127891e-07,3.0207422525281781e-06
2875,0.0074999999999999997,-0.012500000000000001,0,-2.260108477153571e-07,-6.6919706941914509e-07,2.472670107321057e-06
2876,0.008333333333333335,-0.012500000000000001,0,-1.5323577105202778e-07,-4.8597091867910215e-07,1.9236142120306329e-06
2877,0.0091666666666666667,-0.012500000000000001,0,-1.173079333346454e-07,-2.9411320153905891e-07,1.3852188471146084e-06
2878,0.010000000000000002,-0.012500000000000001,0,-1.0867307384543974e-07,-1.0137212831524014e-07,8.8125578667165536e-07
2879,0.010833333333333334,-0.012500000000000001,0,-1.3328604668884711e-07,8.9075464268093006e-08,4.5002654950168897e-07
2880,0.011666666666666669,-0.012500000000000001,0,-1.6006898945499856e-07,2.1362018376272093e-07,1.4052860890217382e-07
2881,0.012500000000000001,-0.012500000000000001,0,-1.8114535820398689e-07,2.6844655848694781e-07,-4.3115881041603187e-08
2882,0.013333333333333332,-0.012500000000000001,0,-1.7505663455112569e-07,2.4766769397416544e-07,-1.010392530295094e-07
2883,0.014166666666666671,-0.012500000000000001,0,-1.1424028799597055e-07,1.5443373432247095e-07,-9.2778886590314873e-08
2884,0.015000000000000003,-0.012500000000000001,0,0,0,0
2885,0.015833333333333335,-0.012500000000000001,0,0,0,0
2886,0.016666666666666666,-0.012500000000000001,0,0,0,0
2887,0.017500000000000005,-0.012500000000000001,0,0,0,0
2888,0.018333333333333337,-0.012500000000000001,0,0,0,0
2889,0.019166666666666669,-0.012500000000000001,0,0,0,0
2890,0.02,-0.012500000000000001,0,0,0,0
2891,-0.02,-0.011666666666666667,0,0,0,0
2892,-0.019166666666666669,-0.011666666666666667,0,0,0,0
2893,-0.018333333333333333,-0.011666666666666667,0,0,0,0
2894,-0.017500000000000002,-0.011666666666666667,0,0,0,0
2895,-0.016666666666666666,-0.011666666666666667,0,0,0,0
2896,-0.015833333333333335,-0.011666666666666667,0,0,0,0
2897,-0.014999999999999999,-0.011666666666666667,0,0,0,0
2898,-0.014166666666666668,-0.011666666666666667,0,3.8710979574301393e-09,4.5392138079525969e-08,-4.8270964450315244e-08
2899,-0.013333333333333332,-0.011666666666666667,0,-8.6249797560628846e-08,1.7793557027984832e-08,1.7413621152557131e-07
2900,-0.012500000000000001,-0.011666666666666667,0,-2.4686966187731673e-07,-1.2159783071667131e-07,7.2680701286051495e-07
2901,-0.011666666666666667,-0.011666666666666667,0,-4.2396468159454792e-07,-3.619609210923907e-07,1.6808321393607086e-06
2902,-0.010833333333333334,-0.011666666666666667,0,-5.8073622155523592e-07,-6.7233758857515134e-07,3.0291360094017283e-06
2903,-0.01,-0.011666666666666667,0,-7.1113966412649267e-07,-1.0422375854858729e-06,4.726374034989845e-06
2904,-0.0091666666666666667,-0.011666666666666667,0,-8.1141869768647439e-07,-1.4469113286078286e-06,6.7155499887117558e-06
2905,-0.0083333333333333332,-0.011666666666666667,0,-8.7619243885494272e-07,-1.8389577207189771e-06,8.9009175477050999e-06
2906,-0.0074999999999999997,-0.011666666666666667,0,-8.1583140373876146e-07,-2.2169445506223527e-06,1.1161509286519019e-05
2907,-0.0066666666666666662,-0.011666666666666667,0,-5.2876771328713856e-07,-2.4475028366425367e-06,1.3206699401425511e-05
2908,-0.0058333333333333327,-0.011666666666666667,0,-8.119243198674749e-08,-2.5145229436407971e-06,1.4748936993811321e-05
2909,-0.0049999999999999992,-0.011666666666666667,0,5.3460510494307327e-07,-2.3313647598505752e-06,1.5623214325163431e-05
2910,-0.0041666666666666657,-0.011666666666666667,0,1.2410521291023533e-06,-1.738525393566149e-06,1.5712163968672602e-05
2911,-0.003333333333333334,-0.011666666666666667,0,1.8327155727817959e-06,-7.6590372815133198e-07,1.5164338784464469e-05
2912,-0.0024999999999999988,-0.011666666666666667,0,1.6332308430516022e-06,1.0190944661486891e-07,1.4734686938454856e-05
2913,-0.001666666666666667,-0.011666666666666667,0,1.1236538985488032e-06,1.2289911658905495e-07,1.507518672818788e-05
2914,-0.00083333333333333176,-0.011666666666666667,0,1.0075244661612928e-06,3.8336473906477371e-08,1.5819289862862312e-05
2915,0,-0.011666666666666667,0,1.1126527012351916e-06,-2.4929312059140642e-07,1.619608579319628e-05
2916,0.00083333333333333523,-0.011666666666666667,0,1.0797375523600848e-06,-4.3908872026866944e-07,1.5873275849909381e-05
2917,0.001666666666666667,-0.011666666666666667,0,8.8696528664711327e-07,-5.9320190604817333e-07,1.5010889771981864e-05
2918,0.0025000000000000022,-0.011666666666666667,0,4.4243520412620744e-07,-9.1753910453535698e-07,1.3830468159783538e-05
2919,0.003333333333333334,-0.011666666666666667,0,1.4575821444841499e-08,-1.4164498936095818e-06,1.2674472525348615e-05
2920,0.0041666666666666692,-0.011666666666666667,0,-1.5622112371865648e-07,-1.8349094780472211e-06,1.1558174493612456e-05
2921,0.005000000000000001,-0.011666666666666667,0,-1.2144224556627069e-07,-2.1252121177318723e-06,1.0282457768609193e-05
2922,0.0058333333333333362,-0.011666666666666667,0,-4.196600510817406e-08,-2.0928953220011605e-06,8.8588534857330466e-06
2923,0.006666666666666668,-0.011666666666666667,0,3.7720546796286871e-08,-1.788738828484237e-06,7.3723932871089655e-06
2924,0.0074999999999999997,-0.011666666666666667,0,7.6244459885912873e-08,-1.3409923381589475e-06,5.8548161765565418e-06
2925,0.008333333333333335,-0.011666666666666667,0,1.0846977241267597e-07,-9.02406500697097e-07,4.400238027065954e-06
2926,0.0091666666666666667,-0.011666666666666667,0,1.2096496216167079e-07,-5.5077432851193923e-07,3.1033313492154239e-06
2927,0.010000000000000002,-0.011666666666666667,0,7.4069487380451194e-08,-2.3560878171966921e-07,2.006521848668906e-06
2928,0.010833333333333334,-0.011666666666666667,0,-4.3314290563382681e-10,3.3723545443049916e-08,1.1195971440199297e-06
2929,0.011666666666666669,-0.011666666666666667,0,-8.9905191959020313e-08,2.3534742010793093e-07,4.7708561071233528e-07
2930,0.012500000000000001,-0.011666666666666667,0,-1.5488246138452506e-07,3.2682128640854386e-07,9.040910286559513e-08
2931,0.013333333333333332,-0.011666666666666667,0,-1.7673209868492641e-07,3.1026777265261046e-07,-7.1110904872837266e-08
2932,0.014166666666666671,-0.011666666666666667,0,-1.2484488579088079e-07,1.9440837293264487e-07,-1.0015848560509996e-07
2933,0.015000000000000003,-0.011666666666666667,0,0,0,0
2934,0.015833333333333335,-0.011666666666666667,0,0,0,0
2935,0.016666666666666666,-0.011666666666666667,0,0,0,0
2936,0.017500000000000005,-0.011666666666666667,0,0,0,0
2937,0.018333333333333337,-0.011666666666666667,0,0,0,0
2938,0.019166666666666669,-0.011666666666666667,0,0,0,0
2939,0.02,-0.011666666666666667,0,0,0,0
2940,-0.02,-0.010833333333333334,0,0,0,0
2941,-0.019166666666666669,-0.010833333333333334,0,0,0,0
2942,-0.018333333333333333,-0.010833333333333334,0,0,0,0
2943,-0.017500000000000002,-0.010833333333333334,0,0,0,0
2944,-0.016666666666666666,-0.010833333333333334,0,0,0,0
2945,-0.015833333333333335,-0.010833333333333334,0,0,0,0
2946,-0.014999999999999999,-0.010833333333333334,0,0,0,0
2947,-0.014166666666666668,-0.010833333333333334,0,-7.6434264952572948e-08,4.391215130505549e-08,5.5150601702344494e-09
2948,-0.013333333333333332,-0.010833333333333334,0,-2.5020567722943989e-07,4.2850747644367359e-09,4.3474794555624226e-07
2949,-0.012500000000000001,-0.010833333333333334,0,-4.9227003513789799e-07,-1.6122610964568569e-07,1.3543832576342628e-06
2950,-0.011666666666666667,-0.010833333333333334,0,-7.5395307040676059e-07,-4.353138845598134e-07,2.852401879669019e-06
2951,-0.010833333333333334,-0.010833333333333334,0,-1.0160623066057554e-06,-8.0877494153745377e-07,4.9257644779192096e-06
2952,-0.01,-0.010833333333333334,0,-1.2756596267156581e-06,-1.2787294356485997e-06,7.5546227722143786e-06
2953,-0.0091666666666666667,-0.010833333333333334,0,-1.5039013493143083e-06,-1.8207459457994825e-06,1.0669945538953177e-05
2954,-0.0083333333333333332,-0.010833333333333334,0,-1.5962917836299962e-06,-2.4106552679753234e-06,1.415328040266193e-05
2955,-0.0074999999999999997,-0.010833333333333334,0,-1.3467667639575258e-06,-2.8854314216383002e-06,1.7677398379463732e-05
2956,-0.0066666666666666662,-0.010833333333333334,0,-6.5943203312013165e-07,-3.1584699725322465e-06,2.080294488112452e-05
2957,-0.0058333333333333327,-0.010833333333333334,0,5.1997116246891521e-07,-3.0258326599666517e-06,2.3127569369985469e-05
2958,-0.0049999999999999992,-0.010833333333333334,0,1.9705759130704422e-06,-2.3805528182470773e-06,2.4375796139629905e-05
2959,-0.0041666666666666657,-0.010833333333333334,0,4.0622236342224883e-06,-6.9335073597172659e-07,2.4003651164971628e-05
2960,-0.003333333333333334,-0.010833333333333334,0,5.5965714331099618e-06,1.6417044304216141e-06,2.2270538748109637e-05
2961,-0.0024999999999999988,-0.010833333333333334,0,5.0524896586329893e-06,3.8373169970114352e-06,2.136316041941433e-05
2962,-0.001666666666666667,-0.010833333333333334,0,3.2567036628589821e-06,4.4376000679804296e-06,2.2945049036766829e-05
2963,-0.00083333333333333176,-0.010833333333333334,0,3.275479598921511e-06,4.5469405144577127e-06,2.5432862067615697e-05
2964,0,-0.010833333333333334,0,3.9328204731995227e-06,4.1317484733763695e-06,2.7445040420218058e-05
2965,0.00083333333333333523,-0.010833333333333334,0,3.7974025562981448e-06,3.7590418550910876e-06,2.740312449104308e-05
2966,0.001666666666666667,-0.010833333333333334,0,3.0507817312949487e-06,3.1040993327312247e-06,2.643865496560241e-05
2967,0.0025000000000000022,-0.010833333333333334,0,1.670031474632825e-06,2.0134053884288029e-06,2.4735453374892363e-05
2968,0.003333333333333334,-0.010833333333333334,0,2.3255656708804026e-07,2.503103550837464e-07,2.3058939027707244e-05
2969,0.0041666666666666692,-0.010833333333333334,0,1.9903571609092423e-07,-1.3588335117011096e-06,2.1572751766180925e-05
2970,0.005000000000000001,-0.010833333333333334,0,4.9681634653774761e-07,-2.2282752484539439e-06,1.9298829541414974e-05
2971,0.0058333333333333362,-0.010833333333333334,0,4.340584270525068e-07,-2.5588022806372519e-06,1.6476934921818673e-05
2972,0.006666666666666668,-0.010833333333333334,0,4.9045866405673118e-07,-2.4749411525672597e-06,1.3610929450011557e-05
2973,0.0074999999999999997,-0.010833333333333334,0,5.5060590249341373e-07,-2.0702430702785483e-06,1.0807662291069798e-05
2974,0.008333333333333335,-0.010833333333333334,0,5.2850875215812367e-07,-1.4693626044088409e-06,8.1121984944379997e-06
2975,0.0091666666666666667,-0.010833333333333334,0,4.2308207767917909e-07,-8.5847270034262047e-07,5.6542594248556748e-06
2976,0.010000000000000002,-0.010833333333333334,0,3.2241448628576881e-07,-3.6715985091351402e-07,3.6222890306391904e-06
2977,0.010833333333333334,-0.010833333333333334,0,1.8880138533412622e-07,-3.1253754162725361e-09,2.0683581521144221e-06
2978,0.011666666666666669,-0.010833333333333334,0,3.7464854527019901e-08,2.6056393479914359e-07,9.5888854209406765e-07
2979,0.012500000000000001,-0.010833333333333334,0,-9.8450838003418328e-08,4.014598699381711e-07,2.7094863794652063e-07
2980,0.013333333333333332,-0.010833333333333334,0,-1.7355518385304023e-07,3.9653935080134606e-07,-3.8711799327159569e-08
2981,0.014166666666666671,-0.010833333333333334,0,-1.4134067653817486e-07,2.5180412004928756e-07,-1.115514380721404e-07
2982,0.015000000000000003,-0.010833333333333334,0,0,0,0
2983,0.015833333333333335,-0.010833333333333334,0,0,0,0
2984,0.016666666666666666,-0.010833333333333334,0,0,0,0
2985,0.017500000000000005,-0.010833333333333334,0,0,0,0
2986,0.018333333333333337,-0.010833333333333334,0,0,0,0
2987,0.019166666666666669,-0.010833333333333334,0,0,0,0
2988,0.02,-0.010833333333333334,0,0,0,0
2989,-0.02,-0.01,0,0,0,0
2990,-0.019166666666666669,-0.01,0,0,0,0
2991,-0.018333333333333333,-0.01,0,0,0,0
2992,-0.017500000000000002,-0.01,0,0,0,0
2993,-0.016666666666666666,-0.01,0,0,0,0
2994,-0.015833333333333335,-0.01,0,0,0,0
2995,-0.014999999999999999,-0.01,0,0,0,0
2996,-0.014166666666666668,-0.01,0,-1.3975560407750051e-07,5.989939044384779e-08,5.9694577911201563e-08
2997,-0.013333333333333332,-0.01,0,-3.9066843429611306e-07,3.4677296622046142e-08,7.388322948880886e-07
2998,-0.012500000000000001,-0.01,0,-7.3812508184783424e-07,-1.4211279181756089e-07,2.0787434892828558e-06
2999,-0.011666666666666667,-0.01,0,-1.1261920822089209e-06,-4.5079330295245275e-07,4.2054951028523075e-06
3000,-0.010833333333333334,-0.01,0,-1.5414617258006246e-06,-8.8236594469414332e-07,7.1450616393214743e-06
3001,-0.01,-0.01,0,-1.9848880366971886e-06,-1.4738616975369635e-06,1.0916351949341971e-05
3002,-0.0091666666666666667,-0.01,0,-2.3144159284910953e-06,-2.1972566541266105e-06,1.5466302053799254e-05
3003,-0.0083333333333333332,-0.01,0,-2.2135315355957621e-06,-2.9014214161663239e-06,2.0460567626558618e-05
3004,-0.0074999999999999997,-0.01,0,-1.4519284676393596e-06,-3.4229548379921128e-06,2.5518447353359711e-05
3005,-0.0066666666666666662,-0.01,0,4.9535584615157917e-07,-3.263298161839536e-06,2.9809313497569821e-05
3006,-0.0058333333333333327,-0.01,0,3.1438283973940409e-06,-2.2779979388423912e-06,3.271399597327046e-05
3007,-0.0049999999999999992,-0.01,0,6.3383009611433768e-06,-2.6267465760369813e-07,3.3730228456050868e-05
3008,-0.0041666666666666657,-0.01,0,1.0993470780443972e-05,3.5035208310867204e-06,3.0956187221313837e-05
3009,-0.003333333333333334,-0.01,0,1.4849610279529439e-05,8.8457804816975214e-06,2.5573861460790236e-05
3010,-0.0024999999999999988,-0.01,0,1.295894414158312e-05,1.5664598063360694e-05,2.0796428042638469e-05
3011,-0.001666666666666667,-0.01,0,9.1749010470778018e-06,2.0446995100577646e-05,2.2975020070462303e-05
3012,-0.00083333333333333176,-0.01,0,9.3642515664817611e-06,2.4782439975011669e-05,3.4769089174509023e-05
3013,0,-0.01,0,9.9628785489620181e-06,2.7579621705648041e-05,3.6305209354393127e-05
3014,0.00083333333333333523,-0.01,0,9.0298010668194906e-06,2.5969291994957722e-05,3.7221576160041201e-05
3015,0.001666666666666667,-0.01,0,7.5829947584620064e-06,2.158961563211283e-05,3.4931264274820087e-05
3016,0.0025000000000000022,-0.01,0,4.0948215542493853e-06,1.5696618985923617e-05,3.138487200782929e-05
3017,0.003333333333333334,-0.01,0,1.2189435830636525e-06,8.8222469085299711e-06,3.1702076247824639e-05
3018,0.0041666666666666692,-0.01,0,6.3959708920823194e-07,3.6267857402732478e-06,3.2708860913117352e-05
3019,0.005000000000000001,-0.01,0,6.568659198931099e-07,7.2452355509133197e-07,2.9918827933017453e-05
3020,0.0058333333333333362,-0.01,0,7.3741650231615427e-07,-1.1600384961855184e-06,2.5937418530366349e-05
3021,0.006666666666666668,-0.01,0,8.5150926060948038e-07,-2.1029184770093913e-06,2.1639582201247215e-05
3022,0.0074999999999999997,-0.01,0,9.5065423300849506e-07,-2.2321894018636441e-06,1.7287238644272355e-05
3023,0.008333333333333335,-0.01,0,1.0011236492791625e-06,-1.8742367370064798e-06,1.3002313113206656e-05
3024,0.0091666666666666667,-0.01,0,9.0184835633323977e-07,-1.2161055445504002e-06,9.1121291237889132e-06
3025,0.010000000000000002,-0.01,0,6.2106136911874006e-07,-5.36871291945132e-07,5.8080055652343205e-06
3026,0.010833333333333334,-0.01,0,3.7523334130401135e-07,-1.7740183197135663e-08,3.2808586088165364e-06
3027,0.011666666666666669,-0.01,0,1.5575770319966117e-07,3.1910473337337552e-07,1.5300978509585739e-06
3028,0.012500000000000001,-0.01,0,-4.4268002855068005e-08,5.0354331420955809e-07,4.5085351798753432e-07
3029,0.013333333333333332,-0.01,0,-1.7955483514413674e-07,5.0781182497417454e-07,-4.991505178791378e-08
3030,0.014166666666666671,-0.01,0,-1.9028517226168885e-07,3.3742116582898511e-07,-1.7096024813890495e-07
3031,0.015000000000000003,-0.01,0,0,0,0
3032,0.015833333333333335,-0.01,0,0,0,0
3033,0.016666666666666666,-0.01,0,0,0,0
3034,0.017500000000000005,-0.01,0,0,0,0
3035,0.018333333333333337,-0.01,0,0,0,0
3036,0.019166666666666669,-0.01,0,0,0,0
3037,0.02,-0.01,0,0,0,0
3038,-0.02,-0.0091666666666666667,0,0,0,0
3039,-0.019166666666666669,-0.0091666666666666667,0,0,0,0
3040,-0.018333333333333333,-0.0091666666666666667,0,0,0,0
3041,-0.017500000000000002,-0.0091666666666666667,0,0,0,0
3042,-0.016666666666666666,-0.0091666666666666667,0,0,0,0
3043,-0.015833333333333335,-0.0091666666666666667,0,0,0,0
3044,-0.014999999999999999,-0.0091666666666666667,0,0,0,0
3045,-0.014166666666666668,-0.0091666666666666667,0,-1.6880642085073694e-07,1.0232300074444149e-07,7.1753984808978897e-08
3046,-0.013333333333333332,-0.0091666666666666667,0,-4.8986989140471087e-07,1.1358583965096648e-07,1.0214816537830347e-06
3047,-0.012500000000000001,-0.0091666666666666667,0,-9.7416505522248644e-07,-7.055932462290005e-08,2.8062252417088885e-06
3048,-0.011666666666666667,-0.0091666666666666667,0,-1.5130896129802295e-06,-4.0675925794964747e-07,5.6257774959640114e-06
3049,-0.010833333333333334,-0.0091666666666666667,0,-2.1440590838926781e-06,-9.0141307420195346e-07,9.5757905789315069e-06
3050,-0.01,-0.0091666666666666667,0,-2.7715352502804029e-06,-1.6625817216863623e-06,1.4765075623764966e-05
3051,-0.0091666666666666667,-0.0091666666666666667,0,-2.9782133461169207e-06,-2.4584846793145333e-06,2.0934199883412308e-05
3052,-0.0083333333333333332,-0.0091666666666666667,0,-2.3237482371631536e-06,-3.1931417331312897e-06,2.7649725740060996e-05
3053,-0.0074999999999999997,-0.0091666666666666667,0,-1.2561389820889876e-07,-3.2722146169130548e-06,3.4343081258093481e-05
3054,-0.0066666666666666662,-0.0091666666666666667,0,4.2669999663967554e-06,-1.5982310681526907e-06,3.8651138136342886e-05
3055,-0.0058333333333333327,-0.0091666666666666667,0,9.380611918744801e-06,2.2515240839412499e-06,3.9640159349373574e-05
3056,-0.0049999999999999992,-0.0091666666666666667,0,1.6125144297701753e-05,9.9293757177907223e-06,3.3598820899243315e-05
3057,-0.0041666666666666657,-0.0091666666666666667,0,2.629900365430574e-05,2.1878055722429437e-05,3.4913860543182498e-05
3058,-0.003333333333333334,-0.0091666666666666667,0,3.3070214209569848e-05,3.7683472997786993e-05,1.9552269335688272e-05
3059,-0.0024999999999999988,-0.0091666666666666667,0,3.1648952002823618e-05,5.2356727808048209e-05,-3.1800222843048463e-06
3060,-0.001666666666666667,-0.0091666666666666667,0,2.4497518453986708e-05,6.7856472369877773e-05,-3.4787733234208326e-06
3061,-0.00083333333333333176,-0.0091666666666666667,0,1.9976787693361576e-05,7.6523428891203421e-05,-9.0262494983276847e-06
3062,0,-0.0091666666666666667,0,1.6129231290814948e-05,8.189816837361531e-05,-8.4998072520371068e-06
3063,0.00083333333333333523,-0.0091666666666666667,0,1.0002318421122184e-05,7.8336454496164977e-05,-4.3980441370290011e-06
3064,0.001666666666666667,-0.0091666666666666667,0,5.1475744438320161e-06,6.8961837595008345e-05,4.3933048611846046e-06
3065,0.0025000000000000022,-0.0091666666666666667,0,1.1416848426671531e-06,5.7176755772631018e-05,2.5333336480091903e-05
3066,0.003333333333333334,-0.0091666666666666667,0,-7.7522940952457858e-07,4.263874888059055e-05,4.3315087211624927e-05
3067,0.0041666666666666692,-0.0091666666666666667,0,-1.1296564656906873e-06,2.8823541599835209e-05,3.1840096632329627e-05
3068,0.005000000000000001,-0.0091666666666666667,0,-1.2580287164505566e-06,1.5355823903391419e-05,3.1158424725957796e-05
3069,0.0058333333333333362,-0.0091666666666666667,0,-6.0915817047283255e-07,5.1543142309785823e-06,3.3550952860960337e-05
3070,0.006666666666666668,-0.0091666666666666667,0,1.3836330785312688e-07,7.3056454541002977e-07,2.9908399487841149e-05
3071,0.0074999999999999997,-0.0091666666666666667,0,1.1217275162184704e-06,-8.5107887460952704e-07,2.4720819795056337e-05
3072,0.008333333333333335,-0.0091666666666666667,0,1.3312174215592129e-06,-1.3546172320803984e-06,1.8812875535876633e-05
3073,0.0091666666666666667,-0.0091666666666666667,0,1.278852176278912e-06,-1.1978923379635816e-06,1.3237782431668022e-05
3074,0.010000000000000002,-0.0091666666666666667,0,1.0102896402454951e-06,-6.3493595009900727e-07,8.4917766440249317e-06
3075,0.010833333333333334,-0.0091666666666666667,0,5.6698198809034953e-07,-1.5304170286671138e-08,4.7727666058936072e-06
3076,0.011666666666666669,-0.0091666666666666667,0,2.1066324751385014e-07,4.1572534817219872e-07,2.1592111153822132e-06
3077,0.012500000000000001,-0.0091666666666666667,0,-6.8202809396893196e-08,6.4053888680034489e-07,5.6675201681933446e-07
3078,0.013333333333333332,-0.0091666666666666667,0,-2.7262415630853414e-07,6.5846121585300902e-07,-1.6758699646034027e-07
3079,0.014166666666666671,-0.0091666666666666667,0,-3.2187037188354608e-07,4.5407509426761296e-07,-3.4179931724474463e-07
3080,0.015000000000000003,-0.0091666666666666667,0,0,0,0
3081,0.015833333333333335,-0.0091666666666666667,0,0,0,0
3082,0.016666666666666666,-0.0091666666666666667,0,0,0,0
3083,0.017500000000000005,-0.0091666666666666667,0,0,0,0
3084,0.018333333333333337,-0.0091666666666666667,0,0,0,0
3085,0.019166666666666669,-0.0091666666666666667,0,0,0,0
3086,0.02,-0.0091666666666666667,0,0,0,0
3087,-0.02,-0.0083333333333333332,0,0,0,0
3088,-0.019166666666666669,-0.0083333333333333332,0,0,0,0
3089,-0.018333333333333333,-0.0083333333333333332,0,0,0,0
3090,-0.017500000000000002,-0.0083333333333333332,0,0,0,0
3091,-0.016666666666666666,-0.0083333333333333332,0,0,0,0
3092,-0.015833333333333335,-0.0083333333333333332,0,0,0,0
3093,-0.014999999999999999,-0.0083333333333333332,0,0,0,0
3094,-0.014166666666666668,-0.0083333333333333332,0,-1.2510149705077709e-07,1.7689495233824398e-07,3.5258942933503774e-08
3095,-0.013333333333333332,-0.0083333333333333332,0,-5.0580180423955073e-07,2.3861621851192955e-07,1.2359381440466704e-06
3096,-0.012500000000000001,-0.0083333333333333332,0,-1.1317623354534231e-06,5.6064695248430573e-08,3.4559850411508717e-06
3097,-0.011666666666666667,-0.0083333333333333332,0,-1.889645558824274e-06,-3.0609297132058301e-07,7.0237835731910483e-06
3098,-0.010833333333333334,-0.0083333333333333332,0,-2.7852113251414904e-06,-9.2686173418482256e-07,1.2193224439519287e-05
3099,-0.01,-0.0083333333333333332,0,-3.4006323082405226e-06,-1.7205562538480408e-06,1.8935544199325117e-05
3100,-0.0091666666666666667,-0.0083333333333333332,0,-3.1247242151000699e-06,-2.6126595437150253e-06,2.6944595350230735e-05
3101,-0.0083333333333333332,-0.0083333333333333332,0,-9.6246848373394263e-07,-2.9996345689186696e-06,3.5356859223878731e-05
3102,-0.0074999999999999997,-0.0083333333333333332,0,3.4964166335157124e-06,-1.5373220990364932e-06,4.2487243140946282e-05
3103,-0.0066666666666666662,-0.0083333333333333332,0,1.3417896344260077e-05,3.3022323840452016e-06,4.1788781420693113e-05
3104,-0.0058333333333333327,-0.0083333333333333332,0,2.4384098362425537e-05,1.4322068896044993e-05,3.501168715302048e-05
3105,-0.0049999999999999992,-0.0083333333333333332,0,3.6913866635674841e-05,3.2985193733716139e-05,4.0725325180110324e-05
3106,-0.0041666666666666657,-0.0083333333333333332,0,4.9782914090989078e-05,5.8568900843704366e-05,-1.3552853966774129e-05
3107,-0.003333333333333334,-0.0083333333333333332,0,6.0317706473806714e-05,9.1137958457707574e-05,-4.4037005756814044e-05
3108,-0.0024999999999999988,-0.0083333333333333332,0,5.9753722120064234e-05,0.00012278899300712041,-7.5740006972066211e-05
3109,-0.001666666666666667,-0.0083333333333333332,0,4.8630798802081115e-05,0.00014793418227276932,-0.00011187013310702825
3110,-0.00083333333333333176,-0.0083333333333333332,0,3.536136373692282e-05,0.00016326479211246561,-0.0001396272253594328
3111,0,-0.0083333333333333332,0,1.9083585681098261e-05,0.00016884737918769125,-0.00014283033450274163
3112,0.00083333333333333523,-0.0083333333333333332,0,2.8690213387073997e-06,0.00016489329341017248,-0.00012881424667022021
3113,0.001666666666666667,-0.0083333333333333332,0,-1.0387760726675604e-05,0.00015027214542184664,-9.426585431370499e-05
3114,0.0025000000000000022,-0.0083333333333333332,0,-1.7373244050115807e-05,0.00012575201357977912,-6.6862857679465872e-05
3115,0.003333333333333334,-0.0083333333333333332,0,-1.8457365390629232e-05,9.5777518997083104e-05,-4.1762671414363557e-05
3116,0.0041666666666666692,-0.0083333333333333332,0,-1.7345609988294506e-05,7.0830465702882939e-05,1.4854386156622287e-05
3117,0.005000000000000001,-0.0083333333333333332,0,-1.0763903031441087e-05,4.7197434390755973e-05,3.5202541685411755e-05
3118,0.0058333333333333362,-0.0083333333333333332,0,-6.050450752501474e-06,2.4390349049802922e-05,2.6597367822331685e-05
3119,0.006666666666666668,-0.0083333333333333332,0,-3.2264697267348998e-06,9.0318249220064401e-06,3.3002008574628129e-05
3120,0.0074999999999999997,-0.0083333333333333332,0,-1.4481108571033824e-07,2.8396135157307865e-06,3.0854440129468278e-05
3121,0.008333333333333335,-0.0083333333333333332,0,1.058378538526871e-06,6.0384650632189198e-07,2.4490170338237281e-05
3122,0.0091666666666666667,-0.0083333333333333332,0,1.3631762741935179e-06,-1.5948184823827196e-07,1.7536682928819486e-05
3123,0.010000000000000002,-0.0083333333333333332,0,1.1960098992916045e-06,-3.0389882418354297e-07,1.1295357757979753e-05
3124,0.010833333333333334,-0.0083333333333333332,0,7.6862576801110177e-07,8.1264938933520524e-08,6.3583253083407686e-06
3125,0.011666666666666669,-0.0083333333333333332,0,2.296006728236561e-07,5.3821592481280069e-07,2.7892815548178797e-06
3126,0.012500000000000001,-0.0083333333333333332,0,-1.9096562777925484e-07,8.2154155977637396e-07,5.7499861499031784e-07
3127,0.013333333333333332,-0.0083333333333333332,0,-4.9612603939706227e-07,8.5602035560226581e-07,-4.2960775888723913e-07
3128,0.014166666666666671,-0.0083333333333333332,0,-5.9363424540115708e-07,5.9844455895130622e-07,-6.2049620761235139e-07
3129,0.015000000000000003,-0.0083333333333333332,0,0,0,0
3130,0.015833333333333335,-0.0083333333333333332,0,0,0,0
3131,0.016666666666666666,-0.0083333333333333332,0,0,0,0
3132,0.017500000000000005,-0.0083333333333333332,0,0,0,0
3133,0.018333333333333337,-0.0083333333333333332,0,0,0,0
3134,0.019166666666666669,-0.0083333333333333332,0,0,0,0
3135,0.02,-0.0083333333333333332,0,0,0,0
3136,-0.02,-0.0074999999999999997,0,0,0,0
3137,-0.019166666666666669,-0.0074999999999999997,0,0,0,0
3138,-0.018333333333333333,-0.0074999999999999997,0,0,0,0
3139,-0.017500000000000002,-0.0074999999999999997,0,0,0,0
3140,-0.016666666666666666,-0.0074999999999999997,0,0,0,0
3141,-0.015833333333333335,-0.0074999999999999997,0,0,0,0
3142,-0.014999999999999999,-0.0074999999999999997,0,0,0,0
3143,-0.014166666666666668,-0.0074999999999999997,0,2.8330515777822615e-08,2.6388412024670483e-07,-6.7747790294657495e-08
3144,-0.013333333333333332,-0.0074999999999999997,0,-4.8073369798112701e-07,3.7807938120687958e-07,1.3252610163015347e-06
3145,-0.012500000000000001,-0.0074999999999999997,0,-1.2619888618792114e-06,2.1002680753112695e-07,3.9742957337840551e-06
3146,-0.011666666666666667,-0.0074999999999999997,0,-2.2748561444277971e-06,-2.1252806598256259e-07,8.4060263621229868e-06
3147,-0.010833333333333334,-0.0074999999999999997,0,-3.3199595511169917e-06,-8.7904834999125123e-07,1.4879356600769437e-05
3148,-0.01,-0.0074999999999999997,0,-3.6816446179481644e-06,-1.7202724646461533e-06,2.3318889905239233e-05
3149,-0.0091666666666666667,-0.0074999999999999997,0,-2.1277640520957776e-06,-2.2773977552810095e-06,3.2996195639857308e-05
3150,-0.0083333333333333332,-0.0074999999999999997,0,2.5040620353683025e-06,-1.2641548734760679e-06,4.1350398509249168e-05
3151,-0.0074999999999999997,-0.0074999999999999997,0,1.3447715288522754e-05,4.9558803028315002e-06,4.1482718804441303e-05
3152,-0.0066666666666666662,-0.0074999999999999997,0,3.1099794201704878e-05,1.7339816161176075e-05,4.9719508703447736e-05
3153,-0.0058333333333333327,-0.0074999999999999997,0,4.8683614251103426e-05,3.9173400882873669e-05,6.8954196524831033e-06
3154,-0.0049999999999999992,-0.0074999999999999997,0,7.3009586349141785e-05,7.0637486713911288e-05,-3.5655123029341512e-05
3155,-0.0041666666666666657,-0.0074999999999999997,0,9.3923180818711053e-05,0.00011930818316222764,-9.2587046529805426e-05
3156,-0.003333333333333334,-0.0074999999999999997,0,9.8561892180743679e-05,0.00016011836431811189,-0.00020278621690658131
3157,-0.0024999999999999988,-0.0074999999999999997,0,8.900647414181066e-05,0.00019308372886934103,-0.00029248367321806356
3158,-0.001666666666666667,-0.0074999999999999997,0,7.1311800231272287e-05,0.00021483791930270322,-0.00037168845616907962
3159,-0.00083333333333333176,-0.0074999999999999997,0,5.1061078617375737e-05,0.00022651740133523376,-0.00042387829461606834
3160,0,-0.0074999999999999997,0,2.8758000538654697e-05,0.00023605677050427719,-0.00043311807455765781
3161,0.00083333333333333523,-0.0074999999999999997,0,3.0725302147332175e-06,0.00024003347744570237,-0.00041352095734737858
3162,0.001666666666666667,-0.0074999999999999997,0,-2.3225356699695824e-05,0.00023646592473810862,-0.00034767726823985916
3163,0.0025000000000000022,-0.0074999999999999997,0,-4.2483455914747015e-05,0.00021849004297298626,-0.00026681994982814887
3164,0.003333333333333334,-0.0074999999999999997,0,-5.1598024789515685e-05,0.00017987906529492656,-0.00017969271039663869
3165,0.0041666666666666692,-0.0074999999999999997,0,-4.93119234480691e-05,0.00012950253591608851,-0.00010029343920934075
3166,0.005000000000000001,-0.0074999999999999997,0,-3.6499926561733484e-05,9.0582479031378469e-05,-3.1007851959420698e-05
3167,0.0058333333333333362,-0.0074999999999999997,0,-2.4165319572084497e-05,5.398410148319277e-05,2.371862174723639e-05
3168,0.006666666666666668,-0.0074999999999999997,0,-1.1203048273788822e-05,2.9387109753957938e-05,2.5757838524400564e-05
3169,0.0074999999999999997,-0.0074999999999999997,0,-4.2951444680182787e-06,1.2225640084607217e-05,2.9520862911552358e-05
3170,0.008333333333333335,-0.0074999999999999997,0,-8.4903199736443653e-07,4.4659369757591362e-06,2.7614773159635273e-05
3171,0.0091666666666666667,-0.0074999999999999997,0,7.1985184122223634e-07,1.8014989714992791e-06,2.1067982810196938e-05
3172,0.010000000000000002,-0.0074999999999999997,0,9.9810270807002199e-07,7.6318081076164949e-07,1.3796262175736429e-05
3173,0.010833333333333334,-0.0074999999999999997,0,7.5057957067987286e-07,4.7781137651173546e-07,7.7200459082134124e-06
3174,0.011666666666666669,-0.0074999999999999997,0,2.0513371886829464e-07,7.2023366780531218e-07,3.2674689784350856e-06
3175,0.012500000000000001,-0.0074999999999999997,0,-3.8526247416155727e-07,1.0103570910810977e-06,4.1423069387255743e-07
3176,0.013333333333333332,-0.0074999999999999997,0,-8.3499480263156327e-07,1.0784515428849587e-06,-8.7382841922959121e-07
3177,0.014166666666666671,-0.0074999999999999997,0,-1.0358615181458534e-06,7.5590061624989033e-07,-1.0765634886430446e-06
3178,0.015000000000000003,-0.0074999999999999997,0,0,0,0
3179,0.015833333333333335,-0.0074999999999999997,0,0,0,0
3180,0.016666666666666666,-0.0074999999999999997,0,0,0,0
3181,0.017500000000000005,-0.0074999999999999997,0,0,0,0
3182,0.018333333333333337,-0.0074999999999999997,0,0,0,0
3183,0.019166666666666669,-0.0074999999999999997,0,0,0,0
3184,0.02,-0.0074999999999999997,0,0,0,0
3185,-0.02,-0.0066666666666666662,0,0,0,0
3186,-0.019166666666666669,-0.0066666666666666662,0,0,0,0
3187,-0.018333333333333333,-0.0066666666666666662,0,0,0,0
3188,-0.017500000000000002,-0.0066666666666666662,0,0,0,0
3189,-0.016666666666666666,-0.0066666666666666662,0,0,0,0
3190,-0.015833333333333335,-0.0066666666666666662,0,0,0,0
3191,-0.014999999999999999,-0.0066666666666666662,0,0,0,0
3192,-0.014166666666666668,-0.0066666666666666662,0,2.6741707705095034e-07,3.4759803273969092e-07,-2.4959737336488021e-07
3193,-0.013333333333333332,-0.0066666666666666662,0,-3.8331418976637949e-07,5.0368742865604329e-07,1.2665177193630369e-06
3194,-0.012500000000000001,-0.0066666666666666662,0,-1.346981531678503e-06,3.5879579724910314e-07,4.3797455043491797e-06
3195,-0.011666666666666667,-0.0066666666666666662,0,-2.5872903284478372e-06,-1.1006122752627647e-07,9.7298963095465191e-06
3196,-0.010833333333333334,-0.0066666666666666662,0,-3.5412223569111058e-06,-8.0008456178036158e-07,1.7518900135692966e-05
3197,-0.01,-0.0066666666666666662,0,-3.1818813874921578e-06,-1.6674734010007857e-06,2.76941403582793e-05
3198,-0.0091666666666666667,-0.0066666666666666662,0,9.801151935500993e-07,-1.8558983562476092e-06,3.8165195774519925e-05
3199,-0.0083333333333333332,-0.0066666666666666662,0,1.1338677013181582e-05,2.1911698003462688e-06,4.2021296888577107e-05
3200,-0.0074999999999999997,-0.0066666666666666662,0,2.9384090798190518e-05,1.348717503494353e-05,3.8150373982557615e-05
3201,-0.0066666666666666662,-0.0066666666666666662,0,5.9552594160573838e-05,3.7784508051982343e-05,4.505441231460957e-07
3202,-0.0058333333333333327,-0.0066666666666666662,0,9.432188436361353e-05,7.7395784537819068e-05,-4.6390067492951997e-05
3203,-0.0049999999999999992,-0.0066666666666666662,0,0.00012154443873084182,0.00012431575438048422,-0.00016092881716659618
3204,-0.0041666666666666657,-0.0066666666666666662,0,0.00013342647501933834,0.00016279458320654744,-0.00031123771207327856
3205,-0.003333333333333334,-0.0066666666666666662,0,0.00012591831819287484,0.00018056508776139623,-0.00047634491953366993
3206,-0.0024999999999999988,-0.0066666666666666662,0,0.0001175387488600337,0.00018584677592352385,-0.00060978457935595973
3207,-0.001666666666666667,-0.0066666666666666662,0,0.00010186743214792807,0.00019893386348684804,-0.00070330724558487364
3208,-0.00083333333333333176,-0.0066666666666666662,0,8.495739729705709e-05,0.00021011216247129121,-0.00076211691248312808
3209,0,-0.0066666666666666662,0,6.0822506892499398e-05,0.00021862483803696404,-0.00079574265761575059
3210,0.00083333333333333523,-0.0066666666666666662,0,2.7608765157471695e-05,0.00022742281794309698,-0.00078392746354461775
3211,0.001666666666666667,-0.0066666666666666662,0,-1.3538969468253105e-05,0.00023363242226960993,-0.00072392074450731449
3212,0.0025000000000000022,-0.0066666666666666662,0,-4.9198583377019834e-05,0.00024313848709844968,-0.00060537698095403472
3213,0.003333333333333334,-0.0066666666666666662,0,-7.9182736912355994e-05,0.0002376154141586529,-0.00044459893629439465
3214,0.0041666666666666692,-0.0066666666666666662,0,-9.2460231801851726e-05,0.00020414505578451422,-0.00028674707147616831
3215,0.005000000000000001,-0.0066666666666666662,0,-8.0202955655572542e-05,0.00014557639482043686,-0.00015117916497101971
3216,0.0058333333333333362,-0.0066666666666666662,0,-5.4863722754940376e-05,9.2604074140322797e-05,-6.9239507561167797e-05
3217,0.006666666666666668,-0.0066666666666666662,0,-3.3902741913847803e-05,5.909932794362401e-05,1.9196721004721046e-05
3218,0.0074999999999999997,-0.0066666666666666662,0,-1.5174398987664917e-05,3.0822612619411828e-05,1.9982429186102506e-05
3219,0.008333333333333335,-0.0066666666666666662,0,-5.9934107237388348e-06,1.2407991094096486e-05,2.4199706915694096e-05
3220,0.0091666666666666667,-0.0066666666666666662,0,-1.2155865419569758e-06,4.7550325837272561e-06,2.2465841586310592e-05
3221,0.010000000000000002,-0.0066666666666666662,0,2.4033582304891582e-07,2.3771893060390167e-06,1.5486100925363519e-05
3222,0.010833333333333334,-0.0066666666666666662,0,3.32908998647122e-07,1.2635853734473444e-06,8.6346852730446106e-06
3223,0.011666666666666669,-0.0066666666666666662,0,-4.7296600092029258e-08,1.0763509990718496e-06,3.3974290168022889e-06
3224,0.012500000000000001,-0.0066666666666666662,0,-6.8751964754322276e-07,1.2218171818896392e-06,2.811242256933615e-08
3225,0.013333333333333332,-0.0066666666666666662,0,-1.3086391309413498e-06,1.3101934898772881e-06,-1.5272945947920686e-06
3226,0.014166666666666671,-0.0066666666666666662,0,-1.6244742828276477e-06,9.1280540843754365e-07,-1.6767053041557259e-06
3227,0.015000000000000003,-0.0066666666666666662,0,0,0,0
3228,0.015833333333333335,-0.0066666666666666662,0,0,0,0
3229,0.016666666666666666,-0.0066666666666666662,0,0,0,0
3230,0.017500000000000005,-0.0066666666666666662,0,0,0,0
3231,0.018333333333333337,-0.0066666666666666662,0,0,0,0
3232,0.019166666666666669,-0.0066666666666666662,0,0,0,0
3233,0.02,-0.0066666666666666662,0,0,0,0
3234,-0.02,-0.0058333333333333327,0,0,0,0
3235,-0.019166666666666669,-0.0058333333333333327,0,0,0,0
3236,-0.018333333333333333,-0.0058333333333333327,0,0,0,0
3237,-0.017500000000000002,-0.0058333333333333327,0,0,0,0
3238,-0.016666666666666666,-0.0058333333333333327,0,0,0,0
3239,-0.015833333333333335,-0.0058333333333333327,0,0,0,0
3240,-0.014999999999999999,-0.0058333333333333327,0,0,0,0
3241,-0.014166666666666668,-0.0058333333333333327,0,5.7667523811066579e-07,4.0787607625455334e-07,-5.0648860260263016e-07
3242,-0.013333333333333332,-0.0058333333333333327,0,-2.3218141381249965e-07,6.1041786988329986e-07,1.0973762086055262e-06
3243,-0.012500000000000001,-0.0058333333333333327,0,-1.3723371464103386e-06,4.8642308950099629e-07,4.6819538371993386e-06
3244,-0.011666666666666667,-0.0058333333333333327,0,-2.6681902318335066e-06,2.619163205947007e-08,1.0873054206413479e-05
3245,-0.010833333333333334,-0.0058333333333333327,0,-3.2997898216878936e-06,-6.1444858586727931e-07,1.9942436802752212e-05
3246,-0.01,-0.0058333333333333327,0,-1.6824449724918448e-06,-1.5521059145290667e-06,3.1504146189181009e-05
3247,-0.0091666666666666667,-0.0058333333333333327,0,6.6069284592529531e-06,-5.8771643886505206e-08,4.0229071142080851e-05
3248,-0.0083333333333333332,-0.0058333333333333327,0,2.5116956130783825e-05,6.3599876775153994e-06,3.7739649188911069e-05
3249,-0.0074999999999999997,-0.0058333333333333327,0,5.8673876814489469e-05,2.5865495802670438e-05,1.3022447726567447e-05
3250,-0.0066666666666666662,-0.0058333333333333327,0,0.00010433991263541312,6.5361201735786293e-05,-5.3885423463943093e-05
3251,-0.0058333333333333327,-0.0058333333333333327,0,0.00014524317251112402,0.0001083823274543897,-0.00018220517194577379
3252,-0.0049999999999999992,-0.0058333333333333327,0,0.00015755372622904234,0.00013565871941961983,-0.00038770467075769928
3253,-0.0041666666666666657,-0.0058333333333333327,0,0.00016122410415616301,0.00014451291760554395,-0.0005848794644904118
3254,-0.003333333333333334,-0.0058333333333333327,0,0.00017447641130084076,0.00016016550295086724,-0.00073201478267092407
3255,-0.0024999999999999988,-0.0058333333333333327,0,0.00018868902000887912,0.00015290727899240774,-0.00088101960623322023
3256,-0.001666666666666667,-0.0058333333333333327,0,0.00019696871666540549,0.00017016930200724589,-0.0010301203902536151
3257,-0.00083333333333333176,-0.0058333333333333327,0,0.00017698747896155594,0.00019127497540136985,-0.0011354153637671183
3258,0,-0.0058333333333333327,0,0.00014532562417040695,0.00020648819258304302,-0.0011773953288236932
3259,0.00083333333333333523,-0.0058333333333333327,0,9.8336127495466931e-05,0.00023198964615500701,-0.0011375914123102472
3260,0.001666666666666667,-0.0058333333333333327,0,3.8867945696904886e-05,0.00024006129502838363,-0.001052919512896909
3261,0.0025000000000000022,-0.0058333333333333327,0,-1.324943003760061e-05,0.00023044235463820202,-0.000953940515364299
3262,0.003333333333333334,-0.0058333333333333327,0,-6.6955942799249639e-05,0.00022598164054938934,-0.00080803963500981468
3263,0.0041666666666666692,-0.0058333333333333327,0,-0.00011240196763857874,0.00023167321021978735,-0.00058107490901695969
3264,0.005000000000000001,-0.0058333333333333327,0,-0.00012949692755289039,0.0002002550530795363,-0.0003516772987522585
3265,0.0058333333333333362,-0.0058333333333333327,0,-0.00010624704082875893,0.00014027987707969827,-0.00018238719039421629
3266,0.006666666666666668,-0.0058333333333333327,0,-6.7034767342756917e-05,8.6152388354159768e-05,-8.1436854570157894e-05
3267,0.0074999999999999997,-0.0058333333333333327,0,-3.9987647691833748e-05,5.2377939316468374e-05,1.0885342880103089e-05
3268,0.008333333333333335,-0.0058333333333333327,0,-1.7299655254594187e-05,2.4259895091957547e-05,1.6504028687094319e-05
3269,0.0091666666666666667,-0.0058333333333333327,0,-4.7984949257752732e-06,9.2662249607654131e-06,2.0480469415325347e-05
3270,0.010000000000000002,-0.0058333333333333327,0,-1.4834561127872378e-06,3.9650404565082176e-06,1.5810502896617374e-05
3271,0.010833333333333334,-0.0058333333333333327,0,-4.249997721896335e-07,2.3695393376789357e-06,8.8948727454514506e-06
3272,0.011666666666666669,-0.0058333333333333327,0,-5.3731538152464672e-07,1.521225354874285e-06,3.0797083969267475e-06
3273,0.012500000000000001,-0.0058333333333333327,0,-1.1318217375852223e-06,1.4771087442964551e-06,-6.8737866221934963e-07
3274,0.013333333333333332,-0.0058333333333333327,0,-1.9122745999690868e-06,1.5150634627844376e-06,-2.3896325204806283e-06
3275,0.014166666666666671,-0.0058333333333333327,0,-2.3046954998193117e-06,1.0466476216656592e-06,-2.323673996272302e-06
3276,0.015000000000000003,-0.0058333333333333327,0,0,0,0
3277,0.015833333333333335,-0.0058333333333333327,0,0,0,0
3278,0.016666666666666666,-0.0058333333333333327,0,0,0,0
3279,0.017500000000000005,-0.0058333333333333327,0,0,0,0
3280,0.018333333333333337,-0.0058333333333333327,0,0,0,0
3281,0.019166666666666669,-0.0058333333333333327,0,0,0,0
3282,0.02,-0.0058333333333333327,0,0,0,0
3283,-0.02,-0.0049999999999999992,0,0,0,0
3284,-0.019166666666666669,-0.0049999999999999992,0,0,0,0
3285,-0.018333333333333333,-0.0049999999999999992,0,0,0,0
3286,-0.017500000000000002,-0.0049999999999999992,0,0,0,0
3287,-0.016666666666666666,-0.0049999999999999992,0,0,0,0
3288,-0.015833333333333335,-0.0049999999999999992,0,0,0,0
3289,-0.014999999999999999,-0.0049999999999999992,0,0,0,0
3290,-0.014166666666666668,-0.0049999999999999992,0,9.5651230210239148e-07,4.3215895139796015e-07,-8.1098007010335969e-07
3291,-0.013333333333333332,-0.0049999999999999992,0,-4.3177757015629614e-08,6.8496487780787543e-07,8.0909031595940715e-07
3292,-0.012500000000000001,-0.0049999999999999992,0,-1.2980230036588703e-06,5.8757754387232763e-07,4.8419540856218659e-06
3293,-0.011666666666666667,-0.0049999999999999992,0,-2.3737896538367598e-06,1.6062236759707832e-07,1.1799009299528039e-05
3294,-0.010833333333333334,-0.0049999999999999992,0,-2.3662506413760819e-06,-5.6209309710828589e-07,2.1952740532932785e-05
3295,-0.01,-0.0049999999999999992,0,1.1453118371343673e-06,-1.6288438873952417e-06,3.448808417654319e-05
3296,-0.0091666666666666667,-0.0049999999999999992,0,1.6861227245667633e-05,3.9862839051772268e-07,3.7495435877485173e-05
3297,-0.0083333333333333332,-0.0049999999999999992,0,4.7824060348689799e-05,1.1918308589782559e-05,3.8597033861305378e-05
3298,-0.0074999999999999997,-0.0049999999999999992,0,9.7233368570939118e-05,4.1132414719121232e-05,-2.8273284895461492e-05
3299,-0.0066666666666666662,-0.0049999999999999992,0,0.00015126310899886896,8.0962793437082395e-05,-0.00015977187041269243
3300,-0.0058333333333333327,-0.0049999999999999992,0,0.00017485323362061695,0.00010350918402418425,-0.00038278337041280642
3301,-0.0049999999999999992,-0.0049999999999999992,0,0.00019231440791177151,0.00011102085371512369,-0.00059847173257576551
3302,-0.0041666666666666657,-0.0049999999999999992,0,0.00022537234632489302,0.00011038681060268202,-0.0007918684790838938
3303,-0.003333333333333334,-0.0049999999999999992,0,0.00024877317768432037,9.2027707449189187e-05,-0.0010672760985695013
3304,-0.0024999999999999988,-0.0049999999999999992,0,0.00025977507542748719,1.8863961082141624e-05,-0.0014204174280754518
3305,-0.001666666666666667,-0.0049999999999999992,0,0.00025075834149594444,3.3594301693051601e-05,-0.0016953421089984171
3306,-0.00083333333333333176,-0.0049999999999999992,0,0.00022813360320683864,4.7886574848301618e-05,-0.0018583810053055235
3307,0,-0.0049999999999999992,0,0.00021089200128131521,7.2614284272992359e-05,-0.0019018381298298477
3308,0.00083333333333333523,-0.0049999999999999992,0,0.00019309467337102037,0.000110684196050509,-0.0018423537981731271
3309,0.001666666666666667,-0.0049999999999999992,0,0.00014892966369006459,0.00016434129949337005,-0.0016705923728389687
3310,0.0025000000000000022,-0.0049999999999999992,0,6.1415404874634708e-05,0.000222918158689499,-0.0014087917651945162
3311,0.003333333333333334,-0.0049999999999999992,0,-2.3154938277482476e-05,0.00022495179502046277,-0.0011462574210287994
3312,0.0041666666666666692,-0.0049999999999999992,0,-8.649939035859625e-05,0.00020996778829082688,-0.00092958670259345861
3313,0.005000000000000001,-0.0049999999999999992,0,-0.00015040104190903181,0.00020814761244285858,-0.00064571258607321698
3314,0.0058333333333333362,-0.0049999999999999992,0,-0.00016048528356947119,0.00017703873290162941,-0.0003669728020937364
3315,0.006666666666666668,-0.0049999999999999992,0,-0.00011725056908003184,0.00011827425608475445,-0.00016781842126982387
3316,0.0074999999999999997,-0.0049999999999999992,0,-7.1391594607613819e-05,6.8624629007326109e-05,-6.4441645864000521e-05
3317,0.008333333333333335,-0.0049999999999999992,0,-3.7136900740354514e-05,3.9537839363708059e-05,1.076665888227143e-05
3318,0.0091666666666666667,-0.0049999999999999992,0,-1.1881773609981005e-05,1.5601952261551458e-05,1.3631489372643597e-05
3319,0.010000000000000002,-0.0049999999999999992,0,-3.570116398947485e-06,5.8513506279752883e-06,1.5165184486005553e-05
3320,0.010833333333333334,-0.0049999999999999992,0,-1.5272570098925866e-06,3.3738429350162734e-06,8.6155607901268699e-06
3321,0.011666666666666669,-0.0049999999999999992,0,-1.2781109430074063e-06,2.0429763728011322e-06,2.3701997322631601e-06
3322,0.012500000000000001,-0.0049999999999999992,0,-1.6719285519391577e-06,1.6811280073575404e-06,-1.7579155200063135e-06
3323,0.013333333333333332,-0.0049999999999999992,0,-2.539564880227169e-06,1.6337445155474714e-06,-3.4703717945012815e-06
3324,0.014166666666666671,-0.0049999999999999992,0,-3.0380343909040332e-06,1.1355030873512623e-06,-2.9866299955095441e-06
3325,0.015000000000000003,-0.0049999999999999992,0,0,0,0
3326,0.015833333333333335,-0.0049999999999999992,0,0,0,0
3327,0.016666666666666666,-0.0049999999999999992,0,0,0,0
3328,0.017500000000000005,-0.0049999999999999992,0,0,0,0
3329,0.018333333333333337,-0.0049999999999999992,0,0,0,0
3330,0.019166666666666669,-0.0049999999999999992,0,0,0,0
3331,0.02,-0.0049999999999999992,0,0,0,0
3332,-0.02,-0.0041666666666666657,0,0,0,0
3333,-0.019166666666666669,-0.0041666666666666657,0,0,0,0
3334,-0.018333333333333333,-0.0041666666666666657,0,0,0,0
3335,-0.017500000000000002,-0.0041666666666666657,0,0,0,0
3336,-0.016666666666666666,-0.0041666666666666657,0,0,0,0
3337,-0.015833333333333335,-0.0041666666666666657,0,0,0,0
3338,-0.014999999999999999,-0.0041666666666666657,0,0,0,0
3339,-0.014166666666666668,-0.0041666666666666657,0,1.3649075699385638e-06,4.2657091411154166e-07,-1.1288091857657935e-06
3340,-0.013333333333333332,-0.0041666666666666657,0,2.1366919690975611e-07,7.053512637232506e-07,4.109958288147761e-07
3341,-0.012500000000000001,-0.0041666666666666657,0,-1.0362588022111155e-06,6.7342422450589834e-07,4.8440136425358956e-06
3342,-0.011666666666666667,-0.0041666666666666657,0,-1.7988082398885259e-06,2.3886563493755135e-07,1.2400996060523903e-05
3343,-0.010833333333333334,-0.0041666666666666657,0,-6.8715137277235107e-07,-3.8383828479050662e-07,2.2802181209009887e-05
3344,-0.01,-0.0041666666666666657,0,5.5925643550103711e-06,-2.0431696065814218e-08,3.3069886528062791e-05
3345,-0.0091666666666666667,-0.0041666666666666657,0,2.6917402932240331e-05,3.985654111803957e-06,4.4820128815729752e-05
3346,-0.0083333333333333332,-0.0041666666666666657,0,7.6107612736938291e-05,2.1136337733258781e-05,-5.7783014003659024e-06
3347,-0.0074999999999999997,-0.0041666666666666657,0,0.00014292743917926703,5.4185822935523623e-05,-0.00010223727099205149
3348,-0.0066666666666666662,-0.0041666666666666657,0,0.00018143089426577182,7.4748678630049897e-05,-0.00030894813157990964
3349,-0.0058333333333333327,-0.0041666666666666657,0,0.00021030033317215197,7.9458130632347723e-05,-0.00055148300615296927
3350,-0.0049999999999999992,-0.0041666666666666657,0,0.00025011196772010323,7.6136894727090056e-05,-0.00078045402221084252
3351,-0.0041666666666666657,-0.0041666666666666657,0,0.00026571911524094383,-2.4847364511788485e-07,-0.0011774110487980756
3352,-0.003333333333333334,-0.0041666666666666657,0,0.00026130001746931252,-5.8689790130432748e-05,-0.001660044630814473
3353,-0.0024999999999999988,-0.0041666666666666657,0,0.000219145836930286,-6.478213816303546e-05,-0.0020250630248771755
3354,-0.001666666666666667,-0.0041666666666666657,0,0.00017576924480060957,-7.2245107107325515e-05,-0.0022480234892051959
3355,-0.00083333333333333176,-0.0041666666666666657,0,0.00016423432848599811,-4.0937086084966579e-05,-0.0023702382600837928
3356,0,-0.0041666666666666657,0,0.00017954802349307827,-1.6742300535834202e-05,-0.0024194843878876196
3357,0.00083333333333333523,-0.0041666666666666657,0,0.00018034093943839589,3.0714462986114763e-05,-0.0023785513664389304
3358,0.001666666666666667,-0.0041666666666666657,0,0.00016713268246996513,7.8217096618561459e-05,-0.0022539538407338284
3359,0.0025000000000000022,-0.0041666666666666657,0,0.00015019943618981772,0.00016043241315713138,-0.0019967785942298032
3360,0.003333333333333334,-0.0041666666666666657,0,9.0222606596874338e-05,0.00020727656835017966,-0.0016131286435488977
3361,0.0041666666666666692,-0.0041666666666666657,0,-2.8797445575046971e-05,0.00022187073896489293,-0.0012424221318018637
3362,0.005000000000000001,-0.0041666666666666657,0,-0.00012606815132414941,0.00019077521269647975,-0.00096103562207018416
3363,0.0058333333333333362,-0.0041666666666666657,0,-0.00019668624372067857,0.00018088845490910361,-0.00060602743074485458
3364,0.006666666666666668,-0.0041666666666666657,0,-0.00017618879622123538,0.00013962149489420795,-0.00030545299715913798
3365,0.0074999999999999997,-0.0041666666666666657,0,-0.00010969235365150739,8.5836570427352959e-05,-0.00013449728426174879
3366,0.008333333333333335,-0.0041666666666666657,0,-6.4122105684049952e-05,5.1009521848805968e-05,-1.6038610037168246e-05
3367,0.0091666666666666667,-0.0041666666666666657,0,-2.4494648308864265e-05,2.3935215906899113e-05,1.4414708647330501e-05
3368,0.010000000000000002,-0.0041666666666666657,0,-6.6623037757341831e-06,9.1054313143430839e-06,1.2403130141061666e-05
3369,0.010833333333333334,-0.0041666666666666657,0,-3.1185190006727612e-06,3.9940502123919076e-06,7.6694839340947224e-06
3370,0.011666666666666669,-0.0041666666666666657,0,-2.1121068810800678e-06,2.5956849408746644e-06,1.4941533737212625e-06
3371,0.012500000000000001,-0.0041666666666666657,0,-2.2876147042234086e-06,1.7870853451782724e-06,-2.9960262151055705e-06
3372,0.013333333333333332,-0.0041666666666666657,0,-3.1432175623673969e-06,1.6072075985349702e-06,-4.7376035881805121e-06
3373,0.014166666666666671,-0.0041666666666666657,0,-3.7798436538002429e-06,1.1696182611877093e-06,-3.6734251629794681e-06
3374,0.015000000000000003,-0.0041666666666666657,0,0,0,0
3375,0.015833333333333335,-0.0041666666666666657,0,0,0,0
3376,0.016666666666666666,-0.0041666666666666657,0,0,0,0
3377,0.017500000000000005,-0.0041666666666666657,0,0,0,0
3378,0.018333333333333337,-0.0041666666666666657,0,0,0,0
3379,0.019166666666666669,-0.0041666666666666657,0,0,0,0
3380,0.02,-0.0041666666666666657,0,0,0,0
3381,-0.02,-0.003333333333333334,0,0,0,0
3382,-0.019166666666666669,-0.003333333333333334,0,0,0,0
3383,-0.018333333333333333,-0.003333333333333334,0,0,0,0
3384,-0.017500000000000002,-0.003333333333333334,0,0,0,0
3385,-0.016666666666666666,-0.003333333333333334,0,0,0,0
3386,-0.015833333333333335,-0.003333333333333334,0,0,0,0
3387,-0.014999999999999999,-0.003333333333333334,0,0,0,0
3388,-0.014166666666666668,-0.003333333333333334,0,1.7532579082074252e-06,3.8410033569218257e-07,-1.4383034267562922e-06
3389,-0.013333333333333332,-0.003333333333333334,0,5.6673798897339402e-07,6.8548818532575104e-07,-2.3462996393737067e-08
3390,-0.012500000000000001,-0.003333333333333334,0,-5.899195316542191e-07,6.9156544386024071e-07,4.6538320447048712e-06
3391,-0.011666666666666667,-0.003333333333333334,0,-9.0855229500218284e-07,1.0245321797055242e-07,1.2586856992174121e-05
3392,-0.010833333333333334,-0.003333333333333334,0,1.4864342691348402e-06,-1.2796309866762787e-06,2.2902474638495006e-05
3393,-0.01,-0.003333333333333334,0,1.1574129802960387e-05,-9.1700080504947882e-07,3.1583939306932974e-05
3394,-0.0091666666666666667,-0.003333333333333334,0,4.4131097244399404e-05,2.4209284898868243e-06,2.3944674632676098e-05
3395,-0.0083333333333333332,-0.003333333333333334,0,0.00011203657069671854,2.3192540000984311e-05,-3.4175699361118426e-05
3396,-0.0074999999999999997,-0.003333333333333334,0,0.00017248178818421895,4.7291283348159455e-05,-0.00020047046079400225
3397,-0.0066666666666666662,-0.003333333333333334,0,0.00019955749704564886,4.8645704748129008e-05,-0.00045031645073489302
3398,-0.0058333333333333327,-0.003333333333333334,0,0.00025368197873390866,3.9162581247446267e-05,-0.00065156798471925051
3399,-0.0049999999999999992,-0.003333333333333334,0,0.00028241021292044248,-2.8782015095085944e-05,-0.0010891257500740712
3400,-0.0041666666666666657,-0.003333333333333334,0,0.00024916738562137284,-0.00011722453790588566,-0.0016683787660136315
3401,-0.003333333333333334,-0.003333333333333334,0,0.00016747608853009128,-0.00012373825220418931,-0.0021322792493968221
3402,-0.0024999999999999988,-0.003333333333333334,0,0.00012586277622660832,-0.00013141017314693241,-0.0024078846784562459
3403,-0.001666666666666667,-0.003333333333333334,0,0.00013023796151683613,-0.00014161652756444854,-0.0025871741036839471
3404,-0.00083333333333333176,-0.003333333333333334,0,0.0001385134252528392,-0.00013844510090645491,-0.0026961858992502479
3405,0,-0.003333333333333334,0,0.00016697318072200098,-0.00010206434559791235,-0.0027449242878232975
3406,0.00083333333333333523,-0.003333333333333334,0,0.00018544918464117916,-4.7478888047578563e-05,-0.0027231554495588655
3407,0.001666666666666667,-0.003333333333333334,0,0.00018495410295313349,1.8853984908912338e-05,-0.0026305725345945104
3408,0.0025000000000000022,-0.003333333333333334,0,0.00015738916111067831,8.9824708327991204e-05,-0.0024513363352387549
3409,0.003333333333333334,-0.003333333333333334,0,0.00011792844348605036,0.00018618619915330937,-0.0020984998087664893
3410,0.0041666666666666692,-0.003333333333333334,0,2.2454005093396644e-05,0.00022272291369925256,-0.0016154911759083761
3411,0.005000000000000001,-0.003333333333333334,0,-7.8926056326589805e-05,0.00017971339805101957,-0.0012553364872290706
3412,0.0058333333333333362,-0.003333333333333334,0,-0.000197043924491256,0.00016055687264904549,-0.00086396377964919225
3413,0.006666666666666668,-0.003333333333333334,0,-0.00022035572937438745,0.00014335077406401987,-0.0004743196734833746
3414,0.0074999999999999997,-0.003333333333333334,0,-0.00015779827868903185,9.8658406811175949e-05,-0.00020294477013728436
3415,0.008333333333333335,-0.003333333333333334,0,-9.1992482748856538e-05,5.5112164342864421e-05,-7.884910186024023e-05
3416,0.0091666666666666667,-0.003333333333333334,0,-4.4131114469454038e-05,3.0988909481124162e-05,8.2247165246052665e-06
3417,0.010000000000000002,-0.003333333333333334,0,-1.220060202954834e-05,1.167345978119916e-05,9.4017066299534816e-06
3418,0.010833333333333334,-0.003333333333333334,0,-4.7382226638259219e-06,4.0825609900926932e-06,7.0042063034124842e-06
3419,0.011666666666666669,-0.003333333333333334,0,-2.8972367602786911e-06,2.8326884726628517e-06,7.1303732477431789e-07
3420,0.012500000000000001,-0.003333333333333334,0,-2.8733080155211121e-06,1.8095038380191672e-06,-4.213518706126807e-06
3421,0.013333333333333332,-0.003333333333333334,0,-3.6655621755328496e-06,1.4596903847397391e-06,-5.9748128484353834e-06
3422,0.014166666666666671,-0.003333333333333334,0,-4.4880638654963452e-06,1.1141363581047975e-06,-4.3387401821006613e-06
3423,0.015000000000000003,-0.003333333333333334,0,0,0,0
3424,0.015833333333333335,-0.003333333333333334,0,0,0,0
3425,0.016666666666666666,-0.003333333333333334,0,0,0,0
3426,0.017500000000000005,-0.003333333333333334,0,0,0,0
3427,0.018333333333333337,-0.003333333333333334,0,0,0,0
3428,0.019166666666666669,-0.003333333333333334,0,0,0,0
3429,0.02,-0.003333333333333334,0,0,0,0
3430,-0.02,-0.0024999999999999988,0,0,0,0
3431,-0.019166666666666669,-0.0024999999999999988,0,0,0,0
3432,-0.018333333333333333,-0.0024999999999999988,0,0,0,0
3433,-0.017500000000000002,-0.0024999999999999988,0,0,0,0
3434,-0.016666666666666666,-0.0024999999999999988,0,0,0,0
3435,-0.015833333333333335,-0.0024999999999999988,0,0,0,0
3436,-0.014999999999999999,-0.0024999999999999988,0,0,0,0
3437,-0.014166666666666668,-0.0024999999999999988,0,2.1236560372916667e-06,3.0544705980876304e-07,-1.7309471732710515e-06
3438,-0.013333333333333332,-0.0024999999999999988,0,9.8064703453714501e-07,6.3082349432085052e-07,-4.7741885847483268e-07
3439,-0.012500000000000001,-0.0024999999999999988,0,1.2259125108984784e-08,5.9081138647588061e-07,4.2985453103385166e-06
3440,-0.011666666666666667,-0.0024999999999999988,0,8.9786313751869449e-08,-4.0031362747211911e-07,1.2438288956614157e-05
3441,-0.010833333333333334,-0.0024999999999999988,0,3.1995668454962018e-06,-2.4036065700200697e-06,2.2851236509796494e-05
3442,-0.01,-0.0024999999999999988,0,1.6180969866726238e-05,-3.7608952574698249e-06,2.9556161271812049e-05
3443,-0.0091666666666666667,-0.0024999999999999988,0,6.0502884384582688e-05,-1.3184282333344886e-06,1.3645255952049945e-05
3444,-0.0083333333333333332,-0.0024999999999999988,0,0.00014233521500068723,1.6693730869245269e-05,-8.2429480463842329e-05
3445,-0.0074999999999999997,-0.0024999999999999988,0,0.00019087492745776158,3.1354940433664399e-05,-0.00029642111161425777
3446,-0.0066666666666666662,-0.0024999999999999988,0,0.00023050260822351148,1.6337756820157877e-05,-0.00052359478367603721
3447,-0.0058333333333333327,-0.0024999999999999988,0,0.00028949785119647333,-1.587927428204841e-05,-0.00084027343707145747
3448,-0.0049999999999999992,-0.0024999999999999988,0,0.00023129218394104864,-0.00015880696996843622,-0.0014583321175749449
3449,-0.0041666666666666657,-0.0024999999999999988,0,0.00016923782860071566,-0.00015885733977301724,-0.0020347091471695582
3450,-0.003333333333333334,-0.0024999999999999988,0,9.4810410585143516e-05,-0.00016206111507134519,-0.0023942693884335844
3451,-0.0024999999999999988,-0.0024999999999999988,0,6.8577950222500271e-05,-0.00018912264251539035,-0.0026447481576601923
3452,-0.001666666666666667,-0.0024999999999999988,0,7.9546331364365865e-05,-0.00019092967327189014,-0.0028092005618862896
3453,-0.00083333333333333176,-0.0024999999999999988,0,0.00011882745406275069,-0.00016564053963329361,-0.0029175495459872773
3454,0,-0.0024999999999999988,0,0.00016005775221304114,-0.00011388871809479939,-0.0029452963904444259
3455,0.00083333333333333523,-0.0024999999999999988,0,0.00019058242019280721,-5.6193552298940755e-05,-0.0029474320710643994
3456,0.001666666666666667,-0.0024999999999999988,0,0.00020718226283719681,7.5118144083633187e-07,-0.0028881002337937051
3457,0.0025000000000000022,-0.0024999999999999988,0,0.00017945530034155541,7.3888156738056448e-05,-0.0027226831930579039
3458,0.003333333333333334,-0.0024999999999999988,0,0.00013156183115426755,0.00014570677457119324,-0.0024469894021424072
3459,0.0041666666666666692,-0.0024999999999999988,0,7.7662592376709063e-05,0.0002139826988307547,-0.0019825260743701121
3460,0.005000000000000001,-0.0024999999999999988,0,-3.2812208971209704e-05,0.00017150291739662131,-0.0015197146345933728
3461,0.0058333333333333362,-0.0024999999999999988,0,-0.00017532615550114859,0.00013958777770954863,-0.0010928684413861352
3462,0.006666666666666668,-0.0024999999999999988,0,-0.00024930334496957849,0.00012690967137079319,-0.00064207179483024245
3463,0.0074999999999999997,-0.0024999999999999988,0,-0.00019769006070089531,9.7522130534819925e-05,-0.0002950574298655469
3464,0.008333333333333335,-0.0024999999999999988,0,-0.00011977043570791249,5.5336379828603615e-05,-0.00011864605720807223
3465,0.0091666666666666667,-0.0024999999999999988,0,-6.2641718639892547e-05,3.3040869143618501e-05,2.7240744611364444e-07
3466,0.010000000000000002,-0.0024999999999999988,0,-1.8004958141293206e-05,1.2507289571115252e-05,8.8183943009011908e-06
3467,0.010833333333333334,-0.0024999999999999988,0,-5.7647473946487788e-06,4.0649327375080337e-06,6.791416114332599e-06
3468,0.011666666666666669,-0.0024999999999999988,0,-3.3321478732525502e-06,2.675740996438806e-06,1.8436631879584652e-07
3469,0.012500000000000001,-0.0024999999999999988,0,-3.3267124518654049e-06,1.755180847311072e-06,-5.3247488220438741e-06
3470,0.013333333333333332,-0.0024999999999999988,0,-4.1002793922855536e-06,1.2651237888777062e-06,-7.1052480584577923e-06
3471,0.014166666666666671,-0.0024999999999999988,0,-5.0842275120454359e-06,9.765937529202313e-07,-4.8935159659568161e-06
3472,0.015000000000000003,-0.0024999999999999988,0,0,0,0
3473,0.015833333333333335,-0.0024999999999999988,0,0,0,0
3474,0.016666666666666666,-0.0024999999999999988,0,0,0,0
3475,0.017500000000000005,-0.0024999999999999988,0,0,0,0
3476,0.018333333333333337,-0.0024999999999999988,0,0,0,0
3477,0.019166666666666669,-0.0024999999999999988,0,0,0,0
3478,0.02,-0.0024999999999999988,0,0,0,0
3479,-0.02,-0.001666666666666667,0,0,0,0
3480,-0.019166666666666669,-0.001666666666666667,0,0,0,0
3481,-0.018333333333333333,-0.001666666666666667,0,0,0,0
3482,-0.017500000000000002,-0.001666666666666667,0,0,0,0
3483,-0.016666666666666666,-0.001666666666666667,0,0,0,0
3484,-0.015833333333333335,-0.001666666666666667,0,0,0,0
3485,-0.014999999999999999,-0.001666666666666667,0,0,0,0
3486,-0.014166666666666668,-0.001666666666666667,0,2.4453067449018436e-06,1.8930077451272427e-07,-2.0199622182910876e-06
3487,-0.013333333333333332,-0.001666666666666667,0,1.4085112616184076e-06,5.4262500064332423e-07,-9.6628001977687385e-07
3488,-0.012500000000000001,-0.001666666666666667,0,6.4110086515294911e-07,3.35976079169091e-07,3.8400654540397751e-06
3489,-0.011666666666666667,-0.001666666666666667,0,9.0194853048646591e-07,-8.9854330932540733e-07,1.2012582836900571e-05
3490,-0.010833333333333334,-0.001666666666666667,0,4.5159963047555133e-06,-3.4098101766165163e-06,2.2398334389589682e-05
3491,-0.01,-0.001666666666666667,0,2.1334785127597043e-05,-5.8951444881203118e-06,2.6670595070563724e-05
3492,-0.0091666666666666667,-0.001666666666666667,0,7.7596423830909503e-05,-4.8869684818291812e-06,9.6428000385092995e-06
3493,-0.0083333333333333332,-0.001666666666666667,0,0.00016418545715826468,5.6898679310914467e-06,-0.00012207695499070022
3494,-0.0074999999999999997,-0.001666666666666667,0,0.00019868479617143848,7.100208854665172e-06,-0.0003742368944145883
3495,-0.0066666666666666662,-0.001666666666666667,0,0.00025581254812595853,-2.7806844017963881e-05,-0.00058257981807805425
3496,-0.0058333333333333327,-0.001666666666666667,0,0.00027645198027865468,-9.6391420174552004e-05,-0.0010658332713327139
3497,-0.0049999999999999992,-0.001666666666666667,0,0.00018416931885858204,-0.00019183741129632224,-0.0017389936266593656
3498,-0.0041666666666666657,-0.001666666666666667,0,0.00010058917423976245,-0.00017687550061497678,-0.0022437956091400108
3499,-0.003333333333333334,-0.001666666666666667,0,2.6593274507255086e-05,-0.00018821905537299004,-0.0025633700165585004
3500,-0.0024999999999999988,-0.001666666666666667,0,1.203067987380684e-05,-0.00020645636083462812,-0.0028043500793898308
3501,-0.001666666666666667,-0.001666666666666667,0,4.3715642104158503e-05,-0.00019396286964294771,-0.0029451145389825855
3502,-0.00083333333333333176,-0.001666666666666667,0,8.9898791121096353e-05,-0.00015003373595605442,-0.0029892806452903107
3503,0,-0.001666666666666667,0,0.00013523632372458948,-8.7754986308685739e-05,-0.0029945175942819018
3504,0.00083333333333333523,-0.001666666666666667,0,0.0001724782943803322,-3.1064472492189247e-05,-0.0030329920092004416
3505,0.001666666666666667,-0.001666666666666667,0,0.00019671813548280406,2.5548918038351776e-05,-0.0030225848023229273
3506,0.0025000000000000022,-0.001666666666666667,0,0.00018919760870421632,7.9456102176657861e-05,-0.0029052817579484002
3507,0.003333333333333334,-0.001666666666666667,0,0.00013758472643686956,0.0001278755119565275,-0.0026573309928962069
3508,0.0041666666666666692,-0.001666666666666667,0,8.6999112936143942e-05,0.00018173882697856839,-0.002242908354954646
3509,0.005000000000000001,-0.001666666666666667,0,-6.1706646606107287e-06,0.00016860806909778039,-0.0017366370804110833
3510,0.0058333333333333362,-0.001666666666666667,0,-0.00015645087953736317,0.00011702454656621001,-0.0012697927504682462
3511,0.006666666666666668,-0.001666666666666667,0,-0.00025988765658727764,0.00010125213186050559,-0.00078126861117413778
3512,0.0074999999999999997,-0.001666666666666667,0,-0.00023116046988923882,8.1899338514730471e-05,-0.00037554412615557975
3513,0.008333333333333335,-0.001666666666666667,0,-0.00014783084812744062,5.0622200853891784e-05,-0.0001438400737380122
3514,0.0091666666666666667,-0.001666666666666667,0,-7.8755598392146883e-05,2.9637240475043871e-05,-2.5513567988708453e-05
3515,0.010000000000000002,-0.001666666666666667,0,-2.5523911934542782e-05,1.3142523668744131e-05,1.6229773596563873e-05
3516,0.010833333333333334,-0.001666666666666667,0,-6.928714128517963e-06,4.2126132967315138e-06,7.3029990979881366e-06
3517,0.011666666666666669,-0.001666666666666667,0,-3.6874144564940103e-06,2.4860626411937229e-06,-1.6276892986362286e-07
3518,0.012500000000000001,-0.001666666666666667,0,-3.6364547513661826e-06,1.6203738335265733e-06,-6.276410529495893e-06
3519,0.013333333333333332,-0.001666666666666667,0,-4.4435103611763545e-06,1.0324336896472678e-06,-8.1370939342286919e-06
3520,0.014166666666666671,-0.001666666666666667,0,-5.568392565324472e-06,8.1433728578400461e-07,-5.3366561457400134e-06
3521,0.015000000000000003,-0.001666666666666667,0,0,0,0
3522,0.015833333333333335,-0.001666666666666667,0,0,0,0
3523,0.016666666666666666,-0.001666666666666667,0,0,0,0
3524,0.017500000000000005,-0.001666666666666667,0,0,0,0
3525,0.018333333333333337,-0.001666666666666667,0,0,0,0
3526,0.019166666666666669,-0.001666666666666667,0,0,0,0
3527,0.02,-0.001666666666666667,0,0,0,0
3528,-0.02,-0.00083333333333333176,0,0,0,0
3529,-0.019166666666666669,-0.00083333333333333176,0,0,0,0
3530,-0.018333333333333333,-0.00083333333333333176,0,0,0,0
3531,-0.017500000000000002,-0.00083333333333333176,0,0,0,0
3532,-0.016666666666666666,-0.00083333333333333176,0,0,0,0
3533,-0.015833333333333335,-0.00083333333333333176,0,0,0,0
3534,-0.014999999999999999,-0.00083333333333333176,0,0,0,0
3535,-0.014166666666666668,-0.00083333333333333176,0,2.6994296371386951e-06,4.6385981106243971e-08,-2.2897525339722068e-06
3536,-0.013333333333333332,-0.00083333333333333176,0,1.743624078145674e-06,3.7113650463311149e-07,-1.4789055180751541e-06
3537,-0.012500000000000001,-0.00083333333333333176,0,1.1430152194518694e-06,2.9751592670478375e-08,3.2734939410099662e-06
3538,-0.011666666666666667,-0.00083333333333333176,0,1.7246315389655627e-06,-1.3673622147605521e-06,1.1274021492406288e-05
3539,-0.010833333333333334,-0.00083333333333333176,0,5.9962093778140748e-06,-4.2140236565165877e-06,2.1192207499732159e-05
3540,-0.01,-0.00083333333333333176,0,2.6881105541723655e-05,-8.2906467495416817e-06,2.5212298385497702e-05
3541,-0.0091666666666666667,-0.00083333333333333176,0,8.9346147844832698e-05,-1.1054106137936867e-05,-3.4727144066536576e-06
3542,-0.0083333333333333332,-0.00083333333333333176,0,0.00017302996430990591,-9.0135466248460901e-06,-0.00015546745198356695
3543,-0.0074999999999999997,-0.00083333333333333176,0,0.00020287689655822629,-1.9206885103703182e-05,-0.00040583456448050378
3544,-0.0066666666666666662,-0.00083333333333333176,0,0.00025460003923118634,-7.7743839637269045e-05,-0.00064928337588072993
3545,-0.0058333333333333327,-0.00083333333333333176,0,0.00023096069622262049,-0.00016961848249933247,-0.0012406540058787288
3546,-0.0049999999999999992,-0.00083333333333333176,0,0.00012293247882210078,-0.00018700349594197055,-0.0018972226767889539
3547,-0.0041666666666666657,-0.00083333333333333176,0,3.6812789138957752e-05,-0.0001818293726333441,-0.002346934303234083
3548,-0.003333333333333334,-0.00083333333333333176,0,-3.8606364505298994e-05,-0.00018588614142622315,-0.0026581141805717377
3549,-0.0024999999999999988,-0.00083333333333333176,0,-4.1092157188421817e-05,-0.00019779684953959275,-0.0029018126293032329
3550,-0.001666666666666667,-0.00083333333333333176,0,-6.7628750711885038e-06,-0.00016905631306080363,-0.002981346722552328
3551,-0.00083333333333333176,-0.00083333333333333176,0,4.3318605217457762e-05,-0.00010860701053071591,-0.0029222055254793048
3552,0,-0.00083333333333333176,0,8.0056467918595018e-05,-5.1098067141035344e-05,-0.0028988160296873258
3553,0.00083333333333333523,-0.00083333333333333176,0,0.0001225703551405524,8.1122956026067451e-06,-0.0029755290045279594
3554,0.001666666666666667,-0.00083333333333333176,0,0.00015596826038515491,7.0672008845023323e-05,-0.0030564284120536316
3555,0.0025000000000000022,-0.00083333333333333176,0,0.00016819493121138129,0.00010624882657973465,-0.0029821261851502522
3556,0.003333333333333334,-0.00083333333333333176,0,0.00012745056570647202,0.0001404562062222451,-0.0027480088194998024
3557,0.0041666666666666692,-0.00083333333333333176,0,8.4822994723971726e-05,0.00015928347820536089,-0.0023491348441299731
3558,0.005000000000000001,-0.00083333333333333176,0,2.395770674272085e-08,0.0001504683302839269,-0.0018811982354797437
3559,0.0058333333333333362,-0.00083333333333333176,0,-0.00013875222657246827,0.00010013519684014445,-0.0013960759656174732
3560,0.006666666666666668,-0.00083333333333333176,0,-0.00026816592970923641,7.5656433802706615e-05,-0.00086423221428952931
3561,0.0074999999999999997,-0.00083333333333333176,0,-0.00025332915756646319,6.0505489402623148e-05,-0.00042206613133642727
3562,0.008333333333333335,-0.00083333333333333176,0,-0.00016509476759891438,3.869127711286501e-05,-0.00016534564588350969
3563,0.0091666666666666667,-0.00083333333333333176,0,-9.0367454025144328e-05,2.3482491568418267e-05,-3.3980539876705112e-05
3564,0.010000000000000002,-0.00083333333333333176,0,-3.0999999186666531e-05,1.1962756063744763e-05,1.6024184277057519e-05
3565,0.010833333333333334,-0.00083333333333333176,0,-7.1605231562211612e-06,4.3910389991657327e-06,8.3574154756584903e-06
3566,0.011666666666666669,-0.00083333333333333176,0,-3.7448885594064479e-06,2.3181039450661915e-06,-5.4112558201213464e-07
3567,0.012500000000000001,-0.00083333333333333176,0,-3.7936055695522707e-06,1.4472561680783003e-06,-7.1066291094907678e-06
3568,0.013333333333333332,-0.00083333333333333176,0,-4.7075239596481873e-06,7.490221550752548e-07,-9.030813001488212e-06
3569,0.014166666666666671,-0.00083333333333333176,0,-5.9873591745234096e-06,6.4338514669190327e-07,-5.6970859998425384e-06
3570,0.015000000000000003,-0.00083333333333333176,0,0,0,0
3571,0.015833333333333335,-0.00083333333333333176,0,0,0,0
3572,0.016666666666666666,-0.00083333333333333176,0,0,0,0
3573,0.017500000000000005,-0.00083333333333333176,0,0,0,0
3574,0.018333333333333337,-0.00083333333333333176,0,0,0,0
3575,0.019166666666666669,-0.00083333333333333176,0,0,0,0
3576,0.02,-0.00083333333333333176,0,0,0,0
3577,-0.02,0,0,0,0,0
3578,-0.019166666666666669,0,0,0,0,0
3579,-0.018333333333333333,0,0,0,0,0
3580,-0.017500000000000002,0,0,0,0,0
3581,-0.016666666666666666,0,0,0,0,0
3582,-0.015833333333333335,0,0,0,0,0
3583,-0.014999999999999999,0,0,0,0,0
3584,-0.014166666666666668,0,0,2.8726590797960669e-06,-1.2816215129010563e-07,-2.4485248477387817e-06
3585,-0.013333333333333332,0,0,1.9557059131603102e-06,1.0925092819934507e-07,-1.8805040920499291e-06
3586,-0.012500000000000001,0,0,1.4650166593333269e-06,-3.2222062539429958e-07,2.6425767381118088e-06
3587,-0.011666666666666667,0,0,2.2642165023599685e-06,-1.7963471896854036e-06,1.0233382409911839e-05
3588,-0.010833333333333334,0,0,7.2606453661279943e-06,-4.8877107375234597e-06,1.8962553355818966e-05
3589,-0.01,0,0,2.9731811397843931e-05,-1.0470926114883395e-05,2.5088242279442095e-05
3590,-0.0091666666666666667,0,0,9.3344182016823847e-05,-1.9517974127777845e-05,-8.562696944589214e-06
3591,-0.0083333333333333332,0,0,0.00017409754129760216,-2.4919662600905797e-05,-0.00017278311205042566
3592,-0.0074999999999999997,0,0,0.00020472916300008504,-4.5071355096149136e-05,-0.00041036757974815603
3593,-0.0066666666666666662,0,0,0.0002469306671865512,-0.00012182837643327377,-0.00067942379861021395
3594,-0.0058333333333333327,0,0,0.00018488433858829023,-0.0002148015713326081,-0.0013028182225773724
3595,-0.0049999999999999992,0,0,7.4846796391697836e-05,-0.00018818118756016607,-0.0019428799481563243
3596,-0.0041666666666666657,0,0,-1.0489058802589285e-05,-0.00017588331590562262,-0.0023724556821703722
3597,-0.003333333333333334,0,0,-8.9333118142354562e-05,-0.00017015750195305658,-0.0026933531773638995
3598,-0.0024999999999999988,0,0,-9.4894931211834588e-05,-0.00016860430866268833,-0.0029159584913567987
3599,-0.001666666666666667,0,0,-6.2574638365097614e-05,-0.00013332239898930024,-0.0029700662070307254
3600,-0.00083333333333333176,0,0,-1.7328877327481531e-05,-6.869791813273871e-05,-0.0028643101905727717
3601,0,0,0,2.7184655384349583e-05,-1.3160293503410208e-05,-0.002868950002516725
3602,0.00083333333333333523,0,0,6.6930365932215869e-05,4.3824826498863272e-05,-0.0029207388806733771
3603,0.001666666666666667,0,0,0.00010152902180986821,0.0001099073399910676,-0.0030385107136554237
3604,0.0025000000000000022,0,0,0.00012381687828836324,0.00014021726128386888,-0.0029759096006104074
3605,0.003333333333333334,0,0,0.00011364965629641512,0.00015000555910338429,-0.0027444915483338748
3606,0.0041666666666666692,0,0,6.6728604954000551e-05,0.00014005830710404486,-0.0023628610438538871
3607,0.005000000000000001,0,0,-7.9539824339090626e-06,0.00011854280158212781,-0.0019345104756972203
3608,0.0058333333333333362,0,0,-0.00014530366451618915,7.9502308799041539e-05,-0.0014438505856249728
3609,0.006666666666666668,0,0,-0.00027777251791138242,4.7478988423241301e-05,-0.00089244571717521121
3610,0.0074999999999999997,0,0,-0.00026417687222603497,3.2838867130346076e-05,-0.00043375469767782562
3611,0.008333333333333335,0,0,-0.00017180761754333535,2.1982065742113116e-05,-0.00016701204540033664
3612,0.0091666666666666667,0,0,-9.445612258928496e-05,1.5659485557556304e-05,-3.5661371040242147e-05
3613,0.010000000000000002,0,0,-3.1889737196181296e-05,1.0235258262033485e-05,1.8693156350861903e-05
3614,0.010833333333333334,0,0,-7.5994656496256321e-06,3.9421191744212856e-06,8.0799486500925913e-06
3615,0.011666666666666669,0,0,-3.8759616736372178e-06,2.0011230275188784e-06,-1.1656267485078294e-06
3616,0.012500000000000001,0,0,-3.8804867863125506e-06,1.1346942649507687e-06,-7.8215671293163451e-06
3617,0.013333333333333332,0,0,-4.8534092837499629e-06,4.462809322467869e-07,-9.6682447410538523e-06
3618,0.014166666666666671,0,0,-6.2537324045221265e-06,4.249145828020131e-07,-5.9422082582138103e-06
3619,0.015000000000000003,0,0,0,0,0
3620,0.015833333333333335,0,0,0,0,0
3621,0.016666666666666666,0,0,0,0,0
3622,0.017500000000000005,0,0,0,0,0
3623,0.018333333333333337,0,0,0,0,0
3624,0.019166666666666669,0,0,0,0,0
3625,0.02,0,0,0,0,0
3626,-0.02,0.00083333333333333523,0,0,0,0
3627,-0.019166666666666669,0.00083333333333333523,0,0,0,0
3628,-0.018333333333333333,0.00083333333333333523,0,0,0,0
3629,-0.017500000000000002,0.00083333333333333523,0,0,0,0
3630,-0.016666666666666666,0.00083333333333333523,0,0,0,0
3631,-0.015833333333333335,0.00083333333333333523,0,0,0,0
3632,-0.014999999999999999,0.00083333333333333523,0,0,0,0
3633,-0.014166666666666668,0.00083333333333333523,0,2.8460872964308059e-06,-3.0539391338635144e-07,-2.4271605953846077e-06
3634,-0.013333333333333332,0.00083333333333333523,0,1.9755833711134098e-06,-2.1506143527739197e-07,-2.0017436453747266e-06
3635,-0.012500000000000001,0.00083333333333333523,0,1.5585824944085064e-06,-6.9829112545906014e-07,2.1117173822149014e-06
3636,-0.011666666666666667,0.00083333333333333523,0,2.412382440697315e-06,-2.2289086254931682e-06,9.1162739797156903e-06
3637,-0.010833333333333334,0.00083333333333333523,0,7.2689144476244704e-06,-5.4536166019562487e-06,1.6998585979680122e-05
3638,-0.01,0.00083333333333333523,0,2.7997237315628364e-05,-1.208896955262519e-05,1.8613794408200429e-05
3639,-0.0091666666666666667,0.00083333333333333523,0,8.946261839565637e-05,-2.5296159765675075e-05,-8.2383137145835396e-06
3640,-0.0083333333333333332,0.00083333333333333523,0,0.00016717184062303017,-3.8034059095842608e-05,-0.00016480719776867147
3641,-0.0074999999999999997,0.00083333333333333523,0,0.00019571563911527902,-6.4967794624188732e-05,-0.0003976637375021631
3642,-0.0066666666666666662,0.00083333333333333523,0,0.00022061894487828237,-0.00014773281578456561,-0.00065902225702855024
3643,-0.0058333333333333327,0.00083333333333333523,0,0.00015483432595328483,-0.00023559105039893421,-0.0012539575634907371
3644,-0.0049999999999999992,0.00083333333333333523,0,4.6167102105806144e-05,-0.00019587147944068845,-0.0019004135766690885
3645,-0.0041666666666666657,0.00083333333333333523,0,-3.9138046982046106e-05,-0.00016464314073335839,-0.0023420731473389692
3646,-0.003333333333333334,0.00083333333333333523,0,-0.00012379409236306865,-0.00013872375594900331,-0.0026451347122561147
3647,-0.0024999999999999988,0.00083333333333333523,0,-0.00014987798635075967,-0.00012838648265747703,-0.0028946304644019922
3648,-0.001666666666666667,0.00083333333333333523,0,-0.00012975426560614262,-9.2120578815666084e-05,-0.002978639278922409
3649,-0.00083333333333333176,0.00083333333333333523,0,-7.9290275055930243e-05,-4.0410385076846232e-05,-0.0029179339656816238
3650,0,0.00083333333333333523,0,-3.227314840427618e-05,2.5398425884210445e-05,-0.0028755905495647686
3651,0.00083333333333333523,0.00083333333333333523,0,2.5385003385768194e-06,8.8342224751752286e-05,-0.0029483354699775641
3652,0.001666666666666667,0.00083333333333333523,0,4.2261471481503362e-05,0.00014680921561354573,-0.0030125423009460177
3653,0.0025000000000000022,0.00083333333333333523,0,7.8364460649059977e-05,0.00017047605372731429,-0.0029185897299728258
3654,0.003333333333333334,0.00083333333333333523,0,8.0210021739644284e-05,0.00016183305062586484,-0.0026694743426590624
3655,0.0041666666666666692,0.00083333333333333523,0,3.9651945776842026e-05,0.00012969964157431277,-0.0022960488822374617
3656,0.005000000000000001,0.00083333333333333523,0,-3.3083563681354287e-05,9.9644989477000806e-05,-0.0018954389689865927
3657,0.0058333333333333362,0.00083333333333333523,0,-0.00016809005406564177,5.3726468324458742e-05,-0.0014016544024851097
3658,0.006666666666666668,0.00083333333333333523,0,-0.00029553619874775745,1.2420263460357278e-05,-0.00083658383732498247
3659,0.0074999999999999997,0.00083333333333333523,0,-0.00026063403308078235,3.6675276320851852e-06,-0.00039865369506153253
3660,0.008333333333333335,0.00083333333333333523,0,-0.00016461336034219708,4.8466476947873695e-06,-0.00015233099682049559
3661,0.0091666666666666667,0.00083333333333333523,0,-8.9883158247603924e-05,7.7471697934845894e-06,-2.723994518467262e-05
3662,0.010000000000000002,0.00083333333333333523,0,-2.9836931038507172e-05,8.1897909335934024e-06,1.7748026472811777e-05
3663,0.010833333333333334,0.00083333333333333523,0,-7.2047597175177052e-06,2.946262019001e-06,8.1209509182170783e-06
3664,0.011666666666666669,0.00083333333333333523,0,-3.9752928883149678e-06,1.4943443833299879e-06,-1.8152373345875479e-06
3665,0.012500000000000001,0.00083333333333333523,0,-3.9284735968997507e-06,6.837829626814388e-07,-8.3773336787081448e-06
3666,0.013333333333333332,0.00083333333333333523,0,-4.9120603162642357e-06,1.091146607742558e-07,-9.9867753598167743e-06
3667,0.014166666666666671,0.00083333333333333523,0,-6.3367832492159847e-06,1.7986970568225097e-07,-6.0080170841945258e-06
3668,0.015000000000000003,0.00083333333333333523,0,0,0,0
3669,0.015833333333333335,0.00083333333333333523,0,0,0,0
3670,0.016666666666666666,0.00083333333333333523,0,0,0,0
3671,0.017500000000000005,0.00083333333333333523,0,0,0,0
3672,0.018333333333333337,0.00083333333333333523,0,0,0,0
3673,0.019166666666666669,0.00083333333333333523,0,0,0,0
3674,0.02,0.00083333333333333523,0,0,0,0
3675,-0.02,0.001666666666666667,0,0,0,0
3676,-0.019166666666666669,0.001666666666666667,0,0,0,0
3677,-0.018333333333333333,0.001666666666666667,0,0,0,0
3678,-0.017500000000000002,0.001666666666666667,0,0,0,0
3679,-0.016666666666666666,0.001666666666666667,0,0,0,0
3680,-0.015833333333333335,0.001666666666666667,0,0,0,0
3681,-0.014999999999999999,0.001666666666666667,0,0,0,0
3682,-0.014166666666666668,0.001666666666666667,0,2.6046503038346278e-06,-4.5976881110846974e-07,-2.2473079636301686e-06
3683,-0.013333333333333332,0.001666666666666667,0,1.8292363734399416e-06,-5.1471558560385616e-07,-1.7911879541562319e-06
3684,-0.012500000000000001,0.001666666666666667,0,1.5067436129427266e-06,-1.0802889669087794e-06,1.9231368760765546e-06
3685,-0.011666666666666667,0.001666666666666667,0,2.1558462341959187e-06,-2.7346560761897118e-06,8.2632278848181617e-06
3686,-0.010833333333333334,0.001666666666666667,0,6.250741799494562e-06,-6.4131803530976638e-06,1.5475195747433738e-05
3687,-0.01,0.001666666666666667,0,2.2638915591220983e-05,-1.390144971569094e-05,1.5562875007616576e-05
3688,-0.0091666666666666667,0.001666666666666667,0,7.6663658004038146e-05,-2.983263329594742e-05,-2.9762793316595984e-06
3689,-0.0083333333333333332,0.001666666666666667,0,0.00015096897989785608,-4.7377373887811638e-05,-0.0001455113084905275
3690,-0.0074999999999999997,0.001666666666666667,0,0.00018094749837053642,-7.8877165546238797e-05,-0.00035909207248889161
3691,-0.0066666666666666662,0.001666666666666667,0,0.00019952864801704609,-0.00015275122881907088,-0.00059082555460254033
3692,-0.0058333333333333327,0.001666666666666667,0,0.00014003171649086763,-0.00024290456908791661,-0.0010913775016354024
3693,-0.0049999999999999992,0.001666666666666667,0,3.3860870341248057e-05,-0.0002298289837360492,-0.0017698942687466655
3694,-0.0041666666666666657,0.001666666666666667,0,-4.7527547148798024e-05,-0.00015278229386678419,-0.002236517766796745
3695,-0.003333333333333334,0.001666666666666667,0,-0.00013445474093277821,-0.00011776925832211468,-0.0025391561003553051
3696,-0.0024999999999999988,0.001666666666666667,0,-0.00018170536738665912,-8.3023463613794552e-05,-0.0028087627369737427
3697,-0.001666666666666667,0.001666666666666667,0,-0.00017689547638675393,-4.9994912967005899e-05,-0.0029441575193358436
3698,-0.00083333333333333176,0.001666666666666667,0,-0.00014478444098070368,1.8833922507912494e-06,-0.0029838430713257933
3699,0,0.001666666666666667,0,-0.00010739042020313062,6.6154685034073497e-05,-0.0029836371960458761
3700,0.00083333333333333523,0.001666666666666667,0,-6.2188217619322202e-05,0.00013410430531041531,-0.0030073439070427942
3701,0.001666666666666667,0.001666666666666667,0,-1.356526740531287e-05,0.00017557340981841872,-0.0029564740478664141
3702,0.0025000000000000022,0.001666666666666667,0,2.5710330558073084e-05,0.0001886802658745009,-0.0028086803668074564
3703,0.003333333333333334,0.001666666666666667,0,3.1449831453503496e-05,0.00016211438366454188,-0.0025341234137131554
3704,0.0041666666666666692,0.001666666666666667,0,-1.3717081569554484e-06,0.000124728173652712,-0.002186474207155216
3705,0.005000000000000001,0.001666666666666667,0,-7.8547209938652175e-05,7.688735062674961e-05,-0.0017876774672143428
3706,0.0058333333333333362,0.001666666666666667,0,-0.00020878067598614284,1.6365251241832057e-05,-0.0012808294870568051
3707,0.006666666666666668,0.001666666666666667,0,-0.00030011878424626308,-2.4223445831751798e-05,-0.00073234120106684792
3708,0.0074999999999999997,0.001666666666666667,0,-0.00024488023486091788,-2.2011549047862811e-05,-0.00033634672360407901
3709,0.008333333333333335,0.001666666666666667,0,-0.0001496080303582007,-9.2831566092681028e-06,-0.00012997510338995
3710,0.0091666666666666667,0.001666666666666667,0,-8.1049974787353839e-05,9.8643972442512043e-07,-1.587509822256525e-05
3711,0.010000000000000002,0.001666666666666667,0,-2.4343087455336539e-05,5.3624221774981926e-06,1.9678094347482802e-05
3712,0.010833333333333334,0.001666666666666667,0,-6.3128978328356606e-06,1.557794586285196e-06,7.4844781365390284e-06
3713,0.011666666666666669,0.001666666666666667,0,-3.7772341959180775e-06,7.8948412305901133e-07,-2.2960626011173375e-06
3714,0.012500000000000001,0.001666666666666667,0,-3.8942292957916861e-06,1.2754695137890672e-07,-8.6101638699871113e-06
3715,0.013333333333333332,0.001666666666666667,0,-4.8541550962971881e-06,-2.5901574640643582e-07,-9.9313156744942403e-06
3716,0.014166666666666671,0.001666666666666667,0,-6.198291488625533e-06,-5.1732642459476704e-08,-5.8419729921937042e-06
3717,0.015000000000000003,0.001666666666666667,0,0,0,0
3718,0.015833333333333335,0.001666666666666667,0,0,0,0
3719,0.016666666666666666,0.001666666666666667,0,0,0,0
3720,0.017500000000000005,0.001666666666666667,0,0,0,0
3721,0.018333333333333337,0.001666666666666667,0,0,0,0
3722,0.019166666666666669,0.001666666666666667,0,0,0,0
3723,0.02,0.001666666666666667,0,0,0,0
3724,-0.02,0.0025000000000000022,0,0,0,0
3725,-0.019166666666666669,0.0025000000000000022,0,0,0,0
3726,-0.018333333333333333,0.0025000000000000022,0,0,0,0
3727,-0.017500000000000002,0.0025000000000000022,0,0,0,0
3728,-0.016666666666666666,0.0025000000000000022,0,0,0,0
3729,-0.015833333333333335,0.0025000000000000022,0,0,0,0
3730,-0.014999999999999999,0.0025000000000000022,0,0,0,0
3731,-0.014166666666666668,0.0025000000000000022,0,2.2442859163661063e-06,-5.9124781974782208e-07,-1.9483550910759862e-06
3732,-0.013333333333333332,0.0025000000000000022,0,1.5408363862854105e-06,-7.0418617044636358e-07,-1.3365879213558211e-06
3733,-0.012500000000000001,0.0025000000000000022,0,1.2774156994163679e-06,-1.346051853216784e-06,2.1546260355201805e-06
3734,-0.011666666666666667,0.0025000000000000022,0,1.6279838980732677e-06,-3.0629324665440528e-06,8.0994282122548292e-06
3735,-0.010833333333333334,0.0025000000000000022,0,4.3097403375218143e-06,-7.102756804023808e-06,1.5270227145152281e-05
3736,-0.01,0.0025000000000000022,0,1.5854044683126483e-05,-1.5771856446879127e-05,1.755375107519204e-05
3737,-0.0091666666666666667,0.0025000000000000022,0,5.8210941298688158e-05,-3.248474719002909e-05,2.9535167004347475e-06
3738,-0.0083333333333333332,0.0025000000000000022,0,0.0001293728695238256,-5.7577707691007136e-05,-9.8718273546802423e-05
3739,-0.0074999999999999997,0.0025000000000000022,0,0.00016138308872966467,-8.6660959562914546e-05,-0.00030960077927913318
3740,-0.0066666666666666662,0.0025000000000000022,0,0.00018756923987425954,-0.00015515476728065271,-0.00050141279008948485
3741,-0.0058333333333333327,0.0025000000000000022,0,0.00018105787329505916,-0.00024568143777120279,-0.00085490891409874335
3742,-0.0049999999999999992,0.0025000000000000022,0,3.1572148503652011e-05,-0.00026801195176748732,-0.0015363962229016333
3743,-0.0041666666666666657,0.0025000000000000022,0,-5.6091395229242416e-05,-0.00017986848683239039,-0.002063626573124346
3744,-0.003333333333333334,0.0025000000000000022,0,-0.00012046853404337599,-0.00012022542430322756,-0.0023738793584479412
3745,-0.0024999999999999988,0.0025000000000000022,0,-0.00017246294212327785,-6.6173358362486541e-05,-0.0026072127191537073
3746,-0.001666666666666667,0.0025000000000000022,0,-0.00019123388926668309,-1.6584501835119391e-05,-0.002799862661153645
3747,-0.00083333333333333176,0.0025000000000000022,0,-0.00017744427447350069,3.5790384752141715e-05,-0.0028973956433038035
3748,0,0.0025000000000000022,0,-0.00014382579827958454,9.7801736163136656e-05,-0.0029271467659287656
3749,0.00083333333333333523,0.0025000000000000022,0,-9.933718963338178e-05,0.00015323286367766335,-0.0029038829722881953
3750,0.001666666666666667,0.0025000000000000022,0,-5.5810241118725236e-05,0.0001806895978239976,-0.0028032820333353759
3751,0.0025000000000000022,0.0025000000000000022,0,-2.4759725310102992e-05,0.00017041027579663324,-0.0026048941631545541
3752,0.003333333333333334,0.0025000000000000022,0,-2.572911873325485e-05,0.00013883396739621683,-0.0023319995129933635
3753,0.0041666666666666692,0.0025000000000000022,0,-5.8463312744997e-05,9.6757972383779977e-05,-0.0020100421629996473
3754,0.005000000000000001,0.0025000000000000022,0,-0.00013431172125300553,3.3427057329733588e-05,-0.0016022400044860012
3755,0.0058333333333333362,0.0025000000000000022,0,-0.00026707224654560005,-3.7009844275843909e-05,-0.0010602936827556534
3756,0.006666666666666668,0.0025000000000000022,0,-0.00029186485722423503,-6.3139684123245216e-05,-0.00057843389651564226
3757,0.0074999999999999997,0.0025000000000000022,0,-0.00021411940996816616,-4.0618667228499919e-05,-0.00025529996893578042
3758,0.008333333333333335,0.0025000000000000022,0,-0.00012819230805504437,-1.7924934586160858e-05,-0.00010002722262715544
3759,0.0091666666666666667,0.0025000000000000022,0,-6.9583441671335208e-05,-3.3658583823318898e-06,9.956801193314979e-06
3760,0.010000000000000002,0.0025000000000000022,0,-1.8616074013708668e-05,3.0573615092248624e-06,1.7457071681667267e-05
3761,0.010833333333333334,0.0025000000000000022,0,-5.24812782463169e-06,5.1955116236007185e-07,7.0313248574286442e-06
3762,0.011666666666666669,0.0025000000000000022,0,-3.5515004060242414e-06,1.6849846785196221e-07,-2.5261360696578449e-06
3763,0.012500000000000001,0.0025000000000000022,0,-3.698801852304474e-06,-4.5276346672014864e-07,-8.4262130770041121e-06
3764,0.013333333333333332,0.0025000000000000022,0,-4.593670906327168e-06,-6.2120930886134872e-07,-9.4846569537629277e-06
3765,0.014166666666666671,0.0025000000000000022,0,-5.8165309837837227e-06,-2.4422061239087166e-07,-5.4828273361246404e-06
3766,0.015000000000000003,0.0025000000000000022,0,0,0,0
3767,0.015833333333333335,0.0025000000000000022,0,0,0,0
3768,0.016666666666666666,0.0025000000000000022,0,0,0,0
3769,0.017500000000000005,0.0025000000000000022,0,0,0,0
3770,0.018333333333333337,0.0025000000000000022,0,0,0,0
3771,0.019166666666666669,0.0025000000000000022,0,0,0,0
3772,0.02,0.0025000000000000022,0,0,0,0
3773,-0.02,0.003333333333333334,0,0,0,0
3774,-0.019166666666666669,0.003333333333333334,0,0,0,0
3775,-0.018333333333333333,0.003333333333333334,0,0,0,0
3776,-0.017500000000000002,0.003333333333333334,0,0,0,0
3777,-0.016666666666666666,0.003333333333333334,0,0,0,0
3778,-0.015833333333333335,0.003333333333333334,0,0,0,0
3779,-0.014999999999999999,0.003333333333333334,0,0,0,0
3780,-0.014166666666666668,0.003333333333333334,0,1.8235813257312617e-06,-6.7717309551196521e-07,-1.5409856026316191e-06
3781,-0.013333333333333332,0.003333333333333334,0,1.2404217257955197e-06,-8.0677184737553279e-07,-7.4992161526355712e-07
3782,-0.012500000000000001,0.003333333333333334,0,9.3476517070594563e-07,-1.3496094371723689e-06,2.5968570573919828e-06
3783,-0.011666666666666667,0.003333333333333334,0,9.9051065233734313e-07,-2.7617333712365693e-06,8.4189992921882681e-06
3784,-0.010833333333333334,0.003333333333333334,0,2.7099690334253894e-06,-6.3401414710238565e-06,1.5778449262186186e-05
3785,-0.01,0.003333333333333334,0,1.0115195960990741e-05,-1.4243734975396269e-05,1.9932028165532581e-05
3786,-0.0091666666666666667,0.003333333333333334,0,4.1663152377959044e-05,-3.0539988243577703e-05,1.6344979350590721e-05
3787,-0.0083333333333333332,0.003333333333333334,0,0.00010037988491194999,-6.0829091048086378e-05,-5.0305538096919948e-05
3788,-0.0074999999999999997,0.003333333333333334,0,0.00014017481567512807,-9.354508064687206e-05,-0.00022787745879608145
3789,-0.0066666666666666662,0.003333333333333334,0,0.00015781666565269694,-0.00014734092100328688,-0.00040225683904535113
3790,-0.0058333333333333327,0.003333333333333334,0,0.00015110475972408366,-0.00022818564082845107,-0.00063926113812898396
3791,-0.0049999999999999992,0.003333333333333334,0,4.2129119670332023e-05,-0.00027535070231854539,-0.0011767951661719621
3792,-0.0041666666666666657,0.003333333333333334,0,-4.1847163576956092e-05,-0.00023995684230531601,-0.0017403539388622662
3793,-0.003333333333333334,0.003333333333333334,0,-0.0001033163953302254,-0.0001453714414128829,-0.0021399726402142887
3794,-0.0024999999999999988,0.003333333333333334,0,-0.00014518818700108384,-8.2312382486203023e-05,-0.0023673553380942482
3795,-0.001666666666666667,0.003333333333333334,0,-0.00016962920732369199,-1.4128337839463718e-05,-0.0025361692379764276
3796,-0.00083333333333333176,0.003333333333333334,0,-0.00017030981805164332,4.0917425889717638e-05,-0.0026512043632406245
3797,0,0.003333333333333334,0,-0.00015116307763378336,9.6628544563271792e-05,-0.0026960487826233372
3798,0.00083333333333333523,0.003333333333333334,0,-0.00011709554949815042,0.00013224703938170517,-0.0026543465770193413
3799,0.001666666666666667,0.003333333333333334,0,-8.3040081456003636e-05,0.00013980089561102285,-0.0025229971799247014
3800,0.0025000000000000022,0.003333333333333334,0,-6.8073610432850003e-05,0.00012583139210994523,-0.0023378540962806674
3801,0.003333333333333334,0.003333333333333334,0,-7.8543654363402395e-05,9.6242721939044574e-05,-0.002094367418167774
3802,0.0041666666666666692,0.003333333333333334,0,-0.00011665533569298417,4.3641870886050223e-05,-0.0017645594073766751
3803,0.005000000000000001,0.003333333333333334,0,-0.0002053303785220692,-3.4215728553240181e-05,-0.0013113642471657037
3804,0.0058333333333333362,0.003333333333333334,0,-0.00028864490060902107,-9.0497514070052935e-05,-0.00079115062730102006
3805,0.006666666666666668,0.003333333333333334,0,-0.00025927860804044167,-8.812485432427926e-05,-0.0004069138698048241
3806,0.0074999999999999997,0.003333333333333334,0,-0.00017371010669319168,-4.8238673861332675e-05,-0.0001771246175430378
3807,0.008333333333333335,0.003333333333333334,0,-0.00010540869817183555,-2.1544272323403613e-05,-5.2564503715737029e-05
3808,0.0091666666666666667,0.003333333333333334,0,-5.4124109136530974e-05,-3.8315253468147008e-06,2.1224574017926682e-05
3809,0.010000000000000002,0.003333333333333334,0,-1.2457340772869347e-05,4.8567010852820917e-07,1.5993614900933967e-05
3810,0.010833333333333334,0.003333333333333334,0,-4.3951114147661368e-06,-2.9740678053061122e-07,6.6267193520717101e-06
3811,0.011666666666666669,0.003333333333333334,0,-3.1264134144443387e-06,-4.9270686482537577e-07,-2.5745942284409964e-06
3812,0.012500000000000001,0.003333333333333334,0,-3.3286584514652385e-06,-9.6796056284523636e-07,-7.9063022051436071e-06
3813,0.013333333333333332,0.003333333333333334,0,-4.2711456680234574e-06,-8.9441692110093513e-07,-8.6907755335800346e-06
3814,0.014166666666666671,0.003333333333333334,0,-5.3050574516542255e-06,-4.1257498437195411e-07,-4.9717197716623628e-06
3815,0.015000000000000003,0.003333333333333334,0,0,0,0
3816,0.015833333333333335,0.003333333333333334,0,0,0,0
3817,0.016666666666666666,0.003333333333333334,0,0,0,0
3818,0.017500000000000005,0.003333333333333334,0,0,0,0
3819,0.018333333333333337,0.003333333333333334,0,0,0,0
3820,0.019166666666666669,0.003333333333333334,0,0,0,0
3821,0.02,0.003333333333333334,0,0,0,0
3822,-0.02,0.0041666666666666692,0,0,0,0
3823,-0.019166666666666669,0.0041666666666666692,0,0,0,0
3824,-0.018333333333333333,0.0041666666666666692,0,0,0,0
3825,-0.017500000000000002,0.0041666666666666692,0,0,0,0
3826,-0.016666666666666666,0.0041666666666666692,0,0,0,0
3827,-0.015833333333333335,0.0041666666666666692,0,0,0,0
3828,-0.014999999999999999,0.0041666666666666692,0,0,0,0
3829,-0.014166666666666668,0.0041666666666666692,0,1.3559656085038311e-06,-6.7728325420155444e-07,-1.1068955840396935e-06
3830,-0.013333333333333332,0.0041666666666666692,0,9.7382517436107865e-07,-8.4185777220127415e-07,-1.2882306703950736e-07
3831,-0.012500000000000001,0.0041666666666666692,0,5.7363995072595231e-07,-1.2046661125178435e-06,2.9799966958886441e-06
3832,-0.011666666666666667,0.0041666666666666692,0,4.0685352333954813e-07,-2.0839150921379031e-06,8.4517978025824296e-06
3833,-0.010833333333333334,0.0041666666666666692,0,1.2883414005107673e-06,-4.7779657774581725e-06,1.5804658785803653e-05
3834,-0.01,0.0041666666666666692,0,5.6044118944187691e-06,-1.0527878865217629e-05,2.2681313614334367e-05
3835,-0.0091666666666666667,0.0041666666666666692,0,2.3504492392156607e-05,-2.4308731335035484e-05,2.4955242442230582e-05
3836,-0.0083333333333333332,0.0041666666666666692,0,6.5749885932756487e-05,-5.2512654880359571e-05,-1.1437073194109557e-05
3837,-0.0074999999999999997,0.0041666666666666692,0,0.00011565220255627317,-9.0173274300766866e-05,-0.00012317310962105688
3838,-0.0066666666666666662,0.0041666666666666692,0,0.00013238203119242154,-0.00012947417837749688,-0.00030780014439197245
3839,-0.0058333333333333327,0.0041666666666666692,0,0.00014961514045518711,-0.00019909442341223927,-0.00045940201948170138
3840,-0.0049999999999999992,0.0041666666666666692,0,0.00010273103320879551,-0.0002779055792317632,-0.00076662693380221986
3841,-0.0041666666666666657,0.0041666666666666692,0,-2.4673919804070948e-05,-0.00027482155745526236,-0.0012954499977032448
3842,-0.003333333333333334,0.0041666666666666692,0,-8.8080849639739393e-05,-0.00022188680497860162,-0.0017550170677395032
3843,-0.0024999999999999988,0.0041666666666666692,0,-0.00012477304526892815,-0.00012594979199732391,-0.0020637888748342359
3844,-0.001666666666666667,0.0041666666666666692,0,-0.00014015136533084761,-6.4490288693524043e-05,-0.0022268609221979038
3845,-0.00083333333333333176,0.0041666666666666692,0,-0.00014318128617629692,-8.0983717537627876e-06,-0.0023112659286029578
3846,0,0.0041666666666666692,0,-0.00013861687299448626,4.2924743466323652e-05,-0.0023440096387209401
3847,0.00083333333333333523,0.0041666666666666692,0,-0.00012522784906042218,6.7491307434066751e-05,-0.0023076762263216301
3848,0.001666666666666667,0.0041666666666666692,0,-0.00011494082394730923,7.0851037482981701e-05,-0.0022063269954736018
3849,0.0025000000000000022,0.0041666666666666692,0,-0.00011270966667732719,5.6149948497393651e-05,-0.0020337575026903995
3850,0.003333333333333334,0.0041666666666666692,0,-0.0001353785942084299,2.0079544784681412e-05,-0.0017818381592991203
3851,0.0041666666666666692,0.0041666666666666692,0,-0.00019422808835226624,-5.0439078368030492e-05,-0.0013902987017155241
3852,0.005000000000000001,0.0041666666666666692,0,-0.00026458335939159768,-0.00012645179439120326,-0.00091437107803772893
3853,0.0058333333333333362,0.0041666666666666692,0,-0.00026523128411667078,-0.00012753462843100933,-0.00052674220022296708
3854,0.006666666666666668,0.0041666666666666692,0,-0.00020445696599399041,-9.1847757508957121e-05,-0.00025873218916879984
3855,0.0074999999999999997,0.0041666666666666692,0,-0.00012846077717450176,-4.7200329218250272e-05,-0.0001244890888871374
3856,0.008333333333333335,0.0041666666666666692,0,-7.9393231312451686e-05,-2.1355758352357932e-05,-7.6077963832501834e-06
3857,0.0091666666666666667,0.0041666666666666692,0,-3.4511058192990447e-05,-4.1050983605762499e-06,2.1875190846365424e-05
3858,0.010000000000000002,0.0041666666666666692,0,-6.8803527923690735e-06,-1.4616973195003494e-06,1.7150069249445035e-05
3859,0.010833333333333334,0.0041666666666666692,0,-3.1448303664266202e-06,-8.4265639698726032e-07,6.1066114157115362e-06
3860,0.011666666666666669,0.0041666666666666692,0,-2.5198892092285832e-06,-1.0060798435100149e-06,-2.3781990574646334e-06
3861,0.012500000000000001,0.0041666666666666692,0,-2.8727603031507951e-06,-1.3178043312524241e-06,-7.0811091995132366e-06
3862,0.013333333333333332,0.0041666666666666692,0,-3.8831821194965769e-06,-1.054381070881212e-06,-7.648518740975258e-06
3863,0.014166666666666671,0.0041666666666666692,0,-4.6677760137586287e-06,-5.4402354317228466e-07,-4.3593372095671026e-06
3864,0.015000000000000003,0.0041666666666666692,0,0,0,0
3865,0.015833333333333335,0.0041666666666666692,0,0,0,0
3866,0.016666666666666666,0.0041666666666666692,0,0,0,0
3867,0.017500000000000005,0.0041666666666666692,0,0,0,0
3868,0.018333333333333337,0.0041666666666666692,0,0,0,0
3869,0.019166666666666669,0.0041666666666666692,0,0,0,0
3870,0.02,0.0041666666666666692,0,0,0,0
3871,-0.02,0.005000000000000001,0,0,0,0
3872,-0.019166666666666669,0.005000000000000001,0,0,0,0
3873,-0.018333333333333333,0.005000000000000001,0,0,0,0
3874,-0.017500000000000002,0.005000000000000001,0,0,0,0
3875,-0.016666666666666666,0.005000000000000001,0,0,0,0
3876,-0.015833333333333335,0.005000000000000001,0,0,0,0
3877,-0.014999999999999999,0.005000000000000001,0,0,0,0
3878,-0.014166666666666668,0.005000000000000001,0,9.20349577653254e-07,-5.9632443957408753e-07,-7.4006056540664782e-07
3879,-0.013333333333333332,0.005000000000000001,0,6.8844975990648156e-07,-8.1255348583430278e-07,4.0259440246965932e-07
3880,-0.012500000000000001,0.005000000000000001,0,2.6571835148532968e-07,-9.7676902601579017e-07,3.2297507588338699e-06
3881,-0.011666666666666667,0.005000000000000001,0,6.3241663900740712e-08,-1.4568389742175461e-06,8.0591128762196189e-06
3882,-0.010833333333333334,0.005000000000000001,0,4.5831512070869618e-07,-3.1752240591111386e-06,1.4788501603692076e-05
3883,-0.01,0.005000000000000001,0,2.9959814903838399e-06,-7.2901029753474438e-06,2.2528451205299243e-05
3884,-0.0091666666666666667,0.005000000000000001,0,1.336405804138273e-05,-1.6656815437199339e-05,2.0835005256734084e-05
3885,-0.0083333333333333332,0.005000000000000001,0,3.9218067931215066e-05,-3.8382514331379989e-05,1.8248347796272765e-05
3886,-0.0074999999999999997,0.005000000000000001,0,8.0964557555876257e-05,-7.7533275758387497e-05,-4.0180982976614681e-05
3887,-0.0066666666666666662,0.005000000000000001,0,0.00010721268065276614,-0.0001140363089773981,-0.00019133251192236445
3888,-0.0058333333333333327,0.005000000000000001,0,0.0001179394723593245,-0.0001671499462217423,-0.00032700410558173573
3889,-0.0049999999999999992,0.005000000000000001,0,0.0001220526078041058,-0.00023903926309459624,-0.00047612173707727457
3890,-0.0041666666666666657,0.005000000000000001,0,6.1044781254205907e-05,-0.00029667963078191866,-0.00077742549946238821
3891,-0.003333333333333334,0.005000000000000001,0,-6.5536782138225135e-05,-0.0002726468774501853,-0.0012067561833583526
3892,-0.0024999999999999988,0.005000000000000001,0,-0.0001137662177923964,-0.00021834596720382655,-0.0015749520696966667
3893,-0.001666666666666667,0.005000000000000001,0,-0.00012109419166449797,-0.00014881588360986383,-0.0018105431656064925
3894,-0.00083333333333333176,0.005000000000000001,0,-0.00013409109926609114,-9.8767650195539009e-05,-0.0019242514623137306
3895,0,0.005000000000000001,0,-0.00014308838146702242,-5.7433979543532059e-05,-0.0019620102245751954
3896,0.00083333333333333523,0.005000000000000001,0,-0.0001449832589701817,-3.8139309234009881e-05,-0.001920894781402894
3897,0.001666666666666667,0.005000000000000001,0,-0.00015033433930548921,-2.7566478434032951e-05,-0.0018157571060579132
3898,0.0025000000000000022,0.005000000000000001,0,-0.00016953269720247345,-5.1005805620551705e-05,-0.0016103368608171248
3899,0.003333333333333334,0.005000000000000001,0,-0.0002013992282857941,-9.6382231624009062e-05,-0.0013060212527168805
3900,0.0041666666666666692,0.005000000000000001,0,-0.00023733352399670743,-0.00016577746820763863,-0.00090694373376639216
3901,0.005000000000000001,0.005000000000000001,0,-0.00024578180825326682,-0.00016823593819783757,-0.00056476575812389716
3902,0.0058333333333333362,0.005000000000000001,0,-0.00021067708327747372,-0.00012969994210286354,-0.00031250265257646534
3903,0.006666666666666668,0.005000000000000001,0,-0.00014457501528385283,-7.4572555332893755e-05,-0.00015774220345289447
3904,0.0074999999999999997,0.005000000000000001,0,-9.6799453248778102e-05,-4.0014450459270078e-05,-4.4679952404111743e-05
3905,0.008333333333333335,0.005000000000000001,0,-5.5751893606465749e-05,-1.5220955207551536e-05,2.4088589520809482e-05
3906,0.0091666666666666667,0.005000000000000001,0,-1.8756655886463063e-05,-2.7570388365529544e-06,1.9011545049035017e-05
3907,0.010000000000000002,0.005000000000000001,0,-3.9640973417338171e-06,-9.9999050647179929e-07,1.6738575361882908e-05
3908,0.010833333333333334,0.005000000000000001,0,-2.2199991956801417e-06,-6.5793683561615133e-07,5.6272970018162161e-06
3909,0.011666666666666669,0.005000000000000001,0,-1.8832026237903871e-06,-1.2741659766343166e-06,-2.1173924469561822e-06
3910,0.012500000000000001,0.005000000000000001,0,-2.3945173986815099e-06,-1.4490690178461859e-06,-6.0689844078304859e-06
3911,0.013333333333333332,0.005000000000000001,0,-3.368108031519778e-06,-1.1238330899754376e-06,-6.4468660005396857e-06
3912,0.014166666666666671,0.005000000000000001,0,-3.934164733700516e-06,-6.25933865515119e-07,-3.6818370713548657e-06
3913,0.015000000000000003,0.005000000000000001,0,0,0,0
3914,0.015833333333333335,0.005000000000000001,0,0,0,0
3915,0.016666666666666666,0.005000000000000001,0,0,0,0
3916,0.017500000000000005,0.005000000000000001,0,0,0,0
3917,0.018333333333333337,0.005000000000000001,0,0,0,0
3918,0.019166666666666669,0.005000000000000001,0,0,0,0
3919,0.02,0.005000000000000001,0,0,0,0
3920,-0.02,0.0058333333333333362,0,0,0,0
3921,-0.019166666666666669,0.0058333333333333362,0,0,0,0
3922,-0.018333333333333333,0.0058333333333333362,0,0,0,0
3923,-0.017500000000000002,0.0058333333333333362,0,0,0,0
3924,-0.016666666666666666,0.0058333333333333362,0,0,0,0
3925,-0.015833333333333335,0.0058333333333333362,0,0,0,0
3926,-0.014999999999999999,0.0058333333333333362,0,0,0,0
3927,-0.014166666666666668,0.0058333333333333362,0,6.2904178897053427e-07,-4.9341309113822091e-07,-5.0970627543152842e-07
3928,-0.013333333333333332,0.0058333333333333362,0,4.4231630458850059e-07,-7.1144764223863491e-07,6.835119193829845e-07
3929,-0.012500000000000001,0.0058333333333333362,0,4.5399737889909935e-08,-7.5084195439940411e-07,3.2627254007184296e-06
3930,-0.011666666666666667,0.0058333333333333362,0,-1.7929785366689195e-07,-9.7545577454030971e-07,7.4001446352788804e-06
3931,-0.010833333333333334,0.0058333333333333362,0,-1.529197021054705e-07,-1.9832295982159395e-06,1.321683233458748e-05
3932,-0.01,0.0058333333333333362,0,7.3562814758293689e-07,-4.7634324994891059e-06,2.0420081055489748e-05
3933,-0.0091666666666666667,0.0058333333333333362,0,5.2914092661987895e-06,-1.0518482424926394e-05,2.5429252530730475e-05
3934,-0.0083333333333333332,0.0058333333333333362,0,1.6777895910402854e-05,-2.4668214859203581e-05,1.7340349258332782e-05
3935,-0.0074999999999999997,0.0058333333333333362,0,4.3319426522059028e-05,-5.3576928661240677e-05,3.9985368036808532e-06
3936,-0.0066666666666666662,0.0058333333333333362,0,7.8090211608129964e-05,-9.4790727839841422e-05,-6.48842707438328e-05
3937,-0.0058333333333333327,0.0058333333333333362,0,8.775084364272395e-05,-0.00013063600609340286,-0.00021088762474493752
3938,-0.0049999999999999992,0.0058333333333333362,0,9.5885128156571626e-05,-0.00018776563969288872,-0.00030811588686287971
3939,-0.0041666666666666657,0.0058333333333333362,0,8.8014797563359067e-05,-0.00024826619034470351,-0.00042811831167209109
3940,-0.003333333333333334,0.0058333333333333362,0,4.9278163068824785e-05,-0.00030038613851798054,-0.00065488899216278092
3941,-0.0024999999999999988,0.0058333333333333362,0,-3.2342907767738423e-05,-0.00030104865505797829,-0.00094249901850005605
3942,-0.001666666666666667,0.0058333333333333362,0,-0.00011234587071190317,-0.00024996575299502619,-0.001198266441276582
3943,-0.00083333333333333176,0.0058333333333333362,0,-0.00015188235716321219,-0.0002075165041069952,-0.0013570608858818902
3944,0,0.0058333333333333362,0,-0.0001684034627876318,-0.00017781988850158891,-0.001418649460811395
3945,0.00083333333333333523,0.0058333333333333362,0,-0.00017862247055399187,-0.00016214466730982553,-0.001381969957180196
3946,0.001666666666666667,0.0058333333333333362,0,-0.00019085158683455506,-0.00016645502204148713,-0.0012453449433621488
3947,0.0025000000000000022,0.0058333333333333362,0,-0.00020206863076186837,-0.00018935876151102084,-0.0010199638432286523
3948,0.003333333333333334,0.0058333333333333362,0,-0.00021198172325082989,-0.0002110129298645699,-0.00074484504930699788
3949,0.0041666666666666692,0.0058333333333333362,0,-0.00020646199302463806,-0.00020146818171567167,-0.00050142204352931889
3950,0.005000000000000001,0.0058333333333333362,0,-0.00018541718647276071,-0.00015675738552933647,-0.00030885599934872532
3951,0.0058333333333333362,0.0058333333333333362,0,-0.00013978081104229798,-0.00010057586675886679,-0.00017517589010830229
3952,0.006666666666666668,0.0058333333333333362,0,-9.773022147357139e-05,-5.759712908460469e-05,-8.3615068820311366e-05
3953,0.0074999999999999997,0.0058333333333333362,0,-6.4226250878614207e-05,-2.8995871585828561e-05,1.8248724533528736e-05
3954,0.008333333333333335,0.0058333333333333362,0,-3.0068175919789902e-05,-9.1981447128290619e-06,2.1595036237894422e-05
3955,0.0091666666666666667,0.0058333333333333362,0,-7.6224786998834479e-06,-2.7226758904322974e-06,2.2359431725659692e-05
3956,0.010000000000000002,0.0058333333333333362,0,-2.4248544005488689e-06,-9.1768155277643467e-07,1.4199711954784395e-05
3957,0.010833333333333334,0.0058333333333333362,0,-1.2616799783687578e-06,-8.4835938621723288e-07,4.5953674797685506e-06
3958,0.011666666666666669,0.0058333333333333362,0,-1.2229050418568098e-06,-1.3090205450702243e-06,-1.8894499627191871e-06
3959,0.012500000000000001,0.0058333333333333362,0,-1.9888365008786732e-06,-1.4156023824561129e-06,-5.0034101223032712e-06
3960,0.013333333333333332,0.0058333333333333362,0,-2.7894098692938366e-06,-1.1252893862551474e-06,-5.1917224891394652e-06
3961,0.014166666666666671,0.0058333333333333362,0,-3.1680168711020508e-06,-6.5048562930593985e-07,-2.9781582831889465e-06
3962,0.015000000000000003,0.0058333333333333362,0,0,0,0
3963,0.015833333333333335,0.0058333333333333362,0,0,0,0
3964,0.016666666666666666,0.0058333333333333362,0,0,0,0
3965,0.017500000000000005,0.0058333333333333362,0,0,0,0
3966,0.018333333333333337,0.0058333333333333362,0,0,0,0
3967,0.019166666666666669,0.0058333333333333362,0,0,0,0
3968,0.02,0.0058333333333333362,0,0,0,0
3969,-0.02,0.006666666666666668,0,0,0,0
3970,-0.019166666666666669,0.006666666666666668,0,0,0,0
3971,-0.018333333333333333,0.006666666666666668,0,0,0,0
3972,-0.017500000000000002,0.006666666666666668,0,0,0,0
3973,-0.016666666666666666,0.006666666666666668,0,0,0,0
3974,-0.015833333333333335,0.006666666666666668,0,0,0,0
3975,-0.014999999999999999,0.006666666666666668,0,0,0,0
3976,-0.014166666666666668,0.006666666666666668,0,4.5221826508937062e-07,-4.1495538170909732e-07,-3.6243480252769538e-07
3977,-0.013333333333333332,0.006666666666666668,0,2.5186257537838063e-07,-5.8449101277424686e-07,7.1379883442912717e-07
3978,-0.012500000000000001,0.006666666666666668,0,-8.2959442469594984e-08,-5.3031533187097037e-07,2.972239386606393e-06
3979,-0.011666666666666667,0.006666666666666668,0,-3.6042673174777599e-07,-5.3555144332285364e-07,6.5061420933084339e-06
3980,-0.010833333333333334,0.006666666666666668,0,-5.2500674547680084e-07,-9.9964918349960855e-07,1.1368026636309352e-05
3981,-0.01,0.006666666666666668,0,-4.3425556718935574e-07,-2.5120870573491732e-06,1.7661793743008277e-05
3982,-0.0091666666666666667,0.006666666666666668,0,1.165673208813643e-06,-6.1328838282336324e-06,2.4249098583424767e-05
3983,-0.0083333333333333332,0.006666666666666668,0,5.8457557258041132e-06,-1.3297992344626588e-05,2.6436264426494734e-05
3984,-0.0074999999999999997,0.006666666666666668,0,1.738911080999158e-05,-3.0614315673851881e-05,2.4543377404274575e-05
3985,-0.0066666666666666662,0.006666666666666668,0,3.9463303972231925e-05,-6.1886632431813458e-05,-6.6648091956651662e-07
3986,-0.0058333333333333327,0.006666666666666668,0,6.0133923105529639e-05,-0.00010609575729930072,-5.675254495937474e-05
3987,-0.0049999999999999992,0.006666666666666668,0,6.3096423089296203e-05,-0.00013681049694492958,-0.00018379324540823125
3988,-0.0041666666666666657,0.006666666666666668,0,6.4780217427357016e-05,-0.00017851924231203388,-0.00026393357615583435
3989,-0.003333333333333334,0.006666666666666668,0,5.5067960340661926e-05,-0.00023611597157807923,-0.00034438372659685535
3990,-0.0024999999999999988,0.006666666666666668,0,2.5402500270092562e-05,-0.00027309769950100072,-0.0004504734967597257
3991,-0.001666666666666667,0.006666666666666668,0,-1.3185780822662449e-05,-0.00029451522912920944,-0.00056562291669644044
3992,-0.00083333333333333176,0.006666666666666668,0,-5.7499152746984799e-05,-0.00030291330189121188,-0.00066094618797961086
3993,0,0.006666666666666668,0,-9.8955345237196514e-05,-0.00029912010623959383,-0.00070801065186925141
3994,0.00083333333333333523,0.006666666666666668,0,-0.00013544024459984457,-0.00028473231960072625,-0.00069313958076151966
3995,0.001666666666666667,0.006666666666666668,0,-0.00015302498765085417,-0.00026154306222415144,-0.00061887306622447386
3996,0.0025000000000000022,0.006666666666666668,0,-0.00015817275562601284,-0.00023490318636620137,-0.00050607113827081252
3997,0.003333333333333334,0.006666666666666668,0,-0.00016019170057518999,-0.000204378306936304,-0.00038654060003285033
3998,0.0041666666666666692,0.006666666666666668,0,-0.00014661266944678442,-0.00016137344223873584,-0.00025541767454045737
3999,0.005000000000000001,0.006666666666666668,0,-0.0001174571461381106,-0.00011191038969026238,-0.00016292232774846267
4000,0.0058333333333333362,0.006666666666666668,0,-8.9718241028224449e-05,-7.241089714392754e-05,-8.9997082408653929e-05
4001,0.006666666666666668,0.006666666666666668,0,-6.4954273443494954e-05,-4.3293871738741733e-05,1.0634706238893864e-05
4002,0.0074999999999999997,0.006666666666666668,0,-3.5793782009581325e-05,-1.6772233391492173e-05,2.1686308536990409e-05
4003,0.008333333333333335,0.006666666666666668,0,-1.3041778627308988e-05,-5.5307964392010737e-06,2.3302204973714744e-05
4004,0.0091666666666666667,0.006666666666666668,0,-3.5345870321278435e-06,-1.6651132818263395e-06,2.0799968799064865e-05
4005,0.010000000000000002,0.006666666666666668,0,-1.3538394936552038e-06,-5.9849972343525139e-07,1.1539682773006047e-05
4006,0.010833333333333334,0.006666666666666668,0,-5.5036773841084764e-07,-9.0132484751651104e-07,3.510976095038394e-06
4007,0.011666666666666669,0.006666666666666668,0,-7.7067418932836212e-07,-1.1590118965655285e-06,-1.6545263932376738e-06
4008,0.012500000000000001,0.006666666666666668,0,-1.6177550887045988e-06,-1.279359397896614e-06,-3.9808359342978381e-06
4009,0.013333333333333332,0.006666666666666668,0,-2.2245903370160778e-06,-1.0614645720520425e-06,-4.0029541938011718e-06
4010,0.014166666666666671,0.006666666666666668,0,-2.4444114791739031e-06,-6.2760379944764182e-07,-2.311337524429131e-06
4011,0.015000000000000003,0.006666666666666668,0,0,0,0
4012,0.015833333333333335,0.006666666666666668,0,0,0,0
4013,0.016666666666666666,0.006666666666666668,0,0,0,0
4014,0.017500000000000005,0.006666666666666668,0,0,0,0
4015,0.018333333333333337,0.006666666666666668,0,0,0,0
4016,0.019166666666666669,0.006666666666666668,0,0,0,0
4017,0.02,0.006666666666666668,0,0,0,0
4018,-0.02,0.0074999999999999997,0,0,0,0
4019,-0.019166666666666669,0.0074999999999999997,0,0,0,0
4020,-0.018333333333333333,0.0074999999999999997,0,0,0,0
4021,-0.017500000000000002,0.0074999999999999997,0,0,0,0
4022,-0.016666666666666666,0.0074999999999999997,0,0,0,0
4023,-0.015833333333333335,0.0074999999999999997,0,0,0,0
4024,-0.014999999999999999,0.0074999999999999997,0,0,0,0
4025,-0.014166666666666668,0.0074999999999999997,0,3.2395972530771956e-07,-3.5307153752563454e-07,-2.7427309080079841e-07
4026,-0.013333333333333332,0.0074999999999999997,0,1.458877668696502e-07,-4.7309763272248242e-07,6.2193479556048672e-07
4027,-0.012500000000000001,0.0074999999999999997,0,-1.1623860717929894e-07,-3.7009024816034514e-07,2.4117362239748222e-06
4028,-0.011666666666666667,0.0074999999999999997,0,-4.1213434585711143e-07,-1.8483206583267735e-07,5.3181704681477016e-06
4029,-0.010833333333333334,0.0074999999999999997,0,-6.167592529391201e-07,-2.4561770609461505e-07,9.2483518731908023e-06
4030,-0.01,0.0074999999999999997,0,-7.7289523746665938e-07,-8.5141427260061085e-07,1.4376283178186381e-05
4031,-0.0091666666666666667,0.0074999999999999997,0,-6.0802481891211469e-07,-2.6223610196139644e-06,2.0490022987497558e-05
4032,-0.0083333333333333332,0.0074999999999999997,0,9.5505200209082049e-07,-6.4334714049310759e-06,2.6309380737586713e-05
4033,-0.0074999999999999997,0.0074999999999999997,0,5.57264050451626e-06,-1.4427450975499612e-05,2.6125477838076339e-05
4034,-0.0066666666666666662,0.0074999999999999997,0,1.586144025829464e-05,-3.1458381580642147e-05,2.3556242918438314e-05
4035,-0.0058333333333333327,0.0074999999999999997,0,2.6945357849832503e-05,-6.6089713454603973e-05,4.9322306205582494e-06
4036,-0.0049999999999999992,0.0074999999999999997,0,4.0837063217176383e-05,-9.9113123833942122e-05,-3.4630366504504933e-05
4037,-0.0041666666666666657,0.0074999999999999997,0,4.0607710795231883e-05,-0.00012808905956572289,-0.00012293769824875983
4038,-0.003333333333333334,0.0074999999999999997,0,3.4334240265745681e-05,-0.00015472502223746044,-0.00020038228021443467
4039,-0.0024999999999999988,0.0074999999999999997,0,2.441311359111267e-05,-0.00018673990280419547,-0.00024655067889467805
4040,-0.001666666666666667,0.0074999999999999997,0,6.0627192606378077e-06,-0.00021117152599756025,-0.00028989494156148938
4041,-0.00083333333333333176,0.0074999999999999997,0,-2.2450704980615023e-05,-0.00022671607980421403,-0.00033756115768047578
4042,0,0.0074999999999999997,0,-5.1796295906451425e-05,-0.00023036228125240392,-0.00035563059700776252
4043,0.00083333333333333523,0.0074999999999999997,0,-7.8463325807073863e-05,-0.00022586133095841058,-0.00034186304186845047
4044,0.001666666666666667,0.0074999999999999997,0,-9.6526164957493551e-05,-0.00020579120054153619,-0.00030008641446127262
4045,0.0025000000000000022,0.0074999999999999997,0,-0.00010260253472960789,-0.00017699768058158203,-0.00024110851775444961
4046,0.003333333333333334,0.0074999999999999997,0,-9.8837387888381072e-05,-0.00014330668390130416,-0.00018634545322879212
4047,0.0041666666666666692,0.0074999999999999997,0,-8.5886007085233629e-05,-0.00010700077280087872,-0.00013806369137732495
4048,0.005000000000000001,0.0074999999999999997,0,-7.3606374144290622e-05,-7.8448276068184187e-05,-5.3896615234771508e-05
4049,0.0058333333333333362,0.0074999999999999997,0,-5.907129918414859e-05,-4.9223580743687737e-05,2.1581015069298469e-05
4050,0.006666666666666668,0.0074999999999999997,0,-3.528461162159292e-05,-2.0830561526319866e-05,2.4184589308758043e-05
4051,0.0074999999999999997,0.0074999999999999997,0,-1.4910052322720673e-05,-7.8232171390133428e-06,2.2794278740095867e-05
4052,0.008333333333333335,0.0074999999999999997,0,-5.3726635257809067e-06,-2.5632906890583259e-06,2.366998573891399e-05
4053,0.0091666666666666667,0.0074999999999999997,0,-1.9462885036439638e-06,-7.3393592142346951e-07,1.6790574847597183e-05
4054,0.010000000000000002,0.0074999999999999997,0,-4.2710074542419983e-07,-4.2827587451439277e-07,8.6490488239363181e-06
4055,0.010833333333333334,0.0074999999999999997,0,-7.2417112500361554e-08,-7.5844344832464567e-07,2.3725163297085752e-06
4056,0.011666666666666669,0.0074999999999999997,0,-5.6583518998798538e-07,-9.7923767462531948e-07,-1.4707744407980946e-06
4057,0.012500000000000001,0.0074999999999999997,0,-1.266165344482079e-06,-1.0931479348995447e-06,-3.0809409687006631e-06
4058,0.013333333333333332,0.0074999999999999997,0,-1.7143199682336558e-06,-9.3357793796736378e-07,-2.9557288069952358e-06
4059,0.014166666666666671,0.0074999999999999997,0,-1.787919281765137e-06,-5.6176329822665217e-07,-1.7079206657932558e-06
4060,0.015000000000000003,0.0074999999999999997,0,0,0,0
4061,0.015833333333333335,0.0074999999999999997,0,0,0,0
4062,0.016666666666666666,0.0074999999999999997,0,0,0,0
4063,0.017500000000000005,0.0074999999999999997,0,0,0,0
4064,0.018333333333333337,0.0074999999999999997,0,0,0,0
4065,0.019166666666666669,0.0074999999999999997,0,0,0,0
4066,0.02,0.0074999999999999997,0,0,0,0
4067,-0.02,0.008333333333333335,0,0,0,0
4068,-0.019166666666666669,0.008333333333333335,0,0,0,0
4069,-0.018333333333333333,0.008333333333333335,0,0,0,0
4070,-0.017500000000000002,0.008333333333333335,0,0,0,0
4071,-0.016666666666666666,0.008333333333333335,0,0,0,0
4072,-0.015833333333333335,0.008333333333333335,0,0,0,0
4073,-0.014999999999999999,0.008333333333333335,0,0,0,0
4074,-0.014166666666666668,0.008333333333333335,0,1.7815793059349982e-07,-2.7980119625329806e-07,-2.0047306859588665e-07
4075,-0.013333333333333332,0.008333333333333335,0,9.9232555616393684e-08,-3.8653341279310765e-07,4.9033840562858375e-07
4076,-0.012500000000000001,0.008333333333333335,0,-8.216906988263787e-08,-2.8203413771014111e-07,1.782373679797451e-06
4077,-0.011666666666666667,0.008333333333333335,0,-3.0586690933090881e-07,-3.769696335751987e-08,3.9482008332485903e-06
4078,-0.010833333333333334,0.008333333333333335,0,-5.069314569482926e-07,2.0403474106568359e-07,6.9768366605554311e-06
4079,-0.01,0.008333333333333335,0,-6.2307587001699449e-07,1.3940719254045229e-07,1.0810653228983652e-05
4080,-0.0091666666666666667,0.008333333333333335,0,-6.6822531320565191e-07,-5.0271631331600264e-07,1.5531903895049349e-05
4081,-0.0083333333333333332,0.008333333333333335,0,-5.0661767572179034e-07,-2.2060051892045743e-06,2.0821556038173641e-05
4082,-0.0074999999999999997,0.008333333333333335,0,9.8414869135526949e-07,-5.7916972194040603e-06,2.545752250896066e-05
4083,-0.0066666666666666662,0.008333333333333335,0,4.5178683237582816e-06,-1.2536849297428242e-05,2.4447545815988738e-05
4084,-0.0058333333333333327,0.008333333333333335,0,7.4489434551564459e-06,-2.8326189574154327e-05,1.8208462235184884e-05
4085,-0.0049999999999999992,0.008333333333333335,0,1.394150242780354e-05,-5.3673032196930159e-05,1.7145643131273561e-05
4086,-0.0041666666666666657,0.008333333333333335,0,1.9215994325238846e-05,-8.1904426018470372e-05,-5.2155017391709456e-06
4087,-0.003333333333333334,0.008333333333333335,0,2.1604957213129241e-05,-0.00011070751782519395,-4.0597250131493498e-05
4088,-0.0024999999999999988,0.008333333333333335,0,1.7001521928678562e-05,-0.00013288743193742657,-9.8360120040644593e-05
4089,-0.001666666666666667,0.008333333333333335,0,5.2464166558331749e-06,-0.00014803851094131952,-0.00014301109773047477
4090,-0.00083333333333333176,0.008333333333333335,0,-1.2527944151934276e-05,-0.00015460481174030879,-0.00016973207068330409
4091,0,0.008333333333333335,0,-2.9841631515540295e-05,-0.00015776456522448721,-0.00017454769777208818
4092,0.00083333333333333523,0.008333333333333335,0,-4.373937860168508e-05,-0.00015424761581865227,-0.00016252461153457435
4093,0.001666666666666667,0.008333333333333335,0,-5.0925711553765105e-05,-0.00014033525285826184,-0.00014596387204578203
4094,0.0025000000000000022,0.008333333333333335,0,-5.8071116125538601e-05,-0.00011931802618976308,-0.00011822946247188207
4095,0.003333333333333334,0.008333333333333335,0,-6.1299782131354024e-05,-9.4905653791917591e-05,-6.6077296540415417e-05
4096,0.0041666666666666692,0.008333333333333335,0,-5.487728752883687e-05,-6.917945492882593e-05,-8.3576170379198161e-06
4097,0.005000000000000001,0.008333333333333335,0,-4.2079612933066655e-05,-4.2210713228842771e-05,2.2183905406156499e-05
4098,0.0058333333333333362,0.008333333333333335,0,-2.7501018509015816e-05,-2.056390707260858e-05,2.1801933875426328e-05
4099,0.006666666666666668,0.008333333333333335,0,-1.3886201516097634e-05,-7.8549648722005052e-06,2.2257820011950663e-05
4100,0.0074999999999999997,0.008333333333333335,0,-5.8238311456078544e-06,-3.0299968505903523e-06,2.3992946141524441e-05
4101,0.008333333333333335,0.008333333333333335,0,-2.8722694794591481e-06,-9.2583760748787979e-07,1.8838370000028037e-05
4102,0.0091666666666666667,0.008333333333333335,0,-8.624914921161107e-07,-2.0494012369205345e-07,1.2059686203628575e-05
4103,0.010000000000000002,0.008333333333333335,0,1.3243888978852005e-07,-3.5942218710573265e-07,5.7852896645831442e-06
4104,0.010833333333333334,0.008333333333333335,0,8.9146370698484202e-08,-5.5171995832502224e-07,1.2962409061669042e-06
4105,0.011666666666666669,0.008333333333333335,0,-5.0403345673657984e-07,-8.1798992626936858e-07,-1.3262823604302653e-06
4106,0.012500000000000001,0.008333333333333335,0,-1.0024959058872818e-06,-8.9477140424837412e-07,-2.3588566033684443e-06
4107,0.013333333333333332,0.008333333333333335,0,-1.2698888865564319e-06,-7.690868667567372e-07,-2.1233462077358527e-06
4108,0.014166666666666671,0.008333333333333335,0,-1.2330790842289147e-06,-4.741068143499724e-07,-1.1861527651630217e-06
4109,0.015000000000000003,0.008333333333333335,0,0,0,0
4110,0.015833333333333335,0.008333333333333335,0,0,0,0
4111,0.016666666666666666,0.008333333333333335,0,0,0,0
4112,0.017500000000000005,0.008333333333333335,0,0,0,0
4113,0.018333333333333337,0.008333333333333335,0,0,0,0
4114,0.019166666666666669,0.008333333333333335,0,0,0,0
4115,0.02,0.008333333333333335,0,0,0,0
4116,-0.02,0.0091666666666666667,0,0,0,0
4117,-0.019166666666666669,0.0091666666666666667,0,0,0,0
4118,-0.018333333333333333,0.0091666666666666667,0,0,0,0
4119,-0.017500000000000002,0.0091666666666666667,0,0,0,0
4120,-0.016666666666666666,0.0091666666666666667,0,0,0,0
4121,-0.015833333333333335,0.0091666666666666667,0,0,0,0
4122,-0.014999999999999999,0.0091666666666666667,0,0,0,0
4123,-0.014166666666666668,0.0091666666666666667,0,8.8449539904852869e-08,-2.1807105169125138e-07,-1.2942740722185813e-07
4124,-0.013333333333333332,0.0091666666666666667,0,7.2629907275717869e-08,-3.0995557466135289e-07,3.2428632861719571e-07
4125,-0.012500000000000001,0.0091666666666666667,0,-2.2797565405625404e-08,-2.3968001257465005e-07,1.2057041686514476e-06
4126,-0.011666666666666667,0.0091666666666666667,0,-1.3317609932698311e-07,-2.9682863793456821e-08,2.6590651455380584e-06
4127,-0.010833333333333334,0.0091666666666666667,0,-2.7453398419951682e-07,2.7899894544391836e-07,4.7542868093401518e-06
4128,-0.01,0.0091666666666666667,0,-3.3296655683025619e-07,5.3740192749508275e-07,7.4199798774838361e-06
4129,-0.0091666666666666667,0.0091666666666666667,0,-3.0276017072892095e-07,4.7134290566939504e-07,1.0576609855369153e-05
4130,-0.0083333333333333332,0.0091666666666666667,0,-2.9180860721004389e-07,-1.4131707068046271e-07,1.4232428738710973e-05
4131,-0.0074999999999999997,0.0091666666666666667,0,-2.2519926749156238e-07,-1.6419456328760208e-06,1.8034344071985761e-05
4132,-0.0066666666666666662,0.0091666666666666667,0,4.937729815093752e-07,-4.3870645904357455e-06,2.1115677857326287e-05
4133,-0.0058333333333333327,0.0091666666666666667,0,9.8649517859096735e-07,-8.9258416841746855e-06,2.2850329564524779e-05
4134,-0.0049999999999999992,0.0091666666666666667,0,2.0105295953478243e-06,-1.7255288074562265e-05,1.9288841648376809e-05
4135,-0.0041666666666666657,0.0091666666666666667,0,2.2991832630901331e-06,-3.1407491178216087e-05,2.2142988574500274e-05
4136,-0.003333333333333334,0.0091666666666666667,0,4.9269832983251122e-06,-5.1938268918203552e-05,1.8042903757516775e-05
4137,-0.0024999999999999988,0.0091666666666666667,0,3.9613022408593329e-06,-7.4250573306160563e-05,6.664716861623445e-06
4138,-0.001666666666666667,0.0091666666666666667,0,-2.2749910451297225e-06,-9.0205783962670573e-05,-1.5178765674430084e-05
4139,-0.00083333333333333176,0.0091666666666666667,0,-1.1121357939496853e-05,-9.787713158571937e-05,-2.2397267596872222e-05
4140,0,0.0091666666666666667,0,-1.9265756071503388e-05,-0.00010072363896442535,-2.4698264090237898e-05
4141,0.00083333333333333523,0.0091666666666666667,0,-2.5751695680833376e-05,-9.7227014244869792e-05,-2.3471293072532764e-05
4142,0.001666666666666667,0.0091666666666666667,0,-3.0236813797057458e-05,-8.7498249943242516e-05,-1.4080364322677342e-05
4143,0.0025000000000000022,0.0091666666666666667,0,-3.4718381492342262e-05,-7.0554396498660621e-05,5.2749779031953532e-06
4144,0.003333333333333334,0.0091666666666666667,0,-3.4351083507500662e-05,-4.6028967363949036e-05,1.9283371499340068e-05
4145,0.0041666666666666692,0.0091666666666666667,0,-2.5864460334809861e-05,-2.4888555924024716e-05,2.0152131251593483e-05
4146,0.005000000000000001,0.0091666666666666667,0,-1.6775773398451477e-05,-1.2764198491496475e-05,1.743148329805618e-05
4147,0.0058333333333333362,0.0091666666666666667,0,-1.1068215958206006e-05,-6.1220257274146352e-06,2.1388211582544717e-05
4148,0.006666666666666668,0.0091666666666666667,0,-6.0440496094388172e-06,-2.8452913487745829e-06,2.0966201421326729e-05
4149,0.0074999999999999997,0.0091666666666666667,0,-3.4454151098501447e-06,-1.0473027494559189e-06,1.7714628876499141e-05
4150,0.008333333333333335,0.0091666666666666667,0,-1.5829774567430858e-06,-2.1156155506352956e-07,1.2729963965049066e-05
4151,0.0091666666666666667,0.0091666666666666667,0,-2.0322747083724123e-07,-1.1565105160592688e-07,7.5978836269857509e-06
4152,0.010000000000000002,0.0091666666666666667,0,2.5790383764002968e-07,-2.2652043972099804e-07,3.3143757777008872e-06
4153,0.010833333333333334,0.0091666666666666667,0,-5.2531914642432419e-08,-4.5703587235390008e-07,3.781057537107843e-07
4154,0.011666666666666669,0.0091666666666666667,0,-5.1426926325952061e-07,-6.6826485540128304e-07,-1.2851532662747526e-06
4155,0.012500000000000001,0.0091666666666666667,0,-8.2017269283479527e-07,-7.2471327946122142e-07,-1.8165173091258376e-06
4156,0.013333333333333332,0.0091666666666666667,0,-9.3510263065498015e-07,-6.1592781147932471e-07,-1.4801861909383127e-06
4157,0.014166666666666671,0.0091666666666666667,0,-7.9228170361910383e-07,-3.8510515872030109e-07,-7.7891413392884319e-07
4158,0.015000000000000003,0.0091666666666666667,0,0,0,0
4159,0.015833333333333335,0.0091666666666666667,0,0,0,0
4160,0.016666666666666666,0.0091666666666666667,0,0,0,0
4161,0.017500000000000005,0.0091666666666666667,0,0,0,0
4162,0.018333333333333337,0.0091666666666666667,0,0,0,0
4163,0.019166666666666669,0.0091666666666666667,0,0,0,0
4164,0.02,0.0091666666666666667,0,0,0,0
4165,-0.02,0.010000000000000002,0,0,0,0
4166,-0.019166666666666669,0.010000000000000002,0,0,0,0
4167,-0.018333333333333333,0.010000000000000002,0,0,0,0
4168,-0.017500000000000002,0.010000000000000002,0,0,0,0
4169,-0.016666666666666666,0.010000000000000002,0,0,0,0
4170,-0.015833333333333335,0.010000000000000002,0,0,0,0
4171,-0.014999999999999999,0.010000000000000002,0,0,0,0
4172,-0.014166666666666668,0.010000000000000002,0,8.6315540367227696e-08,-1.7272127372465618e-07,-1.0573482214503117e-07
4173,-0.013333333333333332,0.010000000000000002,0,8.509735417952478e-08,-2.576854110770593e-07,1.4232611003306594e-07
4174,-0.012500000000000001,0.010000000000000002,0,3.5175479695132172e-08,-2.1200998767214334e-07,6.9315577462157296e-07
4175,-0.011666666666666667,0.010000000000000002,0,1.5892189260205525e-08,-7.4053429984272801e-08,1.6085549921141404e-06
4176,-0.010833333333333334,0.010000000000000002,0,1.2178237259794255e-08,1.5823760239814649e-07,2.8570337202378026e-06
4177,-0.01,0.010000000000000002,0,-6.7494296376723638e-09,4.4600971813914463e-07,4.4891137009321132e-06
4178,-0.0091666666666666667,0.010000000000000002,0,5.4718030067033112e-08,6.4803605957275809e-07,6.3698311754674899e-06
4179,-0.0083333333333333332,0.010000000000000002,0,1.9017498498009898e-07,5.4857707189398363e-07,8.3975290583451505e-06
4180,-0.0074999999999999997,0.010000000000000002,0,2.6484109431864128e-07,8.0762649453287621e-09,1.0592252196844464e-05
4181,-0.0066666666666666662,0.010000000000000002,0,1.8844926236742332e-07,-1.0298023152058327e-06,1.2667256030584387e-05
4182,-0.0058333333333333327,0.010000000000000002,0,-4.9634616986953e-08,-2.9148214610885673e-06,1.4678386475987436e-05
4183,-0.0049999999999999992,0.010000000000000002,0,7.5364362236499343e-08,-4.8421154392613295e-06,1.6371870965398913e-05
4184,-0.0041666666666666657,0.010000000000000002,0,6.3207817428452776e-07,-8.2866982436921795e-06,1.628139687613874e-05
4185,-0.003333333333333334,0.010000000000000002,0,5.9438139128650691e-07,-1.3942526005253497e-05,1.3602992501517552e-05
4186,-0.0024999999999999988,0.010000000000000002,0,-4.2334001163671947e-06,-2.1831904942058248e-05,1.1671900475782666e-05
4187,-0.001666666666666667,0.010000000000000002,0,-9.3882945502609915e-06,-2.8240483014722363e-05,1.5970704996022912e-05
4188,-0.00083333333333333176,0.010000000000000002,0,-1.2956459996473918e-05,-3.298072308063998e-05,2.6330045517755438e-05
4189,0,0.010000000000000002,0,-1.4447839589741713e-05,-3.5535774679133028e-05,2.6223619186717296e-05
4190,0.00083333333333333523,0.010000000000000002,0,-1.4570895655762307e-05,-3.3612437860871587e-05,2.8401021786878106e-05
4191,0.001666666666666667,0.010000000000000002,0,-1.3199373385201184e-05,-2.9011978480737496e-05,2.022898573620255e-05
4192,0.0025000000000000022,0.010000000000000002,0,-1.4298813966907606e-05,-2.2261868883970787e-05,1.2520929381010085e-05
4193,0.003333333333333334,0.010000000000000002,0,-1.46358184147359e-05,-1.3277451443535102e-05,1.1987125536792566e-05
4194,0.0041666666666666692,0.010000000000000002,0,-1.092693412092642e-05,-7.0451995751253335e-06,1.5333058445687231e-05
4195,0.005000000000000001,0.010000000000000002,0,-6.9956995767007139e-06,-4.3569861199575726e-06,1.6489464177348455e-05
4196,0.0058333333333333362,0.010000000000000002,0,-5.4878204834356749e-06,-2.7383443294063749e-06,1.5343481578090436e-05
4197,0.006666666666666668,0.010000000000000002,0,-3.7254800323184634e-06,-1.2160559938631243e-06,1.3567568064961833e-05
4198,0.0074999999999999997,0.010000000000000002,0,-2.0581490435536016e-06,-4.3216547090317309e-07,1.0661300741921416e-05
4199,0.008333333333333335,0.010000000000000002,0,-7.5725518011782671e-07,-1.3720900990495457e-07,7.2163420273903119e-06
4200,0.0091666666666666667,0.010000000000000002,0,-3.9784859918553021e-09,-1.1715244781184397e-07,3.9696994579685105e-06
4201,0.010000000000000002,0.010000000000000002,0,1.1093442541588285e-08,-2.1551012937633686e-07,1.3801094929633844e-06
4202,0.010833333333333334,0.010000000000000002,0,-2.9845663853129392e-07,-4.365295079585719e-07,-3.9003775155003616e-07
4203,0.011666666666666669,0.010000000000000002,0,-5.5973932891081723e-07,-5.699781829339597e-07,-1.2670476048002619e-06
4204,0.012500000000000001,0.010000000000000002,0,-7.0225658043766253e-07,-5.9711797029639254e-07,-1.3708368949835764e-06
4205,0.013333333333333332,0.010000000000000002,0,-6.8000369821962857e-07,-4.8935437924947092e-07,-9.933387444520361e-07
4206,0.014166666666666671,0.010000000000000002,0,-4.8346541072093738e-07,-2.9215877583376803e-07,-4.7437445875889605e-07
4207,0.015000000000000003,0.010000000000000002,0,0,0,0
4208,0.015833333333333335,0.010000000000000002,0,0,0,0
4209,0.016666666666666666,0.010000000000000002,0,0,0,0
4210,0.017500000000000005,0.010000000000000002,0,0,0,0
4211,0.018333333333333337,0.010000000000000002,0,0,0,0
4212,0.019166666666666669,0.010000000000000002,0,0,0,0
4213,0.02,0.010000000000000002,0,0,0,0
4214,-0.02,0.010833333333333334,0,0,0,0
4215,-0.019166666666666669,0.010833333333333334,0,0,0,0
4216,-0.018333333333333333,0.010833333333333334,0,0,0,0
4217,-0.017500000000000002,0.010833333333333334,0,0,0,0
4218,-0.016666666666666666,0.010833333333333334,0,0,0,0
4219,-0.015833333333333335,0.010833333333333334,0,0,0,0
4220,-0.014999999999999999,0.010833333333333334,0,0,0,0
4221,-0.014166666666666668,0.010833333333333334,0,9.9161247624179617e-08,-1.4938541959887487e-07,-1.1738958570937191e-07
4222,-0.013333333333333332,0.010833333333333334,0,1.2948516883083143e-07,-2.2519637155469644e-07,-2.1194085599673232e-08
4223,-0.012500000000000001,0.010833333333333334,0,1.2592116575307846e-07,-2.1168491326509284e-07,2.7232373204488044e-07
4224,-0.011666666666666667,0.010833333333333334,0,1.3448730974818287e-07,-1.2181906274953474e-07,7.9566844960194679e-07
4225,-0.010833333333333334,0.010833333333333334,0,1.9682501393665442e-07,1.3018453189546088e-08,1.4689419374556777e-06
4226,-0.01,0.010833333333333334,0,3.099433239972199e-07,1.5527140318316317e-07,2.2396120556157264e-06
4227,-0.0091666666666666667,0.010833333333333334,0,4.1969082251431664e-07,3.1971863964108276e-07,3.1322014535982983e-06
4228,-0.0083333333333333332,0.010833333333333334,0,5.7036851784829017e-07,4.1810766508959584e-07,4.0063413329446693e-06
4229,-0.0074999999999999997,0.010833333333333334,0,7.8022272458340412e-07,2.2349999127116071e-07,4.7636190913975553e-06
4230,-0.0066666666666666662,0.010833333333333334,0,9.5564602873449435e-07,-3.1220660470901489e-07,5.418833413500276e-06
4231,-0.0058333333333333327,0.010833333333333334,0,9.3244891295452676e-07,-1.2495346678562427e-06,5.8992342980425608e-06
4232,-0.0049999999999999992,0.010833333333333334,0,6.461765030907356e-07,-2.7730806137574665e-06,6.0358359510425426e-06
4233,-0.0041666666666666657,0.010833333333333334,0,2.2972960514981851e-07,-4.6505015265539295e-06,5.7651270463013821e-06
4234,-0.003333333333333334,0.010833333333333334,0,-4.1685040444635758e-07,-6.5154330117821391e-06,5.1132899357272255e-06
4235,-0.0024999999999999988,0.010833333333333334,0,-3.101825644466104e-06,-8.8239407757386954e-06,6.1639509473960318e-06
4236,-0.001666666666666667,0.010833333333333334,0,-5.258778693015455e-06,-8.6795634178084434e-06,8.5364701506243148e-06
4237,-0.00083333333333333176,0.010833333333333334,0,-6.0917527667268938e-06,-9.1565193503497793e-06,1.0924470228619874e-05
4238,0,0.010833333333333334,0,-6.7073906450503046e-06,-9.1117167156867058e-06,1.2263396028581412e-05
4239,0.00083333333333333523,0.010833333333333334,0,-6.8836304332565436e-06,-8.6162900096777649e-06,1.2033370309958406e-05
4240,0.001666666666666667,0.010833333333333334,0,-5.751498807431124e-06,-7.6664489540465643e-06,1.0706188945293057e-05
4241,0.0025000000000000022,0.010833333333333334,0,-5.6697246138384139e-06,-7.5710087925255176e-06,8.5036316578258827e-06
4242,0.003333333333333334,0.010833333333333334,0,-6.1905094556439716e-06,-5.7379847372406022e-06,7.986106348982251e-06
4243,0.0041666666666666692,0.010833333333333334,0,-5.5339854004433517e-06,-3.8731351776075219e-06,8.2896894972651195e-06
4244,0.005000000000000001,0.010833333333333334,0,-4.4751848268729714e-06,-2.4952850842129256e-06,8.3233671454489964e-06
4245,0.0058333333333333362,0.010833333333333334,0,-3.516218829815156e-06,-1.5907510114674478e-06,7.6393391741555812e-06
4246,0.006666666666666668,0.010833333333333334,0,-2.2608175234239622e-06,-8.6507161536288738e-07,6.5474862901374104e-06
4247,0.0074999999999999997,0.010833333333333334,0,-1.2179986929929703e-06,-4.629768645112155e-07,4.8912385941576209e-06
4248,0.008333333333333335,0.010833333333333334,0,-4.9313415229454469e-07,-2.5867330031740557e-07,3.0466042391734491e-06
4249,0.0091666666666666667,0.010833333333333334,0,-2.713553177948451e-07,-2.2798243229543285e-07,1.3403531071090648e-06
4250,0.010000000000000002,0.010833333333333334,0,-3.6512703879825983e-07,-3.3992761206084886e-07,-5.0275487012264347e-08
4251,0.010833333333333334,0.010833333333333334,0,-5.1694227337110346e-07,-4.6170157330791532e-07,-9.0223224169755787e-07
4252,0.011666666666666669,0.010833333333333334,0,-6.1764001741529964e-07,-5.2353995778570834e-07,-1.1525893944568778e-06
4253,0.012500000000000001,0.010833333333333334,0,-6.0344618353717616e-07,-4.8982223418684777e-07,-1.0282179574437248e-06
4254,0.013333333333333332,0.010833333333333334,0,-5.1708316767852159e-07,-3.8830445089764041e-07,-6.802075483973724e-07
4255,0.014166666666666671,0.010833333333333334,0,-3.3116074929551066e-07,-2.2402581041390302e-07,-2.9665708757862592e-07
4256,0.015000000000000003,0.010833333333333334,0,0,0,0
4257,0.015833333333333335,0.010833333333333334,0,0,0,0
4258,0.016666666666666666,0.010833333333333334,0,0,0,0
4259,0.017500000000000005,0.010833333333333334,0,0,0,0
4260,0.018333333333333337,0.010833333333333334,0,0,0,0
4261,0.019166666666666669,0.010833333333333334,0,0,0,0
4262,0.02,0.010833333333333334,0,0,0,0
4263,-0.02,0.011666666666666669,0,0,0,0
4264,-0.019166666666666669,0.011666666666666669,0,0,0,0
4265,-0.018333333333333333,0.011666666666666669,0,0,0,0
4266,-0.017500000000000002,0.011666666666666669,0,0,0,0
4267,-0.016666666666666666,0.011666666666666669,0,0,0,0
4268,-0.015833333333333335,0.011666666666666669,0,0,0,0
4269,-0.014999999999999999,0.011666666666666669,0,0,0,0
4270,-0.014166666666666668,0.011666666666666669,0,1.3168743230512568e-07,-1.4242452148144047e-07,-1.2793047925742668e-07
4271,-0.013333333333333332,0.011666666666666669,0,1.8604101436207322e-07,-2.1952464795123769e-07,-1.3269732018885035e-07
4272,-0.012500000000000001,0.011666666666666669,0,1.9485156313761239e-07,-2.1810092390602497e-07,-2.3697688031684473e-08
4273,-0.011666666666666667,0.011666666666666669,0,2.2794270421777164e-07,-1.7244420317963488e-07,2.2524690824290357e-07
4274,-0.010833333333333334,0.011666666666666669,0,3.0454172279329453e-07,-1.0415824071635626e-07,5.43824468476592e-07
4275,-0.01,0.011666666666666669,0,4.5316385412206668e-07,-7.6794978652457998e-08,8.1530242246808729e-07
4276,-0.0091666666666666667,0.011666666666666669,0,6.5059434511629603e-07,-1.063456655464387e-07,9.8303573325767872e-07
4277,-0.0083333333333333332,0.011666666666666669,0,8.6011448759220051e-07,-1.691189260405968e-07,1.0761098267221428e-06
4278,-0.0074999999999999997,0.011666666666666669,0,1.0790325316387703e-06,-2.7933638552775312e-07,9.9270605093927755e-07
4279,-0.0066666666666666662,0.011666666666666669,0,1.3117108173591452e-06,-5.8130678500589227e-07,6.7112653444832821e-07
4280,-0.0058333333333333327,0.011666666666666669,0,1.5466316099259717e-06,-1.2249741664942109e-06,1.3418349282547698e-07
4281,-0.0049999999999999992,0.011666666666666669,0,1.5777219484535835e-06,-2.1958646589224891e-06,-6.0678184232448683e-07
4282,-0.0041666666666666657,0.011666666666666669,0,1.2153471630847602e-06,-3.2730945845638502e-06,-1.4191020780865594e-06
4283,-0.003333333333333334,0.011666666666666669,0,4.7321895777208771e-07,-4.3432433162018566e-06,-2.1583504537934955e-06
4284,-0.0024999999999999988,0.011666666666666669,0,-9.82344193571188e-07,-5.373775943964484e-06,-2.2236742238564085e-06
4285,-0.001666666666666667,0.011666666666666669,0,-2.263377312697439e-06,-5.6539944988964054e-06,-1.358972962685703e-06
4286,-0.00083333333333333176,0.011666666666666669,0,-2.9885269023610366e-06,-5.7332878960211004e-06,-3.5527143109054367e-07
4287,0,0.011666666666666669,0,-3.382981634773154e-06,-5.6467820992625102e-06,5.1345158203030541e-07
4288,0.00083333333333333523,0.011666666666666669,0,-3.6419972264871887e-06,-5.3732318494439032e-06,9.3716450888168581e-07
4289,0.001666666666666667,0.011666666666666669,0,-3.5903580955135549e-06,-4.9762450916230758e-06,9.6598306635698916e-07
4290,0.0025000000000000022,0.011666666666666669,0,-3.7272787262312387e-06,-4.7555646463784151e-06,5.6368671354427889e-07
4291,0.003333333333333334,0.011666666666666669,0,-3.9413939570644965e-06,-3.9237408147737488e-06,5.8284520643709551e-07
4292,0.0041666666666666692,0.011666666666666669,0,-3.5715966645652649e-06,-3.0019293418363303e-06,9.2610667119982489e-07
4293,0.005000000000000001,0.011666666666666669,0,-2.9144826435987587e-06,-2.1555150059790554e-06,1.2749917045043675e-06
4294,0.0058333333333333362,0.011666666666666669,0,-2.2300420880066272e-06,-1.5240171797059527e-06,1.4809816501514135e-06
4295,0.006666666666666668,0.011666666666666669,0,-1.5322329393026801e-06,-1.0199870394419569e-06,1.3717640743835209e-06
4296,0.0074999999999999997,0.011666666666666669,0,-9.7890390336672221e-07,-6.7398654642905324e-07,9.1149856006632929e-07
4297,0.008333333333333335,0.011666666666666669,0,-7.1319398675618147e-07,-5.0143851250161071e-07,2.8671759690966461e-07
4298,0.0091666666666666667,0.011666666666666669,0,-6.3221142873073078e-07,-4.7159910815563289e-07,-3.9588441766372179e-07
4299,0.010000000000000002,0.011666666666666669,0,-6.3935579100295615e-07,-4.8016463727352887e-07,-9.0033671489095316e-07
4300,0.010833333333333334,0.011666666666666669,0,-6.555448748306535e-07,-5.019637163174128e-07,-1.0569507553245055e-06
4301,0.011666666666666669,0.011666666666666669,0,-6.059694609449459e-07,-4.6828530028171783e-07,-9.7835915544971646e-07
4302,0.012500000000000001,0.011666666666666669,0,-5.3487587473989641e-07,-4.2041539148061191e-07,-7.69394873050957e-07
4303,0.013333333333333332,0.011666666666666669,0,-4.3571071376406059e-07,-3.257549854898968e-07,-4.7262636099713724e-07
4304,0.014166666666666671,0.011666666666666669,0,-2.5861035739929454e-07,-1.8330690993954639e-07,-2.0494638942683803e-07
4305,0.015000000000000003,0.011666666666666669,0,0,0,0
4306,0.015833333333333335,0.011666666666666669,0,0,0,0
4307,0.016666666666666666,0.011666666666666669,0,0,0,0
4308,0.017500000000000005,0.011666666666666669,0,0,0,0
4309,0.018333333333333337,0.011666666666666669,0,0,0,0
4310,0.019166666666666669,0.011666666666666669,0,0,0,0
4311,0.02,0.011666666666666669,0,0,0,0
4312,-0.02,0.012500000000000001,0,0,0,0
4313,-0.019166666666666669,0.012500000000000001,0,0,0,0
4314,-0.018333333333333333,0.012500000000000001,0,0,0,0
4315,-0.017500000000000002,0.012500000000000001,0,0,0,0
4316,-0.016666666666666666,0.012500000000000001,0,0,0,0
4317,-0.015833333333333335,0.012500000000000001,0,0,0,0
4318,-0.014999999999999999,0.012500000000000001,0,0,0,0
4319,-0.014166666666666668,0.012500000000000001,0,1.313173623833791e-07,-1.3199814149738338e-07,-1.1931291186124949e-07
4320,-0.013333333333333332,0.012500000000000001,0,2.0838153401943977e-07,-2.1259475014656934e-07,-1.7219561523326898e-07
4321,-0.012500000000000001,0.012500000000000001,0,2.3954185727682657e-07,-2.3435750400616361e-07,-1.7279731898623426e-07
4322,-0.011666666666666667,0.012500000000000001,0,2.6703273330000741e-07,-2.0660836567640429e-07,-9.4674899708082483e-08
4323,-0.010833333333333334,0.012500000000000001,0,3.4255523616867914e-07,-1.890123685876103e-07,1.0561565601833781e-08
4324,-0.01,0.012500000000000001,0,4.7561323012671113e-07,-2.1384383940630618e-07,4.3764692047241942e-08
4325,-0.0091666666666666667,0.012500000000000001,0,6.8738609645596465e-07,-3.7726127096237134e-07,-1.0678722960891283e-07
4326,-0.0083333333333333332,0.012500000000000001,0,9.1834334806051126e-07,-6.016943790190785e-07,-4.6382336817785126e-07
4327,-0.0074999999999999997,0.012500000000000001,0,1.1573607364820854e-06,-8.8613194783861135e-07,-1.0063905477695397e-06
4328,-0.0066666666666666662,0.012500000000000001,0,1.3953797360012574e-06,-1.2733239760840006e-06,-1.7948302733044852e-06
4329,-0.0058333333333333327,0.012500000000000001,0,1.6071551787391539e-06,-1.7704874578827142e-06,-2.8486596051310134e-06
4330,-0.0049999999999999992,0.012500000000000001,0,1.720239419559976e-06,-2.3700592744461024e-06,-4.1069792167200269e-06
4331,-0.0041666666666666657,0.012500000000000001,0,1.6276001159414904e-06,-3.1187361559676156e-06,-5.4398237630950412e-06
4332,-0.003333333333333334,0.012500000000000001,0,1.2336524654375643e-06,-3.8374862108361128e-06,-6.618725506119456e-06
4333,-0.0024999999999999988,0.012500000000000001,0,5.4990347542822336e-07,-4.4645372666789118e-06,-7.3038674996870246e-06
4334,-0.001666666666666667,0.012500000000000001,0,-3.2206649302479711e-07,-4.8722605947016151e-06,-7.3851613371841643e-06
4335,-0.00083333333333333176,0.012500000000000001,0,-1.029081461608281e-06,-5.056773790259849e-06,-7.034436310199415e-06
4336,0,0.012500000000000001,0,-1.5514190093089963e-06,-5.0450848203127862e-06,-6.5247637917193811e-06
4337,0.00083333333333333523,0.012500000000000001,0,-1.8976451055168401e-06,-4.8971453414020621e-06,-6.0840934554432223e-06
4338,0.001666666666666667,0.012500000000000001,0,-2.0952969651321905e-06,-4.6576430142276177e-06,-5.8023110259752297e-06
4339,0.0025000000000000022,0.012500000000000001,0,-2.2772377186091884e-06,-4.3278431250482876e-06,-5.5193310973060426e-06
4340,0.003333333333333334,0.012500000000000001,0,-2.3856403346932792e-06,-3.6980289350558076e-06,-4.9610233395989138e-06
4341,0.0041666666666666692,0.012500000000000001,0,-2.2633412180899132e-06,-2.9946769402686908e-06,-4.096596166337539e-06
4342,0.005000000000000001,0.012500000000000001,0,-2.0252865969120825e-06,-2.345519738745043e-06,-3.0979071851950909e-06
4343,0.0058333333333333362,0.012500000000000001,0,-1.6953366811482592e-06,-1.8125954038236694e-06,-2.2160346240390011e-06
4344,0.006666666666666668,0.012500000000000001,0,-1.3781161412448143e-06,-1.3823560060781889e-06,-1.6380954874641769e-06
4345,0.0074999999999999997,0.012500000000000001,0,-1.139151776773322e-06,-1.0584299849429152e-06,-1.343773206179442e-06
4346,0.008333333333333335,0.012500000000000001,0,-9.5649114053729557e-07,-8.377248764894264e-07,-1.2659281540476446e-06
4347,0.0091666666666666667,0.012500000000000001,0,-8.3410998599997522e-07,-6.7932298534940644e-07,-1.2499259615159093e-06
4348,0.010000000000000002,0.012500000000000001,0,-7.504580461861425e-07,-5.8711240987114403e-07,-1.1373893134449729e-06
4349,0.010833333333333334,0.012500000000000001,0,-6.5447335836912951e-07,-4.9484779741853461e-07,-9.4782397369412887e-07
4350,0.011666666666666669,0.012500000000000001,0,-5.5575816764855218e-07,-4.2987906350028982e-07,-7.4814066960765531e-07
4351,0.012500000000000001,0.012500000000000001,0,-4.6746254315420668e-07,-3.7330813704705789e-07,-5.3806558309116358e-07
4352,0.013333333333333332,0.012500000000000001,0,-3.5715223810865803e-07,-2.7744627789621161e-07,-3.1684026086832737e-07
4353,0.014166666666666671,0.012500000000000001,0,-1.9772434869391885e-07,-1.5447162480954234e-07,-1.4135282617870152e-07
4354,0.015000000000000003,0.012500000000000001,0,0,0,0
4355,0.015833333333333335,0.012500000000000001,0,0,0,0
4356,0.016666666666666666,0.012500000000000001,0,0,0,0
4357,0.017500000000000005,0.012500000000000001,0,0,0,0
4358,0.018333333333333337,0.012500000000000001,0,0,0,0
4359,0.019166666666666669,0.012500000000000001,0,0,0,0
4360,0.02,0.012500000000000001,0,0,0,0
4361,-0.02,0.013333333333333332,0,0,0,0
4362,-0.019166666666666669,0.013333333333333332,0,0,0,0
4363,-0.018333333333333333,0.013333333333333332,0,0,0,0
4364,-0.017500000000000002,0.013333333333333332,0,0,0,0
4365,-0.016666666666666666,0.013333333333333332,0,0,0,0
4366,-0.015833333333333335,0.013333333333333332,0,0,0,0
4367,-0.014999999999999999,0.013333333333333332,0,0,0,0
4368,-0.014166666666666668,0.013333333333333332,0,1.0948326075673429e-07,-1.1320212146349677e-07,-8.8221719548405401e-08
4369,-0.013333333333333332,0.013333333333333332,0,1.8035945710526713e-07,-1.8368459375021827e-07,-1.4056673911243372e-07
4370,-0.012500000000000001,0.013333333333333332,0,2.1806980144400672e-07,-2.1949824571170666e-07,-1.8153842525538798e-07
4371,-0.011666666666666667,0.013333333333333332,0,2.48706490901472e-07,-2.1797583809255845e-07,-1.83852147522984e-07
4372,-0.010833333333333334,0.013333333333333332,0,3.0208780077566104e-07,-2.1926165105532785e-07,-1.7939361072496717e-07
4373,-0.01,0.013333333333333332,0,4.0707110310585316e-07,-2.7941254657890367e-07,-2.3096450657724317e-07
4374,-0.0091666666666666667,0.013333333333333332,0,5.7617394403278263e-07,-4.8775914494074575e-07,-4.3393144083093202e-07
4375,-0.0083333333333333332,0.013333333333333332,0,7.779168416782864e-07,-8.0594413249429771e-07,-8.6495476692031369e-07
4376,-0.0074999999999999997,0.013333333333333332,0,9.797954864960666e-07,-1.2246127360793205e-06,-1.5034514730938162e-06
4377,-0.0066666666666666662,0.013333333333333332,0,1.1839289189904059e-06,-1.741080413011077e-06,-2.385418793021083e-06
4378,-0.0058333333333333327,0.013333333333333332,0,1.3355665451791363e-06,-2.3305326597637242e-06,-3.5274505188292067e-06
4379,-0.0049999999999999992,0.013333333333333332,0,1.4103474299207293e-06,-3.0093990152514594e-06,-4.8477294146772252e-06
4380,-0.0041666666666666657,0.013333333333333332,0,1.3843956785821065e-06,-3.7134879325817147e-06,-6.236704302578563e-06
4381,-0.003333333333333334,0.013333333333333332,0,1.1965340417064939e-06,-4.3281566653947607e-06,-7.4938787930441846e-06
4382,-0.0024999999999999988,0.013333333333333332,0,8.3575466610342536e-07,-4.8193640171165096e-06,-8.4165449219925952e-06
4383,-0.001666666666666667,0.013333333333333332,0,3.8976508166947258e-07,-5.1720320391408917e-06,-8.8953598988238865e-06
4384,-0.00083333333333333176,0.013333333333333332,0,-8.146288007123254e-08,-5.4041794504035981e-06,-8.9591527128481384e-06
4385,0,0.013333333333333332,0,-4.7360835783018894e-07,-5.4203885737467398e-06,-8.7891386440156238e-06
4386,0.00083333333333333523,0.013333333333333332,0,-7.5032147430066791e-07,-5.2584163801224403e-06,-8.5704184868531431e-06
4387,0.001666666666666667,0.013333333333333332,0,-9.8320513605415035e-07,-4.9878667389956529e-06,-8.2950817065170178e-06
4388,0.0025000000000000022,0.013333333333333332,0,-1.2261275415471927e-06,-4.5798245135723182e-06,-7.7797148958040805e-06
4389,0.003333333333333334,0.013333333333333332,0,-1.4084457039878859e-06,-4.0310212595982299e-06,-6.9352501116023763e-06
4390,0.0041666666666666692,0.013333333333333332,0,-1.4942021555866318e-06,-3.4207241582174222e-06,-5.8114894583589961e-06
4391,0.005000000000000001,0.013333333333333332,0,-1.5046472634318739e-06,-2.8615884473457448e-06,-4.6196162320048249e-06
4392,0.0058333333333333362,0.013333333333333332,0,-1.4557999847346213e-06,-2.375243476172161e-06,-3.5566893474079135e-06
4393,0.006666666666666668,0.013333333333333332,0,-1.3379231968656406e-06,-1.9091867705558111e-06,-2.7301490414818218e-06
4394,0.0074999999999999997,0.013333333333333332,0,-1.1510114761866774e-06,-1.4650601406670173e-06,-2.1038121420621488e-06
4395,0.008333333333333335,0.013333333333333332,0,-9.5467416283640588e-07,-1.0802916152269159e-06,-1.6282359566485567e-06
4396,0.0091666666666666667,0.013333333333333332,0,-7.9160852425968831e-07,-7.9652669954883732e-07,-1.2430806752469989e-06
4397,0.010000000000000002,0.013333333333333332,0,-6.625152774249964e-07,-5.942660321924895e-07,-9.012312934609754e-07
4398,0.010833333333333334,0.013333333333333332,0,-5.3623994413565783e-07,-4.437414041390298e-07,-6.3825166245367326e-07
4399,0.011666666666666669,0.013333333333333332,0,-4.3867646121526996e-07,-3.7607612514432715e-07,-4.5816189251082641e-07
4400,0.012500000000000001,0.013333333333333332,0,-3.506391753366211e-07,-3.034591367645361e-07,-3.1317681895969415e-07
4401,0.013333333333333332,0.013333333333333332,0,-2.592970594597549e-07,-2.1926538824765174e-07,-1.7608145135658837e-07
4402,0.014166666666666671,0.013333333333333332,0,-1.3897467465606913e-07,-1.2352309147422929e-07,-8.348287721472105e-08
4403,0.015000000000000003,0.013333333333333332,0,0,0,0
4404,0.015833333333333335,0.013333333333333332,0,0,0,0
4405,0.016666666666666666,0.013333333333333332,0,0,0,0
4406,0.017500000000000005,0.013333333333333332,0,0,0,0
4407,0.018333333333333337,0.013333333333333332,0,0,0,0
4408,0.019166666666666669,0.013333333333333332,0,0,0,0
4409,0.02,0.013333333333333332,0,0,0,0
4410,-0.02,0.014166666666666671,0,0,0,0
4411,-0.019166666666666669,0.014166666666666671,0,0,0,0
4412,-0.018333333333333333,0.014166666666666671,0,0,0,0
4413,-0.017500000000000002,0.014166666666666671,0,0,0,0
4414,-0.016666666666666666,0.014166666666666671,0,0,0,0
4415,-0.015833333333333335,0.014166666666666671,0,0,0,0
4416,-0.014999999999999999,0.014166666666666671,0,0,0,0
4417,-0.014166666666666668,0.014166666666666671,0,7.1552348528324462e-08,-7.238088037422128e-08,-5.8058304531268415e-08
4418,-0.013333333333333332,0.014166666666666671,0,1.1217261645361742e-07,-1.1231232730738615e-07,-8.7889634839916187e-08
4419,-0.012500000000000001,0.014166666666666671,0,1.3439421808418539e-07,-1.3984604761173797e-07,-1.2104866934358431e-07
4420,-0.011666666666666667,0.014166666666666671,0,1.5499957384154694e-07,-1.5513515640975976e-07,-1.4116600512628914e-07
4421,-0.010833333333333334,0.014166666666666671,0,1.7940201205834093e-07,-1.5663302205076536e-07,-1.638874245342088e-07
4422,-0.01,0.014166666666666671,0,2.317825874017478e-07,-2.1248216758454422e-07,-2.2563675506910162e-07
4423,-0.0091666666666666667,0.014166666666666671,0,3.2705702170356744e-07,-3.7743105260542015e-07,-3.8836602963051917e-07
4424,-0.0083333333333333332,0.014166666666666671,0,4.4655426431384878e-07,-7.1326482512651867e-07,-6.6869807961167369e-07
4425,-0.0074999999999999997,0.014166666666666671,0,5.7830728736779992e-07,-1.2101096863557181e-06,-1.1102303318130138e-06
4426,-0.0066666666666666662,0.014166666666666671,0,6.7349354420346777e-07,-1.7568288097197301e-06,-1.6522075301088287e-06
4427,-0.0058333333333333327,0.014166666666666671,0,7.5055324185341106e-07,-2.4287073761063956e-06,-2.2898207415918531e-06
4428,-0.0049999999999999992,0.014166666666666671,0,7.851894959307409e-07,-3.2355130470079365e-06,-3.0206893683760396e-06
4429,-0.0041666666666666657,0.014166666666666671,0,7.2998835109768142e-07,-4.0838626928165446e-06,-3.7905554829433387e-06
4430,-0.003333333333333334,0.014166666666666671,0,5.9749141565943218e-07,-4.8701256329135225e-06,-4.5172545512315016e-06
4431,-0.0024999999999999988,0.014166666666666671,0,4.3114374218497358e-07,-5.5215633530787547e-06,-5.0824225171918641e-06
4432,-0.001666666666666667,0.014166666666666671,0,2.5399480253786504e-07,-5.9394829554941393e-06,-5.4542591441467227e-06
4433,-0.00083333333333333176,0.014166666666666671,0,9.0943111507301785e-08,-6.156814185764494e-06,-5.666763203364143e-06
4434,0,0.014166666666666671,0,-8.9115964063598043e-08,-6.2425272929894372e-06,-5.7817911166409336e-06
4435,0.00083333333333333523,0.014166666666666671,0,-3.1224943615009988e-07,-6.1660561722243815e-06,-5.7760329859244568e-06
4436,0.001666666666666667,0.014166666666666671,0,-5.428188193715692e-07,-5.9252131448290918e-06,-5.5854392660282365e-06
4437,0.0025000000000000022,0.014166666666666671,0,-7.6125309675236433e-07,-5.4996431966269037e-06,-5.192131704550261e-06
4438,0.003333333333333334,0.014166666666666671,0,-9.4913456001174109e-07,-4.8875647613263829e-06,-4.6268450407090956e-06
4439,0.0041666666666666692,0.014166666666666671,0,-1.0716537362497722e-06,-4.1585058810933817e-06,-3.9489040903288324e-06
4440,0.005000000000000001,0.014166666666666671,0,-1.1026456125406555e-06,-3.4169804173739287e-06,-3.2604921808721741e-06
4441,0.0058333333333333362,0.014166666666666671,0,-1.0390874564795506e-06,-2.7515646333430521e-06,-2.6458398386360947e-06
4442,0.006666666666666668,0.014166666666666671,0,-9.1396063720476544e-07,-2.1427998994177192e-06,-2.1141069657955613e-06
4443,0.0074999999999999997,0.014166666666666671,0,-7.8501639396875091e-07,-1.5966971659686636e-06,-1.6196212661552539e-06
4444,0.008333333333333335,0.014166666666666671,0,-6.5655159075146988e-07,-1.1165548180261454e-06,-1.1515306537993484e-06
4445,0.0091666666666666667,0.014166666666666671,0,-5.4127755236785889e-07,-7.3409891384363779e-07,-7.6787013723191897e-07
4446,0.010000000000000002,0.014166666666666671,0,-4.1925278634102276e-07,-4.4482202709444034e-07,-4.6348693792684959e-07
4447,0.010833333333333334,0.014166666666666671,0,-3.1741130208279127e-07,-3.0409792955821608e-07,-2.841153524338849e-07
4448,0.011666666666666669,0.014166666666666671,0,-2.4694852482961934e-07,-2.3463141076584241e-07,-1.9781414348120253e-07
4449,0.012500000000000001,0.014166666666666671,0,-1.9474107157070968e-07,-1.7789216980668601e-07,-1.3815240420333279e-07
4450,0.013333333333333332,0.014166666666666671,0,-1.4436417620228299e-07,-1.2466564091228045e-07,-8.1868086927376759e-08
4451,0.014166666666666671,0.014166666666666671,0,-8.119372224785222e-08,-7.4393935688096969e-08,-4.9058227055433851e-08
4452,0.015000000000000003,0.014166666666666671,0,0,0,0
4453,0.015833333333333335,0.014166666666666671,0,0,0,0
4454,0.016666666666666666,0.014166666666666671,0,0,0,0
4455,0.017500000000000005,0.014166666666666671,0,0,0,0
4456,0.018333333333333337,0.014166666666666671,0,0,0,0
4457,0.019166666666666669,0.014166666666666671,0,0,0,0
4458,0.02,0.014166666666666671,0,0,0,0
4459,-0.02,0.015000000000000003,0,0,0,0
4460,-0.019166666666666669,0.015000000000000003,0,0,0,0
4461,-0.018333333333333333,0.015000000000000003,0,0,0,0
4462,-0.017500000000000002,0.015000000000000003,0,0,0,0
4463,-0.016666666666666666,0.015000000000000003,0,0,0,0
4464,-0.015833333333333335,0.015000000000000003,0,0,0,0
4465,-0.014999999999999999,0.015000000000000003,0,0,0,0
4466,-0.014166666666666668,0.015000000000000003,0,0,0,0
4467,-0.013333333333333332,0.015000000000000003,0,0,0,0
4468,-0.012500000000000001,0.015000000000000003,0,0,0,0
4469,-0.011666666666666667,0.015000000000000003,0,0,0,0
4470,-0.010833333333333334,0.015000000000000003,0,0,0,0
4471,-0.01,0.015000000000000003,0,0,0,0
4472,-0.0091666666666666667,0.015000000000000003,0,0,0,0
4473,-0.0083333333333333332,0.015000000000000003,0,0,0,0
4474,-0.0074999999999999997,0.015000000000000003,0,0,0,0
4475,-0.0066666666666666662,0.015000000000000003,0,0,0,0
4476,-0.0058333333333333327,0.015000000000000003,0,0,0,0
4477,-0.0049999999999999992,0.015000000000000003,0,0,0,0
4478,-0.0041666666666666657,0.015000000000000003,0,0,0,0
4479,-0.003333333333333334,0.015000000000000003,0,0,0,0
4480,-0.0024999999999999988,0.015000000000000003,0,0,0,0
4481,-0.001666666666666667,0.015000000000000003,0,0,0,0
4482,-0.00083333333333333176,0.015000000000000003,0,0,0,0
4483,0,0.015000000000000003,0,0,0,0
4484,0.00083333333333333523,0.015000000000000003,0,0,0,0
4485,0.001666666666666667,0.015000000000000003,0,0,0,0
4486,0.0025000000000000022,0.015000000000000003,0,0,0,0
4487,0.003333333333333334,0.015000000000000003,0,0,0,0
4488,0.0041666666666666692,0.015000000000000003,0,0,0,0
4489,0.005000000000000001,0.015000000000000003,0,0,0,0
4490,0.0058333333333333362,0.015000000000000003,0,0,0,0
4491,0.006666666666666668,0.015000000000000003,0,0,0,0
4492,0.0074999999999999997,0.015000000000000003,0,0,0,0
4493,0.008333333333333335,0.015000000000000003,0,0,0,0
4494,0.0091666666666666667,0.015000000000000003,0,0,0,0
4495,0.010000000000000002,0.015000000000000003,0,0,0,0
4496,0.010833333333333334,0.015000000000000003,0,0,0,0
4497,0.011666666666666669,0.015000000000000003,0,0,0,0
4498,0.012500000000000001,0.015000000000000003,0,0,0,0
4499,0.013333333333333332,0.015000000000000003,0,0,0,0
4500,0.014166666666666671,0.015000000000000003,0,0,0,0
4501,0.015000000000000003,0.015000000000000003,0,0,0,0
4502,0.015833333333333335,0.015000000000000003,0,0,0,0
4503,0.016666666666666666,0.015000000000000003,0,0,0,0
4504,0.017500000000000005,0.015000000000000003,0,0,0,0
4505,0.018333333333333337,0.015000000000000003,0,0,0,0
4506,0.019166666666666669,0.015000000000000003,0,0,0,0
4507,0.02,0.015000000000000003,0,0,0,0
4508,-0.02,0.015833333333333335,0,0,0,0
4509,-0.019166666666666669,0.015833333333333335,0,0,0,0
4510,-0.018333333333333333,0.015833333333333335,0,0,0,0
4511,-0.017500000000000002,0.015833333333333335,0,0,0,0
4512,-0.016666666666666666,0.015833333333333335,0,0,0,0
4513,-0.015833333333333335,0.015833333333333335,0,0,0,0
4514,-0.014999999999999999,0.015833333333333335,0,0,0,0
4515,-0.014166666666666668,0.015833333333333335,0,0,0,0
4516,-0.013333333333333332,0.015833333333333335,0,0,0,0
4517,-0.012500000000000001,0.015833333333333335,0,0,0,0
4518,-0.011666666666666667,0.015833333333333335,0,0,0,0
4519,-0.010833333333333334,0.015833333333333335,0,0,0,0
4520,-0.01,0.015833333333333335,0,0,0,0
4521,-0.0091666666666666667,0.015833333333333335,0,0,0,0
4522,-0.0083333333333333332,0.015833333333333335,0,0,0,0
4523,-0.0074999999999999997,0.015833333333333335,0,0,0,0
4524,-0.0066666666666666662,0.015833333333333335,0,0,0,0
4525,-0.0058333333333333327,0.015833333333333335,0,0,0,0
4526,-0.0049999999999999992,0.015833333333333335,0,0,0,0
4527,-0.0041666666666666657,0.015833333333333335,0,0,0,0
4528,-0.003333333333333334,0.015833333333333335,0,0,0,0
4529,-0.0024999999999999988,0.015833333333333335,0,0,0,0
4530,-0.001666666666666667,0.015833333333333335,0,0,0,0
4531,-0.00083333333333333176,0.015833333333333335,0,0,0,0
4532,0,0.015833333333333335,0,0,0,0
4533,0.00083333333333333523,0.015833333333333335,0,0,0,0
4534,0.001666666666666667,0.015833333333333335,0,0,0,0
4535,0.0025000000000000022,0.015833333333333335,0,0,0,0
4536,0.003333333333333334,0.015833333333333335,0,0,0,0
4537,0.0041666666666666692,0.015833333333333335,0,0,0,0
4538,0.005000000000000001,0.015833333333333335,0,0,0,0
4539,0.0058333333333333362,0.015833333333333335,0,0,0,0
4540,0.006666666666666668,0.015833333333333335,0,0,0,0
4541,0.0074999999999999997,0.015833333333333335,0,0,0,0
4542,0.008333333333333335,0.015833333333333335,0,0,0,0
4543,0.0091666666666666667,0.015833333333333335,0,0,0,0
4544,0.010000000000000002,0.015833333333333335,0,0,0,0
4545,0.010833333333333334,0.015833333333333335,0,0,0,0
4546,0.011666666666666669,0.015833333333333335,0,0,0,0
4547,0.012500000000000001,0.015833333333333335,0,0,0,0
4548,0.013333333333333332,0.015833333333333335,0,0,0,0
4549,0.014166666666666671,0.015833333333333335,0,0,0,0
4550,0.015000000000000003,0.015833333333333335,0,0,0,0
4551,0.015833333333333335,0.015833333333333335,0,0,0,0
4552,0.016666666666666666,0.015833333333333335,0,0,0,0
4553,0.017500000000000005,0.015833333333333335,0,0,0,0
4554,0.018333333333333337,0.015833333333333335,0,0,0,0
4555,0.019166666666666669,0.015833333333333335,0,0,0,0
4556,0.02,0.015833333333333335,0,0,0,0
4557,-0.02,0.016666666666666666,0,0,0,0
4558,-0.019166666666666669,0.016666666666666666,0,0,0,0
4559,-0.018333333333333333,0.016666666666666666,0,0,0,0
4560,-0.017500000000000002,0.016666666666666666,0,0,0,0
4561,-0.016666666666666666,0.016666666666666666,0,0,0,0
4562,-0.015833333333333335,0.016666666666666666,0,0,0,0
4563,-0.014999999999999999,0.016666666666666666,0,0,0,0
4564,-0.014166666666666668,0.016666666666666666,0,0,0,0
4565,-0.013333333333333332,0.016666666666666666,0,0,0,0
4566,-0.012500000000000001,0.016666666666666666,0,0,0,0
4567,-0.011666666666666667,0.016666666666666666,0,0,0,0
4568,-0.010833333333333334,0.016666666666666666,0,0,0,0
4569,-0.01,0.016666666666666666,0,0,0,0
4570,-0.0091666666666666667,0.016666666666666666,0,0,0,0
4571,-0.0083333333333333332,0.016666666666666666,0,0,0,0
4572,-0.0074999999999999997,0.016666666666666666,0,0,0,0
4573,-0.0066666666666666662,0.016666666666666666,0,0,0,0
4574,-0.0058333333333333327,0.016666666666666666,0,0,0,0
4575,-0.0049999999999999992,0.016666666666666666,0,0,0,0
4576,-0.0041666666666666657,0.016666666666666666,0,0,0,0
4577,-0.003333333333333334,0.016666666666666666,0,0,0,0
4578,-0.0024999999999999988,0.016666666666666666,0,0,0,0
4579,-0.001666666666666667,0.016666666666666666,0,0,0,0
4580,-0.00083333333333333176,0.016666666666666666,0,0,0,0
4581,0,0.016666666666666666,0,0,0,0
4582,0.00083333333333333523,0.016666666666666666,0,0,0,0
4583,0.001666666666666667,0.016666666666666666,0,0,0,0
4584,0.0025000000000000022,0.016666666666666666,0,0,0,0
4585,0.003333333333333334,0.016666666666666666,0,0,0,0
4586,0.0041666666666666692,0.016666666666666666,0,0,0,0
4587,0.005000000000000001,0.016666666666666666,0,0,0,0
4588,0.0058333333333333362,0.016666666666666666,0,0,0,0
4589,0.006666666666666668,0.016666666666666666,0,0,0,0
4590,0.0074999999999999997,0.016666666666666666,0,0,0,0
4591,0.008333333333333335,0.016666666666666666,0,0,0,0
4592,0.0091666666666666667,0.016666666666666666,0,0,0,0
4593,0.010000000000000002,0.016666666666666666,0,0,0,0
4594,0.010833333333333334,0.016666666666666666,0,0,0,0
4595,0.011666666666666669,0.016666666666666666,0,0,0,0
4596,0.012500000000000001,0.016666666666666666,0,0,0,0
4597,0.013333333333333332,0.016666666666666666,0,0,0,0
4598,0.014166666666666671,0.016666666666666666,0,0,0,0
4599,0.015000000000000003,0.016666666666666666,0,0,0,0
4600,0.015833333333333335,0.016666666666666666,0,0,0,0
4601,0.016666666666666666,0.016666666666666666,0,0,0,0
4602,0.017500000000000005,0.016666666666666666,0,0,0,0
4603,0.018333333333333337,0.016666666666666666,0,0,0,0
4604,0.019166666666666669,0.016666666666666666,0,0,0,0
4605,0.02,0.016666666666666666,0,0,0,0
4606,-0.02,0.017500000000000005,0,0,0,0
4607,-0.019166666666666669,0.017500000000000005,0,0,0,0
4608,-0.018333333333333333,0.017500000000000005,0,0,0,0
4609,-0.017500000000000002,0.017500000000000005,0,0,0,0
4610,-0.016666666666666666,0.017500000000000005,0,0,0,0
4611,-0.015833333333333335,0.017500000000000005,0,0,0,0
4612,-0.014999999999999999,0.017500000000000005,0,0,0,0
4613,-0.014166666666666668,0.017500000000000005,0,0,0,0
4614,-0.013333333333333332,0.017500000000000005,0,0,0,0
4615,-0.012500000000000001,0.017500000000000005,0,0,0,0
4616,-0.011666666666666667,0.017500000000000005,0,0,0,0
4617,-0.010833333333333334,0.017500000000000005,0,0,0,0
4618,-0.01,0.017500000000000005,0,0,0,0
4619,-0.0091666666666666667,0.017500000000000005,0,0,0,0
4620,-0.0083333333333333332,0.017500000000000005,0,0,0,0
4621,-0.0074999999999999997,0.017500000000000005,0,0,0,0
4622,-0.0066666666666666662,0.017500000000000005,0,0,0,0
4623,-0.0058333333333333327,0.017500000000000005,0,0,0,0
4624,-0.0049999999999999992,0.017500000000000005,0,0,0,0
4625,-0.0041666666666666657,0.017500000000000005,0,0,0,0
4626,-0.003333333333333334,0.017500000000000005,0,0,0,0
4627,-0.0024999999999999988,0.017500000000000005,0,0,0,0
4628,-0.001666666666666667,0.017500000000000005,0,0,0,0
4629,-0.00083333333333333176,0.017500000000000005,0,0,0,0
4630,0,0.017500000000000005,0,0,0,0
4631,0.00083333333333333523,0.017500000000000005,0,0,0,0
4632,0.001666666666666667,0.017500000000000005,0,0,0,0
4633,0.0025000000000000022,0.017500000000000005,0,0,0,0
4634,0.003333333333333334,0.017500000000000005,0,0,0,0
4635,0.0041666666666666692,0.017500000000000005,0,0,0,0
4636,0.005000000000000001,0.017500000000000005,0,0,0,0
4637,0.0058333333333333362,0.017500000000000005,0,0,0,0
4638,0.006666666666666668,0.017500000000000005,0,0,0,0
4639,0.0074999999999999997,0.017500000000000005,0,0,0,0
4640,0.008333333333333335,0.017500000000000005,0,0,0,0
4641,0.0091666666666666667,0.017500000000000005,0,0,0,0
4642,0.010000000000000002,0.017500000000000005,0,0,0,0
4643,0.010833333333333334,0.017500000000000005,0,0,0,0
4644,0.011666666666666669,0.017500000000000005,0,0,0,0
4645,0.012500000000000001,0.017500000000000005,0,0,0,0
4646,0.013333333333333332,0.017500000000000005,0,0,0,0
4647,0.014166666666666671,0.017500000000000005,0,0,0,0
4648,0.015000000000000003,0.017500000000000005,0,0,0,0
4649,0.015833333333333335,0.017500000000000005,0,0,0,0
4650,0.016666666666666666,0.017500000000000005,0,0,0,0
4651,0.017500000000000005,0.017500000000000005,0,0,0,0
4652,0.018333333333333337,0.017500000000000005,0,0,0,0
4653,0.019166666666666669,0.017500000000000005,0,0,0,0
4654,0.02,0.017500000000000005,0,0,0,0
4655,-0.02,0.018333333333333337,0,0,0,0
4656,-0.019166666666666669,0.018333333333333337,0,0,0,0
4657,-0.018333333333333333,0.018333333333333337,0,0,0,0
4658,-0.017500000000000002,0.018333333333333337,0,0,0,0
4659,-0.016666666666666666,0.018333333333333337,0,0,0,0
4660,-0.015833333333333335,0.018333333333333337,0,0,0,0
4661,-0.014999999999999999,0.018333333333333337,0,0,0,0
4662,-0.014166666666666668,0.018333333333333337,0,0,0,0
4663,-0.013333333333333332,0.018333333333333337,0,0,0,0
4664,-0.012500000000000001,0.018333333333333337,0,0,0,0
4665,-0.011666666666666667,0.018333333333333337,0,0,0,0
4666,-0.010833333333333334,0.018333333333333337,0,0,0,0
4667,-0.01,0.018333333333333337,0,0,0,0
4668,-0.0091666666666666667,0.018333333333333337,0,0,0,0
4669,-0.0083333333333333332,0.018333333333333337,0,0,0,0
4670,-0.0074999999999999997,0.018333333333333337,0,0,0,0
4671,-0.0066666666666666662,0.018333333333333337,0,0,0,0
4672,-0.0058333333333333327,0.018333333333333337,0,0,0,0
4673,-0.0049999999999999992,0.018333333333333337,0,0,0,0
4674,-0.0041666666666666657,0.018333333333333337,0,0,0,0
4675,-0.003333333333333334,0.018333333333333337,0,0,0,0
4676,-0.0024999999999999988,0.018333333333333337,0,0,0,0
4677,-0.001666666666666667,0.018333333333333337,0,0,0,0
4678,-0.00083333333333333176,0.018333333333333337,0,0,0,0
4679,0,0.018333333333333337,0,0,0,0
4680,0.00083333333333333523,0.018333333333333337,0,0,0,0
4681,0.001666666666666667,0.018333333333333337,0,0,0,0
4682,0.0025000000000000022,0.018333333333333337,0,0,0,0
4683,0.003333333333333334,0.018333333333333337,0,0,0,0
4684,0.0041666666666666692,0.018333333333333337,0,0,0,0
4685,0.005000000000000001,0.018333333333333337,0,0,0,0
4686,0.0058333333333333362,0.018333333333333337,0,0,0,0
4687,0.006666666666666668,0.018333333333333337,0,0,0,0
4688,0.0074999999999999997,0.018333333333333337,0,0,0,0
4689,0.008333333333333335,0.018333333333333337,0,0,0,0
4690,0.0091666666666666667,0.018333333333333337,0,0,0,0
4691,0.010000000000000002,0.018333333333333337,0,0,0,0
4692,0.010833333333333334,0.018333333333333337,0,0,0,0
4693,0.011666666666666669,0.018333333333333337,0,0,0,0
4694,0.012500000000000001,0.018333333333333337,0,0,0,0
4695,0.013333333333333332,0.018333333333333337,0,0,0,0
4696,0.014166666666666671,0.018333333333333337,0,0,0,0
4697,0.015000000000000003,0.018333333333333337,0,0,0,0
4698,0.015833333333333335,0.018333333333333337,0,0,0,0
4699,0.016666666666666666,0.018333333333333337,0,0,0,0
4700,0.017500000000000005,0.018333333333333337,0,0,0,0
4701,0.018333333333333337,0.018333333333333337,0,0,0,0
4702,0.019166666666666669,0.018333333333333337,0,0,0,0
4703,0.02,0.018333333333333337,0,0,0,0
4704,-0.02,0.019166666666666669,0,0,0,0
4705,-0.019166666666666669,0.019166666666666669,0,0,0,0
4706,-0.018333333333333333,0.019166666666666669,0,0,0,0
4707,-0.017500000000000002,0.019166666666666669,0,0,0,0
4708,-0.016666666666666666,0.019166666666666669,0,0,0,0
4709,-0.015833333333333335,0.019166666666666669,0,0,0,0
4710,-0.014999999999999999,0.019166666666666669,0,0,0,0
4711,-0.014166666666666668,0.019166666666666669,0,0,0,0
4712,-0.013333333333333332,0.019166666666666669,0,0,0,0
4713,-0.012500000000000001,0.019166666666666669,0,0,0,0
4714,-0.011666666666666667,0.019166666666666669,0,0,0,0
4715,-0.010833333333333334,0.019166666666666669,0,0,0,0
4716,-0.01,0.019166666666666669,0,0,0,0
4717,-0.0091666666666666667,0.019166666666666669,0,0,0,0
4718,-0.0083333333333333332,0.019166666666666669,0,0,0,0
4719,-0.0074999999999999997,0.019166666666666669,0,0,0,0
4720,-0.0066666666666666662,0.019166666666666669,0,0,0,0
4721,-0.0058333333333333327,0.019166666666666669,0,0,0,0
4722,-0.0049999999999999992,0.019166666666666669,0,0,0,0
4723,-0.0041666666666666657,0.019166666666666669,0,0,0,0
4724,-0.003333333333333334,0.019166666666666669,0,0,0,0
4725,-0.0024999999999999988,0.019166666666666669,0,0,0,0
4726,-0.001666666666666667,0.019166666666666669,0,0,0,0
4727,-0.00083333333333333176,0.019166666666666669,0,0,0,0
4728,0,0.019166666666666669,0,0,0,0
4729,0.00083333333333333523,0.019166666666666669,0,0,0,0
4730,0.001666666666666667,0.019166666666666669,0,0,0,0
4731,0.0025000000000000022,0.019166666666666669,0,0,0,0
4732,0.003333333333333334,0.019166666666666669,0,0,0,0
4733,0.0041666666666666692,0.019166666666666669,0,0,0,0
4734,0.005000000000000001,0.019166666666666669,0,0,0,0
4735,0.0058333333333333362,0.019166666666666669,0,0,0,0
4736,0.006666666666666668,0.019166666666666669,0,0,0,0
4737,0.0074999999999999997,0.019166666666666669,0,0,0,0
4738,0.008333333333333335,0.019166666666666669,0,0,0,0
4739,0.0091666666666666667,0.019166666666666669,0,0,0,0
4740,0.010000000000000002,0.019166666666666669,0,0,0,0
4741,0.010833333333333334,0.019166666666666669,0,0,0,0
4742,0.011666666666666669,0.019166666666666669,0,0,0,0
4743,0.012500000000000001,0.019166666666666669,0,0,0,0
4744,0.013333333333333332,0.019166666666666669,0,0,0,0
4745,0.014166666666666671,0.019166666666666669,0,0,0,0
4746,0.015000000000000003,0.019166666666666669,0,0,0,0
4747,0.015833333333333335,0.019166666666666669,0,0,0,0
4748,0.016666666666666666,0.019166666666666669,0,0,0,0
4749,0.017500000000000005,0.019166666666666669,0,0,0,0
4750,0.018333333333333337,0.019166666666666669,0,0,0,0
4751,0.019166666666666669,0.019166666666666669,0,0,0,0
4752,0.02,0.019166666666666669,0,0,0,0
4753,-0.02,0.02,0,0,0,0
4754,-0.019166666666666669,0.02,0,0,0,0
4755,-0.018333333333333333,0.02,0,0,0,0
4756,-0.017500000000000002,0.02,0,0,0,0
4757,-0.016666666666666666,0.02,0,0,0,0
4758,-0.015833333333333335,0.02,0,0,0,0
4759,-0.014999999999999999,0.02,0,0,0,0
4760,-0.014166666666666668,0.02,0,0,0,0
4761,-0.013333333333333332,0.02,0,0,0,0
4762,-0.012500000000000001,0.02,0,0,0,0
4763,-0.011666666666666667,0.02,0,0,0,0
4764,-0.010833333333333334,0.02,0,0,0,0
4765,-0.01,0.02,0,0,0,0
4766,-0.0091666666666666667,0.02,0,0,0,0
4767,-0.0083333333333333332,0.02,0,0,0,0
4768,-0.0074999999999999997,0.02,0,0,0,0
4769,-0.0066666666666666662,0.02,0,0,0,0
4770,-0.0058333333333333327,0.02,0,0,0,0
4771,-0.0049999999999999992,0.02,0,0,0,0
4772,-0.0041666666666666657,0.02,0,0,0,0
4773,-0.003333333333333334,0.02,0,0,0,0
4774,-0.0024999999999999988,0.02,0,0,0,0
4775,-0.001666666666666667,0.02,0,0,0,0
4776,-0.00083333333333333176,0.02,0,0,0,0
4777,0,0.02,0,0,0,0
4778,0.00083333333333333523,0.02,0,0,0,0
4779,0.001666666666666667,0.02,0,0,0,0
4780,0.0025000000000000022,0.02,0,0,0,0
4781,0.003333333333333334,0.02,0,0,0,0
4782,0.0041666666666666692,0.02,0,0,0,0
4783,0.005000000000000001,0.02,0,0,0,0
4784,0.0058333333333333362,0.02,0,0,0,0
4785,0.006666666666666668,0.02,0,0,0,0
4786,0.0074999999999999997,0.02,0,0,0,0
4787,0.008333333333333335,0.02,0,0,0,0
4788,0.0091666666666666667,0.02,0,0,0,0
4789,0.010000000000000002,0.02,0,0,0,0
4790,0.010833333333333334,0.02,0,0,0,0
4791,0.011666666666666669,0.02,0,0,0,0
4792,0.012500000000000001,0.02,0,0,0,0
4793,0.013333333333333332,0.02,0,0,0,0
4794,0.014166666666666671,0.02,0,0,0,0
4795,0.015000000000000003,0.02,0,0,0,0
4796,0.015833333333333335,0.02,0,0,0,0
4797,0.016666666666666666,0.02,0,0,0,0
4798,0.017500000000000005,0.02,0,0,0,0
4799,0.018333333333333337,0.02,0,0,0,0
4800,0.019166666666666669,0.02,0,0,0,0
4801,0.02,0.02,0,0,0,0
