node,X,Y,Z,ux,uy,uz
0,-0.02,-0.02,-0.001,0,0,0
1,-0.019,-0.02,-0.001,0,0,0
2,-0.018000000000000002,-0.02,-0.001,0,0,0
3,-0.017000000000000001,-0.02,-0.001,0,0,0
4,-0.016,-0.02,-0.001,0,0,0
5,-0.014999999999999999,-0.02,-0.001,0,0,0
6,-0.014,-0.02,-0.001,0,0,0
7,-0.013000000000000001,-0.02,-0.001,0,0,0
8,-0.012,-0.02,-0.001,0,0,0
9,-0.010999999999999999,-0.02,-0.001,0,0,0
10,-0.01,-0.02,-0.001,0,0,0
11,-0.0090000000000000011,-0.02,-0.001,0,0,0
12,-0.0080000000000000002,-0.02,-0.001,0,0,0
13,-0.0069999999999999993,-0.02,-0.001,0,0,0
14,-0.0060000000000000001,-0.02,-0.001,0,0,0
15,-0.005000000000000001,-0.02,-0.001,0,0,0
16,-0.0040000000000000001,-0.02,-0.001,0,0,0
17,-0.0029999999999999992,-0.02,-0.001,0,0,0
18,-0.0019999999999999983,-0.02,-0.001,0,0,0
19,-0.0010000000000000009,-0.02,-0.001,0,0,0
20,0,-0.02,-0.001,0,0,0
21,0.0010000000000000009,-0.02,-0.001,0,0,0
22,0.0019999999999999983,-0.02,-0.001,0,0,0
23,0.0029999999999999992,-0.02,-0.001,0,0,0
24,0.0040000000000000001,-0.02,-0.001,0,0,0
25,0.005000000000000001,-0.02,-0.001,0,0,0
26,0.0060000000000000019,-0.02,-0.001,0,0,0
27,0.0069999999999999993,-0.02,-0.001,0,0,0
28,0.0080000000000000002,-0.02,-0.001,0,0,0
29,0.0090000000000000011,-0.02,-0.001,0,0,0
30,0.0099999999999999985,-0.02,-0.001,0,0,0
31,0.010999999999999999,-0.02,-0.001,0,0,0
32,0.012,-0.02,-0.001,0,0,0
33,0.013000000000000001,-0.02,-0.001,0,0,0
34,0.014000000000000002,-0.02,-0.001,0,0,0
35,0.015000000000000003,-0.02,-0.001,0,0,0
36,0.016000000000000004,-0.02,-0.001,0,0,0
37,0.016999999999999998,-0.02,-0.001,0,0,0
38,0.017999999999999999,-0.02,-0.001,0,0,0
39,0.019,-0.02,-0.001,0,0,0
40,0.02,-0.02,-0.001,0,0,0
41,-0.02,-0.019,-0.001,0,0,0
42,-0.019,-0.019,-0.001,0,0,0
43,-0.018000000000000002,-0.019,-0.001,0,0,0
44,-0.017000000000000001,-0.019,-0.001,0,0,0
45,-0.016,-0.019,-0.001,0,0,0
46,-0.014999999999999999,-0.019,-0.001,0,0,0
47,-0.014,-0.019,-0.001,0,0,0
48,-0.013000000000000001,-0.019,-0.001,0,0,0
49,-0.012,-0.019,-0.001,0,0,0
50,-0.010999999999999999,-0.019,-0.001,0,0,0
51,-0.01,-0.019,-0.001,0,0,0
52,-0.0090000000000000011,-0.019,-0.001,0,0,0
53,-0.0080000000000000002,-0.019,-0.001,0,0,0
54,-0.0069999999999999993,-0.019,-0.001,0,0,0
55,-0.0060000000000000001,-0.019,-0.001,0,0,0
56,-0.005000000000000001,-0.019,-0.001,0,0,0
57,-0.0040000000000000001,-0.019,-0.001,0,0,0
58,-0.0029999999999999992,-0.019,-0.001,0,0,0
59,-0.0019999999999999983,-0.019,-0.001,0,0,0
60,-0.0010000000000000009,-0.019,-0.001,0,0,0
61,0,-0.019,-0.001,0,0,0
62,0.0010000000000000009,-0.019,-0.001,0,0,0
63,0.0019999999999999983,-0.019,-0.001,0,0,0
64,0.0029999999999999992,-0.019,-0.001,0,0,0
65,0.0040000000000000001,-0.019,-0.001,0,0,0
66,0.005000000000000001,-0.019,-0.001,0,0,0
67,0.0060000000000000019,-0.019,-0.001,0,0,0
68,0.0069999999999999993,-0.019,-0.001,0,0,0
69,0.0080000000000000002,-0.019,-0.001,0,0,0
70,0.0090000000000000011,-0.019,-0.001,0,0,0
71,0.0099999999999999985,-0.019,-0.001,0,0,0
72,0.010999999999999999,-0.019,-0.001,0,0,0
73,0.012,-0.019,-0.001,0,0,0
74,0.013000000000000001,-0.019,-0.001,0,0,0
75,0.014000000000000002,-0.019,-0.001,0,0,0
76,0.015000000000000003,-0.019,-0.001,0,0,0
77,0.016000000000000004,-0.019,-0.001,0,0,0
78,0.016999999999999998,-0.019,-0.001,0,0,0
79,0.017999999999999999,-0.019,-0.001,0,0,0
80,0.019,-0.019,-0.001,0,0,0
81,0.02,-0.019,-0.001,0,0,0
82,-0.02,-0.018000000000000002,-0.001,0,0,0
83,-0.019,-0.018000000000000002,-0.001,0,0,0
84,-0.018000000000000002,-0.018000000000000002,-0.001,0,0,0
85,-0.017000000000000001,-0.018000000000000002,-0.001,0,0,0
86,-0.016,-0.018000000000000002,-0.001,0,0,0
87,-0.014999999999999999,-0.018000000000000002,-0.001,0,0,0
88,-0.014,-0.018000000000000002,-0.001,0,0,0
89,-0.013000000000000001,-0.018000000000000002,-0.001,0,0,0
90,-0.012,-0.018000000000000002,-0.001,0,0,0
91,-0.010999999999999999,-0.018000000000000002,-0.001,0,0,0
92,-0.01,-0.018000000000000002,-0.001,0,0,0
93,-0.0090000000000000011,-0.018000000000000002,-0.001,0,0,0
94,-0.0080000000000000002,-0.018000000000000002,-0.001,0,0,0
95,-0.0069999999999999993,-0.018000000000000002,-0.001,0,0,0
96,-0.0060000000000000001,-0.018000000000000002,-0.001,0,0,0
97,-0.005000000000000001,-0.018000000000000002,-0.001,0,0,0
98,-0.0040000000000000001,-0.018000000000000002,-0.001,0,0,0
99,-0.0029999999999999992,-0.018000000000000002,-0.001,0,0,0
100,-0.0019999999999999983,-0.018000000000000002,-0.001,0,0,0
101,-0.0010000000000000009,-0.018000000000000002,-0.001,0,0,0
102,0,-0.018000000000000002,-0.001,0,0,0
103,0.0010000000000000009,-0.018000000000000002,-0.001,0,0,0
104,0.0019999999999999983,-0.018000000000000002,-0.001,0,0,0
105,0.0029999999999999992,-0.018000000000000002,-0.001,0,0,0
106,0.0040000000000000001,-0.018000000000000002,-0.001,0,0,0
107,0.005000000000000001,-0.018000000000000002,-0.001,0,0,0
108,0.0060000000000000019,-0.018000000000000002,-0.001,0,0,0
109,0.0069999999999999993,-0.018000000000000002,-0.001,0,0,0
110,0.0080000000000000002,-0.018000000000000002,-0.001,0,0,0
111,0.0090000000000000011,-0.018000000000000002,-0.001,0,0,0
112,0.0099999999999999985,-0.018000000000000002,-0.001,0,0,0
113,0.010999999999999999,-0.018000000000000002,-0.001,0,0,0
114,0.012,-0.018000000000000002,-0.001,0,0,0
115,0.013000000000000001,-0.018000000000000002,-0.001,0,0,0
116,0.014000000000000002,-0.018000000000000002,-0.001,0,0,0
117,0.015000000000000003,-0.018000000000000002,-0.001,0,0,0
118,0.016000000000000004,-0.018000000000000002,-0.001,0,0,0
119,0.016999999999999998,-0.018000000000000002,-0.001,0,0,0
120,0.017999999999999999,-0.018000000000000002,-0.001,0,0,0
121,0.019,-0.018000000000000002,-0.001,0,0,0
122,0.02,-0.018000000000000002,-0.001,0,0,0
123,-0.02,-0.017000000000000001,-0.001,0,0,0
124,-0.019,-0.017000000000000001,-0.001,0,0,0
125,-0.018000000000000002,-0.017000000000000001,-0.001,0,0,0
126,-0.017000000000000001,-0.017000000000000001,-0.001,0,0,0
127,-0.016,-0.017000000000000001,-0.001,0,0,0
128,-0.014999999999999999,-0.017000000000000001,-0.001,0,0,0
129,-0.014,-0.017000000000000001,-0.001,0,0,0
130,-0.013000000000000001,-0.017000000000000001,-0.001,0,0,0
131,-0.012,-0.017000000000000001,-0.001,0,0,0
132,-0.010999999999999999,-0.017000000000000001,-0.001,0,0,0
133,-0.01,-0.017000000000000001,-0.001,0,0,0
134,-0.0090000000000000011,-0.017000000000000001,-0.001,0,0,0
135,-0.0080000000000000002,-0.017000000000000001,-0.001,0,0,0
136,-0.0069999999999999993,-0.017000000000000001,-0.001,0,0,0
137,-0.0060000000000000001,-0.017000000000000001,-0.001,0,0,0
138,-0.005000000000000001,-0.017000000000000001,-0.001,0,0,0
139,-0.0040000000000000001,-0.017000000000000001,-0.001,0,0,0
140,-0.0029999999999999992,-0.017000000000000001,-0.001,0,0,0
141,-0.0019999999999999983,-0.017000000000000001,-0.001,0,0,0
142,-0.0010000000000000009,-0.017000000000000001,-0.001,0,0,0
143,0,-0.017000000000000001,-0.001,0,0,0
144,0.0010000000000000009,-0.017000000000000001,-0.001,0,0,0
145,0.0019999999999999983,-0.017000000000000001,-0.001,0,0,0
146,0.0029999999999999992,-0.017000000000000001,-0.001,0,0,0
147,0.0040000000000000001,-0.017000000000000001,-0.001,0,0,0
148,0.005000000000000001,-0.017000000000000001,-0.001,0,0,0
149,0.0060000000000000019,-0.017000000000000001,-0.001,0,0,0
150,0.0069999999999999993,-0.017000000000000001,-0.001,0,0,0
151,0.0080000000000000002,-0.017000000000000001,-0.001,0,0,0
152,0.0090000000000000011,-0.017000000000000001,-0.001,0,0,0
153,0.0099999999999999985,-0.017000000000000001,-0.001,0,0,0
154,0.010999999999999999,-0.017000000000000001,-0.001,0,0,0
155,0.012,-0.017000000000000001,-0.001,0,0,0
156,0.013000000000000001,-0.017000000000000001,-0.001,0,0,0
157,0.014000000000000002,-0.017000000000000001,-0.001,0,0,0
158,0.015000000000000003,-0.017000000000000001,-0.001,0,0,0
159,0.016000000000000004,-0.017000000000000001,-0.001,0,0,0
160,0.016999999999999998,-0.017000000000000001,-0.001,0,0,0
161,0.017999999999999999,-0.017000000000000001,-0.001,0,0,0
162,0.019,-0.017000000000000001,-0.001,0,0,0
163,0.02,-0.017000000000000001,-0.001,0,0,0
164,-0.02,-0.016,-0.001,0,0,0
165,-0.019,-0.016,-0.001,0,0,0
166,-0.018000000000000002,-0.016,-0.001,0,0,0
167,-0.017000000000000001,-0.016,-0.001,0,0,0
168,-0.016,-0.016,-0.001,0,0,0
169,-0.014999999999999999,-0.016,-0.001,0,0,0
170,-0.014,-0.016,-0.001,0,0,0
171,-0.013000000000000001,-0.016,-0.001,0,0,0
172,-0.012,-0.016,-0.001,0,0,0
173,-0.010999999999999999,-0.016,-0.001,0,0,0
174,-0.01,-0.016,-0.001,0,0,0
175,-0.0090000000000000011,-0.016,-0.001,0,0,0
176,-0.0080000000000000002,-0.016,-0.001,0,0,0
177,-0.0069999999999999993,-0.016,-0.001,0,0,0
178,-0.0060000000000000001,-0.016,-0.001,0,0,0
179,-0.005000000000000001,-0.016,-0.001,0,0,0
180,-0.0040000000000000001,-0.016,-0.001,0,0,0
181,-0.0029999999999999992,-0.016,-0.001,0,0,0
182,-0.0019999999999999983,-0.016,-0.001,0,0,0
183,-0.0010000000000000009,-0.016,-0.001,0,0,0
184,0,-0.016,-0.001,0,0,0
185,0.0010000000000000009,-0.016,-0.001,0,0,0
186,0.0019999999999999983,-0.016,-0.001,0,0,0
187,0.0029999999999999992,-0.016,-0.001,0,0,0
188,0.0040000000000000001,-0.016,-0.001,0,0,0
189,0.005000000000000001,-0.016,-0.001,0,0,0
190,0.0060000000000000019,-0.016,-0.001,0,0,0
191,0.0069999999999999993,-0.016,-0.001,0,0,0
192,0.0080000000000000002,-0.016,-0.001,0,0,0
193,0.0090000000000000011,-0.016,-0.001,0,0,0
194,0.0099999999999999985,-0.016,-0.001,0,0,0
195,0.010999999999999999,-0.016,-0.001,0,0,0
196,0.012,-0.016,-0.001,0,0,0
197,0.013000000000000001,-0.016,-0.001,0,0,0
198,0.014000000000000002,-0.016,-0.001,0,0,0
199,0.015000000000000003,-0.016,-0.001,0,0,0
200,0.016000000000000004,-0.016,-0.001,0,0,0
201,0.016999999999999998,-0.016,-0.001,0,0,0
202,0.017999999999999999,-0.016,-0.001,0,0,0
203,0.019,-0.016,-0.001,0,0,0
204,0.02,-0.016,-0.001,0,0,0
205,-0.02,-0.014999999999999999,-0.001,0,0,0
206,-0.019,-0.014999999999999999,-0.001,0,0,0
207,-0.018000000000000002,-0.014999999999999999,-0.001,0,0,0
208,-0.017000000000000001,-0.014999999999999999,-0.001,0,0,0
209,-0.016,-0.014999999999999999,-0.001,0,0,0
210,-0.014999999999999999,-0.014999999999999999,-0.001,0,0,0
211,-0.014,-0.014999999999999999,-0.001,0,0,0
212,-0.013000000000000001,-0.014999999999999999,-0.001,0,0,0
213,-0.012,-0.014999999999999999,-0.001,0,0,0
214,-0.010999999999999999,-0.014999999999999999,-0.001,0,0,0
215,-0.01,-0.014999999999999999,-0.001,0,0,0
216,-0.0090000000000000011,-0.014999999999999999,-0.001,0,0,0
217,-0.0080000000000000002,-0.014999999999999999,-0.001,0,0,0
218,-0.0069999999999999993,-0.014999999999999999,-0.001,0,0,0
219,-0.0060000000000000001,-0.014999999999999999,-0.001,0,0,0
220,-0.005000000000000001,-0.014999999999999999,-0.001,0,0,0
221,-0.0040000000000000001,-0.014999999999999999,-0.001,0,0,0
222,-0.0029999999999999992,-0.014999999999999999,-0.001,0,0,0
223,-0.0019999999999999983,-0.014999999999999999,-0.001,0,0,0
224,-0.0010000000000000009,-0.014999999999999999,-0.001,0,0,0
225,0,-0.014999999999999999,-0.001,0,0,0
226,0.0010000000000000009,-0.014999999999999999,-0.001,0,0,0
227,0.0019999999999999983,-0.014999999999999999,-0.001,0,0,0
228,0.0029999999999999992,-0.014999999999999999,-0.001,0,0,0
229,0.0040000000000000001,-0.014999999999999999,-0.001,0,0,0
230,0.005000000000000001,-0.014999999999999999,-0.001,0,0,0
231,0.0060000000000000019,-0.014999999999999999,-0.001,0,0,0
232,0.0069999999999999993,-0.014999999999999999,-0.001,0,0,0
233,0.0080000000000000002,-0.014999999999999999,-0.001,0,0,0
234,0.0090000000000000011,-0.014999999999999999,-0.001,0,0,0
235,0.0099999999999999985,-0.014999999999999999,-0.001,0,0,0
236,0.010999999999999999,-0.014999999999999999,-0.001,0,0,0
237,0.012,-0.014999999999999999,-0.001,0,0,0
238,0.013000000000000001,-0.014999999999999999,-0.001,0,0,0
239,0.014000000000000002,-0.014999999999999999,-0.001,0,0,0
240,0.015000000000000003,-0.014999999999999999,-0.001,0,0,0
241,0.016000000000000004,-0.014999999999999999,-0.001,0,0,0
242,0.016999999999999998,-0.014999999999999999,-0.001,0,0,0
243,0.017999999999999999,-0.014999999999999999,-0.001,0,0,0
244,0.019,-0.014999999999999999,-0.001,0,0,0
245,0.02,-0.014999999999999999,-0.001,0,0,0
246,-0.02,-0.014,-0.001,0,0,0
247,-0.019,-0.014,-0.001,0,0,0
248,-0.018000000000000002,-0.014,-0.001,0,0,0
249,-0.017000000000000001,-0.014,-0.001,0,0,0
250,-0.016,-0.014,-0.001,0,0,0
251,-0.014999999999999999,-0.014,-0.001,0,0,0
252,-0.014,-0.014,-0.001,6.5466359995815453e-08,6.4482517281049427e-08,1.9695498342862379e-08
253,-0.013000000000000001,-0.014,-0.001,4.1878227817874469e-08,-1.365262305789214e-07,-3.8208838436541225e-07
254,-0.012,-0.014,-0.001,2.0528855997430594e-08,-5.7388234065052323e-07,-1.0206336281414446e-06
255,-0.010999999999999999,-0.014,-0.001,-1.160961499563409e-08,-1.0270548085486635e-06,-1.9546535463857328e-06
256,-0.01,-0.014,-0.001,2.8668026269027879e-08,-1.626528802297509e-06,-3.3105189629494294e-06
257,-0.0090000000000000011,-0.014,-0.001,1.2733248083000379e-07,-2.6447377620046725e-06,-5.2458011201232218e-06
258,-0.0080000000000000002,-0.014,-0.001,2.8610404441360074e-07,-3.951565577692377e-06,-7.707338156318513e-06
259,-0.0069999999999999993,-0.014,-0.001,4.6667946968626453e-07,-5.4042032129667544e-06,-1.049966543839314e-05
260,-0.0060000000000000001,-0.014,-0.001,6.170701228908719e-07,-6.8626932817624271e-06,-1.3407750743546189e-05
261,-0.005000000000000001,-0.014,-0.001,6.9785854076976891e-07,-8.2291686324529166e-06,-1.6242582744169141e-05
262,-0.0040000000000000001,-0.014,-0.001,6.8725632576703348e-07,-9.4430284888851766e-06,-1.8841815540670103e-05
263,-0.0029999999999999992,-0.014,-0.001,5.8152589558371918e-07,-1.0460584306437576e-05,-2.1067572814776738e-05
264,-0.0019999999999999983,-0.014,-0.001,3.9081526934402994e-07,-1.1250314088890758e-05,-2.2802526330317142e-05
265,-0.0010000000000000009,-0.014,-0.001,1.3674404059385079e-07,-1.1788627714572552e-05,-2.3955026572146369e-05
266,0,-0.014,-0.001,-1.5133533911340038e-07,-1.2065159463011113e-05,-2.4461380240500797e-05
267,0.0010000000000000009,-0.014,-0.001,-4.3631149968976212e-07,-1.2088359765965281e-05,-2.4285318078838766e-05
268,0.0019999999999999983,-0.014,-0.001,-6.8384689613600161e-07,-1.1825088495100744e-05,-2.3442219696430743e-05
269,0.0029999999999999992,-0.014,-0.001,-8.5968315696517773e-07,-1.1257334138702365e-05,-2.1962920620183657e-05
270,0.0040000000000000001,-0.014,-0.001,-9.3995642780168896e-07,-1.0410127076701748e-05,-1.9916316723820124e-05
271,0.005000000000000001,-0.014,-0.001,-9.1421322462382947e-07,-9.3057065249814453e-06,-1.7417596379885268e-05
272,0.0060000000000000019,-0.014,-0.001,-7.8797479617092126e-07,-7.9774434289140253e-06,-1.4611330901495354e-05
273,0.0069999999999999993,-0.014,-0.001,-5.8125341021254368e-07,-6.5017864642555746e-06,-1.1670804696501705e-05
274,0.0080000000000000002,-0.014,-0.001,-3.3517096447975359e-07,-4.9765959356322941e-06,-8.786640600902499e-06
275,0.0090000000000000011,-0.014,-0.001,-1.0735104255456834e-07,-3.539725971542996e-06,-6.1658403940306085e-06
276,0.0099999999999999985,-0.014,-0.001,4.5555008706425342e-08,-2.3346497261684742e-06,-4.0144824105681573e-06
277,0.010999999999999999,-0.014,-0.001,1.0792465163223856e-07,-1.4571334880297733e-06,-2.4202856907606757e-06
278,0.012,-0.014,-0.001,9.6048476968796614e-08,-8.5089599880645792e-07,-1.2827578348996512e-06
279,0.013000000000000001,-0.014,-0.001,4.5079186556650302e-08,-2.8237187559505704e-07,-4.7614307645112156e-07
280,0.014000000000000002,-0.014,-0.001,-2.6595911473912661e-08,1.608822286621556e-08,8.2532453802958679e-09
281,0.015000000000000003,-0.014,-0.001,0,0,0
282,0.016000000000000004,-0.014,-0.001,0,0,0
283,0.016999999999999998,-0.014,-0.001,0,0,0
284,0.017999999999999999,-0.014,-0.001,0,0,0
285,0.019,-0.014,-0.001,0,0,0
286,0.02,-0.014,-0.001,0,0,0
287,-0.02,-0.013000000000000001,-0.001,0,0,0
288,-0.019,-0.013000000000000001,-0.001,0,0,0
289,-0.018000000000000002,-0.013000000000000001,-0.001,0,0,0
290,-0.017000000000000001,-0.013000000000000001,-0.001,0,0,0
291,-0.016,-0.013000000000000001,-0.001,0,0,0
292,-0.014999999999999999,-0.013000000000000001,-0.001,0,0,0
293,-0.014,-0.013000000000000001,-0.001,-1.3173179612373397e-07,3.9848178186745669e-08,-3.8053884021899456e-07
294,-0.013000000000000001,-0.013000000000000001,-0.001,-3.7407984138135502e-07,-3.8241758497758442e-07,-1.9315450148401428e-06
295,-0.012,-0.013000000000000001,-0.001,-6.6336209423673767e-07,-1.322690683418126e-06,-4.9890535911288542e-06
296,-0.010999999999999999,-0.013000000000000001,-0.001,-9.786990865512805e-07,-2.7105093553424189e-06,-9.9381121241044639e-06
297,-0.01,-0.013000000000000001,-0.001,-1.2509570211186484e-06,-4.8072855040941956e-06,-1.7162608057597569e-05
298,-0.0090000000000000011,-0.013000000000000001,-0.001,-1.3816313467287743e-06,-7.4438838978361032e-06,-2.6424274535475516e-05
299,-0.0080000000000000002,-0.013000000000000001,-0.001,-1.3673437663733969e-06,-1.0436924147538935e-05,-3.715618457321955e-05
300,-0.0069999999999999993,-0.013000000000000001,-0.001,-1.2598900791715973e-06,-1.3581860503240475e-05,-4.8691226693317016e-05
301,-0.0060000000000000001,-0.013000000000000001,-0.001,-1.1082796915704627e-06,-1.6712318954075233e-05,-6.0373145334269162e-05
302,-0.005000000000000001,-0.013000000000000001,-0.001,-9.5355746141265838e-07,-1.968776233454701e-05,-7.1590724856089713e-05
303,-0.0040000000000000001,-0.013000000000000001,-0.001,-8.1618078133224906e-07,-2.2388384162366035e-05,-8.1789498856444122e-05
304,-0.0029999999999999992,-0.013000000000000001,-0.001,-7.0214515133918366e-07,-2.4704724944350358e-05,-9.0469682103374045e-05
305,-0.0019999999999999983,-0.013000000000000001,-0.001,-6.064118385766381e-07,-2.6537753222458296e-05,-9.7206201318891669e-05
306,-0.0010000000000000009,-0.013000000000000001,-0.001,-5.1957731475636024e-07,-2.78085380315272e-05,-0.00010165426595616678
307,0,-0.013000000000000001,-0.001,-4.2147890862086006e-07,-2.8457412501097013e-05,-0.00010356687070615956
308,0.0010000000000000009,-0.013000000000000001,-0.001,-3.034918900287672e-07,-2.8444791526288754e-05,-0.00010283446622461673
309,0.0019999999999999983,-0.013000000000000001,-0.001,-1.5666242722323253e-07,-2.7777557593617083e-05,-9.9477888275232676e-05
310,0.0029999999999999992,-0.013000000000000001,-0.001,2.8318406329354616e-08,-2.648701075448299e-05,-9.3668562351461945e-05
311,0.0040000000000000001,-0.013000000000000001,-0.001,2.5442905640992938e-07,-2.4622624871517772e-05,-8.569626952499282e-05
312,0.005000000000000001,-0.013000000000000001,-0.001,5.2485512186134726e-07,-2.2227437271718982e-05,-7.5945663916623452e-05
313,0.0060000000000000019,-0.013000000000000001,-0.001,8.3833814885336736e-07,-1.9384451770823058e-05,-6.489854408224764e-05
314,0.0069999999999999993,-0.013000000000000001,-0.001,1.1649284658565226e-06,-1.6206402262748238e-05,-5.3093603840005634e-05
315,0.0080000000000000002,-0.013000000000000001,-0.001,1.445313672044718e-06,-1.2845466248178249e-05,-4.1160280474723279e-05
316,0.0090000000000000011,-0.013000000000000001,-0.001,1.6101310162380547e-06,-9.5046720059644967e-06,-2.9802964885600706e-05
317,0.0099999999999999985,-0.013000000000000001,-0.001,1.5817748094192259e-06,-6.4259511790056785e-06,-1.977002926020648e-05
318,0.010999999999999999,-0.013000000000000001,-0.001,1.3510375231378854e-06,-3.860621509186664e-06,-1.1712985557627192e-05
319,0.012,-0.013000000000000001,-0.001,9.5292838885992656e-07,-1.9504069196782479e-06,-6.0218446517000244e-06
320,0.013000000000000001,-0.013000000000000001,-0.001,6.1030403861669159e-07,-7.0448845967944774e-07,-2.3999383798549812e-06
321,0.014000000000000002,-0.013000000000000001,-0.001,2.6234598007081565e-07,-8.7783237861703835e-08,-4.8442291107717049e-07
322,0.015000000000000003,-0.013000000000000001,-0.001,0,0,0
323,0.016000000000000004,-0.013000000000000001,-0.001,0,0,0
324,0.016999999999999998,-0.013000000000000001,-0.001,0,0,0
325,0.017999999999999999,-0.013000000000000001,-0.001,0,0,0
326,0.019,-0.013000000000000001,-0.001,0,0,0
327,0.02,-0.013000000000000001,-0.001,0,0,0
328,-0.02,-0.012,-0.001,0,0,0
329,-0.019,-0.012,-0.001,0,0,0
330,-0.018000000000000002,-0.012,-0.001,0,0,0
331,-0.017000000000000001,-0.012,-0.001,0,0,0
332,-0.016,-0.012,-0.001,0,0,0
333,-0.014999999999999999,-0.012,-0.001,0,0,0
334,-0.014,-0.012,-0.001,-5.608412397116057e-07,1.8599161239000089e-08,-1.0131268991598903e-06
335,-0.013000000000000001,-0.012,-0.001,-1.3010050287792717e-06,-6.6922060042452366e-07,-4.9739871939788073e-06
336,-0.012,-0.012,-0.001,-2.129250808363707e-06,-2.1449371899424403e-06,-1.264662684485751e-05
337,-0.010999999999999999,-0.012,-0.001,-3.0534641003254024e-06,-4.351071347046592e-06,-2.4603813913782622e-05
338,-0.01,-0.012,-0.001,-3.7771434780546347e-06,-7.0990574706929395e-06,-4.0645185118042512e-05
339,-0.0090000000000000011,-0.012,-0.001,-4.2831575760589943e-06,-1.0281351237064509e-05,-5.9879813892494498e-05
340,-0.0080000000000000002,-0.012,-0.001,-4.5603542444039509e-06,-1.37433883667413e-05,-8.1305478726749535e-05
341,-0.0069999999999999993,-0.012,-0.001,-4.6325010764005375e-06,-1.7351275280711201e-05,-0.00010383969738836779
342,-0.0060000000000000001,-0.012,-0.001,-4.5152547245261348e-06,-2.0981993779177437e-05,-0.00012643178891343117
343,-0.005000000000000001,-0.012,-0.001,-4.224294546247646e-06,-2.4499693478185795e-05,-0.0001480528446874442
344,-0.0040000000000000001,-0.012,-0.001,-3.7751962531593681e-06,-2.7758743536253706e-05,-0.00016771603011182971
345,-0.0029999999999999992,-0.012,-0.001,-3.1900076967760202e-06,-3.0608638920950024e-05,-0.00018449856205805706
346,-0.0019999999999999983,-0.012,-0.001,-2.4944201020587715e-06,-3.2909816344268171e-05,-0.00019757248120249861
347,-0.0010000000000000009,-0.012,-0.001,-1.7174176580681016e-06,-3.4549822657200666e-05,-0.00020626959220726706
348,0,-0.012,-0.001,-8.8077016519040346e-07,-3.5456176450468258e-05,-0.00021014176057231583
349,0.0010000000000000009,-0.012,-0.001,5.3498154454588966e-09,-3.5584085945999073e-05,-0.00020897425166814212
350,0.0019999999999999983,-0.012,-0.001,9.2200125705131064e-07,-3.4917690726917989e-05,-0.00020280073430808154
351,0.0029999999999999992,-0.012,-0.001,1.83087289972161e-06,-3.3479664898437004e-05,-0.00019190542561164147
352,0.0040000000000000001,-0.012,-0.001,2.7004181284146333e-06,-3.1331709966426796e-05,-0.000176816567870633
353,0.005000000000000001,-0.012,-0.001,3.5069041804123252e-06,-2.8542359593338032e-05,-0.00015825564013068343
354,0.0060000000000000019,-0.012,-0.001,4.1997792403022104e-06,-2.5227679977337597e-05,-0.00013705849672571155
355,0.0069999999999999993,-0.012,-0.001,4.7238818732450318e-06,-2.1528056497984423e-05,-0.00011418901215044656
356,0.0080000000000000002,-0.012,-0.001,5.0151204689268503e-06,-1.7600468954353165e-05,-9.0729683568605072e-05
357,0.0090000000000000011,-0.012,-0.001,5.0179294843728144e-06,-1.3606583388202513e-05,-6.7861144682092173e-05
358,0.0099999999999999985,-0.012,-0.001,4.6754613949393874e-06,-9.7428599207434338e-06,-4.6846879058097634e-05
359,0.010999999999999999,-0.012,-0.001,3.9800094108211053e-06,-6.2380378675547139e-06,-2.8922038262765971e-05
360,0.012,-0.012,-0.001,2.9556363986491773e-06,-3.333358963915389e-06,-1.5199014417815062e-05
361,0.013000000000000001,-0.012,-0.001,1.8242827557505373e-06,-1.1961375359335285e-06,-6.1458719168687315e-06
362,0.014000000000000002,-0.012,-0.001,8.3378879446783215e-07,-1.9918282603139969e-07,-1.3415244379603757e-06
363,0.015000000000000003,-0.012,-0.001,0,0,0
364,0.016000000000000004,-0.012,-0.001,0,0,0
365,0.016999999999999998,-0.012,-0.001,0,0,0
366,0.017999999999999999,-0.012,-0.001,0,0,0
367,0.019,-0.012,-0.001,0,0,0
368,0.02,-0.012,-0.001,0,0,0
369,-0.02,-0.010999999999999999,-0.001,0,0,0
370,-0.019,-0.010999999999999999,-0.001,0,0,0
371,-0.018000000000000002,-0.010999999999999999,-0.001,0,0,0
372,-0.017000000000000001,-0.010999999999999999,-0.001,0,0,0
373,-0.016,-0.010999999999999999,-0.001,0,0,0
374,-0.014999999999999999,-0.010999999999999999,-0.001,0,0,0
375,-0.014,-0.010999999999999999,-0.001,-9.9678675076701431e-07,-1.1018656808365816e-08,-1.9308377608650434e-06
376,-0.013000000000000001,-0.010999999999999999,-0.001,-2.6591457971406804e-06,-9.7301621501546904e-07,-9.8730083442695978e-06
377,-0.012,-0.010999999999999999,-0.001,-4.3060577338989036e-06,-3.0414419218918356e-06,-2.452047737714347e-05
378,-0.010999999999999999,-0.010999999999999999,-0.001,-5.8457162882700887e-06,-5.8456117930399201e-06,-4.5478093645348346e-05
379,-0.01,-0.010999999999999999,-0.001,-7.0894185922985748e-06,-9.1629533783459836e-06,-7.1738273622106076e-05
380,-0.0090000000000000011,-0.010999999999999999,-0.001,-8.0467390858122696e-06,-1.288721586310752e-05,-0.00010193191015744893
381,-0.0080000000000000002,-0.010999999999999999,-0.001,-8.6995714020254871e-06,-1.694545966915366e-05,-0.00013471178150987911
382,-0.0069999999999999993,-0.010999999999999999,-0.001,-9.045989542801238e-06,-2.1235985386560823e-05,-0.00016871224645319962
383,-0.0060000000000000001,-0.010999999999999999,-0.001,-9.0548545256829004e-06,-2.5648218693016264e-05,-0.0002025791546510261
384,-0.005000000000000001,-0.010999999999999999,-0.001,-8.6991237080956159e-06,-3.0029135255812738e-05,-0.00023493685739486188
385,-0.0040000000000000001,-0.010999999999999999,-0.001,-7.9503834951084805e-06,-3.4189132319662674e-05,-0.00026441196463396135
386,-0.0029999999999999992,-0.010999999999999999,-0.001,-6.8089167321910409e-06,-3.7905666244197253e-05,-0.00028965416425167121
387,-0.0019999999999999983,-0.010999999999999999,-0.001,-5.3156871228228767e-06,-4.0972414743173297e-05,-0.00030944822320442487
388,-0.0010000000000000009,-0.010999999999999999,-0.001,-3.5358911465719134e-06,-4.322596086045476e-05,-0.00032279735222991396
389,0,-0.010999999999999999,-0.001,-1.5590020698650457e-06,-4.4535748895667227e-05,-0.0003289940176026775
390,0.0010000000000000009,-0.010999999999999999,-0.001,5.1072023551371486e-07,-4.4820605437058704e-05,-0.00032768854670087128
391,0.0019999999999999983,-0.010999999999999999,-0.001,2.5588682398255495e-06,-4.4061324624512279e-05,-0.00031892654675677872
392,0.0029999999999999992,-0.010999999999999999,-0.001,4.4739690891673744e-06,-4.2305267903843243e-05,-0.0003031543644764761
393,0.0040000000000000001,-0.010999999999999999,-0.001,6.2115008989124207e-06,-3.9629440958967633e-05,-0.0002810875723582429
394,0.005000000000000001,-0.010999999999999999,-0.001,7.6807213870919969e-06,-3.6141712732532347e-05,-0.00025368589501716972
395,0.0060000000000000019,-0.010999999999999999,-0.001,8.8049979240960282e-06,-3.2022703733647405e-05,-0.00022214314778350587
396,0.0069999999999999993,-0.010999999999999999,-0.001,9.5200959399182654e-06,-2.7455176500478929e-05,-0.00018780824010944212
397,0.0080000000000000002,-0.010999999999999999,-0.001,9.7789238434353189e-06,-2.2646432432288257e-05,-0.00015216774522219977
398,0.0090000000000000011,-0.010999999999999999,-0.001,9.5595082684404813e-06,-1.7771525765303523e-05,-0.00011679794719135116
399,0.0099999999999999985,-0.010999999999999999,-0.001,8.8294235060208743e-06,-1.304093880245877e-05,-8.3402970651042776e-05
400,0.010999999999999999,-0.010999999999999999,-0.001,7.6010940401948357e-06,-8.6413929621926514e-06,-5.3697338613713272e-05
401,0.012,-0.010999999999999999,-0.001,5.8362157867776436e-06,-4.7915872945967583e-06,-2.9512943677018504e-05
402,0.013000000000000001,-0.010999999999999999,-0.001,3.8059242750850115e-06,-1.8335078765494712e-06,-1.220277895422019e-05
403,0.014000000000000002,-0.010999999999999999,-0.001,1.4972992030106665e-06,-3.0154200982964492e-07,-2.6124304557116959e-06
404,0.015000000000000003,-0.010999999999999999,-0.001,0,0,0
405,0.016000000000000004,-0.010999999999999999,-0.001,0,0,0
406,0.016999999999999998,-0.010999999999999999,-0.001,0,0,0
407,0.017999999999999999,-0.010999999999999999,-0.001,0,0,0
408,0.019,-0.010999999999999999,-0.001,0,0,0
409,0.02,-0.010999999999999999,-0.001,0,0,0
410,-0.02,-0.01,-0.001,0,0,0
411,-0.019,-0.01,-0.001,0,0,0
412,-0.018000000000000002,-0.01,-0.001,0,0,0
413,-0.017000000000000001,-0.01,-0.001,0,0,0
414,-0.016,-0.01,-0.001,0,0,0
415,-0.014999999999999999,-0.01,-0.001,0,0,0
416,-0.014,-0.01,-0.001,-1.5645079733463789e-06,3.4584323696428703e-08,-3.2523207790551718e-06
417,-0.013000000000000001,-0.01,-0.001,-4.6994795773312022e-06,-1.2228317750742254e-06,-1.6988413079845798e-05
418,-0.012,-0.01,-0.001,-6.9890476728644247e-06,-3.7118798264082884e-06,-4.0357933069430009e-05
419,-0.010999999999999999,-0.01,-0.001,-9.1107257016510166e-06,-6.9981301305678456e-06,-7.146501763512728e-05
420,-0.01,-0.01,-0.001,-1.0857957058094062e-05,-1.078052266496797e-05,-0.00010879634239753904
421,-0.0090000000000000011,-0.01,-0.001,-1.2320520465443141e-05,-1.5040006611578206e-05,-0.00015061704797306912
422,-0.0080000000000000002,-0.01,-0.001,-1.345204765464841e-05,-1.9751936925020563e-05,-0.00019543973817209967
423,-0.0069999999999999993,-0.01,-0.001,-1.4194078010424704e-05,-2.4848754569228135e-05,-0.00024169621665553795
424,-0.0060000000000000001,-0.01,-0.001,-1.4448087554426191e-05,-3.0234470526569915e-05,-0.0002877875125543107
425,-0.005000000000000001,-0.01,-0.001,-1.4107003942067835e-05,-3.5729076301453873e-05,-0.00033198371205029492
426,-0.0040000000000000001,-0.01,-0.001,-1.3083953804001878e-05,-4.1083140577182801e-05,-0.00037245586343709553
427,-0.0029999999999999992,-0.01,-0.001,-1.134251064404065e-05,-4.6002730992090004e-05,-0.00040737043026134462
428,-0.0019999999999999983,-0.01,-0.001,-8.9128481779362011e-06,-5.0172348503915186e-05,-0.00043499416054806932
429,-0.0010000000000000009,-0.01,-0.001,-5.9209988250827831e-06,-5.3306367339334753e-05,-0.00045389504945962818
430,0,-0.01,-0.001,-2.5323953632541394e-06,-5.5193491531549361e-05,-0.00046304931580704863
431,0.0010000000000000009,-0.01,-0.001,1.0191190173749793e-06,-5.56946474117284e-05,-0.00046192759807099453
432,0.0019999999999999983,-0.01,-0.001,4.4931322501238787e-06,-5.4797871940746172e-05,-0.00045058540253495267
433,0.0029999999999999992,-0.01,-0.001,7.7232645148945634e-06,-5.2555535519197299e-05,-0.00042951750748445439
434,0.0040000000000000001,-0.01,-0.001,1.0514068730592098e-05,-4.9092339803033595e-05,-0.00039973502585940074
435,0.005000000000000001,-0.01,-0.001,1.2761382986721999e-05,-4.4634529861170199e-05,-0.00036260692475986603
436,0.0060000000000000019,-0.01,-0.001,1.4363406524737478e-05,-3.9414207654725892e-05,-0.00031972879978236758
437,0.0069999999999999993,-0.01,-0.001,1.5275607495468903e-05,-3.3680708725213475e-05,-0.00027289058077698382
438,0.0080000000000000002,-0.01,-0.001,1.5456578843835164e-05,-2.7736007295195975e-05,-0.00022400662182333659
439,0.0090000000000000011,-0.01,-0.001,1.4942699482622408e-05,-2.1805863702250638e-05,-0.00017505302005115913
440,0.0099999999999999985,-0.01,-0.001,1.3762428495796635e-05,-1.6098958179165413e-05,-0.000128107558866621
441,0.010999999999999999,-0.01,-0.001,1.1977975901585328e-05,-1.0813357522342851e-05,-8.5240875098396962e-05
442,0.012,-0.01,-0.001,9.4937270655668951e-06,-6.1080679118466901e-06,-4.8847649595278571e-05
443,0.013000000000000001,-0.01,-0.001,6.5827020999944351e-06,-2.3887983088241564e-06,-2.104140653663327e-05
444,0.014000000000000002,-0.01,-0.001,2.4909746711139616e-06,-3.422227595010147e-07,-4.4366332563093148e-06
445,0.015000000000000003,-0.01,-0.001,0,0,0
446,0.016000000000000004,-0.01,-0.001,0,0,0
447,0.016999999999999998,-0.01,-0.001,0,0,0
448,0.017999999999999999,-0.01,-0.001,0,0,0
449,0.019,-0.01,-0.001,0,0,0
450,0.02,-0.01,-0.001,0,0,0
451,-0.02,-0.0090000000000000011,-0.001,0,0,0
452,-0.019,-0.0090000000000000011,-0.001,0,0,0
453,-0.018000000000000002,-0.0090000000000000011,-0.001,0,0,0
454,-0.017000000000000001,-0.0090000000000000011,-0.001,0,0,0
455,-0.016,-0.0090000000000000011,-0.001,0,0,0
456,-0.014999999999999999,-0.0090000000000000011,-0.001,0,0,0
457,-0.014,-0.0090000000000000011,-0.001,-2.5311293257008348e-06,1.4113656736960322e-07,-5.1276635988489357e-06
458,-0.013000000000000001,-0.0090000000000000011,-0.001,-7.2416516647981351e-06,-1.3201692286554197e-06,-2.6055529623957003e-05
459,-0.012,-0.0090000000000000011,-0.001,-1.0053555833782137e-05,-4.1383626558096854e-06,-5.9214728691949411e-05
460,-0.010999999999999999,-0.0090000000000000011,-0.001,-1.2717431296990313e-05,-7.8160290608648454e-06,-0.00010110403397569166
461,-0.01,-0.0090000000000000011,-0.001,-1.5030635233400615e-05,-1.2036371161569161e-05,-0.00014994575299429177
462,-0.0090000000000000011,-0.0090000000000000011,-0.001,-1.711802331369067e-05,-1.6854739767944851e-05,-0.00020383563781203336
463,-0.0080000000000000002,-0.0090000000000000011,-0.001,-1.8893329889405984e-05,-2.231178016296295e-05,-0.00026124289337723332
464,-0.0069999999999999993,-0.0090000000000000011,-0.001,-2.0233159673296575e-05,-2.8378065437647683e-05,-0.00032049952446483584
465,-0.0060000000000000001,-0.0090000000000000011,-0.001,-2.0927150713698457e-05,-3.4966637804234262e-05,-0.00037980538609252187
466,-0.005000000000000001,-0.0090000000000000011,-0.001,-2.0759941877805623e-05,-4.18731019233154e-05,-0.00043707573199869651
467,-0.0040000000000000001,-0.0090000000000000011,-0.001,-1.9522708882791931e-05,-4.8784970487928145e-05,-0.00048998802735107237
468,-0.0029999999999999992,-0.0090000000000000011,-0.001,-1.7120331856932327e-05,-5.5269646668416917e-05,-0.00053605192266795176
469,-0.0019999999999999983,-0.0090000000000000011,-0.001,-1.3598008570997171e-05,-6.0910721713188084e-05,-0.00057297685501572521
470,-0.0010000000000000009,-0.0090000000000000011,-0.001,-9.0746702892056569e-06,-6.5272954642315917e-05,-0.00059870733938574593
471,0,-0.0090000000000000011,-0.001,-3.9013858754861556e-06,-6.7974956635277189e-05,-0.000611702012643592
472,0.0010000000000000009,-0.0090000000000000011,-0.001,1.5263243577366907e-06,-6.8825591247884357e-05,-0.00061124498400595673
473,0.0019999999999999983,-0.0090000000000000011,-0.001,6.8999944312570066e-06,-6.7812916687142163e-05,-0.00059721029129174608
474,0.0029999999999999992,-0.0090000000000000011,-0.001,1.180560094084986e-05,-6.4984436382907416e-05,-0.00057037817111700031
475,0.0040000000000000001,-0.0090000000000000011,-0.001,1.6008448003375815e-05,-6.056560925270179e-05,-0.00053210129586059177
476,0.005000000000000001,-0.0090000000000000011,-0.001,1.9265383812427528e-05,-5.4793833252607899e-05,-0.00048414656352515701
477,0.0060000000000000019,-0.0090000000000000011,-0.001,2.144737096920886e-05,-4.8056746557040216e-05,-0.00042868643735485286
478,0.0069999999999999993,-0.0090000000000000011,-0.001,2.2498206605386747e-05,-4.0740479395897294e-05,-0.00036804807700542487
479,0.0080000000000000002,-0.0090000000000000011,-0.001,2.2456096689616342e-05,-3.3247377408194244e-05,-0.00030467711613856859
480,0.0090000000000000011,-0.0090000000000000011,-0.001,2.1433423621701753e-05,-2.5949813842883942e-05,-0.00024096111987372443
481,0.0099999999999999985,-0.0090000000000000011,-0.001,1.9590036034878596e-05,-1.9056888269141505e-05,-0.00017936231372394504
482,0.010999999999999999,-0.0090000000000000011,-0.001,1.7082875734767028e-05,-1.277923327484694e-05,-0.00012223281218629644
483,0.012,-0.0090000000000000011,-0.001,1.3799063261400576e-05,-7.219225293149927e-06,-7.2403054040319113e-05
484,0.013000000000000001,-0.0090000000000000011,-0.001,1.0086831627687185e-05,-2.7984591383585412e-06,-3.2445636703722899e-05
485,0.014000000000000002,-0.0090000000000000011,-0.001,3.8758181567221291e-06,-3.0699174214505645e-07,-6.9405970703103019e-06
486,0.015000000000000003,-0.0090000000000000011,-0.001,0,0,0
487,0.016000000000000004,-0.0090000000000000011,-0.001,0,0,0
488,0.016999999999999998,-0.0090000000000000011,-0.001,0,0,0
489,0.017999999999999999,-0.0090000000000000011,-0.001,0,0,0
490,0.019,-0.0090000000000000011,-0.001,0,0,0
491,0.02,-0.0090000000000000011,-0.001,0,0,0
492,-0.02,-0.0080000000000000002,-0.001,0,0,0
493,-0.019,-0.0080000000000000002,-0.001,0,0,0
494,-0.018000000000000002,-0.0080000000000000002,-0.001,0,0,0
495,-0.017000000000000001,-0.0080000000000000002,-0.001,0,0,0
496,-0.016,-0.0080000000000000002,-0.001,0,0,0
497,-0.014999999999999999,-0.0080000000000000002,-0.001,0,0,0
498,-0.014,-0.0080000000000000002,-0.001,-3.7623130563276195e-06,3.0970153198434665e-07,-7.4971808547402214e-06
499,-0.013000000000000001,-0.0080000000000000002,-0.001,-1.0092881822665719e-05,-1.2632331724284179e-06,-3.6485635299803481e-05
500,-0.012,-0.0080000000000000002,-0.001,-1.332910603867417e-05,-4.3122493202456897e-06,-8.0041955706231129e-05
501,-0.010999999999999999,-0.0080000000000000002,-0.001,-1.6569381575208107e-05,-8.284552209269658e-06,-0.00013296845922818352
502,-0.01,-0.0080000000000000002,-0.001,-1.9549710289407401e-05,-1.2886527934054859e-05,-0.00019357550251013832
503,-0.0090000000000000011,-0.0080000000000000002,-0.001,-2.2436878232914692e-05,-1.8243944059321871e-05,-0.00025987896958750415
504,-0.0080000000000000002,-0.0080000000000000002,-0.001,-2.5098290342062634e-05,-2.4484352894394172e-05,-0.00033049229696778873
505,-0.0069999999999999993,-0.0080000000000000002,-0.001,-2.7319096399769729e-05,-3.1613563733672241e-05,-0.00040371592929997347
506,-0.0060000000000000001,-0.0080000000000000002,-0.001,-2.8762905080260918e-05,-3.9588304818804428e-05,-0.00047761839796287529
507,-0.005000000000000001,-0.0080000000000000002,-0.001,-2.902164536745967e-05,-4.8178377104350125e-05,-0.00054974883971043679
508,-0.0040000000000000001,-0.0080000000000000002,-0.001,-2.7739818290280503e-05,-5.6989407825027607e-05,-0.00061716732677546515
509,-0.0029999999999999992,-0.0080000000000000002,-0.001,-2.4687574434334764e-05,-6.5541486772331252e-05,-0.0006767428218399838
510,-0.0019999999999999983,-0.0080000000000000002,-0.001,-1.9775569044786822e-05,-7.3129854786821414e-05,-0.00072513588368420829
511,-0.0010000000000000009,-0.0080000000000000002,-0.001,-1.3346297589079293e-05,-7.9113503060979605e-05,-0.00075946818824863219
512,0,-0.0080000000000000002,-0.001,-5.830906352271644e-06,-8.2990157173136583e-05,-0.00077774741186895113
513,0.0010000000000000009,-0.0080000000000000002,-0.001,2.1641027494511173e-06,-8.4433332484418764e-05,-0.00077853502343924546
514,0.0019999999999999983,-0.0080000000000000002,-0.001,1.0010737573803869e-05,-8.342656266332355e-05,-0.00076186460115253163
515,0.0029999999999999992,-0.0080000000000000002,-0.001,1.7249848314237267e-05,-7.9971357672537174e-05,-0.00072858798438204338
516,0.0040000000000000001,-0.0080000000000000002,-0.001,2.3295432126464762e-05,-7.4298821981101131e-05,-0.00068042157826943706
517,0.005000000000000001,-0.0080000000000000002,-0.001,2.7855330965538467e-05,-6.6878521937853281e-05,-0.00061989549028569786
518,0.0060000000000000019,-0.0080000000000000002,-0.001,3.0691832911802694e-05,-5.813855997645389e-05,-0.00054982168672272483
519,0.0069999999999999993,-0.0080000000000000002,-0.001,3.1778064705555644e-05,-4.8703289397208303e-05,-0.00047330309702218163
520,0.0080000000000000002,-0.0080000000000000002,-0.001,3.1227951578154013e-05,-3.9198699804938397e-05,-0.00039351218860921402
521,0.0090000000000000011,-0.0080000000000000002,-0.001,2.9341837811324419e-05,-3.0156065221200189e-05,-0.0003134205755276774
522,0.0099999999999999985,-0.0080000000000000002,-0.001,2.6463961022487945e-05,-2.1861151294004251e-05,-0.00023586294786554789
523,0.010999999999999999,-0.0080000000000000002,-0.001,2.2945244966423036e-05,-1.4481274084111263e-05,-0.00016338304475567103
524,0.012,-0.0080000000000000002,-0.001,1.8661529467221961e-05,-8.0796722483725793e-06,-9.914918459064329e-05
525,0.013000000000000001,-0.0080000000000000002,-0.001,1.4124259156540944e-05,-3.0182903259558842e-06,-4.5838494264783098e-05
526,0.014000000000000002,-0.0080000000000000002,-0.001,5.6142798539300238e-06,-1.9299283770502608e-07,-1.010575591475382e-05
527,0.015000000000000003,-0.0080000000000000002,-0.001,0,0,0
528,0.016000000000000004,-0.0080000000000000002,-0.001,0,0,0
529,0.016999999999999998,-0.0080000000000000002,-0.001,0,0,0
530,0.017999999999999999,-0.0080000000000000002,-0.001,0,0,0
531,0.019,-0.0080000000000000002,-0.001,0,0,0
532,0.02,-0.0080000000000000002,-0.001,0,0,0
533,-0.02,-0.0069999999999999993,-0.001,0,0,0
534,-0.019,-0.0069999999999999993,-0.001,0,0,0
535,-0.018000000000000002,-0.0069999999999999993,-0.001,0,0,0
536,-0.017000000000000001,-0.0069999999999999993,-0.001,0,0,0
537,-0.016,-0.0069999999999999993,-0.001,0,0,0
538,-0.014999999999999999,-0.0069999999999999993,-0.001,0,0,0
539,-0.014,-0.0069999999999999993,-0.001,-5.1130573202053364e-06,5.0116036443915754e-07,-1.0161320525837369e-05
540,-0.013000000000000001,-0.0069999999999999993,-0.001,-1.3042948466707832e-05,-1.1066301749741619e-06,-4.7597406283935672e-05
541,-0.012,-0.0069999999999999993,-0.001,-1.66703281590761e-05,-4.2634686005286218e-06,-0.00010172491721576446
542,-0.010999999999999999,-0.0069999999999999993,-0.001,-2.0545475580509074e-05,-8.4112843603806687e-06,-0.00016563413625799497
543,-0.01,-0.0069999999999999993,-0.001,-2.4318464143927841e-05,-1.3285069717437194e-05,-0.00023802260699480943
544,-0.0090000000000000011,-0.0069999999999999993,-0.001,-2.8206486295223793e-05,-1.9096717462708088e-05,-0.00031693602801404283
545,-0.0080000000000000002,-0.0069999999999999993,-0.001,-3.2018241049066515e-05,-2.6062433287944053e-05,-0.00040128271667298846
546,-0.0069999999999999993,-0.0069999999999999993,-0.001,-3.5471635241069646e-05,-3.4270693291014613e-05,-0.00048943966211120727
547,-0.0060000000000000001,-0.0069999999999999993,-0.001,-3.804583676974611e-05,-4.3724148463300454e-05,-0.00057943634065237026
548,-0.005000000000000001,-0.0069999999999999993,-0.001,-3.9139634996200084e-05,-5.4226264652762364e-05,-0.00066845304374638103
549,-0.0040000000000000001,-0.0069999999999999993,-0.001,-3.8107765099021965e-05,-6.5403800249988993e-05,-0.00075303487362085098
550,-0.0029999999999999992,-0.0069999999999999993,-0.001,-3.4422545985964722e-05,-7.6506951184264588e-05,-0.00082887230969171208
551,-0.0019999999999999983,-0.0069999999999999993,-0.001,-2.8049717741605474e-05,-8.6826155873439344e-05,-0.00089179551176605783
552,-0.0010000000000000009,-0.0069999999999999993,-0.001,-1.9114754108216858e-05,-9.5335242903726614e-05,-0.0009376848624223675
553,0,-0.0069999999999999993,-0.001,-8.4917672714462298e-06,-0.00010086092631068302,-0.00096296819621716234
554,0.0010000000000000009,-0.0069999999999999993,-0.001,2.9009985388311742e-06,-0.00010330259089227593,-0.00096613343674919192
555,0.0019999999999999983,-0.0069999999999999993,-0.001,1.4261512523169685e-05,-0.00010227346336605116,-0.00094679760591701045
556,0.0029999999999999992,-0.0069999999999999993,-0.001,2.4555888695217467e-05,-9.8067636693220398e-05,-0.00090621130100488495
557,0.0040000000000000001,-0.0069999999999999993,-0.001,3.3177215442156246e-05,-9.101722468655609e-05,-0.000846683925964229
558,0.005000000000000001,-0.0069999999999999993,-0.001,3.9442978002809888e-05,-8.1348656639763513e-05,-0.00077122997124716094
559,0.0060000000000000019,-0.0069999999999999993,-0.001,4.3030556398008409e-05,-6.9906946750751626e-05,-0.00068379868109636908
560,0.0069999999999999993,-0.0069999999999999993,-0.001,4.3907639487654669e-05,-5.7621161249929475e-05,-0.00058855262047256807
561,0.0080000000000000002,-0.0069999999999999993,-0.001,4.238168141656716e-05,-4.5489628323093795e-05,-0.00048975249681594796
562,0.0090000000000000011,-0.0069999999999999993,-0.001,3.9045823169582326e-05,-3.4274069723023718e-05,-0.00039118198367154547
563,0.0099999999999999985,-0.0069999999999999993,-0.001,3.4575181715756971e-05,-2.4379859501440914e-05,-0.0002961647127623625
564,0.010999999999999999,-0.0069999999999999993,-0.001,2.9584329999584689e-05,-1.5847326021067303e-05,-0.00020725602003004897
565,0.012,-0.0069999999999999993,-0.001,2.3989864872889946e-05,-8.6577611491472998e-06,-0.00012790170987580054
566,0.013000000000000001,-0.0069999999999999993,-0.001,1.8505413270064861e-05,-3.0920414660727818e-06,-6.0451816723264913e-05
567,0.014000000000000002,-0.0069999999999999993,-0.001,7.5383708250380056e-06,-3.0217004394692763e-08,-1.3704354886683609e-05
568,0.015000000000000003,-0.0069999999999999993,-0.001,0,0,0
569,0.016000000000000004,-0.0069999999999999993,-0.001,0,0,0
570,0.016999999999999998,-0.0069999999999999993,-0.001,0,0,0
571,0.017999999999999999,-0.0069999999999999993,-0.001,0,0,0
572,0.019,-0.0069999999999999993,-0.001,0,0,0
573,0.02,-0.0069999999999999993,-0.001,0,0,0
574,-0.02,-0.0060000000000000001,-0.001,0,0,0
575,-0.019,-0.0060000000000000001,-0.001,0,0,0
576,-0.018000000000000002,-0.0060000000000000001,-0.001,0,0,0
577,-0.017000000000000001,-0.0060000000000000001,-0.001,0,0,0
578,-0.016,-0.0060000000000000001,-0.001,0,0,0
579,-0.014999999999999999,-0.0060000000000000001,-0.001,0,0,0
580,-0.014,-0.0060000000000000001,-0.001,-6.4438868473502164e-06,6.6293516127995614e-07,-1.2904444263984864e-05
581,-0.013000000000000001,-0.0060000000000000001,-0.001,-1.5924690375855552e-05,-9.0293011956762754e-07,-5.8731344227756018e-05
582,-0.012,-0.0060000000000000001,-0.001,-1.9949098338212215e-05,-4.0166672894281127e-06,-0.00012320285933764021
583,-0.010999999999999999,-0.0060000000000000001,-0.001,-2.4522704955933689e-05,-8.1809008287439625e-06,-0.00019772234394333123
584,-0.01,-0.0060000000000000001,-0.001,-2.9217446960428048e-05,-1.3155577824335146e-05,-0.00028163902697414051
585,-0.0090000000000000011,-0.0060000000000000001,-0.001,-3.4300847558774812e-05,-1.922875388781473e-05,-0.00037311595937276979
586,-0.0080000000000000002,-0.0060000000000000001,-0.001,-3.9554775999416873e-05,-2.6737723959331914e-05,-0.00047153818441009779
587,-0.0069999999999999993,-0.0060000000000000001,-0.001,-4.4620773829927995e-05,-3.585374707084585e-05,-0.00057548964148703623
588,-0.0060000000000000001,-0.0060000000000000001,-0.001,-4.8843999737212387e-05,-4.6733193330019401e-05,-0.00068309193847801029
589,-0.005000000000000001,-0.0060000000000000001,-0.001,-5.1372957523536936e-05,-5.9298468364283616e-05,-0.00079142181796646284
590,-0.0040000000000000001,-0.0060000000000000001,-0.001,-5.1146452407068935e-05,-7.3185054927763128e-05,-0.00089626068909733601
591,-0.0029999999999999992,-0.0060000000000000001,-0.001,-4.7368059795285481e-05,-8.8045154994800294e-05,-0.00099274724493512599
592,-0.0019999999999999983,-0.0060000000000000001,-0.001,-3.9163656136277178e-05,-0.00010228014370378926,-0.0010745006270506288
593,-0.0010000000000000009,-0.0060000000000000001,-0.001,-2.7107556670423878e-05,-0.0001141014898238561,-0.0011353064467339608
594,0,-0.0060000000000000001,-0.001,-1.2236812151648604e-05,-0.0001224742877800175,-0.0011708389263085208
595,0.0010000000000000009,-0.0060000000000000001,-0.001,3.9697586753730001e-06,-0.00012634455710996151,-0.0011780349522349208
596,0.0019999999999999983,-0.0060000000000000001,-0.001,2.0097942091043226e-05,-0.00012588172441142735,-0.0011567713459548475
597,0.0029999999999999992,-0.0060000000000000001,-0.001,3.4964199020087858e-05,-0.00012087191232938011,-0.0011079216910314593
598,0.0040000000000000001,-0.0060000000000000001,-0.001,4.7096943757869852e-05,-0.00011152434647236635,-0.0010343732906182141
599,0.005000000000000001,-0.0060000000000000001,-0.001,5.5657156954283174e-05,-9.876143659170189e-05,-0.00094061351654914317
600,0.0060000000000000019,-0.0060000000000000001,-0.001,5.9973391974187466e-05,-8.3423346724177991e-05,-0.00083177006402022989
601,0.0069999999999999993,-0.0060000000000000001,-0.001,6.0062255020001036e-05,-6.7185749929792664e-05,-0.00071371127131107355
602,0.0080000000000000002,-0.0060000000000000001,-0.001,5.6636068780998622e-05,-5.1680564356381953e-05,-0.00059237526076855434
603,0.0090000000000000011,-0.0060000000000000001,-0.001,5.0915180448812227e-05,-3.7907898561756111e-05,-0.00047268855913016976
604,0.0099999999999999985,-0.0060000000000000001,-0.001,4.4033815966749161e-05,-2.6278359027940402e-05,-0.00035854475802672887
605,0.010999999999999999,-0.0060000000000000001,-0.001,3.6961372796999089e-05,-1.6704111363042856e-05,-0.00025228568600131298
606,0.012,-0.0060000000000000001,-0.001,2.9641970459902972e-05,-8.8803815132489132e-06,-0.0001573772056435486
607,0.013000000000000001,-0.0060000000000000001,-0.001,2.3007845850192455e-05,-3.0524468361314064e-06,-7.5493890674735141e-05
608,0.014000000000000002,-0.0060000000000000001,-0.001,9.4988978270958618e-06,1.33062719920433e-07,-1.7476140826181984e-05
609,0.015000000000000003,-0.0060000000000000001,-0.001,0,0,0
610,0.016000000000000004,-0.0060000000000000001,-0.001,0,0,0
611,0.016999999999999998,-0.0060000000000000001,-0.001,0,0,0
612,0.017999999999999999,-0.0060000000000000001,-0.001,0,0,0
613,0.019,-0.0060000000000000001,-0.001,0,0,0
614,0.02,-0.0060000000000000001,-0.001,0,0,0
615,-0.02,-0.005000000000000001,-0.001,0,0,0
616,-0.019,-0.005000000000000001,-0.001,0,0,0
617,-0.018000000000000002,-0.005000000000000001,-0.001,0,0,0
618,-0.017000000000000001,-0.005000000000000001,-0.001,0,0,0
619,-0.016,-0.005000000000000001,-0.001,0,0,0
620,-0.014999999999999999,-0.005000000000000001,-0.001,0,0,0
621,-0.014,-0.005000000000000001,-0.001,-7.6603113709327244e-06,7.5550318599007555e-07,-1.5541076982415216e-05
622,-0.013000000000000001,-0.005000000000000001,-0.001,-1.8602417082429482e-05,-6.9693718000552364e-07,-6.9286487001774235e-05
623,-0.012,-0.005000000000000001,-0.001,-2.3032715367864523e-05,-3.5985309194329168e-06,-0.00014346345476193536
624,-0.010999999999999999,-0.005000000000000001,-0.001,-2.8345747180721121e-05,-7.5872793692957155e-06,-0.00022787672436793557
625,-0.01,-0.005000000000000001,-0.001,-3.4053479994789657e-05,-1.2422286988967942e-05,-0.00032270396607798853
626,-0.0090000000000000011,-0.005000000000000001,-0.001,-4.048900369448646e-05,-1.8469582383893435e-05,-0.00042632215357091822
627,-0.0080000000000000002,-0.005000000000000001,-0.001,-4.7427636191863152e-05,-2.6152050461251256e-05,-0.00053875928112374427
628,-0.0069999999999999993,-0.005000000000000001,-0.001,-5.4494424667678603e-05,-3.5802754505920605e-05,-0.00065892968347039133
629,-0.0060000000000000001,-0.005000000000000001,-0.001,-6.0983144406219277e-05,-4.7797795555085096e-05,-0.00078546339361898292
630,-0.005000000000000001,-0.005000000000000001,-0.001,-6.5768182189952941e-05,-6.2298914173247063e-05,-0.0009153612434626712
631,-0.0040000000000000001,-0.005000000000000001,-0.001,-6.762429576718768e-05,-7.9568793251281659e-05,-0.0010446476159531167
632,-0.0029999999999999992,-0.005000000000000001,-0.001,-6.4397038439776888e-05,-9.8805057832089717e-05,-0.0011667399975704301
633,-0.0019999999999999983,-0.005000000000000001,-0.001,-5.4968365586717311e-05,-0.00011901016511149334,-0.0012736189452752908
634,-0.0010000000000000009,-0.005000000000000001,-0.001,-3.8684431412197311e-05,-0.00013716824837423311,-0.0013561364582024089
635,0,-0.005000000000000001,-0.001,-1.7625094044902326e-05,-0.00014963114134449257,-0.0014059882935384639
636,0.0010000000000000009,-0.005000000000000001,-0.001,5.8978722175697637e-06,-0.00015609884777104463,-0.0014203393527318197
637,0.0019999999999999983,-0.005000000000000001,-0.001,2.9275682412154234e-05,-0.00015576671145223721,-0.0013971305818500815
638,0.0029999999999999992,-0.005000000000000001,-0.001,5.0379193295931338e-05,-0.00014950590053485047,-0.0013385592437831107
639,0.0040000000000000001,-0.005000000000000001,-0.001,6.7654684757426651e-05,-0.00013754820984254263,-0.0012479828736038138
640,0.005000000000000001,-0.005000000000000001,-0.001,7.9227608950807387e-05,-0.00011971389839900124,-0.0011306017658167349
641,0.0060000000000000019,-0.005000000000000001,-0.001,8.3769842869552653e-05,-9.8363997812874095e-05,-0.0009941664988372676
642,0.0069999999999999993,-0.005000000000000001,-0.001,8.1708122087576849e-05,-7.6571370520211364e-05,-0.00084755942035650807
643,0.0080000000000000002,-0.005000000000000001,-0.001,7.4682012756613285e-05,-5.6871355042621515e-05,-0.00069923691833797001
644,0.0090000000000000011,-0.005000000000000001,-0.001,6.5081225769127239e-05,-4.0324668115925244e-05,-0.00055547389151356535
645,0.0099999999999999985,-0.005000000000000001,-0.001,5.4723303717445681e-05,-2.7093830185246939e-05,-0.00042068529099997711
646,0.010999999999999999,-0.005000000000000001,-0.001,4.4853112104627799e-05,-1.6783279979120459e-05,-0.00029656364328443013
647,0.012,-0.005000000000000001,-0.001,3.5382796204171117e-05,-8.6714407921810002e-06,-0.00018618083848588016
648,0.013000000000000001,-0.005000000000000001,-0.001,2.7435051088551772e-05,-2.9093733811278604e-06,-9.0174563194848689e-05
649,0.014000000000000002,-0.005000000000000001,-0.001,1.1368677532680391e-05,2.546448845082745e-07,-2.1170675849652802e-05
650,0.015000000000000003,-0.005000000000000001,-0.001,0,0,0
651,0.016000000000000004,-0.005000000000000001,-0.001,0,0,0
652,0.016999999999999998,-0.005000000000000001,-0.001,0,0,0
653,0.017999999999999999,-0.005000000000000001,-0.001,0,0,0
654,0.019,-0.005000000000000001,-0.001,0,0,0
655,0.02,-0.005000000000000001,-0.001,0,0,0
656,-0.02,-0.0040000000000000001,-0.001,0,0,0
657,-0.019,-0.0040000000000000001,-0.001,0,0,0
658,-0.018000000000000002,-0.0040000000000000001,-0.001,0,0,0
659,-0.017000000000000001,-0.0040000000000000001,-0.001,0,0,0
660,-0.016,-0.0040000000000000001,-0.001,0,0,0
661,-0.014999999999999999,-0.0040000000000000001,-0.001,0,0,0
662,-0.014,-0.0040000000000000001,-0.001,-8.7079175093466524e-06,7.5747790989101203e-07,-1.7916460526557917e-05
663,-0.013000000000000001,-0.0040000000000000001,-0.001,-2.0967175060477522e-05,-5.1218385706271235e-07,-7.8733081259203827e-05
664,-0.012,-0.0040000000000000001,-0.001,-2.5787334111521235e-05,-3.0365705200077132e-06,-0.00016156545368562253
665,-0.010999999999999999,-0.0040000000000000001,-0.001,-3.1835353804932606e-05,-6.6249732266623384e-06,-0.0002547893167827385
666,-0.01,-0.0040000000000000001,-0.001,-3.8581965437965224e-05,-1.103988880535042e-05,-0.00035946948950851067
667,-0.0090000000000000011,-0.0040000000000000001,-0.001,-4.6442425961878251e-05,-1.6661197759638277e-05,-0.00047431333255031852
668,-0.0080000000000000002,-0.0040000000000000001,-0.001,-5.5195979706422179e-05,-2.4001001059452889e-05,-0.00060003017242891423
669,-0.0069999999999999993,-0.0040000000000000001,-0.001,-6.4637146672759995e-05,-3.3523951751473996e-05,-0.00073622930296731489
670,-0.0060000000000000001,-0.0040000000000000001,-0.001,-7.396967036063069e-05,-4.587626127664859e-05,-0.00088209894558398687
671,-0.005000000000000001,-0.0040000000000000001,-0.001,-8.2455626404849495e-05,-6.1949389615062597e-05,-0.0010358701643682514
672,-0.0040000000000000001,-0.0040000000000000001,-0.001,-8.7871502251144889e-05,-8.2203658384578788e-05,-0.0011934213385407669
673,-0.0029999999999999992,-0.0040000000000000001,-0.001,-8.8118330089835632e-05,-0.00010796002601991417,-0.0013487530321988175
674,-0.0019999999999999983,-0.0040000000000000001,-0.001,-7.8185307115132666e-05,-0.00013710828388299929,-0.0014904919044896367
675,-0.0010000000000000009,-0.0040000000000000001,-0.001,-5.6490732836094118e-05,-0.00016407608174400174,-0.0016030106080819116
676,0,-0.0040000000000000001,-0.001,-2.5531121293455677e-05,-0.00018449322950884496,-0.0016757101626635128
677,0.0010000000000000009,-0.0040000000000000001,-0.001,9.4491438929174843e-06,-0.00019447163401264874,-0.0017004090434453323
678,0.0019999999999999983,-0.0040000000000000001,-0.001,4.4099232969875337e-05,-0.00019542322885255544,-0.0016773263647816351
679,0.0029999999999999992,-0.0040000000000000001,-0.001,7.4831031172297154e-05,-0.00018778030743150955,-0.001606583731747747
680,0.0040000000000000001,-0.0040000000000000001,-0.001,9.9548134722132853e-05,-0.00017044580151868101,-0.0014927997511035784
681,0.005000000000000001,-0.0040000000000000001,-0.001,0.0001147070806969752,-0.0001442110413999316,-0.0013432580375459242
682,0.0060000000000000019,-0.0040000000000000001,-0.001,0.00011793262967662944,-0.00011332852026440745,-0.0011697912745317696
683,0.0069999999999999993,-0.0040000000000000001,-0.001,0.00011041826547020429,-8.3875122772098957e-05,-0.00098666339096317572
684,0.0080000000000000002,-0.0040000000000000001,-0.001,9.683914668485953e-05,-5.9356569687054961e-05,-0.00080621798857574527
685,0.0090000000000000011,-0.0040000000000000001,-0.001,8.1261039081325165e-05,-4.0372721965221506e-05,-0.00063573173931621529
686,0.0099999999999999985,-0.0040000000000000001,-0.001,6.6148392069657357e-05,-2.6185352438966914e-05,-0.00047948476925311544
687,0.010999999999999999,-0.0040000000000000001,-0.001,5.2819260213241183e-05,-1.5789349955797906e-05,-0.00033783795651003791
688,0.012,-0.0040000000000000001,-0.001,4.0938273336206696e-05,-7.9418417026110714e-06,-0.00021283406826961318
689,0.013000000000000001,-0.0040000000000000001,-0.001,3.1557761627521795e-05,-2.6401879513340255e-06,-0.00010369795494858034
690,0.014000000000000002,-0.0040000000000000001,-0.001,1.3057907497453844e-05,3.095580843488806e-07,-2.4571154013677099e-05
691,0.015000000000000003,-0.0040000000000000001,-0.001,0,0,0
692,0.016000000000000004,-0.0040000000000000001,-0.001,0,0,0
693,0.016999999999999998,-0.0040000000000000001,-0.001,0,0,0
694,0.017999999999999999,-0.0040000000000000001,-0.001,0,0,0
695,0.019,-0.0040000000000000001,-0.001,0,0,0
696,0.02,-0.0040000000000000001,-0.001,0,0,0
697,-0.02,-0.0029999999999999992,-0.001,0,0,0
698,-0.019,-0.0029999999999999992,-0.001,0,0,0
699,-0.018000000000000002,-0.0029999999999999992,-0.001,0,0,0
700,-0.017000000000000001,-0.0029999999999999992,-0.001,0,0,0
701,-0.016,-0.0029999999999999992,-0.001,0,0,0
702,-0.014999999999999999,-0.0029999999999999992,-0.001,0,0,0
703,-0.014,-0.0029999999999999992,-0.001,-9.5511229110883901e-06,6.661504460913669e-07,-1.9904547300435404e-05
704,-0.013000000000000001,-0.0029999999999999992,-0.001,-2.2925708495499185e-05,-3.5646722070281753e-07,-8.6608831070052872e-05
705,-0.012,-0.0029999999999999992,-0.001,-2.8085075757833773e-05,-2.3624483023519262e-06,-0.00017665786662931373
706,-0.010999999999999999,-0.0029999999999999992,-0.001,-3.4794895577981999e-05,-5.3182503694138656e-06,-0.00027722164635613655
707,-0.01,-0.0029999999999999992,-0.001,-4.2527682073812315e-05,-9.0060954677816918e-06,-0.00039025342224234164
708,-0.0090000000000000011,-0.0029999999999999992,-0.001,-5.1722113836639853e-05,-1.3753232170808736e-05,-0.00051473132093759935
709,-0.0080000000000000002,-0.0029999999999999992,-0.001,-6.233338085303131e-05,-2.0121874771118897e-05,-0.0006522835654880722
710,-0.0069999999999999993,-0.0029999999999999992,-0.001,-7.4162332855536373e-05,-2.8555123663210802e-05,-0.00080296423244484861
711,-0.0060000000000000001,-0.0029999999999999992,-0.001,-8.7231631244277083e-05,-4.0177335816337132e-05,-0.00096767570393093837
712,-0.005000000000000001,-0.0029999999999999992,-0.001,-0.00010035740229670887,-5.6011239240692703e-05,-0.0011454836990442174
713,-0.0040000000000000001,-0.0029999999999999992,-0.001,-0.00011295243436449485,-7.8791379655395363e-05,-0.0013352952602752363
714,-0.0029999999999999992,-0.0029999999999999992,-0.001,-0.00011970868710414246,-0.00010990055489891798,-0.0015309831768566386
715,-0.0019999999999999983,-0.0029999999999999992,-0.001,-0.00011432620102611445,-0.00015040489721033091,-0.0017194588843931905
716,-0.0010000000000000009,-0.0029999999999999992,-0.001,-8.7871104235674792e-05,-0.0001965176167725947,-0.0018810515427588055
717,0,-0.0029999999999999992,-0.001,-3.8067146953014569e-05,-0.00023069437066127217,-0.0019880196310526816
718,0.0010000000000000009,-0.0029999999999999992,-0.001,2.0088153907182424e-05,-0.00024216149100000364,-0.0020279077409822563
719,0.0019999999999999983,-0.0029999999999999992,-0.001,7.0106086944000755e-05,-0.00024083004117890405,-0.0020023090400550126
720,0.0029999999999999992,-0.0029999999999999992,-0.001,0.00011505684148390956,-0.00023419923696326779,-0.0019187983014761231
721,0.0040000000000000001,-0.0029999999999999992,-0.001,0.0001518846549652014,-0.00021088101634099182,-0.0017736274361604605
722,0.005000000000000001,-0.0029999999999999992,-0.001,0.00017054913410811099,-0.00016917760523774817,-0.0015770000064933263
723,0.0060000000000000019,-0.0029999999999999992,-0.001,0.00016617825966354935,-0.00012354240382167779,-0.0013522240181472161
724,0.0069999999999999993,-0.0029999999999999992,-0.001,0.00014692642448118501,-8.5080744616822552e-05,-0.0011231787728800621
725,0.0080000000000000002,-0.0029999999999999992,-0.001,0.00012221233179862852,-5.6569350243048607e-05,-0.00090613467715642496
726,0.0090000000000000011,-0.0029999999999999992,-0.001,9.8254734994206134e-05,-3.6683542660154972e-05,-0.00070814201387757404
727,0.0099999999999999985,-0.0029999999999999992,-0.001,7.7356736066642448e-05,-2.2957065489838481e-05,-0.00053123129601347963
728,0.010999999999999999,-0.0029999999999999992,-0.001,6.027567152352168e-05,-1.3503658906298126e-05,-0.00037359871513174901
729,0.012,-0.0029999999999999992,-0.001,4.5901541782340385e-05,-6.6273170041371892e-06,-0.00023577387432947817
730,0.013000000000000001,-0.0029999999999999992,-0.001,3.5161451274776849e-05,-2.2179158407549645e-06,-0.00011527836044665157
731,0.014000000000000002,-0.0029999999999999992,-0.001,1.4491450592928591e-05,2.9335673524980785e-07,-2.7484464790343752e-05
732,0.015000000000000003,-0.0029999999999999992,-0.001,0,0,0
733,0.016000000000000004,-0.0029999999999999992,-0.001,0,0,0
734,0.016999999999999998,-0.0029999999999999992,-0.001,0,0,0
735,0.017999999999999999,-0.0029999999999999992,-0.001,0,0,0
736,0.019,-0.0029999999999999992,-0.001,0,0,0
737,0.02,-0.0029999999999999992,-0.001,0,0,0
738,-0.02,-0.0019999999999999983,-0.001,0,0,0
739,-0.019,-0.0019999999999999983,-0.001,0,0,0
740,-0.018000000000000002,-0.0019999999999999983,-0.001,0,0,0
741,-0.017000000000000001,-0.0019999999999999983,-0.001,0,0,0
742,-0.016,-0.0019999999999999983,-0.001,0,0,0
743,-0.014999999999999999,-0.0019999999999999983,-0.001,0,0,0
744,-0.014,-0.0019999999999999983,-0.001,-1.0166429719549878e-05,4.9365253468940193e-07,-2.1402798128447477e-05
745,-0.013000000000000001,-0.0019999999999999983,-0.001,-2.4396073013501723e-05,-2.2582132199477608e-07,-9.253343291101097e-05
746,-0.012,-0.0019999999999999983,-0.001,-2.9812816759462155e-05,-1.6094052030056426e-06,-0.00018800605377411917
747,-0.010999999999999999,-0.0019999999999999983,-0.001,-3.7050610894784804e-05,-3.7235385408779781e-06,-0.00029411001586365765
748,-0.01,-0.0019999999999999983,-0.001,-4.5594431178792029e-05,-6.3762086906370408e-06,-0.00041349448774632183
749,-0.0090000000000000011,-0.0019999999999999983,-0.001,-5.5921653827199415e-05,-9.8499633520592353e-06,-0.00054546186055714249
750,-0.0080000000000000002,-0.0019999999999999983,-0.001,-6.8086092044508366e-05,-1.4518054681804404e-05,-0.00069230245277000172
751,-0.0069999999999999993,-0.0019999999999999983,-0.001,-8.2228548053642087e-05,-2.0981929199490919e-05,-0.0008548827165338629
752,-0.0060000000000000001,-0.0019999999999999983,-0.001,-9.8855490390887079e-05,-2.996657205228163e-05,-0.0010353695838825718
753,-0.005000000000000001,-0.0019999999999999983,-0.001,-0.000117906017565827,-4.3449353469505134e-05,-0.0012351524199344691
754,-0.0040000000000000001,-0.0019999999999999983,-0.001,-0.00014000981149031873,-6.4274662009114182e-05,-0.0014571744837569445
755,-0.0029999999999999992,-0.0019999999999999983,-0.001,-0.00015958505778852604,-9.7972372149942634e-05,-0.0016979763905050713
756,-0.0019999999999999983,-0.0019999999999999983,-0.001,-0.00016925546884490563,-0.0001506958505544196,-0.0019502793106998598
757,-0.0010000000000000009,-0.0019999999999999983,-0.001,-0.00014104401634279601,-0.00021303563732262356,-0.0021819424102569427
758,0,-0.0019999999999999983,-0.001,-5.6196564995034802e-05,-0.00025502274946215866,-0.002342738122394349
759,0.0010000000000000009,-0.0019999999999999983,-0.001,4.0945604944799246e-05,-0.00026532083454066361,-0.0023965445586886886
760,0.0019999999999999983,-0.0019999999999999983,-0.001,0.00011393683124544767,-0.0002704571254684021,-0.0023731033122884383
761,0.0029999999999999992,-0.0019999999999999983,-0.001,0.00018006211055303107,-0.00026753178634046973,-0.0022792006140892034
762,0.0040000000000000001,-0.0019999999999999983,-0.001,0.00023740190478650799,-0.00024048816800600081,-0.0020910864967129271
763,0.005000000000000001,-0.0019999999999999983,-0.001,0.00025513249500349315,-0.00018124784269811601,-0.0018210995931156253
764,0.0060000000000000019,-0.0019999999999999983,-0.001,0.00022955444147625405,-0.00011855383767633691,-0.0015250132815539247
765,0.0069999999999999993,-0.0019999999999999983,-0.001,0.00018753814501468408,-7.3529354912342984e-05,-0.0012426166443913398
766,0.0080000000000000002,-0.0019999999999999983,-0.001,0.00014762145572897305,-4.584556842602409e-05,-0.00098936339528496713
767,0.0090000000000000011,-0.0019999999999999983,-0.001,0.00011360832248036527,-2.8290848361193909e-05,-0.0007663321635598112
768,0.0099999999999999985,-0.0019999999999999983,-0.001,8.7017065718315647e-05,-1.7243608418477116e-05,-0.00057200228845879434
769,0.010999999999999999,-0.0019999999999999983,-0.001,6.635143105557016e-05,-9.8933682351724179e-06,-0.00040135180558265938
770,0.012,-0.0019999999999999983,-0.001,4.9855692244628993e-05,-4.7608210452156684e-06,-0.00025348370158993761
771,0.013000000000000001,-0.0019999999999999983,-0.001,3.7991564320621485e-05,-1.6218087608289942e-06,-0.00012418769450248405
772,0.014000000000000002,-0.0019999999999999983,-0.001,1.5592746774947719e-05,2.2390691726683519e-07,-2.9731813563055713e-05
773,0.015000000000000003,-0.0019999999999999983,-0.001,0,0,0
774,0.016000000000000004,-0.0019999999999999983,-0.001,0,0,0
775,0.016999999999999998,-0.0019999999999999983,-0.001,0,0,0
776,0.017999999999999999,-0.0019999999999999983,-0.001,0,0,0
777,0.019,-0.0019999999999999983,-0.001,0,0,0
778,0.02,-0.0019999999999999983,-0.001,0,0,0
779,-0.02,-0.0010000000000000009,-0.001,0,0,0
780,-0.019,-0.0010000000000000009,-0.001,0,0,0
781,-0.018000000000000002,-0.0010000000000000009,-0.001,0,0,0
782,-0.017000000000000001,-0.0010000000000000009,-0.001,0,0,0
783,-0.016,-0.0010000000000000009,-0.001,0,0,0
784,-0.014999999999999999,-0.0010000000000000009,-0.001,0,0,0
785,-0.014,-0.0010000000000000009,-0.001,-1.0539884540914293e-05,2.619664275676797e-07,-2.2333569583614545e-05
786,-0.013000000000000001,-0.0010000000000000009,-0.001,-2.5310788935288375e-05,-1.0975753651027278e-07,-9.6215019112313972e-05
787,-0.012,-0.0010000000000000009,-0.001,-3.0884381037870897e-05,-8.141638846976691e-07,-0.00019504708340968682
788,-0.010999999999999999,-0.0010000000000000009,-0.001,-3.8463431308344665e-05,-1.9152509318610489e-06,-0.00030461008392391477
789,-0.01,-0.0010000000000000009,-0.001,-4.7537897542230949e-05,-3.3113511153495413e-06,-0.00042796190586603819
790,-0.0090000000000000011,-0.0010000000000000009,-0.001,-5.8641918163489693e-05,-5.1337691639805761e-06,-0.00056471272985983108
791,-0.0080000000000000002,-0.0010000000000000009,-0.001,-7.1816233582339673e-05,-7.6398655120135209e-06,-0.00071745591030594215
792,-0.0069999999999999993,-0.0010000000000000009,-0.001,-8.7707337554846426e-05,-1.1091416666345973e-05,-0.00088799126370838323
793,-0.0060000000000000001,-0.0010000000000000009,-0.001,-0.00010679910613991487,-1.6125849763830915e-05,-0.0010788626551234027
794,-0.005000000000000001,-0.0010000000000000009,-0.001,-0.00013132042515044505,-2.3873484941873984e-05,-0.0012948489288165093
795,-0.0040000000000000001,-0.0010000000000000009,-0.001,-0.00016185402184522256,-3.668699625377832e-05,-0.0015405018471472225
796,-0.0029999999999999992,-0.0010000000000000009,-0.001,-0.00020205234883728811,-6.1892273542059768e-05,-0.0018245930345595681
797,-0.0019999999999999983,-0.0010000000000000009,-0.001,-0.00023191207957283148,-0.00010764922312573108,-0.0021440116798684674
798,-0.0010000000000000009,-0.0010000000000000009,-0.001,-0.00019959581050715534,-0.00015916155570102713,-0.0024635686774176256
799,0,-0.0010000000000000009,-0.001,-7.6946648280756962e-05,-0.00018384310443674096,-0.0026967890526795623
800,0.0010000000000000009,-0.0010000000000000009,-0.001,5.1338147061794737e-05,-0.00019120886483202848,-0.0027449408704794441
801,0.0019999999999999983,-0.0010000000000000009,-0.001,0.00015166924673028269,-0.00020333832693004506,-0.0027348510445692588
802,0.0029999999999999992,-0.0010000000000000009,-0.001,0.00025053968176702481,-0.00020362712558344656,-0.0026413927918833391
803,0.0040000000000000001,-0.0010000000000000009,-0.001,0.00033701387607531878,-0.00018503222029235498,-0.0024066532838538093
804,0.005000000000000001,-0.0010000000000000009,-0.001,0.00035306900507798926,-0.00013407104998592722,-0.0020358589920441606
805,0.0060000000000000019,-0.0010000000000000009,-0.001,0.00029548598573254361,-7.9199706424265952e-05,-0.0016569164861724563
806,0.0069999999999999993,-0.0010000000000000009,-0.001,0.00022220835377118969,-4.4485983123796434e-05,-0.0013259260305379062
807,0.0080000000000000002,-0.0010000000000000009,-0.001,0.0001665030944131083,-2.5826824229522666e-05,-0.0010450605143957907
808,0.0090000000000000011,-0.0010000000000000009,-0.001,0.0001246500268486956,-1.5597984703451981e-05,-0.00080432856048160859
809,0.0099999999999999985,-0.0010000000000000009,-0.001,9.3566278075647068e-05,-9.2520672053753392e-06,-0.00059814413823956313
810,0.010999999999999999,-0.0010000000000000009,-0.001,7.0344429729078456e-05,-5.2493056341606252e-06,-0.00041898289906844847
811,0.012,-0.0010000000000000009,-0.001,5.2381137867028041e-05,-2.4803261301099406e-06,-0.00026466711928386643
812,0.013000000000000001,-0.0010000000000000009,-0.001,3.9805035409351669e-05,-8.6368615001682148e-07,-0.00012982467710703972
813,0.014000000000000002,-0.0010000000000000009,-0.001,1.6281837945906089e-05,1.2098794410633901e-07,-3.1150507084441607e-05
814,0.015000000000000003,-0.0010000000000000009,-0.001,0,0,0
815,0.016000000000000004,-0.0010000000000000009,-0.001,0,0,0
816,0.016999999999999998,-0.0010000000000000009,-0.001,0,0,0
817,0.017999999999999999,-0.0010000000000000009,-0.001,0,0,0
818,0.019,-0.0010000000000000009,-0.001,0,0,0
819,0.02,-0.0010000000000000009,-0.001,0,0,0
820,-0.02,0,-0.001,0,0,0
821,-0.019,0,-0.001,0,0,0
822,-0.018000000000000002,0,-0.001,0,0,0
823,-0.017000000000000001,0,-0.001,0,0,0
824,-0.016,0,-0.001,0,0,0
825,-0.014999999999999999,0,-0.001,0,0,0
826,-0.014,0,-0.001,-1.0664013628822705e-05,-1.2338721193106572e-20,-2.2649079710487962e-05
827,-0.013000000000000001,0,-0.001,-2.5622314319064896e-05,-8.0715095377198748e-21,-9.746437044848302e-05
828,-0.012,0,-0.001,-3.1247324072964821e-05,5.2746611659371594e-21,-0.00019743402958108042
829,-0.010999999999999999,0,-0.001,-3.8944501839266383e-05,2.4800525999126976e-20,-0.00030817055183664346
830,-0.01,0,-0.001,-4.8205534848793188e-05,7.5059807709127858e-20,-0.00043288274881450844
831,-0.0090000000000000011,0,-0.001,-5.9575099603416225e-05,-2.4686604792031456e-20,-0.00057124709022772849
832,-0.0080000000000000002,0,-0.001,-7.3139505517696123e-05,-2.1951797137966609e-20,-0.00072610165715479569
833,-0.0069999999999999993,0,-0.001,-8.9569575579703402e-05,4.7660276273658955e-20,-0.00089923391055495103
834,-0.0060000000000000001,0,-0.001,-0.0001098032848802958,5.5575527692464577e-21,-0.0010941621758026421
835,-0.005000000000000001,0,-0.001,-0.00013597187710452944,-1.9087198352400896e-19,-0.001315340403382038
836,-0.0040000000000000001,0,-0.001,-0.00017089867569927355,4.6784866379211479e-20,-0.0015709587890352509
837,-0.0029999999999999992,0,-0.001,-0.00022205704192548194,-1.2127779528386049e-19,-0.001871788018502783
838,-0.0019999999999999983,0,-0.001,-0.00026319408579400901,-7.9637154243870596e-21,-0.0022275042674950868
839,-0.0010000000000000009,0,-0.001,-0.00022226962363467039,-1.3636246595976379e-19,-0.0026118894094566331
840,0,0,-0.001,-9.1372393704847185e-05,-3.5642785058098171e-19,-0.0028840715780050234
841,0.0010000000000000009,0,-0.001,4.5964632597056636e-05,-5.7224680806194876e-19,-0.0029161216589834492
842,0.0019999999999999983,0,-0.001,0.00016930240010775479,2.1981305555040877e-19,-0.0029004525248981609
843,0.0029999999999999992,0,-0.001,0.00028142318799907073,2.7355530924580055e-19,-0.0028066372469287486
844,0.0040000000000000001,0,-0.001,0.00038548928784838687,-1.7462913676496004e-20,-0.002553147311783886
845,0.005000000000000001,0,-0.001,0.0003974559323392406,2.9153832608801568e-19,-0.0021334998002859574
846,0.0060000000000000019,0,-0.001,0.00032583651268687345,1.3940124797838643e-19,-0.001707956278698489
847,0.0069999999999999993,0,-0.001,0.0002366425599342059,7.4777256918032576e-20,-0.0013560617379315711
848,0.0080000000000000002,0,-0.001,0.00017313783713305506,-1.347908406663002e-19,-0.0010645252362710058
849,0.0090000000000000011,0,-0.001,0.00012882094677551801,-9.0753711813637126e-20,-0.00081763806338119459
850,0.0099999999999999985,0,-0.001,9.582753889879793e-05,-3.5424880996378738e-20,-0.00060713183001449497
851,0.010999999999999999,0,-0.001,7.1760298403746676e-05,-4.4986800237892596e-20,-0.00042504234811445262
852,0.012,0,-0.001,5.3238803762454963e-05,8.8361226778965388e-22,-0.00026848607092783025
853,0.013000000000000001,0,-0.001,4.0433203439642435e-05,-3.4022583954238425e-21,-0.00013175785841653588
854,0.014000000000000002,0,-0.001,1.6514231185149896e-05,-1.2691708778375203e-20,-3.1634570852640456e-05
855,0.015000000000000003,0,-0.001,0,0,0
856,0.016000000000000004,0,-0.001,0,0,0
857,0.016999999999999998,0,-0.001,0,0,0
858,0.017999999999999999,0,-0.001,0,0,0
859,0.019,0,-0.001,0,0,0
860,0.02,0,-0.001,0,0,0
861,-0.02,0.0010000000000000009,-0.001,0,0,0
862,-0.019,0.0010000000000000009,-0.001,0,0,0
863,-0.018000000000000002,0.0010000000000000009,-0.001,0,0,0
864,-0.017000000000000001,0.0010000000000000009,-0.001,0,0,0
865,-0.016,0.0010000000000000009,-0.001,0,0,0
866,-0.014999999999999999,0.0010000000000000009,-0.001,0,0,0
867,-0.014,0.0010000000000000009,-0.001,-1.0539884540914298e-05,-2.6196642756771183e-07,-2.2333569583614545e-05
868,-0.013000000000000001,0.0010000000000000009,-0.001,-2.5310788935288372e-05,1.0975753651027747e-07,-9.6215019112313958e-05
869,-0.012,0.0010000000000000009,-0.001,-3.0884381037870904e-05,8.1416388469768435e-07,-0.00019504708340968685
870,-0.010999999999999999,0.0010000000000000009,-0.001,-3.8463431308344658e-05,1.9152509318610798e-06,-0.00030461008392391477
871,-0.01,0.0010000000000000009,-0.001,-4.7537897542230956e-05,3.3113511153496742e-06,-0.00042796190586603819
872,-0.0090000000000000011,0.0010000000000000009,-0.001,-5.8641918163489699e-05,5.1337691639805939e-06,-0.0005647127298598313
873,-0.0080000000000000002,0.0010000000000000009,-0.001,-7.1816233582339646e-05,7.6398655120136175e-06,-0.00071745591030594204
874,-0.0069999999999999993,0.0010000000000000009,-0.001,-8.7707337554846317e-05,1.1091416666346016e-05,-0.00088799126370838312
875,-0.0060000000000000001,0.0010000000000000009,-0.001,-0.00010679910613991475,1.6125849763830806e-05,-0.0010788626551234027
876,-0.005000000000000001,0.0010000000000000009,-0.001,-0.00013132042515044508,2.3873484941874085e-05,-0.0012948489288165095
877,-0.0040000000000000001,0.0010000000000000009,-0.001,-0.00016185402184522277,3.6686996253778286e-05,-0.0015405018471472225
878,-0.0029999999999999992,0.0010000000000000009,-0.001,-0.00020205234883728795,6.1892273542059836e-05,-0.0018245930345595679
879,-0.0019999999999999983,0.0010000000000000009,-0.001,-0.00023191207957283142,0.00010764922312573093,-0.002144011679868467
880,-0.0010000000000000009,0.0010000000000000009,-0.001,-0.0001995958105071554,0.0001591615557010264,-0.0024635686774176261
881,0,0.0010000000000000009,-0.001,-7.6946648280756583e-05,0.00018384310443674077,-0.0026967890526795623
882,0.0010000000000000009,0.0010000000000000009,-0.001,5.1338147061794907e-05,0.00019120886483202834,-0.0027449408704794428
883,0.0019999999999999983,0.0010000000000000009,-0.001,0.00015166924673028272,0.00020333832693004449,-0.0027348510445692593
884,0.0029999999999999992,0.0010000000000000009,-0.001,0.00025053968176702438,0.00020362712558344664,-0.0026413927918833404
885,0.0040000000000000001,0.0010000000000000009,-0.001,0.00033701387607531846,0.00018503222029235523,-0.0024066532838538089
886,0.005000000000000001,0.0010000000000000009,-0.001,0.0003530690050779885,0.00013407104998592744,-0.0020358589920441597
887,0.0060000000000000019,0.0010000000000000009,-0.001,0.00029548598573254318,7.919970642426602e-05,-0.0016569164861724556
888,0.0069999999999999993,0.0010000000000000009,-0.001,0.00022220835377118953,4.4485983123796326e-05,-0.0013259260305379062
889,0.0080000000000000002,0.0010000000000000009,-0.001,0.00016650309441310835,2.5826824229522697e-05,-0.0010450605143957907
890,0.0090000000000000011,0.0010000000000000009,-0.001,0.00012465002684869565,1.559798470345191e-05,-0.00080432856048160859
891,0.0099999999999999985,0.0010000000000000009,-0.001,9.3566278075647109e-05,9.2520672053753256e-06,-0.00059814413823956313
892,0.010999999999999999,0.0010000000000000009,-0.001,7.0344429729078483e-05,5.2493056341605396e-06,-0.00041898289906844841
893,0.012,0.0010000000000000009,-0.001,5.2381137867028021e-05,2.4803261301099541e-06,-0.00026466711928386637
894,0.013000000000000001,0.0010000000000000009,-0.001,3.9805035409351635e-05,8.6368615001681311e-07,-0.00012982467710703972
895,0.014000000000000002,0.0010000000000000009,-0.001,1.6281837945906068e-05,-1.2098794410636985e-07,-3.1150507084441614e-05
896,0.015000000000000003,0.0010000000000000009,-0.001,0,0,0
897,0.016000000000000004,0.0010000000000000009,-0.001,0,0,0
898,0.016999999999999998,0.0010000000000000009,-0.001,0,0,0
899,0.017999999999999999,0.0010000000000000009,-0.001,0,0,0
900,0.019,0.0010000000000000009,-0.001,0,0,0
901,0.02,0.0010000000000000009,-0.001,0,0,0
902,-0.02,0.0019999999999999983,-0.001,0,0,0
903,-0.019,0.0019999999999999983,-0.001,0,0,0
904,-0.018000000000000002,0.0019999999999999983,-0.001,0,0,0
905,-0.017000000000000001,0.0019999999999999983,-0.001,0,0,0
906,-0.016,0.0019999999999999983,-0.001,0,0,0
907,-0.014999999999999999,0.0019999999999999983,-0.001,0,0,0
908,-0.014,0.0019999999999999983,-0.001,-1.016642971954988e-05,-4.9365253468942437e-07,-2.1402798128447487e-05
909,-0.013000000000000001,0.0019999999999999983,-0.001,-2.439607301350171e-05,2.2582132199477129e-07,-9.2533432911010943e-05
910,-0.012,0.0019999999999999983,-0.001,-2.9812816759462159e-05,1.6094052030056714e-06,-0.00018800605377411919
911,-0.010999999999999999,0.0019999999999999983,-0.001,-3.7050610894784783e-05,3.7235385408780281e-06,-0.00029411001586365771
912,-0.01,0.0019999999999999983,-0.001,-4.5594431178792029e-05,6.3762086906371102e-06,-0.00041349448774632188
913,-0.0090000000000000011,0.0019999999999999983,-0.001,-5.5921653827199422e-05,9.8499633520592726e-06,-0.0005454618605571426
914,-0.0080000000000000002,0.0019999999999999983,-0.001,-6.8086092044508312e-05,1.4518054681804395e-05,-0.00069230245277000183
915,-0.0069999999999999993,0.0019999999999999983,-0.001,-8.2228548053642155e-05,2.0981929199490905e-05,-0.0008548827165338629
916,-0.0060000000000000001,0.0019999999999999983,-0.001,-9.8855490390886916e-05,2.9966572052281606e-05,-0.0010353695838825716
917,-0.005000000000000001,0.0019999999999999983,-0.001,-0.00011790601756582697,4.3449353469504754e-05,-0.0012351524199344689
918,-0.0040000000000000001,0.0019999999999999983,-0.001,-0.00014000981149031897,6.4274662009114141e-05,-0.0014571744837569445
919,-0.0029999999999999992,0.0019999999999999983,-0.001,-0.00015958505778852587,9.7972372149942308e-05,-0.0016979763905050713
920,-0.0019999999999999983,0.0019999999999999983,-0.001,-0.00016925546884490592,0.0001506958505544193,-0.0019502793106998596
921,-0.0010000000000000009,0.0019999999999999983,-0.001,-0.00014104401634279604,0.00021303563732262302,-0.0021819424102569431
922,0,0.0019999999999999983,-0.001,-5.6196564995034836e-05,0.00025502274946215871,-0.0023427381223943495
923,0.0010000000000000009,0.0019999999999999983,-0.001,4.0945604944799862e-05,0.0002653208345406634,-0.0023965445586886882
924,0.0019999999999999983,0.0019999999999999983,-0.001,0.00011393683124544773,0.00027045712546840145,-0.0023731033122884387
925,0.0029999999999999992,0.0019999999999999983,-0.001,0.00018006211055303088,0.00026753178634046989,-0.0022792006140892043
926,0.0040000000000000001,0.0019999999999999983,-0.001,0.00023740190478650837,0.00024048816800600092,-0.0020910864967129271
927,0.005000000000000001,0.0019999999999999983,-0.001,0.00025513249500349298,0.00018124784269811582,-0.0018210995931156246
928,0.0060000000000000019,0.0019999999999999983,-0.001,0.00022955444147625362,0.00011855383767633697,-0.0015250132815539242
929,0.0069999999999999993,0.0019999999999999983,-0.001,0.00018753814501468405,7.3529354912342984e-05,-0.0012426166443913395
930,0.0080000000000000002,0.0019999999999999983,-0.001,0.0001476214557289731,4.5845568426024084e-05,-0.00098936339528496713
931,0.0090000000000000011,0.0019999999999999983,-0.001,0.00011360832248036534,2.8290848361193888e-05,-0.0007663321635598112
932,0.0099999999999999985,0.0019999999999999983,-0.001,8.7017065718315579e-05,1.7243608418477038e-05,-0.00057200228845879423
933,0.010999999999999999,0.0019999999999999983,-0.001,6.6351431055570119e-05,9.8933682351723416e-06,-0.00040135180558265932
934,0.012,0.0019999999999999983,-0.001,4.9855692244628959e-05,4.7608210452156785e-06,-0.00025348370158993755
935,0.013000000000000001,0.0019999999999999983,-0.001,3.7991564320621478e-05,1.6218087608289739e-06,-0.00012418769450248403
936,0.014000000000000002,0.0019999999999999983,-0.001,1.5592746774947719e-05,-2.2390691726686454e-07,-2.9731813563055724e-05
937,0.015000000000000003,0.0019999999999999983,-0.001,0,0,0
938,0.016000000000000004,0.0019999999999999983,-0.001,0,0,0
939,0.016999999999999998,0.0019999999999999983,-0.001,0,0,0
940,0.017999999999999999,0.0019999999999999983,-0.001,0,0,0
941,0.019,0.0019999999999999983,-0.001,0,0,0
942,0.02,0.0019999999999999983,-0.001,0,0,0
943,-0.02,0.0029999999999999992,-0.001,0,0,0
944,-0.019,0.0029999999999999992,-0.001,0,0,0
945,-0.018000000000000002,0.0029999999999999992,-0.001,0,0,0
946,-0.017000000000000001,0.0029999999999999992,-0.001,0,0,0
947,-0.016,0.0029999999999999992,-0.001,0,0,0
948,-0.014999999999999999,0.0029999999999999992,-0.001,0,0,0
949,-0.014,0.0029999999999999992,-0.001,-9.5511229110883766e-06,-6.6615044609139263e-07,-1.9904547300435404e-05
950,-0.013000000000000001,0.0029999999999999992,-0.001,-2.2925708495499168e-05,3.564672207028115e-07,-8.6608831070052872e-05
951,-0.012,0.0029999999999999992,-0.001,-2.8085075757833749e-05,2.3624483023519427e-06,-0.00017665786662931373
952,-0.010999999999999999,0.0029999999999999992,-0.001,-3.4794895577981999e-05,5.3182503694138885e-06,-0.0002772216463561366
953,-0.01,0.0029999999999999992,-0.001,-4.2527682073812288e-05,9.0060954677817867e-06,-0.0003902534222423417
954,-0.0090000000000000011,0.0029999999999999992,-0.001,-5.1722113836639792e-05,1.3753232170808742e-05,-0.00051473132093759946
955,-0.0080000000000000002,0.0029999999999999992,-0.001,-6.233338085303131e-05,2.0121874771118887e-05,-0.0006522835654880723
956,-0.0069999999999999993,0.0029999999999999992,-0.001,-7.4162332855536237e-05,2.8555123663210802e-05,-0.00080296423244484872
957,-0.0060000000000000001,0.0029999999999999992,-0.001,-8.7231631244277016e-05,4.0177335816337024e-05,-0.00096767570393093837
958,-0.005000000000000001,0.0029999999999999992,-0.001,-0.00010035740229670875,5.6011239240692682e-05,-0.0011454836990442176
959,-0.0040000000000000001,0.0029999999999999992,-0.001,-0.00011295243436449482,7.8791379655395282e-05,-0.0013352952602752361
960,-0.0029999999999999992,0.0029999999999999992,-0.001,-0.00011970868710414252,0.00010990055489891787,-0.0015309831768566388
961,-0.0019999999999999983,0.0029999999999999992,-0.001,-0.00011432620102611453,0.00015040489721033086,-0.0017194588843931909
962,-0.0010000000000000009,0.0029999999999999992,-0.001,-8.7871104235674616e-05,0.00019651761677259464,-0.0018810515427588053
963,0,0.0029999999999999992,-0.001,-3.8067146953014617e-05,0.00023069437066127214,-0.0019880196310526816
964,0.0010000000000000009,0.0029999999999999992,-0.001,2.0088153907182397e-05,0.00024216149100000374,-0.0020279077409822567
965,0.0019999999999999983,0.0029999999999999992,-0.001,7.0106086944000958e-05,0.00024083004117890402,-0.002002309040055013
966,0.0029999999999999992,0.0029999999999999992,-0.001,0.00011505684148390968,0.00023419923696326803,-0.0019187983014761227
967,0.0040000000000000001,0.0029999999999999992,-0.001,0.00015188465496520119,0.00021088101634099201,-0.0017736274361604602
968,0.005000000000000001,0.0029999999999999992,-0.001,0.0001705491341081111,0.00016917760523774814,-0.0015770000064933261
969,0.0060000000000000019,0.0029999999999999992,-0.001,0.00016617825966354916,0.00012354240382167795,-0.0013522240181472159
970,0.0069999999999999993,0.0029999999999999992,-0.001,0.00014692642448118493,8.5080744616822579e-05,-0.0011231787728800617
971,0.0080000000000000002,0.0029999999999999992,-0.001,0.00012221233179862838,5.6569350243048553e-05,-0.00090613467715642475
972,0.0090000000000000011,0.0029999999999999992,-0.001,9.8254734994206053e-05,3.6683542660154816e-05,-0.00070814201387757393
973,0.0099999999999999985,0.0029999999999999992,-0.001,7.7356736066642407e-05,2.2957065489838403e-05,-0.00053123129601347953
974,0.010999999999999999,0.0029999999999999992,-0.001,6.0275671523521653e-05,1.3503658906298029e-05,-0.00037359871513174895
975,0.012,0.0029999999999999992,-0.001,4.5901541782340379e-05,6.6273170041372078e-06,-0.00023577387432947814
976,0.013000000000000001,0.0029999999999999992,-0.001,3.5161451274776822e-05,2.2179158407549599e-06,-0.00011527836044665159
977,0.014000000000000002,0.0029999999999999992,-0.001,1.4491450592928592e-05,-2.9335673524983384e-07,-2.7484464790343748e-05
978,0.015000000000000003,0.0029999999999999992,-0.001,0,0,0
979,0.016000000000000004,0.0029999999999999992,-0.001,0,0,0
980,0.016999999999999998,0.0029999999999999992,-0.001,0,0,0
981,0.017999999999999999,0.0029999999999999992,-0.001,0,0,0
982,0.019,0.0029999999999999992,-0.001,0,0,0
983,0.02,0.0029999999999999992,-0.001,0,0,0
984,-0.02,0.0040000000000000001,-0.001,0,0,0
985,-0.019,0.0040000000000000001,-0.001,0,0,0
986,-0.018000000000000002,0.0040000000000000001,-0.001,0,0,0
987,-0.017000000000000001,0.0040000000000000001,-0.001,0,0,0
988,-0.016,0.0040000000000000001,-0.001,0,0,0
989,-0.014999999999999999,0.0040000000000000001,-0.001,0,0,0
990,-0.014,0.0040000000000000001,-0.001,-8.7079175093466389e-06,-7.5747790989103712e-07,-1.7916460526557907e-05
991,-0.013000000000000001,0.0040000000000000001,-0.001,-2.0967175060477505e-05,5.1218385706269159e-07,-7.8733081259203799e-05
992,-0.012,0.0040000000000000001,-0.001,-2.5787334111521235e-05,3.0365705200077106e-06,-0.00016156545368562259
993,-0.010999999999999999,0.0040000000000000001,-0.001,-3.1835353804932586e-05,6.6249732266623884e-06,-0.00025478931678273855
994,-0.01,0.0040000000000000001,-0.001,-3.8581965437965224e-05,1.1039888805350467e-05,-0.00035946948950851078
995,-0.0090000000000000011,0.0040000000000000001,-0.001,-4.6442425961878238e-05,1.6661197759638247e-05,-0.00047431333255031869
996,-0.0080000000000000002,0.0040000000000000001,-0.001,-5.5195979706422179e-05,2.4001001059452862e-05,-0.00060003017242891445
997,-0.0069999999999999993,0.0040000000000000001,-0.001,-6.4637146672759954e-05,3.3523951751473935e-05,-0.000736229302967315
998,-0.0060000000000000001,0.0040000000000000001,-0.001,-7.3969670360630595e-05,4.5876261276648482e-05,-0.00088209894558398719
999,-0.005000000000000001,0.0040000000000000001,-0.001,-8.24556264048494e-05,6.1949389615062394e-05,-0.0010358701643682514
1000,-0.0040000000000000001,0.0040000000000000001,-0.001,-8.7871502251144956e-05,8.2203658384578639e-05,-0.0011934213385407671
1001,-0.0029999999999999992,0.0040000000000000001,-0.001,-8.8118330089835537e-05,0.00010796002601991409,-0.0013487530321988177
1002,-0.0019999999999999983,0.0040000000000000001,-0.001,-7.8185307115132585e-05,0.0001371082838829991,-0.0014904919044896367
1003,-0.0010000000000000009,0.0040000000000000001,-0.001,-5.6490732836093983e-05,0.00016407608174400141,-0.0016030106080819116
1004,0,0.0040000000000000001,-0.001,-2.553112129345568e-05,0.0001844932295088448,-0.0016757101626635133
1005,0.0010000000000000009,0.0040000000000000001,-0.001,9.4491438929175369e-06,0.0001944716340126485,-0.0017004090434453323
1006,0.0019999999999999983,0.0040000000000000001,-0.001,4.4099232969875127e-05,0.00019542322885255568,-0.0016773263647816351
1007,0.0029999999999999992,0.0040000000000000001,-0.001,7.4831031172297032e-05,0.00018778030743150952,-0.0016065837317477468
1008,0.0040000000000000001,0.0040000000000000001,-0.001,9.9548134722132623e-05,0.0001704458015186808,-0.0014927997511035777
1009,0.005000000000000001,0.0040000000000000001,-0.001,0.00011470708069697506,0.00014421104139993154,-0.001343258037545924
1010,0.0060000000000000019,0.0040000000000000001,-0.001,0.0001179326296766293,0.0001133285202644074,-0.0011697912745317689
1011,0.0069999999999999993,0.0040000000000000001,-0.001,0.00011041826547020401,8.387512277209889e-05,-0.00098666339096317528
1012,0.0080000000000000002,0.0040000000000000001,-0.001,9.6839146684859367e-05,5.9356569687054867e-05,-0.00080621798857574494
1013,0.0090000000000000011,0.0040000000000000001,-0.001,8.1261039081325124e-05,4.0372721965221465e-05,-0.00063573173931621518
1014,0.0099999999999999985,0.0040000000000000001,-0.001,6.6148392069657384e-05,2.6185352438966853e-05,-0.00047948476925311544
1015,0.010999999999999999,0.0040000000000000001,-0.001,5.2819260213241163e-05,1.5789349955797838e-05,-0.0003378379565100378
1016,0.012,0.0040000000000000001,-0.001,4.0938273336206683e-05,7.9418417026110985e-06,-0.00021283406826961318
1017,0.013000000000000001,0.0040000000000000001,-0.001,3.1557761627521782e-05,2.6401879513340183e-06,-0.00010369795494858033
1018,0.014000000000000002,0.0040000000000000001,-0.001,1.3057907497453829e-05,-3.0955808434890135e-07,-2.4571154013677099e-05
1019,0.015000000000000003,0.0040000000000000001,-0.001,0,0,0
1020,0.016000000000000004,0.0040000000000000001,-0.001,0,0,0
1021,0.016999999999999998,0.0040000000000000001,-0.001,0,0,0
1022,0.017999999999999999,0.0040000000000000001,-0.001,0,0,0
1023,0.019,0.0040000000000000001,-0.001,0,0,0
1024,0.02,0.0040000000000000001,-0.001,0,0,0
1025,-0.02,0.005000000000000001,-0.001,0,0,0
1026,-0.019,0.005000000000000001,-0.001,0,0,0
1027,-0.018000000000000002,0.005000000000000001,-0.001,0,0,0
1028,-0.017000000000000001,0.005000000000000001,-0.001,0,0,0
1029,-0.016,0.005000000000000001,-0.001,0,0,0
1030,-0.014999999999999999,0.005000000000000001,-0.001,0,0,0
1031,-0.014,0.005000000000000001,-0.001,-7.6603113709327176e-06,-7.5550318599010446e-07,-1.5541076982415206e-05
1032,-0.013000000000000001,0.005000000000000001,-0.001,-1.8602417082429479e-05,6.9693718000550765e-07,-6.9286487001774222e-05
1033,-0.012,0.005000000000000001,-0.001,-2.3032715367864517e-05,3.5985309194329219e-06,-0.00014346345476193542
1034,-0.010999999999999999,0.005000000000000001,-0.001,-2.8345747180721127e-05,7.5872793692957299e-06,-0.00022787672436793565
1035,-0.01,0.005000000000000001,-0.001,-3.405347999478967e-05,1.2422286988967969e-05,-0.00032270396607798869
1036,-0.0090000000000000011,0.005000000000000001,-0.001,-4.0489003694486453e-05,1.8469582383893435e-05,-0.00042632215357091833
1037,-0.0080000000000000002,0.005000000000000001,-0.001,-4.7427636191863132e-05,2.6152050461251249e-05,-0.00053875928112374449
1038,-0.0069999999999999993,0.005000000000000001,-0.001,-5.4494424667678603e-05,3.5802754505920585e-05,-0.00065892968347039166
1039,-0.0060000000000000001,0.005000000000000001,-0.001,-6.0983144406219244e-05,4.7797795555085008e-05,-0.00078546339361898324
1040,-0.005000000000000001,0.005000000000000001,-0.001,-6.5768182189952874e-05,6.2298914173246873e-05,-0.00091536124346267152
1041,-0.0040000000000000001,0.005000000000000001,-0.001,-6.7624295767187517e-05,7.9568793251281564e-05,-0.0010446476159531167
1042,-0.0029999999999999992,0.005000000000000001,-0.001,-6.4397038439776902e-05,9.8805057832089608e-05,-0.0011667399975704303
1043,-0.0019999999999999983,0.005000000000000001,-0.001,-5.4968365586717244e-05,0.0001190101651114933,-0.001273618945275291
1044,-0.0010000000000000009,0.005000000000000001,-0.001,-3.8684431412197203e-05,0.00013716824837423319,-0.0013561364582024089
1045,0,0.005000000000000001,-0.001,-1.7625094044902296e-05,0.00014963114134449254,-0.0014059882935384639
1046,0.0010000000000000009,0.005000000000000001,-0.001,5.897872217569679e-06,0.00015609884777104458,-0.0014203393527318197
1047,0.0019999999999999983,0.005000000000000001,-0.001,2.9275682412154129e-05,0.00015576671145223724,-0.0013971305818500817
1048,0.0029999999999999992,0.005000000000000001,-0.001,5.0379193295931155e-05,0.00014950590053485052,-0.0013385592437831103
1049,0.0040000000000000001,0.005000000000000001,-0.001,6.7654684757426393e-05,0.00013754820984254246,-0.0012479828736038135
1050,0.005000000000000001,0.005000000000000001,-0.001,7.9227608950807415e-05,0.00011971389839900112,-0.0011306017658167346
1051,0.0060000000000000019,0.005000000000000001,-0.001,8.3769842869552545e-05,9.8363997812874176e-05,-0.00099416649883726717
1052,0.0069999999999999993,0.005000000000000001,-0.001,8.1708122087576835e-05,7.6571370520211364e-05,-0.00084755942035650764
1053,0.0080000000000000002,0.005000000000000001,-0.001,7.468201275661319e-05,5.6871355042621521e-05,-0.00069923691833796979
1054,0.0090000000000000011,0.005000000000000001,-0.001,6.5081225769127225e-05,4.0324668115925169e-05,-0.00055547389151356513
1055,0.0099999999999999985,0.005000000000000001,-0.001,5.4723303717445688e-05,2.7093830185246932e-05,-0.00042068529099997695
1056,0.010999999999999999,0.005000000000000001,-0.001,4.4853112104627758e-05,1.6783279979120402e-05,-0.00029656364328443008
1057,0.012,0.005000000000000001,-0.001,3.538279620417109e-05,8.6714407921810256e-06,-0.00018618083848588013
1058,0.013000000000000001,0.005000000000000001,-0.001,2.7435051088551759e-05,2.9093733811278566e-06,-9.0174563194848675e-05
1059,0.014000000000000002,0.005000000000000001,-0.001,1.1368677532680378e-05,-2.5464488450829552e-07,-2.1170675849652795e-05
1060,0.015000000000000003,0.005000000000000001,-0.001,0,0,0
1061,0.016000000000000004,0.005000000000000001,-0.001,0,0,0
1062,0.016999999999999998,0.005000000000000001,-0.001,0,0,0
1063,0.017999999999999999,0.005000000000000001,-0.001,0,0,0
1064,0.019,0.005000000000000001,-0.001,0,0,0
1065,0.02,0.005000000000000001,-0.001,0,0,0
1066,-0.02,0.0060000000000000019,-0.001,0,0,0
1067,-0.019,0.0060000000000000019,-0.001,0,0,0
1068,-0.018000000000000002,0.0060000000000000019,-0.001,0,0,0
1069,-0.017000000000000001,0.0060000000000000019,-0.001,0,0,0
1070,-0.016,0.0060000000000000019,-0.001,0,0,0
1071,-0.014999999999999999,0.0060000000000000019,-0.001,0,0,0
1072,-0.014,0.0060000000000000019,-0.001,-6.4438868473502097e-06,-6.6293516127997764e-07,-1.2904444263984855e-05
1073,-0.013000000000000001,0.0060000000000000019,-0.001,-1.5924690375855542e-05,9.0293011956759906e-07,-5.873134422775599e-05
1074,-0.012,0.0060000000000000019,-0.001,-1.9949098338212226e-05,4.0166672894281093e-06,-0.00012320285933764021
1075,-0.010999999999999999,0.0060000000000000019,-0.001,-2.4522704955933685e-05,8.1809008287439947e-06,-0.00019772234394333131
1076,-0.01,0.0060000000000000019,-0.001,-2.9217446960428058e-05,1.3155577824335175e-05,-0.00028163902697414067
1077,-0.0090000000000000011,0.0060000000000000019,-0.001,-3.4300847558774771e-05,1.9228753887814707e-05,-0.00037311595937276985
1078,-0.0080000000000000002,0.0060000000000000019,-0.001,-3.9554775999416893e-05,2.6737723959331853e-05,-0.00047153818441009779
1079,-0.0069999999999999993,0.0060000000000000019,-0.001,-4.4620773829927989e-05,3.5853747070845836e-05,-0.00057548964148703633
1080,-0.0060000000000000001,0.0060000000000000019,-0.001,-4.884399973721238e-05,4.673319333001934e-05,-0.00068309193847801062
1081,-0.005000000000000001,0.0060000000000000019,-0.001,-5.1372957523536895e-05,5.9298468364283596e-05,-0.00079142181796646295
1082,-0.0040000000000000001,0.0060000000000000019,-0.001,-5.114645240706886e-05,7.3185054927763006e-05,-0.00089626068909733623
1083,-0.0029999999999999992,0.0060000000000000019,-0.001,-4.7368059795285427e-05,8.8045154994800267e-05,-0.0009927472449351262
1084,-0.0019999999999999983,0.0060000000000000019,-0.001,-3.9163656136277009e-05,0.00010228014370378905,-0.0010745006270506288
1085,-0.0010000000000000009,0.0060000000000000019,-0.001,-2.7107556670423915e-05,0.00011410148982385593,-0.0011353064467339606
1086,0,0.0060000000000000019,-0.001,-1.2236812151648578e-05,0.0001224742877800175,-0.0011708389263085206
1087,0.0010000000000000009,0.0060000000000000019,-0.001,3.9697586753730433e-06,0.00012634455710996146,-0.0011780349522349206
1088,0.0019999999999999983,0.0060000000000000019,-0.001,2.0097942091043249e-05,0.00012588172441142714,-0.0011567713459548472
1089,0.0029999999999999992,0.0060000000000000019,-0.001,3.4964199020087763e-05,0.00012087191232937985,-0.0011079216910314586
1090,0.0040000000000000001,0.0060000000000000019,-0.001,4.7096943757869798e-05,0.00011152434647236626,-0.0010343732906182134
1091,0.005000000000000001,0.0060000000000000019,-0.001,5.5657156954283161e-05,9.8761436591701795e-05,-0.00094061351654914273
1092,0.0060000000000000019,0.0060000000000000019,-0.001,5.9973391974187358e-05,8.3423346724177964e-05,-0.00083177006402022956
1093,0.0069999999999999993,0.0060000000000000019,-0.001,6.0062255020000975e-05,6.7185749929792596e-05,-0.00071371127131107312
1094,0.0080000000000000002,0.0060000000000000019,-0.001,5.6636068780998561e-05,5.1680564356381912e-05,-0.00059237526076855401
1095,0.0090000000000000011,0.0060000000000000019,-0.001,5.0915180448812193e-05,3.7907898561756097e-05,-0.00047268855913016954
1096,0.0099999999999999985,0.0060000000000000019,-0.001,4.4033815966749128e-05,2.6278359027940348e-05,-0.00035854475802672871
1097,0.010999999999999999,0.0060000000000000019,-0.001,3.6961372796999028e-05,1.6704111363042819e-05,-0.00025228568600131287
1098,0.012,0.0060000000000000019,-0.001,2.9641970459902935e-05,8.880381513248942e-06,-0.00015737720564354854
1099,0.013000000000000001,0.0060000000000000019,-0.001,2.3007845850192441e-05,3.0524468361314035e-06,-7.5493890674735114e-05
1100,0.014000000000000002,0.0060000000000000019,-0.001,9.4988978270958482e-06,-1.3306271992044997e-07,-1.7476140826181977e-05
1101,0.015000000000000003,0.0060000000000000019,-0.001,0,0,0
1102,0.016000000000000004,0.0060000000000000019,-0.001,0,0,0
1103,0.016999999999999998,0.0060000000000000019,-0.001,0,0,0
1104,0.017999999999999999,0.0060000000000000019,-0.001,0,0,0
1105,0.019,0.0060000000000000019,-0.001,0,0,0
1106,0.02,0.0060000000000000019,-0.001,0,0,0
1107,-0.02,0.0069999999999999993,-0.001,0,0,0
1108,-0.019,0.0069999999999999993,-0.001,0,0,0
1109,-0.018000000000000002,0.0069999999999999993,-0.001,0,0,0
1110,-0.017000000000000001,0.0069999999999999993,-0.001,0,0,0
1111,-0.016,0.0069999999999999993,-0.001,0,0,0
1112,-0.014999999999999999,0.0069999999999999993,-0.001,0,0,0
1113,-0.014,0.0069999999999999993,-0.001,-5.113057320205328e-06,-5.0116036443917713e-07,-1.0161320525837364e-05
1114,-0.013000000000000001,0.0069999999999999993,-0.001,-1.3042948466707829e-05,1.1066301749741426e-06,-4.7597406283935685e-05
1115,-0.012,0.0069999999999999993,-0.001,-1.6670328159076096e-05,4.2634686005286167e-06,-0.00010172491721576451
1116,-0.010999999999999999,0.0069999999999999993,-0.001,-2.0545475580509084e-05,8.4112843603806992e-06,-0.00016563413625799507
1117,-0.01,0.0069999999999999993,-0.001,-2.4318464143927848e-05,1.3285069717437241e-05,-0.00023802260699480959
1118,-0.0090000000000000011,0.0069999999999999993,-0.001,-2.820648629522382e-05,1.9096717462708068e-05,-0.00031693602801404305
1119,-0.0080000000000000002,0.0069999999999999993,-0.001,-3.2018241049066515e-05,2.6062433287944046e-05,-0.00040128271667298873
1120,-0.0069999999999999993,0.0069999999999999993,-0.001,-3.5471635241069646e-05,3.4270693291014613e-05,-0.00048943966211120759
1121,-0.0060000000000000001,0.0069999999999999993,-0.001,-3.8045836769746116e-05,4.372414846330042e-05,-0.00057943634065237058
1122,-0.005000000000000001,0.0069999999999999993,-0.001,-3.913963499620005e-05,5.422626465276231e-05,-0.00066845304374638158
1123,-0.0040000000000000001,0.0069999999999999993,-0.001,-3.8107765099021965e-05,6.5403800249989034e-05,-0.00075303487362085141
1124,-0.0029999999999999992,0.0069999999999999993,-0.001,-3.442254598596462e-05,7.6506951184264534e-05,-0.00082887230969171252
1125,-0.0019999999999999983,0.0069999999999999993,-0.001,-2.8049717741605321e-05,8.6826155873439304e-05,-0.00089179551176605794
1126,-0.0010000000000000009,0.0069999999999999993,-0.001,-1.911475410821678e-05,9.5335242903726573e-05,-0.0009376848624223674
1127,0,0.0069999999999999993,-0.001,-8.4917672714462789e-06,0.00010086092631068306,-0.00096296819621716234
1128,0.0010000000000000009,0.0069999999999999993,-0.001,2.9009985388310823e-06,0.0001033025908922759,-0.00096613343674919203
1129,0.0019999999999999983,0.0069999999999999993,-0.001,1.4261512523169683e-05,0.00010227346336605099,-0.00094679760591701012
1130,0.0029999999999999992,0.0069999999999999993,-0.001,2.4555888695217389e-05,9.8067636693220412e-05,-0.00090621130100488495
1131,0.0040000000000000001,0.0069999999999999993,-0.001,3.3177215442156293e-05,9.1017224686555981e-05,-0.000846683925964229
1132,0.005000000000000001,0.0069999999999999993,-0.001,3.9442978002809874e-05,8.1348656639763513e-05,-0.00077122997124716094
1133,0.0060000000000000019,0.0069999999999999993,-0.001,4.3030556398008423e-05,6.9906946750751626e-05,-0.00068379868109636887
1134,0.0069999999999999993,0.0069999999999999993,-0.001,4.3907639487654601e-05,5.7621161249929441e-05,-0.00058855262047256796
1135,0.0080000000000000002,0.0069999999999999993,-0.001,4.2381681416567099e-05,4.5489628323093774e-05,-0.00048975249681594774
1136,0.0090000000000000011,0.0069999999999999993,-0.001,3.9045823169582238e-05,3.4274069723023712e-05,-0.00039118198367154525
1137,0.0099999999999999985,0.0069999999999999993,-0.001,3.457518171575693e-05,2.4379859501440894e-05,-0.00029616471276236244
1138,0.010999999999999999,0.0069999999999999993,-0.001,2.9584329999584642e-05,1.5847326021067272e-05,-0.00020725602003004892
1139,0.012,0.0069999999999999993,-0.001,2.3989864872889923e-05,8.6577611491473286e-06,-0.00012790170987580051
1140,0.013000000000000001,0.0069999999999999993,-0.001,1.8505413270064861e-05,3.0920414660727826e-06,-6.0451816723264913e-05
1141,0.014000000000000002,0.0069999999999999993,-0.001,7.5383708250379852e-06,3.0217004394681619e-08,-1.3704354886683601e-05
1142,0.015000000000000003,0.0069999999999999993,-0.001,0,0,0
1143,0.016000000000000004,0.0069999999999999993,-0.001,0,0,0
1144,0.016999999999999998,0.0069999999999999993,-0.001,0,0,0
1145,0.017999999999999999,0.0069999999999999993,-0.001,0,0,0
1146,0.019,0.0069999999999999993,-0.001,0,0,0
1147,0.02,0.0069999999999999993,-0.001,0,0,0
1148,-0.02,0.0080000000000000002,-0.001,0,0,0
1149,-0.019,0.0080000000000000002,-0.001,0,0,0
1150,-0.018000000000000002,0.0080000000000000002,-0.001,0,0,0
1151,-0.017000000000000001,0.0080000000000000002,-0.001,0,0,0
1152,-0.016,0.0080000000000000002,-0.001,0,0,0
1153,-0.014999999999999999,0.0080000000000000002,-0.001,0,0,0
1154,-0.014,0.0080000000000000002,-0.001,-3.762313056327614e-06,-3.0970153198436385e-07,-7.4971808547402172e-06
1155,-0.013000000000000001,0.0080000000000000002,-0.001,-1.0092881822665723e-05,1.2632331724284003e-06,-3.6485635299803494e-05
1156,-0.012,0.0080000000000000002,-0.001,-1.3329106038674178e-05,4.3122493202456838e-06,-8.0041955706231223e-05
1157,-0.010999999999999999,0.0080000000000000002,-0.001,-1.6569381575208113e-05,8.2845522092696767e-06,-0.00013296845922818366
1158,-0.01,0.0080000000000000002,-0.001,-1.9549710289407418e-05,1.2886527934054871e-05,-0.00019357550251013854
1159,-0.0090000000000000011,0.0080000000000000002,-0.001,-2.2436878232914709e-05,1.8243944059321841e-05,-0.00025987896958750437
1160,-0.0080000000000000002,0.0080000000000000002,-0.001,-2.5098290342062651e-05,2.4484352894394138e-05,-0.000330492296967789
1161,-0.0069999999999999993,0.0080000000000000002,-0.001,-2.7319096399769742e-05,3.1613563733672167e-05,-0.00040371592929997385
1162,-0.0060000000000000001,0.0080000000000000002,-0.001,-2.8762905080260962e-05,3.9588304818804367e-05,-0.00047761839796287573
1163,-0.005000000000000001,0.0080000000000000002,-0.001,-2.9021645367459694e-05,4.8178377104350058e-05,-0.00054974883971043733
1164,-0.0040000000000000001,0.0080000000000000002,-0.001,-2.7739818290280492e-05,5.698940782502758e-05,-0.00061716732677546558
1165,-0.0029999999999999992,0.0080000000000000002,-0.001,-2.46875744343347e-05,6.5541486772331252e-05,-0.00067674282183998423
1166,-0.0019999999999999983,0.0080000000000000002,-0.001,-1.9775569044786802e-05,7.3129854786821387e-05,-0.00072513588368420872
1167,-0.0010000000000000009,0.0080000000000000002,-0.001,-1.3346297589079256e-05,7.911350306097951e-05,-0.00075946818824863241
1168,0,0.0080000000000000002,-0.001,-5.8309063522715796e-06,8.2990157173136448e-05,-0.00077774741186895124
1169,0.0010000000000000009,0.0080000000000000002,-0.001,2.1641027494510589e-06,8.4433332484418709e-05,-0.00077853502343924546
1170,0.0019999999999999983,0.0080000000000000002,-0.001,1.0010737573803932e-05,8.3426562663323577e-05,-0.00076186460115253173
1171,0.0029999999999999992,0.0080000000000000002,-0.001,1.724984831423725e-05,7.9971357672537052e-05,-0.00072858798438204348
1172,0.0040000000000000001,0.0080000000000000002,-0.001,2.3295432126464738e-05,7.4298821981101076e-05,-0.00068042157826943717
1173,0.005000000000000001,0.0080000000000000002,-0.001,2.7855330965538487e-05,6.6878521937853186e-05,-0.00061989549028569797
1174,0.0060000000000000019,0.0080000000000000002,-0.001,3.0691832911802715e-05,5.8138559976453856e-05,-0.00054982168672272483
1175,0.0069999999999999993,0.0080000000000000002,-0.001,3.1778064705555604e-05,4.8703289397208215e-05,-0.00047330309702218158
1176,0.0080000000000000002,0.0080000000000000002,-0.001,3.1227951578153952e-05,3.9198699804938342e-05,-0.00039351218860921391
1177,0.0090000000000000011,0.0080000000000000002,-0.001,2.9341837811324398e-05,3.0156065221200108e-05,-0.00031342057552767735
1178,0.0099999999999999985,0.0080000000000000002,-0.001,2.6463961022487887e-05,2.1861151294004207e-05,-0.00023586294786554781
1179,0.010999999999999999,0.0080000000000000002,-0.001,2.2945244966423009e-05,1.4481274084111229e-05,-0.00016338304475567103
1180,0.012,0.0080000000000000002,-0.001,1.8661529467221944e-05,8.0796722483725895e-06,-9.9149184590643303e-05
1181,0.013000000000000001,0.0080000000000000002,-0.001,1.4124259156540941e-05,3.0182903259558821e-06,-4.5838494264783118e-05
1182,0.014000000000000002,0.0080000000000000002,-0.001,5.6142798539300162e-06,1.929928377050138e-07,-1.0105755914753817e-05
1183,0.015000000000000003,0.0080000000000000002,-0.001,0,0,0
1184,0.016000000000000004,0.0080000000000000002,-0.001,0,0,0
1185,0.016999999999999998,0.0080000000000000002,-0.001,0,0,0
1186,0.017999999999999999,0.0080000000000000002,-0.001,0,0,0
1187,0.019,0.0080000000000000002,-0.001,0,0,0
1188,0.02,0.0080000000000000002,-0.001,0,0,0
1189,-0.02,0.0090000000000000011,-0.001,0,0,0
1190,-0.019,0.0090000000000000011,-0.001,0,0,0
1191,-0.018000000000000002,0.0090000000000000011,-0.001,0,0,0
1192,-0.017000000000000001,0.0090000000000000011,-0.001,0,0,0
1193,-0.016,0.0090000000000000011,-0.001,0,0,0
1194,-0.014999999999999999,0.0090000000000000011,-0.001,0,0,0
1195,-0.014,0.0090000000000000011,-0.001,-2.5311293257008293e-06,-1.4113656736961613e-07,-5.1276635988489315e-06
1196,-0.013000000000000001,0.0090000000000000011,-0.001,-7.2416516647981401e-06,1.3201692286554028e-06,-2.6055529623957013e-05
1197,-0.012,0.0090000000000000011,-0.001,-1.0053555833782145e-05,4.1383626558096828e-06,-5.9214728691949459e-05
1198,-0.010999999999999999,0.0090000000000000011,-0.001,-1.2717431296990325e-05,7.8160290608648708e-06,-0.00010110403397569175
1199,-0.01,0.0090000000000000011,-0.001,-1.5030635233400637e-05,1.2036371161569186e-05,-0.00014994575299429193
1200,-0.0090000000000000011,0.0090000000000000011,-0.001,-1.7118023313690694e-05,1.6854739767944851e-05,-0.00020383563781203355
1201,-0.0080000000000000002,0.0090000000000000011,-0.001,-1.8893329889405998e-05,2.2311780162962956e-05,-0.00026124289337723359
1202,-0.0069999999999999993,0.0090000000000000011,-0.001,-2.0233159673296579e-05,2.8378065437647669e-05,-0.00032049952446483617
1203,-0.0060000000000000001,0.0090000000000000011,-0.001,-2.0927150713698477e-05,3.4966637804234256e-05,-0.0003798053860925222
1204,-0.005000000000000001,0.0090000000000000011,-0.001,-2.0759941877805593e-05,4.1873101923315352e-05,-0.00043707573199869683
1205,-0.0040000000000000001,0.0090000000000000011,-0.001,-1.9522708882791934e-05,4.8784970487928172e-05,-0.00048998802735107281
1206,-0.0029999999999999992,0.0090000000000000011,-0.001,-1.7120331856932293e-05,5.5269646668416897e-05,-0.00053605192266795198
1207,-0.0019999999999999983,0.0090000000000000011,-0.001,-1.3598008570997125e-05,6.0910721713188044e-05,-0.00057297685501572543
1208,-0.0010000000000000009,0.0090000000000000011,-0.001,-9.0746702892056636e-06,6.5272954642315917e-05,-0.00059870733938574615
1209,0,0.0090000000000000011,-0.001,-3.9013858754861716e-06,6.7974956635277175e-05,-0.00061170201264359222
1210,0.0010000000000000009,0.0090000000000000011,-0.001,1.5263243577367381e-06,6.8825591247884357e-05,-0.00061124498400595684
1211,0.0019999999999999983,0.0090000000000000011,-0.001,6.8999944312569794e-06,6.7812916687142163e-05,-0.00059721029129174608
1212,0.0029999999999999992,0.0090000000000000011,-0.001,1.1805600940849789e-05,6.4984436382907484e-05,-0.00057037817111700042
1213,0.0040000000000000001,0.0090000000000000011,-0.001,1.6008448003375777e-05,6.0565609252701797e-05,-0.00053210129586059177
1214,0.005000000000000001,0.0090000000000000011,-0.001,1.9265383812427525e-05,5.4793833252607852e-05,-0.00048414656352515706
1215,0.0060000000000000019,0.0090000000000000011,-0.001,2.1447370969208836e-05,4.8056746557040189e-05,-0.00042868643735485286
1216,0.0069999999999999993,0.0090000000000000011,-0.001,2.2498206605386727e-05,4.0740479395897226e-05,-0.00036804807700542487
1217,0.0080000000000000002,0.0090000000000000011,-0.001,2.2456096689616342e-05,3.324737740819423e-05,-0.00030467711613856854
1218,0.0090000000000000011,0.0090000000000000011,-0.001,2.1433423621701726e-05,2.5949813842883904e-05,-0.00024096111987372435
1219,0.0099999999999999985,0.0090000000000000011,-0.001,1.9590036034878569e-05,1.9056888269141461e-05,-0.00017936231372394498
1220,0.010999999999999999,0.0090000000000000011,-0.001,1.7082875734767004e-05,1.2779233274846926e-05,-0.00012223281218629644
1221,0.012,0.0090000000000000011,-0.001,1.3799063261400571e-05,7.2192252931499388e-06,-7.2403054040319126e-05
1222,0.013000000000000001,0.0090000000000000011,-0.001,1.0086831627687192e-05,2.7984591383585437e-06,-3.2445636703722906e-05
1223,0.014000000000000002,0.0090000000000000011,-0.001,3.8758181567221214e-06,3.0699174214504877e-07,-6.9405970703103002e-06
1224,0.015000000000000003,0.0090000000000000011,-0.001,0,0,0
1225,0.016000000000000004,0.0090000000000000011,-0.001,0,0,0
1226,0.016999999999999998,0.0090000000000000011,-0.001,0,0,0
1227,0.017999999999999999,0.0090000000000000011,-0.001,0,0,0
1228,0.019,0.0090000000000000011,-0.001,0,0,0
1229,0.02,0.0090000000000000011,-0.001,0,0,0
1230,-0.02,0.0099999999999999985,-0.001,0,0,0
1231,-0.019,0.0099999999999999985,-0.001,0,0,0
1232,-0.018000000000000002,0.0099999999999999985,-0.001,0,0,0
1233,-0.017000000000000001,0.0099999999999999985,-0.001,0,0,0
1234,-0.016,0.0099999999999999985,-0.001,0,0,0
1235,-0.014999999999999999,0.0099999999999999985,-0.001,0,0,0
1236,-0.014,0.0099999999999999985,-0.001,-1.5645079733463772e-06,-3.4584323696437233e-08,-3.2523207790551743e-06
1237,-0.013000000000000001,0.0099999999999999985,-0.001,-4.699479577331214e-06,1.222831775074211e-06,-1.6988413079845832e-05
1238,-0.012,0.0099999999999999985,-0.001,-6.9890476728644501e-06,3.7118798264082774e-06,-4.0357933069430097e-05
1239,-0.010999999999999999,0.0099999999999999985,-0.001,-9.1107257016510454e-06,6.9981301305678625e-06,-7.1465017635127443e-05
1240,-0.01,0.0099999999999999985,-0.001,-1.0857957058094093e-05,1.078052266496798e-05,-0.00010879634239753926
1241,-0.0090000000000000011,0.0099999999999999985,-0.001,-1.2320520465443171e-05,1.5040006611578211e-05,-0.00015061704797306944
1242,-0.0080000000000000002,0.0099999999999999985,-0.001,-1.3452047654648451e-05,1.9751936925020553e-05,-0.00019543973817210005
1243,-0.0069999999999999993,0.0099999999999999985,-0.001,-1.4194078010424744e-05,2.4848754569228112e-05,-0.00024169621665553836
1244,-0.0060000000000000001,0.0099999999999999985,-0.001,-1.4448087554426213e-05,3.0234470526569891e-05,-0.00028778751255431118
1245,-0.005000000000000001,0.0099999999999999985,-0.001,-1.4107003942067861e-05,3.572907630145384e-05,-0.0003319837120502954
1246,-0.0040000000000000001,0.0099999999999999985,-0.001,-1.3083953804001844e-05,4.1083140577182774e-05,-0.00037245586343709612
1247,-0.0029999999999999992,0.0099999999999999985,-0.001,-1.1342510644040621e-05,4.6002730992089977e-05,-0.00040737043026134516
1248,-0.0019999999999999983,0.0099999999999999985,-0.001,-8.912848177936152e-06,5.0172348503915152e-05,-0.00043499416054806986
1249,-0.0010000000000000009,0.0099999999999999985,-0.001,-5.9209988250827755e-06,5.3306367339334705e-05,-0.00045389504945962872
1250,0,0.0099999999999999985,-0.001,-2.5323953632541098e-06,5.5193491531549368e-05,-0.00046304931580704918
1251,0.0010000000000000009,0.0099999999999999985,-0.001,1.0191190173750268e-06,5.5694647411728339e-05,-0.00046192759807099496
1252,0.0019999999999999983,0.0099999999999999985,-0.001,4.4931322501239007e-06,5.4797871940746138e-05,-0.00045058540253495322
1253,0.0029999999999999992,0.0099999999999999985,-0.001,7.723264514894582e-06,5.2555535519197225e-05,-0.00042951750748445477
1254,0.0040000000000000001,0.0099999999999999985,-0.001,1.0514068730592096e-05,4.9092339803033568e-05,-0.00039973502585940112
1255,0.005000000000000001,0.0099999999999999985,-0.001,1.276138298672203e-05,4.4634529861170158e-05,-0.00036260692475986636
1256,0.0060000000000000019,0.0099999999999999985,-0.001,1.4363406524737482e-05,3.9414207654725858e-05,-0.00031972879978236791
1257,0.0069999999999999993,0.0099999999999999985,-0.001,1.5275607495468889e-05,3.3680708725213407e-05,-0.00027289058077698409
1258,0.0080000000000000002,0.0099999999999999985,-0.001,1.5456578843835168e-05,2.7736007295195958e-05,-0.00022400662182333678
1259,0.0090000000000000011,0.0099999999999999985,-0.001,1.4942699482622416e-05,2.1805863702250598e-05,-0.00017505302005115929
1260,0.0099999999999999985,0.0099999999999999985,-0.001,1.3762428495796623e-05,1.6098958179165376e-05,-0.00012810755886662111
1261,0.010999999999999999,0.0099999999999999985,-0.001,1.1977975901585319e-05,1.0813357522342831e-05,-8.5240875098397057e-05
1262,0.012,0.0099999999999999985,-0.001,9.4937270655668883e-06,6.1080679118466977e-06,-4.8847649595278645e-05
1263,0.013000000000000001,0.0099999999999999985,-0.001,6.5827020999944385e-06,2.3887983088241543e-06,-2.10414065366333e-05
1264,0.014000000000000002,0.0099999999999999985,-0.001,2.4909746711139595e-06,3.4222275950101094e-07,-4.436633256309319e-06
1265,0.015000000000000003,0.0099999999999999985,-0.001,0,0,0
1266,0.016000000000000004,0.0099999999999999985,-0.001,0,0,0
1267,0.016999999999999998,0.0099999999999999985,-0.001,0,0,0
1268,0.017999999999999999,0.0099999999999999985,-0.001,0,0,0
1269,0.019,0.0099999999999999985,-0.001,0,0,0
1270,0.02,0.0099999999999999985,-0.001,0,0,0
1271,-0.02,0.010999999999999999,-0.001,0,0,0
1272,-0.019,0.010999999999999999,-0.001,0,0,0
1273,-0.018000000000000002,0.010999999999999999,-0.001,0,0,0
1274,-0.017000000000000001,0.010999999999999999,-0.001,0,0,0
1275,-0.016,0.010999999999999999,-0.001,0,0,0
1276,-0.014999999999999999,0.010999999999999999,-0.001,0,0,0
1277,-0.014,0.010999999999999999,-0.001,-9.9678675076701325e-07,1.1018656808361483e-08,-1.9308377608650451e-06
1278,-0.013000000000000001,0.010999999999999999,-0.001,-2.6591457971406825e-06,9.7301621501546375e-07,-9.8730083442696114e-06
1279,-0.012,0.010999999999999999,-0.001,-4.3060577338989146e-06,3.0414419218918365e-06,-2.4520477377143531e-05
1280,-0.010999999999999999,0.010999999999999999,-0.001,-5.8457162882701014e-06,5.8456117930399549e-06,-4.5478093645348468e-05
1281,-0.01,0.010999999999999999,-0.001,-7.0894185922985909e-06,9.1629533783460005e-06,-7.1738273622106225e-05
1282,-0.0090000000000000011,0.010999999999999999,-0.001,-8.0467390858122984e-06,1.2887215863107554e-05,-0.00010193191015744912
1283,-0.0080000000000000002,0.010999999999999999,-0.001,-8.6995714020255109e-06,1.6945459669153681e-05,-0.00013471178150987939
1284,-0.0069999999999999993,0.010999999999999999,-0.001,-9.0459895428012684e-06,2.1235985386560833e-05,-0.00016871224645319992
1285,-0.0060000000000000001,0.010999999999999999,-0.001,-9.0548545256829411e-06,2.5648218693016281e-05,-0.00020257915465102645
1286,-0.005000000000000001,0.010999999999999999,-0.001,-8.6991237080956413e-06,3.0029135255812728e-05,-0.00023493685739486224
1287,-0.0040000000000000001,0.010999999999999999,-0.001,-7.9503834951085042e-06,3.4189132319662708e-05,-0.00026441196463396172
1288,-0.0029999999999999992,0.010999999999999999,-0.001,-6.8089167321910604e-06,3.7905666244197273e-05,-0.00028965416425167159
1289,-0.0019999999999999983,0.010999999999999999,-0.001,-5.3156871228229233e-06,4.0972414743173358e-05,-0.00030944822320442525
1290,-0.0010000000000000009,0.010999999999999999,-0.001,-3.5358911465719333e-06,4.3225960860454801e-05,-0.00032279735222991434
1291,0,0.010999999999999999,-0.001,-1.5590020698650661e-06,4.453574889566722e-05,-0.00032899401760267777
1292,0.0010000000000000009,0.010999999999999999,-0.001,5.1072023551371412e-07,4.4820605437058717e-05,-0.00032768854670087166
1293,0.0019999999999999983,0.010999999999999999,-0.001,2.558868239825544e-06,4.4061324624512246e-05,-0.00031892654675677899
1294,0.0029999999999999992,0.010999999999999999,-0.001,4.4739690891673456e-06,4.2305267903843257e-05,-0.00030315436447647638
1295,0.0040000000000000001,0.010999999999999999,-0.001,6.2115008989124478e-06,3.9629440958967646e-05,-0.00028108757235824317
1296,0.005000000000000001,0.010999999999999999,-0.001,7.6807213870920104e-06,3.6141712732532341e-05,-0.00025368589501716999
1297,0.0060000000000000019,0.010999999999999999,-0.001,8.8049979240960536e-06,3.2022703733647412e-05,-0.00022214314778350611
1298,0.0069999999999999993,0.010999999999999999,-0.001,9.5200959399182789e-06,2.745517650047894e-05,-0.00018780824010944237
1299,0.0080000000000000002,0.010999999999999999,-0.001,9.7789238434353274e-06,2.2646432432288287e-05,-0.00015216774522219996
1300,0.0090000000000000011,0.010999999999999999,-0.001,9.559508268440505e-06,1.7771525765303523e-05,-0.00011679794719135131
1301,0.0099999999999999985,0.010999999999999999,-0.001,8.8294235060208794e-06,1.3040938802458766e-05,-8.3402970651042885e-05
1302,0.010999999999999999,0.010999999999999999,-0.001,7.6010940401948408e-06,8.6413929621926564e-06,-5.3697338613713354e-05
1303,0.012,0.010999999999999999,-0.001,5.8362157867776436e-06,4.7915872945967676e-06,-2.9512943677018545e-05
1304,0.013000000000000001,0.010999999999999999,-0.001,3.8059242750850162e-06,1.8335078765494712e-06,-1.2202778954220209e-05
1305,0.014000000000000002,0.010999999999999999,-0.001,1.4972992030106665e-06,3.0154200982964195e-07,-2.6124304557116968e-06
1306,0.015000000000000003,0.010999999999999999,-0.001,0,0,0
1307,0.016000000000000004,0.010999999999999999,-0.001,0,0,0
1308,0.016999999999999998,0.010999999999999999,-0.001,0,0,0
1309,0.017999999999999999,0.010999999999999999,-0.001,0,0,0
1310,0.019,0.010999999999999999,-0.001,0,0,0
1311,0.02,0.010999999999999999,-0.001,0,0,0
1312,-0.02,0.012,-0.001,0,0,0
1313,-0.019,0.012,-0.001,0,0,0
1314,-0.018000000000000002,0.012,-0.001,0,0,0
1315,-0.017000000000000001,0.012,-0.001,0,0,0
1316,-0.016,0.012,-0.001,0,0,0
1317,-0.014999999999999999,0.012,-0.001,0,0,0
1318,-0.014,0.012,-0.001,-5.6084123971160401e-07,-1.8599161239005445e-08,-1.0131268991598876e-06
1319,-0.013000000000000001,0.012,-0.001,-1.3010050287792728e-06,6.6922060042451456e-07,-4.9739871939788056e-06
1320,-0.012,0.012,-0.001,-2.1292508083637074e-06,2.1449371899424314e-06,-1.2646626844857521e-05
1321,-0.010999999999999999,0.012,-0.001,-3.0534641003253999e-06,4.3510713470465996e-06,-2.4603813913782646e-05
1322,-0.01,0.012,-0.001,-3.7771434780546317e-06,7.0990574706929386e-06,-4.0645185118042553e-05
1323,-0.0090000000000000011,0.012,-0.001,-4.2831575760589859e-06,1.0281351237064502e-05,-5.9879813892494565e-05
1324,-0.0080000000000000002,0.012,-0.001,-4.5603542444039551e-06,1.3743388366741288e-05,-8.130547872674963e-05
1325,-0.0069999999999999993,0.012,-0.001,-4.6325010764005418e-06,1.7351275280711167e-05,-0.00010383969738836789
1326,-0.0060000000000000001,0.012,-0.001,-4.5152547245261577e-06,2.098199377917741e-05,-0.00012643178891343128
1327,-0.005000000000000001,0.012,-0.001,-4.2242945462476638e-06,2.4499693478185755e-05,-0.00014805284468744434
1328,-0.0040000000000000001,0.012,-0.001,-3.7751962531593897e-06,2.7758743536253686e-05,-0.00016771603011182985
1329,-0.0029999999999999992,0.012,-0.001,-3.1900076967760426e-06,3.0608638920950003e-05,-0.00018449856205805722
1330,-0.0019999999999999983,0.012,-0.001,-2.4944201020587621e-06,3.2909816344268151e-05,-0.00019757248120249874
1331,-0.0010000000000000009,0.012,-0.001,-1.717417658068112e-06,3.4549822657200625e-05,-0.00020626959220726722
1332,0,0.012,-0.001,-8.8077016519037805e-07,3.5456176450468217e-05,-0.00021014176057231599
1333,0.0010000000000000009,0.012,-0.001,5.3498154454748769e-09,3.5584085945998992e-05,-0.00020897425166814225
1334,0.0019999999999999983,0.012,-0.001,9.2200125705132684e-07,3.4917690726917914e-05,-0.00020280073430808168
1335,0.0029999999999999992,0.012,-0.001,1.8308728997216348e-06,3.3479664898436929e-05,-0.00019190542561164158
1336,0.0040000000000000001,0.012,-0.001,2.700418128414627e-06,3.1331709966426742e-05,-0.00017681656787063311
1337,0.005000000000000001,0.012,-0.001,3.5069041804123307e-06,2.8542359593337961e-05,-0.00015825564013068351
1338,0.0060000000000000019,0.012,-0.001,4.1997792403021943e-06,2.5227679977337546e-05,-0.0001370584967257116
1339,0.0069999999999999993,0.012,-0.001,4.7238818732450081e-06,2.1528056497984359e-05,-0.0001141890121504466
1340,0.0080000000000000002,0.012,-0.001,5.0151204689268088e-06,1.7600468954353137e-05,-9.0729683568605086e-05
1341,0.0090000000000000011,0.012,-0.001,5.0179294843727805e-06,1.3606583388202487e-05,-6.7861144682092187e-05
1342,0.0099999999999999985,0.012,-0.001,4.675461394939362e-06,9.7428599207434067e-06,-4.6846879058097634e-05
1343,0.010999999999999999,0.012,-0.001,3.9800094108210782e-06,6.2380378675547012e-06,-2.8922038262765967e-05
1344,0.012,0.012,-0.001,2.9556363986491616e-06,3.3333589639153868e-06,-1.5199014417815066e-05
1345,0.013000000000000001,0.012,-0.001,1.8242827557505318e-06,1.1961375359335247e-06,-6.1458719168687298e-06
1346,0.014000000000000002,0.012,-0.001,8.3378879446782887e-07,1.9918282603139588e-07,-1.3415244379603736e-06
1347,0.015000000000000003,0.012,-0.001,0,0,0
1348,0.016000000000000004,0.012,-0.001,0,0,0
1349,0.016999999999999998,0.012,-0.001,0,0,0
1350,0.017999999999999999,0.012,-0.001,0,0,0
1351,0.019,0.012,-0.001,0,0,0
1352,0.02,0.012,-0.001,0,0,0
1353,-0.02,0.013000000000000001,-0.001,0,0,0
1354,-0.019,0.013000000000000001,-0.001,0,0,0
1355,-0.018000000000000002,0.013000000000000001,-0.001,0,0,0
1356,-0.017000000000000001,0.013000000000000001,-0.001,0,0,0
1357,-0.016,0.013000000000000001,-0.001,0,0,0
1358,-0.014999999999999999,0.013000000000000001,-0.001,0,0,0
1359,-0.014,0.013000000000000001,-0.001,-1.3173179612373402e-07,-3.9848178186748171e-08,-3.8053884021899531e-07
1360,-0.013000000000000001,0.013000000000000001,-0.001,-3.7407984138135666e-07,3.8241758497757902e-07,-1.9315450148401471e-06
1361,-0.012,0.013000000000000001,-0.001,-6.6336209423674296e-07,1.3226906834181228e-06,-4.9890535911288719e-06
1362,-0.010999999999999999,0.013000000000000001,-0.001,-9.7869908655128537e-07,2.7105093553424248e-06,-9.9381121241045028e-06
1363,-0.01,0.013000000000000001,-0.001,-1.2509570211186568e-06,4.8072855040941973e-06,-1.7162608057597626e-05
1364,-0.0090000000000000011,0.013000000000000001,-0.001,-1.3816313467287806e-06,7.4438838978361083e-06,-2.6424274535475614e-05
1365,-0.0080000000000000002,0.013000000000000001,-0.001,-1.3673437663733918e-06,1.0436924147538923e-05,-3.7156184573219658e-05
1366,-0.0069999999999999993,0.013000000000000001,-0.001,-1.2598900791716014e-06,1.358186050324045e-05,-4.8691226693317159e-05
1367,-0.0060000000000000001,0.013000000000000001,-0.001,-1.1082796915704529e-06,1.6712318954075213e-05,-6.0373145334269351e-05
1368,-0.005000000000000001,0.013000000000000001,-0.001,-9.5355746141265447e-07,1.9687762334546966e-05,-7.1590724856089916e-05
1369,-0.0040000000000000001,0.013000000000000001,-0.001,-8.1618078133223901e-07,2.2388384162366015e-05,-8.1789498856444393e-05
1370,-0.0029999999999999992,0.013000000000000001,-0.001,-7.0214515133916439e-07,2.4704724944350328e-05,-9.046968210337433e-05
1371,-0.0019999999999999983,0.013000000000000001,-0.001,-6.0641183857663026e-07,2.6537753222458282e-05,-9.7206201318891967e-05
1372,-0.0010000000000000009,0.013000000000000001,-0.001,-5.1957731475634584e-07,2.7808538031527177e-05,-0.00010165426595616711
1373,0,0.013000000000000001,-0.001,-4.2147890862086355e-07,2.8457412501096973e-05,-0.00010356687070615987
1374,0.0010000000000000009,0.013000000000000001,-0.001,-3.0349189002877334e-07,2.844479152628871e-05,-0.00010283446622461703
1375,0.0019999999999999983,0.013000000000000001,-0.001,-1.566624272232648e-07,2.7777557593617046e-05,-9.9477888275232987e-05
1376,0.0029999999999999992,0.013000000000000001,-0.001,2.8318406329333507e-08,2.6487010754482956e-05,-9.3668562351462243e-05
1377,0.0040000000000000001,0.013000000000000001,-0.001,2.5442905640990068e-07,2.4622624871517732e-05,-8.5696269524993077e-05
1378,0.005000000000000001,0.013000000000000001,-0.001,5.2485512186132968e-07,2.2227437271718945e-05,-7.594566391662371e-05
1379,0.0060000000000000019,0.013000000000000001,-0.001,8.3833814885336111e-07,1.9384451770823031e-05,-6.489854408224783e-05
1380,0.0069999999999999993,0.013000000000000001,-0.001,1.1649284658565211e-06,1.6206402262748224e-05,-5.3093603840005797e-05
1381,0.0080000000000000002,0.013000000000000001,-0.001,1.4453136720447172e-06,1.2845466248178249e-05,-4.1160280474723395e-05
1382,0.0090000000000000011,0.013000000000000001,-0.001,1.6101310162380579e-06,9.5046720059644832e-06,-2.980296488560078e-05
1383,0.0099999999999999985,0.013000000000000001,-0.001,1.5817748094192246e-06,6.4259511790056717e-06,-1.9770029260206527e-05
1384,0.010999999999999999,0.013000000000000001,-0.001,1.3510375231378861e-06,3.8606215091866648e-06,-1.1712985557627222e-05
1385,0.012,0.013000000000000001,-0.001,9.5292838885992794e-07,1.9504069196782491e-06,-6.0218446517000405e-06
1386,0.013000000000000001,0.013000000000000001,-0.001,6.1030403861669307e-07,7.0448845967944446e-07,-2.3999383798549862e-06
1387,0.014000000000000002,0.013000000000000001,-0.001,2.6234598007081528e-07,8.7783237861700539e-08,-4.844229110771707e-07
1388,0.015000000000000003,0.013000000000000001,-0.001,0,0,0
1389,0.016000000000000004,0.013000000000000001,-0.001,0,0,0
1390,0.016999999999999998,0.013000000000000001,-0.001,0,0,0
1391,0.017999999999999999,0.013000000000000001,-0.001,0,0,0
1392,0.019,0.013000000000000001,-0.001,0,0,0
1393,0.02,0.013000000000000001,-0.001,0,0,0
1394,-0.02,0.014000000000000002,-0.001,0,0,0
1395,-0.019,0.014000000000000002,-0.001,0,0,0
1396,-0.018000000000000002,0.014000000000000002,-0.001,0,0,0
1397,-0.017000000000000001,0.014000000000000002,-0.001,0,0,0
1398,-0.016,0.014000000000000002,-0.001,0,0,0
1399,-0.014999999999999999,0.014000000000000002,-0.001,0,0,0
1400,-0.014,0.014000000000000002,-0.001,6.5466359995816313e-08,-6.4482517281050512e-08,1.9695498342862058e-08
1401,-0.013000000000000001,0.014000000000000002,-0.001,4.1878227817874952e-08,1.3652623057891841e-07,-3.8208838436541427e-07
1402,-0.012,0.014000000000000002,-0.001,2.0528855997428211e-08,5.7388234065052249e-07,-1.0206336281414535e-06
1403,-0.010999999999999999,0.014000000000000002,-0.001,-1.1609614995637258e-08,1.0270548085486682e-06,-1.9546535463857506e-06
1404,-0.01,0.014000000000000002,-0.001,2.8668026269025142e-08,1.6265288022975166e-06,-3.310518962949459e-06
1405,-0.0090000000000000011,0.014000000000000002,-0.001,1.2733248083000349e-07,2.644737762004678e-06,-5.2458011201232667e-06
1406,-0.0080000000000000002,0.014000000000000002,-0.001,2.8610404441359894e-07,3.9515655776923922e-06,-7.7073381563185808e-06
1407,-0.0069999999999999993,0.014000000000000002,-0.001,4.6667946968626533e-07,5.4042032129667747e-06,-1.0499665438393237e-05
1408,-0.0060000000000000001,0.014000000000000002,-0.001,6.1707012289087032e-07,6.8626932817624466e-06,-1.3407750743546306e-05
1409,-0.005000000000000001,0.014000000000000002,-0.001,6.9785854076976404e-07,8.2291686324529403e-06,-1.6242582744169287e-05
1410,-0.0040000000000000001,0.014000000000000002,-0.001,6.8725632576702765e-07,9.4430284888852088e-06,-1.8841815540670269e-05
1411,-0.0029999999999999992,0.014000000000000002,-0.001,5.8152589558371166e-07,1.0460584306437625e-05,-2.1067572814776931e-05
1412,-0.0019999999999999983,0.014000000000000002,-0.001,3.9081526934402999e-07,1.1250314088890812e-05,-2.2802526330317345e-05
1413,-0.0010000000000000009,0.014000000000000002,-0.001,1.3674404059384872e-07,1.1788627714572605e-05,-2.3955026572146566e-05
1414,0,0.014000000000000002,-0.001,-1.51335339113402e-07,1.2065159463011159e-05,-2.4461380240501003e-05
1415,0.0010000000000000009,0.014000000000000002,-0.001,-4.3631149968976757e-07,1.2088359765965332e-05,-2.4285318078838979e-05
1416,0.0019999999999999983,0.014000000000000002,-0.001,-6.8384689613600796e-07,1.1825088495100788e-05,-2.3442219696430953e-05
1417,0.0029999999999999992,0.014000000000000002,-0.001,-8.5968315696518535e-07,1.1257334138702403e-05,-2.1962920620183854e-05
1418,0.0040000000000000001,0.014000000000000002,-0.001,-9.3995642780168833e-07,1.0410127076701791e-05,-1.9916316723820304e-05
1419,0.005000000000000001,0.014000000000000002,-0.001,-9.1421322462383307e-07,9.3057065249814504e-06,-1.741759637988542e-05
1420,0.0060000000000000019,0.014000000000000002,-0.001,-7.8797479617092994e-07,7.9774434289140591e-06,-1.4611330901495484e-05
1421,0.0069999999999999993,0.014000000000000002,-0.001,-5.8125341021254632e-07,6.5017864642556025e-06,-1.1670804696501814e-05
1422,0.0080000000000000002,0.014000000000000002,-0.001,-3.3517096447975195e-07,4.9765959356323161e-06,-8.7866406009025786e-06
1423,0.0090000000000000011,0.014000000000000002,-0.001,-1.0735104255456499e-07,3.5397259715429981e-06,-6.1658403940306576e-06
1424,0.0099999999999999985,0.014000000000000002,-0.001,4.5555008706424349e-08,2.3346497261684806e-06,-4.0144824105681861e-06
1425,0.010999999999999999,0.014000000000000002,-0.001,1.0792465163223827e-07,1.4571334880297752e-06,-2.4202856907606927e-06
1426,0.012,0.014000000000000002,-0.001,9.6048476968797011e-08,8.5089599880645982e-07,-1.2827578348996614e-06
1427,0.013000000000000001,0.014000000000000002,-0.001,4.5079186556650964e-08,2.8237187559505545e-07,-4.7614307645112611e-07
1428,0.014000000000000002,0.014000000000000002,-0.001,-2.6595911473912856e-08,-1.6088222866216959e-08,8.2532453802952426e-09
1429,0.015000000000000003,0.014000000000000002,-0.001,0,0,0
1430,0.016000000000000004,0.014000000000000002,-0.001,0,0,0
1431,0.016999999999999998,0.014000000000000002,-0.001,0,0,0
1432,0.017999999999999999,0.014000000000000002,-0.001,0,0,0
1433,0.019,0.014000000000000002,-0.001,0,0,0
1434,0.02,0.014000000000000002,-0.001,0,0,0
1435,-0.02,0.015000000000000003,-0.001,0,0,0
1436,-0.019,0.015000000000000003,-0.001,0,0,0
1437,-0.018000000000000002,0.015000000000000003,-0.001,0,0,0
1438,-0.017000000000000001,0.015000000000000003,-0.001,0,0,0
1439,-0.016,0.015000000000000003,-0.001,0,0,0
1440,-0.014999999999999999,0.015000000000000003,-0.001,0,0,0
1441,-0.014,0.015000000000000003,-0.001,0,0,0
1442,-0.013000000000000001,0.015000000000000003,-0.001,0,0,0
1443,-0.012,0.015000000000000003,-0.001,0,0,0
1444,-0.010999999999999999,0.015000000000000003,-0.001,0,0,0
1445,-0.01,0.015000000000000003,-0.001,0,0,0
1446,-0.0090000000000000011,0.015000000000000003,-0.001,0,0,0
1447,-0.0080000000000000002,0.015000000000000003,-0.001,0,0,0
1448,-0.0069999999999999993,0.015000000000000003,-0.001,0,0,0
1449,-0.0060000000000000001,0.015000000000000003,-0.001,0,0,0
1450,-0.005000000000000001,0.015000000000000003,-0.001,0,0,0
1451,-0.0040000000000000001,0.015000000000000003,-0.001,0,0,0
1452,-0.0029999999999999992,0.015000000000000003,-0.001,0,0,0
1453,-0.0019999999999999983,0.015000000000000003,-0.001,0,0,0
1454,-0.0010000000000000009,0.015000000000000003,-0.001,0,0,0
1455,0,0.015000000000000003,-0.001,0,0,0
1456,0.0010000000000000009,0.015000000000000003,-0.001,0,0,0
1457,0.0019999999999999983,0.015000000000000003,-0.001,0,0,0
1458,0.0029999999999999992,0.015000000000000003,-0.001,0,0,0
1459,0.0040000000000000001,0.015000000000000003,-0.001,0,0,0
1460,0.005000000000000001,0.015000000000000003,-0.001,0,0,0
1461,0.0060000000000000019,0.015000000000000003,-0.001,0,0,0
1462,0.0069999999999999993,0.015000000000000003,-0.001,0,0,0
1463,0.0080000000000000002,0.015000000000000003,-0.001,0,0,0
1464,0.0090000000000000011,0.015000000000000003,-0.001,0,0,0
1465,0.0099999999999999985,0.015000000000000003,-0.001,0,0,0
1466,0.010999999999999999,0.015000000000000003,-0.001,0,0,0
1467,0.012,0.015000000000000003,-0.001,0,0,0
1468,0.013000000000000001,0.015000000000000003,-0.001,0,0,0
1469,0.014000000000000002,0.015000000000000003,-0.001,0,0,0
1470,0.015000000000000003,0.015000000000000003,-0.001,0,0,0
1471,0.016000000000000004,0.015000000000000003,-0.001,0,0,0
1472,0.016999999999999998,0.015000000000000003,-0.001,0,0,0
1473,0.017999999999999999,0.015000000000000003,-0.001,0,0,0
1474,0.019,0.015000000000000003,-0.001,0,0,0
1475,0.02,0.015000000000000003,-0.001,0,0,0
1476,-0.02,0.016000000000000004,-0.001,0,0,0
1477,-0.019,0.016000000000000004,-0.001,0,0,0
1478,-0.018000000000000002,0.016000000000000004,-0.001,0,0,0
1479,-0.017000000000000001,0.016000000000000004,-0.001,0,0,0
1480,-0.016,0.016000000000000004,-0.001,0,0,0
1481,-0.014999999999999999,0.016000000000000004,-0.001,0,0,0
1482,-0.014,0.016000000000000004,-0.001,0,0,0
1483,-0.013000000000000001,0.016000000000000004,-0.001,0,0,0
1484,-0.012,0.016000000000000004,-0.001,0,0,0
1485,-0.010999999999999999,0.016000000000000004,-0.001,0,0,0
1486,-0.01,0.016000000000000004,-0.001,0,0,0
1487,-0.0090000000000000011,0.016000000000000004,-0.001,0,0,0
1488,-0.0080000000000000002,0.016000000000000004,-0.001,0,0,0
1489,-0.0069999999999999993,0.016000000000000004,-0.001,0,0,0
1490,-0.0060000000000000001,0.016000000000000004,-0.001,0,0,0
1491,-0.005000000000000001,0.016000000000000004,-0.001,0,0,0
1492,-0.0040000000000000001,0.016000000000000004,-0.001,0,0,0
1493,-0.0029999999999999992,0.016000000000000004,-0.001,0,0,0
1494,-0.0019999999999999983,0.016000000000000004,-0.001,0,0,0
1495,-0.0010000000000000009,0.016000000000000004,-0.001,0,0,0
1496,0,0.016000000000000004,-0.001,0,0,0
1497,0.0010000000000000009,0.016000000000000004,-0.001,0,0,0
1498,0.0019999999999999983,0.016000000000000004,-0.001,0,0,0
1499,0.0029999999999999992,0.016000000000000004,-0.001,0,0,0
1500,0.0040000000000000001,0.016000000000000004,-0.001,0,0,0
1501,0.005000000000000001,0.016000000000000004,-0.001,0,0,0
1502,0.0060000000000000019,0.016000000000000004,-0.001,0,0,0
1503,0.0069999999999999993,0.016000000000000004,-0.001,0,0,0
1504,0.0080000000000000002,0.016000000000000004,-0.001,0,0,0
1505,0.0090000000000000011,0.016000000000000004,-0.001,0,0,0
1506,0.0099999999999999985,0.016000000000000004,-0.001,0,0,0
1507,0.010999999999999999,0.016000000000000004,-0.001,0,0,0
1508,0.012,0.016000000000000004,-0.001,0,0,0
1509,0.013000000000000001,0.016000000000000004,-0.001,0,0,0
1510,0.014000000000000002,0.016000000000000004,-0.001,0,0,0
1511,0.015000000000000003,0.016000000000000004,-0.001,0,0,0
1512,0.016000000000000004,0.016000000000000004,-0.001,0,0,0
1513,0.016999999999999998,0.016000000000000004,-0.001,0,0,0
1514,0.017999999999999999,0.016000000000000004,-0.001,0,0,0
1515,0.019,0.016000000000000004,-0.001,0,0,0
1516,0.02,0.016000000000000004,-0.001,0,0,0
1517,-0.02,0.016999999999999998,-0.001,0,0,0
1518,-0.019,0.016999999999999998,-0.001,0,0,0
1519,-0.018000000000000002,0.016999999999999998,-0.001,0,0,0
1520,-0.017000000000000001,0.016999999999999998,-0.001,0,0,0
1521,-0.016,0.016999999999999998,-0.001,0,0,0
1522,-0.014999999999999999,0.016999999999999998,-0.001,0,0,0
1523,-0.014,0.016999999999999998,-0.001,0,0,0
1524,-0.013000000000000001,0.016999999999999998,-0.001,0,0,0
1525,-0.012,0.016999999999999998,-0.001,0,0,0
1526,-0.010999999999999999,0.016999999999999998,-0.001,0,0,0
1527,-0.01,0.016999999999999998,-0.001,0,0,0
1528,-0.0090000000000000011,0.016999999999999998,-0.001,0,0,0
1529,-0.0080000000000000002,0.016999999999999998,-0.001,0,0,0
1530,-0.0069999999999999993,0.016999999999999998,-0.001,0,0,0
1531,-0.0060000000000000001,0.016999999999999998,-0.001,0,0,0
1532,-0.005000000000000001,0.016999999999999998,-0.001,0,0,0
1533,-0.0040000000000000001,0.016999999999999998,-0.001,0,0,0
1534,-0.0029999999999999992,0.016999999999999998,-0.001,0,0,0
1535,-0.0019999999999999983,0.016999999999999998,-0.001,0,0,0
1536,-0.0010000000000000009,0.016999999999999998,-0.001,0,0,0
1537,0,0.016999999999999998,-0.001,0,0,0
1538,0.0010000000000000009,0.016999999999999998,-0.001,0,0,0
1539,0.0019999999999999983,0.016999999999999998,-0.001,0,0,0
1540,0.0029999999999999992,0.016999999999999998,-0.001,0,0,0
1541,0.0040000000000000001,0.016999999999999998,-0.001,0,0,0
1542,0.005000000000000001,0.016999999999999998,-0.001,0,0,0
1543,0.0060000000000000019,0.016999999999999998,-0.001,0,0,0
1544,0.0069999999999999993,0.016999999999999998,-0.001,0,0,0
1545,0.0080000000000000002,0.016999999999999998,-0.001,0,0,0
1546,0.0090000000000000011,0.016999999999999998,-0.001,0,0,0
1547,0.0099999999999999985,0.016999999999999998,-0.001,0,0,0
1548,0.010999999999999999,0.016999999999999998,-0.001,0,0,0
1549,0.012,0.016999999999999998,-0.001,0,0,0
1550,0.013000000000000001,0.016999999999999998,-0.001,0,0,0
1551,0.014000000000000002,0.016999999999999998,-0.001,0,0,0
1552,0.015000000000000003,0.016999999999999998,-0.001,0,0,0
1553,0.016000000000000004,0.016999999999999998,-0.001,0,0,0
1554,0.016999999999999998,0.016999999999999998,-0.001,0,0,0
1555,0.017999999999999999,0.016999999999999998,-0.001,0,0,0
1556,0.019,0.016999999999999998,-0.001,0,0,0
1557,0.02,0.016999999999999998,-0.001,0,0,0
1558,-0.02,0.017999999999999999,-0.001,0,0,0
1559,-0.019,0.017999999999999999,-0.001,0,0,0
1560,-0.018000000000000002,0.017999999999999999,-0.001,0,0,0
1561,-0.017000000000000001,0.017999999999999999,-0.001,0,0,0
1562,-0.016,0.017999999999999999,-0.001,0,0,0
1563,-0.014999999999999999,0.017999999999999999,-0.001,0,0,0
1564,-0.014,0.017999999999999999,-0.001,0,0,0
1565,-0.013000000000000001,0.017999999999999999,-0.001,0,0,0
1566,-0.012,0.017999999999999999,-0.001,0,0,0
1567,-0.010999999999999999,0.017999999999999999,-0.001,0,0,0
1568,-0.01,0.017999999999999999,-0.001,0,0,0
1569,-0.0090000000000000011,0.017999999999999999,-0.001,0,0,0
1570,-0.0080000000000000002,0.017999999999999999,-0.001,0,0,0
1571,-0.0069999999999999993,0.017999999999999999,-0.001,0,0,0
1572,-0.0060000000000000001,0.017999999999999999,-0.001,0,0,0
1573,-0.005000000000000001,0.017999999999999999,-0.001,0,0,0
1574,-0.0040000000000000001,0.017999999999999999,-0.001,0,0,0
1575,-0.0029999999999999992,0.017999999999999999,-0.001,0,0,0
1576,-0.0019999999999999983,0.017999999999999999,-0.001,0,0,0
1577,-0.0010000000000000009,0.017999999999999999,-0.001,0,0,0
1578,0,0.017999999999999999,-0.001,0,0,0
1579,0.0010000000000000009,0.017999999999999999,-0.001,0,0,0
1580,0.0019999999999999983,0.017999999999999999,-0.001,0,0,0
1581,0.0029999999999999992,0.017999999999999999,-0.001,0,0,0
1582,0.0040000000000000001,0.017999999999999999,-0.001,0,0,0
1583,0.005000000000000001,0.017999999999999999,-0.001,0,0,0
1584,0.0060000000000000019,0.017999999999999999,-0.001,0,0,0
1585,0.0069999999999999993,0.017999999999999999,-0.001,0,0,0
1586,0.0080000000000000002,0.017999999999999999,-0.001,0,0,0
1587,0.0090000000000000011,0.017999999999999999,-0.001,0,0,0
1588,0.0099999999999999985,0.017999999999999999,-0.001,0,0,0
1589,0.010999999999999999,0.017999999999999999,-0.001,0,0,0
1590,0.012,0.017999999999999999,-0.001,0,0,0
1591,0.013000000000000001,0.017999999999999999,-0.001,0,0,0
1592,0.014000000000000002,0.017999999999999999,-0.001,0,0,0
1593,0.015000000000000003,0.017999999999999999,-0.001,0,0,0
1594,0.016000000000000004,0.017999999999999999,-0.001,0,0,0
1595,0.016999999999999998,0.017999999999999999,-0.001,0,0,0
1596,0.017999999999999999,0.017999999999999999,-0.001,0,0,0
1597,0.019,0.017999999999999999,-0.001,0,0,0
1598,0.02,0.017999999999999999,-0.001,0,0,0
1599,-0.02,0.019,-0.001,0,0,0
1600,-0.019,0.019,-0.001,0,0,0
1601,-0.018000000000000002,0.019,-0.001,0,0,0
1602,-0.017000000000000001,0.019,-0.001,0,0,0
1603,-0.016,0.019,-0.001,0,0,0
1604,-0.014999999999999999,0.019,-0.001,0,0,0
1605,-0.014,0.019,-0.001,0,0,0
1606,-0.013000000000000001,0.019,-0.001,0,0,0
1607,-0.012,0.019,-0.001,0,0,0
1608,-0.010999999999999999,0.019,-0.001,0,0,0
1609,-0.01,0.019,-0.001,0,0,0
1610,-0.0090000000000000011,0.019,-0.001,0,0,0
1611,-0.0080000000000000002,0.019,-0.001,0,0,0
1612,-0.0069999999999999993,0.019,-0.001,0,0,0
1613,-0.0060000000000000001,0.019,-0.001,0,0,0
1614,-0.005000000000000001,0.019,-0.001,0,0,0
1615,-0.0040000000000000001,0.019,-0.001,0,0,0
1616,-0.0029999999999999992,0.019,-0.001,0,0,0
1617,-0.0019999999999999983,0.019,-0.001,0,0,0
1618,-0.0010000000000000009,0.019,-0.001,0,0,0
1619,0,0.019,-0.001,0,0,0
1620,0.0010000000000000009,0.019,-0.001,0,0,0
1621,0.0019999999999999983,0.019,-0.001,0,0,0
1622,0.0029999999999999992,0.019,-0.001,0,0,0
1623,0.0040000000000000001,0.019,-0.001,0,0,0
1624,0.005000000000000001,0.019,-0.001,0,0,0
1625,0.0060000000000000019,0.019,-0.001,0,0,0
1626,0.0069999999999999993,0.019,-0.001,0,0,0
1627,0.0080000000000000002,0.019,-0.001,0,0,0
1628,0.0090000000000000011,0.019,-0.001,0,0,0
1629,0.0099999999999999985,0.019,-0.001,0,0,0
1630,0.010999999999999999,0.019,-0.001,0,0,0
1631,0.012,0.019,-0.001,0,0,0
1632,0.013000000000000001,0.019,-0.001,0,0,0
1633,0.014000000000000002,0.019,-0.001,0,0,0
1634,0.015000000000000003,0.019,-0.001,0,0,0
1635,0.016000000000000004,0.019,-0.001,0,0,0
1636,0.016999999999999998,0.019,-0.001,0,0,0
1637,0.017999999999999999,0.019,-0.001,0,0,0
1638,0.019,0.019,-0.001,0,0,0
1639,0.02,0.019,-0.001,0,0,0
1640,-0.02,0.02,-0.001,0,0,0
1641,-0.019,0.02,-0.001,0,0,0
1642,-0.018000000000000002,0.02,-0.001,0,0,0
1643,-0.017000000000000001,0.02,-0.001,0,0,0
1644,-0.016,0.02,-0.001,0,0,0
1645,-0.014999999999999999,0.02,-0.001,0,0,0
1646,-0.014,0.02,-0.001,0,0,0
1647,-0.013000000000000001,0.02,-0.001,0,0,0
1648,-0.012,0.02,-0.001,0,0,0
1649,-0.010999999999999999,0.02,-0.001,0,0,0
1650,-0.01,0.02,-0.001,0,0,0
1651,-0.0090000000000000011,0.02,-0.001,0,0,0
1652,-0.0080000000000000002,0.02,-0.001,0,0,0
1653,-0.0069999999999999993,0.02,-0.001,0,0,0
1654,-0.0060000000000000001,0.02,-0.001,0,0,0
1655,-0.005000000000000001,0.02,-0.001,0,0,0
1656,-0.0040000000000000001,0.02,-0.001,0,0,0
1657,-0.0029999999999999992,0.02,-0.001,0,0,0
1658,-0.0019999999999999983,0.02,-0.001,0,0,0
1659,-0.0010000000000000009,0.02,-0.001,0,0,0
1660,0,0.02,-0.001,0,0,0
1661,0.0010000000000000009,0.02,-0.001,0,0,0
1662,0.0019999999999999983,0.02,-0.001,0,0,0
1663,0.0029999999999999992,0.02,-0.001,0,0,0
1664,0.0040000000000000001,0.02,-0.001,0,0,0
1665,0.005000000000000001,0.02,-0.001,0,0,0
1666,0.0060000000000000019,0.02,-0.001,0,0,0
1667,0.0069999999999999993,0.02,-0.001,0,0,0
1668,0.0080000000000000002,0.02,-0.001,0,0,0
1669,0.0090000000000000011,0.02,-0.001,0,0,0
1670,0.0099999999999999985,0.02,-0.001,0,0,0
1671,0.010999999999999999,0.02,-0.001,0,0,0
1672,0.012,0.02,-0.001,0,0,0
1673,0.013000000000000001,0.02,-0.001,0,0,0
1674,0.014000000000000002,0.02,-0.001,0,0,0
1675,0.015000000000000003,0.02,-0.001,0,0,0
1676,0.016000000000000004,0.02,-0.001,0,0,0
1677,0.016999999999999998,0.02,-0.001,0,0,0
1678,0.017999999999999999,0.02,-0.001,0,0,0
1679,0.019,0.02,-0.001,0,0,0
1680,0.02,0.02,-0.001,0,0,0
1681,-0.02,-0.02,-0.00050000000000000001,0,0,0
1682,-0.019,-0.02,-0.00050000000000000001,0,0,0
1683,-0.018000000000000002,-0.02,-0.00050000000000000001,0,0,0
1684,-0.017000000000000001,-0.02,-0.00050000000000000001,0,0,0
1685,-0.016,-0.02,-0.00050000000000000001,0,0,0
1686,-0.014999999999999999,-0.02,-0.00050000000000000001,0,0,0
1687,-0.014,-0.02,-0.00050000000000000001,0,0,0
1688,-0.013000000000000001,-0.02,-0.00050000000000000001,0,0,0
1689,-0.012,-0.02,-0.00050000000000000001,0,0,0
1690,-0.010999999999999999,-0.02,-0.00050000000000000001,0,0,0
1691,-0.01,-0.02,-0.00050000000000000001,0,0,0
1692,-0.0090000000000000011,-0.02,-0.00050000000000000001,0,0,0
1693,-0.0080000000000000002,-0.02,-0.00050000000000000001,0,0,0
1694,-0.0069999999999999993,-0.02,-0.00050000000000000001,0,0,0
1695,-0.0060000000000000001,-0.02,-0.00050000000000000001,0,0,0
1696,-0.005000000000000001,-0.02,-0.00050000000000000001,0,0,0
1697,-0.0040000000000000001,-0.02,-0.00050000000000000001,0,0,0
1698,-0.0029999999999999992,-0.02,-0.00050000000000000001,0,0,0
1699,-0.0019999999999999983,-0.02,-0.00050000000000000001,0,0,0
1700,-0.0010000000000000009,-0.02,-0.00050000000000000001,0,0,0
1701,0,-0.02,-0.00050000000000000001,0,0,0
1702,0.0010000000000000009,-0.02,-0.00050000000000000001,0,0,0
1703,0.0019999999999999983,-0.02,-0.00050000000000000001,0,0,0
1704,0.0029999999999999992,-0.02,-0.00050000000000000001,0,0,0
1705,0.0040000000000000001,-0.02,-0.00050000000000000001,0,0,0
1706,0.005000000000000001,-0.02,-0.00050000000000000001,0,0,0
1707,0.0060000000000000019,-0.02,-0.00050000000000000001,0,0,0
1708,0.0069999999999999993,-0.02,-0.00050000000000000001,0,0,0
1709,0.0080000000000000002,-0.02,-0.00050000000000000001,0,0,0
1710,0.0090000000000000011,-0.02,-0.00050000000000000001,0,0,0
1711,0.0099999999999999985,-0.02,-0.00050000000000000001,0,0,0
1712,0.010999999999999999,-0.02,-0.00050000000000000001,0,0,0
1713,0.012,-0.02,-0.00050000000000000001,0,0,0
1714,0.013000000000000001,-0.02,-0.00050000000000000001,0,0,0
1715,0.014000000000000002,-0.02,-0.00050000000000000001,0,0,0
1716,0.015000000000000003,-0.02,-0.00050000000000000001,0,0,0
1717,0.016000000000000004,-0.02,-0.00050000000000000001,0,0,0
1718,0.016999999999999998,-0.02,-0.00050000000000000001,0,0,0
1719,0.017999999999999999,-0.02,-0.00050000000000000001,0,0,0
1720,0.019,-0.02,-0.00050000000000000001,0,0,0
1721,0.02,-0.02,-0.00050000000000000001,0,0,0
1722,-0.02,-0.019,-0.00050000000000000001,0,0,0
1723,-0.019,-0.019,-0.00050000000000000001,0,0,0
1724,-0.018000000000000002,-0.019,-0.00050000000000000001,0,0,0
1725,-0.017000000000000001,-0.019,-0.00050000000000000001,0,0,0
1726,-0.016,-0.019,-0.00050000000000000001,0,0,0
1727,-0.014999999999999999,-0.019,-0.00050000000000000001,0,0,0
1728,-0.014,-0.019,-0.00050000000000000001,0,0,0
1729,-0.013000000000000001,-0.019,-0.00050000000000000001,0,0,0
1730,-0.012,-0.019,-0.00050000000000000001,0,0,0
1731,-0.010999999999999999,-0.019,-0.00050000000000000001,0,0,0
1732,-0.01,-0.019,-0.00050000000000000001,0,0,0
1733,-0.0090000000000000011,-0.019,-0.00050000000000000001,0,0,0
1734,-0.0080000000000000002,-0.019,-0.00050000000000000001,0,0,0
1735,-0.0069999999999999993,-0.019,-0.00050000000000000001,0,0,0
1736,-0.0060000000000000001,-0.019,-0.00050000000000000001,0,0,0
1737,-0.005000000000000001,-0.019,-0.00050000000000000001,0,0,0
1738,-0.0040000000000000001,-0.019,-0.00050000000000000001,0,0,0
1739,-0.0029999999999999992,-0.019,-0.00050000000000000001,0,0,0
1740,-0.0019999999999999983,-0.019,-0.00050000000000000001,0,0,0
1741,-0.0010000000000000009,-0.019,-0.00050000000000000001,0,0,0
1742,0,-0.019,-0.00050000000000000001,0,0,0
1743,0.0010000000000000009,-0.019,-0.00050000000000000001,0,0,0
1744,0.0019999999999999983,-0.019,-0.00050000000000000001,0,0,0
1745,0.0029999999999999992,-0.019,-0.00050000000000000001,0,0,0
1746,0.0040000000000000001,-0.019,-0.00050000000000000001,0,0,0
1747,0.005000000000000001,-0.019,-0.00050000000000000001,0,0,0
1748,0.0060000000000000019,-0.019,-0.00050000000000000001,0,0,0
1749,0.0069999999999999993,-0.019,-0.00050000000000000001,0,0,0
1750,0.0080000000000000002,-0.019,-0.00050000000000000001,0,0,0
1751,0.0090000000000000011,-0.019,-0.00050000000000000001,0,0,0
1752,0.0099999999999999985,-0.019,-0.00050000000000000001,0,0,0
1753,0.010999999999999999,-0.019,-0.00050000000000000001,0,0,0
1754,0.012,-0.019,-0.00050000000000000001,0,0,0
1755,0.013000000000000001,-0.019,-0.00050000000000000001,0,0,0
1756,0.014000000000000002,-0.019,-0.00050000000000000001,0,0,0
1757,0.015000000000000003,-0.019,-0.00050000000000000001,0,0,0
1758,0.016000000000000004,-0.019,-0.00050000000000000001,0,0,0
1759,0.016999999999999998,-0.019,-0.00050000000000000001,0,0,0
1760,0.017999999999999999,-0.019,-0.00050000000000000001,0,0,0
1761,0.019,-0.019,-0.00050000000000000001,0,0,0
1762,0.02,-0.019,-0.00050000000000000001,0,0,0
1763,-0.02,-0.018000000000000002,-0.00050000000000000001,0,0,0
1764,-0.019,-0.018000000000000002,-0.00050000000000000001,0,0,0
1765,-0.018000000000000002,-0.018000000000000002,-0.00050000000000000001,0,0,0
1766,-0.017000000000000001,-0.018000000000000002,-0.00050000000000000001,0,0,0
1767,-0.016,-0.018000000000000002,-0.00050000000000000001,0,0,0
1768,-0.014999999999999999,-0.018000000000000002,-0.00050000000000000001,0,0,0
1769,-0.014,-0.018000000000000002,-0.00050000000000000001,0,0,0
1770,-0.013000000000000001,-0.018000000000000002,-0.00050000000000000001,0,0,0
1771,-0.012,-0.018000000000000002,-0.00050000000000000001,0,0,0
1772,-0.010999999999999999,-0.018000000000000002,-0.00050000000000000001,0,0,0
1773,-0.01,-0.018000000000000002,-0.00050000000000000001,0,0,0
1774,-0.0090000000000000011,-0.018000000000000002,-0.00050000000000000001,0,0,0
1775,-0.0080000000000000002,-0.018000000000000002,-0.00050000000000000001,0,0,0
1776,-0.0069999999999999993,-0.018000000000000002,-0.00050000000000000001,0,0,0
1777,-0.0060000000000000001,-0.018000000000000002,-0.00050000000000000001,0,0,0
1778,-0.005000000000000001,-0.018000000000000002,-0.00050000000000000001,0,0,0
1779,-0.0040000000000000001,-0.018000000000000002,-0.00050000000000000001,0,0,0
1780,-0.0029999999999999992,-0.018000000000000002,-0.00050000000000000001,0,0,0
1781,-0.0019999999999999983,-0.018000000000000002,-0.00050000000000000001,0,0,0
1782,-0.0010000000000000009,-0.018000000000000002,-0.00050000000000000001,0,0,0
1783,0,-0.018000000000000002,-0.00050000000000000001,0,0,0
1784,0.0010000000000000009,-0.018000000000000002,-0.00050000000000000001,0,0,0
1785,0.0019999999999999983,-0.018000000000000002,-0.00050000000000000001,0,0,0
1786,0.0029999999999999992,-0.018000000000000002,-0.00050000000000000001,0,0,0
1787,0.0040000000000000001,-0.018000000000000002,-0.00050000000000000001,0,0,0
1788,0.005000000000000001,-0.018000000000000002,-0.00050000000000000001,0,0,0
1789,0.0060000000000000019,-0.018000000000000002,-0.00050000000000000001,0,0,0
1790,0.0069999999999999993,-0.018000000000000002,-0.00050000000000000001,0,0,0
1791,0.0080000000000000002,-0.018000000000000002,-0.00050000000000000001,0,0,0
1792,0.0090000000000000011,-0.018000000000000002,-0.00050000000000000001,0,0,0
1793,0.0099999999999999985,-0.018000000000000002,-0.00050000000000000001,0,0,0
1794,0.010999999999999999,-0.018000000000000002,-0.00050000000000000001,0,0,0
1795,0.012,-0.018000000000000002,-0.00050000000000000001,0,0,0
1796,0.013000000000000001,-0.018000000000000002,-0.00050000000000000001,0,0,0
1797,0.014000000000000002,-0.018000000000000002,-0.00050000000000000001,0,0,0
1798,0.015000000000000003,-0.018000000000000002,-0.00050000000000000001,0,0,0
1799,0.016000000000000004,-0.018000000000000002,-0.00050000000000000001,0,0,0
1800,0.016999999999999998,-0.018000000000000002,-0.00050000000000000001,0,0,0
1801,0.017999999999999999,-0.018000000000000002,-0.00050000000000000001,0,0,0
1802,0.019,-0.018000000000000002,-0.00050000000000000001,0,0,0
1803,0.02,-0.018000000000000002,-0.00050000000000000001,0,0,0
1804,-0.02,-0.017000000000000001,-0.00050000000000000001,0,0,0
1805,-0.019,-0.017000000000000001,-0.00050000000000000001,0,0,0
1806,-0.018000000000000002,-0.017000000000000001,-0.00050000000000000001,0,0,0
1807,-0.017000000000000001,-0.017000000000000001,-0.00050000000000000001,0,0,0
1808,-0.016,-0.017000000000000001,-0.00050000000000000001,0,0,0
1809,-0.014999999999999999,-0.017000000000000001,-0.00050000000000000001,0,0,0
1810,-0.014,-0.017000000000000001,-0.00050000000000000001,0,0,0
1811,-0.013000000000000001,-0.017000000000000001,-0.00050000000000000001,0,0,0
1812,-0.012,-0.017000000000000001,-0.00050000000000000001,0,0,0
1813,-0.010999999999999999,-0.017000000000000001,-0.00050000000000000001,0,0,0
1814,-0.01,-0.017000000000000001,-0.00050000000000000001,0,0,0
1815,-0.0090000000000000011,-0.017000000000000001,-0.00050000000000000001,0,0,0
1816,-0.0080000000000000002,-0.017000000000000001,-0.00050000000000000001,0,0,0
1817,-0.0069999999999999993,-0.017000000000000001,-0.00050000000000000001,0,0,0
1818,-0.0060000000000000001,-0.017000000000000001,-0.00050000000000000001,0,0,0
1819,-0.005000000000000001,-0.017000000000000001,-0.00050000000000000001,0,0,0
1820,-0.0040000000000000001,-0.017000000000000001,-0.00050000000000000001,0,0,0
1821,-0.0029999999999999992,-0.017000000000000001,-0.00050000000000000001,0,0,0
1822,-0.0019999999999999983,-0.017000000000000001,-0.00050000000000000001,0,0,0
1823,-0.0010000000000000009,-0.017000000000000001,-0.00050000000000000001,0,0,0
1824,0,-0.017000000000000001,-0.00050000000000000001,0,0,0
1825,0.0010000000000000009,-0.017000000000000001,-0.00050000000000000001,0,0,0
1826,0.0019999999999999983,-0.017000000000000001,-0.00050000000000000001,0,0,0
1827,0.0029999999999999992,-0.017000000000000001,-0.00050000000000000001,0,0,0
1828,0.0040000000000000001,-0.017000000000000001,-0.00050000000000000001,0,0,0
1829,0.005000000000000001,-0.017000000000000001,-0.00050000000000000001,0,0,0
1830,0.0060000000000000019,-0.017000000000000001,-0.00050000000000000001,0,0,0
1831,0.0069999999999999993,-0.017000000000000001,-0.00050000000000000001,0,0,0
1832,0.0080000000000000002,-0.017000000000000001,-0.00050000000000000001,0,0,0
1833,0.0090000000000000011,-0.017000000000000001,-0.00050000000000000001,0,0,0
1834,0.0099999999999999985,-0.017000000000000001,-0.00050000000000000001,0,0,0
1835,0.010999999999999999,-0.017000000000000001,-0.00050000000000000001,0,0,0
1836,0.012,-0.017000000000000001,-0.00050000000000000001,0,0,0
1837,0.013000000000000001,-0.017000000000000001,-0.00050000000000000001,0,0,0
1838,0.014000000000000002,-0.017000000000000001,-0.00050000000000000001,0,0,0
1839,0.015000000000000003,-0.017000000000000001,-0.00050000000000000001,0,0,0
1840,0.016000000000000004,-0.017000000000000001,-0.00050000000000000001,0,0,0
1841,0.016999999999999998,-0.017000000000000001,-0.00050000000000000001,0,0,0
1842,0.017999999999999999,-0.017000000000000001,-0.00050000000000000001,0,0,0
1843,0.019,-0.017000000000000001,-0.00050000000000000001,0,0,0
1844,0.02,-0.017000000000000001,-0.00050000000000000001,0,0,0
1845,-0.02,-0.016,-0.00050000000000000001,0,0,0
1846,-0.019,-0.016,-0.00050000000000000001,0,0,0
1847,-0.018000000000000002,-0.016,-0.00050000000000000001,0,0,0
1848,-0.017000000000000001,-0.016,-0.00050000000000000001,0,0,0
1849,-0.016,-0.016,-0.00050000000000000001,0,0,0
1850,-0.014999999999999999,-0.016,-0.00050000000000000001,0,0,0
1851,-0.014,-0.016,-0.00050000000000000001,0,0,0
1852,-0.013000000000000001,-0.016,-0.00050000000000000001,0,0,0
1853,-0.012,-0.016,-0.00050000000000000001,0,0,0
1854,-0.010999999999999999,-0.016,-0.00050000000000000001,0,0,0
1855,-0.01,-0.016,-0.00050000000000000001,0,0,0
1856,-0.0090000000000000011,-0.016,-0.00050000000000000001,0,0,0
1857,-0.0080000000000000002,-0.016,-0.00050000000000000001,0,0,0
1858,-0.0069999999999999993,-0.016,-0.00050000000000000001,0,0,0
1859,-0.0060000000000000001,-0.016,-0.00050000000000000001,0,0,0
1860,-0.005000000000000001,-0.016,-0.00050000000000000001,0,0,0
1861,-0.0040000000000000001,-0.016,-0.00050000000000000001,0,0,0
1862,-0.0029999999999999992,-0.016,-0.00050000000000000001,0,0,0
1863,-0.0019999999999999983,-0.016,-0.00050000000000000001,0,0,0
1864,-0.0010000000000000009,-0.016,-0.00050000000000000001,0,0,0
1865,0,-0.016,-0.00050000000000000001,0,0,0
1866,0.0010000000000000009,-0.016,-0.00050000000000000001,0,0,0
1867,0.0019999999999999983,-0.016,-0.00050000000000000001,0,0,0
1868,0.0029999999999999992,-0.016,-0.00050000000000000001,0,0,0
1869,0.0040000000000000001,-0.016,-0.00050000000000000001,0,0,0
1870,0.005000000000000001,-0.016,-0.00050000000000000001,0,0,0
1871,0.0060000000000000019,-0.016,-0.00050000000000000001,0,0,0
1872,0.0069999999999999993,-0.016,-0.00050000000000000001,0,0,0
1873,0.0080000000000000002,-0.016,-0.00050000000000000001,0,0,0
1874,0.0090000000000000011,-0.016,-0.00050000000000000001,0,0,0
1875,0.0099999999999999985,-0.016,-0.00050000000000000001,0,0,0
1876,0.010999999999999999,-0.016,-0.00050000000000000001,0,0,0
1877,0.012,-0.016,-0.00050000000000000001,0,0,0
1878,0.013000000000000001,-0.016,-0.00050000000000000001,0,0,0
1879,0.014000000000000002,-0.016,-0.00050000000000000001,0,0,0
1880,0.015000000000000003,-0.016,-0.00050000000000000001,0,0,0
1881,0.016000000000000004,-0.016,-0.00050000000000000001,0,0,0
1882,0.016999999999999998,-0.016,-0.00050000000000000001,0,0,0
1883,0.017999999999999999,-0.016,-0.00050000000000000001,0,0,0
1884,0.019,-0.016,-0.00050000000000000001,0,0,0
1885,0.02,-0.016,-0.00050000000000000001,0,0,0
1886,-0.02,-0.014999999999999999,-0.00050000000000000001,0,0,0
1887,-0.019,-0.014999999999999999,-0.00050000000000000001,0,0,0
1888,-0.018000000000000002,-0.014999999999999999,-0.00050000000000000001,0,0,0
1889,-0.017000000000000001,-0.014999999999999999,-0.00050000000000000001,0,0,0
1890,-0.016,-0.014999999999999999,-0.00050000000000000001,0,0,0
1891,-0.014999999999999999,-0.014999999999999999,-0.00050000000000000001,0,0,0
1892,-0.014,-0.014999999999999999,-0.00050000000000000001,0,0,0
1893,-0.013000000000000001,-0.014999999999999999,-0.00050000000000000001,0,0,0
1894,-0.012,-0.014999999999999999,-0.00050000000000000001,0,0,0
1895,-0.010999999999999999,-0.014999999999999999,-0.00050000000000000001,0,0,0
1896,-0.01,-0.014999999999999999,-0.00050000000000000001,0,0,0
1897,-0.0090000000000000011,-0.014999999999999999,-0.00050000000000000001,0,0,0
1898,-0.0080000000000000002,-0.014999999999999999,-0.00050000000000000001,0,0,0
1899,-0.0069999999999999993,-0.014999999999999999,-0.00050000000000000001,0,0,0
1900,-0.0060000000000000001,-0.014999999999999999,-0.00050000000000000001,0,0,0
1901,-0.005000000000000001,-0.014999999999999999,-0.00050000000000000001,0,0,0
1902,-0.0040000000000000001,-0.014999999999999999,-0.00050000000000000001,0,0,0
1903,-0.0029999999999999992,-0.014999999999999999,-0.00050000000000000001,0,0,0
1904,-0.0019999999999999983,-0.014999999999999999,-0.00050000000000000001,0,0,0
1905,-0.0010000000000000009,-0.014999999999999999,-0.00050000000000000001,0,0,0
1906,0,-0.014999999999999999,-0.00050000000000000001,0,0,0
1907,0.0010000000000000009,-0.014999999999999999,-0.00050000000000000001,0,0,0
1908,0.0019999999999999983,-0.014999999999999999,-0.00050000000000000001,0,0,0
1909,0.0029999999999999992,-0.014999999999999999,-0.00050000000000000001,0,0,0
1910,0.0040000000000000001,-0.014999999999999999,-0.00050000000000000001,0,0,0
1911,0.005000000000000001,-0.014999999999999999,-0.00050000000000000001,0,0,0
1912,0.0060000000000000019,-0.014999999999999999,-0.00050000000000000001,0,0,0
1913,0.0069999999999999993,-0.014999999999999999,-0.00050000000000000001,0,0,0
1914,0.0080000000000000002,-0.014999999999999999,-0.00050000000000000001,0,0,0
1915,0.0090000000000000011,-0.014999999999999999,-0.00050000000000000001,0,0,0
1916,0.0099999999999999985,-0.014999999999999999,-0.00050000000000000001,0,0,0
1917,0.010999999999999999,-0.014999999999999999,-0.00050000000000000001,0,0,0
1918,0.012,-0.014999999999999999,-0.00050000000000000001,0,0,0
1919,0.013000000000000001,-0.014999999999999999,-0.00050000000000000001,0,0,0
1920,0.014000000000000002,-0.014999999999999999,-0.00050000000000000001,0,0,0
1921,0.015000000000000003,-0.014999999999999999,-0.00050000000000000001,0,0,0
1922,0.016000000000000004,-0.014999999999999999,-0.00050000000000000001,0,0,0
1923,0.016999999999999998,-0.014999999999999999,-0.00050000000000000001,0,0,0
1924,0.017999999999999999,-0.014999999999999999,-0.00050000000000000001,0,0,0
1925,0.019,-0.014999999999999999,-0.00050000000000000001,0,0,0
1926,0.02,-0.014999999999999999,-0.00050000000000000001,0,0,0
1927,-0.02,-0.014,-0.00050000000000000001,0,0,0
1928,-0.019,-0.014,-0.00050000000000000001,0,0,0
1929,-0.018000000000000002,-0.014,-0.00050000000000000001,0,0,0
1930,-0.017000000000000001,-0.014,-0.00050000000000000001,0,0,0
1931,-0.016,-0.014,-0.00050000000000000001,0,0,0
1932,-0.014999999999999999,-0.014,-0.00050000000000000001,0,0,0
1933,-0.014,-0.014,-0.00050000000000000001,2.2434306777692929e-07,2.23096986332472e-07,-3.8653493092066814e-08
1934,-0.013000000000000001,-0.014,-0.00050000000000000001,3.7001303328168346e-07,3.1938646181546745e-07,-4.3138568210807765e-07
1935,-0.012,-0.014,-0.00050000000000000001,4.7560607806308915e-07,5.5167143198316445e-07,-1.031162122751393e-06
1936,-0.010999999999999999,-0.014,-0.00050000000000000001,6.6228581669320096e-07,9.764502461926977e-07,-1.9882536305513247e-06
1937,-0.01,-0.014,-0.00050000000000000001,9.6667481780844363e-07,1.5590991636552664e-06,-3.3450153415259772e-06
1938,-0.0090000000000000011,-0.014,-0.00050000000000000001,1.3830095575903504e-06,2.3566654756996776e-06,-5.1795113183603921e-06
1939,-0.0080000000000000002,-0.014,-0.00050000000000000001,1.7962095229834418e-06,3.2725694572473034e-06,-7.4573106153753599e-06
1940,-0.0069999999999999993,-0.014,-0.00050000000000000001,2.1220090490308729e-06,4.2757759955053035e-06,-1.0029488118937532e-05
1941,-0.0060000000000000001,-0.014,-0.00050000000000000001,2.3009798663443757e-06,5.3118826818163882e-06,-1.2727668620512294e-05
1942,-0.005000000000000001,-0.014,-0.00050000000000000001,2.3030313012780824e-06,6.3214837170479019e-06,-1.5387466672399543e-05
1943,-0.0040000000000000001,-0.014,-0.00050000000000000001,2.1207192059559902e-06,7.245412566047899e-06,-1.7853106245917551e-05
1944,-0.0029999999999999992,-0.014,-0.00050000000000000001,1.7642148133175114e-06,8.0306350412824306e-06,-1.9983090935011686e-05
1945,-0.0019999999999999983,-0.014,-0.00050000000000000001,1.2597912214807808e-06,8.6304509200045812e-06,-2.1653566922865329e-05
1946,-0.0010000000000000009,-0.014,-0.00050000000000000001,6.4547671900274517e-07,9.0131944214722026e-06,-2.2764724507309812e-05
1947,0,-0.014,-0.00050000000000000001,-3.155014563758153e-08,9.1534140757911642e-06,-2.3243048469741171e-05
1948,0.0010000000000000009,-0.014,-0.00050000000000000001,-7.1606240551490043e-07,9.0442345198035032e-06,-2.3050836098048439e-05
1949,0.0019999999999999983,-0.014,-0.00050000000000000001,-1.351709436865875e-06,8.6763023636150921e-06,-2.2205792258500803e-05
1950,0.0029999999999999992,-0.014,-0.00050000000000000001,-1.8854772433953386e-06,8.0662250506008513e-06,-2.0747741275753216e-05
1951,0.0040000000000000001,-0.014,-0.00050000000000000001,-2.2710651644037887e-06,7.2590736003362607e-06,-1.8757797984032832e-05
1952,0.005000000000000001,-0.014,-0.00050000000000000001,-2.4698401804482635e-06,6.3084334111912039e-06,-1.6358710486131145e-05
1953,0.0060000000000000019,-0.014,-0.00050000000000000001,-2.4678321238365412e-06,5.2682562188096028e-06,-1.3703674448116007e-05
1954,0.0069999999999999993,-0.014,-0.00050000000000000001,-2.2736285054889261e-06,4.2043403304228085e-06,-1.0964761137620001e-05
1955,0.0080000000000000002,-0.014,-0.00050000000000000001,-1.9225018560428918e-06,3.1808433221995969e-06,-8.3095268049067395e-06
1956,0.0090000000000000011,-0.014,-0.00050000000000000001,-1.479642005284026e-06,2.2597838147241906e-06,-5.8991400787445766e-06
1957,0.0099999999999999985,-0.014,-0.00050000000000000001,-1.0334521433502198e-06,1.4681588199971464e-06,-3.8815530247735495e-06
1958,0.010999999999999999,-0.014,-0.00050000000000000001,-6.9703592858388358e-07,8.9624855534193126e-07,-2.3457470465599756e-06
1959,0.012,-0.014,-0.00050000000000000001,-4.8336423464412913e-07,5.1446361061457432e-07,-1.2321270919724393e-06
1960,0.013000000000000001,-0.014,-0.00050000000000000001,-3.6811950277244819e-07,2.990546146793709e-07,-4.9453562012450635e-07
1961,0.014000000000000002,-0.014,-0.00050000000000000001,-2.1990710294276785e-07,2.1220054415106721e-07,-2.7124524760620178e-08
1962,0.015000000000000003,-0.014,-0.00050000000000000001,0,0,0
1963,0.016000000000000004,-0.014,-0.00050000000000000001,0,0,0
1964,0.016999999999999998,-0.014,-0.00050000000000000001,0,0,0
1965,0.017999999999999999,-0.014,-0.00050000000000000001,0,0,0
1966,0.019,-0.014,-0.00050000000000000001,0,0,0
1967,0.02,-0.014,-0.00050000000000000001,0,0,0
1968,-0.02,-0.013000000000000001,-0.00050000000000000001,0,0,0
1969,-0.019,-0.013000000000000001,-0.00050000000000000001,0,0,0
1970,-0.018000000000000002,-0.013000000000000001,-0.00050000000000000001,0,0,0
1971,-0.017000000000000001,-0.013000000000000001,-0.00050000000000000001,0,0,0
1972,-0.016,-0.013000000000000001,-0.00050000000000000001,0,0,0
1973,-0.014999999999999999,-0.013000000000000001,-0.00050000000000000001,0,0,0
1974,-0.014,-0.013000000000000001,-0.00050000000000000001,3.236685302221759e-07,3.6595840985376842e-07,-4.3103074011212874e-07
1975,-0.013000000000000001,-0.013000000000000001,-0.00050000000000000001,7.7166731653595891e-07,7.6000566292311125e-07,-1.976571371547494e-06
1976,-0.012,-0.013000000000000001,-0.00050000000000000001,1.3290834347990714e-06,1.515560622965484e-06,-5.0712383023055477e-06
1977,-0.010999999999999999,-0.013000000000000001,-0.00050000000000000001,2.1324675340176688e-06,2.8180808659461397e-06,-1.01526154404397e-05
1978,-0.01,-0.013000000000000001,-0.00050000000000000001,3.0650472442053362e-06,4.6080047619421077e-06,-1.745049762212677e-05
1979,-0.0090000000000000011,-0.013000000000000001,-0.00050000000000000001,3.9459412089730039e-06,6.6080958467516594e-06,-2.6856576192599484e-05
1980,-0.0080000000000000002,-0.013000000000000001,-0.00050000000000000001,4.6475375342978379e-06,8.7165088778719707e-06,-3.7839194184118785e-05
1981,-0.0069999999999999993,-0.013000000000000001,-0.00050000000000000001,5.0946337449969992e-06,1.0877149315122296e-05,-4.9730332684940407e-05
1982,-0.0060000000000000001,-0.013000000000000001,-0.00050000000000000001,5.2355488862190052e-06,1.3021894233153217e-05,-6.184442611961671e-05
1983,-0.005000000000000001,-0.013000000000000001,-0.00050000000000000001,5.048533462240928e-06,1.5067063156760214e-05,-7.3539825813872907e-05
1984,-0.0040000000000000001,-0.013000000000000001,-0.00050000000000000001,4.5295181735231921e-06,1.691594248949578e-05,-8.4222825453381234e-05
1985,-0.0029999999999999992,-0.013000000000000001,-0.00050000000000000001,3.7012579271413744e-06,1.8474456203768521e-05,-9.3354578843356982e-05
1986,-0.0019999999999999983,-0.013000000000000001,-0.00050000000000000001,2.607138309548779e-06,1.9660204894443641e-05,-0.00010046097466563176
1987,-0.0010000000000000009,-0.013000000000000001,-0.00050000000000000001,1.3166046873934817e-06,2.0403122835849156e-05,-0.00010515805181998168
1988,0,-0.013000000000000001,-0.00050000000000000001,-7.9057707897831394e-08,2.0659254652616251e-05,-0.00010717934132667769
1989,0.0010000000000000009,-0.013000000000000001,-0.00050000000000000001,-1.4823607899923259e-06,2.0400078221035106e-05,-0.00010639637342686071
1990,0.0019999999999999983,-0.013000000000000001,-0.00050000000000000001,-2.7916531062199899e-06,1.9645232704917557e-05,-0.00010283135647598994
1991,0.0029999999999999992,-0.013000000000000001,-0.00050000000000000001,-3.9127012358242479e-06,1.8434150807675968e-05,-9.6665622038673673e-05
1992,0.0040000000000000001,-0.013000000000000001,-0.00050000000000000001,-4.7685157109809215e-06,1.6845111726840286e-05,-8.82326962103317e-05
1993,0.005000000000000001,-0.013000000000000001,-0.00050000000000000001,-5.3072150419453282e-06,1.4962681252098718e-05,-7.7976535427589229e-05
1994,0.0060000000000000019,-0.013000000000000001,-0.00050000000000000001,-5.4956878247703109e-06,1.2875104339390544e-05,-6.6419538107072209e-05
1995,0.0069999999999999993,-0.013000000000000001,-0.00050000000000000001,-5.3347018175418733e-06,1.0684550621137145e-05,-5.4144641793500786e-05
1996,0.0080000000000000002,-0.013000000000000001,-0.00050000000000000001,-4.8456956851528695e-06,8.485488723040208e-06,-4.1817217808545637e-05
1997,0.0090000000000000011,-0.013000000000000001,-0.00050000000000000001,-4.0898731316477334e-06,6.3602887540984883e-06,-3.0181645609064417e-05
1998,0.0099999999999999985,-0.013000000000000001,-0.00050000000000000001,-3.1563738392706279e-06,4.3832627596948602e-06,-1.9983697928751679e-05
1999,0.010999999999999999,-0.013000000000000001,-0.00050000000000000001,-2.1852774105441938e-06,2.6510808199866506e-06,-1.184825911924666e-05
2000,0.012,-0.013000000000000001,-0.00050000000000000001,-1.3502636060189792e-06,1.4031663533726195e-06,-6.0386250996669467e-06
2001,0.013000000000000001,-0.013000000000000001,-0.00050000000000000001,-7.7576932930576033e-07,7.0755739217296268e-07,-2.4079598262078956e-06
2002,0.014000000000000002,-0.013000000000000001,-0.00050000000000000001,-3.2385907192216875e-07,3.4275972981575525e-07,-5.0464237555335909e-07
2003,0.015000000000000003,-0.013000000000000001,-0.00050000000000000001,0,0,0
2004,0.016000000000000004,-0.013000000000000001,-0.00050000000000000001,0,0,0
2005,0.016999999999999998,-0.013000000000000001,-0.00050000000000000001,0,0,0
2006,0.017999999999999999,-0.013000000000000001,-0.00050000000000000001,0,0,0
2007,0.019,-0.013000000000000001,-0.00050000000000000001,0,0,0
2008,0.02,-0.013000000000000001,-0.00050000000000000001,0,0,0
2009,-0.02,-0.012,-0.00050000000000000001,0,0,0
2010,-0.019,-0.012,-0.00050000000000000001,0,0,0
2011,-0.018000000000000002,-0.012,-0.00050000000000000001,0,0,0
2012,-0.017000000000000001,-0.012,-0.00050000000000000001,0,0,0
2013,-0.016,-0.012,-0.00050000000000000001,0,0,0
2014,-0.014999999999999999,-0.012,-0.00050000000000000001,0,0,0
2015,-0.014,-0.012,-0.00050000000000000001,5.5969547916344975e-07,4.6688628805433669e-07,-1.0270900685740627e-06
2016,-0.013000000000000001,-0.012,-0.00050000000000000001,1.5366617373428123e-06,1.3072236535632571e-06,-5.0574008735763341e-06
2017,-0.012,-0.012,-0.00050000000000000001,2.6727727445660745e-06,2.6350329792960614e-06,-1.2822392746345847e-05
2018,-0.010999999999999999,-0.012,-0.00050000000000000001,3.9704859750748252e-06,4.4929660960566977e-06,-2.4869350279707378e-05
2019,-0.01,-0.012,-0.00050000000000000001,5.1080491176045327e-06,6.5270216160084483e-06,-4.1025941299157402e-05
2020,-0.0090000000000000011,-0.012,-0.00050000000000000001,5.9808658650675881e-06,8.5851625797265165e-06,-6.0478411812438397e-05
2021,-0.0080000000000000002,-0.012,-0.00050000000000000001,6.5346594291780137e-06,1.0606959745170244e-05,-8.2168792337107075e-05
2022,-0.0069999999999999993,-0.012,-0.00050000000000000001,6.7562766822574107e-06,1.2561975044873066e-05,-0.00010502214130878996
2023,-0.0060000000000000001,-0.012,-0.00050000000000000001,6.6435782917829468e-06,1.4406397303505761e-05,-0.00012796782923702645
2024,-0.005000000000000001,-0.012,-0.00050000000000000001,6.1994353260476218e-06,1.6087784033584617e-05,-0.00014996893421561602
2025,-0.0040000000000000001,-0.012,-0.00050000000000000001,5.4333749745257114e-06,1.7549327959879784e-05,-0.00017001715678476289
2026,-0.0029999999999999992,-0.012,-0.00050000000000000001,4.3626697191266184e-06,1.8737190880323168e-05,-0.00018715729328057943
2027,-0.0019999999999999983,-0.012,-0.00050000000000000001,3.0278492905062448e-06,1.9606979434642793e-05,-0.00020053438069780961
2028,-0.0010000000000000009,-0.012,-0.00050000000000000001,1.4917857977961259e-06,2.0124671806591821e-05,-0.00020945324266749885
2029,0,-0.012,-0.00050000000000000001,-1.5480058386557165e-07,2.026099232147685e-05,-0.00021342530812112133
2030,0.0010000000000000009,-0.012,-0.00050000000000000001,-1.7969485844883013e-06,2.0012895689697962e-05,-0.00021222722422955842
2031,0.0019999999999999983,-0.012,-0.00050000000000000001,-3.3325363876867974e-06,1.9383866474566959e-05,-0.00020589646641732656
2032,0.0029999999999999992,-0.012,-0.00050000000000000001,-4.6679330130900447e-06,1.8418983839708621e-05,-0.00019475379619925522
2033,0.0040000000000000001,-0.012,-0.00050000000000000001,-5.7351217710904155e-06,1.7157902520838397e-05,-0.00017934814381306261
2034,0.005000000000000001,-0.012,-0.00050000000000000001,-6.4817954060127055e-06,1.5632584536682416e-05,-0.00016040821335075052
2035,0.0060000000000000019,-0.012,-0.00050000000000000001,-6.891666925754635e-06,1.3909362917900245e-05,-0.00013880110750757598
2036,0.0069999999999999993,-0.012,-0.00050000000000000001,-6.9575422461507634e-06,1.2052534049135422e-05,-0.00011552376119679476
2037,0.0080000000000000002,-0.012,-0.00050000000000000001,-6.6837925828374283e-06,1.0114087169050627e-05,-9.1679065225282763e-05
2038,0.0090000000000000011,-0.012,-0.00050000000000000001,-6.0771316038044071e-06,8.1355689753469916e-06,-6.8477850089554266e-05
2039,0.0099999999999999985,-0.012,-0.00050000000000000001,-5.1537899910827258e-06,6.1417940643636074e-06,-4.7192164686203305e-05
2040,0.010999999999999999,-0.012,-0.00050000000000000001,-3.9796908589076905e-06,4.201697010723931e-06,-2.9112667288806783e-05
2041,0.012,-0.012,-0.00050000000000000001,-2.6662278016244906e-06,2.4533166494519484e-06,-1.5281217752980413e-05
2042,0.013000000000000001,-0.012,-0.00050000000000000001,-1.5213596219359703e-06,1.221980618100634e-06,-6.1617158674595991e-06
2043,0.014000000000000002,-0.012,-0.00050000000000000001,-5.5765851831013556e-07,4.3087179381884294e-07,-1.2903882034105357e-06
2044,0.015000000000000003,-0.012,-0.00050000000000000001,0,0,0
2045,0.016000000000000004,-0.012,-0.00050000000000000001,0,0,0
2046,0.016999999999999998,-0.012,-0.00050000000000000001,0,0,0
2047,0.017999999999999999,-0.012,-0.00050000000000000001,0,0,0
2048,0.019,-0.012,-0.00050000000000000001,0,0,0
2049,0.02,-0.012,-0.00050000000000000001,0,0,0
2050,-0.02,-0.010999999999999999,-0.00050000000000000001,0,0,0
2051,-0.019,-0.010999999999999999,-0.00050000000000000001,0,0,0
2052,-0.018000000000000002,-0.010999999999999999,-0.00050000000000000001,0,0,0
2053,-0.017000000000000001,-0.010999999999999999,-0.00050000000000000001,0,0,0
2054,-0.016,-0.010999999999999999,-0.00050000000000000001,0,0,0
2055,-0.014999999999999999,-0.010999999999999999,-0.00050000000000000001,0,0,0
2056,-0.014,-0.010999999999999999,-0.00050000000000000001,9.8879223163810766e-07,6.4680708006177989e-07,-1.9718021873434523e-06
2057,-0.013000000000000001,-0.010999999999999999,-0.00050000000000000001,2.8501865154123591e-06,2.0972132476412585e-06,-1.0090824036342634e-05
2058,-0.012,-0.010999999999999999,-0.00050000000000000001,4.5490492229642903e-06,3.9122501757527455e-06,-2.4787950343826696e-05
2059,-0.010999999999999999,-0.010999999999999999,-0.00050000000000000001,6.0521521553988564e-06,5.967885915967204e-06,-4.5937369608319649e-05
2060,-0.01,-0.010999999999999999,-0.00050000000000000001,7.160013246845942e-06,8.0025532705035462e-06,-7.2437853557369951e-05
2061,-0.0090000000000000011,-0.010999999999999999,-0.00050000000000000001,7.87668824147534e-06,9.9481585666451593e-06,-0.00010298090106443301
2062,-0.0080000000000000002,-0.010999999999999999,-0.00050000000000000001,8.2008979874498763e-06,1.1743403300855996e-05,-0.0001361857051561589
2063,-0.0069999999999999993,-0.010999999999999999,-0.00050000000000000001,8.1482691630864105e-06,1.336542747565582e-05,-0.00017069258081053585
2064,-0.0060000000000000001,-0.010999999999999999,-0.00050000000000000001,7.7353375595538137e-06,1.4785191488761e-05,-0.00020512077516295172
2065,-0.005000000000000001,-0.010999999999999999,-0.00050000000000000001,6.988568256043404e-06,1.5981509327035288e-05,-0.0002380732018980509
2066,-0.0040000000000000001,-0.010999999999999999,-0.00050000000000000001,5.9391681759691913e-06,1.6943147993868039e-05,-0.00026813189447303759
2067,-0.0029999999999999992,-0.010999999999999999,-0.00050000000000000001,4.6297376119531502e-06,1.766512224085465e-05,-0.00029391876883244964
2068,-0.0019999999999999983,-0.010999999999999999,-0.00050000000000000001,3.1104233934045577e-06,1.8145847400233351e-05,-0.00031415924303557116
2069,-0.0010000000000000009,-0.010999999999999999,-0.00050000000000000001,1.4525785161041354e-06,1.8379131168201983e-05,-0.00032781152969670187
2070,0,-0.010999999999999999,-0.00050000000000000001,-2.6684320150059403e-07,1.8364117445516097e-05,-0.00033416436767938479
2071,0.0010000000000000009,-0.010999999999999999,-0.00050000000000000001,-1.9810521200496301e-06,1.8091120100422229e-05,-0.00033284748963332894
2072,0.0019999999999999983,-0.010999999999999999,-0.00050000000000000001,-3.6012284310478678e-06,1.761256271619126e-05,-0.00032390818223718528
2073,0.0029999999999999992,-0.010999999999999999,-0.00050000000000000001,-5.0580989153563886e-06,1.6929006090483908e-05,-0.00030778324899370982
2074,0.0040000000000000001,-0.010999999999999999,-0.00050000000000000001,-6.2779800957686445e-06,1.6031881071890989e-05,-0.00028523325577948052
2075,0.005000000000000001,-0.010999999999999999,-0.00050000000000000001,-7.2257167803419468e-06,1.4956980213166937e-05,-0.00025726609331518861
2076,0.0060000000000000019,-0.010999999999999999,-0.00050000000000000001,-7.8726027583038594e-06,1.3730833683649895e-05,-0.00022510614701793852
2077,0.0069999999999999993,-0.010999999999999999,-0.00050000000000000001,-8.2082644286955131e-06,1.2364396899225048e-05,-0.00019015036221672269
2078,0.0080000000000000002,-0.010999999999999999,-0.00050000000000000001,-8.2096738923168192e-06,1.0856769820986221e-05,-0.00015391680093814253
2079,0.0090000000000000011,-0.010999999999999999,-0.00050000000000000001,-7.8591865334067243e-06,9.2093193590697655e-06,-0.00011802830802035483
2080,0.0099999999999999985,-0.010999999999999999,-0.00050000000000000001,-7.1310920996151658e-06,7.4259561492685711e-06,-8.4181549412031914e-05
2081,0.010999999999999999,-0.010999999999999999,-0.00050000000000000001,-6.016814070688012e-06,5.5542839012884302e-06,-5.4162736797527992e-05
2082,0.012,-0.010999999999999999,-0.00050000000000000001,-4.5097019616307135e-06,3.6538301479476709e-06,-2.9706287888246411e-05
2083,0.013000000000000001,-0.010999999999999999,-0.00050000000000000001,-2.8219777309417932e-06,1.9827887539696406e-06,-1.2335028708302335e-05
2084,0.014000000000000002,-0.010999999999999999,-0.00050000000000000001,-9.6106998010429278e-07,6.0785138138726067e-07,-2.5241085224885109e-06
2085,0.015000000000000003,-0.010999999999999999,-0.00050000000000000001,0,0,0
2086,0.016000000000000004,-0.010999999999999999,-0.00050000000000000001,0,0,0
2087,0.016999999999999998,-0.010999999999999999,-0.00050000000000000001,0,0,0
2088,0.017999999999999999,-0.010999999999999999,-0.00050000000000000001,0,0,0
2089,0.019,-0.010999999999999999,-0.00050000000000000001,0,0,0
2090,0.02,-0.010999999999999999,-0.00050000000000000001,0,0,0
2091,-0.02,-0.01,-0.00050000000000000001,0,0,0
2092,-0.019,-0.01,-0.00050000000000000001,0,0,0
2093,-0.018000000000000002,-0.01,-0.00050000000000000001,0,0,0
2094,-0.017000000000000001,-0.01,-0.00050000000000000001,0,0,0
2095,-0.016,-0.01,-0.00050000000000000001,0,0,0
2096,-0.014999999999999999,-0.01,-0.00050000000000000001,0,0,0
2097,-0.014,-0.01,-0.00050000000000000001,1.5756036702239826e-06,9.4221124040102739e-07,-3.3005855014155048e-06
2098,-0.013000000000000001,-0.01,-0.00050000000000000001,4.6520061566602482e-06,3.0134088486724342e-06,-1.728107158361697e-05
2099,-0.012,-0.01,-0.00050000000000000001,6.6041323244130014e-06,5.0268818632550781e-06,-4.0741472386960036e-05
2100,-0.010999999999999999,-0.01,-0.00050000000000000001,8.1180870365394738e-06,7.0469255798816156e-06,-7.2163635029352704e-05
2101,-0.01,-0.01,-0.00050000000000000001,9.0595314225405765e-06,8.9073413205989406e-06,-0.00010980790899925842
2102,-0.0090000000000000011,-0.01,-0.00050000000000000001,9.5026891982223721e-06,1.0579119009594124e-05,-0.00015206689262346369
2103,-0.0080000000000000002,-0.01,-0.00050000000000000001,9.4976172943485267e-06,1.2010316044202312e-05,-0.00019737609446807657
2104,-0.0069999999999999993,-0.01,-0.00050000000000000001,9.092686292225747e-06,1.3192762832044131e-05,-0.00024420172938981546
2105,-0.0060000000000000001,-0.01,-0.00050000000000000001,8.337897448490839e-06,1.4110887936745236e-05,-0.00029091461080735589
2106,-0.005000000000000001,-0.01,-0.00050000000000000001,7.2813047158793832e-06,1.4765004232110844e-05,-0.00033577193589832309
2107,-0.0040000000000000001,-0.01,-0.00050000000000000001,5.9748199811439951e-06,1.516536432467399e-05,-0.00037691739615414361
2108,-0.0029999999999999992,-0.01,-0.00050000000000000001,4.4875774709596932e-06,1.5346825377865842e-05,-0.00041244388198947551
2109,-0.0019999999999999983,-0.01,-0.00050000000000000001,2.8909756701578979e-06,1.5366662502836944e-05,-0.00044059414387261672
2110,-0.0010000000000000009,-0.01,-0.00050000000000000001,1.2334023611072398e-06,1.5245060826674727e-05,-0.00045990324348923187
2111,0,-0.01,-0.00050000000000000001,-4.3824572906738027e-07,1.5004204927396127e-05,-0.00046926581913597852
2112,0.0010000000000000009,-0.01,-0.00050000000000000001,-2.0611339169558952e-06,1.4723431907516473e-05,-0.00046815889224681933
2113,0.0019999999999999983,-0.01,-0.00050000000000000001,-3.6148372125955256e-06,1.4367466859479544e-05,-0.00045659964355384972
2114,0.0029999999999999992,-0.01,-0.00050000000000000001,-5.032255304828348e-06,1.3913864682556996e-05,-0.00043516943627604031
2115,0.0040000000000000001,-0.01,-0.00050000000000000001,-6.2918785267035863e-06,1.3405864766413284e-05,-0.00040488733948429277
2116,0.005000000000000001,-0.01,-0.00050000000000000001,-7.3579545052982642e-06,1.2835854840170814e-05,-0.00036713941088015954
2117,0.0060000000000000019,-0.01,-0.00050000000000000001,-8.216667269809779e-06,1.2183538392559305e-05,-0.00032357731073280062
2118,0.0069999999999999993,-0.01,-0.00050000000000000001,-8.8415890540893693e-06,1.1419971668885916e-05,-0.00027603428525302588
2119,0.0080000000000000002,-0.01,-0.00050000000000000001,-9.2101709848464258e-06,1.0514860334752138e-05,-0.00022645816565668167
2120,0.0090000000000000011,-0.01,-0.00050000000000000001,-9.2510121870557385e-06,9.4091988513301089e-06,-0.0001768827658786336
2121,0.0099999999999999985,-0.01,-0.00050000000000000001,-8.8851388719109805e-06,8.0602090454192729e-06,-0.00012935539666435999
2122,0.010999999999999999,-0.01,-0.00050000000000000001,-8.0298832771527558e-06,6.4908647227249371e-06,-8.60495472239982e-05
2123,0.012,-0.01,-0.00050000000000000001,-6.5739230713039902e-06,4.7088848853951875e-06,-4.9212231796584499e-05
2124,0.013000000000000001,-0.01,-0.00050000000000000001,-4.6568147416816795e-06,2.8886742003378556e-06,-2.1266779496381795e-05
2125,0.014000000000000002,-0.01,-0.00050000000000000001,-1.5599841482000478e-06,9.0057294501016568e-07,-4.254247009112422e-06
2126,0.015000000000000003,-0.01,-0.00050000000000000001,0,0,0
2127,0.016000000000000004,-0.01,-0.00050000000000000001,0,0,0
2128,0.016999999999999998,-0.01,-0.00050000000000000001,0,0,0
2129,0.017999999999999999,-0.01,-0.00050000000000000001,0,0,0
2130,0.019,-0.01,-0.00050000000000000001,0,0,0
2131,0.02,-0.01,-0.00050000000000000001,0,0,0
2132,-0.02,-0.0090000000000000011,-0.00050000000000000001,0,0,0
2133,-0.019,-0.0090000000000000011,-0.00050000000000000001,0,0,0
2134,-0.018000000000000002,-0.0090000000000000011,-0.00050000000000000001,0,0,0
2135,-0.017000000000000001,-0.0090000000000000011,-0.00050000000000000001,0,0,0
2136,-0.016,-0.0090000000000000011,-0.00050000000000000001,0,0,0
2137,-0.014999999999999999,-0.0090000000000000011,-0.00050000000000000001,0,0,0
2138,-0.014,-0.0090000000000000011,-0.00050000000000000001,2.376311178552111e-06,1.3472968568899272e-06,-5.0843338503095934e-06
2139,-0.013000000000000001,-0.0090000000000000011,-0.00050000000000000001,6.6640600553047615e-06,3.8754037782002201e-06,-2.6493034347582235e-05
2140,-0.012,-0.0090000000000000011,-0.00050000000000000001,8.6874618095742071e-06,5.8764781758722903e-06,-5.9814187454736006e-05
2141,-0.010999999999999999,-0.0090000000000000011,-0.00050000000000000001,1.0104017544328305e-05,7.7383267058854534e-06,-0.00010214653775820868
2142,-0.01,-0.0090000000000000011,-0.00050000000000000001,1.0784757562568697e-05,9.3233344786256508e-06,-0.00015138850266492677
2143,-0.0090000000000000011,-0.0090000000000000011,-0.00050000000000000001,1.0870786509535249e-05,1.0632381009884607e-05,-0.00020582114184214574
2144,-0.0080000000000000002,-0.0090000000000000011,-0.00050000000000000001,1.045834395039434e-05,1.16136801336987e-05,-0.0002638381931061717
2145,-0.0069999999999999993,-0.0090000000000000011,-0.00050000000000000001,9.6214950601150114e-06,1.2260993010950118e-05,-0.00032382483969551473
2146,-0.0060000000000000001,-0.0090000000000000011,-0.00050000000000000001,8.4507546665633973e-06,1.2569708057959544e-05,-0.00038395198823522271
2147,-0.005000000000000001,-0.0090000000000000011,-0.00050000000000000001,7.0287097390506644e-06,1.2553869469172217e-05,-0.00044212956355123767
2148,-0.0040000000000000001,-0.0090000000000000011,-0.00050000000000000001,5.4675371216407923e-06,1.2264846208501194e-05,-0.00049595851716499595
2149,-0.0029999999999999992,-0.0090000000000000011,-0.00050000000000000001,3.8538252657435568e-06,1.1787779119312756e-05,-0.00054293800309552034
2150,-0.0019999999999999983,-0.0090000000000000011,-0.00050000000000000001,2.2618974944467276e-06,1.1188115772349859e-05,-0.00058064075921822388
2151,-0.0010000000000000009,-0.0090000000000000011,-0.00050000000000000001,7.5098040674475092e-07,1.0574319147199092e-05,-0.00060691594053222954
2152,0,-0.0090000000000000011,-0.00050000000000000001,-6.574939452655207e-07,1.007933864140992e-05,-0.00062025726242639901
2153,0.0010000000000000009,-0.0090000000000000011,-0.00050000000000000001,-2.0036699535526193e-06,9.7094855489091794e-06,-0.000619816255161376
2154,0.0019999999999999983,-0.0090000000000000011,-0.00050000000000000001,-3.2648004914061174e-06,9.4374161128429346e-06,-0.00060559027770159895
2155,0.0029999999999999992,-0.0090000000000000011,-0.00050000000000000001,-4.4721821528730959e-06,9.3168114174633597e-06,-0.00057828645557065446
2156,0.0040000000000000001,-0.0090000000000000011,-0.00050000000000000001,-5.6104297157114238e-06,9.3035943819493655e-06,-0.00053927882932604178
2157,0.005000000000000001,-0.0090000000000000011,-0.00050000000000000001,-6.7107751479972067e-06,9.3625418504241836e-06,-0.0004904680461136205
2158,0.0060000000000000019,-0.0090000000000000011,-0.00050000000000000001,-7.7559301250902984e-06,9.4297444973350113e-06,-0.00043405601792663516
2159,0.0069999999999999993,-0.0090000000000000011,-0.00050000000000000001,-8.7317673125017298e-06,9.4320491443173087e-06,-0.00037245615803389843
2160,0.0080000000000000002,-0.0090000000000000011,-0.00050000000000000001,-9.5655499488402758e-06,9.2702563241267775e-06,-0.00030814127471184485
2161,0.0090000000000000011,-0.0090000000000000011,-0.00050000000000000001,-1.0151943897878359e-05,8.868082852851257e-06,-0.00024361477821110145
2162,0.0099999999999999985,-0.0090000000000000011,-0.00050000000000000001,-1.0317766712772301e-05,8.107380039811526e-06,-0.0001812677115278076
2163,0.010999999999999999,-0.0090000000000000011,-0.00050000000000000001,-9.9038397656200265e-06,6.9976164815034278e-06,-0.00012355948431008222
2164,0.012,-0.0090000000000000011,-0.00050000000000000001,-8.6878761455073715e-06,5.5001007463718534e-06,-7.3078235953642564e-05
2165,0.013000000000000001,-0.0090000000000000011,-0.00050000000000000001,-6.7944176983552314e-06,3.7803168557252464e-06,-3.2868829159822763e-05
2166,0.014000000000000002,-0.0090000000000000011,-0.00050000000000000001,-2.4260904037913981e-06,1.3282700955938697e-06,-6.5733336972460495e-06
2167,0.015000000000000003,-0.0090000000000000011,-0.00050000000000000001,0,0,0
2168,0.016000000000000004,-0.0090000000000000011,-0.00050000000000000001,0,0,0
2169,0.016999999999999998,-0.0090000000000000011,-0.00050000000000000001,0,0,0
2170,0.017999999999999999,-0.0090000000000000011,-0.00050000000000000001,0,0,0
2171,0.019,-0.0090000000000000011,-0.00050000000000000001,0,0,0
2172,0.02,-0.0090000000000000011,-0.00050000000000000001,0,0,0
2173,-0.02,-0.0080000000000000002,-0.00050000000000000001,0,0,0
2174,-0.019,-0.0080000000000000002,-0.00050000000000000001,0,0,0
2175,-0.018000000000000002,-0.0080000000000000002,-0.00050000000000000001,0,0,0
2176,-0.017000000000000001,-0.0080000000000000002,-0.00050000000000000001,0,0,0
2177,-0.016,-0.0080000000000000002,-0.00050000000000000001,0,0,0
2178,-0.014999999999999999,-0.0080000000000000002,-0.00050000000000000001,0,0,0
2179,-0.014,-0.0080000000000000002,-0.00050000000000000001,3.2930385862875135e-06,1.7473509019986574e-06,-7.2822719587372268e-06
2180,-0.013000000000000001,-0.0080000000000000002,-0.00050000000000000001,8.7836790659489327e-06,4.5570055538953476e-06,-3.7171350726505876e-05
2181,-0.012,-0.0080000000000000002,-0.00050000000000000001,1.0739526852514628e-05,6.4093369791451122e-06,-8.0899020061829584e-05
2182,-0.010999999999999999,-0.0080000000000000002,-0.00050000000000000001,1.1953519546700929e-05,8.0457330211939487e-06,-0.00013442164739299969
2183,-0.01,-0.0080000000000000002,-0.00050000000000000001,1.2293057948377758e-05,9.3088294085100931e-06,-0.00019548692150707912
2184,-0.0090000000000000011,-0.0080000000000000002,-0.00050000000000000001,1.1943560260246322e-05,1.0217822678988139e-05,-0.000262453918344115
2185,-0.0080000000000000002,-0.0080000000000000002,-0.00050000000000000001,1.1042325745078693e-05,1.071295340319244e-05,-0.00033379546815719163
2186,-0.0069999999999999993,-0.0080000000000000002,-0.00050000000000000001,9.6871889226992829e-06,1.0786609187818576e-05,-0.00040792126363244232
2187,-0.0060000000000000001,-0.0080000000000000002,-0.00050000000000000001,8.002117228554867e-06,1.0425442961929407e-05,-0.00048286481989119536
2188,-0.005000000000000001,-0.0080000000000000002,-0.00050000000000000001,6.1469733891921965e-06,9.6682251563750757e-06,-0.00055615973524447552
2189,-0.0040000000000000001,-0.0080000000000000002,-0.00050000000000000001,4.2739236080153033e-06,8.5730357225883488e-06,-0.00062483454420462809
2190,-0.0029999999999999992,-0.0080000000000000002,-0.00050000000000000001,2.5660145512024803e-06,7.2756445246785661e-06,-0.00068556114505584484
2191,-0.0019999999999999983,-0.0080000000000000002,-0.00050000000000000001,1.1234404629770031e-06,5.9440683183386497e-06,-0.00073501723583168786
2192,-0.0010000000000000009,-0.0080000000000000002,-0.00050000000000000001,-1.6127091431298533e-09,4.7512305604146407e-06,-0.000770253230214364
2193,0,-0.0080000000000000002,-0.00050000000000000001,-9.1007776190517518e-07,3.8521626754908695e-06,-0.00078893035750871976
2194,0.0010000000000000009,-0.0080000000000000002,-0.00050000000000000001,-1.6691422568090219e-06,3.272877577664028e-06,-0.00078988697354205899
2195,0.0019999999999999983,-0.0080000000000000002,-0.00050000000000000001,-2.3691957460760256e-06,3.0759969047080828e-06,-0.00077296235871404282
2196,0.0029999999999999992,-0.0080000000000000002,-0.00050000000000000001,-3.0516143669477803e-06,3.2848116508669979e-06,-0.00073908409564400128
2197,0.0040000000000000001,-0.0080000000000000002,-0.00050000000000000001,-3.8849669030419417e-06,3.83797585917703e-06,-0.00069005936834752775
2198,0.005000000000000001,-0.0080000000000000002,-0.00050000000000000001,-4.9040947529120383e-06,4.6346900448895631e-06,-0.00062837851720389296
2199,0.0060000000000000019,-0.0080000000000000002,-0.00050000000000000001,-6.1566519075487808e-06,5.5775439689731373e-06,-0.00055704861883476488
2200,0.0069999999999999993,-0.0080000000000000002,-0.00050000000000000001,-7.5634156340543592e-06,6.5037414205147114e-06,-0.00047925448773610934
2201,0.0080000000000000002,-0.0080000000000000002,-0.00050000000000000001,-9.0396530270648548e-06,7.2545607939785233e-06,-0.00039821921381113173
2202,0.0090000000000000011,-0.0080000000000000002,-0.00050000000000000001,-1.0364549007856549e-05,7.6700142877250739e-06,-0.00031705581086217814
2203,0.0099999999999999985,-0.0080000000000000002,-0.00050000000000000001,-1.1287909705722683e-05,7.6194348321694942e-06,-0.00023855024304968381
2204,0.010999999999999999,-0.0080000000000000002,-0.00050000000000000001,-1.151959577220543e-05,7.0727302100535623e-06,-0.00016535496391903627
2205,0.012,-0.0080000000000000002,-0.00050000000000000001,-1.0750015000137289e-05,5.9638622973561855e-06,-0.00010023080008144636
2206,0.013000000000000001,-0.0080000000000000002,-0.00050000000000000001,-9.1033739692052758e-06,4.5099071582853541e-06,-4.6598948594728798e-05
2207,0.014000000000000002,-0.0080000000000000002,-0.00050000000000000001,-3.4644930093403535e-06,1.77399199534769e-06,-9.4436551799890321e-06
2208,0.015000000000000003,-0.0080000000000000002,-0.00050000000000000001,0,0,0
2209,0.016000000000000004,-0.0080000000000000002,-0.00050000000000000001,0,0,0
2210,0.016999999999999998,-0.0080000000000000002,-0.00050000000000000001,0,0,0
2211,0.017999999999999999,-0.0080000000000000002,-0.00050000000000000001,0,0,0
2212,0.019,-0.0080000000000000002,-0.00050000000000000001,0,0,0
2213,0.02,-0.0080000000000000002,-0.00050000000000000001,0,0,0
2214,-0.02,-0.0069999999999999993,-0.00050000000000000001,0,0,0
2215,-0.019,-0.0069999999999999993,-0.00050000000000000001,0,0,0
2216,-0.018000000000000002,-0.0069999999999999993,-0.00050000000000000001,0,0,0
2217,-0.017000000000000001,-0.0069999999999999993,-0.00050000000000000001,0,0,0
2218,-0.016,-0.0069999999999999993,-0.00050000000000000001,0,0,0
2219,-0.014999999999999999,-0.0069999999999999993,-0.00050000000000000001,0,0,0
2220,-0.014,-0.0069999999999999993,-0.00050000000000000001,4.293223338284534e-06,2.0591775366463344e-06,-9.7411110508164261e-06
2221,-0.013000000000000001,-0.0069999999999999993,-0.00050000000000000001,1.095343365847046e-05,4.985066080824012e-06,-4.8631802982307487e-05
2222,-0.012,-0.0069999999999999993,-0.00050000000000000001,1.2730865013778625e-05,6.6156491649120231e-06,-0.00010288641459429811
2223,-0.010999999999999999,-0.0069999999999999993,-0.00050000000000000001,1.3647338827644351e-05,7.9890904028187751e-06,-0.00016756794196651868
2224,-0.01,-0.0069999999999999993,-0.00050000000000000001,1.3584900990236104e-05,8.9189002607388405e-06,-0.00024047050620605771
2225,-0.0090000000000000011,-0.0069999999999999993,-0.00050000000000000001,1.2728972908365784e-05,9.4205460973361083e-06,-0.00032020152482345335
2226,-0.0080000000000000002,-0.0069999999999999993,-0.00050000000000000001,1.1263026271147274e-05,9.4229208690211269e-06,-0.00040544763600664792
2227,-0.0069999999999999993,-0.0069999999999999993,-0.00050000000000000001,9.2751260189889538e-06,8.8850329666177411e-06,-0.00049476223562487751
2228,-0.0060000000000000001,-0.0069999999999999993,-0.00050000000000000001,6.9594714331202711e-06,7.8076859651776622e-06,-0.00058611530696199121
2229,-0.005000000000000001,-0.0069999999999999993,-0.00050000000000000001,4.5177702230241432e-06,6.1885897639303485e-06,-0.00067673810472901016
2230,-0.0040000000000000001,-0.0069999999999999993,-0.00050000000000000001,2.2719472189226778e-06,4.1600927652093595e-06,-0.00076295926857590025
2231,-0.0029999999999999992,-0.0069999999999999993,-0.00050000000000000001,4.5642575942526331e-07,1.8206349621591663e-06,-0.0008405755365049483
2232,-0.0019999999999999983,-0.0069999999999999993,-0.00050000000000000001,-6.3950029612093131e-07,-5.5180660096962886e-07,-0.00090499350533300611
2233,-0.0010000000000000009,-0.0069999999999999993,-0.00050000000000000001,-1.1415193556982645e-06,-2.6284498461060412e-06,-0.00095185522180024195
2234,0,-0.0069999999999999993,-0.00050000000000000001,-1.1758863274770078e-06,-4.1702552165329369e-06,-0.00097798762867172279
2235,0.0010000000000000009,-0.0069999999999999993,-0.00050000000000000001,-8.7840078309537222e-07,-5.030533014242404e-06,-0.00098142856371446325
2236,0.0019999999999999983,-0.0069999999999999993,-0.00050000000000000001,-4.2934338033871004e-07,-5.1258658529590968e-06,-0.00096204553643718658
2237,0.0029999999999999992,-0.0069999999999999993,-0.00050000000000000001,-2.3233840875992828e-07,-4.5242301565863454e-06,-0.00092075022185693941
2238,0.0040000000000000001,-0.0069999999999999993,-0.00050000000000000001,-4.5789427247803942e-07,-3.313335217286402e-06,-0.00085989519119273358
2239,0.005000000000000001,-0.0069999999999999993,-0.00050000000000000001,-1.3211110474268736e-06,-1.5771027576116021e-06,-0.00078289699654443589
2240,0.0060000000000000019,-0.0069999999999999993,-0.00050000000000000001,-2.8287153720781129e-06,4.9679073243133999e-07,-0.00069368283732724871
2241,0.0069999999999999993,-0.0069999999999999993,-0.00050000000000000001,-4.9249068815829585e-06,2.6431485316980154e-06,-0.00059664903166265339
2242,0.0080000000000000002,-0.0069999999999999993,-0.00050000000000000001,-7.3165439403717415e-06,4.5158650380980193e-06,-0.0004961189835704364
2243,0.0090000000000000011,-0.0069999999999999993,-0.00050000000000000001,-9.694483693349646e-06,5.9062354500535595e-06,-0.00039608381293917879
2244,0.0099999999999999985,-0.0069999999999999993,-0.00050000000000000001,-1.1663008157300405e-05,6.6579592029211768e-06,-0.00029980581239670692
2245,0.010999999999999999,-0.0069999999999999993,-0.00050000000000000001,-1.2791414145728823e-05,6.7470491182993114e-06,-0.0002100362501457949
2246,0.012,-0.0069999999999999993,-0.00050000000000000001,-1.2699259839782481e-05,6.0932046590389987e-06,-0.00012949415374110591
2247,0.013000000000000001,-0.0069999999999999993,-0.00050000000000000001,-1.1503681162404879e-05,4.9863352962572517e-06,-6.1704275873964559e-05
2248,0.014000000000000002,-0.0069999999999999993,-0.00050000000000000001,-4.6294744081041162e-06,2.1361771630647995e-06,-1.2700513612137635e-05
2249,0.015000000000000003,-0.0069999999999999993,-0.00050000000000000001,0,0,0
2250,0.016000000000000004,-0.0069999999999999993,-0.00050000000000000001,0,0,0
2251,0.016999999999999998,-0.0069999999999999993,-0.00050000000000000001,0,0,0
2252,0.017999999999999999,-0.0069999999999999993,-0.00050000000000000001,0,0,0
2253,0.019,-0.0069999999999999993,-0.00050000000000000001,0,0,0
2254,0.02,-0.0069999999999999993,-0.00050000000000000001,0,0,0
2255,-0.02,-0.0060000000000000001,-0.00050000000000000001,0,0,0
2256,-0.019,-0.0060000000000000001,-0.00050000000000000001,0,0,0
2257,-0.018000000000000002,-0.0060000000000000001,-0.00050000000000000001,0,0,0
2258,-0.017000000000000001,-0.0060000000000000001,-0.00050000000000000001,0,0,0
2259,-0.016,-0.0060000000000000001,-0.00050000000000000001,0,0,0
2260,-0.014999999999999999,-0.0060000000000000001,-0.00050000000000000001,0,0,0
2261,-0.014,-0.0060000000000000001,-0.00050000000000000001,5.3209419663021969e-06,2.2252567965754353e-06,-1.2291257599502777e-05
2262,-0.013000000000000001,-0.0060000000000000001,-0.00050000000000000001,1.3103713104892303e-05,5.1110436675352647e-06,-6.0183723928467556e-05
2263,-0.012,-0.0060000000000000001,-0.00050000000000000001,1.4617771368351166e-05,6.4967690507730865e-06,-0.00012469341083156532
2264,-0.010999999999999999,-0.0060000000000000001,-0.00050000000000000001,1.5160356679981605e-05,7.5892548267695834e-06,-0.00020017772616557565
2265,-0.01,-0.0060000000000000001,-0.00050000000000000001,1.4652473620431149e-05,8.2073950055871886e-06,-0.00028465778655482714
2266,-0.0090000000000000011,-0.0060000000000000001,-0.00050000000000000001,1.3238723920706762e-05,8.3361117469783219e-06,-0.00037714485442841034
2267,-0.0080000000000000002,-0.0060000000000000001,-0.00050000000000000001,1.113507421703626e-05,7.8825110196261934e-06,-0.00047668096623977666
2268,-0.0069999999999999993,-0.0060000000000000001,-0.00050000000000000001,8.4224890785971792e-06,6.7774005972939942e-06,-0.00058210194492185237
2269,-0.0060000000000000001,-0.0060000000000000001,-0.00050000000000000001,5.302539548521937e-06,4.9533104907824181e-06,-0.0006914857431673608
2270,-0.005000000000000001,-0.0060000000000000001,-0.00050000000000000001,2.1264289723361176e-06,2.4706292904074168e-06,-0.00080185448487585036
2271,-0.0040000000000000001,-0.0060000000000000001,-0.00050000000000000001,-7.2967902664567375e-07,-7.2436735246380755e-07,-0.00090909193023447799
2272,-0.0029999999999999992,-0.0060000000000000001,-0.00050000000000000001,-2.5678915545665533e-06,-4.3677295295548748e-06,-0.001007758482742408
2273,-0.0019999999999999983,-0.0060000000000000001,-0.00050000000000000001,-3.365378748537461e-06,-8.2477157759657869e-06,-0.0010915889905036781
2274,-0.0010000000000000009,-0.0060000000000000001,-0.00050000000000000001,-2.9108642012290483e-06,-1.1775436691886252e-05,-0.0011543401330359599
2275,0,-0.0060000000000000001,-0.00050000000000000001,-1.375616873749245e-06,-1.4251617637242064e-05,-0.0011908308633734714
2276,0.0010000000000000009,-0.0060000000000000001,-0.00050000000000000001,8.5777204287334675e-07,-1.5593543275016199e-05,-0.0011988777217330879
2277,0.0019999999999999983,-0.0060000000000000001,-0.00050000000000000001,3.1060153272676457e-06,-1.5663766381475597e-05,-0.0011772855459240309
2278,0.0029999999999999992,-0.0060000000000000001,-0.00050000000000000001,4.9448033195747266e-06,-1.4610842669473743e-05,-0.0011275586372209831
2279,0.0040000000000000001,-0.0060000000000000001,-0.00050000000000000001,5.7314394399705239e-06,-1.2548286735111401e-05,-0.0010525475156529795
2280,0.005000000000000001,-0.0060000000000000001,-0.00050000000000000001,5.1481126498914949e-06,-9.5615883250248062e-06,-0.00095654819077968035
2281,0.0060000000000000019,-0.0060000000000000001,-0.00050000000000000001,3.0732651413653651e-06,-5.8904280864154857e-06,-0.00084519851648336066
2282,0.0069999999999999993,-0.0060000000000000001,-0.00050000000000000001,-1.326645895692902e-07,-2.1536273928761237e-06,-0.00072460334723158191
2283,0.0080000000000000002,-0.0060000000000000001,-0.00050000000000000001,-4.028081740910667e-06,1.1712314239947306e-06,-0.00060084859595373511
2284,0.0090000000000000011,-0.0060000000000000001,-0.00050000000000000001,-7.9167207128769058e-06,3.6860166063043206e-06,-0.00047915805874227009
2285,0.0099999999999999985,-0.0060000000000000001,-0.00050000000000000001,-1.1325430651616597e-05,5.3196731573846707e-06,-0.00036331172969022735
2286,0.010999999999999999,-0.0060000000000000001,-0.00050000000000000001,-1.3640855613079307e-05,6.0644750047264795e-06,-0.00025599879543034817
2287,0.012,-0.0060000000000000001,-0.00050000000000000001,-1.4459390781927923e-05,5.8997179657537978e-06,-0.00015957541763772862
2288,0.013000000000000001,-0.0060000000000000001,-0.00050000000000000001,-1.3904900412360922e-05,5.1491905571285026e-06,-7.7359839520577665e-05
2289,0.014000000000000002,-0.0060000000000000001,-0.00050000000000000001,-5.8659491659806723e-06,2.3504690123746118e-06,-1.6133305170540123e-05
2290,0.015000000000000003,-0.0060000000000000001,-0.00050000000000000001,0,0,0
2291,0.016000000000000004,-0.0060000000000000001,-0.00050000000000000001,0,0,0
2292,0.016999999999999998,-0.0060000000000000001,-0.00050000000000000001,0,0,0
2293,0.017999999999999999,-0.0060000000000000001,-0.00050000000000000001,0,0,0
2294,0.019,-0.0060000000000000001,-0.00050000000000000001,0,0,0
2295,0.02,-0.0060000000000000001,-0.00050000000000000001,0,0,0
2296,-0.02,-0.005000000000000001,-0.00050000000000000001,0,0,0
2297,-0.019,-0.005000000000000001,-0.00050000000000000001,0,0,0
2298,-0.018000000000000002,-0.005000000000000001,-0.00050000000000000001,0,0,0
2299,-0.017000000000000001,-0.005000000000000001,-0.00050000000000000001,0,0,0
2300,-0.016,-0.005000000000000001,-0.00050000000000000001,0,0,0
2301,-0.014999999999999999,-0.005000000000000001,-0.00050000000000000001,0,0,0
2302,-0.014,-0.005000000000000001,-0.00050000000000000001,6.3158020599222195e-06,2.2183039548222222e-06,-1.4771010270223558e-05
2303,-0.013000000000000001,-0.005000000000000001,-0.00050000000000000001,1.5149396604614032e-05,4.9170805339670214e-06,-7.1194632438137718e-05
2304,-0.012,-0.005000000000000001,-0.00050000000000000001,1.634711055232253e-05,6.0595435488147188e-06,-0.00014529860442089501
2305,-0.010999999999999999,-0.005000000000000001,-0.00050000000000000001,1.6472267034678275e-05,6.8743728254659568e-06,-0.00023087130245473254
2306,-0.01,-0.005000000000000001,-0.00050000000000000001,1.5502622945313262e-05,7.2241751524804785e-06,-0.00032631542752835379
2307,-0.0090000000000000011,-0.005000000000000001,-0.00050000000000000001,1.3499408791004359e-05,7.0490017868433417e-06,-0.00043117633847219587
2308,-0.0080000000000000002,-0.005000000000000001,-0.00050000000000000001,1.0721671405541547e-05,6.2441633795091368e-06,-0.00054497659389267936
2309,-0.0069999999999999993,-0.005000000000000001,-0.00050000000000000001,7.1738867919469643e-06,4.6541654833347437e-06,-0.00066705715840632623
2310,-0.0060000000000000001,-0.005000000000000001,-0.00050000000000000001,3.1470613664223215e-06,2.2169050106805381e-06,-0.00079580103760073324
2311,-0.005000000000000001,-0.005000000000000001,-0.00050000000000000001,-1.1025292600531074e-06,-1.2273808810384694e-06,-0.00092852064617668102
2312,-0.0040000000000000001,-0.005000000000000001,-0.00050000000000000001,-4.7385411995872129e-06,-5.5741910814731535e-06,-0.0010607890146969261
2313,-0.0029999999999999992,-0.005000000000000001,-0.00050000000000000001,-7.3204224095647343e-06,-1.1240328417285357e-05,-0.0011865033669623709
2314,-0.0019999999999999983,-0.005000000000000001,-0.00050000000000000001,-7.6622895636644591e-06,-1.7488769778838819e-05,-0.0012966603947236663
2315,-0.0010000000000000009,-0.005000000000000001,-0.00050000000000000001,-5.749153144673831e-06,-2.3125271016032586e-05,-0.0013812881562310748
2316,0,-0.005000000000000001,-0.00050000000000000001,-1.5071910547127123e-06,-2.7554489826238124e-05,-0.0014336687768940189
2317,0.0010000000000000009,-0.005000000000000001,-0.00050000000000000001,4.0361117088878979e-06,-2.9688502912321316e-05,-0.0014486286864734516
2318,0.0019999999999999983,-0.005000000000000001,-0.00050000000000000001,9.7378979830166691e-06,-3.0046157770554416e-05,-0.0014258846483966366
2319,0.0029999999999999992,-0.005000000000000001,-0.00050000000000000001,1.4240269294422047e-05,-2.8472202085166453e-05,-0.0013660841626554599
2320,0.0040000000000000001,-0.005000000000000001,-0.00050000000000000001,1.6632749364742831e-05,-2.5035313958115304e-05,-0.0012730195104773052
2321,0.005000000000000001,-0.005000000000000001,-0.00050000000000000001,1.6248235194854187e-05,-1.9922596899201151e-05,-0.0011525987838452059
2322,0.0060000000000000019,-0.005000000000000001,-0.00050000000000000001,1.3022198400160883e-05,-1.3846054193586741e-05,-0.0010124606681224389
2323,0.0069999999999999993,-0.005000000000000001,-0.00050000000000000001,7.6092376512464428e-06,-7.7292726591061424e-06,-0.00086210186851741672
2324,0.0080000000000000002,-0.005000000000000001,-0.00050000000000000001,1.2617806531869994e-06,-2.6227114324543733e-06,-0.00071031727771407691
2325,0.0090000000000000011,-0.005000000000000001,-0.00050000000000000001,-4.9106431074075311e-06,1.2005728135033315e-06,-0.00056385823317840625
2326,0.0099999999999999985,-0.005000000000000001,-0.00050000000000000001,-1.0196383162579507e-05,3.7334310797263167e-06,-0.0004267513906051196
2327,0.010999999999999999,-0.005000000000000001,-0.00050000000000000001,-1.4020548370863171e-05,5.1077070679078801e-06,-0.00030131935366514722
2328,0.012,-0.005000000000000001,-0.00050000000000000001,-1.5949381562461896e-05,5.4050768486858316e-06,-0.0001890608778918984
2329,0.013000000000000001,-0.005000000000000001,-0.00050000000000000001,-1.621056284599608e-05,4.9770628936593797e-06,-9.2741632737809818e-05
2330,0.014000000000000002,-0.005000000000000001,-0.00050000000000000001,-7.1053192828409096e-06,2.3789975070783073e-06,-1.9530453414362958e-05
2331,0.015000000000000003,-0.005000000000000001,-0.00050000000000000001,0,0,0
2332,0.016000000000000004,-0.005000000000000001,-0.00050000000000000001,0,0,0
2333,0.016999999999999998,-0.005000000000000001,-0.00050000000000000001,0,0,0
2334,0.017999999999999999,-0.005000000000000001,-0.00050000000000000001,0,0,0
2335,0.019,-0.005000000000000001,-0.00050000000000000001,0,0,0
2336,0.02,-0.005000000000000001,-0.00050000000000000001,0,0,0
2337,-0.02,-0.0040000000000000001,-0.00050000000000000001,0,0,0
2338,-0.019,-0.0040000000000000001,-0.00050000000000000001,0,0,0
2339,-0.018000000000000002,-0.0040000000000000001,-0.00050000000000000001,0,0,0
2340,-0.017000000000000001,-0.0040000000000000001,-0.00050000000000000001,0,0,0
2341,-0.016,-0.0040000000000000001,-0.00050000000000000001,0,0,0
2342,-0.014999999999999999,-0.0040000000000000001,-0.00050000000000000001,0,0,0
2343,-0.014,-0.0040000000000000001,-0.00050000000000000001,7.2187561415519591e-06,2.034139024946463e-06,-1.7031603608940364e-05
2344,-0.013000000000000001,-0.0040000000000000001,-0.00050000000000000001,1.6992928954413721e-05,4.403803337383156e-06,-8.1095696434168766e-05
2345,-0.012,-0.0040000000000000001,-0.00050000000000000001,1.7860351500483829e-05,5.3164352627372844e-06,-0.0001637399678760633
2346,-0.010999999999999999,-0.0040000000000000001,-0.00050000000000000001,1.7570033115709982e-05,5.877371030729281e-06,-0.00025829814870095776
2347,-0.01,-0.0040000000000000001,-0.00050000000000000001,1.6145024310773611e-05,6.0164231265885904e-06,-0.00036366522490492302
2348,-0.0090000000000000011,-0.0040000000000000001,-0.00050000000000000001,1.3569826597860319e-05,5.6540647027140283e-06,-0.0004799806772622855
2349,-0.0080000000000000002,-0.0040000000000000001,-0.00050000000000000001,1.0088867822797584e-05,4.6290944036753025e-06,-0.00060738933970923802
2350,-0.0069999999999999993,-0.0040000000000000001,-0.00050000000000000001,5.6825772439903274e-06,2.8014257577867074e-06,-0.00074586602452563996
2351,-0.0060000000000000001,-0.0040000000000000001,-0.00050000000000000001,4.9876142014502307e-07,-1.1988931539472474e-07,-0.00089468805897134553
2352,-0.005000000000000001,-0.0040000000000000001,-0.00050000000000000001,-5.0125024094816166e-06,-4.192555727327775e-06,-0.0010518474703501049
2353,-0.0040000000000000001,-0.0040000000000000001,-0.00050000000000000001,-1.0463137347583993e-05,-1.011349721266955e-05,-0.001213876566028159
2354,-0.0029999999999999992,-0.0040000000000000001,-0.00050000000000000001,-1.4069146041538121e-05,-1.797244684058582e-05,-0.0013738771151169541
2355,-0.0019999999999999983,-0.0040000000000000001,-0.00050000000000000001,-1.5217993165104401e-05,-2.8158915241272449e-05,-0.0015204131413252932
2356,-0.0010000000000000009,-0.0040000000000000001,-0.00050000000000000001,-1.1067420310992825e-05,-3.8757738810819308e-05,-0.0016386722054615415
2357,0,-0.0040000000000000001,-0.00050000000000000001,-1.8675231969733658e-06,-4.5630474942919433e-05,-0.0017140463087640669
2358,0.0010000000000000009,-0.0040000000000000001,-0.00050000000000000001,1.0318374839312259e-05,-4.9967086897166462e-05,-0.001741496890868637
2359,0.0019999999999999983,-0.0040000000000000001,-0.00050000000000000001,2.2386190852580615e-05,-5.0089727015544081e-05,-0.0017173717639548218
2360,0.0029999999999999992,-0.0040000000000000001,-0.00050000000000000001,3.1576729086812994e-05,-4.76317118072742e-05,-0.001644994006097964
2361,0.0040000000000000001,-0.0040000000000000001,-0.00050000000000000001,3.6230331044086312e-05,-4.2393408431011226e-05,-0.0015281201462690713
2362,0.005000000000000001,-0.0040000000000000001,-0.00050000000000000001,3.5186741348025819e-05,-3.3777699089868885e-05,-0.0013736485891320466
2363,0.0060000000000000019,-0.0040000000000000001,-0.00050000000000000001,2.8923600175483602e-05,-2.3176261908726423e-05,-0.001194470902927803
2364,0.0069999999999999993,-0.0040000000000000001,-0.00050000000000000001,1.9318519385938917e-05,-1.3740295563464334e-05,-0.0010057179851625721
2365,0.0080000000000000002,-0.0040000000000000001,-0.00050000000000000001,8.8374277139908019e-06,-6.3885520052917109e-06,-0.00082039879906505172
2366,0.0090000000000000011,-0.0040000000000000001,-0.00050000000000000001,-6.1361994966893589e-07,-1.2251672593082551e-06,-0.00064631451497665425
2367,0.0099999999999999985,-0.0040000000000000001,-0.00050000000000000001,-8.3536045201849169e-06,2.1428814940335377e-06,-0.00048702273826541195
2368,0.010999999999999999,-0.0040000000000000001,-0.00050000000000000001,-1.3911758306421011e-05,3.9922932491869472e-06,-0.00034368216450287567
2369,0.012,-0.0040000000000000001,-0.00050000000000000001,-1.7124861586085142e-05,4.6507765945088966e-06,-0.00021641913376262094
2370,0.013000000000000001,-0.0040000000000000001,-0.00050000000000000001,-1.829603949649714e-05,4.4689791097677729e-06,-0.00010700534707992702
2371,0.014000000000000002,-0.0040000000000000001,-0.00050000000000000001,-8.2748026288311644e-06,2.2113013614447402e-06,-2.26866709676104e-05
2372,0.015000000000000003,-0.0040000000000000001,-0.00050000000000000001,0,0,0
2373,0.016000000000000004,-0.0040000000000000001,-0.00050000000000000001,0,0,0
2374,0.016999999999999998,-0.0040000000000000001,-0.00050000000000000001,0,0,0
2375,0.017999999999999999,-0.0040000000000000001,-0.00050000000000000001,0,0,0
2376,0.019,-0.0040000000000000001,-0.00050000000000000001,0,0,0
2377,0.02,-0.0040000000000000001,-0.00050000000000000001,0,0,0
2378,-0.02,-0.0029999999999999992,-0.00050000000000000001,0,0,0
2379,-0.019,-0.0029999999999999992,-0.00050000000000000001,0,0,0
2380,-0.018000000000000002,-0.0029999999999999992,-0.00050000000000000001,0,0,0
2381,-0.017000000000000001,-0.0029999999999999992,-0.00050000000000000001,0,0,0
2382,-0.016,-0.0029999999999999992,-0.00050000000000000001,0,0,0
2383,-0.014999999999999999,-0.0029999999999999992,-0.00050000000000000001,0,0,0
2384,-0.014,-0.0029999999999999992,-0.00050000000000000001,7.977612623501226e-06,1.6864675008603529e-06,-1.8942685938550053e-05
2385,-0.013000000000000001,-0.0029999999999999992,-0.00050000000000000001,1.8539894866565353e-05,3.597787705111524e-06,-8.9386962295481663e-05
2386,-0.012,-0.0029999999999999992,-0.00050000000000000001,1.9101224607422114e-05,4.2878580349709726e-06,-0.0001791385530586033
2387,-0.010999999999999999,-0.0029999999999999992,-0.00050000000000000001,1.8444329298800493e-05,4.6392503694828609e-06,-0.00028119357799877054
2388,-0.01,-0.0029999999999999992,-0.00050000000000000001,1.6602579057969937e-05,4.6414615064186268e-06,-0.00039495753484973035
2389,-0.0090000000000000011,-0.0029999999999999992,-0.00050000000000000001,1.3510277327345842e-05,4.2086378132695061e-06,-0.00052119135347563077
2390,-0.0080000000000000002,-0.0029999999999999992,-0.00050000000000000001,9.372219733745296e-06,3.1899873977707499e-06,-0.00066063371691402455
2391,-0.0069999999999999993,-0.0029999999999999992,-0.00050000000000000001,4.0574835995952728e-06,1.3380134869636014e-06,-0.00081419102439500666
2392,-0.0060000000000000001,-0.0029999999999999992,-0.00050000000000000001,-2.3551106400422485e-06,-1.5030119453353656e-06,-0.00098220022172695485
2393,-0.005000000000000001,-0.0029999999999999992,-0.00050000000000000001,-9.9318758870459202e-06,-6.0896814195421552e-06,-0.0011648094283534121
2394,-0.0040000000000000001,-0.0029999999999999992,-0.00050000000000000001,-1.7863520087523641e-05,-1.2624551248075369e-05,-0.0013601170608565519
2395,-0.0029999999999999992,-0.0029999999999999992,-0.00050000000000000001,-2.5763774436981585e-05,-2.4067277860173636e-05,-0.0015633862231449126
2396,-0.0019999999999999983,-0.0029999999999999992,-0.00050000000000000001,-2.8688739886045681e-05,-4.0261944717459209e-05,-0.0017612431237346534
2397,-0.0010000000000000009,-0.0029999999999999992,-0.00050000000000000001,-2.2476261531291388e-05,-5.8240566673531604e-05,-0.0019305990538246124
2398,0,-0.0029999999999999992,-0.00050000000000000001,-4.6417182123047484e-06,-7.5341839103451445e-05,-0.0020440208881096597
2399,0.0010000000000000009,-0.0029999999999999992,-0.00050000000000000001,2.0329262867951535e-05,-8.12941120591643e-05,-0.0020842655213227559
2400,0.0019999999999999983,-0.0029999999999999992,-0.00050000000000000001,4.5144790172415096e-05,-8.1593266008937591e-05,-0.0020585952477046522
2401,0.0029999999999999992,-0.0029999999999999992,-0.00050000000000000001,6.3005784146684756e-05,-7.8467803427258282e-05,-0.0019723933251888453
2402,0.0040000000000000001,-0.0029999999999999992,-0.00050000000000000001,7.1034956961759711e-05,-6.794531605292938e-05,-0.0018233291973714836
2403,0.005000000000000001,-0.0029999999999999992,-0.00050000000000000001,6.772396970295601e-05,-5.0383404629044329e-05,-0.0016198390173090718
2404,0.0060000000000000019,-0.0029999999999999992,-0.00050000000000000001,5.3631211906265554e-05,-3.2921412842664987e-05,-0.0013851174413845211
2405,0.0069999999999999993,-0.0029999999999999992,-0.00050000000000000001,3.5631784171371648e-05,-1.8907356217962625e-05,-0.0011476560281989824
2406,0.0080000000000000002,-0.0029999999999999992,-0.00050000000000000001,1.859544807875098e-05,-9.1587504270432488e-06,-0.00092381812532185041
2407,0.0090000000000000011,-0.0029999999999999992,-0.00050000000000000001,4.5786548643786107e-06,-2.9359593965831432e-06,-0.00072097653635164627
2408,0.0099999999999999985,-0.0029999999999999992,-0.00050000000000000001,-6.0777738090596885e-06,8.2469608725913714e-07,-0.00054024465980706147
2409,0.010999999999999999,-0.0029999999999999992,-0.00050000000000000001,-1.3502418043496405e-05,2.8656715270283681e-06,-0.00038050462361665283
2410,0.012,-0.0029999999999999992,-0.00050000000000000001,-1.7958205903116527e-05,3.6793871650238421e-06,-0.00024003171179103218
2411,0.013000000000000001,-0.0029999999999999992,-0.00050000000000000001,-2.0067333323575971e-05,3.6631705616972476e-06,-0.00011929954725936288
2412,0.014000000000000002,-0.0029999999999999992,-0.00050000000000000001,-9.2894493449367869e-06,1.8531014539020424e-06,-2.5417582939498702e-05
2413,0.015000000000000003,-0.0029999999999999992,-0.00050000000000000001,0,0,0
2414,0.016000000000000004,-0.0029999999999999992,-0.00050000000000000001,0,0,0
2415,0.016999999999999998,-0.0029999999999999992,-0.00050000000000000001,0,0,0
2416,0.017999999999999999,-0.0029999999999999992,-0.00050000000000000001,0,0,0
2417,0.019,-0.0029999999999999992,-0.00050000000000000001,0,0,0
2418,0.02,-0.0029999999999999992,-0.00050000000000000001,0,0,0
2419,-0.02,-0.0019999999999999983,-0.00050000000000000001,0,0,0
2420,-0.019,-0.0019999999999999983,-0.00050000000000000001,0,0,0
2421,-0.018000000000000002,-0.0019999999999999983,-0.00050000000000000001,0,0,0
2422,-0.017000000000000001,-0.0019999999999999983,-0.00050000000000000001,0,0,0
2423,-0.016,-0.0019999999999999983,-0.00050000000000000001,0,0,0
2424,-0.014999999999999999,-0.0019999999999999983,-0.00050000000000000001,0,0,0
2425,-0.014,-0.0019999999999999983,-0.00050000000000000001,8.5489049205584442e-06,1.2045156721525559e-06,-2.039451546299317e-05
2426,-0.013000000000000001,-0.0019999999999999983,-0.00050000000000000001,1.9709864508177028e-05,2.5461169806965705e-06,-9.5644476261431681e-05
2427,-0.012,-0.0019999999999999983,-0.00050000000000000001,2.0023586914935416e-05,3.0144048659989568e-06,-0.00019073493750056022
2428,-0.010999999999999999,-0.0019999999999999983,-0.00050000000000000001,1.9079614825379981e-05,3.2058950796343495e-06,-0.00029843968357751312
2429,-0.01,-0.0019999999999999983,-0.00050000000000000001,1.6909997436996929e-05,3.1528279076581622e-06,-0.00041861454344790477
2430,-0.0090000000000000011,-0.0019999999999999983,-0.00050000000000000001,1.3382241337900759e-05,2.7728782768281472e-06,-0.00055254240211218854
2431,-0.0080000000000000002,-0.0019999999999999983,-0.00050000000000000001,8.7172570748078554e-06,1.9519282870002919e-06,-0.00070151964286215495
2432,-0.0069999999999999993,-0.0019999999999999983,-0.00050000000000000001,2.571418305262392e-06,4.7455771470360242e-07,-0.00086731626663835259
2433,-0.0060000000000000001,-0.0019999999999999983,-0.00050000000000000001,-5.1191134259097097e-06,-1.9298270719098987e-06,-0.0010516327576175247
2434,-0.005000000000000001,-0.0019999999999999983,-0.00050000000000000001,-1.4890019840380323e-05,-5.7714528076077175e-06,-0.0012573416013219323
2435,-0.0040000000000000001,-0.0019999999999999983,-0.00050000000000000001,-2.6965926331285356e-05,-1.2562414613451229e-05,-0.0014862781284940751
2436,-0.0029999999999999992,-0.0019999999999999983,-0.00050000000000000001,-4.1743296424776364e-05,-2.4614438800640051e-05,-0.0017392778649513651
2437,-0.0019999999999999983,-0.0019999999999999983,-0.00050000000000000001,-5.2797922492978113e-05,-4.6911619175733545e-05,-0.0020033779907165056
2438,-0.0010000000000000009,-0.0019999999999999983,-0.00050000000000000001,-5.385653060583378e-05,-8.6618013451097254e-05,-0.0022517975496007224
2439,0,-0.0019999999999999983,-0.00050000000000000001,-1.5476211828069617e-05,-0.00011879059904867982,-0.0024323852307215573
2440,0.0010000000000000009,-0.0019999999999999983,-0.00050000000000000001,4.4861476309054701e-05,-0.00011955014108542621,-0.0024816695867416103
2441,0.0019999999999999983,-0.0019999999999999983,-0.00050000000000000001,9.1330210231156005e-05,-0.00011616512699603403,-0.0024530664881071804
2442,0.0029999999999999992,-0.0019999999999999983,-0.00050000000000000001,0.00012494303972696399,-0.00011537476578906721,-0.0023599949049089037
2443,0.0040000000000000001,-0.0019999999999999983,-0.00050000000000000001,0.00013865306075176961,-0.00010116279433795689,-0.0021664771065729423
2444,0.005000000000000001,-0.0019999999999999983,-0.00050000000000000001,0.00012098169348285922,-6.8018491333966498e-05,-0.0018781489812429964
2445,0.0060000000000000019,-0.0019999999999999983,-0.00050000000000000001,8.750820420627208e-05,-3.8488282939547491e-05,-0.0015676057250912144
2446,0.0069999999999999993,-0.0019999999999999983,-0.00050000000000000001,5.5394669924219328e-05,-2.0241062894107021e-05,-0.0012732174336613717
2447,0.0080000000000000002,-0.0019999999999999983,-0.00050000000000000001,2.8920565051784606e-05,-9.3590976753168361e-06,-0.0010103010515381348
2448,0.0090000000000000011,-0.0019999999999999983,-0.00050000000000000001,9.7649693331734598e-06,-3.3527040268804028e-06,-0.00078132261972585124
2449,0.0099999999999999985,-0.0019999999999999983,-0.00050000000000000001,-3.8800915235024246e-06,5.419771569528164e-08,-0.00058223436725592678
2450,0.010999999999999999,-0.0019999999999999983,-0.00050000000000000001,-1.3004970216909535e-05,1.8063440557686269e-06,-0.00040916039374530068
2451,0.012,-0.0019999999999999983,-0.00050000000000000001,-1.851481220056841e-05,2.5540752604506472e-06,-0.00025829949005953508
2452,0.013000000000000001,-0.0019999999999999983,-0.00050000000000000001,-2.1425698435123354e-05,2.5965533872562764e-06,-0.00012882024731948404
2453,0.014000000000000002,-0.0019999999999999983,-0.00050000000000000001,-1.0075673496634901e-05,1.3347278391616348e-06,-2.7539351701405583e-05
2454,0.015000000000000003,-0.0019999999999999983,-0.00050000000000000001,0,0,0
2455,0.016000000000000004,-0.0019999999999999983,-0.00050000000000000001,0,0,0
2456,0.016999999999999998,-0.0019999999999999983,-0.00050000000000000001,0,0,0
2457,0.017999999999999999,-0.0019999999999999983,-0.00050000000000000001,0,0,0
2458,0.019,-0.0019999999999999983,-0.00050000000000000001,0,0,0
2459,0.02,-0.0019999999999999983,-0.00050000000000000001,0,0,0
2460,-0.02,-0.0010000000000000009,-0.00050000000000000001,0,0,0
2461,-0.019,-0.0010000000000000009,-0.00050000000000000001,0,0,0
2462,-0.018000000000000002,-0.0010000000000000009,-0.00050000000000000001,0,0,0
2463,-0.017000000000000001,-0.0010000000000000009,-0.00050000000000000001,0,0,0
2464,-0.016,-0.0010000000000000009,-0.00050000000000000001,0,0,0
2465,-0.014999999999999999,-0.0010000000000000009,-0.00050000000000000001,0,0,0
2466,-0.014,-0.0010000000000000009,-0.00050000000000000001,8.9050007439667239e-06,6.2691729697423055e-07,-2.1302425018303806e-05
2467,-0.013000000000000001,-0.0010000000000000009,-0.00050000000000000001,2.0438214641456633e-05,1.3190828089947283e-06,-9.9540270027136866e-05
2468,-0.012,-0.0010000000000000009,-0.00050000000000000001,2.0593341916769563e-05,1.5562393979884336e-06,-0.00019794187177398732
2469,-0.010999999999999999,-0.0010000000000000009,-0.00050000000000000001,1.9463968612171437e-05,1.6388617609690831e-06,-0.00030915954443696539
2470,-0.01,-0.0010000000000000009,-0.00050000000000000001,1.7087311998017385e-05,1.5907151761305986e-06,-0.00043336667782204721
2471,-0.0090000000000000011,-0.0010000000000000009,-0.00050000000000000001,1.3267270496452813e-05,1.3761173919516594e-06,-0.00057216598003651821
2472,-0.0080000000000000002,-0.0010000000000000009,-0.00050000000000000001,8.2476087520511168e-06,9.115699615740487e-07,-0.00072731547489747353
2473,-0.0069999999999999993,-0.0010000000000000009,-0.00050000000000000001,1.5511919418373009e-06,9.433382350016419e-08,-0.00090106729306158333
2474,-0.0060000000000000001,-0.0010000000000000009,-0.00050000000000000001,-7.1684782312851642e-06,-1.2718859778704069e-06,-0.001096602056286743
2475,-0.005000000000000001,-0.0010000000000000009,-0.00050000000000000001,-1.8567161335191558e-05,-3.589729843388842e-06,-0.0013183231488362234
2476,-0.0040000000000000001,-0.0010000000000000009,-0.00050000000000000001,-3.5285375119170811e-05,-7.881132451027996e-06,-0.0015742172705056833
2477,-0.0029999999999999992,-0.0010000000000000009,-0.00050000000000000001,-5.7739383940768898e-05,-1.6757423301414959e-05,-0.0018719889191393213
2478,-0.0019999999999999983,-0.0010000000000000009,-0.00050000000000000001,-9.3262739437036547e-05,-4.2633902607788739e-05,-0.0022127316012060952
2479,-0.0010000000000000009,-0.0010000000000000009,-0.00050000000000000001,-9.9915378130658493e-05,-7.9304492309599335e-05,-0.00257781093385197
2480,0,-0.0010000000000000009,-0.00050000000000000001,-3.6746211366612374e-05,-9.7056502075132663e-05,-0.0028313292366376475
2481,0.0010000000000000009,-0.0010000000000000009,-0.00050000000000000001,5.8052593825013141e-05,-0.00010090827830276511,-0.0028561890706426973
2482,0.0019999999999999983,-0.0010000000000000009,-0.00050000000000000001,0.00014089875302684794,-0.00010707235374048174,-0.0028485710031673924
2483,0.0029999999999999992,-0.0010000000000000009,-0.00050000000000000001,0.00020365388884641627,-0.00010675478569353675,-0.0027528282221045215
2484,0.0040000000000000001,-0.0010000000000000009,-0.00050000000000000001,0.00023529409405568302,-9.7345749050217913e-05,-0.0025231925553317004
2485,0.005000000000000001,-0.0010000000000000009,-0.00050000000000000001,0.00019960047064049571,-6.3100154253417686e-05,-0.0021216982079950335
2486,0.0060000000000000019,-0.0010000000000000009,-0.00050000000000000001,0.0001252596994858448,-3.0139598484286578e-05,-0.0017101788405421473
2487,0.0069999999999999993,-0.0010000000000000009,-0.00050000000000000001,7.2672801793271193e-05,-1.3821518039506446e-05,-0.0013619572010522714
2488,0.0080000000000000002,-0.0010000000000000009,-0.00050000000000000001,3.7156443986462268e-05,-6.0948394214299245e-06,-0.0010687703419288471
2489,0.0090000000000000011,-0.0010000000000000009,-0.00050000000000000001,1.3627819701920906e-05,-2.178108051889992e-06,-0.00082081840849340313
2490,0.0099999999999999985,-0.0010000000000000009,-0.00050000000000000001,-2.2801733380965392e-06,-1.6901697494629398e-07,-0.00060925413125301349
2491,0.010999999999999999,-0.0010000000000000009,-0.00050000000000000001,-1.2613940909544296e-05,8.6971182451201418e-07,-0.00042736975831453636
2492,0.012,-0.0010000000000000009,-0.00050000000000000001,-1.8833625176598933e-05,1.3067463029406118e-06,-0.00026986382961212679
2493,0.013000000000000001,-0.0010000000000000009,-0.00050000000000000001,-2.2275827071650386e-05,1.3467033616833482e-06,-0.00013486422274597328
2494,0.014000000000000002,-0.0010000000000000009,-0.00050000000000000001,-1.0580623330284217e-05,6.9848941271501216e-07,-2.8888051110870302e-05
2495,0.015000000000000003,-0.0010000000000000009,-0.00050000000000000001,0,0,0
2496,0.016000000000000004,-0.0010000000000000009,-0.00050000000000000001,0,0,0
2497,0.016999999999999998,-0.0010000000000000009,-0.00050000000000000001,0,0,0
2498,0.017999999999999999,-0.0010000000000000009,-0.00050000000000000001,0,0,0
2499,0.019,-0.0010000000000000009,-0.00050000000000000001,0,0,0
2500,0.02,-0.0010000000000000009,-0.00050000000000000001,0,0,0
2501,-0.02,0,-0.00050000000000000001,0,0,0
2502,-0.019,0,-0.00050000000000000001,0,0,0
2503,-0.018000000000000002,0,-0.00050000000000000001,0,0,0
2504,-0.017000000000000001,0,-0.00050000000000000001,0,0,0
2505,-0.016,0,-0.00050000000000000001,0,0,0
2506,-0.014999999999999999,0,-0.00050000000000000001,0,0,0
2507,-0.014,0,-0.00050000000000000001,9.0248933944100293e-06,8.7476390313123997e-21,-2.1611555838139313e-05
2508,-0.013000000000000001,0,-0.00050000000000000001,2.0687498943321375e-05,-1.0168337687980668e-20,-0.00010086331894376873
2509,-0.012,0,-0.00050000000000000001,2.0783710616304448e-05,-8.2301986615062365e-21,-0.00020038627980949544
2510,-0.010999999999999999,0,-0.00050000000000000001,1.9596568558011062e-05,-1.3334584252818597e-20,-0.0003127977308775916
2511,-0.01,0,-0.00050000000000000001,1.7139238244415701e-05,-7.4562350696995384e-21,-0.00043837667320227635
2512,-0.0090000000000000011,0,-0.00050000000000000001,1.3229699786345986e-05,1.8038507248648979e-20,-0.00057885961795304641
2513,-0.0080000000000000002,0,-0.00050000000000000001,8.0740764915943519e-06,-4.2606728879689295e-20,-0.00073610567131631615
2514,-0.0069999999999999993,0,-0.00050000000000000001,1.1662106458031324e-06,5.9608783265024342e-21,-0.00091272575334479245
2515,-0.0060000000000000001,0,-0.00050000000000000001,-7.8183635447616472e-06,9.9791242921277797e-21,-0.0011120258320496813
2516,-0.005000000000000001,0,-0.00050000000000000001,-2.028970542356593e-05,1.4647317098794625e-20,-0.0013400432934495439
2517,-0.0040000000000000001,0,-0.00050000000000000001,-3.7612485530799273e-05,-9.2488108794227368e-20,-0.0016051042269824795
2518,-0.0029999999999999992,0,-0.00050000000000000001,-6.7682545299747055e-05,1.5997953843578475e-20,-0.0019229227342624066
2519,-0.0019999999999999983,0,-0.00050000000000000001,-0.00011849564765608086,-3.1468765839940085e-19,-0.0023147162490436721
2520,-0.0010000000000000009,0,-0.00050000000000000001,-0.0001183849931233753,-6.2214629860359146e-20,-0.0027473449531277682
2521,0,0,-0.00050000000000000001,-4.4431211903535628e-05,-2.5505268077700422e-19,-0.0029790229357020757
2522,0.0010000000000000009,0,-0.00050000000000000001,4.9354448318926771e-05,-3.3298312950672107e-19,-0.003036219624109254
2523,0.0019999999999999983,0,-0.00050000000000000001,0.00015883994204460357,-9.1988628637869091e-20,-0.0030101716980767998
2524,0.0029999999999999992,0,-0.00050000000000000001,0.0002378701470602376,5.7098872191782365e-19,-0.0029197040555769068
2525,0.0040000000000000001,0,-0.00050000000000000001,0.0002834198218952375,3.2759323319295128e-20,-0.0026727745697397009
2526,0.005000000000000001,0,-0.00050000000000000001,0.00024199848104952546,2.2585362060853421e-19,-0.0022371035536705676
2527,0.0060000000000000019,0,-0.00050000000000000001,0.00014699777470684406,-1.1228828641570755e-19,-0.0017695482228708382
2528,0.0069999999999999993,0,-0.00050000000000000001,7.8707964676086575e-05,-1.391510633196242e-20,-0.0013942655928720852
2529,0.0080000000000000002,0,-0.00050000000000000001,4.0491805189615669e-05,-8.5636483303663544e-20,-0.0010896928647927912
2530,0.0090000000000000011,0,-0.00050000000000000001,1.4973105115945891e-05,-4.1825352256431868e-21,-0.00083453473297314415
2531,0.0099999999999999985,0,-0.00050000000000000001,-1.6594138941515856e-06,-3.6452311692903707e-20,-0.00061861350098525898
2532,0.010999999999999999,0,-0.00050000000000000001,-1.2485890641061236e-05,-1.5790836179059965e-20,-0.00043360926781069544
2533,0.012,0,-0.00050000000000000001,-1.8926733595654829e-05,-2.7101750118458676e-20,-0.00027382555366008675
2534,0.013000000000000001,0,-0.00050000000000000001,-2.2571610792690891e-05,-1.47812198210504e-20,-0.00013693681202124841
2535,0.014000000000000002,0,-0.00050000000000000001,-1.0752017027164568e-05,6.5089002398634253e-21,-2.9351864637699072e-05
2536,0.015000000000000003,0,-0.00050000000000000001,0,0,0
2537,0.016000000000000004,0,-0.00050000000000000001,0,0,0
2538,0.016999999999999998,0,-0.00050000000000000001,0,0,0
2539,0.017999999999999999,0,-0.00050000000000000001,0,0,0
2540,0.019,0,-0.00050000000000000001,0,0,0
2541,0.02,0,-0.00050000000000000001,0,0,0
2542,-0.02,0.0010000000000000009,-0.00050000000000000001,0,0,0
2543,-0.019,0.0010000000000000009,-0.00050000000000000001,0,0,0
2544,-0.018000000000000002,0.0010000000000000009,-0.00050000000000000001,0,0,0
2545,-0.017000000000000001,0.0010000000000000009,-0.00050000000000000001,0,0,0
2546,-0.016,0.0010000000000000009,-0.00050000000000000001,0,0,0
2547,-0.014999999999999999,0.0010000000000000009,-0.00050000000000000001,0,0,0
2548,-0.014,0.0010000000000000009,-0.00050000000000000001,8.9050007439667358e-06,-6.2691729697421912e-07,-2.1302425018303799e-05
2549,-0.013000000000000001,0.0010000000000000009,-0.00050000000000000001,2.043821464145665e-05,-1.3190828089947323e-06,-9.954027002713688e-05
2550,-0.012,0.0010000000000000009,-0.00050000000000000001,2.0593341916769587e-05,-1.5562393979884607e-06,-0.00019794187177398734
2551,-0.010999999999999999,0.0010000000000000009,-0.00050000000000000001,1.9463968612171441e-05,-1.6388617609690894e-06,-0.00030915954443696544
2552,-0.01,0.0010000000000000009,-0.00050000000000000001,1.7087311998017388e-05,-1.5907151761306007e-06,-0.00043336667782204716
2553,-0.0090000000000000011,0.0010000000000000009,-0.00050000000000000001,1.3267270496452846e-05,-1.3761173919516429e-06,-0.00057216598003651821
2554,-0.0080000000000000002,0.0010000000000000009,-0.00050000000000000001,8.2476087520510913e-06,-9.115699615740072e-07,-0.00072731547489747364
2555,-0.0069999999999999993,0.0010000000000000009,-0.00050000000000000001,1.5511919418373263e-06,-9.4333823500150267e-08,-0.00090106729306158322
2556,-0.0060000000000000001,0.0010000000000000009,-0.00050000000000000001,-7.1684782312850304e-06,1.2718859778703375e-06,-0.001096602056286743
2557,-0.005000000000000001,0.0010000000000000009,-0.00050000000000000001,-1.8567161335191507e-05,3.5897298433887577e-06,-0.0013183231488362232
2558,-0.0040000000000000001,0.0010000000000000009,-0.00050000000000000001,-3.528537511917092e-05,7.881132451027996e-06,-0.0015742172705056833
2559,-0.0029999999999999992,0.0010000000000000009,-0.00050000000000000001,-5.7739383940768837e-05,1.6757423301414746e-05,-0.0018719889191393211
2560,-0.0019999999999999983,0.0010000000000000009,-0.00050000000000000001,-9.3262739437036628e-05,4.2633902607788644e-05,-0.0022127316012060948
2561,-0.0010000000000000009,0.0010000000000000009,-0.00050000000000000001,-9.9915378130658615e-05,7.93044923095992e-05,-0.0025778109338519704
2562,0,0.0010000000000000009,-0.00050000000000000001,-3.6746211366612537e-05,9.7056502075132406e-05,-0.0028313292366376479
2563,0.0010000000000000009,0.0010000000000000009,-0.00050000000000000001,5.8052593825013263e-05,0.00010090827830276505,-0.0028561890706426969
2564,0.0019999999999999983,0.0010000000000000009,-0.00050000000000000001,0.00014089875302684816,0.00010707235374048182,-0.0028485710031673924
2565,0.0029999999999999992,0.0010000000000000009,-0.00050000000000000001,0.00020365388884641637,0.00010675478569353718,-0.002752828222104522
2566,0.0040000000000000001,0.0010000000000000009,-0.00050000000000000001,0.00023529409405568304,9.7345749050217913e-05,-0.0025231925553317004
2567,0.005000000000000001,0.0010000000000000009,-0.00050000000000000001,0.00019960047064049562,6.3100154253417726e-05,-0.0021216982079950322
2568,0.0060000000000000019,0.0010000000000000009,-0.00050000000000000001,0.00012525969948584467,3.0139598484286496e-05,-0.0017101788405421467
2569,0.0069999999999999993,0.0010000000000000009,-0.00050000000000000001,7.2672801793271084e-05,1.3821518039506241e-05,-0.0013619572010522712
2570,0.0080000000000000002,0.0010000000000000009,-0.00050000000000000001,3.7156443986462268e-05,6.0948394214299025e-06,-0.0010687703419288471
2571,0.0090000000000000011,0.0010000000000000009,-0.00050000000000000001,1.3627819701920944e-05,2.1781080518899034e-06,-0.00082081840849340313
2572,0.0099999999999999985,0.0010000000000000009,-0.00050000000000000001,-2.2801733380965264e-06,1.6901697494623289e-07,-0.00060925413125301339
2573,0.010999999999999999,0.0010000000000000009,-0.00050000000000000001,-1.2613940909544303e-05,-8.6971182451202752e-07,-0.00042736975831453631
2574,0.012,0.0010000000000000009,-0.00050000000000000001,-1.8833625176598953e-05,-1.3067463029406745e-06,-0.00026986382961212679
2575,0.013000000000000001,0.0010000000000000009,-0.00050000000000000001,-2.22758270716504e-05,-1.3467033616833766e-06,-0.00013486422274597328
2576,0.014000000000000002,0.0010000000000000009,-0.00050000000000000001,-1.0580623330284217e-05,-6.9848941271500443e-07,-2.8888051110870316e-05
2577,0.015000000000000003,0.0010000000000000009,-0.00050000000000000001,0,0,0
2578,0.016000000000000004,0.0010000000000000009,-0.00050000000000000001,0,0,0
2579,0.016999999999999998,0.0010000000000000009,-0.00050000000000000001,0,0,0
2580,0.017999999999999999,0.0010000000000000009,-0.00050000000000000001,0,0,0
2581,0.019,0.0010000000000000009,-0.00050000000000000001,0,0,0
2582,0.02,0.0010000000000000009,-0.00050000000000000001,0,0,0
2583,-0.02,0.0019999999999999983,-0.00050000000000000001,0,0,0
2584,-0.019,0.0019999999999999983,-0.00050000000000000001,0,0,0
2585,-0.018000000000000002,0.0019999999999999983,-0.00050000000000000001,0,0,0
2586,-0.017000000000000001,0.0019999999999999983,-0.00050000000000000001,0,0,0
2587,-0.016,0.0019999999999999983,-0.00050000000000000001,0,0,0
2588,-0.014999999999999999,0.0019999999999999983,-0.00050000000000000001,0,0,0
2589,-0.014,0.0019999999999999983,-0.00050000000000000001,8.5489049205584391e-06,-1.2045156721525392e-06,-2.039451546299317e-05
2590,-0.013000000000000001,0.0019999999999999983,-0.00050000000000000001,1.9709864508177041e-05,-2.5461169806965857e-06,-9.5644476261431681e-05
2591,-0.012,0.0019999999999999983,-0.00050000000000000001,2.0023586914935443e-05,-3.0144048659989721e-06,-0.00019073493750056022
2592,-0.010999999999999999,0.0019999999999999983,-0.00050000000000000001,1.9079614825380008e-05,-3.2058950796343655e-06,-0.00029843968357751312
2593,-0.01,0.0019999999999999983,-0.00050000000000000001,1.690999743699696e-05,-3.1528279076581669e-06,-0.00041861454344790483
2594,-0.0090000000000000011,0.0019999999999999983,-0.00050000000000000001,1.3382241337900803e-05,-2.7728782768281277e-06,-0.00055254240211218854
2595,-0.0080000000000000002,0.0019999999999999983,-0.00050000000000000001,8.7172570748079029e-06,-1.9519282870002758e-06,-0.00070151964286215495
2596,-0.0069999999999999993,0.0019999999999999983,-0.00050000000000000001,2.5714183052623984e-06,-4.7455771470358146e-07,-0.00086731626663835259
2597,-0.0060000000000000001,0.0019999999999999983,-0.00050000000000000001,-5.1191134259096657e-06,1.929827071909883e-06,-0.0010516327576175245
2598,-0.005000000000000001,0.0019999999999999983,-0.00050000000000000001,-1.4890019840380212e-05,5.771452807607576e-06,-0.0012573416013219321
2599,-0.0040000000000000001,0.0019999999999999983,-0.00050000000000000001,-2.6965926331285489e-05,1.2562414613451135e-05,-0.0014862781284940754
2600,-0.0029999999999999992,0.0019999999999999983,-0.00050000000000000001,-4.1743296424776398e-05,2.4614438800640082e-05,-0.0017392778649513653
2601,-0.0019999999999999983,0.0019999999999999983,-0.00050000000000000001,-5.2797922492977964e-05,4.6911619175733314e-05,-0.0020033779907165056
2602,-0.0010000000000000009,0.0019999999999999983,-0.00050000000000000001,-5.3856530605833787e-05,8.6618013451097064e-05,-0.0022517975496007233
2603,0,0.0019999999999999983,-0.00050000000000000001,-1.5476211828069644e-05,0.00011879059904867974,-0.0024323852307215582
2604,0.0010000000000000009,0.0019999999999999983,-0.00050000000000000001,4.4861476309054586e-05,0.00011955014108542575,-0.0024816695867416103
2605,0.0019999999999999983,0.0019999999999999983,-0.00050000000000000001,9.1330210231156087e-05,0.00011616512699603356,-0.0024530664881071804
2606,0.0029999999999999992,0.0019999999999999983,-0.00050000000000000001,0.00012494303972696399,0.00011537476578906753,-0.0023599949049089046
2607,0.0040000000000000001,0.0019999999999999983,-0.00050000000000000001,0.00013865306075176931,0.0001011627943379567,-0.0021664771065729423
2608,0.005000000000000001,0.0019999999999999983,-0.00050000000000000001,0.00012098169348285901,6.8018491333966553e-05,-0.0018781489812429953
2609,0.0060000000000000019,0.0019999999999999983,-0.00050000000000000001,8.7508204206272053e-05,3.8488282939547498e-05,-0.0015676057250912142
2610,0.0069999999999999993,0.0019999999999999983,-0.00050000000000000001,5.5394669924219281e-05,2.024106289410693e-05,-0.0012732174336613717
2611,0.0080000000000000002,0.0019999999999999983,-0.00050000000000000001,2.8920565051784626e-05,9.3590976753166785e-06,-0.0010103010515381346
2612,0.0090000000000000011,0.0019999999999999983,-0.00050000000000000001,9.7649693331734479e-06,3.3527040268804074e-06,-0.00078132261972585102
2613,0.0099999999999999985,0.0019999999999999983,-0.00050000000000000001,-3.8800915235024195e-06,-5.4197715695351996e-08,-0.00058223436725592667
2614,0.010999999999999999,0.0019999999999999983,-0.00050000000000000001,-1.3004970216909542e-05,-1.8063440557686254e-06,-0.00040916039374530057
2615,0.012,0.0019999999999999983,-0.00050000000000000001,-1.8514812200568434e-05,-2.5540752604506841e-06,-0.00025829949005953503
2616,0.013000000000000001,0.0019999999999999983,-0.00050000000000000001,-2.1425698435123358e-05,-2.5965533872563103e-06,-0.00012882024731948401
2617,0.014000000000000002,0.0019999999999999983,-0.00050000000000000001,-1.0075673496634901e-05,-1.334727839161638e-06,-2.7539351701405604e-05
2618,0.015000000000000003,0.0019999999999999983,-0.00050000000000000001,0,0,0
2619,0.016000000000000004,0.0019999999999999983,-0.00050000000000000001,0,0,0
2620,0.016999999999999998,0.0019999999999999983,-0.00050000000000000001,0,0,0
2621,0.017999999999999999,0.0019999999999999983,-0.00050000000000000001,0,0,0
2622,0.019,0.0019999999999999983,-0.00050000000000000001,0,0,0
2623,0.02,0.0019999999999999983,-0.00050000000000000001,0,0,0
2624,-0.02,0.0029999999999999992,-0.00050000000000000001,0,0,0
2625,-0.019,0.0029999999999999992,-0.00050000000000000001,0,0,0
2626,-0.018000000000000002,0.0029999999999999992,-0.00050000000000000001,0,0,0
2627,-0.017000000000000001,0.0029999999999999992,-0.00050000000000000001,0,0,0
2628,-0.016,0.0029999999999999992,-0.00050000000000000001,0,0,0
2629,-0.014999999999999999,0.0029999999999999992,-0.00050000000000000001,0,0,0
2630,-0.014,0.0029999999999999992,-0.00050000000000000001,7.9776126235012277e-06,-1.6864675008603442e-06,-1.8942685938550056e-05
2631,-0.013000000000000001,0.0029999999999999992,-0.00050000000000000001,1.8539894866565366e-05,-3.5977877051115325e-06,-8.9386962295481649e-05
2632,-0.012,0.0029999999999999992,-0.00050000000000000001,1.9101224607422155e-05,-4.2878580349709997e-06,-0.00017913855305860333
2633,-0.010999999999999999,0.0029999999999999992,-0.00050000000000000001,1.8444329298800503e-05,-4.6392503694828635e-06,-0.00028119357799877054
2634,-0.01,0.0029999999999999992,-0.00050000000000000001,1.6602579057969998e-05,-4.6414615064186218e-06,-0.0003949575348497304
2635,-0.0090000000000000011,0.0029999999999999992,-0.00050000000000000001,1.3510277327345876e-05,-4.208637813269501e-06,-0.00052119135347563077
2636,-0.0080000000000000002,0.0029999999999999992,-0.00050000000000000001,9.3722197337453434e-06,-3.1899873977707626e-06,-0.00066063371691402466
2637,-0.0069999999999999993,0.0029999999999999992,-0.00050000000000000001,4.057483599595316e-06,-1.3380134869635933e-06,-0.00081419102439500676
2638,-0.0060000000000000001,0.0029999999999999992,-0.00050000000000000001,-2.355110640042251e-06,1.5030119453353798e-06,-0.00098220022172695464
2639,-0.005000000000000001,0.0029999999999999992,-0.00050000000000000001,-9.9318758870457796e-06,6.0896814195421663e-06,-0.0011648094283534119
2640,-0.0040000000000000001,0.0029999999999999992,-0.00050000000000000001,-1.7863520087523549e-05,1.2624551248075247e-05,-0.0013601170608565519
2641,-0.0029999999999999992,0.0029999999999999992,-0.00050000000000000001,-2.5763774436981595e-05,2.4067277860173599e-05,-0.0015633862231449126
2642,-0.0019999999999999983,0.0029999999999999992,-0.00050000000000000001,-2.8688739886045603e-05,4.0261944717459121e-05,-0.0017612431237346538
2643,-0.0010000000000000009,0.0029999999999999992,-0.00050000000000000001,-2.2476261531291296e-05,5.8240566673531414e-05,-0.0019305990538246124
2644,0,0.0029999999999999992,-0.00050000000000000001,-4.6417182123045206e-06,7.5341839103451242e-05,-0.0020440208881096602
2645,0.0010000000000000009,0.0029999999999999992,-0.00050000000000000001,2.0329262867951488e-05,8.129411205916426e-05,-0.0020842655213227559
2646,0.0019999999999999983,0.0029999999999999992,-0.00050000000000000001,4.5144790172414967e-05,8.1593266008937415e-05,-0.0020585952477046527
2647,0.0029999999999999992,0.0029999999999999992,-0.00050000000000000001,6.3005784146684743e-05,7.8467803427258417e-05,-0.0019723933251888453
2648,0.0040000000000000001,0.0029999999999999992,-0.00050000000000000001,7.1034956961759697e-05,6.7945316052929366e-05,-0.0018233291973714836
2649,0.005000000000000001,0.0029999999999999992,-0.00050000000000000001,6.7723969702955915e-05,5.0383404629044363e-05,-0.0016198390173090714
2650,0.0060000000000000019,0.0029999999999999992,-0.00050000000000000001,5.3631211906265486e-05,3.2921412842665068e-05,-0.0013851174413845207
2651,0.0069999999999999993,0.0029999999999999992,-0.00050000000000000001,3.5631784171371553e-05,1.8907356217962537e-05,-0.0011476560281989821
2652,0.0080000000000000002,0.0029999999999999992,-0.00050000000000000001,1.8595448078750899e-05,9.1587504270431658e-06,-0.0009238181253218502
2653,0.0090000000000000011,0.0029999999999999992,-0.00050000000000000001,4.5786548643785937e-06,2.935959396583128e-06,-0.00072097653635164627
2654,0.0099999999999999985,0.0029999999999999992,-0.00050000000000000001,-6.0777738090596936e-06,-8.2469608725918754e-07,-0.00054024465980706147
2655,0.010999999999999999,0.0029999999999999992,-0.00050000000000000001,-1.3502418043496396e-05,-2.8656715270283486e-06,-0.00038050462361665277
2656,0.012,0.0029999999999999992,-0.00050000000000000001,-1.7958205903116548e-05,-3.6793871650238793e-06,-0.00024003171179103218
2657,0.013000000000000001,0.0029999999999999992,-0.00050000000000000001,-2.0067333323575988e-05,-3.6631705616972633e-06,-0.00011929954725936288
2658,0.014000000000000002,0.0029999999999999992,-0.00050000000000000001,-9.2894493449367869e-06,-1.8531014539020428e-06,-2.5417582939498709e-05
2659,0.015000000000000003,0.0029999999999999992,-0.00050000000000000001,0,0,0
2660,0.016000000000000004,0.0029999999999999992,-0.00050000000000000001,0,0,0
2661,0.016999999999999998,0.0029999999999999992,-0.00050000000000000001,0,0,0
2662,0.017999999999999999,0.0029999999999999992,-0.00050000000000000001,0,0,0
2663,0.019,0.0029999999999999992,-0.00050000000000000001,0,0,0
2664,0.02,0.0029999999999999992,-0.00050000000000000001,0,0,0
2665,-0.02,0.0040000000000000001,-0.00050000000000000001,0,0,0
2666,-0.019,0.0040000000000000001,-0.00050000000000000001,0,0,0
2667,-0.018000000000000002,0.0040000000000000001,-0.00050000000000000001,0,0,0
2668,-0.017000000000000001,0.0040000000000000001,-0.00050000000000000001,0,0,0
2669,-0.016,0.0040000000000000001,-0.00050000000000000001,0,0,0
2670,-0.014999999999999999,0.0040000000000000001,-0.00050000000000000001,0,0,0
2671,-0.014,0.0040000000000000001,-0.00050000000000000001,7.2187561415519507e-06,-2.0341390249464528e-06,-1.7031603608940357e-05
2672,-0.013000000000000001,0.0040000000000000001,-0.00050000000000000001,1.6992928954413738e-05,-4.4038033373831755e-06,-8.1095696434168766e-05
2673,-0.012,0.0040000000000000001,-0.00050000000000000001,1.7860351500483862e-05,-5.316435262737309e-06,-0.00016373996787606333
2674,-0.010999999999999999,0.0040000000000000001,-0.00050000000000000001,1.757003311571002e-05,-5.8773710307292903e-06,-0.00025829814870095786
2675,-0.01,0.0040000000000000001,-0.00050000000000000001,1.6145024310773628e-05,-6.0164231265886108e-06,-0.00036366522490492319
2676,-0.0090000000000000011,0.0040000000000000001,-0.00050000000000000001,1.3569826597860357e-05,-5.6540647027140359e-06,-0.00047998067726228566
2677,-0.0080000000000000002,0.0040000000000000001,-0.00050000000000000001,1.0088867822797634e-05,-4.6290944036753245e-06,-0.00060738933970923823
2678,-0.0069999999999999993,0.0040000000000000001,-0.00050000000000000001,5.6825772439903452e-06,-2.8014257577867239e-06,-0.00074586602452564018
2679,-0.0060000000000000001,0.0040000000000000001,-0.00050000000000000001,4.9876142014504731e-07,1.1988931539474589e-07,-0.00089468805897134564
2680,-0.005000000000000001,0.0040000000000000001,-0.00050000000000000001,-5.0125024094814641e-06,4.1925557273277267e-06,-0.0010518474703501049
2681,-0.0040000000000000001,0.0040000000000000001,-0.00050000000000000001,-1.0463137347583971e-05,1.0113497212669459e-05,-0.001213876566028159
2682,-0.0029999999999999992,0.0040000000000000001,-0.00050000000000000001,-1.4069146041538055e-05,1.7972446840585773e-05,-0.0013738771151169543
2683,-0.0019999999999999983,0.0040000000000000001,-0.00050000000000000001,-1.5217993165104407e-05,2.8158915241272429e-05,-0.0015204131413252935
2684,-0.0010000000000000009,0.0040000000000000001,-0.00050000000000000001,-1.1067420310992598e-05,3.8757738810819037e-05,-0.0016386722054615415
2685,0,0.0040000000000000001,-0.00050000000000000001,-1.8675231969733395e-06,4.5630474942919257e-05,-0.0017140463087640672
2686,0.0010000000000000009,0.0040000000000000001,-0.00050000000000000001,1.0318374839312328e-05,4.9967086897166327e-05,-0.001741496890868637
2687,0.0019999999999999983,0.0040000000000000001,-0.00050000000000000001,2.2386190852580354e-05,5.0089727015544054e-05,-0.001717371763954822
2688,0.0029999999999999992,0.0040000000000000001,-0.00050000000000000001,3.1576729086812717e-05,4.7631711807274275e-05,-0.0016449940060979636
2689,0.0040000000000000001,0.0040000000000000001,-0.00050000000000000001,3.6230331044086197e-05,4.2393408431011091e-05,-0.0015281201462690709
2690,0.005000000000000001,0.0040000000000000001,-0.00050000000000000001,3.5186741348025704e-05,3.3777699089868892e-05,-0.0013736485891320462
2691,0.0060000000000000019,0.0040000000000000001,-0.00050000000000000001,2.892360017548349e-05,2.3176261908726335e-05,-0.0011944709029278026
2692,0.0069999999999999993,0.0040000000000000001,-0.00050000000000000001,1.9318519385938707e-05,1.3740295563464247e-05,-0.0010057179851625717
2693,0.0080000000000000002,0.0040000000000000001,-0.00050000000000000001,8.8374277139907697e-06,6.3885520052916872e-06,-0.00082039879906505161
2694,0.0090000000000000011,0.0040000000000000001,-0.00050000000000000001,-6.1361994966899042e-07,1.2251672593082396e-06,-0.00064631451497665425
2695,0.0099999999999999985,0.0040000000000000001,-0.00050000000000000001,-8.3536045201849152e-06,-2.1428814940335796e-06,-0.00048702273826541184
2696,0.010999999999999999,0.0040000000000000001,-0.00050000000000000001,-1.3911758306421002e-05,-3.9922932491869311e-06,-0.00034368216450287567
2697,0.012,0.0040000000000000001,-0.00050000000000000001,-1.7124861586085158e-05,-4.6507765945089228e-06,-0.00021641913376262096
2698,0.013000000000000001,0.0040000000000000001,-0.00050000000000000001,-1.8296039496497146e-05,-4.4689791097677992e-06,-0.00010700534707992702
2699,0.014000000000000002,0.0040000000000000001,-0.00050000000000000001,-8.2748026288311695e-06,-2.2113013614447335e-06,-2.2686670967610404e-05
2700,0.015000000000000003,0.0040000000000000001,-0.00050000000000000001,0,0,0
2701,0.016000000000000004,0.0040000000000000001,-0.00050000000000000001,0,0,0
2702,0.016999999999999998,0.0040000000000000001,-0.00050000000000000001,0,0,0
2703,0.017999999999999999,0.0040000000000000001,-0.00050000000000000001,0,0,0
2704,0.019,0.0040000000000000001,-0.00050000000000000001,0,0,0
2705,0.02,0.0040000000000000001,-0.00050000000000000001,0,0,0
2706,-0.02,0.005000000000000001,-0.00050000000000000001,0,0,0
2707,-0.019,0.005000000000000001,-0.00050000000000000001,0,0,0
2708,-0.018000000000000002,0.005000000000000001,-0.00050000000000000001,0,0,0
2709,-0.017000000000000001,0.005000000000000001,-0.00050000000000000001,0,0,0
2710,-0.016,0.005000000000000001,-0.00050000000000000001,0,0,0
2711,-0.014999999999999999,0.005000000000000001,-0.00050000000000000001,0,0,0
2712,-0.014,0.005000000000000001,-0.00050000000000000001,6.3158020599222144e-06,-2.2183039548222172e-06,-1.4771010270223555e-05
2713,-0.013000000000000001,0.005000000000000001,-0.00050000000000000001,1.5149396604614035e-05,-4.9170805339670392e-06,-7.1194632438137704e-05
2714,-0.012,0.005000000000000001,-0.00050000000000000001,1.6347110552322553e-05,-6.0595435488147493e-06,-0.00014529860442089504
2715,-0.010999999999999999,0.005000000000000001,-0.00050000000000000001,1.6472267034678313e-05,-6.8743728254659873e-06,-0.00023087130245473265
2716,-0.01,0.005000000000000001,-0.00050000000000000001,1.5502622945313296e-05,-7.2241751524804776e-06,-0.00032631542752835396
2717,-0.0090000000000000011,0.005000000000000001,-0.00050000000000000001,1.3499408791004354e-05,-7.0490017868433425e-06,-0.00043117633847219604
2718,-0.0080000000000000002,0.005000000000000001,-0.00050000000000000001,1.0721671405541594e-05,-6.2441633795091673e-06,-0.00054497659389267968
2719,-0.0069999999999999993,0.005000000000000001,-0.00050000000000000001,7.1738867919470007e-06,-4.654165483334753e-06,-0.00066705715840632645
2720,-0.0060000000000000001,0.005000000000000001,-0.00050000000000000001,3.1470613664223261e-06,-2.2169050106805644e-06,-0.00079580103760073357
2721,-0.005000000000000001,0.005000000000000001,-0.00050000000000000001,-1.1025292600530999e-06,1.2273808810384404e-06,-0.00092852064617668134
2722,-0.0040000000000000001,0.005000000000000001,-0.00050000000000000001,-4.7385411995871002e-06,5.5741910814730883e-06,-0.0010607890146969263
2723,-0.0029999999999999992,0.005000000000000001,-0.00050000000000000001,-7.3204224095646471e-06,1.1240328417285289e-05,-0.0011865033669623713
2724,-0.0019999999999999983,0.005000000000000001,-0.00050000000000000001,-7.6622895636644116e-06,1.7488769778838782e-05,-0.0012966603947236663
2725,-0.0010000000000000009,0.005000000000000001,-0.00050000000000000001,-5.7491531446737828e-06,2.3125271016032634e-05,-0.001381288156231075
2726,0,0.005000000000000001,-0.00050000000000000001,-1.5071910547126453e-06,2.7554489826238195e-05,-0.0014336687768940191
2727,0.0010000000000000009,0.005000000000000001,-0.00050000000000000001,4.0361117088877692e-06,2.9688502912321367e-05,-0.0014486286864734518
2728,0.0019999999999999983,0.005000000000000001,-0.00050000000000000001,9.7378979830164964e-06,3.0046157770554505e-05,-0.0014258846483966366
2729,0.0029999999999999992,0.005000000000000001,-0.00050000000000000001,1.4240269294421876e-05,2.8472202085166453e-05,-0.0013660841626554595
2730,0.0040000000000000001,0.005000000000000001,-0.00050000000000000001,1.6632749364742689e-05,2.5035313958115195e-05,-0.0012730195104773054
2731,0.005000000000000001,0.005000000000000001,-0.00050000000000000001,1.6248235194854119e-05,1.9922596899201131e-05,-0.0011525987838452057
2732,0.0060000000000000019,0.005000000000000001,-0.00050000000000000001,1.3022198400160872e-05,1.3846054193586802e-05,-0.0010124606681224386
2733,0.0069999999999999993,0.005000000000000001,-0.00050000000000000001,7.6092376512464504e-06,7.7292726591061627e-06,-0.00086210186851741651
2734,0.0080000000000000002,0.005000000000000001,-0.00050000000000000001,1.261780653186989e-06,2.6227114324543581e-06,-0.0007103172777140768
2735,0.0090000000000000011,0.005000000000000001,-0.00050000000000000001,-4.9106431074075184e-06,-1.2005728135033802e-06,-0.00056385823317840614
2736,0.0099999999999999985,0.005000000000000001,-0.00050000000000000001,-1.0196383162579495e-05,-3.7334310797263234e-06,-0.00042675139060511949
2737,0.010999999999999999,0.005000000000000001,-0.00050000000000000001,-1.4020548370863156e-05,-5.1077070679078717e-06,-0.00030131935366514717
2738,0.012,0.005000000000000001,-0.00050000000000000001,-1.5949381562461923e-05,-5.4050768486858477e-06,-0.0001890608778918984
2739,0.013000000000000001,0.005000000000000001,-0.00050000000000000001,-1.621056284599609e-05,-4.9770628936593933e-06,-9.2741632737809805e-05
2740,0.014000000000000002,0.005000000000000001,-0.00050000000000000001,-7.105319282840913e-06,-2.3789975070783043e-06,-1.9530453414362961e-05
2741,0.015000000000000003,0.005000000000000001,-0.00050000000000000001,0,0,0
2742,0.016000000000000004,0.005000000000000001,-0.00050000000000000001,0,0,0
2743,0.016999999999999998,0.005000000000000001,-0.00050000000000000001,0,0,0
2744,0.017999999999999999,0.005000000000000001,-0.00050000000000000001,0,0,0
2745,0.019,0.005000000000000001,-0.00050000000000000001,0,0,0
2746,0.02,0.005000000000000001,-0.00050000000000000001,0,0,0
2747,-0.02,0.0060000000000000019,-0.00050000000000000001,0,0,0
2748,-0.019,0.0060000000000000019,-0.00050000000000000001,0,0,0
2749,-0.018000000000000002,0.0060000000000000019,-0.00050000000000000001,0,0,0
2750,-0.017000000000000001,0.0060000000000000019,-0.00050000000000000001,0,0,0
2751,-0.016,0.0060000000000000019,-0.00050000000000000001,0,0,0
2752,-0.014999999999999999,0.0060000000000000019,-0.00050000000000000001,0,0,0
2753,-0.014,0.0060000000000000019,-0.00050000000000000001,5.3209419663021952e-06,-2.2252567965754285e-06,-1.2291257599502769e-05
2754,-0.013000000000000001,0.0060000000000000019,-0.00050000000000000001,1.3103713104892317e-05,-5.1110436675352875e-06,-6.0183723928467549e-05
2755,-0.012,0.0060000000000000019,-0.00050000000000000001,1.4617771368351183e-05,-6.4967690507731178e-06,-0.00012469341083156535
2756,-0.010999999999999999,0.0060000000000000019,-0.00050000000000000001,1.5160356679981624e-05,-7.5892548267696012e-06,-0.00020017772616557573
2757,-0.01,0.0060000000000000019,-0.00050000000000000001,1.4652473620431168e-05,-8.207395005587214e-06,-0.00028465778655482725
2758,-0.0090000000000000011,0.0060000000000000019,-0.00050000000000000001,1.3238723920706777e-05,-8.3361117469783321e-06,-0.0003771448544284105
2759,-0.0080000000000000002,0.0060000000000000019,-0.00050000000000000001,1.1135074217036277e-05,-7.8825110196262273e-06,-0.00047668096623977683
2760,-0.0069999999999999993,0.0060000000000000019,-0.00050000000000000001,8.4224890785972453e-06,-6.7774005972940484e-06,-0.00058210194492185259
2761,-0.0060000000000000001,0.0060000000000000019,-0.00050000000000000001,5.3025395485220022e-06,-4.9533104907824816e-06,-0.00069148574316736102
2762,-0.005000000000000001,0.0060000000000000019,-0.00050000000000000001,2.1264289723361337e-06,-2.4706292904074134e-06,-0.00080185448487585069
2763,-0.0040000000000000001,0.0060000000000000019,-0.00050000000000000001,-7.2967902664563638e-07,7.2436735246378098e-07,-0.00090909193023447831
2764,-0.0029999999999999992,0.0060000000000000019,-0.00050000000000000001,-2.5678915545664923e-06,4.3677295295548934e-06,-0.001007758482742408
2765,-0.0019999999999999983,0.0060000000000000019,-0.00050000000000000001,-3.3653787485373839e-06,8.2477157759657056e-06,-0.0010915889905036781
2766,-0.0010000000000000009,0.0060000000000000019,-0.00050000000000000001,-2.9108642012290288e-06,1.1775436691886125e-05,-0.0011543401330359599
2767,0,0.0060000000000000019,-0.00050000000000000001,-1.3756168737492094e-06,1.425161763724202e-05,-0.001190830863373471
2768,0.0010000000000000009,0.0060000000000000019,-0.00050000000000000001,8.5777204287329317e-07,1.5593543275016192e-05,-0.0011988777217330875
2769,0.0019999999999999983,0.0060000000000000019,-0.00050000000000000001,3.1060153272675644e-06,1.5663766381475526e-05,-0.0011772855459240305
2770,0.0029999999999999992,0.0060000000000000019,-0.00050000000000000001,4.9448033195745996e-06,1.4610842669473688e-05,-0.0011275586372209827
2771,0.0040000000000000001,0.0060000000000000019,-0.00050000000000000001,5.7314394399704646e-06,1.2548286735111351e-05,-0.0010525475156529791
2772,0.005000000000000001,0.0060000000000000019,-0.00050000000000000001,5.1481126498914814e-06,9.5615883250248282e-06,-0.0009565481907796797
2773,0.0060000000000000019,0.0060000000000000019,-0.00050000000000000001,3.0732651413652863e-06,5.8904280864154519e-06,-0.00084519851648336033
2774,0.0069999999999999993,0.0060000000000000019,-0.00050000000000000001,-1.3266458956936178e-07,2.153627392876114e-06,-0.00072460334723158147
2775,0.0080000000000000002,0.0060000000000000019,-0.00050000000000000001,-4.0280817409106975e-06,-1.1712314239947848e-06,-0.00060084859595373478
2776,0.0090000000000000011,0.0060000000000000019,-0.00050000000000000001,-7.9167207128769177e-06,-3.6860166063042994e-06,-0.00047915805874226977
2777,0.0099999999999999985,0.0060000000000000019,-0.00050000000000000001,-1.1325430651616623e-05,-5.3196731573846834e-06,-0.00036331172969022714
2778,0.010999999999999999,0.0060000000000000019,-0.00050000000000000001,-1.3640855613079312e-05,-6.0644750047264558e-06,-0.00025599879543034801
2779,0.012,0.0060000000000000019,-0.00050000000000000001,-1.4459390781927932e-05,-5.8997179657538122e-06,-0.00015957541763772853
2780,0.013000000000000001,0.0060000000000000019,-0.00050000000000000001,-1.3904900412360926e-05,-5.1491905571285137e-06,-7.7359839520577624e-05
2781,0.014000000000000002,0.0060000000000000019,-0.00050000000000000001,-5.8659491659806706e-06,-2.3504690123746075e-06,-1.6133305170540123e-05
2782,0.015000000000000003,0.0060000000000000019,-0.00050000000000000001,0,0,0
2783,0.016000000000000004,0.0060000000000000019,-0.00050000000000000001,0,0,0
2784,0.016999999999999998,0.0060000000000000019,-0.00050000000000000001,0,0,0
2785,0.017999999999999999,0.0060000000000000019,-0.00050000000000000001,0,0,0
2786,0.019,0.0060000000000000019,-0.00050000000000000001,0,0,0
2787,0.02,0.0060000000000000019,-0.00050000000000000001,0,0,0
2788,-0.02,0.0069999999999999993,-0.00050000000000000001,0,0,0
2789,-0.019,0.0069999999999999993,-0.00050000000000000001,0,0,0
2790,-0.018000000000000002,0.0069999999999999993,-0.00050000000000000001,0,0,0
2791,-0.017000000000000001,0.0069999999999999993,-0.00050000000000000001,0,0,0
2792,-0.016,0.0069999999999999993,-0.00050000000000000001,0,0,0
2793,-0.014999999999999999,0.0069999999999999993,-0.00050000000000000001,0,0,0
2794,-0.014,0.0069999999999999993,-0.00050000000000000001,4.2932233382845366e-06,-2.0591775366463306e-06,-9.7411110508164244e-06
2795,-0.013000000000000001,0.0069999999999999993,-0.00050000000000000001,1.0953433658470473e-05,-4.9850660808240306e-06,-4.8631802982307507e-05
2796,-0.012,0.0069999999999999993,-0.00050000000000000001,1.2730865013778652e-05,-6.6156491649120502e-06,-0.00010288641459429817
2797,-0.010999999999999999,0.0069999999999999993,-0.00050000000000000001,1.3647338827644363e-05,-7.9890904028188005e-06,-0.00016756794196651881
2798,-0.01,0.0069999999999999993,-0.00050000000000000001,1.3584900990236113e-05,-8.9189002607388405e-06,-0.0002404705062060579
2799,-0.0090000000000000011,0.0069999999999999993,-0.00050000000000000001,1.2728972908365784e-05,-9.4205460973360998e-06,-0.00032020152482345357
2800,-0.0080000000000000002,0.0069999999999999993,-0.00050000000000000001,1.1263026271147269e-05,-9.4229208690211439e-06,-0.00040544763600664819
2801,-0.0069999999999999993,0.0069999999999999993,-0.00050000000000000001,9.2751260189889758e-06,-8.885032966617731e-06,-0.00049476223562487784
2802,-0.0060000000000000001,0.0069999999999999993,-0.00050000000000000001,6.959471433120272e-06,-7.8076859651776554e-06,-0.00058611530696199153
2803,-0.005000000000000001,0.0069999999999999993,-0.00050000000000000001,4.5177702230241661e-06,-6.1885897639303367e-06,-0.00067673810472901059
2804,-0.0040000000000000001,0.0069999999999999993,-0.00050000000000000001,2.2719472189226469e-06,-4.1600927652093392e-06,-0.00076295926857590068
2805,-0.0029999999999999992,0.0069999999999999993,-0.00050000000000000001,4.5642575942526061e-07,-1.8206349621591157e-06,-0.00084057553650494874
2806,-0.0019999999999999983,0.0069999999999999993,-0.00050000000000000001,-6.3950029612091913e-07,5.5180660096965565e-07,-0.00090499350533300633
2807,-0.0010000000000000009,0.0069999999999999993,-0.00050000000000000001,-1.1415193556982802e-06,2.6284498461060539e-06,-0.00095185522180024206
2808,0,0.0069999999999999993,-0.00050000000000000001,-1.1758863274770198e-06,4.1702552165329208e-06,-0.00097798762867172279
2809,0.0010000000000000009,0.0069999999999999993,-0.00050000000000000001,-8.784007830954314e-07,5.0305330142424573e-06,-0.00098142856371446325
2810,0.0019999999999999983,0.0069999999999999993,-0.00050000000000000001,-4.2934338033875768e-07,5.1258658529591273e-06,-0.00096204553643718658
2811,0.0029999999999999992,0.0069999999999999993,-0.00050000000000000001,-2.3233840875996852e-07,4.5242301565864174e-06,-0.00092075022185693931
2812,0.0040000000000000001,0.0069999999999999993,-0.00050000000000000001,-4.5789427247806128e-07,3.3133352172864122e-06,-0.00085989519119273347
2813,0.005000000000000001,0.0069999999999999993,-0.00050000000000000001,-1.3211110474268723e-06,1.577102757611619e-06,-0.00078289699654443578
2814,0.0060000000000000019,0.0069999999999999993,-0.00050000000000000001,-2.82871537207814e-06,-4.9679073243138414e-07,-0.0006936828373272486
2815,0.0069999999999999993,0.0069999999999999993,-0.00050000000000000001,-4.9249068815830051e-06,-2.6431485316980171e-06,-0.00059664903166265317
2816,0.0080000000000000002,0.0069999999999999993,-0.00050000000000000001,-7.3165439403717948e-06,-4.5158650380980558e-06,-0.00049611898357043618
2817,0.0090000000000000011,0.0069999999999999993,-0.00050000000000000001,-9.6944836933496697e-06,-5.9062354500535646e-06,-0.00039608381293917868
2818,0.0099999999999999985,0.0069999999999999993,-0.00050000000000000001,-1.1663008157300422e-05,-6.6579592029211886e-06,-0.00029980581239670687
2819,0.010999999999999999,0.0069999999999999993,-0.00050000000000000001,-1.2791414145728824e-05,-6.7470491182992758e-06,-0.00021003625014579487
2820,0.012,0.0069999999999999993,-0.00050000000000000001,-1.2699259839782491e-05,-6.0932046590389978e-06,-0.00012949415374110591
2821,0.013000000000000001,0.0069999999999999993,-0.00050000000000000001,-1.1503681162404891e-05,-4.9863352962572593e-06,-6.1704275873964559e-05
2822,0.014000000000000002,0.0069999999999999993,-0.00050000000000000001,-4.6294744081041222e-06,-2.1361771630647953e-06,-1.2700513612137633e-05
2823,0.015000000000000003,0.0069999999999999993,-0.00050000000000000001,0,0,0
2824,0.016000000000000004,0.0069999999999999993,-0.00050000000000000001,0,0,0
2825,0.016999999999999998,0.0069999999999999993,-0.00050000000000000001,0,0,0
2826,0.017999999999999999,0.0069999999999999993,-0.00050000000000000001,0,0,0
2827,0.019,0.0069999999999999993,-0.00050000000000000001,0,0,0
2828,0.02,0.0069999999999999993,-0.00050000000000000001,0,0,0
2829,-0.02,0.0080000000000000002,-0.00050000000000000001,0,0,0
2830,-0.019,0.0080000000000000002,-0.00050000000000000001,0,0,0
2831,-0.018000000000000002,0.0080000000000000002,-0.00050000000000000001,0,0,0
2832,-0.017000000000000001,0.0080000000000000002,-0.00050000000000000001,0,0,0
2833,-0.016,0.0080000000000000002,-0.00050000000000000001,0,0,0
2834,-0.014999999999999999,0.0080000000000000002,-0.00050000000000000001,0,0,0
2835,-0.014,0.0080000000000000002,-0.00050000000000000001,3.2930385862875169e-06,-1.7473509019986576e-06,-7.2822719587372251e-06
2836,-0.013000000000000001,0.0080000000000000002,-0.00050000000000000001,8.7836790659489514e-06,-4.5570055538953679e-06,-3.7171350726505896e-05
2837,-0.012,0.0080000000000000002,-0.00050000000000000001,1.0739526852514652e-05,-6.4093369791451469e-06,-8.0899020061829652e-05
2838,-0.010999999999999999,0.0080000000000000002,-0.00050000000000000001,1.1953519546700958e-05,-8.0457330211939724e-06,-0.00013442164739299982
2839,-0.01,0.0080000000000000002,-0.00050000000000000001,1.2293057948377766e-05,-9.3088294085101015e-06,-0.00019548692150707928
2840,-0.0090000000000000011,0.0080000000000000002,-0.00050000000000000001,1.194356026024633e-05,-1.0217822678988162e-05,-0.00026245391834411522
2841,-0.0080000000000000002,0.0080000000000000002,-0.00050000000000000001,1.1042325745078698e-05,-1.0712953403192477e-05,-0.00033379546815719195
2842,-0.0069999999999999993,0.0080000000000000002,-0.00050000000000000001,9.6871889226993134e-06,-1.0786609187818627e-05,-0.00040792126363244259
2843,-0.0060000000000000001,0.0080000000000000002,-0.00050000000000000001,8.002117228554889e-06,-1.0425442961929504e-05,-0.00048286481989119579
2844,-0.005000000000000001,0.0080000000000000002,-0.00050000000000000001,6.1469733891921898e-06,-9.6682251563751537e-06,-0.00055615973524447595
2845,-0.0040000000000000001,0.0080000000000000002,-0.00050000000000000001,4.2739236080152948e-06,-8.5730357225884233e-06,-0.00062483454420462852
2846,-0.0029999999999999992,0.0080000000000000002,-0.00050000000000000001,2.5660145512025082e-06,-7.2756445246786441e-06,-0.00068556114505584527
2847,-0.0019999999999999983,0.0080000000000000002,-0.00050000000000000001,1.1234404629770001e-06,-5.9440683183387099e-06,-0.00073501723583168808
2848,-0.0010000000000000009,0.0080000000000000002,-0.00050000000000000001,-1.6127091431252703e-09,-4.7512305604146627e-06,-0.00077025323021436411
2849,0,0.0080000000000000002,-0.00050000000000000001,-9.1007776190518704e-07,-3.8521626754908992e-06,-0.00078893035750871986
2850,0.0010000000000000009,0.0080000000000000002,-0.00050000000000000001,-1.6691422568090668e-06,-3.2728775776640687e-06,-0.00078988697354205899
2851,0.0019999999999999983,0.0080000000000000002,-0.00050000000000000001,-2.3691957460760201e-06,-3.0759969047080175e-06,-0.00077296235871404282
2852,0.0029999999999999992,0.0080000000000000002,-0.00050000000000000001,-3.0516143669478311e-06,-3.2848116508670966e-06,-0.00073908409564400139
2853,0.0040000000000000001,0.0080000000000000002,-0.00050000000000000001,-3.884966903042006e-06,-3.8379758591771444e-06,-0.00069005936834752785
2854,0.005000000000000001,0.0080000000000000002,-0.00050000000000000001,-4.9040947529120815e-06,-4.634690044889652e-06,-0.00062837851720389296
2855,0.0060000000000000019,0.0080000000000000002,-0.00050000000000000001,-6.1566519075488308e-06,-5.5775439689732246e-06,-0.00055704861883476477
2856,0.0069999999999999993,0.0080000000000000002,-0.00050000000000000001,-7.5634156340544168e-06,-6.5037414205147605e-06,-0.00047925448773610918
2857,0.0080000000000000002,0.0080000000000000002,-0.00050000000000000001,-9.0396530270649175e-06,-7.2545607939785775e-06,-0.00039821921381113162
2858,0.0090000000000000011,0.0080000000000000002,-0.00050000000000000001,-1.0364549007856594e-05,-7.6700142877251094e-06,-0.00031705581086217797
2859,0.0099999999999999985,0.0080000000000000002,-0.00050000000000000001,-1.1287909705722722e-05,-7.6194348321695214e-06,-0.00023855024304968373
2860,0.010999999999999999,0.0080000000000000002,-0.00050000000000000001,-1.1519595772205447e-05,-7.072730210053553e-06,-0.00016535496391903627
2861,0.012,0.0080000000000000002,-0.00050000000000000001,-1.0750015000137306e-05,-5.9638622973561914e-06,-0.0001002308000814464
2862,0.013000000000000001,0.0080000000000000002,-0.00050000000000000001,-9.1033739692052893e-06,-4.5099071582853651e-06,-4.6598948594728812e-05
2863,0.014000000000000002,0.0080000000000000002,-0.00050000000000000001,-3.4644930093403556e-06,-1.7739919953476858e-06,-9.4436551799890338e-06
2864,0.015000000000000003,0.0080000000000000002,-0.00050000000000000001,0,0,0
2865,0.016000000000000004,0.0080000000000000002,-0.00050000000000000001,0,0,0
2866,0.016999999999999998,0.0080000000000000002,-0.00050000000000000001,0,0,0
2867,0.017999999999999999,0.0080000000000000002,-0.00050000000000000001,0,0,0
2868,0.019,0.0080000000000000002,-0.00050000000000000001,0,0,0
2869,0.02,0.0080000000000000002,-0.00050000000000000001,0,0,0
2870,-0.02,0.0090000000000000011,-0.00050000000000000001,0,0,0
2871,-0.019,0.0090000000000000011,-0.00050000000000000001,0,0,0
2872,-0.018000000000000002,0.0090000000000000011,-0.00050000000000000001,0,0,0
2873,-0.017000000000000001,0.0090000000000000011,-0.00050000000000000001,0,0,0
2874,-0.016,0.0090000000000000011,-0.00050000000000000001,0,0,0
2875,-0.014999999999999999,0.0090000000000000011,-0.00050000000000000001,0,0,0
2876,-0.014,0.0090000000000000011,-0.00050000000000000001,2.3763111785521131e-06,-1.3472968568899274e-06,-5.0843338503095943e-06
2877,-0.013000000000000001,0.0090000000000000011,-0.00050000000000000001,6.6640600553047683e-06,-3.8754037782002379e-06,-2.6493034347582252e-05
2878,-0.012,0.0090000000000000011,-0.00050000000000000001,8.6874618095742241e-06,-5.8764781758723157e-06,-5.9814187454736067e-05
2879,-0.010999999999999999,0.0090000000000000011,-0.00050000000000000001,1.0104017544328314e-05,-7.7383267058854771e-06,-0.00010214653775820881
2880,-0.01,0.0090000000000000011,-0.00050000000000000001,1.0784757562568698e-05,-9.3233344786256356e-06,-0.00015138850266492696
2881,-0.0090000000000000011,0.0090000000000000011,-0.00050000000000000001,1.0870786509535249e-05,-1.0632381009884603e-05,-0.00020582114184214599
2882,-0.0080000000000000002,0.0090000000000000011,-0.00050000000000000001,1.0458343950394345e-05,-1.1613680133698703e-05,-0.00026383819310617197
2883,-0.0069999999999999993,0.0090000000000000011,-0.00050000000000000001,9.6214950601150097e-06,-1.2260993010950133e-05,-0.00032382483969551506
2884,-0.0060000000000000001,0.0090000000000000011,-0.00050000000000000001,8.4507546665633685e-06,-1.2569708057959567e-05,-0.00038395198823522309
2885,-0.005000000000000001,0.0090000000000000011,-0.00050000000000000001,7.0287097390506687e-06,-1.2553869469172246e-05,-0.00044212956355123799
2886,-0.0040000000000000001,0.0090000000000000011,-0.00050000000000000001,5.4675371216407737e-06,-1.2264846208501194e-05,-0.00049595851716499628
2887,-0.0029999999999999992,0.0090000000000000011,-0.00050000000000000001,3.853825265743572e-06,-1.1787779119312771e-05,-0.00054293800309552066
2888,-0.0019999999999999983,0.0090000000000000011,-0.00050000000000000001,2.2618974944467768e-06,-1.118811577234991e-05,-0.00058064075921822409
2889,-0.0010000000000000009,0.0090000000000000011,-0.00050000000000000001,7.509804067447362e-07,-1.0574319147199042e-05,-0.00060691594053222965
2890,0,0.0090000000000000011,-0.00050000000000000001,-6.5749394526554643e-07,-1.0079338641409944e-05,-0.00062025726242639922
2891,0.0010000000000000009,0.0090000000000000011,-0.00050000000000000001,-2.0036699535526354e-06,-9.7094855489091184e-06,-0.00061981625516137611
2892,0.0019999999999999983,0.0090000000000000011,-0.00050000000000000001,-3.2648004914061437e-06,-9.4374161128428974e-06,-0.00060559027770159895
2893,0.0029999999999999992,0.0090000000000000011,-0.00050000000000000001,-4.4721821528731171e-06,-9.3168114174632734e-06,-0.00057828645557065446
2894,0.0040000000000000001,0.0090000000000000011,-0.00050000000000000001,-5.6104297157114247e-06,-9.3035943819493486e-06,-0.00053927882932604189
2895,0.005000000000000001,0.0090000000000000011,-0.00050000000000000001,-6.7107751479971949e-06,-9.3625418504242209e-06,-0.00049046804611362061
2896,0.0060000000000000019,0.0090000000000000011,-0.00050000000000000001,-7.7559301250903103e-06,-9.4297444973350232e-06,-0.00043405601792663521
2897,0.0069999999999999993,0.0090000000000000011,-0.00050000000000000001,-8.73176731250174e-06,-9.4320491443172799e-06,-0.00037245615803389837
2898,0.0080000000000000002,0.0090000000000000011,-0.00050000000000000001,-9.5655499488402775e-06,-9.2702563241267673e-06,-0.00030814127471184485
2899,0.0090000000000000011,0.0090000000000000011,-0.00050000000000000001,-1.0151943897878383e-05,-8.8680828528512892e-06,-0.0002436147782111014
2900,0.0099999999999999985,0.0090000000000000011,-0.00050000000000000001,-1.0317766712772306e-05,-8.1073800398115226e-06,-0.00018126771152780755
2901,0.010999999999999999,0.0090000000000000011,-0.00050000000000000001,-9.9038397656200231e-06,-6.9976164815034117e-06,-0.00012355948431008222
2902,0.012,0.0090000000000000011,-0.00050000000000000001,-8.6878761455073868e-06,-5.500100746371861e-06,-7.3078235953642591e-05
2903,0.013000000000000001,0.0090000000000000011,-0.00050000000000000001,-6.7944176983552373e-06,-3.7803168557252553e-06,-3.2868829159822776e-05
2904,0.014000000000000002,0.0090000000000000011,-0.00050000000000000001,-2.4260904037913977e-06,-1.328270095593868e-06,-6.5733336972460503e-06
2905,0.015000000000000003,0.0090000000000000011,-0.00050000000000000001,0,0,0
2906,0.016000000000000004,0.0090000000000000011,-0.00050000000000000001,0,0,0
2907,0.016999999999999998,0.0090000000000000011,-0.00050000000000000001,0,0,0
2908,0.017999999999999999,0.0090000000000000011,-0.00050000000000000001,0,0,0
2909,0.019,0.0090000000000000011,-0.00050000000000000001,0,0,0
2910,0.02,0.0090000000000000011,-0.00050000000000000001,0,0,0
2911,-0.02,0.0099999999999999985,-0.00050000000000000001,0,0,0
2912,-0.019,0.0099999999999999985,-0.00050000000000000001,0,0,0
2913,-0.018000000000000002,0.0099999999999999985,-0.00050000000000000001,0,0,0
2914,-0.017000000000000001,0.0099999999999999985,-0.00050000000000000001,0,0,0
2915,-0.016,0.0099999999999999985,-0.00050000000000000001,0,0,0
2916,-0.014999999999999999,0.0099999999999999985,-0.00050000000000000001,0,0,0
2917,-0.014,0.0099999999999999985,-0.00050000000000000001,1.5756036702239824e-06,-9.4221124040102739e-07,-3.300585501415507e-06
2918,-0.013000000000000001,0.0099999999999999985,-0.00050000000000000001,4.6520061566602575e-06,-3.0134088486724499e-06,-1.728107158361699e-05
2919,-0.012,0.0099999999999999985,-0.00050000000000000001,6.6041323244130175e-06,-5.0268818632551061e-06,-4.074147238696011e-05
2920,-0.010999999999999999,0.0099999999999999985,-0.00050000000000000001,8.1180870365394891e-06,-7.0469255798816351e-06,-7.2163635029352826e-05
2921,-0.01,0.0099999999999999985,-0.00050000000000000001,9.0595314225405884e-06,-8.9073413205989423e-06,-0.00010980790899925861
2922,-0.0090000000000000011,0.0099999999999999985,-0.00050000000000000001,9.5026891982223738e-06,-1.0579119009594131e-05,-0.00015206689262346393
2923,-0.0080000000000000002,0.0099999999999999985,-0.00050000000000000001,9.4976172943485318e-06,-1.2010316044202339e-05,-0.00019737609446807686
2924,-0.0069999999999999993,0.0099999999999999985,-0.00050000000000000001,9.0926862922257436e-06,-1.3192762832044163e-05,-0.00024420172938981584
2925,-0.0060000000000000001,0.0099999999999999985,-0.00050000000000000001,8.3378974484908627e-06,-1.411088793674529e-05,-0.00029091461080735627
2926,-0.005000000000000001,0.0099999999999999985,-0.00050000000000000001,7.2813047158793849e-06,-1.4765004232110886e-05,-0.00033577193589832358
2927,-0.0040000000000000001,0.0099999999999999985,-0.00050000000000000001,5.9748199811440315e-06,-1.5165364324674072e-05,-0.00037691739615414404
2928,-0.0029999999999999992,0.0099999999999999985,-0.00050000000000000001,4.4875774709596865e-06,-1.5346825377865852e-05,-0.00041244388198947594
2929,-0.0019999999999999983,0.0099999999999999985,-0.00050000000000000001,2.8909756701578776e-06,-1.5366662502836921e-05,-0.00044059414387261704
2930,-0.0010000000000000009,0.0099999999999999985,-0.00050000000000000001,1.2334023611072017e-06,-1.524506082667471e-05,-0.00045990324348923231
2931,0,0.0099999999999999985,-0.00050000000000000001,-4.3824572906741786e-07,-1.50042049273961e-05,-0.00046926581913597884
2932,0.0010000000000000009,0.0099999999999999985,-0.00050000000000000001,-2.0611339169559117e-06,-1.4723431907516463e-05,-0.00046815889224681971
2933,0.0019999999999999983,0.0099999999999999985,-0.00050000000000000001,-3.6148372125955755e-06,-1.4367466859479545e-05,-0.00045659964355384988
2934,0.0029999999999999992,0.0099999999999999985,-0.00050000000000000001,-5.0322553048283768e-06,-1.3913864682557017e-05,-0.00043516943627604053
2935,0.0040000000000000001,0.0099999999999999985,-0.00050000000000000001,-6.2918785267036193e-06,-1.3405864766413283e-05,-0.00040488733948429293
2936,0.005000000000000001,0.0099999999999999985,-0.00050000000000000001,-7.357954505298276e-06,-1.2835854840170824e-05,-0.00036713941088015975
2937,0.0060000000000000019,0.0099999999999999985,-0.00050000000000000001,-8.2166672698098128e-06,-1.2183538392559312e-05,-0.00032357731073280084
2938,0.0069999999999999993,0.0099999999999999985,-0.00050000000000000001,-8.841589054089393e-06,-1.1419971668885903e-05,-0.0002760342852530261
2939,0.0080000000000000002,0.0099999999999999985,-0.00050000000000000001,-9.2101709848464613e-06,-1.0514860334752129e-05,-0.00022645816565668181
2940,0.0090000000000000011,0.0099999999999999985,-0.00050000000000000001,-9.2510121870557486e-06,-9.4091988513301123e-06,-0.00017688276587863368
2941,0.0099999999999999985,0.0099999999999999985,-0.00050000000000000001,-8.8851388719109974e-06,-8.0602090454192627e-06,-0.00012935539666436007
2942,0.010999999999999999,0.0099999999999999985,-0.00050000000000000001,-8.0298832771527677e-06,-6.4908647227249261e-06,-8.6049547223998268e-05
2943,0.012,0.0099999999999999985,-0.00050000000000000001,-6.5739230713040097e-06,-4.70888488539519e-06,-4.9212231796584547e-05
2944,0.013000000000000001,0.0099999999999999985,-0.00050000000000000001,-4.656814741681693e-06,-2.8886742003378641e-06,-2.1266779496381819e-05
2945,0.014000000000000002,0.0099999999999999985,-0.00050000000000000001,-1.559984148200052e-06,-9.0057294501016441e-07,-4.2542470091124271e-06
2946,0.015000000000000003,0.0099999999999999985,-0.00050000000000000001,0,0,0
2947,0.016000000000000004,0.0099999999999999985,-0.00050000000000000001,0,0,0
2948,0.016999999999999998,0.0099999999999999985,-0.00050000000000000001,0,0,0
2949,0.017999999999999999,0.0099999999999999985,-0.00050000000000000001,0,0,0
2950,0.019,0.0099999999999999985,-0.00050000000000000001,0,0,0
2951,0.02,0.0099999999999999985,-0.00050000000000000001,0,0,0
2952,-0.02,0.010999999999999999,-0.00050000000000000001,0,0,0
2953,-0.019,0.010999999999999999,-0.00050000000000000001,0,0,0
2954,-0.018000000000000002,0.010999999999999999,-0.00050000000000000001,0,0,0
2955,-0.017000000000000001,0.010999999999999999,-0.00050000000000000001,0,0,0
2956,-0.016,0.010999999999999999,-0.00050000000000000001,0,0,0
2957,-0.014999999999999999,0.010999999999999999,-0.00050000000000000001,0,0,0
2958,-0.014,0.010999999999999999,-0.00050000000000000001,9.8879223163811147e-07,-6.4680708006177883e-07,-1.9718021873434535e-06
2959,-0.013000000000000001,0.010999999999999999,-0.00050000000000000001,2.8501865154123709e-06,-2.0972132476412691e-06,-1.0090824036342642e-05
2960,-0.012,0.010999999999999999,-0.00050000000000000001,4.5490492229643021e-06,-3.9122501757527607e-06,-2.4787950343826737e-05
2961,-0.010999999999999999,0.010999999999999999,-0.00050000000000000001,6.0521521553988649e-06,-5.9678859159672124e-06,-4.593736960831973e-05
2962,-0.01,0.010999999999999999,-0.00050000000000000001,7.1600132468459378e-06,-8.0025532705035411e-06,-7.2437853557370059e-05
2963,-0.0090000000000000011,0.010999999999999999,-0.00050000000000000001,7.8766882414753349e-06,-9.9481585666451491e-06,-0.00010298090106443314
2964,-0.0080000000000000002,0.010999999999999999,-0.00050000000000000001,8.2008979874498644e-06,-1.1743403300855999e-05,-0.00013618570515615909
2965,-0.0069999999999999993,0.010999999999999999,-0.00050000000000000001,8.1482691630863936e-06,-1.3365427475655832e-05,-0.00017069258081053607
2966,-0.0060000000000000001,0.010999999999999999,-0.00050000000000000001,7.7353375595537629e-06,-1.4785191488761018e-05,-0.00020512077516295196
2967,-0.005000000000000001,0.010999999999999999,-0.00050000000000000001,6.9885682560433769e-06,-1.5981509327035308e-05,-0.00023807320189805117
2968,-0.0040000000000000001,0.010999999999999999,-0.00050000000000000001,5.939168175969132e-06,-1.6943147993868025e-05,-0.00026813189447303786
2969,-0.0029999999999999992,0.010999999999999999,-0.00050000000000000001,4.6297376119530883e-06,-1.766512224085462e-05,-0.00029391876883244991
2970,-0.0019999999999999983,0.010999999999999999,-0.00050000000000000001,3.1104233934045073e-06,-1.8145847400233314e-05,-0.00031415924303557143
2971,-0.0010000000000000009,0.010999999999999999,-0.00050000000000000001,1.452578516104133e-06,-1.8379131168201959e-05,-0.00032781152969670209
2972,0,0.010999999999999999,-0.00050000000000000001,-2.6684320150061282e-07,-1.836411744551611e-05,-0.00033416436767938501
2973,0.0010000000000000009,0.010999999999999999,-0.00050000000000000001,-1.9810521200496284e-06,-1.8091120100422239e-05,-0.0003328474896333291
2974,0.0019999999999999983,0.010999999999999999,-0.00050000000000000001,-3.6012284310478563e-06,-1.761256271619125e-05,-0.00032390818223718539
2975,0.0029999999999999992,0.010999999999999999,-0.00050000000000000001,-5.058098915356375e-06,-1.6929006090483864e-05,-0.00030778324899370993
2976,0.0040000000000000001,0.010999999999999999,-0.00050000000000000001,-6.277980095768614e-06,-1.6031881071890969e-05,-0.00028523325577948068
2977,0.005000000000000001,0.010999999999999999,-0.00050000000000000001,-7.2257167803419256e-06,-1.4956980213166896e-05,-0.00025726609331518872
2978,0.0060000000000000019,0.010999999999999999,-0.00050000000000000001,-7.8726027583038374e-06,-1.3730833683649895e-05,-0.00022510614701793863
2979,0.0069999999999999993,0.010999999999999999,-0.00050000000000000001,-8.2082644286955046e-06,-1.2364396899225031e-05,-0.0001901503622167228
2980,0.0080000000000000002,0.010999999999999999,-0.00050000000000000001,-8.2096738923168175e-06,-1.0856769820986216e-05,-0.00015391680093814264
2981,0.0090000000000000011,0.010999999999999999,-0.00050000000000000001,-7.8591865334067294e-06,-9.2093193590697774e-06,-0.0001180283080203549
2982,0.0099999999999999985,0.010999999999999999,-0.00050000000000000001,-7.1310920996151717e-06,-7.4259561492685668e-06,-8.4181549412031968e-05
2983,0.010999999999999999,0.010999999999999999,-0.00050000000000000001,-6.0168140706880128e-06,-5.5542839012884175e-06,-5.4162736797528019e-05
2984,0.012,0.010999999999999999,-0.00050000000000000001,-4.5097019616307253e-06,-3.6538301479476764e-06,-2.9706287888246438e-05
2985,0.013000000000000001,0.010999999999999999,-0.00050000000000000001,-2.8219777309418e-06,-1.9827887539696503e-06,-1.2335028708302342e-05
2986,0.014000000000000002,0.010999999999999999,-0.00050000000000000001,-9.6106998010429384e-07,-6.0785138138726046e-07,-2.524108522488513e-06
2987,0.015000000000000003,0.010999999999999999,-0.00050000000000000001,0,0,0
2988,0.016000000000000004,0.010999999999999999,-0.00050000000000000001,0,0,0
2989,0.016999999999999998,0.010999999999999999,-0.00050000000000000001,0,0,0
2990,0.017999999999999999,0.010999999999999999,-0.00050000000000000001,0,0,0
2991,0.019,0.010999999999999999,-0.00050000000000000001,0,0,0
2992,0.02,0.010999999999999999,-0.00050000000000000001,0,0,0
2993,-0.02,0.012,-0.00050000000000000001,0,0,0
2994,-0.019,0.012,-0.00050000000000000001,0,0,0
2995,-0.018000000000000002,0.012,-0.00050000000000000001,0,0,0
2996,-0.017000000000000001,0.012,-0.00050000000000000001,0,0,0
2997,-0.016,0.012,-0.00050000000000000001,0,0,0
2998,-0.014999999999999999,0.012,-0.00050000000000000001,0,0,0
2999,-0.014,0.012,-0.00050000000000000001,5.5969547916344933e-07,-4.6688628805433717e-07,-1.0270900685740624e-06
3000,-0.013000000000000001,0.012,-0.00050000000000000001,1.5366617373428163e-06,-1.3072236535632675e-06,-5.05740087357634e-06
3001,-0.012,0.012,-0.00050000000000000001,2.6727727445660868e-06,-2.6350329792960842e-06,-1.2822392746345876e-05
3002,-0.010999999999999999,0.012,-0.00050000000000000001,3.9704859750748455e-06,-4.492966096056729e-06,-2.4869350279707436e-05
3003,-0.01,0.012,-0.00050000000000000001,5.1080491176045556e-06,-6.5270216160084796e-06,-4.102594129915749e-05
3004,-0.0090000000000000011,0.012,-0.00050000000000000001,5.9808658650676118e-06,-8.5851625797265674e-06,-6.0478411812438513e-05
3005,-0.0080000000000000002,0.012,-0.00050000000000000001,6.5346594291780366e-06,-1.0606959745170317e-05,-8.216879233710721e-05
3006,-0.0069999999999999993,0.012,-0.00050000000000000001,6.7562766822574259e-06,-1.2561975044873162e-05,-0.00010502214130879015
3007,-0.0060000000000000001,0.012,-0.00050000000000000001,6.6435782917829586e-06,-1.4406397303505867e-05,-0.00012796782923702664
3008,-0.005000000000000001,0.012,-0.00050000000000000001,6.1994353260476252e-06,-1.6087784033584729e-05,-0.00014996893421561624
3009,-0.0040000000000000001,0.012,-0.00050000000000000001,5.4333749745257165e-06,-1.7549327959879917e-05,-0.00017001715678476316
3010,-0.0029999999999999992,0.012,-0.00050000000000000001,4.362669719126604e-06,-1.8737190880323287e-05,-0.0001871572932805797
3011,-0.0019999999999999983,0.012,-0.00050000000000000001,3.0278492905062461e-06,-1.9606979434642912e-05,-0.00020053438069780988
3012,-0.0010000000000000009,0.012,-0.00050000000000000001,1.4917857977961143e-06,-2.0124671806591943e-05,-0.00020945324266749917
3013,0,0.012,-0.00050000000000000001,-1.5480058386558414e-07,-2.0260992321476975e-05,-0.0002134253081211216
3014,0.0010000000000000009,0.012,-0.00050000000000000001,-1.796948584488321e-06,-2.0012895689698094e-05,-0.00021222722422955872
3015,0.0019999999999999983,0.012,-0.00050000000000000001,-3.3325363876868131e-06,-1.9383866474567112e-05,-0.00020589646641732683
3016,0.0029999999999999992,0.012,-0.00050000000000000001,-4.6679330130900777e-06,-1.8418983839708766e-05,-0.00019475379619925546
3017,0.0040000000000000001,0.012,-0.00050000000000000001,-5.7351217710904443e-06,-1.7157902520838499e-05,-0.00017934814381306282
3018,0.005000000000000001,0.012,-0.00050000000000000001,-6.4817954060127385e-06,-1.5632584536682525e-05,-0.00016040821335075071
3019,0.0060000000000000019,0.012,-0.00050000000000000001,-6.8916669257546731e-06,-1.3909362917900337e-05,-0.00013880110750757614
3020,0.0069999999999999993,0.012,-0.00050000000000000001,-6.9575422461508058e-06,-1.2052534049135493e-05,-0.0001155237611967949
3021,0.0080000000000000002,0.012,-0.00050000000000000001,-6.683792582837485e-06,-1.0114087169050679e-05,-9.1679065225282872e-05
3022,0.0090000000000000011,0.012,-0.00050000000000000001,-6.077131603804452e-06,-8.1355689753470475e-06,-6.8477850089554348e-05
3023,0.0099999999999999985,0.012,-0.00050000000000000001,-5.1537899910827648e-06,-6.1417940643636379e-06,-4.7192164686203359e-05
3024,0.010999999999999999,0.012,-0.00050000000000000001,-3.9796908589077168e-06,-4.2016970107239429e-06,-2.9112667288806817e-05
3025,0.012,0.012,-0.00050000000000000001,-2.6662278016245093e-06,-2.4533166494519594e-06,-1.5281217752980437e-05
3026,0.013000000000000001,0.012,-0.00050000000000000001,-1.5213596219359794e-06,-1.2219806181006424e-06,-6.1617158674596042e-06
3027,0.014000000000000002,0.012,-0.00050000000000000001,-5.5765851831013852e-07,-4.3087179381884288e-07,-1.290388203410536e-06
3028,0.015000000000000003,0.012,-0.00050000000000000001,0,0,0
3029,0.016000000000000004,0.012,-0.00050000000000000001,0,0,0
3030,0.016999999999999998,0.012,-0.00050000000000000001,0,0,0
3031,0.017999999999999999,0.012,-0.00050000000000000001,0,0,0
3032,0.019,0.012,-0.00050000000000000001,0,0,0
3033,0.02,0.012,-0.00050000000000000001,0,0,0
3034,-0.02,0.013000000000000001,-0.00050000000000000001,0,0,0
3035,-0.019,0.013000000000000001,-0.00050000000000000001,0,0,0
3036,-0.018000000000000002,0.013000000000000001,-0.00050000000000000001,0,0,0
3037,-0.017000000000000001,0.013000000000000001,-0.00050000000000000001,0,0,0
3038,-0.016,0.013000000000000001,-0.00050000000000000001,0,0,0
3039,-0.014999999999999999,0.013000000000000001,-0.00050000000000000001,0,0,0
3040,-0.014,0.013000000000000001,-0.00050000000000000001,3.2366853022217642e-07,-3.6595840985376826e-07,-4.3103074011212895e-07
3041,-0.013000000000000001,0.013000000000000001,-0.00050000000000000001,7.7166731653596008e-07,-7.6000566292311591e-07,-1.9765713715474961e-06
3042,-0.012,0.013000000000000001,-0.00050000000000000001,1.3290834347990737e-06,-1.5155606229654929e-06,-5.0712383023055587e-06
3043,-0.010999999999999999,0.013000000000000001,-0.00050000000000000001,2.1324675340176705e-06,-2.818080865946141e-06,-1.0152615440439729e-05
3044,-0.01,0.013000000000000001,-0.00050000000000000001,3.0650472442053375e-06,-4.6080047619421052e-06,-1.7450497622126814e-05
3045,-0.0090000000000000011,0.013000000000000001,-0.00050000000000000001,3.9459412089730064e-06,-6.6080958467516628e-06,-2.6856576192599548e-05
3046,-0.0080000000000000002,0.013000000000000001,-0.00050000000000000001,4.6475375342978455e-06,-8.7165088778719825e-06,-3.7839194184118873e-05
3047,-0.0069999999999999993,0.013000000000000001,-0.00050000000000000001,5.0946337449970026e-06,-1.0877149315122311e-05,-4.9730332684940523e-05
3048,-0.0060000000000000001,0.013000000000000001,-0.00050000000000000001,5.2355488862190145e-06,-1.3021894233153237e-05,-6.1844426119616832e-05
3049,-0.005000000000000001,0.013000000000000001,-0.00050000000000000001,5.0485334622409339e-06,-1.5067063156760237e-05,-7.353982581387307e-05
3050,-0.0040000000000000001,0.013000000000000001,-0.00050000000000000001,4.5295181735231938e-06,-1.69159424894958e-05,-8.4222825453381423e-05
3051,-0.0029999999999999992,0.013000000000000001,-0.00050000000000000001,3.7012579271413808e-06,-1.8474456203768538e-05,-9.3354578843357213e-05
3052,-0.0019999999999999983,0.013000000000000001,-0.00050000000000000001,2.607138309548774e-06,-1.9660204894443651e-05,-0.00010046097466563199
3053,-0.0010000000000000009,0.013000000000000001,-0.00050000000000000001,1.3166046873934832e-06,-2.0403122835849159e-05,-0.00010515805181998192
3054,0,0.013000000000000001,-0.00050000000000000001,-7.9057707897842114e-08,-2.0659254652616261e-05,-0.00010717934132667794
3055,0.0010000000000000009,0.013000000000000001,-0.00050000000000000001,-1.4823607899923308e-06,-2.0400078221035136e-05,-0.00010639637342686097
3056,0.0019999999999999983,0.013000000000000001,-0.00050000000000000001,-2.7916531062200086e-06,-1.964523270491758e-05,-0.00010283135647599016
3057,0.0029999999999999992,0.013000000000000001,-0.00050000000000000001,-3.9127012358242632e-06,-1.8434150807675975e-05,-9.666562203867389e-05
3058,0.0040000000000000001,0.013000000000000001,-0.00050000000000000001,-4.7685157109809495e-06,-1.6845111726840309e-05,-8.8232696210331903e-05
3059,0.005000000000000001,0.013000000000000001,-0.00050000000000000001,-5.3072150419453434e-06,-1.4962681252098734e-05,-7.7976535427589405e-05
3060,0.0060000000000000019,0.013000000000000001,-0.00050000000000000001,-5.4956878247703261e-06,-1.2875104339390565e-05,-6.6419538107072358e-05
3061,0.0069999999999999993,0.013000000000000001,-0.00050000000000000001,-5.3347018175418877e-06,-1.0684550621137137e-05,-5.4144641793500894e-05
3062,0.0080000000000000002,0.013000000000000001,-0.00050000000000000001,-4.8456956851528839e-06,-8.4854887230402063e-06,-4.1817217808545718e-05
3063,0.0090000000000000011,0.013000000000000001,-0.00050000000000000001,-4.089873131647741e-06,-6.3602887540985027e-06,-3.0181645609064464e-05
3064,0.0099999999999999985,0.013000000000000001,-0.00050000000000000001,-3.156373839270636e-06,-4.3832627596948619e-06,-1.9983697928751709e-05
3065,0.010999999999999999,0.013000000000000001,-0.00050000000000000001,-2.1852774105441988e-06,-2.6510808199866438e-06,-1.184825911924668e-05
3066,0.012,0.013000000000000001,-0.00050000000000000001,-1.3502636060189836e-06,-1.4031663533726223e-06,-6.0386250996669577e-06
3067,0.013000000000000001,0.013000000000000001,-0.00050000000000000001,-7.7576932930576139e-07,-7.0755739217296628e-07,-2.4079598262078985e-06
3068,0.014000000000000002,0.013000000000000001,-0.00050000000000000001,-3.2385907192216922e-07,-3.4275972981575647e-07,-5.0464237555335962e-07
3069,0.015000000000000003,0.013000000000000001,-0.00050000000000000001,0,0,0
3070,0.016000000000000004,0.013000000000000001,-0.00050000000000000001,0,0,0
3071,0.016999999999999998,0.013000000000000001,-0.00050000000000000001,0,0,0
3072,0.017999999999999999,0.013000000000000001,-0.00050000000000000001,0,0,0
3073,0.019,0.013000000000000001,-0.00050000000000000001,0,0,0
3074,0.02,0.013000000000000001,-0.00050000000000000001,0,0,0
3075,-0.02,0.014000000000000002,-0.00050000000000000001,0,0,0
3076,-0.019,0.014000000000000002,-0.00050000000000000001,0,0,0
3077,-0.018000000000000002,0.014000000000000002,-0.00050000000000000001,0,0,0
3078,-0.017000000000000001,0.014000000000000002,-0.00050000000000000001,0,0,0
3079,-0.016,0.014000000000000002,-0.00050000000000000001,0,0,0
3080,-0.014999999999999999,0.014000000000000002,-0.00050000000000000001,0,0,0
3081,-0.014,0.014000000000000002,-0.00050000000000000001,2.2434306777693048e-07,-2.2309698633247264e-07,-3.865349309206739e-08
3082,-0.013000000000000001,0.014000000000000002,-0.00050000000000000001,3.7001303328168547e-07,-3.1938646181547031e-07,-4.3138568210808051e-07
3083,-0.012,0.014000000000000002,-0.00050000000000000001,4.7560607806309079e-07,-5.5167143198316921e-07,-1.0311621227514002e-06
3084,-0.010999999999999999,0.014000000000000002,-0.00050000000000000001,6.6228581669320255e-07,-9.7645024619269791e-07,-1.9882536305513403e-06
3085,-0.01,0.014000000000000002,-0.00050000000000000001,9.6667481780844701e-07,-1.5590991636552662e-06,-3.3450153415260026e-06
3086,-0.0090000000000000011,0.014000000000000002,-0.00050000000000000001,1.383009557590357e-06,-2.3566654756996836e-06,-5.1795113183604361e-06
3087,-0.0080000000000000002,0.014000000000000002,-0.00050000000000000001,1.7962095229834513e-06,-3.272569457247311e-06,-7.4573106153754226e-06
3088,-0.0069999999999999993,0.014000000000000002,-0.00050000000000000001,2.1220090490308857e-06,-4.2757759955053179e-06,-1.0029488118937624e-05
3089,-0.0060000000000000001,0.014000000000000002,-0.00050000000000000001,2.3009798663443855e-06,-5.3118826818164052e-06,-1.2727668620512408e-05
3090,-0.005000000000000001,0.014000000000000002,-0.00050000000000000001,2.30303130127809e-06,-6.3214837170479205e-06,-1.5387466672399682e-05
3091,-0.0040000000000000001,0.014000000000000002,-0.00050000000000000001,2.1207192059559965e-06,-7.245412566047916e-06,-1.7853106245917707e-05
3092,-0.0029999999999999992,0.014000000000000002,-0.00050000000000000001,1.7642148133175135e-06,-8.0306350412824425e-06,-1.9983090935011858e-05
3093,-0.0019999999999999983,0.014000000000000002,-0.00050000000000000001,1.2597912214807854e-06,-8.6304509200045931e-06,-2.1653566922865526e-05
3094,-0.0010000000000000009,0.014000000000000002,-0.00050000000000000001,6.4547671900274517e-07,-9.0131944214722111e-06,-2.2764724507309999e-05
3095,0,0.014000000000000002,-0.00050000000000000001,-3.1550145637581159e-08,-9.1534140757911709e-06,-2.3243048469741361e-05
3096,0.0010000000000000009,0.014000000000000002,-0.00050000000000000001,-7.1606240551490594e-07,-9.0442345198035235e-06,-2.3050836098048629e-05
3097,0.0019999999999999983,0.014000000000000002,-0.00050000000000000001,-1.3517094368658863e-06,-8.6763023636151158e-06,-2.2205792258501006e-05
3098,0.0029999999999999992,0.014000000000000002,-0.00050000000000000001,-1.8854772433953536e-06,-8.0662250506008699e-06,-2.0747741275753402e-05
3099,0.0040000000000000001,0.014000000000000002,-0.00050000000000000001,-2.2710651644037963e-06,-7.2590736003362751e-06,-1.8757797984033002e-05
3100,0.005000000000000001,0.014000000000000002,-0.00050000000000000001,-2.4698401804482826e-06,-6.3084334111912353e-06,-1.6358710486131294e-05
3101,0.0060000000000000019,0.014000000000000002,-0.00050000000000000001,-2.4678321238365578e-06,-5.2682562188096147e-06,-1.3703674448116134e-05
3102,0.0069999999999999993,0.014000000000000002,-0.00050000000000000001,-2.273628505488941e-06,-4.2043403304228178e-06,-1.0964761137620105e-05
3103,0.0080000000000000002,0.014000000000000002,-0.00050000000000000001,-1.9225018560429037e-06,-3.1808433221996028e-06,-8.3095268049068124e-06
3104,0.0090000000000000011,0.014000000000000002,-0.00050000000000000001,-1.4796420052840341e-06,-2.2597838147241982e-06,-5.8991400787446223e-06
3105,0.0099999999999999985,0.014000000000000002,-0.00050000000000000001,-1.0334521433502274e-06,-1.4681588199971484e-06,-3.8815530247735783e-06
3106,0.010999999999999999,0.014000000000000002,-0.00050000000000000001,-6.9703592858388676e-07,-8.9624855534192967e-07,-2.34574704655999e-06
3107,0.012,0.014000000000000002,-0.00050000000000000001,-4.8336423464413093e-07,-5.1446361061457495e-07,-1.2321270919724471e-06
3108,0.013000000000000001,0.014000000000000002,-0.00050000000000000001,-3.6811950277244972e-07,-2.9905461467937387e-07,-4.9453562012451006e-07
3109,0.014000000000000002,0.014000000000000002,-0.00050000000000000001,-2.1990710294276886e-07,-2.1220054415106803e-07,-2.7124524760621157e-08
3110,0.015000000000000003,0.014000000000000002,-0.00050000000000000001,0,0,0
3111,0.016000000000000004,0.014000000000000002,-0.00050000000000000001,0,0,0
3112,0.016999999999999998,0.014000000000000002,-0.00050000000000000001,0,0,0
3113,0.017999999999999999,0.014000000000000002,-0.00050000000000000001,0,0,0
3114,0.019,0.014000000000000002,-0.00050000000000000001,0,0,0
3115,0.02,0.014000000000000002,-0.00050000000000000001,0,0,0
3116,-0.02,0.015000000000000003,-0.00050000000000000001,0,0,0
3117,-0.019,0.015000000000000003,-0.00050000000000000001,0,0,0
3118,-0.018000000000000002,0.015000000000000003,-0.00050000000000000001,0,0,0
3119,-0.017000000000000001,0.015000000000000003,-0.00050000000000000001,0,0,0
3120,-0.016,0.015000000000000003,-0.00050000000000000001,0,0,0
3121,-0.014999999999999999,0.015000000000000003,-0.00050000000000000001,0,0,0
3122,-0.014,0.015000000000000003,-0.00050000000000000001,0,0,0
3123,-0.013000000000000001,0.015000000000000003,-0.00050000000000000001,0,0,0
3124,-0.012,0.015000000000000003,-0.00050000000000000001,0,0,0
3125,-0.010999999999999999,0.015000000000000003,-0.00050000000000000001,0,0,0
3126,-0.01,0.015000000000000003,-0.00050000000000000001,0,0,0
3127,-0.0090000000000000011,0.015000000000000003,-0.00050000000000000001,0,0,0
3128,-0.0080000000000000002,0.015000000000000003,-0.00050000000000000001,0,0,0
3129,-0.0069999999999999993,0.015000000000000003,-0.00050000000000000001,0,0,0
3130,-0.0060000000000000001,0.015000000000000003,-0.00050000000000000001,0,0,0
3131,-0.005000000000000001,0.015000000000000003,-0.00050000000000000001,0,0,0
3132,-0.0040000000000000001,0.015000000000000003,-0.00050000000000000001,0,0,0
3133,-0.0029999999999999992,0.015000000000000003,-0.00050000000000000001,0,0,0
3134,-0.0019999999999999983,0.015000000000000003,-0.00050000000000000001,0,0,0
3135,-0.0010000000000000009,0.015000000000000003,-0.00050000000000000001,0,0,0
3136,0,0.015000000000000003,-0.00050000000000000001,0,0,0
3137,0.0010000000000000009,0.015000000000000003,-0.00050000000000000001,0,0,0
3138,0.0019999999999999983,0.015000000000000003,-0.00050000000000000001,0,0,0
3139,0.0029999999999999992,0.015000000000000003,-0.00050000000000000001,0,0,0
3140,0.0040000000000000001,0.015000000000000003,-0.00050000000000000001,0,0,0
3141,0.005000000000000001,0.015000000000000003,-0.00050000000000000001,0,0,0
3142,0.0060000000000000019,0.015000000000000003,-0.00050000000000000001,0,0,0
3143,0.0069999999999999993,0.015000000000000003,-0.00050000000000000001,0,0,0
3144,0.0080000000000000002,0.015000000000000003,-0.00050000000000000001,0,0,0
3145,0.0090000000000000011,0.015000000000000003,-0.00050000000000000001,0,0,0
3146,0.0099999999999999985,0.015000000000000003,-0.00050000000000000001,0,0,0
3147,0.010999999999999999,0.015000000000000003,-0.00050000000000000001,0,0,0
3148,0.012,0.015000000000000003,-0.00050000000000000001,0,0,0
3149,0.013000000000000001,0.015000000000000003,-0.00050000000000000001,0,0,0
3150,0.014000000000000002,0.015000000000000003,-0.00050000000000000001,0,0,0
3151,0.015000000000000003,0.015000000000000003,-0.00050000000000000001,0,0,0
3152,0.016000000000000004,0.015000000000000003,-0.00050000000000000001,0,0,0
3153,0.016999999999999998,0.015000000000000003,-0.00050000000000000001,0,0,0
3154,0.017999999999999999,0.015000000000000003,-0.00050000000000000001,0,0,0
3155,0.019,0.015000000000000003,-0.00050000000000000001,0,0,0
3156,0.02,0.015000000000000003,-0.00050000000000000001,0,0,0
3157,-0.02,0.016000000000000004,-0.00050000000000000001,0,0,0
3158,-0.019,0.016000000000000004,-0.00050000000000000001,0,0,0
3159,-0.018000000000000002,0.016000000000000004,-0.00050000000000000001,0,0,0
3160,-0.017000000000000001,0.016000000000000004,-0.00050000000000000001,0,0,0
3161,-0.016,0.016000000000000004,-0.00050000000000000001,0,0,0
3162,-0.014999999999999999,0.016000000000000004,-0.00050000000000000001,0,0,0
3163,-0.014,0.016000000000000004,-0.00050000000000000001,0,0,0
3164,-0.013000000000000001,0.016000000000000004,-0.00050000000000000001,0,0,0
3165,-0.012,0.016000000000000004,-0.00050000000000000001,0,0,0
3166,-0.010999999999999999,0.016000000000000004,-0.00050000000000000001,0,0,0
3167,-0.01,0.016000000000000004,-0.00050000000000000001,0,0,0
3168,-0.0090000000000000011,0.016000000000000004,-0.00050000000000000001,0,0,0
3169,-0.0080000000000000002,0.016000000000000004,-0.00050000000000000001,0,0,0
3170,-0.0069999999999999993,0.016000000000000004,-0.00050000000000000001,0,0,0
3171,-0.0060000000000000001,0.016000000000000004,-0.00050000000000000001,0,0,0
3172,-0.005000000000000001,0.016000000000000004,-0.00050000000000000001,0,0,0
3173,-0.0040000000000000001,0.016000000000000004,-0.00050000000000000001,0,0,0
3174,-0.0029999999999999992,0.016000000000000004,-0.00050000000000000001,0,0,0
3175,-0.0019999999999999983,0.016000000000000004,-0.00050000000000000001,0,0,0
3176,-0.0010000000000000009,0.016000000000000004,-0.00050000000000000001,0,0,0
3177,0,0.016000000000000004,-0.00050000000000000001,0,0,0
3178,0.0010000000000000009,0.016000000000000004,-0.00050000000000000001,0,0,0
3179,0.0019999999999999983,0.016000000000000004,-0.00050000000000000001,0,0,0
3180,0.0029999999999999992,0.016000000000000004,-0.00050000000000000001,0,0,0
3181,0.0040000000000000001,0.016000000000000004,-0.00050000000000000001,0,0,0
3182,0.005000000000000001,0.016000000000000004,-0.00050000000000000001,0,0,0
3183,0.0060000000000000019,0.016000000000000004,-0.00050000000000000001,0,0,0
3184,0.0069999999999999993,0.016000000000000004,-0.00050000000000000001,0,0,0
3185,0.0080000000000000002,0.016000000000000004,-0.00050000000000000001,0,0,0
3186,0.0090000000000000011,0.016000000000000004,-0.00050000000000000001,0,0,0
3187,0.0099999999999999985,0.016000000000000004,-0.00050000000000000001,0,0,0
3188,0.010999999999999999,0.016000000000000004,-0.00050000000000000001,0,0,0
3189,0.012,0.016000000000000004,-0.00050000000000000001,0,0,0
3190,0.013000000000000001,0.016000000000000004,-0.00050000000000000001,0,0,0
3191,0.014000000000000002,0.016000000000000004,-0.00050000000000000001,0,0,0
3192,0.015000000000000003,0.016000000000000004,-0.00050000000000000001,0,0,0
3193,0.016000000000000004,0.016000000000000004,-0.00050000000000000001,0,0,0
3194,0.016999999999999998,0.016000000000000004,-0.00050000000000000001,0,0,0
3195,0.017999999999999999,0.016000000000000004,-0.00050000000000000001,0,0,0
3196,0.019,0.016000000000000004,-0.00050000000000000001,0,0,0
3197,0.02,0.016000000000000004,-0.00050000000000000001,0,0,0
3198,-0.02,0.016999999999999998,-0.00050000000000000001,0,0,0
3199,-0.019,0.016999999999999998,-0.00050000000000000001,0,0,0
3200,-0.018000000000000002,0.016999999999999998,-0.00050000000000000001,0,0,0
3201,-0.017000000000000001,0.016999999999999998,-0.00050000000000000001,0,0,0
3202,-0.016,0.016999999999999998,-0.00050000000000000001,0,0,0
3203,-0.014999999999999999,0.016999999999999998,-0.00050000000000000001,0,0,0
3204,-0.014,0.016999999999999998,-0.00050000000000000001,0,0,0
3205,-0.013000000000000001,0.016999999999999998,-0.00050000000000000001,0,0,0
3206,-0.012,0.016999999999999998,-0.00050000000000000001,0,0,0
3207,-0.010999999999999999,0.016999999999999998,-0.00050000000000000001,0,0,0
3208,-0.01,0.016999999999999998,-0.00050000000000000001,0,0,0
3209,-0.0090000000000000011,0.016999999999999998,-0.00050000000000000001,0,0,0
3210,-0.0080000000000000002,0.016999999999999998,-0.00050000000000000001,0,0,0
3211,-0.0069999999999999993,0.016999999999999998,-0.00050000000000000001,0,0,0
3212,-0.0060000000000000001,0.016999999999999998,-0.00050000000000000001,0,0,0
3213,-0.005000000000000001,0.016999999999999998,-0.00050000000000000001,0,0,0
3214,-0.0040000000000000001,0.016999999999999998,-0.00050000000000000001,0,0,0
3215,-0.0029999999999999992,0.016999999999999998,-0.00050000000000000001,0,0,0
3216,-0.0019999999999999983,0.016999999999999998,-0.00050000000000000001,0,0,0
3217,-0.0010000000000000009,0.016999999999999998,-0.00050000000000000001,0,0,0
3218,0,0.016999999999999998,-0.00050000000000000001,0,0,0
3219,0.0010000000000000009,0.016999999999999998,-0.00050000000000000001,0,0,0
3220,0.0019999999999999983,0.016999999999999998,-0.00050000000000000001,0,0,0
3221,0.0029999999999999992,0.016999999999999998,-0.00050000000000000001,0,0,0
3222,0.0040000000000000001,0.016999999999999998,-0.00050000000000000001,0,0,0
3223,0.005000000000000001,0.016999999999999998,-0.00050000000000000001,0,0,0
3224,0.0060000000000000019,0.016999999999999998,-0.00050000000000000001,0,0,0
3225,0.0069999999999999993,0.016999999999999998,-0.00050000000000000001,0,0,0
3226,0.0080000000000000002,0.016999999999999998,-0.00050000000000000001,0,0,0
3227,0.0090000000000000011,0.016999999999999998,-0.00050000000000000001,0,0,0
3228,0.0099999999999999985,0.016999999999999998,-0.00050000000000000001,0,0,0
3229,0.010999999999999999,0.016999999999999998,-0.00050000000000000001,0,0,0
3230,0.012,0.016999999999999998,-0.00050000000000000001,0,0,0
3231,0.013000000000000001,0.016999999999999998,-0.00050000000000000001,0,0,0
3232,0.014000000000000002,0.016999999999999998,-0.00050000000000000001,0,0,0
3233,0.015000000000000003,0.016999999999999998,-0.00050000000000000001,0,0,0
3234,0.016000000000000004,0.016999999999999998,-0.00050000000000000001,0,0,0
3235,0.016999999999999998,0.016999999999999998,-0.00050000000000000001,0,0,0
3236,0.017999999999999999,0.016999999999999998,-0.00050000000000000001,0,0,0
3237,0.019,0.016999999999999998,-0.00050000000000000001,0,0,0
3238,0.02,0.016999999999999998,-0.00050000000000000001,0,0,0
3239,-0.02,0.017999999999999999,-0.00050000000000000001,0,0,0
3240,-0.019,0.017999999999999999,-0.00050000000000000001,0,0,0
3241,-0.018000000000000002,0.017999999999999999,-0.00050000000000000001,0,0,0
3242,-0.017000000000000001,0.017999999999999999,-0.00050000000000000001,0,0,0
3243,-0.016,0.017999999999999999,-0.00050000000000000001,0,0,0
3244,-0.014999999999999999,0.017999999999999999,-0.00050000000000000001,0,0,0
3245,-0.014,0.017999999999999999,-0.00050000000000000001,0,0,0
3246,-0.013000000000000001,0.017999999999999999,-0.00050000000000000001,0,0,0
3247,-0.012,0.017999999999999999,-0.00050000000000000001,0,0,0
3248,-0.010999999999999999,0.017999999999999999,-0.00050000000000000001,0,0,0
3249,-0.01,0.017999999999999999,-0.00050000000000000001,0,0,0
3250,-0.0090000000000000011,0.017999999999999999,-0.00050000000000000001,0,0,0
3251,-0.0080000000000000002,0.017999999999999999,-0.00050000000000000001,0,0,0
3252,-0.0069999999999999993,0.017999999999999999,-0.00050000000000000001,0,0,0
3253,-0.0060000000000000001,0.017999999999999999,-0.00050000000000000001,0,0,0
3254,-0.005000000000000001,0.017999999999999999,-0.00050000000000000001,0,0,0
3255,-0.0040000000000000001,0.017999999999999999,-0.00050000000000000001,0,0,0
3256,-0.0029999999999999992,0.017999999999999999,-0.00050000000000000001,0,0,0
3257,-0.0019999999999999983,0.017999999999999999,-0.00050000000000000001,0,0,0
3258,-0.0010000000000000009,0.017999999999999999,-0.00050000000000000001,0,0,0
3259,0,0.017999999999999999,-0.00050000000000000001,0,0,0
3260,0.0010000000000000009,0.017999999999999999,-0.00050000000000000001,0,0,0
3261,0.0019999999999999983,0.017999999999999999,-0.00050000000000000001,0,0,0
3262,0.0029999999999999992,0.017999999999999999,-0.00050000000000000001,0,0,0
3263,0.0040000000000000001,0.017999999999999999,-0.00050000000000000001,0,0,0
3264,0.005000000000000001,0.017999999999999999,-0.00050000000000000001,0,0,0
3265,0.0060000000000000019,0.017999999999999999,-0.00050000000000000001,0,0,0
3266,0.0069999999999999993,0.017999999999999999,-0.00050000000000000001,0,0,0
3267,0.0080000000000000002,0.017999999999999999,-0.00050000000000000001,0,0,0
3268,0.0090000000000000011,0.017999999999999999,-0.00050000000000000001,0,0,0
3269,0.0099999999999999985,0.017999999999999999,-0.00050000000000000001,0,0,0
3270,0.010999999999999999,0.017999999999999999,-0.00050000000000000001,0,0,0
3271,0.012,0.017999999999999999,-0.00050000000000000001,0,0,0
3272,0.013000000000000001,0.017999999999999999,-0.00050000000000000001,0,0,0
3273,0.014000000000000002,0.017999999999999999,-0.00050000000000000001,0,0,0
3274,0.015000000000000003,0.017999999999999999,-0.00050000000000000001,0,0,0
3275,0.016000000000000004,0.017999999999999999,-0.00050000000000000001,0,0,0
3276,0.016999999999999998,0.017999999999999999,-0.00050000000000000001,0,0,0
3277,0.017999999999999999,0.017999999999999999,-0.00050000000000000001,0,0,0
3278,0.019,0.017999999999999999,-0.00050000000000000001,0,0,0
3279,0.02,0.017999999999999999,-0.00050000000000000001,0,0,0
3280,-0.02,0.019,-0.00050000000000000001,0,0,0
3281,-0.019,0.019,-0.00050000000000000001,0,0,0
3282,-0.018000000000000002,0.019,-0.00050000000000000001,0,0,0
3283,-0.017000000000000001,0.019,-0.00050000000000000001,0,0,0
3284,-0.016,0.019,-0.00050000000000000001,0,0,0
3285,-0.014999999999999999,0.019,-0.00050000000000000001,0,0,0
3286,-0.014,0.019,-0.00050000000000000001,0,0,0
3287,-0.013000000000000001,0.019,-0.00050000000000000001,0,0,0
3288,-0.012,0.019,-0.00050000000000000001,0,0,0
3289,-0.010999999999999999,0.019,-0.00050000000000000001,0,0,0
3290,-0.01,0.019,-0.00050000000000000001,0,0,0
3291,-0.0090000000000000011,0.019,-0.00050000000000000001,0,0,0
3292,-0.0080000000000000002,0.019,-0.00050000000000000001,0,0,0
3293,-0.0069999999999999993,0.019,-0.00050000000000000001,0,0,0
3294,-0.0060000000000000001,0.019,-0.00050000000000000001,0,0,0
3295,-0.005000000000000001,0.019,-0.00050000000000000001,0,0,0
3296,-0.0040000000000000001,0.019,-0.00050000000000000001,0,0,0
3297,-0.0029999999999999992,0.019,-0.00050000000000000001,0,0,0
3298,-0.0019999999999999983,0.019,-0.00050000000000000001,0,0,0
3299,-0.0010000000000000009,0.019,-0.00050000000000000001,0,0,0
3300,0,0.019,-0.00050000000000000001,0,0,0
3301,0.0010000000000000009,0.019,-0.00050000000000000001,0,0,0
3302,0.0019999999999999983,0.019,-0.00050000000000000001,0,0,0
3303,0.0029999999999999992,0.019,-0.00050000000000000001,0,0,0
3304,0.0040000000000000001,0.019,-0.00050000000000000001,0,0,0
3305,0.005000000000000001,0.019,-0.00050000000000000001,0,0,0
3306,0.0060000000000000019,0.019,-0.00050000000000000001,0,0,0
3307,0.0069999999999999993,0.019,-0.00050000000000000001,0,0,0
3308,0.0080000000000000002,0.019,-0.00050000000000000001,0,0,0
3309,0.0090000000000000011,0.019,-0.00050000000000000001,0,0,0
3310,0.0099999999999999985,0.019,-0.00050000000000000001,0,0,0
3311,0.010999999999999999,0.019,-0.00050000000000000001,0,0,0
3312,0.012,0.019,-0.00050000000000000001,0,0,0
3313,0.013000000000000001,0.019,-0.00050000000000000001,0,0,0
3314,0.014000000000000002,0.019,-0.00050000000000000001,0,0,0
3315,0.015000000000000003,0.019,-0.00050000000000000001,0,0,0
3316,0.016000000000000004,0.019,-0.00050000000000000001,0,0,0
3317,0.016999999999999998,0.019,-0.00050000000000000001,0,0,0
3318,0.017999999999999999,0.019,-0.00050000000000000001,0,0,0
3319,0.019,0.019,-0.00050000000000000001,0,0,0
3320,0.02,0.019,-0.00050000000000000001,0,0,0
3321,-0.02,0.02,-0.00050000000000000001,0,0,0
3322,-0.019,0.02,-0.00050000000000000001,0,0,0
3323,-0.018000000000000002,0.02,-0.00050000000000000001,0,0,0
3324,-0.017000000000000001,0.02,-0.00050000000000000001,0,0,0
3325,-0.016,0.02,-0.00050000000000000001,0,0,0
3326,-0.014999999999999999,0.02,-0.00050000000000000001,0,0,0
3327,-0.014,0.02,-0.00050000000000000001,0,0,0
3328,-0.013000000000000001,0.02,-0.00050000000000000001,0,0,0
3329,-0.012,0.02,-0.00050000000000000001,0,0,0
3330,-0.010999999999999999,0.02,-0.00050000000000000001,0,0,0
3331,-0.01,0.02,-0.00050000000000000001,0,0,0
3332,-0.0090000000000000011,0.02,-0.00050000000000000001,0,0,0
3333,-0.0080000000000000002,0.02,-0.00050000000000000001,0,0,0
3334,-0.0069999999999999993,0.02,-0.00050000000000000001,0,0,0
3335,-0.0060000000000000001,0.02,-0.00050000000000000001,0,0,0
3336,-0.005000000000000001,0.02,-0.00050000000000000001,0,0,0
3337,-0.0040000000000000001,0.02,-0.00050000000000000001,0,0,0
3338,-0.0029999999999999992,0.02,-0.00050000000000000001,0,0,0
3339,-0.0019999999999999983,0.02,-0.00050000000000000001,0,0,0
3340,-0.0010000000000000009,0.02,-0.00050000000000000001,0,0,0
3341,0,0.02,-0.00050000000000000001,0,0,0
3342,0.0010000000000000009,0.02,-0.00050000000000000001,0,0,0
3343,0.0019999999999999983,0.02,-0.00050000000000000001,0,0,0
3344,0.0029999999999999992,0.02,-0.00050000000000000001,0,0,0
3345,0.0040000000000000001,0.02,-0.00050000000000000001,0,0,0
3346,0.005000000000000001,0.02,-0.00050000000000000001,0,0,0
3347,0.0060000000000000019,0.02,-0.00050000000000000001,0,0,0
3348,0.0069999999999999993,0.02,-0.00050000000000000001,0,0,0
3349,0.0080000000000000002,0.02,-0.00050000000000000001,0,0,0
3350,0.0090000000000000011,0.02,-0.00050000000000000001,0,0,0
3351,0.0099999999999999985,0.02,-0.00050000000000000001,0,0,0
3352,0.010999999999999999,0.02,-0.00050000000000000001,0,0,0
3353,0.012,0.02,-0.00050000000000000001,0,0,0
3354,0.013000000000000001,0.02,-0.00050000000000000001,0,0,0
3355,0.014000000000000002,0.02,-0.00050000000000000001,0,0,0
3356,0.015000000000000003,0.02,-0.00050000000000000001,0,0,0
3357,0.016000000000000004,0.02,-0.00050000000000000001,0,0,0
3358,0.016999999999999998,0.02,-0.00050000000000000001,0,0,0
3359,0.017999999999999999,0.02,-0.00050000000000000001,0,0,0
3360,0.019,0.02,-0.00050000000000000001,0,0,0
3361,0.02,0.02,-0.00050000000000000001,0,0,0
3362,-0.02,-0.02,0,0,0,0
3363,-0.019,-0.02,0,0,0,0
3364,-0.018000000000000002,-0.02,0,0,0,0
3365,-0.017000000000000001,-0.02,0,0,0,0
3366,-0.016,-0.02,0,0,0,0
3367,-0.014999999999999999,-0.02,0,0,0,0
3368,-0.014,-0.02,0,0,0,0
3369,-0.013000000000000001,-0.02,0,0,0,0
3370,-0.012,-0.02,0,0,0,0
3371,-0.010999999999999999,-0.02,0,0,0,0
3372,-0.01,-0.02,0,0,0,0
3373,-0.0090000000000000011,-0.02,0,0,0,0
3374,-0.0080000000000000002,-0.02,0,0,0,0
3375,-0.0069999999999999993,-0.02,0,0,0,0
3376,-0.0060000000000000001,-0.02,0,0,0,0
3377,-0.005000000000000001,-0.02,0,0,0,0
3378,-0.0040000000000000001,-0.02,0,0,0,0
3379,-0.0029999999999999992,-0.02,0,0,0,0
3380,-0.0019999999999999983,-0.02,0,0,0,0
3381,-0.0010000000000000009,-0.02,0,0,0,0
3382,0,-0.02,0,0,0,0
3383,0.0010000000000000009,-0.02,0,0,0,0
3384,0.0019999999999999983,-0.02,0,0,0,0
3385,0.0029999999999999992,-0.02,0,0,0,0
3386,0.0040000000000000001,-0.02,0,0,0,0
3387,0.005000000000000001,-0.02,0,0,0,0
3388,0.0060000000000000019,-0.02,0,0,0,0
3389,0.0069999999999999993,-0.02,0,0,0,0
3390,0.0080000000000000002,-0.02,0,0,0,0
3391,0.0090000000000000011,-0.02,0,0,0,0
3392,0.0099999999999999985,-0.02,0,0,0,0
3393,0.010999999999999999,-0.02,0,0,0,0
3394,0.012,-0.02,0,0,0,0
3395,0.013000000000000001,-0.02,0,0,0,0
3396,0.014000000000000002,-0.02,0,0,0,0
3397,0.015000000000000003,-0.02,0,0,0,0
3398,0.016000000000000004,-0.02,0,0,0,0
3399,0.016999999999999998,-0.02,0,0,0,0
3400,0.017999999999999999,-0.02,0,0,0,0
3401,0.019,-0.02,0,0,0,0
3402,0.02,-0.02,0,0,0,0
3403,-0.02,-0.019,0,0,0,0
3404,-0.019,-0.019,0,0,0,0
3405,-0.018000000000000002,-0.019,0,0,0,0
3406,-0.017000000000000001,-0.019,0,0,0,0
3407,-0.016,-0.019,0,0,0,0
3408,-0.014999999999999999,-0.019,0,0,0,0
3409,-0.014,-0.019,0,0,0,0
3410,-0.013000000000000001,-0.019,0,0,0,0
3411,-0.012,-0.019,0,0,0,0
3412,-0.010999999999999999,-0.019,0,0,0,0
3413,-0.01,-0.019,0,0,0,0
3414,-0.0090000000000000011,-0.019,0,0,0,0
3415,-0.0080000000000000002,-0.019,0,0,0,0
3416,-0.0069999999999999993,-0.019,0,0,0,0
3417,-0.0060000000000000001,-0.019,0,0,0,0
3418,-0.005000000000000001,-0.019,0,0,0,0
3419,-0.0040000000000000001,-0.019,0,0,0,0
3420,-0.0029999999999999992,-0.019,0,0,0,0
3421,-0.0019999999999999983,-0.019,0,0,0,0
3422,-0.0010000000000000009,-0.019,0,0,0,0
3423,0,-0.019,0,0,0,0
3424,0.0010000000000000009,-0.019,0,0,0,0
3425,0.0019999999999999983,-0.019,0,0,0,0
3426,0.0029999999999999992,-0.019,0,0,0,0
3427,0.0040000000000000001,-0.019,0,0,0,0
3428,0.005000000000000001,-0.019,0,0,0,0
3429,0.0060000000000000019,-0.019,0,0,0,0
3430,0.0069999999999999993,-0.019,0,0,0,0
3431,0.0080000000000000002,-0.019,0,0,0,0
3432,0.0090000000000000011,-0.019,0,0,0,0
3433,0.0099999999999999985,-0.019,0,0,0,0
3434,0.010999999999999999,-0.019,0,0,0,0
3435,0.012,-0.019,0,0,0,0
3436,0.013000000000000001,-0.019,0,0,0,0
3437,0.014000000000000002,-0.019,0,0,0,0
3438,0.015000000000000003,-0.019,0,0,0,0
3439,0.016000000000000004,-0.019,0,0,0,0
3440,0.016999999999999998,-0.019,0,0,0,0
3441,0.017999999999999999,-0.019,0,0,0,0
3442,0.019,-0.019,0,0,0,0
3443,0.02,-0.019,0,0,0,0
3444,-0.02,-0.018000000000000002,0,0,0,0
3445,-0.019,-0.018000000000000002,0,0,0,0
3446,-0.018000000000000002,-0.018000000000000002,0,0,0,0
3447,-0.017000000000000001,-0.018000000000000002,0,0,0,0
3448,-0.016,-0.018000000000000002,0,0,0,0
3449,-0.014999999999999999,-0.018000000000000002,0,0,0,0
3450,-0.014,-0.018000000000000002,0,0,0,0
3451,-0.013000000000000001,-0.018000000000000002,0,0,0,0
3452,-0.012,-0.018000000000000002,0,0,0,0
3453,-0.010999999999999999,-0.018000000000000002,0,0,0,0
3454,-0.01,-0.018000000000000002,0,0,0,0
3455,-0.0090000000000000011,-0.018000000000000002,0,0,0,0
3456,-0.0080000000000000002,-0.018000000000000002,0,0,0,0
3457,-0.0069999999999999993,-0.018000000000000002,0,0,0,0
3458,-0.0060000000000000001,-0.018000000000000002,0,0,0,0
3459,-0.005000000000000001,-0.018000000000000002,0,0,0,0
3460,-0.0040000000000000001,-0.018000000000000002,0,0,0,0
3461,-0.0029999999999999992,-0.018000000000000002,0,0,0,0
3462,-0.0019999999999999983,-0.018000000000000002,0,0,0,0
3463,-0.0010000000000000009,-0.018000000000000002,0,0,0,0
3464,0,-0.018000000000000002,0,0,0,0
3465,0.0010000000000000009,-0.018000000000000002,0,0,0,0
3466,0.0019999999999999983,-0.018000000000000002,0,0,0,0
3467,0.0029999999999999992,-0.018000000000000002,0,0,0,0
3468,0.0040000000000000001,-0.018000000000000002,0,0,0,0
3469,0.005000000000000001,-0.018000000000000002,0,0,0,0
3470,0.0060000000000000019,-0.018000000000000002,0,0,0,0
3471,0.0069999999999999993,-0.018000000000000002,0,0,0,0
3472,0.0080000000000000002,-0.018000000000000002,0,0,0,0
3473,0.0090000000000000011,-0.018000000000000002,0,0,0,0
3474,0.0099999999999999985,-0.018000000000000002,0,0,0,0
3475,0.010999999999999999,-0.018000000000000002,0,0,0,0
3476,0.012,-0.018000000000000002,0,0,0,0
3477,0.013000000000000001,-0.018000000000000002,0,0,0,0
3478,0.014000000000000002,-0.018000000000000002,0,0,0,0
3479,0.015000000000000003,-0.018000000000000002,0,0,0,0
3480,0.016000000000000004,-0.018000000000000002,0,0,0,0
3481,0.016999999999999998,-0.018000000000000002,0,0,0,0
3482,0.017999999999999999,-0.018000000000000002,0,0,0,0
3483,0.019,-0.018000000000000002,0,0,0,0
3484,0.02,-0.018000000000000002,0,0,0,0
3485,-0.02,-0.017000000000000001,0,0,0,0
3486,-0.019,-0.017000000000000001,0,0,0,0
3487,-0.018000000000000002,-0.017000000000000001,0,0,0,0
3488,-0.017000000000000001,-0.017000000000000001,0,0,0,0
3489,-0.016,-0.017000000000000001,0,0,0,0
3490,-0.014999999999999999,-0.017000000000000001,0,0,0,0
3491,-0.014,-0.017000000000000001,0,0,0,0
3492,-0.013000000000000001,-0.017000000000000001,0,0,0,0
3493,-0.012,-0.017000000000000001,0,0,0,0
3494,-0.010999999999999999,-0.017000000000000001,0,0,0,0
3495,-0.01,-0.017000000000000001,0,0,0,0
3496,-0.0090000000000000011,-0.017000000000000001,0,0,0,0
3497,-0.0080000000000000002,-0.017000000000000001,0,0,0,0
3498,-0.0069999999999999993,-0.017000000000000001,0,0,0,0
3499,-0.0060000000000000001,-0.017000000000000001,0,0,0,0
3500,-0.005000000000000001,-0.017000000000000001,0,0,0,0
3501,-0.0040000000000000001,-0.017000000000000001,0,0,0,0
3502,-0.0029999999999999992,-0.017000000000000001,0,0,0,0
3503,-0.0019999999999999983,-0.017000000000000001,0,0,0,0
3504,-0.0010000000000000009,-0.017000000000000001,0,0,0,0
3505,0,-0.017000000000000001,0,0,0,0
3506,0.0010000000000000009,-0.017000000000000001,0,0,0,0
3507,0.0019999999999999983,-0.017000000000000001,0,0,0,0
3508,0.0029999999999999992,-0.017000000000000001,0,0,0,0
3509,0.0040000000000000001,-0.017000000000000001,0,0,0,0
3510,0.005000000000000001,-0.017000000000000001,0,0,0,0
3511,0.0060000000000000019,-0.017000000000000001,0,0,0,0
3512,0.0069999999999999993,-0.017000000000000001,0,0,0,0
3513,0.0080000000000000002,-0.017000000000000001,0,0,0,0
3514,0.0090000000000000011,-0.017000000000000001,0,0,0,0
3515,0.0099999999999999985,-0.017000000000000001,0,0,0,0
3516,0.010999999999999999,-0.017000000000000001,0,0,0,0
3517,0.012,-0.017000000000000001,0,0,0,0
3518,0.013000000000000001,-0.017000000000000001,0,0,0,0
3519,0.014000000000000002,-0.017000000000000001,0,0,0,0
3520,0.015000000000000003,-0.017000000000000001,0,0,0,0
3521,0.016000000000000004,-0.017000000000000001,0,0,0,0
3522,0.016999999999999998,-0.017000000000000001,0,0,0,0
3523,0.017999999999999999,-0.017000000000000001,0,0,0,0
3524,0.019,-0.017000000000000001,0,0,0,0
3525,0.02,-0.017000000000000001,0,0,0,0
3526,-0.02,-0.016,0,0,0,0
3527,-0.019,-0.016,0,0,0,0
3528,-0.018000000000000002,-0.016,0,0,0,0
3529,-0.017000000000000001,-0.016,0,0,0,0
3530,-0.016,-0.016,0,0,0,0
3531,-0.014999999999999999,-0.016,0,0,0,0
3532,-0.014,-0.016,0,0,0,0
3533,-0.013000000000000001,-0.016,0,0,0,0
3534,-0.012,-0.016,0,0,0,0
3535,-0.010999999999999999,-0.016,0,0,0,0
3536,-0.01,-0.016,0,0,0,0
3537,-0.0090000000000000011,-0.016,0,0,0,0
3538,-0.0080000000000000002,-0.016,0,0,0,0
3539,-0.0069999999999999993,-0.016,0,0,0,0
3540,-0.0060000000000000001,-0.016,0,0,0,0
3541,-0.005000000000000001,-0.016,0,0,0,0
3542,-0.0040000000000000001,-0.016,0,0,0,0
3543,-0.0029999999999999992,-0.016,0,0,0,0
3544,-0.0019999999999999983,-0.016,0,0,0,0
3545,-0.0010000000000000009,-0.016,0,0,0,0
3546,0,-0.016,0,0,0,0
3547,0.0010000000000000009,-0.016,0,0,0,0
3548,0.0019999999999999983,-0.016,0,0,0,0
3549,0.0029999999999999992,-0.016,0,0,0,0
3550,0.0040000000000000001,-0.016,0,0,0,0
3551,0.005000000000000001,-0.016,0,0,0,0
3552,0.0060000000000000019,-0.016,0,0,0,0
3553,0.0069999999999999993,-0.016,0,0,0,0
3554,0.0080000000000000002,-0.016,0,0,0,0
3555,0.0090000000000000011,-0.016,0,0,0,0
3556,0.0099999999999999985,-0.016,0,0,0,0
3557,0.010999999999999999,-0.016,0,0,0,0
3558,0.012,-0.016,0,0,0,0
3559,0.013000000000000001,-0.016,0,0,0,0
3560,0.014000000000000002,-0.016,0,0,0,0
3561,0.015000000000000003,-0.016,0,0,0,0
3562,0.016000000000000004,-0.016,0,0,0,0
3563,0.016999999999999998,-0.016,0,0,0,0
3564,0.017999999999999999,-0.016,0,0,0,0
3565,0.019,-0.016,0,0,0,0
3566,0.02,-0.016,0,0,0,0
3567,-0.02,-0.014999999999999999,0,0,0,0
3568,-0.019,-0.014999999999999999,0,0,0,0
3569,-0.018000000000000002,-0.014999999999999999,0,0,0,0
3570,-0.017000000000000001,-0.014999999999999999,0,0,0,0
3571,-0.016,-0.014999999999999999,0,0,0,0
3572,-0.014999999999999999,-0.014999999999999999,0,0,0,0
3573,-0.014,-0.014999999999999999,0,0,0,0
3574,-0.013000000000000001,-0.014999999999999999,0,0,0,0
3575,-0.012,-0.014999999999999999,0,0,0,0
3576,-0.010999999999999999,-0.014999999999999999,0,0,0,0
3577,-0.01,-0.014999999999999999,0,0,0,0
3578,-0.0090000000000000011,-0.014999999999999999,0,0,0,0
3579,-0.0080000000000000002,-0.014999999999999999,0,0,0,0
3580,-0.0069999999999999993,-0.014999999999999999,0,0,0,0
3581,-0.0060000000000000001,-0.014999999999999999,0,0,0,0
3582,-0.005000000000000001,-0.014999999999999999,0,0,0,0
3583,-0.0040000000000000001,-0.014999999999999999,0,0,0,0
3584,-0.0029999999999999992,-0.014999999999999999,0,0,0,0
3585,-0.0019999999999999983,-0.014999999999999999,0,0,0,0
3586,-0.0010000000000000009,-0.014999999999999999,0,0,0,0
3587,0,-0.014999999999999999,0,0,0,0
3588,0.0010000000000000009,-0.014999999999999999,0,0,0,0
3589,0.0019999999999999983,-0.014999999999999999,0,0,0,0
3590,0.0029999999999999992,-0.014999999999999999,0,0,0,0
3591,0.0040000000000000001,-0.014999999999999999,0,0,0,0
3592,0.005000000000000001,-0.014999999999999999,0,0,0,0
3593,0.0060000000000000019,-0.014999999999999999,0,0,0,0
3594,0.0069999999999999993,-0.014999999999999999,0,0,0,0
3595,0.0080000000000000002,-0.014999999999999999,0,0,0,0
3596,0.0090000000000000011,-0.014999999999999999,0,0,0,0
3597,0.0099999999999999985,-0.014999999999999999,0,0,0,0
3598,0.010999999999999999,-0.014999999999999999,0,0,0,0
3599,0.012,-0.014999999999999999,0,0,0,0
3600,0.013000000000000001,-0.014999999999999999,0,0,0,0
3601,0.014000000000000002,-0.014999999999999999,0,0,0,0
3602,0.015000000000000003,-0.014999999999999999,0,0,0,0
3603,0.016000000000000004,-0.014999999999999999,0,0,0,0
3604,0.016999999999999998,-0.014999999999999999,0,0,0,0
3605,0.017999999999999999,-0.014999999999999999,0,0,0,0
3606,0.019,-0.014999999999999999,0,0,0,0
3607,0.02,-0.014999999999999999,0,0,0,0
3608,-0.02,-0.014,0,0,0,0
3609,-0.019,-0.014,0,0,0,0
3610,-0.018000000000000002,-0.014,0,0,0,0
3611,-0.017000000000000001,-0.014,0,0,0,0
3612,-0.016,-0.014,0,0,0,0
3613,-0.014999999999999999,-0.014,0,0,0,0
3614,-0.014,-0.014,0,4.2913086491611229e-07,4.2778444831378634e-07,-2.3403189012437407e-07
3615,-0.013000000000000001,-0.014,0,7.3358762697672339e-07,8.0411428605659938e-07,-7.0014163565529563e-07
3616,-0.012,-0.014,0,1.18664365919074e-06,1.7044890491946038e-06,-1.9224969969134699e-06
3617,-0.010999999999999999,-0.014,0,1.8267962992074333e-06,3.3013675970007953e-06,-3.9197179113726532e-06
3618,-0.01,-0.014,0,2.5922265865916403e-06,5.6122978744997454e-06,-6.8481635930753312e-06
3619,-0.0090000000000000011,-0.014,0,3.401440268287348e-06,8.5449043151750908e-06,-1.0578459757637776e-05
3620,-0.0080000000000000002,-0.014,0,4.1031878658153491e-06,1.1889036099694759e-05,-1.4966163015990403e-05
3621,-0.0069999999999999993,-0.014,0,4.5782925028359173e-06,1.5452055642251644e-05,-1.9762891201480104e-05
3622,-0.0060000000000000001,-0.014,0,4.7656170215437261e-06,1.9053644374267339e-05,-2.4701555841180727e-05
3623,-0.005000000000000001,-0.014,0,4.6351490175671853e-06,2.2513175659200411e-05,-2.9510509818603736e-05
3624,-0.0040000000000000001,-0.014,0,4.193032185436768e-06,2.5667111697596935e-05,-3.3927147500942303e-05
3625,-0.0029999999999999992,-0.014,0,3.4618735632385352e-06,2.8359632906878925e-05,-3.7708905845553012e-05
3626,-0.0019999999999999983,-0.014,0,2.4892599952958774e-06,3.0450125992249553e-05,-4.0641891364409291e-05
3627,-0.0010000000000000009,-0.014,0,1.3364356948581265e-06,3.1825231945340729e-05,-4.2557096916721636e-05
3628,0,-0.014,0,7.820556294357872e-08,3.2399684473188102e-05,-4.3331850345814815e-05
3629,0.0010000000000000009,-0.014,0,-1.1973657623866818e-06,3.2135488496001391e-05,-4.2911617482935405e-05
3630,0.0019999999999999983,-0.014,0,-2.3977663239013092e-06,3.1040145129940178e-05,-4.1317507173335106e-05
3631,0.0029999999999999992,-0.014,0,-3.4416201327673843e-06,2.9153189156087593e-05,-3.8642307418968002e-05
3632,0.0040000000000000001,-0.014,0,-4.2482990265833407e-06,2.6586339153351835e-05,-3.5041246130222674e-05
3633,0.005000000000000001,-0.014,0,-4.7539540985667411e-06,2.3498092711353163e-05,-3.0732694740196805e-05
3634,0.0060000000000000019,-0.014,0,-4.9304788023720825e-06,2.0048511531168279e-05,-2.5945233758306921e-05
3635,0.0069999999999999993,-0.014,0,-4.7706829500615345e-06,1.6392973894682667e-05,-2.0946524678948914e-05
3636,0.0080000000000000002,-0.014,0,-4.3087282946921151e-06,1.2718861868579468e-05,-1.601656647164027e-05
3637,0.0090000000000000011,-0.014,0,-3.6098260427632626e-06,9.2280970710416993e-06,-1.1434817455981672e-05
3638,0.0099999999999999985,-0.014,0,-2.7860121347041921e-06,6.125338906456582e-06,-7.4818829998260233e-06
3639,0.010999999999999999,-0.014,0,-1.9885559790282142e-06,3.6491457558776426e-06,-4.3386404337064914e-06
3640,0.012,-0.014,0,-1.3109216078508507e-06,1.9121573179521969e-06,-2.1572365859827618e-06
3641,0.013000000000000001,-0.014,0,-8.1291165812209559e-07,8.9996778181140471e-07,-7.8641465284425447e-07
3642,0.014000000000000002,-0.014,0,-4.5962465390079813e-07,4.5518997855916394e-07,-2.3514886344121522e-07
3643,0.015000000000000003,-0.014,0,0,0,0
3644,0.016000000000000004,-0.014,0,0,0,0
3645,0.016999999999999998,-0.014,0,0,0,0
3646,0.017999999999999999,-0.014,0,0,0,0
3647,0.019,-0.014,0,0,0,0
3648,0.02,-0.014,0,0,0,0
3649,-0.02,-0.013000000000000001,0,0,0,0
3650,-0.019,-0.013000000000000001,0,0,0,0
3651,-0.018000000000000002,-0.013000000000000001,0,0,0,0
3652,-0.017000000000000001,-0.013000000000000001,0,0,0,0
3653,-0.016,-0.013000000000000001,0,0,0,0
3654,-0.014999999999999999,-0.013000000000000001,0,0,0,0
3655,-0.014,-0.013000000000000001,0,8.0792639248526575e-07,7.279604755835005e-07,-7.0016471490312431e-07
3656,-0.013000000000000001,-0.013000000000000001,0,1.9677972205887507e-06,1.9532197221117715e-06,-2.551844874666281e-06
3657,-0.012,-0.013000000000000001,0,3.5623283855765335e-06,4.4348368526492818e-06,-6.4395879113788533e-06
3658,-0.010999999999999999,-0.013000000000000001,0,5.5413354170152193e-06,8.4050614608248633e-06,-1.2303025253050048e-05
3659,-0.01,-0.013000000000000001,0,7.6151740684708189e-06,1.368805059284343e-05,-2.0347942678168757e-05
3660,-0.0090000000000000011,-0.013000000000000001,0,9.4879093952726672e-06,1.9939160568721947e-05,-3.0250731813010236e-05
3661,-0.0080000000000000002,-0.013000000000000001,0,1.0900610829874949e-05,2.6808484355915586e-05,-4.1625741205969697e-05
3662,-0.0069999999999999993,-0.013000000000000001,0,1.1730700703946019e-05,3.3987460583528502e-05,-5.385232177248491e-05
3663,-0.0060000000000000001,-0.013000000000000001,0,1.1902311020013896e-05,4.1163841510836313e-05,-6.6306490980614304e-05
3664,-0.005000000000000001,-0.013000000000000001,0,1.1395481986944414e-05,4.8022512307684599e-05,-7.8356732146117597e-05
3665,-0.0040000000000000001,-0.013000000000000001,0,1.0208937175608593e-05,5.4243867576501568e-05,-8.9400305203376452e-05
3666,-0.0029999999999999992,-0.013000000000000001,0,8.3938439084164544e-06,5.9527276648643773e-05,-9.8869287355555818e-05
3667,-0.0019999999999999983,-0.013000000000000001,0,6.0320084533970993e-06,6.3611053156012156e-05,-0.00010626125496361537
3668,-0.0010000000000000009,-0.013000000000000001,0,3.2625174282169889e-06,6.6277490207486829e-05,-0.00011115886655412314
3669,0,-0.013000000000000001,0,2.6198102131186823e-07,6.7392066760935303e-05,-0.00011327643197448589
3670,0.0010000000000000009,-0.013000000000000001,0,-2.7718518978764944e-06,6.6875728114341551e-05,-0.00011247365397314305
3671,0.0019999999999999983,-0.013000000000000001,0,-5.6353841529150103e-06,6.4727533996231814e-05,-0.00010878401059072243
3672,0.0029999999999999992,-0.013000000000000001,0,-8.1289698110701795e-06,6.1096295121013672e-05,-0.00010241299811062586
3673,0.0040000000000000001,-0.013000000000000001,0,-1.0105509211148169e-05,5.6167738715115573e-05,-9.3713567259081114e-05
3674,0.005000000000000001,-0.013000000000000001,0,-1.1467167488112498e-05,5.0175381294871633e-05,-8.3137324109476034e-05
3675,0.0060000000000000019,-0.013000000000000001,0,-1.2139516589315445e-05,4.3380697409085541e-05,-7.1219892166148207e-05
3676,0.0069999999999999993,-0.013000000000000001,0,-1.2105449918074007e-05,3.6099115126975222e-05,-5.8570750905928803e-05
3677,0.0080000000000000002,-0.013000000000000001,0,-1.1368781505969015e-05,2.8670644055742733e-05,-4.585640414510239e-05
3678,0.0090000000000000011,-0.013000000000000001,0,-1.0000428542597168e-05,2.1457428897209155e-05,-3.3762431613349193e-05
3679,0.0099999999999999985,-0.013000000000000001,0,-8.1246493819148714e-06,1.483497613046766e-05,-2.3007438814437873e-05
3680,0.010999999999999999,-0.013000000000000001,0,-5.9950071721339561e-06,9.1808299887889673e-06,-1.4082986017165952e-05
3681,0.012,-0.013000000000000001,0,-3.9163902204723996e-06,4.8925793483589527e-06,-7.4594505403814588e-06
3682,0.013000000000000001,-0.013000000000000001,0,-2.2166884415230668e-06,2.1767484117144615e-06,-3.0008667356480667e-06
3683,0.014000000000000002,-0.013000000000000001,0,-9.2863136789715639e-07,8.0772474364143315e-07,-8.0277846376227627e-07
3684,0.015000000000000003,-0.013000000000000001,0,0,0,0
3685,0.016000000000000004,-0.013000000000000001,0,0,0,0
3686,0.016999999999999998,-0.013000000000000001,0,0,0,0
3687,0.017999999999999999,-0.013000000000000001,0,0,0,0
3688,0.019,-0.013000000000000001,0,0,0,0
3689,0.02,-0.013000000000000001,0,0,0,0
3690,-0.02,-0.012,0,0,0,0
3691,-0.019,-0.012,0,0,0,0
3692,-0.018000000000000002,-0.012,0,0,0,0
3693,-0.017000000000000001,-0.012,0,0,0,0
3694,-0.016,-0.012,0,0,0,0
3695,-0.014999999999999999,-0.012,0,0,0,0
3696,-0.014,-0.012,0,1.7079322086123626e-06,1.1717026789663194e-06,-1.9185032847285224e-06
3697,-0.013000000000000001,-0.012,0,4.4547825346103072e-06,3.524973960802516e-06,-6.4254846913574091e-06
3698,-0.012,-0.012,0,7.6327827340617845e-06,7.5734139680343523e-06,-1.5093574595156218e-05
3699,-0.010999999999999999,-0.012,0,1.1012947320981354e-05,1.32548526722331e-05,-2.7665475313255857e-05
3700,-0.01,-0.012,0,1.3954663122837122e-05,1.9945374185564806e-05,-4.4167543567803865e-05
3701,-0.0090000000000000011,-0.012,0,1.6196078783855245e-05,2.7188899356398281e-05,-6.385711210409224e-05
3702,-0.0080000000000000002,-0.012,0,1.7574416712857758e-05,3.4667496450413702e-05,-8.5830771177955976e-05
3703,-0.0069999999999999993,-0.012,0,1.8088389165032997e-05,4.2179373508621368e-05,-0.00010898666135087175
3704,-0.0060000000000000001,-0.012,0,1.7746022129304827e-05,4.9508598787285083e-05,-0.00013227656818454159
3705,-0.005000000000000001,-0.012,0,1.6567798668143115e-05,5.6415659698447434e-05,-0.0001546367132048289
3706,-0.0040000000000000001,-0.012,0,1.4593840846499417e-05,6.2645204013182305e-05,-0.00017504949895407037
3707,-0.0029999999999999992,-0.012,0,1.1873900486909781e-05,6.7934558494626621e-05,-0.00019253319466881191
3708,-0.0019999999999999983,-0.012,0,8.5237957538893632e-06,7.2039817159543813e-05,-0.00020620326335021131
3709,-0.0010000000000000009,-0.012,0,4.6875086908902896e-06,7.4761777079959243e-05,-0.00021533843400041824
3710,0,-0.012,0,5.6624089066719967e-07,7.5941503522248836e-05,-0.00021943792836559087
3711,0.0010000000000000009,-0.012,0,-3.5917884645388948e-06,7.553697204288259e-05,-0.00021826053988272659
3712,0.0019999999999999983,-0.012,0,-7.5539806779455481e-06,7.3574114450261955e-05,-0.0002118564272384631
3713,0.0029999999999999992,-0.012,0,-1.1120238162609966e-05,7.0140486259277204e-05,-0.00020054711567328259
3714,0.0040000000000000001,-0.012,0,-1.4125051718116541e-05,6.5398408521776899e-05,-0.00018488550685682304
3715,0.005000000000000001,-0.012,0,-1.6424094342841723e-05,5.9518467424828073e-05,-0.00016560862556080048
3716,0.0060000000000000019,-0.012,0,-1.7936572348527045e-05,5.2737979754640272e-05,-0.00014363242233236513
3717,0.0069999999999999993,-0.012,0,-1.8589401524607594e-05,4.531463880841172e-05,-0.00011997046918760215
3718,0.0080000000000000002,-0.012,0,-1.8330661670232167e-05,3.7511158150967569e-05,-9.5762696759168234e-05
3719,0.0090000000000000011,-0.012,0,-1.712336712286577e-05,2.9586783170216427e-05,-7.2202279648688467e-05
3720,0.0099999999999999985,-0.012,0,-1.4947320974588381e-05,2.1806231918752524e-05,-5.0594544292093794e-05
3721,0.010999999999999999,-0.012,0,-1.196241016814488e-05,1.456720684199997e-05,-3.2078608624082563e-05
3722,0.012,-0.012,0,-8.4187289117941297e-06,8.3722788789874999e-06,-1.7678722353243497e-05
3723,0.013000000000000001,-0.012,0,-4.9982548467902834e-06,3.9028141941946555e-06,-7.5913748786210704e-06
3724,0.014000000000000002,-0.012,0,-1.989586719568314e-06,1.3112369117811653e-06,-2.236445005133334e-06
3725,0.015000000000000003,-0.012,0,0,0,0
3726,0.016000000000000004,-0.012,0,0,0,0
3727,0.016999999999999998,-0.012,0,0,0,0
3728,0.017999999999999999,-0.012,0,0,0,0
3729,0.019,-0.012,0,0,0,0
3730,0.02,-0.012,0,0,0,0
3731,-0.02,-0.010999999999999999,0,0,0,0
3732,-0.019,-0.010999999999999999,0,0,0,0
3733,-0.018000000000000002,-0.010999999999999999,0,0,0,0
3734,-0.017000000000000001,-0.010999999999999999,0,0,0,0
3735,-0.016,-0.010999999999999999,0,0,0,0
3736,-0.014999999999999999,-0.010999999999999999,0,0,0,0
3737,-0.014,-0.010999999999999999,0,3.2965323234099755e-06,1.7960434000906526e-06,-3.9015164238565356e-06
3738,-0.013000000000000001,-0.010999999999999999,0,8.4169537206166162e-06,5.4657369655968196e-06,-1.223993791014872e-05
3739,-0.012,-0.010999999999999999,0,1.3321744040277034e-05,1.0885483317720991e-05,-2.7582438136298663e-05
3740,-0.010999999999999999,-0.010999999999999999,0,1.7810368929966059e-05,1.7642772855425434e-05,-4.8813961309285648e-05
3741,-0.01,-0.010999999999999999,0,2.1256784437051615e-05,2.4922262356755505e-05,-7.5485856504853031e-05
3742,-0.0090000000000000011,-0.010999999999999999,0,2.3663341460579891e-05,3.2473689687040232e-05,-0.00010619283192913652
3743,-0.0080000000000000002,-0.010999999999999999,0,2.4983938769708191e-05,4.008876784536961e-05,-0.00013965394354518759
3744,-0.0069999999999999993,-0.010999999999999999,0,2.5256126742669789e-05,4.7629280336453555e-05,-0.0001744812911969039
3745,-0.0060000000000000001,-0.010999999999999999,0,2.4464000763000098e-05,5.4909913272288549e-05,-0.00020930498899295277
3746,-0.005000000000000001,-0.010999999999999999,0,2.2637748410016032e-05,6.1735139982957562e-05,-0.00024270415926204818
3747,-0.0040000000000000001,-0.010999999999999999,0,1.9802055343121715e-05,6.7869241528734496e-05,-0.00027323433142672951
3748,-0.0029999999999999992,-0.010999999999999999,0,1.6055406962003702e-05,7.307818822848737e-05,-0.0002994728466095236
3749,-0.0019999999999999983,-0.010999999999999999,0,1.1519302558751344e-05,7.7138903306864075e-05,-0.00032011756344654785
3750,-0.0010000000000000009,-0.010999999999999999,0,6.4249166775762208e-06,7.9872125314361966e-05,-0.00033409244970057449
3751,0,-0.010999999999999999,0,1.0172344362684482e-06,8.1161381849151194e-05,-0.00034063352209703945
3752,0.0010000000000000009,-0.010999999999999999,0,-4.4642905193179251e-06,8.0895305750752818e-05,-0.0003393565099410549
3753,0.0019999999999999983,-0.010999999999999999,0,-9.7377025771630618e-06,7.9129777835094912e-05,-0.00033032707370176387
3754,0.0029999999999999992,-0.010999999999999999,0,-1.4570984972562349e-05,7.5930677444431227e-05,-0.00031396565065385781
3755,0.0040000000000000001,-0.010999999999999999,0,-1.8733238262166702e-05,7.1400784532705118e-05,-0.0002910559570080908
3756,0.005000000000000001,-0.010999999999999999,0,-2.2081480703463577e-05,6.5724210441682007e-05,-0.00026265970179783842
3757,0.0060000000000000019,-0.010999999999999999,0,-2.4473684028496237e-05,5.9109158195772182e-05,-0.00023003988594365445
3758,0.0069999999999999993,-0.010999999999999999,0,-2.5832946304229166e-05,5.1784135130082367e-05,-0.00019462970525794114
3759,0.0080000000000000002,-0.010999999999999999,0,-2.6062980029784948e-05,4.3952965607255215e-05,-0.0001579893638960504
3760,0.0090000000000000011,-0.010999999999999999,0,-2.5124553519398047e-05,3.5831793236859366e-05,-0.00012174367576377593
3761,0.0099999999999999985,-0.010999999999999999,0,-2.2923535717480482e-05,2.7615504941619024e-05,-8.7634680426902059e-05
3762,0.010999999999999999,-0.010999999999999999,0,-1.9481124510199258e-05,1.9596977123573866e-05,-5.7341253189426143e-05
3763,0.012,-0.010999999999999999,0,-1.4777617767205244e-05,1.2124955631969832e-05,-3.2719080986252511e-05
3764,0.013000000000000001,-0.010999999999999999,0,-9.4701981609938827e-06,6.0802801738188361e-06,-1.4619442688347748e-05
3765,0.014000000000000002,-0.010999999999999999,0,-3.8218248044709903e-06,2.0034434021959249e-06,-4.5618155408771248e-06
3766,0.015000000000000003,-0.010999999999999999,0,0,0,0
3767,0.016000000000000004,-0.010999999999999999,0,0,0,0
3768,0.016999999999999998,-0.010999999999999999,0,0,0,0
3769,0.017999999999999999,-0.010999999999999999,0,0,0,0
3770,0.019,-0.010999999999999999,0,0,0,0
3771,0.02,-0.010999999999999999,0,0,0,0
3772,-0.02,-0.01,0,0,0,0
3773,-0.019,-0.01,0,0,0,0
3774,-0.018000000000000002,-0.01,0,0,0,0
3775,-0.017000000000000001,-0.01,0,0,0,0
3776,-0.016,-0.01,0,0,0,0
3777,-0.014999999999999999,-0.01,0,0,0,0
3778,-0.014,-0.01,0,5.5847962047311754e-06,2.5384107491036938e-06,-6.7974076224284939e-06
3779,-0.013000000000000001,-0.01,0,1.3666795842003681e-05,7.4845074325128437e-06,-2.0174405088462628e-05
3780,-0.012,-0.01,0,1.9990073396770585e-05,1.372883257659958e-05,-4.3877357209812809e-05
3781,-0.010999999999999999,-0.01,0,2.510041974807173e-05,2.0941109080071634e-05,-7.5207734142779148e-05
3782,-0.01,-0.01,0,2.8738910970912709e-05,2.8358772971528048e-05,-0.0001129649346070971
3783,-0.0090000000000000011,-0.01,0,3.1131992555262444e-05,3.5930754670389592e-05,-0.00015538186866315251
3784,-0.0080000000000000002,-0.01,0,3.2288822621133572e-05,4.3489743843110394e-05,-0.00020099487066242732
3785,-0.0069999999999999993,-0.01,0,3.2260776557101574e-05,5.0959967208132952e-05,-0.00024821485308606389
3786,-0.0060000000000000001,-0.01,0,3.1042819394487779e-05,5.8206948622462359e-05,-0.00029543215501458937
3787,-0.005000000000000001,-0.01,0,2.8616652923306742e-05,6.5038824941956024e-05,-0.00034086346086689739
3788,-0.0040000000000000001,-0.01,0,2.5010699439996457e-05,7.1239796295525734e-05,-0.00038261891418037901
3789,-0.0029999999999999992,-0.01,0,2.0296559000716332e-05,7.6546693374397227e-05,-0.00041876245008152954
3790,-0.0019999999999999983,-0.01,0,1.4684013533954172e-05,8.0766128720606282e-05,-0.00044748344516686402
3791,-0.0010000000000000009,-0.01,0,8.3819429562796366e-06,8.3672136510369599e-05,-0.00046721029455376866
3792,0,-0.01,0,1.6666998869841105e-06,8.5076372384091929e-05,-0.00047685468081933496
3793,0.0010000000000000009,-0.01,0,-5.1234301138328471e-06,8.4989270724345714e-05,-0.00047587728107859642
3794,0.0019999999999999983,-0.01,0,-1.1711129287766428e-05,8.3345031505947857e-05,-0.00046422337638328504
3795,0.0029999999999999992,-0.01,0,-1.7756958284222053e-05,8.0207502155331544e-05,-0.00044248857789687
3796,0.0040000000000000001,-0.01,0,-2.306663878148773e-05,7.572062873017979e-05,-0.00041175030384263498
3797,0.005000000000000001,-0.01,0,-2.742815837951087e-05,7.0088340623174113e-05,-0.00037343252556253515
3798,0.0060000000000000019,-0.01,0,-3.0730713497517164e-05,6.3530511179299678e-05,-0.00032925336054598532
3799,0.0069999999999999993,-0.01,0,-3.2850311719056226e-05,5.6249316428408096e-05,-0.00028109015127921589
3800,0.0080000000000000002,-0.01,0,-3.3714818436895963e-05,4.8452793207800329e-05,-0.00023097473146511651
3801,0.0090000000000000011,-0.01,0,-3.3232828978795476e-05,4.0308528637056507e-05,-0.00018093800048847965
3802,0.0099999999999999985,-0.01,0,-3.1272561200009811e-05,3.1950451588359613e-05,-0.00013311422794854094
3803,0.010999999999999999,-0.01,0,-2.7759507361943087e-05,2.3621265109801177e-05,-8.9556432629828413e-05
3804,0.012,-0.01,0,-2.2409158195501351e-05,1.5484924332193857e-05,-5.2731764743377552e-05
3805,0.013000000000000001,-0.01,0,-1.5521869591516521e-05,8.4043597245610191e-06,-2.4404772736295025e-05
3806,0.014000000000000002,-0.01,0,-6.5248523710160023e-06,2.8576945244846881e-06,-8.0436021240608763e-06
3807,0.015000000000000003,-0.01,0,0,0,0
3808,0.016000000000000004,-0.01,0,0,0,0
3809,0.016999999999999998,-0.01,0,0,0,0
3810,0.017999999999999999,-0.01,0,0,0,0
3811,0.019,-0.01,0,0,0,0
3812,0.02,-0.01,0,0,0,0
3813,-0.02,-0.0090000000000000011,0,0,0,0
3814,-0.019,-0.0090000000000000011,0,0,0,0
3815,-0.018000000000000002,-0.0090000000000000011,0,0,0,0
3816,-0.017000000000000001,-0.0090000000000000011,0,0,0,0
3817,-0.016,-0.0090000000000000011,0,0,0,0
3818,-0.014999999999999999,-0.0090000000000000011,0,0,0,0
3819,-0.014,-0.0090000000000000011,0,8.4734591481032557e-06,3.3176274958502162e-06,-1.0468149102420932e-05
3820,-0.013000000000000001,-0.0090000000000000011,0,1.9847641252363555e-05,9.2865024777643044e-06,-2.9877226091829139e-05
3821,-0.012,-0.0090000000000000011,0,2.7166717011600535e-05,1.5844895576942798e-05,-6.3178433395259714e-05
3822,-0.010999999999999999,-0.0090000000000000011,0,3.2615767166602894e-05,2.3158572879935863e-05,-0.00010534557431708816
3823,-0.01,-0.0090000000000000011,0,3.6331692726260511e-05,3.0491812814509922e-05,-0.00015469369841689356
3824,-0.0090000000000000011,-0.0090000000000000011,0,3.866450113668025e-05,3.7926588230040465e-05,-0.00020934481535528622
3825,-0.0080000000000000002,-0.0090000000000000011,0,3.9670832395673512e-05,4.5356191732696415e-05,-0.00026774452450662031
3826,-0.0069999999999999993,-0.0090000000000000011,0,3.9410732087462419e-05,5.27690796631285e-05,-0.00032824092411079748
3827,-0.0060000000000000001,-0.0090000000000000011,0,3.7819582302418128e-05,6.0037808994674156e-05,-0.0003890083270076358
3828,-0.005000000000000001,-0.0090000000000000011,0,3.4870378703940951e-05,6.7013494383710257e-05,-0.00044791201843581723
3829,-0.0040000000000000001,-0.0090000000000000011,0,3.0523108492412075e-05,7.3420797676072288e-05,-0.00050255337224506733
3830,-0.0029999999999999992,-0.0090000000000000011,0,2.4899386838627097e-05,7.902851088695827e-05,-0.00055034012607262312
3831,-0.0019999999999999983,-0.0090000000000000011,0,1.8187640028264251e-05,8.3561778448660684e-05,-0.00058876665819098523
3832,-0.0010000000000000009,-0.0090000000000000011,0,1.0634118422799118e-05,8.6750066931576514e-05,-0.00061570669256466874
3833,0,-0.0090000000000000011,0,2.6079557619888667e-06,8.8462155292163048e-05,-0.00062950636341747152
3834,0.0010000000000000009,-0.0090000000000000011,0,-5.5668615118934654e-06,8.8519867322017711e-05,-0.0006292326037765372
3835,0.0019999999999999983,-0.0090000000000000011,0,-1.3443159964901751e-05,8.6953700959470798e-05,-0.00061491253434124845
3836,0.0029999999999999992,-0.0090000000000000011,0,-2.0802046558711823e-05,8.3819802413840524e-05,-0.00058729217924329826
3837,0.0040000000000000001,-0.0090000000000000011,0,-2.7282607124543182e-05,7.9284151581235677e-05,-0.00054772337342054835
3838,0.005000000000000001,-0.0090000000000000011,0,-3.2736062074457824e-05,7.3550289741480509e-05,-0.00049816334870935385
3839,0.0060000000000000019,-0.0090000000000000011,0,-3.6965331125855843e-05,6.6860218138959458e-05,-0.00044090888684634343
3840,0.0069999999999999993,-0.0090000000000000011,0,-3.992322684880091e-05,5.9483646598068924e-05,-0.00037846437208810199
3841,0.0080000000000000002,-0.0090000000000000011,0,-4.1457290209559623e-05,5.1606426722859495e-05,-0.00031337959443734095
3842,0.0090000000000000011,-0.0090000000000000011,0,-4.1520949659519448e-05,4.3437076630221744e-05,-0.00024821562447700877
3843,0.0099999999999999985,-0.0090000000000000011,0,-3.9924004384029529e-05,3.5041993504188849e-05,-0.00018544207434315535
3844,0.010999999999999999,-0.0090000000000000011,0,-3.6529337939912289e-05,2.6612105706006491e-05,-0.00012742677850958027
3845,0.012,-0.0090000000000000011,0,-3.08680920316724e-05,1.8161406711864685e-05,-7.7018210515892262e-05
3846,0.013000000000000001,-0.0090000000000000011,0,-2.2857954687401871e-05,1.0570931082173531e-05,-3.66237778764278e-05
3847,0.014000000000000002,-0.0090000000000000011,0,-1.0018227088633183e-05,3.7885105526087299e-06,-1.2569734158149829e-05
3848,0.015000000000000003,-0.0090000000000000011,0,0,0,0
3849,0.016000000000000004,-0.0090000000000000011,0,0,0,0
3850,0.016999999999999998,-0.0090000000000000011,0,0,0,0
3851,0.017999999999999999,-0.0090000000000000011,0,0,0,0
3852,0.019,-0.0090000000000000011,0,0,0,0
3853,0.02,-0.0090000000000000011,0,0,0,0
3854,-0.02,-0.0080000000000000002,0,0,0,0
3855,-0.019,-0.0080000000000000002,0,0,0,0
3856,-0.018000000000000002,-0.0080000000000000002,0,0,0,0
3857,-0.017000000000000001,-0.0080000000000000002,0,0,0,0
3858,-0.016,-0.0080000000000000002,0,0,0,0
3859,-0.014999999999999999,-0.0080000000000000002,0,0,0,0
3860,-0.014,-0.0080000000000000002,0,1.1746063643552839e-05,3.9839621291442612e-06,-1.4761505429287302e-05
3861,-0.013000000000000001,-0.0080000000000000002,0,2.6598608181358561e-05,1.0616813716274569e-05,-4.0937271800203564e-05
3862,-0.012,-0.0080000000000000002,0,3.4520614258687095e-05,1.7078769877673881e-05,-8.4530674062854313e-05
3863,-0.010999999999999999,-0.0080000000000000002,0,4.0133684268582392e-05,2.4261638711783468e-05,-0.00013786063824043751
3864,-0.01,-0.0080000000000000002,0,4.3852191362465654e-05,3.1348788911250636e-05,-0.0001990776272828755
3865,-0.0090000000000000011,-0.0080000000000000002,0,4.6138645342154116e-05,3.8542597411684668e-05,-0.00026634169373701956
3866,-0.0080000000000000002,-0.0080000000000000002,0,4.7070466621572262e-05,4.5799617087830568e-05,-0.00033818840987033001
3867,-0.0069999999999999993,-0.0080000000000000002,0,4.6665865937022467e-05,5.3131453486674492e-05,-0.00041297301283000666
3868,-0.0060000000000000001,-0.0080000000000000002,0,4.4827821572062778e-05,6.0468550793273198e-05,-0.00048873962921236762
3869,-0.005000000000000001,-0.0080000000000000002,0,4.1429514832770537e-05,6.7642775191235015e-05,-0.00056300844127552744
3870,-0.0040000000000000001,-0.0080000000000000002,0,3.6422018653816018e-05,7.438162427421753e-05,-0.00063271734139132057
3871,-0.0029999999999999992,-0.0080000000000000002,0,2.997025820969692e-05,8.0462265144240646e-05,-0.00069458251383809459
3872,-0.0019999999999999983,-0.0080000000000000002,0,2.2156154085932432e-05,8.5453959957977404e-05,-0.00074516451954657014
3873,-0.0010000000000000009,-0.0080000000000000002,0,1.3406772355209858e-05,8.9067396852096452e-05,-0.00078126179097718577
3874,0,-0.0080000000000000002,0,4.0198986414236756e-06,9.108543800161615e-05,-0.00080058988797585744
3875,0.0010000000000000009,-0.0080000000000000002,0,-5.469206504944999e-06,9.1450666098580346e-05,-0.00080192008554413506
3876,0.0019999999999999983,-0.0080000000000000002,0,-1.4809952303556116e-05,9.0014424728443695e-05,-0.0007850376586947495
3877,0.0029999999999999992,-0.0080000000000000002,0,-2.3423388516638026e-05,8.6893030882985171e-05,-0.00075073929761880259
3878,0.0040000000000000001,-0.0080000000000000002,0,-3.1195926636395831e-05,8.2232055324740891e-05,-0.00070095218297308018
3879,0.005000000000000001,-0.0080000000000000002,0,-3.7775940306610492e-05,7.6283097816377883e-05,-0.00063823970044082684
3880,0.0060000000000000019,-0.0080000000000000002,0,-4.3096318798588699e-05,6.9347667646485608e-05,-0.00056573986627155926
3881,0.0069999999999999993,-0.0080000000000000002,0,-4.6930569628730469e-05,6.1684621456859011e-05,-0.00048672114600951168
3882,0.0080000000000000002,-0.0080000000000000002,0,-4.9238876637960457e-05,5.3616462840933097e-05,-0.00040460582482216721
3883,0.0090000000000000011,-0.0080000000000000002,0,-4.9878499843915952e-05,4.5312466117860952e-05,-0.00032250402796936363
3884,0.0099999999999999985,-0.0080000000000000002,0,-4.8713362486885173e-05,3.6898061376662113e-05,-0.00024338074899939402
3885,0.010999999999999999,-0.0080000000000000002,0,-4.5566077599516823e-05,2.8484425605994197e-05,-0.00016974604725823145
3886,0.012,-0.0080000000000000002,0,-3.9805558289697495e-05,1.9938154348504966e-05,-0.00010469146387166104
3887,0.013000000000000001,-0.0080000000000000002,0,-3.1107475638989246e-05,1.2283964066688826e-05,-5.0887905716754291e-05
3888,0.014000000000000002,-0.0080000000000000002,0,-1.406844080490185e-05,4.6183424528250141e-06,-1.7969286542463406e-05
3889,0.015000000000000003,-0.0080000000000000002,0,0,0,0
3890,0.016000000000000004,-0.0080000000000000002,0,0,0,0
3891,0.016999999999999998,-0.0080000000000000002,0,0,0,0
3892,0.017999999999999999,-0.0080000000000000002,0,0,0,0
3893,0.019,-0.0080000000000000002,0,0,0,0
3894,0.02,-0.0080000000000000002,0,0,0,0
3895,-0.02,-0.0069999999999999993,0,0,0,0
3896,-0.019,-0.0069999999999999993,0,0,0,0
3897,-0.018000000000000002,-0.0069999999999999993,0,0,0,0
3898,-0.017000000000000001,-0.0069999999999999993,0,0,0,0
3899,-0.016,-0.0069999999999999993,0,0,0,0
3900,-0.014999999999999999,-0.0069999999999999993,0,0,0,0
3901,-0.014,-0.0069999999999999993,0,1.5205257013034494e-05,4.4211832322398851e-06,-1.9423535892919555e-05
3902,-0.013000000000000001,-0.0069999999999999993,0,3.3602899754137604e-05,1.1359863290541442e-05,-5.2715565920856136e-05
3903,-0.012,-0.0069999999999999993,0,4.1840194545883871e-05,1.7441724116372506e-05,-0.00010679512734349527
3904,-0.010999999999999999,-0.0069999999999999993,0,4.7504419390950317e-05,2.4306415202302214e-05,-0.0001713000955357476
3905,-0.01,-0.0069999999999999993,0,5.1213156362578605e-05,3.1006917253185537e-05,-0.00024442595077239586
3906,-0.0090000000000000011,-0.0069999999999999993,0,5.3530043854184984e-05,3.7873331607462939e-05,-0.00032456912587037074
3907,-0.0080000000000000002,-0.0069999999999999993,0,5.4486939236250203e-05,4.4883165895584776e-05,-0.00041046699351566249
3908,-0.0069999999999999993,-0.0069999999999999993,0,5.409316430147781e-05,5.2113507716504446e-05,-0.00050061957710049662
3909,-0.0060000000000000001,-0.0069999999999999993,0,5.2148872076714563e-05,5.9521350149964797e-05,-0.00059303823224804376
3910,-0.005000000000000001,-0.0069999999999999993,0,4.8438574785714297e-05,6.6947668775683752e-05,-0.00068487384246191773
3911,-0.0040000000000000001,-0.0069999999999999993,0,4.2969712072294861e-05,7.4246649517884051e-05,-0.000772609603074827
3912,-0.0029999999999999992,-0.0069999999999999993,0,3.5631976653373902e-05,8.0893299935187052e-05,-0.0008517369685583871
3913,-0.0019999999999999983,-0.0069999999999999993,0,2.6955705735516154e-05,8.6572476906081097e-05,-0.00091760251816036412
3914,-0.0010000000000000009,-0.0069999999999999993,0,1.6927080472605199e-05,9.088712415961717e-05,-0.00096590065813372981
3915,0,-0.0069999999999999993,0,6.250410370852667e-06,9.3501115990419998e-05,-0.0009930471859106707
3916,0.0010000000000000009,-0.0069999999999999993,0,-4.7010003796700549e-06,9.4106121620993302e-05,-0.00099713802102668436
3917,0.0019999999999999983,-0.0069999999999999993,0,-1.515939524293162e-05,9.2861808097539653e-05,-0.00097781597154099516
3918,0.0029999999999999992,-0.0069999999999999993,0,-2.5282399758268388e-05,8.9758895296228759e-05,-0.00093612906788048764
3919,0.0040000000000000001,-0.0069999999999999993,0,-3.4349490028523651e-05,8.4902424678748623e-05,-0.00087427158889652132
3920,0.005000000000000001,-0.0069999999999999993,0,-4.2398644380345072e-05,7.857682393973846e-05,-0.00079582037345734896
3921,0.0060000000000000019,-0.0069999999999999993,0,-4.8918282210345264e-05,7.1115023983350055e-05,-0.00070488697802718718
3922,0.0069999999999999993,-0.0069999999999999993,0,-5.3922975603413617e-05,6.3019673737259587e-05,-0.00060616559490604476
3923,0.0080000000000000002,-0.0069999999999999993,0,-5.7040380446150646e-05,5.4515443501960236e-05,-0.00050404155921967317
3924,0.0090000000000000011,-0.0069999999999999993,0,-5.8319896231941249e-05,4.5997219017115059e-05,-0.00040269217596552927
3925,0.0099999999999999985,-0.0069999999999999993,0,-5.7571620553876197e-05,3.7521744728626039e-05,-0.00030549258148188622
3926,0.010999999999999999,-0.0069999999999999993,0,-5.4726156409224362e-05,2.9233517141741471e-05,-0.00021510156195606595
3927,0.012,-0.0069999999999999993,0,-4.8993693681860824e-05,2.0771756158502815e-05,-0.00013455779702460161
3928,0.013000000000000001,-0.0069999999999999993,0,-3.9917945891781748e-05,1.3374155846492698e-05,-6.6516401536763256e-05
3929,0.014000000000000002,-0.0069999999999999993,0,-1.8446569301464178e-05,5.202732203600716e-06,-2.3963713836028977e-05
3930,0.015000000000000003,-0.0069999999999999993,0,0,0,0
3931,0.016000000000000004,-0.0069999999999999993,0,0,0,0
3932,0.016999999999999998,-0.0069999999999999993,0,0,0,0
3933,0.017999999999999999,-0.0069999999999999993,0,0,0,0
3934,0.019,-0.0069999999999999993,0,0,0,0
3935,0.02,-0.0069999999999999993,0,0,0,0
3936,-0.02,-0.0060000000000000001,0,0,0,0
3937,-0.019,-0.0060000000000000001,0,0,0,0
3938,-0.018000000000000002,-0.0060000000000000001,0,0,0,0
3939,-0.017000000000000001,-0.0060000000000000001,0,0,0,0
3940,-0.016,-0.0060000000000000001,0,0,0,0
3941,-0.014999999999999999,-0.0060000000000000001,0,0,0,0
3942,-0.014,-0.0060000000000000001,0,1.8668678674499281e-05,4.5725203028761717e-06,-2.4185156905569243e-05
3943,-0.013000000000000001,-0.0060000000000000001,0,4.0544479051890438e-05,1.1449537076068633e-05,-6.4581462551151919e-05
3944,-0.012,-0.0060000000000000001,0,4.8904821210836689e-05,1.6957871546480162e-05,-0.00012890845988367889
3945,-0.010999999999999999,-0.0060000000000000001,0,5.4537461330458646e-05,2.3300999118347484e-05,-0.00020426553861478198
3946,-0.01,-0.0060000000000000001,0,5.8271400320241466e-05,2.9491485922771692e-05,-0.00028907278533684203
3947,-0.0090000000000000011,-0.0060000000000000001,0,6.0707755374127296e-05,3.5893848717871891e-05,-0.00038210624326824941
3948,-0.0080000000000000002,-0.0060000000000000001,0,6.1850151606800816e-05,4.2560199001117938e-05,-0.00048248286319075521
3949,-0.0069999999999999993,-0.0060000000000000001,0,6.1641047840259262e-05,4.9582160106237174e-05,-0.0005889831844047874
3950,-0.0060000000000000001,-0.0060000000000000001,0,5.9784833521942177e-05,5.6977296801113831e-05,-0.0006997030319328564
3951,-0.005000000000000001,-0.0060000000000000001,0,5.6069498058288583e-05,6.4747842794880483e-05,-0.0008117868369951121
3952,-0.0040000000000000001,-0.0060000000000000001,0,5.0221617297139565e-05,7.2584396425472888e-05,-0.00092093551369692593
3953,-0.0029999999999999992,-0.0060000000000000001,0,4.264719180771614e-05,8.0294631095176864e-05,-0.0010220058816372017
3954,-0.0019999999999999983,-0.0060000000000000001,0,3.2698415664317552e-05,8.6966185086701303e-05,-0.0011080866166929147
3955,-0.0010000000000000009,-0.0060000000000000001,0,2.1534779363187089e-05,9.1969196726395387e-05,-0.0011725026244934537
3956,0,-0.0060000000000000001,0,9.6425811545908748e-06,9.5229310693936784e-05,-0.0012108820608424048
3957,0.0010000000000000009,-0.0060000000000000001,0,-2.1048750582911798e-06,9.6629609684460686e-05,-0.001220106770404311
3958,0.0019999999999999983,-0.0060000000000000001,0,-1.4146553284059928e-05,9.5696094356087424e-05,-0.0011989632113591057
3959,0.0029999999999999992,-0.0060000000000000001,0,-2.5302601544879974e-05,9.2504945396764651e-05,-0.0011484914789137467
3960,0.0040000000000000001,-0.0060000000000000001,0,-3.6216782387656879e-05,8.7235246488353926e-05,-0.0010719354397414119
3961,0.005000000000000001,-0.0060000000000000001,0,-4.5852210789493513e-05,8.0181998107063291e-05,-0.0009737186349199488
3962,0.0060000000000000019,-0.0060000000000000001,0,-5.4296872704008956e-05,7.2040862338868385e-05,-0.00085994292927041402
3963,0.0069999999999999993,-0.0060000000000000001,0,-6.0634693650201889e-05,6.3090483590587721e-05,-0.00073673494347218055
3964,0.0080000000000000002,-0.0060000000000000001,0,-6.4829994018928135e-05,5.4090255590330156e-05,-0.00061082151406523656
3965,0.0090000000000000011,-0.0060000000000000001,0,-6.6723821137079235e-05,4.5244289911003179e-05,-0.00048724257316931342
3966,0.0099999999999999985,-0.0060000000000000001,0,-6.6372531908450683e-05,3.6795259139620098e-05,-0.00037011088308782795
3967,0.010999999999999999,-0.0060000000000000001,0,-6.3786243071828265e-05,2.87478576410498e-05,-0.00026190473685020897
3968,0.012,-0.0060000000000000001,0,-5.8162775418466182e-05,2.0617686898344132e-05,-0.00016536202869746076
3969,0.013000000000000001,-0.0060000000000000001,0,-4.8912879618242972e-05,1.3719794909326453e-05,-8.2750828723621132e-05
3970,0.014000000000000002,-0.0060000000000000001,0,-2.29368193112681e-05,5.4604340487335366e-06,-3.0232078768976579e-05
3971,0.015000000000000003,-0.0060000000000000001,0,0,0,0
3972,0.016000000000000004,-0.0060000000000000001,0,0,0,0
3973,0.016999999999999998,-0.0060000000000000001,0,0,0,0
3974,0.017999999999999999,-0.0060000000000000001,0,0,0,0
3975,0.019,-0.0060000000000000001,0,0,0,0
3976,0.02,-0.0060000000000000001,0,0,0,0
3977,-0.02,-0.005000000000000001,0,0,0,0
3978,-0.019,-0.005000000000000001,0,0,0,0
3979,-0.018000000000000002,-0.005000000000000001,0,0,0,0
3980,-0.017000000000000001,-0.005000000000000001,0,0,0,0
3981,-0.016,-0.005000000000000001,0,0,0,0
3982,-0.014999999999999999,-0.005000000000000001,0,0,0,0
3983,-0.014,-0.005000000000000001,0,2.1957326208552053e-05,4.4135320935792516e-06,-2.8777612646563715e-05
3984,-0.013000000000000001,-0.005000000000000001,0,4.7110277090009156e-05,1.0877425621626699e-05,-7.5911395556466134e-05
3985,-0.012,-0.005000000000000001,0,5.5476785948560847e-05,1.5666598394239977e-05,-0.00014982180646098912
3986,-0.010999999999999999,-0.005000000000000001,0,6.1036558576324019e-05,2.1300081441269963e-05,-0.0002353497632813606
3987,-0.01,-0.005000000000000001,0,6.4838286859836562e-05,2.682020797061271e-05,-0.00033124365101270961
3988,-0.0090000000000000011,-0.005000000000000001,0,6.7510736405093869e-05,3.2614849132786935e-05,-0.00043680611462923718
3989,-0.0080000000000000002,-0.005000000000000001,0,6.8989729615266194e-05,3.875463631882113e-05,-0.0005516831444160236
3990,-0.0069999999999999993,-0.005000000000000001,0,6.9194214391570146e-05,4.5391916827693239e-05,-0.0006750871327633718
3991,-0.0060000000000000001,-0.005000000000000001,0,6.7775820953086484e-05,5.2677916043112476e-05,-0.00080563906128442982
3992,-0.005000000000000001,-0.005000000000000001,0,6.4333892109060841e-05,6.0618503336412177e-05,-0.00094045234341345028
3993,-0.0040000000000000001,-0.005000000000000001,0,5.8936144295543199e-05,6.9401649105328198e-05,-0.0010758048207743741
3994,-0.0029999999999999992,-0.005000000000000001,0,5.0511161121260205e-05,7.8001105051771739e-05,-0.0012042703566822581
3995,-0.0019999999999999983,-0.005000000000000001,0,4.0203919998955687e-05,8.6004586685869359e-05,-0.0013175506061699521
3996,-0.0010000000000000009,-0.005000000000000001,0,2.76894753282981e-05,9.2759506686277757e-05,-0.0014062956261736738
3997,0,-0.005000000000000001,0,1.4725534408012667e-05,9.7049743643568706e-05,-0.0014612260407270252
3998,0.0010000000000000009,-0.005000000000000001,0,1.7169544520790006e-06,9.8396346593061554e-05,-0.0014777650043510098
3999,0.0019999999999999983,-0.005000000000000001,0,-1.0083929821817506e-05,9.7709494145034891e-05,-0.0014552695955901333
4000,0.0029999999999999992,-0.005000000000000001,0,-2.2918186443263233e-05,9.4439157656843304e-05,-0.0013945725358031397
4001,0.0040000000000000001,-0.005000000000000001,0,-3.5148113929875994e-05,8.8598175152284977e-05,-0.0012992745108110421
4002,0.005000000000000001,-0.005000000000000001,0,-4.7720150995166942e-05,8.0754411489521649e-05,-0.0011755734649622446
4003,0.0060000000000000019,-0.005000000000000001,0,-5.8450649804228645e-05,7.1256753262702942e-05,-0.0010315410736001162
4004,0.0069999999999999993,-0.005000000000000001,0,-6.705584932937998e-05,6.1475224055762255e-05,-0.00087771011559256392
4005,0.0080000000000000002,-0.005000000000000001,0,-7.2428783238514931e-05,5.1725786442112845e-05,-0.00072272970275114501
4006,0.0090000000000000011,-0.005000000000000001,0,-7.4986031449195153e-05,4.2767729285505465e-05,-0.00057377437641313296
4007,0.0099999999999999985,-0.005000000000000001,0,-7.4866614703472962e-05,3.4483199846075806e-05,-0.00043487361351462133
4008,0.010999999999999999,-0.005000000000000001,0,-7.2466854307345332e-05,2.6954868214634555e-05,-0.00030821719474968405
4009,0.012,-0.005000000000000001,0,-6.6962585370004056e-05,1.9428900682584898e-05,-0.0001956508791348301
4010,0.013000000000000001,-0.005000000000000001,0,-5.7680191492097295e-05,1.3268108402179366e-05,-9.8761679069885811e-05
4011,0.014000000000000002,-0.005000000000000001,0,-2.7315544240607112e-05,5.3480213802052203e-06,-3.6424942749368963e-05
4012,0.015000000000000003,-0.005000000000000001,0,0,0,0
4013,0.016000000000000004,-0.005000000000000001,0,0,0,0
4014,0.016999999999999998,-0.005000000000000001,0,0,0,0
4015,0.017999999999999999,-0.005000000000000001,0,0,0,0
4016,0.019,-0.005000000000000001,0,0,0,0
4017,0.02,-0.005000000000000001,0,0,0,0
4018,-0.02,-0.0040000000000000001,0,0,0,0
4019,-0.019,-0.0040000000000000001,0,0,0,0
4020,-0.018000000000000002,-0.0040000000000000001,0,0,0,0
4021,-0.017000000000000001,-0.0040000000000000001,0,0,0,0
4022,-0.016,-0.0040000000000000001,0,0,0,0
4023,-0.014999999999999999,-0.0040000000000000001,0,0,0,0
4024,-0.014,-0.0040000000000000001,0,2.4913352119351502e-05,3.9562011270742897e-06,-3.2946246838625175e-05
4025,-0.013000000000000001,-0.0040000000000000001,0,5.2989592442105245e-05,9.6547413390468547e-06,-8.612817845171647e-05
4026,-0.012,-0.0040000000000000001,0,6.1309316244589942e-05,1.3625740341049771e-05,-0.00016856336769033946
4027,-0.010999999999999999,-0.0040000000000000001,0,6.6774114449384345e-05,1.835535126754136e-05,-0.00026317722186364184
4028,-0.01,-0.0040000000000000001,0,7.0692508245941271e-05,2.3048965976766407e-05,-0.00036912718890448403
4029,-0.0090000000000000011,-0.0040000000000000001,0,7.3688664962199863e-05,2.8043157015758775e-05,-0.00048632788299635371
4030,-0.0080000000000000002,-0.0040000000000000001,0,7.562255167980541e-05,3.3409029279537208e-05,-0.00061502545991414111
4031,-0.0069999999999999993,-0.0040000000000000001,0,7.6501191127713867e-05,3.9430522939423054e-05,-0.00075523727305668931
4032,-0.0060000000000000001,-0.0040000000000000001,0,7.5789846931884869e-05,4.6177543764444932e-05,-0.00090617414321460005
4033,-0.005000000000000001,-0.0040000000000000001,0,7.340880588402447e-05,5.4332773010084749e-05,-0.0010664941650434445
4034,-0.0040000000000000001,-0.0040000000000000001,0,6.841575077047983e-05,6.3424221271590414e-05,-0.0012319402875697063
4035,-0.0029999999999999992,-0.0040000000000000001,0,6.1103656383162627e-05,7.3830609381789756e-05,-0.0013971946090984195
4036,-0.0019999999999999983,-0.0040000000000000001,0,4.8894276822084396e-05,8.3575840076167171e-05,-0.0015488469715789516
4037,-0.0010000000000000009,-0.0040000000000000001,0,3.5128969434970165e-05,9.1122713201310305e-05,-0.0016711543897410834
4038,0,-0.0040000000000000001,0,2.2375938584343078e-05,9.5989673945514256e-05,-0.0017525736609033395
4039,0.0010000000000000009,-0.0040000000000000001,0,1.1808720184070175e-05,9.8630032203905676e-05,-0.001783555767073098
4040,0.0019999999999999983,-0.0040000000000000001,0,-4.5153832776312062e-07,9.7259898463495048e-05,-0.0017595564357401089
4041,0.0029999999999999992,-0.0040000000000000001,0,-1.2709384716815352e-05,9.3545311371765285e-05,-0.0016848514515048793
4042,0.0040000000000000001,-0.0040000000000000001,0,-2.9150785833267833e-05,8.7110790053816203e-05,-0.0015634308879969635
4043,0.005000000000000001,-0.0040000000000000001,0,-4.5844411060712897e-05,7.8154999373366408e-05,-0.0014038194390757403
4044,0.0060000000000000019,-0.0040000000000000001,0,-6.1399311387043361e-05,6.7861956974302908e-05,-0.0012195220378835221
4045,0.0069999999999999993,-0.0040000000000000001,0,-7.2719692367744754e-05,5.6867819306162895e-05,-0.0010253249405233671
4046,0.0080000000000000002,-0.0040000000000000001,0,-7.9642986404369e-05,4.6823427763012697e-05,-0.00083574487017196207
4047,0.0090000000000000011,-0.0040000000000000001,0,-8.2687356803376981e-05,3.7997440860651888e-05,-0.00065827688044798108
4048,0.0099999999999999985,-0.0040000000000000001,0,-8.271601616644771e-05,3.04560974652024e-05,-0.0004966847786790306
4049,0.010999999999999999,-0.0040000000000000001,0,-8.0355609192195494e-05,2.3753085426835149e-05,-0.00035167104683504351
4050,0.012,-0.0040000000000000001,0,-7.4985692783674748e-05,1.7210236094627152e-05,-0.00022385140080843582
4051,0.013000000000000001,-0.0040000000000000001,0,-6.5759093561487244e-05,1.1976370151758484e-05,-0.00011367317480349519
4052,0.014000000000000002,-0.0040000000000000001,0,-3.1361709917208407e-05,4.8661428933907849e-06,-4.2189352361209104e-05
4053,0.015000000000000003,-0.0040000000000000001,0,0,0,0
4054,0.016000000000000004,-0.0040000000000000001,0,0,0,0
4055,0.016999999999999998,-0.0040000000000000001,0,0,0,0
4056,0.017999999999999999,-0.0040000000000000001,0,0,0,0
4057,0.019,-0.0040000000000000001,0,0,0,0
4058,0.02,-0.0040000000000000001,0,0,0,0
4059,-0.02,-0.0029999999999999992,0,0,0,0
4060,-0.019,-0.0029999999999999992,0,0,0,0
4061,-0.018000000000000002,-0.0029999999999999992,0,0,0,0
4062,-0.017000000000000001,-0.0029999999999999992,0,0,0,0
4063,-0.016,-0.0029999999999999992,0,0,0,0
4064,-0.014999999999999999,-0.0029999999999999992,0,0,0,0
4065,-0.014,-0.0029999999999999992,0,2.7390612132927067e-05,3.2291235592011819e-06,-3.6461846675044794e-05
4066,-0.013000000000000001,-0.0029999999999999992,0,5.789693270852725e-05,7.8423711321494475e-06,-9.4704756339437552e-05
4067,-0.012,-0.0029999999999999992,0,6.6156095905818573e-05,1.0901489998445057e-05,-0.00018423026974985965
4068,-0.010999999999999999,-0.0029999999999999992,0,7.1528094239723796e-05,1.4583202839249401e-05,-0.0002864416270698423
4069,-0.01,-0.0029999999999999992,0,7.5593489481970018e-05,1.8278254978477799e-05,-0.0004009280212512205
4070,-0.0090000000000000011,-0.0029999999999999992,0,7.8930571729032422e-05,2.2255721341136118e-05,-0.00052820412485986778
4071,-0.0080000000000000002,-0.0029999999999999992,0,8.1416967646812769e-05,2.6635624929165163e-05,-0.00066921546374083807
4072,-0.0069999999999999993,-0.0029999999999999992,0,8.2997847398787525e-05,3.1529597687511933e-05,-0.00082475419775641327
4073,-0.0060000000000000001,-0.0029999999999999992,0,8.3471619735493203e-05,3.7593082428019526e-05,-0.00099565320966114651
4074,-0.005000000000000001,-0.0029999999999999992,0,8.2216442385593734e-05,4.4670172485351025e-05,-0.0011816941355074415
4075,-0.0040000000000000001,-0.0029999999999999992,0,7.911531479619755e-05,5.4709253825234717e-05,-0.0013828750262977641
4076,-0.0029999999999999992,-0.0029999999999999992,0,7.1116431510559707e-05,6.4751970489932955e-05,-0.0015912303265846446
4077,-0.0019999999999999983,-0.0029999999999999992,0,6.006796327427742e-05,7.6156543176879784e-05,-0.0017970557205327158
4078,-0.0010000000000000009,-0.0029999999999999992,0,4.4847489809193658e-05,8.4895103354588525e-05,-0.0019786873160980204
4079,0,-0.0029999999999999992,0,2.8714756102927932e-05,8.8861780552713503e-05,-0.0020946018457509217
4080,0.0010000000000000009,-0.0029999999999999992,0,1.8105384650332416e-05,8.5115209661202395e-05,-0.0021368986943227203
4081,0.0019999999999999983,-0.0029999999999999992,0,1.7271371792153218e-05,8.456171425960668e-05,-0.0021116374504838989
4082,0.0029999999999999992,-0.0029999999999999992,0,6.8445034174959559e-06,8.265545839006427e-05,-0.0020216272280349254
4083,0.0040000000000000001,-0.0029999999999999992,0,-1.2217130236489309e-05,7.8563274768549425e-05,-0.0018701821038944529
4084,0.005000000000000001,-0.0029999999999999992,0,-3.8107605127955048e-05,7.0490387056829944e-05,-0.0016600927181394229
4085,0.0060000000000000019,-0.0029999999999999992,0,-6.1539853466406808e-05,5.9170341629078329e-05,-0.0014165435641523849
4086,0.0069999999999999993,-0.0029999999999999992,0,-7.7191700274367682e-05,4.8054220258026869e-05,-0.0011719907433810934
4087,0.0080000000000000002,-0.0029999999999999992,0,-8.5774263646041423e-05,3.8502544977917095e-05,-0.0009423609493690757
4088,0.0090000000000000011,-0.0029999999999999992,0,-8.9452491940493682e-05,3.0952979664933219e-05,-0.00073527373529866022
4089,0.0099999999999999985,-0.0029999999999999992,0,-8.9449577880743871e-05,2.4624635392456193e-05,-0.000551474091492197
4090,0.010999999999999999,-0.0029999999999999992,0,-8.7074265341166397e-05,1.9238898513868466e-05,-0.00038961879331531057
4091,0.012,-0.0029999999999999992,0,-8.1792727733139231e-05,1.3970513943454806e-05,-0.00024825118353855952
4092,0.013000000000000001,-0.0029999999999999992,0,-7.2688285942536473e-05,9.8832506541880521e-06,-0.00012657697738813716
4093,0.014000000000000002,-0.0029999999999999992,0,-3.4841839377690659e-05,4.0281602274854308e-06,-4.717523242860297e-05
4094,0.015000000000000003,-0.0029999999999999992,0,0,0,0
4095,0.016000000000000004,-0.0029999999999999992,0,0,0,0
4096,0.016999999999999998,-0.0029999999999999992,0,0,0,0
4097,0.017999999999999999,-0.0029999999999999992,0,0,0,0
4098,0.019,-0.0029999999999999992,0,0,0,0
4099,0.02,-0.0029999999999999992,0,0,0,0
4100,-0.02,-0.0019999999999999983,0,0,0,0
4101,-0.019,-0.0019999999999999983,0,0,0,0
4102,-0.018000000000000002,-0.0019999999999999983,0,0,0,0
4103,-0.017000000000000001,-0.0019999999999999983,0,0,0,0
4104,-0.016,-0.0019999999999999983,0,0,0,0
4105,-0.014999999999999999,-0.0019999999999999983,0,0,0,0
4106,-0.014,-0.0019999999999999983,0,2.926229318991716e-05,2.2836169729358966e-06,-3.9128291369087537e-05
4107,-0.013000000000000001,-0.0019999999999999983,0,6.1591659001106235e-05,5.5307140671007238e-06,-0.00010119149396682729
4108,-0.012,-0.0019999999999999983,0,6.9793332435315265e-05,7.6137059814894089e-06,-0.00019603987143645599
4109,-0.010999999999999999,-0.0019999999999999983,0,7.5096778269982789e-05,1.0125325180875058e-05,-0.00030399140047529386
4110,-0.01,-0.0019999999999999983,0,7.9295963908012428e-05,1.2684813668366129e-05,-0.00042500686951622699
4111,-0.0090000000000000011,-0.0019999999999999983,0,8.2947977370391167e-05,1.5454672653426789e-05,-0.00056010668693507815
4112,-0.0080000000000000002,-0.0019999999999999983,0,8.5920694537234383e-05,1.8546257387530063e-05,-0.00071090967181695311
4113,-0.0069999999999999993,-0.0019999999999999983,0,8.8207081360492892e-05,2.2106394182334687e-05,-0.00087890139412554803
4114,-0.0060000000000000001,-0.0019999999999999983,0,8.9826644347757391e-05,2.6472620745821102e-05,-0.0010667998276441351
4115,-0.005000000000000001,-0.0019999999999999983,0,9.0137715360126639e-05,3.2418727259792502e-05,-0.0012765778333037733
4116,-0.0040000000000000001,-0.0019999999999999983,0,8.8919268255526767e-05,4.0135072277937448e-05,-0.0015128049722853683
4117,-0.0029999999999999992,-0.0019999999999999983,0,8.2680532575111698e-05,5.1552320584682739e-05,-0.0017736483016665178
4118,-0.0019999999999999983,-0.0019999999999999983,0,6.7089959452538286e-05,6.0469688518702352e-05,-0.0020544072467706337
4119,-0.0010000000000000009,-0.0019999999999999983,0,4.5284261379994433e-05,6.4765284738508319e-05,-0.0022960567408224844
4120,0,-0.0019999999999999983,0,2.7637001814990222e-05,4.939808662569541e-05,-0.0025045369029615154
4121,0.0010000000000000009,-0.0019999999999999983,0,4.6040058883557819e-05,4.7707685147860974e-05,-0.0025516343778585436
4122,0.0019999999999999983,-0.0019999999999999983,0,5.7341280484166104e-05,4.7690154750269008e-05,-0.0025217148935729483
4123,0.0029999999999999992,-0.0019999999999999983,0,5.9622587750727143e-05,4.4411214511360998e-05,-0.0024228494489701505
4124,0.0040000000000000001,-0.0019999999999999983,0,2.8599121378057604e-05,4.9424861894094438e-05,-0.002220831200661006
4125,0.005000000000000001,-0.0019999999999999983,0,-2.2717960881320694e-05,5.3636438496411259e-05,-0.0019258495429883887
4126,0.0060000000000000019,-0.0019999999999999983,0,-5.820850484669709e-05,4.3808534150238151e-05,-0.0016085766158073925
4127,0.0069999999999999993,-0.0019999999999999983,0,-7.9949976082431342e-05,3.4146478531815899e-05,-0.0013023755880709237
4128,0.0080000000000000002,-0.0019999999999999983,0,-9.062663643094177e-05,2.7449721254708086e-05,-0.0010326313711162118
4129,0.0090000000000000011,-0.0019999999999999983,0,-9.4661603385429369e-05,2.1730706274958318e-05,-0.00079770720862090228
4130,0.0099999999999999985,-0.0019999999999999983,0,-9.4730549775461792e-05,1.7382391920577884e-05,-0.00059497185811693419
4131,0.010999999999999999,-0.0019999999999999983,0,-9.220723960982812e-05,1.3512230022743685e-05,-0.00041924081970473701
4132,0.012,-0.0019999999999999983,0,-8.7001563143981591e-05,9.8745220957176456e-06,-0.00026718451419212481
4133,0.013000000000000001,-0.0019999999999999983,0,-7.8020059935261969e-05,7.0548821873625842e-06,-0.00013659039852488436
4134,0.014000000000000002,-0.0019999999999999983,0,-3.7535527504238301e-05,2.8846229661315543e-06,-5.1048896779866664e-05
4135,0.015000000000000003,-0.0019999999999999983,0,0,0,0
4136,0.016000000000000004,-0.0019999999999999983,0,0,0,0
4137,0.016999999999999998,-0.0019999999999999983,0,0,0,0
4138,0.017999999999999999,-0.0019999999999999983,0,0,0,0
4139,0.019,-0.0019999999999999983,0,0,0,0
4140,0.02,-0.0019999999999999983,0,0,0,0
4141,-0.02,-0.0010000000000000009,0,0,0,0
4142,-0.019,-0.0010000000000000009,0,0,0,0
4143,-0.018000000000000002,-0.0010000000000000009,0,0,0,0
4144,-0.017000000000000001,-0.0010000000000000009,0,0,0,0
4145,-0.016,-0.0010000000000000009,0,0,0,0
4146,-0.014999999999999999,-0.0010000000000000009,0,0,0,0
4147,-0.014,-0.0010000000000000009,0,3.0430152446089445e-05,1.1821832759525602e-06,-4.0794585559300547e-05
4148,-0.013000000000000001,-0.0010000000000000009,0,6.3884341674367347e-05,2.8608746924510955e-06,-0.00010523412669835893
4149,-0.012,-0.0010000000000000009,0,7.2050433989581851e-05,3.9128240642729387e-06,-0.00020338404639505452
4150,-0.010999999999999999,-0.0010000000000000009,0,7.7310418599176416e-05,5.1909847900655926e-06,-0.0003149143350896616
4151,-0.01,-0.0010000000000000009,0,8.1604055084458723e-05,6.4909260411679657e-06,-0.00044002731427049088
4152,-0.0090000000000000011,-0.0010000000000000009,0,8.5482180749229527e-05,7.9293803693344655e-06,-0.00058012723167688422
4153,-0.0080000000000000002,-0.0010000000000000009,0,8.8761571967397476e-05,9.5088573275337108e-06,-0.0007371695884337558
4154,-0.0069999999999999993,-0.0010000000000000009,0,9.166247137143241e-05,1.1412917631223635e-05,-0.00091354167629998848
4155,-0.0060000000000000001,-0.0010000000000000009,0,9.3917841248547008e-05,1.3702875889168705e-05,-0.0011125393364490651
4156,-0.005000000000000001,-0.0010000000000000009,0,9.601821289756423e-05,1.7056620840861543e-05,-0.0013401703635138426
4157,-0.0040000000000000001,-0.0010000000000000009,0,9.603905400841278e-05,2.1335946743173446e-05,-0.0016022749091517585
4158,-0.0029999999999999992,-0.0010000000000000009,0,9.1203770859259414e-05,2.9722112867202771e-05,-0.0019147113086369085
4159,-0.0019999999999999983,-0.0010000000000000009,0,7.2369032588005046e-05,3.2192205213762385e-05,-0.0022514852887696416
4160,-0.0010000000000000009,-0.0010000000000000009,0,2.8508089196356795e-05,2.757325548518532e-05,-0.0026772020145779661
4161,0,-0.0010000000000000009,0,1.5442326950635709e-05,6.8122751401530483e-07,-0.002888988459995947
4162,0.0010000000000000009,-0.0010000000000000009,0,4.4888262474716096e-05,1.5519640609106175e-05,-0.0029501245322578347
4163,0.0019999999999999983,-0.0010000000000000009,0,0.0001315132411120076,5.5547836822714051e-06,-0.0029227850573118521
4164,0.0029999999999999992,-0.0010000000000000009,0,0.00015239414716712476,1.116067477027492e-05,-0.0028160341881899868
4165,0.0040000000000000001,-0.0010000000000000009,0,0.00012334947759255012,1.150008349339644e-05,-0.0025930705112502347
4166,0.005000000000000001,-0.0010000000000000009,0,2.0670451680201027e-05,2.5120822697707905e-05,-0.0021738079669466103
4167,0.0060000000000000019,-0.0010000000000000009,0,-5.3398432782969705e-05,2.1667096667855318e-05,-0.0017601568029490516
4168,0.0069999999999999993,-0.0010000000000000009,0,-8.0196888608671525e-05,1.8009243395462971e-05,-0.0013960121089213813
4169,0.0080000000000000002,-0.0010000000000000009,0,-9.3590452478066642e-05,1.3859522189474689e-05,-0.0010938920187187914
4170,0.0090000000000000011,-0.0010000000000000009,0,-9.8014247091481553e-05,1.1368893285957488e-05,-0.0008388896501505354
4171,0.0099999999999999985,-0.0010000000000000009,0,-9.8099434343497567e-05,8.9137949734471796e-06,-0.00062302113864089778
4172,0.010999999999999999,-0.0010000000000000009,0,-9.5453271599538387e-05,7.0029242307647728e-06,-0.00043813485287345639
4173,0.012,-0.0010000000000000009,0,-9.0266318110813549e-05,5.1008305576866762e-06,-0.00027919509737024927
4174,0.013000000000000001,-0.0010000000000000009,0,-8.1383086931725209e-05,3.6808700377670178e-06,-0.0001429489209840222
4175,0.014000000000000002,-0.0010000000000000009,0,-3.9249109989012753e-05,1.5049848313105576e-06,-5.3514844019871215e-05
4176,0.015000000000000003,-0.0010000000000000009,0,0,0,0
4177,0.016000000000000004,-0.0010000000000000009,0,0,0,0
4178,0.016999999999999998,-0.0010000000000000009,0,0,0,0
4179,0.017999999999999999,-0.0010000000000000009,0,0,0,0
4180,0.019,-0.0010000000000000009,0,0,0,0
4181,0.02,-0.0010000000000000009,0,0,0,0
4182,-0.02,0,0,0,0,0
4183,-0.019,0,0,0,0,0
4184,-0.018000000000000002,0,0,0,0,0
4185,-0.017000000000000001,0,0,0,0,0
4186,-0.016,0,0,0,0,0
4187,-0.014999999999999999,0,0,0,0,0
4188,-0.014,0,0,3.0825700991932324e-05,4.1739534396843522e-20,-4.1360723951052166e-05
4189,-0.013000000000000001,0,0,6.4664476410736886e-05,-4.1160257747356345e-21,-0.00010660939015310162
4190,-0.012,0,0,7.281138005043385e-05,-3.3108067583988849e-20,-0.00020587306517857516
4191,-0.010999999999999999,0,0,7.8067535374770744e-05,-4.7181848785508122e-20,-0.00031862842992009697
4192,-0.01,0,0,8.2377266090257915e-05,-1.6347497982237018e-20,-0.0004451254965765185
4193,-0.0090000000000000011,0,0,8.6364629064949791e-05,1.7372052431542657e-21,-0.00058696297986992815
4194,-0.0080000000000000002,0,0,8.9714718164461455e-05,-5.7719985766824174e-20,-0.00074614148942066109
4195,-0.0069999999999999993,0,0,9.2888034005244606e-05,-1.4107232792735844e-20,-0.00092544033548863983
4196,-0.0060000000000000001,0,0,9.5359446927633743e-05,3.3948408992472972e-20,-0.00112848490589867
4197,-0.005000000000000001,0,0,9.8137617041362232e-05,-3.6848525176648215e-20,-0.0013622752997679906
4198,-0.0040000000000000001,0,0,9.8465229375205434e-05,-9.8746726796402243e-20,-0.0016351997720692123
4199,-0.0029999999999999992,0,0,9.6335954851168868e-05,-5.994106055903297e-20,-0.001964801222440987
4200,-0.0019999999999999983,0,0,5.9602065727962281e-05,1.9948784761447606e-20,-0.0023779282539199286
4201,-0.0010000000000000009,0,0,1.2706207850622005e-06,-4.6132397684608559e-20,-0.0027919165425544373
4202,0,0,0,1.4236324820018922e-05,-2.5622214524150986e-19,-0.0030173918601264023
4203,0.0010000000000000009,0,0,6.3688557897207806e-05,-2.9524253694090316e-19,-0.0030852080687185711
4204,0.0019999999999999983,0,0,0.00012882955196795353,3.5376418535758369e-19,-0.0030653495373999377
4205,0.0029999999999999992,0,0,0.00016377455560592061,4.0107516274494969e-19,-0.0029577038978834454
4206,0.0040000000000000001,0,0,0.00014127086429573582,2.5030393404890508e-19,-0.0027199060300260964
4207,0.005000000000000001,0,0,5.1405935791650075e-05,-2.5705641896734997e-19,-0.0022955908337375808
4208,0.0060000000000000019,0,0,-4.8254404296340258e-05,-3.4344367374135229e-19,-0.0018220867744936932
4209,0.0069999999999999993,0,0,-8.0974158455872908e-05,-7.363185923065522e-20,-0.0014331064322986441
4210,0.0080000000000000002,0,0,-9.4210239980328802e-05,-1.5368828752880138e-19,-0.0011150662998331603
4211,0.0090000000000000011,0,0,-9.9356671334253788e-05,4.3327193679805125e-20,-0.00085361994926772748
4212,0.0099999999999999985,0,0,-9.9168194666007092e-05,-1.4850792906914219e-20,-0.00063260323920332493
4213,0.010999999999999999,0,0,-9.661003773646109e-05,-1.0726478240067775e-20,-0.00044468485690116703
4214,0.012,0,0,-9.1357342612995808e-05,-5.5262923394540181e-20,-0.00028329051071510162
4215,0.013000000000000001,0,0,-8.2542819446605986e-05,-3.4472980146533903e-20,-0.0001451387944580243
4216,0.014000000000000002,0,0,-3.9833343969241886e-05,2.6791565349439866e-20,-5.435912720423159e-05
4217,0.015000000000000003,0,0,0,0,0
4218,0.016000000000000004,0,0,0,0,0
4219,0.016999999999999998,0,0,0,0,0
4220,0.017999999999999999,0,0,0,0,0
4221,0.019,0,0,0,0,0
4222,0.02,0,0,0,0,0
4223,-0.02,0.0010000000000000009,0,0,0,0
4224,-0.019,0.0010000000000000009,0,0,0,0
4225,-0.018000000000000002,0.0010000000000000009,0,0,0,0
4226,-0.017000000000000001,0.0010000000000000009,0,0,0,0
4227,-0.016,0.0010000000000000009,0,0,0,0
4228,-0.014999999999999999,0.0010000000000000009,0,0,0,0
4229,-0.014,0.0010000000000000009,0,3.0430152446089438e-05,-1.1821832759524965e-06,-4.0794585559300561e-05
4230,-0.013000000000000001,0.0010000000000000009,0,6.3884341674367347e-05,-2.8608746924511082e-06,-0.00010523412669835893
4231,-0.012,0.0010000000000000009,0,7.2050433989581905e-05,-3.9128240642730293e-06,-0.00020338404639505455
4232,-0.010999999999999999,0.0010000000000000009,0,7.7310418599176443e-05,-5.1909847900656603e-06,-0.00031491433508966165
4233,-0.01,0.0010000000000000009,0,8.1604055084458696e-05,-6.4909260411680402e-06,-0.00044002731427049088
4234,-0.0090000000000000011,0.0010000000000000009,0,8.5482180749229609e-05,-7.9293803693344367e-06,-0.00058012723167688433
4235,-0.0080000000000000002,0.0010000000000000009,0,8.8761571967397435e-05,-9.5088573275337735e-06,-0.0007371695884337558
4236,-0.0069999999999999993,0.0010000000000000009,0,9.1662471371432437e-05,-1.1412917631223715e-05,-0.00091354167629998848
4237,-0.0060000000000000001,0.0010000000000000009,0,9.3917841248547076e-05,-1.3702875889168742e-05,-0.0011125393364490651
4238,-0.005000000000000001,0.0010000000000000009,0,9.601821289756419e-05,-1.7056620840861669e-05,-0.0013401703635138424
4239,-0.0040000000000000001,0.0010000000000000009,0,9.6039054008412658e-05,-2.1335946743173558e-05,-0.0016022749091517583
4240,-0.0029999999999999992,0.0010000000000000009,0,9.1203770859259563e-05,-2.9722112867202629e-05,-0.0019147113086369089
4241,-0.0019999999999999983,0.0010000000000000009,0,7.2369032588005493e-05,-3.2192205213762588e-05,-0.0022514852887696416
4242,-0.0010000000000000009,0.0010000000000000009,0,2.8508089196356514e-05,-2.7573255485185245e-05,-0.0026772020145779661
4243,0,0.0010000000000000009,0,1.5442326950635913e-05,-6.8122751401546661e-07,-0.0028889884599959475
4244,0.0010000000000000009,0.0010000000000000009,0,4.4888262474715513e-05,-1.5519640609106487e-05,-0.0029501245322578347
4245,0.0019999999999999983,0.0010000000000000009,0,0.0001315132411120086,-5.554783682271511e-06,-0.0029227850573118525
4246,0.0029999999999999992,0.0010000000000000009,0,0.00015239414716712569,-1.1160674770273861e-05,-0.0028160341881899864
4247,0.0040000000000000001,0.0010000000000000009,0,0.00012334947759254963,-1.1500083493395916e-05,-0.0025930705112502343
4248,0.005000000000000001,0.0010000000000000009,0,2.067045168020037e-05,-2.5120822697708034e-05,-0.0021738079669466098
4249,0.0060000000000000019,0.0010000000000000009,0,-5.3398432782969536e-05,-2.166709666785562e-05,-0.0017601568029490509
4250,0.0069999999999999993,0.0010000000000000009,0,-8.0196888608671579e-05,-1.8009243395463096e-05,-0.0013960121089213811
4251,0.0080000000000000002,0.0010000000000000009,0,-9.3590452478066656e-05,-1.3859522189474804e-05,-0.0010938920187187914
4252,0.0090000000000000011,0.0010000000000000009,0,-9.8014247091481553e-05,-1.1368893285957611e-05,-0.0008388896501505354
4253,0.0099999999999999985,0.0010000000000000009,0,-9.8099434343497526e-05,-8.9137949734472931e-06,-0.00062302113864089767
4254,0.010999999999999999,0.0010000000000000009,0,-9.5453271599538333e-05,-7.0029242307646949e-06,-0.00043813485287345628
4255,0.012,0.0010000000000000009,0,-9.0266318110813576e-05,-5.1008305576868193e-06,-0.00027919509737024927
4256,0.013000000000000001,0.0010000000000000009,0,-8.1383086931725222e-05,-3.6808700377670585e-06,-0.00014294892098402217
4257,0.014000000000000002,0.0010000000000000009,0,-3.924910998901274e-05,-1.504984831310501e-06,-5.3514844019871215e-05
4258,0.015000000000000003,0.0010000000000000009,0,0,0,0
4259,0.016000000000000004,0.0010000000000000009,0,0,0,0
4260,0.016999999999999998,0.0010000000000000009,0,0,0,0
4261,0.017999999999999999,0.0010000000000000009,0,0,0,0
4262,0.019,0.0010000000000000009,0,0,0,0
4263,0.02,0.0010000000000000009,0,0,0,0
4264,-0.02,0.0019999999999999983,0,0,0,0
4265,-0.019,0.0019999999999999983,0,0,0,0
4266,-0.018000000000000002,0.0019999999999999983,0,0,0,0
4267,-0.017000000000000001,0.0019999999999999983,0,0,0,0
4268,-0.016,0.0019999999999999983,0,0,0,0
4269,-0.014999999999999999,0.0019999999999999983,0,0,0,0
4270,-0.014,0.0019999999999999983,0,2.9262293189917177e-05,-2.2836169729358293e-06,-3.912829136908753e-05
4271,-0.013000000000000001,0.0019999999999999983,0,6.1591659001106248e-05,-5.5307140671007424e-06,-0.00010119149396682729
4272,-0.012,0.0019999999999999983,0,6.9793332435315293e-05,-7.6137059814894801e-06,-0.00019603987143645602
4273,-0.010999999999999999,0.0019999999999999983,0,7.5096778269982843e-05,-1.0125325180875164e-05,-0.00030399140047529386
4274,-0.01,0.0019999999999999983,0,7.9295963908012455e-05,-1.2684813668366177e-05,-0.00042500686951622705
4275,-0.0090000000000000011,0.0019999999999999983,0,8.2947977370391221e-05,-1.5454672653426789e-05,-0.00056010668693507815
4276,-0.0080000000000000002,0.0019999999999999983,0,8.5920694537234369e-05,-1.8546257387530046e-05,-0.00071090967181695311
4277,-0.0069999999999999993,0.0019999999999999983,0,8.8207081360492959e-05,-2.2106394182334761e-05,-0.00087890139412554803
4278,-0.0060000000000000001,0.0019999999999999983,0,8.9826644347757378e-05,-2.6472620745821108e-05,-0.0010667998276441351
4279,-0.005000000000000001,0.0019999999999999983,0,9.0137715360126747e-05,-3.2418727259792603e-05,-0.0012765778333037731
4280,-0.0040000000000000001,0.0019999999999999983,0,8.8919268255526767e-05,-4.0135072277937536e-05,-0.0015128049722853683
4281,-0.0029999999999999992,0.0019999999999999983,0,8.2680532575111847e-05,-5.1552320584683004e-05,-0.001773648301666518
4282,-0.0019999999999999983,0.0019999999999999983,0,6.7089959452538449e-05,-6.0469688518702291e-05,-0.0020544072467706337
4283,-0.0010000000000000009,0.0019999999999999983,0,4.5284261379994548e-05,-6.4765284738508807e-05,-0.0022960567408224848
4284,0,0.0019999999999999983,0,2.7637001814989754e-05,-4.939808662569579e-05,-0.0025045369029615154
4285,0.0010000000000000009,0.0019999999999999983,0,4.6040058883557745e-05,-4.7707685147861666e-05,-0.0025516343778585436
4286,0.0019999999999999983,0.0019999999999999983,0,5.7341280484166924e-05,-4.7690154750269198e-05,-0.0025217148935729487
4287,0.0029999999999999992,0.0019999999999999983,0,5.9622587750727556e-05,-4.4411214511360706e-05,-0.00242284944897015
4288,0.0040000000000000001,0.0019999999999999983,0,2.8599121378056889e-05,-4.9424861894094716e-05,-0.002220831200661006
4289,0.005000000000000001,0.0019999999999999983,0,-2.2717960881320864e-05,-5.3636438496410927e-05,-0.0019258495429883879
4290,0.0060000000000000019,0.0019999999999999983,0,-5.8208504846696893e-05,-4.3808534150238273e-05,-0.0016085766158073921
4291,0.0069999999999999993,0.0019999999999999983,0,-7.9949976082431423e-05,-3.4146478531816001e-05,-0.0013023755880709235
4292,0.0080000000000000002,0.0019999999999999983,0,-9.0626636430941838e-05,-2.7449721254708316e-05,-0.0010326313711162115
4293,0.0090000000000000011,0.0019999999999999983,0,-9.4661603385429315e-05,-2.173070627495827e-05,-0.00079770720862090217
4294,0.0099999999999999985,0.0019999999999999983,0,-9.4730549775461792e-05,-1.7382391920577871e-05,-0.00059497185811693408
4295,0.010999999999999999,0.0019999999999999983,0,-9.2207239609828093e-05,-1.3512230022743642e-05,-0.0004192408197047369
4296,0.012,0.0019999999999999983,0,-8.7001563143981604e-05,-9.8745220957177404e-06,-0.00026718451419212481
4297,0.013000000000000001,0.0019999999999999983,0,-7.8020059935261955e-05,-7.0548821873626341e-06,-0.00013659039852488436
4298,0.014000000000000002,0.0019999999999999983,0,-3.7535527504238341e-05,-2.8846229661315154e-06,-5.1048896779866684e-05
4299,0.015000000000000003,0.0019999999999999983,0,0,0,0
4300,0.016000000000000004,0.0019999999999999983,0,0,0,0
4301,0.016999999999999998,0.0019999999999999983,0,0,0,0
4302,0.017999999999999999,0.0019999999999999983,0,0,0,0
4303,0.019,0.0019999999999999983,0,0,0,0
4304,0.02,0.0019999999999999983,0,0,0,0
4305,-0.02,0.0029999999999999992,0,0,0,0
4306,-0.019,0.0029999999999999992,0,0,0,0
4307,-0.018000000000000002,0.0029999999999999992,0,0,0,0
4308,-0.017000000000000001,0.0029999999999999992,0,0,0,0
4309,-0.016,0.0029999999999999992,0,0,0,0
4310,-0.014999999999999999,0.0029999999999999992,0,0,0,0
4311,-0.014,0.0029999999999999992,0,2.739061213292707e-05,-3.2291235592011256e-06,-3.6461846675044781e-05
4312,-0.013000000000000001,0.0029999999999999992,0,5.7896932708527277e-05,-7.8423711321494644e-06,-9.4704756339437579e-05
4313,-0.012,0.0029999999999999992,0,6.6156095905818628e-05,-1.0901489998445129e-05,-0.0001842302697498597
4314,-0.010999999999999999,0.0029999999999999992,0,7.1528094239723823e-05,-1.458320283924948e-05,-0.0002864416270698423
4315,-0.01,0.0029999999999999992,0,7.5593489481970072e-05,-1.8278254978477805e-05,-0.00040092802125122056
4316,-0.0090000000000000011,0.0029999999999999992,0,7.8930571729032449e-05,-2.2255721341136101e-05,-0.00052820412485986789
4317,-0.0080000000000000002,0.0029999999999999992,0,8.141696764681281e-05,-2.6635624929165065e-05,-0.00066921546374083807
4318,-0.0069999999999999993,0.0029999999999999992,0,8.2997847398787539e-05,-3.1529597687511946e-05,-0.00082475419775641338
4319,-0.0060000000000000001,0.0029999999999999992,0,8.3471619735493217e-05,-3.7593082428019343e-05,-0.00099565320966114651
4320,-0.005000000000000001,0.0029999999999999992,0,8.2216442385593747e-05,-4.4670172485350971e-05,-0.0011816941355074413
4321,-0.0040000000000000001,0.0029999999999999992,0,7.9115314796197766e-05,-5.4709253825234811e-05,-0.0013828750262977643
4322,-0.0029999999999999992,0.0029999999999999992,0,7.1116431510559857e-05,-6.4751970489932914e-05,-0.0015912303265846446
4323,-0.0019999999999999983,0.0029999999999999992,0,6.0067963274277732e-05,-7.6156543176879947e-05,-0.0017970557205327161
4324,-0.0010000000000000009,0.0029999999999999992,0,4.4847489809193773e-05,-8.4895103354588606e-05,-0.0019786873160980208
4325,0,0.0029999999999999992,0,2.8714756102928535e-05,-8.8861780552713557e-05,-0.0020946018457509222
4326,0.0010000000000000009,0.0029999999999999992,0,1.8105384650331999e-05,-8.5115209661202354e-05,-0.0021368986943227203
4327,0.0019999999999999983,0.0029999999999999992,0,1.7271371792152916e-05,-8.4561714259607005e-05,-0.0021116374504838993
4328,0.0029999999999999992,0.0029999999999999992,0,6.8445034174957458e-06,-8.2655458390064215e-05,-0.0020216272280349258
4329,0.0040000000000000001,0.0029999999999999992,0,-1.2217130236489448e-05,-7.8563274768549804e-05,-0.0018701821038944529
4330,0.005000000000000001,0.0029999999999999992,0,-3.810760512795517e-05,-7.0490387056829808e-05,-0.0016600927181394227
4331,0.0060000000000000019,0.0029999999999999992,0,-6.1539853466406822e-05,-5.917034162907837e-05,-0.0014165435641523845
4332,0.0069999999999999993,0.0029999999999999992,0,-7.7191700274367776e-05,-4.8054220258027018e-05,-0.0011719907433810934
4333,0.0080000000000000002,0.0029999999999999992,0,-8.5774263646041477e-05,-3.850254497791719e-05,-0.00094236094936907559
4334,0.0090000000000000011,0.0029999999999999992,0,-8.94524919404936e-05,-3.0952979664933185e-05,-0.00073527373529866011
4335,0.0099999999999999985,0.0029999999999999992,0,-8.9449577880743925e-05,-2.4624635392456237e-05,-0.000551474091492197
4336,0.010999999999999999,0.0029999999999999992,0,-8.707426534116637e-05,-1.923889851386832e-05,-0.00038961879331531052
4337,0.012,0.0029999999999999992,0,-8.1792727733139245e-05,-1.397051394345489e-05,-0.00024825118353855946
4338,0.013000000000000001,0.0029999999999999992,0,-7.2688285942536433e-05,-9.8832506541880843e-06,-0.00012657697738813716
4339,0.014000000000000002,0.0029999999999999992,0,-3.4841839377690672e-05,-4.0281602274854063e-06,-4.7175232428602977e-05
4340,0.015000000000000003,0.0029999999999999992,0,0,0,0
4341,0.016000000000000004,0.0029999999999999992,0,0,0,0
4342,0.016999999999999998,0.0029999999999999992,0,0,0,0
4343,0.017999999999999999,0.0029999999999999992,0,0,0,0
4344,0.019,0.0029999999999999992,0,0,0,0
4345,0.02,0.0029999999999999992,0,0,0,0
4346,-0.02,0.0040000000000000001,0,0,0,0
4347,-0.019,0.0040000000000000001,0,0,0,0
4348,-0.018000000000000002,0.0040000000000000001,0,0,0,0
4349,-0.017000000000000001,0.0040000000000000001,0,0,0,0
4350,-0.016,0.0040000000000000001,0,0,0,0
4351,-0.014999999999999999,0.0040000000000000001,0,0,0,0
4352,-0.014,0.0040000000000000001,0,2.4913352119351492e-05,-3.9562011270742313e-06,-3.2946246838625148e-05
4353,-0.013000000000000001,0.0040000000000000001,0,5.2989592442105272e-05,-9.6547413390468682e-06,-8.6128178451716511e-05
4354,-0.012,0.0040000000000000001,0,6.1309316244589982e-05,-1.3625740341049844e-05,-0.00016856336769033948
4355,-0.010999999999999999,0.0040000000000000001,0,6.6774114449384412e-05,-1.8355351267541414e-05,-0.00026317722186364195
4356,-0.01,0.0040000000000000001,0,7.0692508245941298e-05,-2.3048965976766438e-05,-0.0003691271889044842
4357,-0.0090000000000000011,0.0040000000000000001,0,7.3688664962199917e-05,-2.8043157015758745e-05,-0.00048632788299635376
4358,-0.0080000000000000002,0.0040000000000000001,0,7.5622551679805451e-05,-3.3409029279537248e-05,-0.00061502545991414133
4359,-0.0069999999999999993,0.0040000000000000001,0,7.6501191127713934e-05,-3.943052293942302e-05,-0.00075523727305668942
4360,-0.0060000000000000001,0.0040000000000000001,0,7.5789846931884869e-05,-4.6177543764444749e-05,-0.00090617414321460027
4361,-0.005000000000000001,0.0040000000000000001,0,7.340880588402451e-05,-5.4332773010084566e-05,-0.0010664941650434447
4362,-0.0040000000000000001,0.0040000000000000001,0,6.8415750770479966e-05,-6.3424221271590427e-05,-0.0012319402875697061
4363,-0.0029999999999999992,0.0040000000000000001,0,6.1103656383162654e-05,-7.3830609381789864e-05,-0.0013971946090984197
4364,-0.0019999999999999983,0.0040000000000000001,0,4.8894276822084288e-05,-8.357584007616709e-05,-0.001548846971578952
4365,-0.0010000000000000009,0.0040000000000000001,0,3.5128969434970613e-05,-9.1122713201310387e-05,-0.0016711543897410834
4366,0,0.0040000000000000001,0,2.237593858434303e-05,-9.5989673945514215e-05,-0.00175257366090334
4367,0.0010000000000000009,0.0040000000000000001,0,1.1808720184070281e-05,-9.8630032203905784e-05,-0.0017835557670730982
4368,0.0019999999999999983,0.0040000000000000001,0,-4.5153832776345324e-07,-9.7259898463494682e-05,-0.0017595564357401094
4369,0.0029999999999999992,0.0040000000000000001,0,-1.2709384716815618e-05,-9.354531137176561e-05,-0.0016848514515048797
4370,0.0040000000000000001,0.0040000000000000001,0,-2.9150785833268002e-05,-8.7110790053816366e-05,-0.0015634308879969633
4371,0.005000000000000001,0.0040000000000000001,0,-4.5844411060712965e-05,-7.8154999373366394e-05,-0.0014038194390757399
4372,0.0060000000000000019,0.0040000000000000001,0,-6.1399311387043469e-05,-6.7861956974302976e-05,-0.0012195220378835216
4373,0.0069999999999999993,0.0040000000000000001,0,-7.2719692367744795e-05,-5.6867819306162956e-05,-0.0010253249405233669
4374,0.0080000000000000002,0.0040000000000000001,0,-7.964298640436896e-05,-4.6823427763012717e-05,-0.00083574487017196207
4375,0.0090000000000000011,0.0040000000000000001,0,-8.2687356803377076e-05,-3.7997440860651861e-05,-0.00065827688044798108
4376,0.0099999999999999985,0.0040000000000000001,0,-8.2716016166447696e-05,-3.0456097465202383e-05,-0.0004966847786790306
4377,0.010999999999999999,0.0040000000000000001,0,-8.0355609192195453e-05,-2.3753085426835051e-05,-0.00035167104683504345
4378,0.012,0.0040000000000000001,0,-7.4985692783674762e-05,-1.7210236094627236e-05,-0.00022385140080843582
4379,0.013000000000000001,0.0040000000000000001,0,-6.5759093561487258e-05,-1.1976370151758537e-05,-0.00011367317480349521
4380,0.014000000000000002,0.0040000000000000001,0,-3.1361709917208407e-05,-4.8661428933907409e-06,-4.2189352361209098e-05
4381,0.015000000000000003,0.0040000000000000001,0,0,0,0
4382,0.016000000000000004,0.0040000000000000001,0,0,0,0
4383,0.016999999999999998,0.0040000000000000001,0,0,0,0
4384,0.017999999999999999,0.0040000000000000001,0,0,0,0
4385,0.019,0.0040000000000000001,0,0,0,0
4386,0.02,0.0040000000000000001,0,0,0,0
4387,-0.02,0.005000000000000001,0,0,0,0
4388,-0.019,0.005000000000000001,0,0,0,0
4389,-0.018000000000000002,0.005000000000000001,0,0,0,0
4390,-0.017000000000000001,0.005000000000000001,0,0,0,0
4391,-0.016,0.005000000000000001,0,0,0,0
4392,-0.014999999999999999,0.005000000000000001,0,0,0,0
4393,-0.014,0.005000000000000001,0,2.1957326208552056e-05,-4.4135320935791999e-06,-2.8777612646563711e-05
4394,-0.013000000000000001,0.005000000000000001,0,4.7110277090009176e-05,-1.087742562162672e-05,-7.5911395556466148e-05
4395,-0.012,0.005000000000000001,0,5.5476785948560901e-05,-1.5666598394240038e-05,-0.00014982180646098918
4396,-0.010999999999999999,0.005000000000000001,0,6.10365585763241e-05,-2.1300081441270062e-05,-0.00023534976328136074
4397,-0.01,0.005000000000000001,0,6.4838286859836603e-05,-2.682020797061273e-05,-0.00033124365101270983
4398,-0.0090000000000000011,0.005000000000000001,0,6.7510736405093882e-05,-3.2614849132786908e-05,-0.0004368061146292374
4399,-0.0080000000000000002,0.005000000000000001,0,6.8989729615266248e-05,-3.8754636318821109e-05,-0.00055168314441602392
4400,-0.0069999999999999993,0.005000000000000001,0,6.9194214391570186e-05,-4.5391916827693232e-05,-0.00067508713276337212
4401,-0.0060000000000000001,0.005000000000000001,0,6.7775820953086565e-05,-5.2677916043112462e-05,-0.00080563906128443014
4402,-0.005000000000000001,0.005000000000000001,0,6.4333892109060814e-05,-6.0618503336412095e-05,-0.0009404523434134505
4403,-0.0040000000000000001,0.005000000000000001,0,5.8936144295543267e-05,-6.940164910532809e-05,-0.0010758048207743743
4404,-0.0029999999999999992,0.005000000000000001,0,5.0511161121260361e-05,-7.8001105051771726e-05,-0.0012042703566822587
4405,-0.0019999999999999983,0.005000000000000001,0,4.0203919998955579e-05,-8.6004586685869372e-05,-0.0013175506061699526
4406,-0.0010000000000000009,0.005000000000000001,0,2.7689475328298225e-05,-9.2759506686277622e-05,-0.0014062956261736742
4407,0,0.005000000000000001,0,1.4725534408012768e-05,-9.7049743643568719e-05,-0.0014612260407270256
4408,0.0010000000000000009,0.005000000000000001,0,1.7169544520787296e-06,-9.8396346593061513e-05,-0.0014777650043510102
4409,0.0019999999999999983,0.005000000000000001,0,-1.0083929821817747e-05,-9.7709494145034863e-05,-0.0014552695955901333
4410,0.0029999999999999992,0.005000000000000001,0,-2.2918186443263382e-05,-9.4439157656843196e-05,-0.0013945725358031394
4411,0.0040000000000000001,0.005000000000000001,0,-3.5148113929876204e-05,-8.8598175152285045e-05,-0.0012992745108110421
4412,0.005000000000000001,0.005000000000000001,0,-4.7720150995167179e-05,-8.0754411489521595e-05,-0.0011755734649622446
4413,0.0060000000000000019,0.005000000000000001,0,-5.8450649804228706e-05,-7.1256753262702942e-05,-0.0010315410736001162
4414,0.0069999999999999993,0.005000000000000001,0,-6.7055849329380047e-05,-6.1475224055762215e-05,-0.0008777101155925637
4415,0.0080000000000000002,0.005000000000000001,0,-7.2428783238514903e-05,-5.1725786442112981e-05,-0.00072272970275114479
4416,0.0090000000000000011,0.005000000000000001,0,-7.498603144919514e-05,-4.2767729285505513e-05,-0.00057377437641313307
4417,0.0099999999999999985,0.005000000000000001,0,-7.4866614703472962e-05,-3.4483199846075786e-05,-0.00043487361351462133
4418,0.010999999999999999,0.005000000000000001,0,-7.2466854307345319e-05,-2.6954868214634474e-05,-0.000308217194749684
4419,0.012,0.005000000000000001,0,-6.6962585370004084e-05,-1.9428900682584966e-05,-0.0001956508791348301
4420,0.013000000000000001,0.005000000000000001,0,-5.7680191492097309e-05,-1.3268108402179407e-05,-9.8761679069885838e-05
4421,0.014000000000000002,0.005000000000000001,0,-2.7315544240607112e-05,-5.3480213802051898e-06,-3.6424942749368977e-05
4422,0.015000000000000003,0.005000000000000001,0,0,0,0
4423,0.016000000000000004,0.005000000000000001,0,0,0,0
4424,0.016999999999999998,0.005000000000000001,0,0,0,0
4425,0.017999999999999999,0.005000000000000001,0,0,0,0
4426,0.019,0.005000000000000001,0,0,0,0
4427,0.02,0.005000000000000001,0,0,0,0
4428,-0.02,0.0060000000000000019,0,0,0,0
4429,-0.019,0.0060000000000000019,0,0,0,0
4430,-0.018000000000000002,0.0060000000000000019,0,0,0,0
4431,-0.017000000000000001,0.0060000000000000019,0,0,0,0
4432,-0.016,0.0060000000000000019,0,0,0,0
4433,-0.014999999999999999,0.0060000000000000019,0,0,0,0
4434,-0.014,0.0060000000000000019,0,1.8668678674499267e-05,-4.5725203028761311e-06,-2.4185156905569236e-05
4435,-0.013000000000000001,0.0060000000000000019,0,4.0544479051890472e-05,-1.1449537076068655e-05,-6.4581462551151946e-05
4436,-0.012,0.0060000000000000019,0,4.8904821210836716e-05,-1.6957871546480223e-05,-0.00012890845988367891
4437,-0.010999999999999999,0.0060000000000000019,0,5.453746133045868e-05,-2.3300999118347555e-05,-0.000204265538614782
4438,-0.01,0.0060000000000000019,0,5.8271400320241506e-05,-2.9491485922771746e-05,-0.00028907278533684213
4439,-0.0090000000000000011,0.0060000000000000019,0,6.0707755374127363e-05,-3.5893848717871912e-05,-0.00038210624326824957
4440,-0.0080000000000000002,0.0060000000000000019,0,6.1850151606800856e-05,-4.2560199001117999e-05,-0.00048248286319075548
4441,-0.0069999999999999993,0.0060000000000000019,0,6.1641047840259316e-05,-4.9582160106237202e-05,-0.00058898318440478762
4442,-0.0060000000000000001,0.0060000000000000019,0,5.9784833521942299e-05,-5.6977296801113878e-05,-0.00069970303193285662
4443,-0.005000000000000001,0.0060000000000000019,0,5.606949805828865e-05,-6.4747842794880429e-05,-0.00081178683699511243
4444,-0.0040000000000000001,0.0060000000000000019,0,5.0221617297139599e-05,-7.2584396425472969e-05,-0.00092093551369692615
4445,-0.0029999999999999992,0.0060000000000000019,0,4.26471918077161e-05,-8.0294631095176864e-05,-0.0010220058816372017
4446,-0.0019999999999999983,0.0060000000000000019,0,3.26984156643176e-05,-8.6966185086701195e-05,-0.0011080866166929143
4447,-0.0010000000000000009,0.0060000000000000019,0,2.1534779363187059e-05,-9.1969196726395441e-05,-0.0011725026244934534
4448,0,0.0060000000000000019,0,9.642581154590907e-06,-9.5229310693936974e-05,-0.0012108820608424044
4449,0.0010000000000000009,0.0060000000000000019,0,-2.1048750582913534e-06,-9.6629609684460604e-05,-0.0012201067704043103
4450,0.0019999999999999983,0.0060000000000000019,0,-1.4146553284060009e-05,-9.5696094356087274e-05,-0.0011989632113591053
4451,0.0029999999999999992,0.0060000000000000019,0,-2.5302601544880008e-05,-9.2504945396764679e-05,-0.0011484914789137465
4452,0.0040000000000000001,0.0060000000000000019,0,-3.6216782387657049e-05,-8.7235246488353912e-05,-0.0010719354397414117
4453,0.005000000000000001,0.0060000000000000019,0,-4.5852210789493561e-05,-8.0181998107063223e-05,-0.00097371863491994826
4454,0.0060000000000000019,0.0060000000000000019,0,-5.4296872704008983e-05,-7.2040862338868425e-05,-0.00085994292927041359
4455,0.0069999999999999993,0.0060000000000000019,0,-6.0634693650201936e-05,-6.3090483590587775e-05,-0.00073673494347218022
4456,0.0080000000000000002,0.0060000000000000019,0,-6.4829994018928148e-05,-5.4090255590330217e-05,-0.00061082151406523612
4457,0.0090000000000000011,0.0060000000000000019,0,-6.6723821137079222e-05,-4.5244289911003159e-05,-0.00048724257316931321
4458,0.0099999999999999985,0.0060000000000000019,0,-6.6372531908450683e-05,-3.6795259139620104e-05,-0.00037011088308782768
4459,0.010999999999999999,0.0060000000000000019,0,-6.3786243071828252e-05,-2.8747857641049695e-05,-0.00026190473685020887
4460,0.012,0.0060000000000000019,0,-5.8162775418466175e-05,-2.0617686898344176e-05,-0.00016536202869746067
4461,0.013000000000000001,0.0060000000000000019,0,-4.8912879618242972e-05,-1.3719794909326483e-05,-8.2750828723621105e-05
4462,0.014000000000000002,0.0060000000000000019,0,-2.2936819311268093e-05,-5.4604340487335052e-06,-3.0232078768976559e-05
4463,0.015000000000000003,0.0060000000000000019,0,0,0,0
4464,0.016000000000000004,0.0060000000000000019,0,0,0,0
4465,0.016999999999999998,0.0060000000000000019,0,0,0,0
4466,0.017999999999999999,0.0060000000000000019,0,0,0,0
4467,0.019,0.0060000000000000019,0,0,0,0
4468,0.02,0.0060000000000000019,0,0,0,0
4469,-0.02,0.0069999999999999993,0,0,0,0
4470,-0.019,0.0069999999999999993,0,0,0,0
4471,-0.018000000000000002,0.0069999999999999993,0,0,0,0
4472,-0.017000000000000001,0.0069999999999999993,0,0,0,0
4473,-0.016,0.0069999999999999993,0,0,0,0
4474,-0.014999999999999999,0.0069999999999999993,0,0,0,0
4475,-0.014,0.0069999999999999993,0,1.5205257013034504e-05,-4.4211832322398529e-06,-1.9423535892919555e-05
4476,-0.013000000000000001,0.0069999999999999993,0,3.3602899754137638e-05,-1.135986329054145e-05,-5.2715565920856163e-05
4477,-0.012,0.0069999999999999993,0,4.1840194545883932e-05,-1.7441724116372567e-05,-0.00010679512734349534
4478,-0.010999999999999999,0.0069999999999999993,0,4.7504419390950358e-05,-2.4306415202302286e-05,-0.00017130009553574776
4479,-0.01,0.0069999999999999993,0,5.1213156362578625e-05,-3.1006917253185544e-05,-0.00024442595077239603
4480,-0.0090000000000000011,0.0069999999999999993,0,5.353004385418499e-05,-3.7873331607462953e-05,-0.00032456912587037096
4481,-0.0080000000000000002,0.0069999999999999993,0,5.4486939236250223e-05,-4.4883165895584817e-05,-0.00041046699351566276
4482,-0.0069999999999999993,0.0069999999999999993,0,5.4093164301477858e-05,-5.2113507716504446e-05,-0.00050061957710049695
4483,-0.0060000000000000001,0.0069999999999999993,0,5.2148872076714624e-05,-5.9521350149964831e-05,-0.0005930382322480442
4484,-0.005000000000000001,0.0069999999999999993,0,4.8438574785714311e-05,-6.6947668775683766e-05,-0.00068487384246191827
4485,-0.0040000000000000001,0.0069999999999999993,0,4.2969712072294766e-05,-7.4246649517884078e-05,-0.00077260960307482744
4486,-0.0029999999999999992,0.0069999999999999993,0,3.5631976653373861e-05,-8.0893299935186943e-05,-0.00085173696855838754
4487,-0.0019999999999999983,0.0069999999999999993,0,2.6955705735516097e-05,-8.6572476906081124e-05,-0.00091760251816036444
4488,-0.0010000000000000009,0.0069999999999999993,0,1.6927080472605111e-05,-9.0887124159617116e-05,-0.00096590065813373003
4489,0,0.0069999999999999993,0,6.2504103708526238e-06,-9.3501115990420026e-05,-0.0009930471859106707
4490,0.0010000000000000009,0.0069999999999999993,0,-4.701000379670099e-06,-9.4106121620993275e-05,-0.00099713802102668414
4491,0.0019999999999999983,0.0069999999999999993,0,-1.5159395242931713e-05,-9.2861808097539613e-05,-0.00097781597154099516
4492,0.0029999999999999992,0.0069999999999999993,0,-2.5282399758268456e-05,-8.9758895296228718e-05,-0.00093612906788048753
4493,0.0040000000000000001,0.0069999999999999993,0,-3.4349490028523733e-05,-8.4902424678748732e-05,-0.00087427158889652132
4494,0.005000000000000001,0.0069999999999999993,0,-4.2398644380345066e-05,-7.8576823939738297e-05,-0.00079582037345734885
4495,0.0060000000000000019,0.0069999999999999993,0,-4.8918282210345345e-05,-7.1115023983350095e-05,-0.00070488697802718696
4496,0.0069999999999999993,0.0069999999999999993,0,-5.3922975603413665e-05,-6.301967373725956e-05,-0.00060616559490604465
4497,0.0080000000000000002,0.0069999999999999993,0,-5.704038044615066e-05,-5.4515443501960277e-05,-0.00050404155921967306
4498,0.0090000000000000011,0.0069999999999999993,0,-5.8319896231941263e-05,-4.5997219017115059e-05,-0.00040269217596552911
4499,0.0099999999999999985,0.0069999999999999993,0,-5.7571620553876183e-05,-3.7521744728625985e-05,-0.00030549258148188611
4500,0.010999999999999999,0.0069999999999999993,0,-5.4726156409224328e-05,-2.9233517141741376e-05,-0.00021510156195606595
4501,0.012,0.0069999999999999993,0,-4.8993693681860824e-05,-2.0771756158502829e-05,-0.00013455779702460161
4502,0.013000000000000001,0.0069999999999999993,0,-3.9917945891781761e-05,-1.3374155846492722e-05,-6.6516401536763296e-05
4503,0.014000000000000002,0.0069999999999999993,0,-1.8446569301464185e-05,-5.2027322036006906e-06,-2.3963713836028984e-05
4504,0.015000000000000003,0.0069999999999999993,0,0,0,0
4505,0.016000000000000004,0.0069999999999999993,0,0,0,0
4506,0.016999999999999998,0.0069999999999999993,0,0,0,0
4507,0.017999999999999999,0.0069999999999999993,0,0,0,0
4508,0.019,0.0069999999999999993,0,0,0,0
4509,0.02,0.0069999999999999993,0,0,0,0
4510,-0.02,0.0080000000000000002,0,0,0,0
4511,-0.019,0.0080000000000000002,0,0,0,0
4512,-0.018000000000000002,0.0080000000000000002,0,0,0,0
4513,-0.017000000000000001,0.0080000000000000002,0,0,0,0
4514,-0.016,0.0080000000000000002,0,0,0,0
4515,-0.014999999999999999,0.0080000000000000002,0,0,0,0
4516,-0.014,0.0080000000000000002,0,1.1746063643552846e-05,-3.9839621291442375e-06,-1.4761505429287302e-05
4517,-0.013000000000000001,0.0080000000000000002,0,2.6598608181358595e-05,-1.0616813716274591e-05,-4.0937271800203592e-05
4518,-0.012,0.0080000000000000002,0,3.4520614258687143e-05,-1.7078769877673946e-05,-8.4530674062854381e-05
4519,-0.010999999999999999,0.0080000000000000002,0,4.013368426858246e-05,-2.4261638711783546e-05,-0.00013786063824043764
4520,-0.01,0.0080000000000000002,0,4.3852191362465675e-05,-3.1348788911250663e-05,-0.00019907762728287569
4521,-0.0090000000000000011,0.0080000000000000002,0,4.6138645342154157e-05,-3.8542597411684681e-05,-0.00026634169373701978
4522,-0.0080000000000000002,0.0080000000000000002,0,4.7070466621572282e-05,-4.5799617087830616e-05,-0.00033818840987033034
4523,-0.0069999999999999993,0.0080000000000000002,0,4.6665865937022494e-05,-5.3131453486674532e-05,-0.00041297301283000704
4524,-0.0060000000000000001,0.0080000000000000002,0,4.4827821572062785e-05,-6.046855079327332e-05,-0.00048873962921236794
4525,-0.005000000000000001,0.0080000000000000002,0,4.1429514832770564e-05,-6.7642775191235056e-05,-0.00056300844127552788
4526,-0.0040000000000000001,0.0080000000000000002,0,3.6422018653816045e-05,-7.4381624274217652e-05,-0.00063271734139132101
4527,-0.0029999999999999992,0.0080000000000000002,0,2.9970258209696835e-05,-8.0462265144240727e-05,-0.00069458251383809502
4528,-0.0019999999999999983,0.0080000000000000002,0,2.2156154085932371e-05,-8.5453959957977499e-05,-0.00074516451954657024
4529,-0.0010000000000000009,0.0080000000000000002,0,1.3406772355209863e-05,-8.9067396852096466e-05,-0.00078126179097718588
4530,0,0.0080000000000000002,0,4.0198986414236603e-06,-9.1085438001616055e-05,-0.00080058988797585765
4531,0.0010000000000000009,0.0080000000000000002,0,-5.4692065049451303e-06,-9.1450666098580332e-05,-0.00080192008554413516
4532,0.0019999999999999983,0.0080000000000000002,0,-1.4809952303556042e-05,-9.0014424728443641e-05,-0.0007850376586947495
4533,0.0029999999999999992,0.0080000000000000002,0,-2.3423388516638074e-05,-8.6893030882985307e-05,-0.00075073929761880281
4534,0.0040000000000000001,0.0080000000000000002,0,-3.119592663639592e-05,-8.2232055324740904e-05,-0.00070095218297308028
4535,0.005000000000000001,0.0080000000000000002,0,-3.7775940306610607e-05,-7.6283097816377924e-05,-0.00063823970044082684
4536,0.0060000000000000019,0.0080000000000000002,0,-4.309631879858876e-05,-6.9347667646485662e-05,-0.00056573986627155926
4537,0.0069999999999999993,0.0080000000000000002,0,-4.6930569628730537e-05,-6.1684621456859011e-05,-0.00048672114600951157
4538,0.0080000000000000002,0.0080000000000000002,0,-4.9238876637960518e-05,-5.3616462840933118e-05,-0.0004046058248221671
4539,0.0090000000000000011,0.0080000000000000002,0,-4.9878499843915965e-05,-4.5312466117861e-05,-0.00032250402796936357
4540,0.0099999999999999985,0.0080000000000000002,0,-4.8713362486885207e-05,-3.6898061376662119e-05,-0.00024338074899939396
4541,0.010999999999999999,0.0080000000000000002,0,-4.5566077599516823e-05,-2.848442560599415e-05,-0.00016974604725823142
4542,0.012,0.0080000000000000002,0,-3.9805558289697508e-05,-1.9938154348504997e-05,-0.00010469146387166106
4543,0.013000000000000001,0.0080000000000000002,0,-3.110747563898926e-05,-1.2283964066688855e-05,-5.0887905716754298e-05
4544,0.014000000000000002,0.0080000000000000002,0,-1.4068440804901856e-05,-4.6183424528249946e-06,-1.7969286542463409e-05
4545,0.015000000000000003,0.0080000000000000002,0,0,0,0
4546,0.016000000000000004,0.0080000000000000002,0,0,0,0
4547,0.016999999999999998,0.0080000000000000002,0,0,0,0
4548,0.017999999999999999,0.0080000000000000002,0,0,0,0
4549,0.019,0.0080000000000000002,0,0,0,0
4550,0.02,0.0080000000000000002,0,0,0,0
4551,-0.02,0.0090000000000000011,0,0,0,0
4552,-0.019,0.0090000000000000011,0,0,0,0
4553,-0.018000000000000002,0.0090000000000000011,0,0,0,0
4554,-0.017000000000000001,0.0090000000000000011,0,0,0,0
4555,-0.016,0.0090000000000000011,0,0,0,0
4556,-0.014999999999999999,0.0090000000000000011,0,0,0,0
4557,-0.014,0.0090000000000000011,0,8.4734591481032608e-06,-3.3176274958501997e-06,-1.0468149102420937e-05
4558,-0.013000000000000001,0.0090000000000000011,0,1.9847641252363575e-05,-9.2865024777643265e-06,-2.9877226091829166e-05
4559,-0.012,0.0090000000000000011,0,2.7166717011600582e-05,-1.5844895576942849e-05,-6.3178433395259795e-05
4560,-0.010999999999999999,0.0090000000000000011,0,3.2615767166602934e-05,-2.3158572879935927e-05,-0.00010534557431708831
4561,-0.01,0.0090000000000000011,0,3.6331692726260545e-05,-3.0491812814509919e-05,-0.00015469369841689373
4562,-0.0090000000000000011,0.0090000000000000011,0,3.866450113668027e-05,-3.7926588230040492e-05,-0.00020934481535528647
4563,-0.0080000000000000002,0.0090000000000000011,0,3.9670832395673539e-05,-4.5356191732696428e-05,-0.00026774452450662053
4564,-0.0069999999999999993,0.0090000000000000011,0,3.941073208746246e-05,-5.2769079663128513e-05,-0.00032824092411079775
4565,-0.0060000000000000001,0.0090000000000000011,0,3.7819582302418115e-05,-6.0037808994674197e-05,-0.00038900832700763618
4566,-0.005000000000000001,0.0090000000000000011,0,3.4870378703940958e-05,-6.7013494383710311e-05,-0.00044791201843581772
4567,-0.0040000000000000001,0.0090000000000000011,0,3.0523108492412007e-05,-7.3420797676072315e-05,-0.00050255337224506765
4568,-0.0029999999999999992,0.0090000000000000011,0,2.4899386838627066e-05,-7.9028510886958365e-05,-0.00055034012607262355
4569,-0.0019999999999999983,0.0090000000000000011,0,1.8187640028264234e-05,-8.3561778448660697e-05,-0.00058876665819098545
4570,-0.0010000000000000009,0.0090000000000000011,0,1.0634118422799141e-05,-8.6750066931576446e-05,-0.00061570669256466885
4571,0,0.0090000000000000011,0,2.6079557619888053e-06,-8.8462155292163048e-05,-0.00062950636341747173
4572,0.0010000000000000009,0.0090000000000000011,0,-5.5668615118935239e-06,-8.8519867322017629e-05,-0.0006292326037765372
4573,0.0019999999999999983,0.0090000000000000011,0,-1.344315996490178e-05,-8.6953700959470744e-05,-0.00061491253434124845
4574,0.0029999999999999992,0.0090000000000000011,0,-2.0802046558711779e-05,-8.3819802413840469e-05,-0.00058729217924329826
4575,0.0040000000000000001,0.0090000000000000011,0,-2.7282607124543209e-05,-7.9284151581235704e-05,-0.00054772337342054857
4576,0.005000000000000001,0.0090000000000000011,0,-3.2736062074457817e-05,-7.3550289741480536e-05,-0.00049816334870935385
4577,0.0060000000000000019,0.0090000000000000011,0,-3.696533112585587e-05,-6.6860218138959472e-05,-0.00044090888684634354
4578,0.0069999999999999993,0.0090000000000000011,0,-3.9923226848800904e-05,-5.9483646598068795e-05,-0.00037846437208810199
4579,0.0080000000000000002,0.0090000000000000011,0,-4.1457290209559623e-05,-5.1606426722859461e-05,-0.00031337959443734095
4580,0.0090000000000000011,0.0090000000000000011,0,-4.1520949659519475e-05,-4.3437076630221744e-05,-0.00024821562447700877
4581,0.0099999999999999985,0.0090000000000000011,0,-3.9924004384029516e-05,-3.5041993504188815e-05,-0.00018544207434315535
4582,0.010999999999999999,0.0090000000000000011,0,-3.6529337939912255e-05,-2.661210570600643e-05,-0.00012742677850958027
4583,0.012,0.0090000000000000011,0,-3.0868092031672427e-05,-1.8161406711864712e-05,-7.7018210515892303e-05
4584,0.013000000000000001,0.0090000000000000011,0,-2.2857954687401888e-05,-1.0570931082173557e-05,-3.662377787642782e-05
4585,0.014000000000000002,0.0090000000000000011,0,-1.0018227088633183e-05,-3.7885105526087117e-06,-1.2569734158149827e-05
4586,0.015000000000000003,0.0090000000000000011,0,0,0,0
4587,0.016000000000000004,0.0090000000000000011,0,0,0,0
4588,0.016999999999999998,0.0090000000000000011,0,0,0,0
4589,0.017999999999999999,0.0090000000000000011,0,0,0,0
4590,0.019,0.0090000000000000011,0,0,0,0
4591,0.02,0.0090000000000000011,0,0,0,0
4592,-0.02,0.0099999999999999985,0,0,0,0
4593,-0.019,0.0099999999999999985,0,0,0,0
4594,-0.018000000000000002,0.0099999999999999985,0,0,0,0
4595,-0.017000000000000001,0.0099999999999999985,0,0,0,0
4596,-0.016,0.0099999999999999985,0,0,0,0
4597,-0.014999999999999999,0.0099999999999999985,0,0,0,0
4598,-0.014,0.0099999999999999985,0,5.5847962047311797e-06,-2.5384107491036837e-06,-6.7974076224284947e-06
4599,-0.013000000000000001,0.0099999999999999985,0,1.3666795842003707e-05,-7.4845074325128665e-06,-2.0174405088462652e-05
4600,-0.012,0.0099999999999999985,0,1.9990073396770629e-05,-1.3728832576599639e-05,-4.387735720981287e-05
4601,-0.010999999999999999,0.0099999999999999985,0,2.510041974807178e-05,-2.0941109080071698e-05,-7.520773414277927e-05
4602,-0.01,0.0099999999999999985,0,2.873891097091274e-05,-2.8358772971528088e-05,-0.00011296493460709728
4603,-0.0090000000000000011,0.0099999999999999985,0,3.1131992555262478e-05,-3.5930754670389639e-05,-0.00015538186866315268
4604,-0.0080000000000000002,0.0099999999999999985,0,3.2288822621133619e-05,-4.3489743843110455e-05,-0.00020099487066242759
4605,-0.0069999999999999993,0.0099999999999999985,0,3.2260776557101602e-05,-5.0959967208133054e-05,-0.00024821485308606421
4606,-0.0060000000000000001,0.0099999999999999985,0,3.1042819394487827e-05,-5.8206948622462474e-05,-0.00029543215501458969
4607,-0.005000000000000001,0.0099999999999999985,0,2.8616652923306772e-05,-6.5038824941956105e-05,-0.00034086346086689771
4608,-0.0040000000000000001,0.0099999999999999985,0,2.5010699439996514e-05,-7.1239796295525896e-05,-0.00038261891418037944
4609,-0.0029999999999999992,0.0099999999999999985,0,2.0296559000716301e-05,-7.6546693374397322e-05,-0.00041876245008152992
4610,-0.0019999999999999983,0.0099999999999999985,0,1.4684013533954102e-05,-8.0766128720606296e-05,-0.00044748344516686429
4611,-0.0010000000000000009,0.0099999999999999985,0,8.3819429562796011e-06,-8.3672136510369545e-05,-0.00046721029455376888
4612,0,0.0099999999999999985,0,1.6666998869840359e-06,-8.5076372384091929e-05,-0.00047685468081933523
4613,0.0010000000000000009,0.0099999999999999985,0,-5.1234301138328987e-06,-8.4989270724345728e-05,-0.00047587728107859658
4614,0.0019999999999999983,0.0099999999999999985,0,-1.1711129287766528e-05,-8.3345031505947884e-05,-0.00046422337638328521
4615,0.0029999999999999992,0.0099999999999999985,0,-1.775695828422209e-05,-8.0207502155331612e-05,-0.00044248857789687006
4616,0.0040000000000000001,0.0099999999999999985,0,-2.3066638781487767e-05,-7.5720628730179831e-05,-0.00041175030384263519
4617,0.005000000000000001,0.0099999999999999985,0,-2.7428158379510924e-05,-7.0088340623174154e-05,-0.00037343252556253532
4618,0.0060000000000000019,0.0099999999999999985,0,-3.0730713497517225e-05,-6.3530511179299746e-05,-0.00032925336054598548
4619,0.0069999999999999993,0.0099999999999999985,0,-3.2850311719056287e-05,-5.6249316428408049e-05,-0.000281090151279216
4620,0.0080000000000000002,0.0099999999999999985,0,-3.3714818436896051e-05,-4.8452793207800349e-05,-0.00023097473146511664
4621,0.0090000000000000011,0.0099999999999999985,0,-3.3232828978795517e-05,-4.0308528637056514e-05,-0.00018093800048847968
4622,0.0099999999999999985,0.0099999999999999985,0,-3.1272561200009825e-05,-3.1950451588359586e-05,-0.00013311422794854097
4623,0.010999999999999999,0.0099999999999999985,0,-2.7759507361943104e-05,-2.3621265109801153e-05,-8.9556432629828441e-05
4624,0.012,0.0099999999999999985,0,-2.2409158195501371e-05,-1.5484924332193878e-05,-5.2731764743377572e-05
4625,0.013000000000000001,0.0099999999999999985,0,-1.5521869591516541e-05,-8.4043597245610394e-06,-2.4404772736295045e-05
4626,0.014000000000000002,0.0099999999999999985,0,-6.5248523710160116e-06,-2.8576945244846805e-06,-8.0436021240608848e-06
4627,0.015000000000000003,0.0099999999999999985,0,0,0,0
4628,0.016000000000000004,0.0099999999999999985,0,0,0,0
4629,0.016999999999999998,0.0099999999999999985,0,0,0,0
4630,0.017999999999999999,0.0099999999999999985,0,0,0,0
4631,0.019,0.0099999999999999985,0,0,0,0
4632,0.02,0.0099999999999999985,0,0,0,0
4633,-0.02,0.010999999999999999,0,0,0,0
4634,-0.019,0.010999999999999999,0,0,0,0
4635,-0.018000000000000002,0.010999999999999999,0,0,0,0
4636,-0.017000000000000001,0.010999999999999999,0,0,0,0
4637,-0.016,0.010999999999999999,0,0,0,0
4638,-0.014999999999999999,0.010999999999999999,0,0,0,0
4639,-0.014,0.010999999999999999,0,3.2965323234099781e-06,-1.796043400090642e-06,-3.9015164238565365e-06
4640,-0.013000000000000001,0.010999999999999999,0,8.4169537206166314e-06,-5.4657369655968272e-06,-1.2239937910148734e-05
4641,-0.012,0.010999999999999999,0,1.3321744040277054e-05,-1.0885483317721011e-05,-2.758243813629869e-05
4642,-0.010999999999999999,0.010999999999999999,0,1.7810368929966072e-05,-1.7642772855425458e-05,-4.8813961309285696e-05
4643,-0.01,0.010999999999999999,0,2.1256784437051602e-05,-2.4922262356755484e-05,-7.5485856504853098e-05
4644,-0.0090000000000000011,0.010999999999999999,0,2.3663341460579874e-05,-3.2473689687040225e-05,-0.0001061928319291366
4645,-0.0080000000000000002,0.010999999999999999,0,2.4983938769708164e-05,-4.0088767845369603e-05,-0.0001396539435451877
4646,-0.0069999999999999993,0.010999999999999999,0,2.5256126742669765e-05,-4.7629280336453562e-05,-0.000174481291196904
4647,-0.0060000000000000001,0.010999999999999999,0,2.446400076300003e-05,-5.4909913272288549e-05,-0.00020930498899295288
4648,-0.005000000000000001,0.010999999999999999,0,2.2637748410015971e-05,-6.1735139982957562e-05,-0.00024270415926204837
4649,-0.0040000000000000001,0.010999999999999999,0,1.9802055343121607e-05,-6.7869241528734442e-05,-0.00027323433142672961
4650,-0.0029999999999999992,0.010999999999999999,0,1.6055406962003608e-05,-7.3078188228487302e-05,-0.00029947284660952371
4651,-0.0019999999999999983,0.010999999999999999,0,1.1519302558751276e-05,-7.713890330686398e-05,-0.00032011756344654791
4652,-0.0010000000000000009,0.010999999999999999,0,6.4249166775762081e-06,-7.9872125314361857e-05,-0.00033409244970057455
4653,0,0.010999999999999999,0,1.0172344362684114e-06,-8.1161381849151153e-05,-0.0003406335220970395
4654,0.0010000000000000009,0.010999999999999999,0,-4.4642905193179717e-06,-8.0895305750752723e-05,-0.0003393565099410549
4655,0.0019999999999999983,0.010999999999999999,0,-9.7377025771630465e-06,-7.9129777835094763e-05,-0.00033032707370176382
4656,0.0029999999999999992,0.010999999999999999,0,-1.4570984972562315e-05,-7.5930677444431091e-05,-0.00031396565065385781
4657,0.0040000000000000001,0.010999999999999999,0,-1.8733238262166624e-05,-7.1400784532705009e-05,-0.00029105595700809069
4658,0.005000000000000001,0.010999999999999999,0,-2.2081480703463547e-05,-6.5724210441681858e-05,-0.00026265970179783837
4659,0.0060000000000000019,0.010999999999999999,0,-2.4473684028496176e-05,-5.9109158195772142e-05,-0.00023003988594365445
4660,0.0069999999999999993,0.010999999999999999,0,-2.5832946304229129e-05,-5.1784135130082285e-05,-0.00019462970525794114
4661,0.0080000000000000002,0.010999999999999999,0,-2.6062980029784924e-05,-4.3952965607255174e-05,-0.00015798936389605037
4662,0.0090000000000000011,0.010999999999999999,0,-2.512455351939804e-05,-3.5831793236859332e-05,-0.00012174367576377594
4663,0.0099999999999999985,0.010999999999999999,0,-2.2923535717480485e-05,-2.7615504941618993e-05,-8.7634680426902046e-05
4664,0.010999999999999999,0.010999999999999999,0,-1.9481124510199238e-05,-1.9596977123573816e-05,-5.7341253189426143e-05
4665,0.012,0.010999999999999999,0,-1.4777617767205247e-05,-1.2124955631969835e-05,-3.2719080986252511e-05
4666,0.013000000000000001,0.010999999999999999,0,-9.4701981609938895e-06,-6.0802801738188471e-06,-1.4619442688347756e-05
4667,0.014000000000000002,0.010999999999999999,0,-3.8218248044709903e-06,-2.0034434021959186e-06,-4.5618155408771248e-06
4668,0.015000000000000003,0.010999999999999999,0,0,0,0
4669,0.016000000000000004,0.010999999999999999,0,0,0,0
4670,0.016999999999999998,0.010999999999999999,0,0,0,0
4671,0.017999999999999999,0.010999999999999999,0,0,0,0
4672,0.019,0.010999999999999999,0,0,0,0
4673,0.02,0.010999999999999999,0,0,0,0
4674,-0.02,0.012,0,0,0,0
4675,-0.019,0.012,0,0,0,0
4676,-0.018000000000000002,0.012,0,0,0,0
4677,-0.017000000000000001,0.012,0,0,0,0
4678,-0.016,0.012,0,0,0,0
4679,-0.014999999999999999,0.012,0,0,0,0
4680,-0.014,0.012,0,1.7079322086123647e-06,-1.1717026789663169e-06,-1.9185032847285262e-06
4681,-0.013000000000000001,0.012,0,4.454782534610325e-06,-3.5249739608025308e-06,-6.4254846913574269e-06
4682,-0.012,0.012,0,7.6327827340618218e-06,-7.5734139680343921e-06,-1.5093574595156262e-05
4683,-0.010999999999999999,0.012,0,1.1012947320981405e-05,-1.325485267223316e-05,-2.7665475313255948e-05
4684,-0.01,0.012,0,1.3954663122837171e-05,-1.9945374185564854e-05,-4.4167543567803987e-05
4685,-0.0090000000000000011,0.012,0,1.6196078783855303e-05,-2.7188899356398352e-05,-6.3857112104092389e-05
4686,-0.0080000000000000002,0.012,0,1.7574416712857822e-05,-3.4667496450413783e-05,-8.5830771177956166e-05
4687,-0.0069999999999999993,0.012,0,1.8088389165033048e-05,-4.2179373508621483e-05,-0.00010898666135087201
4688,-0.0060000000000000001,0.012,0,1.7746022129304885e-05,-4.9508598787285212e-05,-0.00013227656818454183
4689,-0.005000000000000001,0.012,0,1.6567798668143162e-05,-5.6415659698447543e-05,-0.00015463671320482917
4690,-0.0040000000000000001,0.012,0,1.4593840846499461e-05,-6.2645204013182481e-05,-0.0001750494989540707
4691,-0.0029999999999999992,0.012,0,1.1873900486909807e-05,-6.7934558494626743e-05,-0.00019253319466881223
4692,-0.0019999999999999983,0.012,0,8.5237957538893869e-06,-7.2039817159543935e-05,-0.00020620326335021169
4693,-0.0010000000000000009,0.012,0,4.6875086908902956e-06,-7.4761777079959378e-05,-0.00021533843400041862
4694,0,0.012,0,5.6624089066717553e-07,-7.5941503522248958e-05,-0.00021943792836559125
4695,0.0010000000000000009,0.012,0,-3.5917884645389355e-06,-7.5536972042882698e-05,-0.00021826053988272689
4696,0.0019999999999999983,0.012,0,-7.5539806779455862e-06,-7.357411445026209e-05,-0.00021185642723846345
4697,0.0029999999999999992,0.012,0,-1.1120238162610046e-05,-7.0140486259277326e-05,-0.00020054711567328294
4698,0.0040000000000000001,0.012,0,-1.4125051718116602e-05,-6.5398408521776967e-05,-0.00018488550685682333
4699,0.005000000000000001,0.012,0,-1.6424094342841794e-05,-5.9518467424828174e-05,-0.00016560862556080076
4700,0.0060000000000000019,0.012,0,-1.7936572348527129e-05,-5.2737979754640347e-05,-0.00014363242233236535
4701,0.0069999999999999993,0.012,0,-1.8589401524607675e-05,-4.5314638808411788e-05,-0.00011997046918760235
4702,0.0080000000000000002,0.012,0,-1.8330661670232269e-05,-3.7511158150967644e-05,-9.5762696759168396e-05
4703,0.0090000000000000011,0.012,0,-1.7123367122865852e-05,-2.9586783170216498e-05,-7.2202279648688576e-05
4704,0.0099999999999999985,0.012,0,-1.4947320974588443e-05,-2.1806231918752561e-05,-5.0594544292093883e-05
4705,0.010999999999999999,0.012,0,-1.1962410168144922e-05,-1.4567206841999976e-05,-3.2078608624082617e-05
4706,0.012,0.012,0,-8.4187289117941636e-06,-8.3722788789875236e-06,-1.7678722353243528e-05
4707,0.013000000000000001,0.012,0,-4.9982548467903029e-06,-3.9028141941946716e-06,-7.5913748786210865e-06
4708,0.014000000000000002,0.012,0,-1.9895867195683195e-06,-1.3112369117811634e-06,-2.2364450051333374e-06
4709,0.015000000000000003,0.012,0,0,0,0
4710,0.016000000000000004,0.012,0,0,0,0
4711,0.016999999999999998,0.012,0,0,0,0
4712,0.017999999999999999,0.012,0,0,0,0
4713,0.019,0.012,0,0,0,0
4714,0.02,0.012,0,0,0,0
4715,-0.02,0.013000000000000001,0,0,0,0
4716,-0.019,0.013000000000000001,0,0,0,0
4717,-0.018000000000000002,0.013000000000000001,0,0,0,0
4718,-0.017000000000000001,0.013000000000000001,0,0,0,0
4719,-0.016,0.013000000000000001,0,0,0,0
4720,-0.014999999999999999,0.013000000000000001,0,0,0,0
4721,-0.014,0.013000000000000001,0,8.0792639248526639e-07,-7.2796047558349881e-07,-7.0016471490312431e-07
4722,-0.013000000000000001,0.013000000000000001,0,1.9677972205887549e-06,-1.9532197221117787e-06,-2.5518448746662861e-06
4723,-0.012,0.013000000000000001,0,3.5623283855765428e-06,-4.4348368526493013e-06,-6.4395879113788702e-06
4724,-0.010999999999999999,0.013000000000000001,0,5.5413354170152286e-06,-8.4050614608248836e-06,-1.2303025253050082e-05
4725,-0.01,0.013000000000000001,0,7.6151740684708249e-06,-1.3688050592843451e-05,-2.0347942678168815e-05
4726,-0.0090000000000000011,0.013000000000000001,0,9.4879093952726791e-06,-1.9939160568721981e-05,-3.0250731813010307e-05
4727,-0.0080000000000000002,0.013000000000000001,0,1.0900610829874961e-05,-2.680848435591563e-05,-4.1625741205969813e-05
4728,-0.0069999999999999993,0.013000000000000001,0,1.1730700703946029e-05,-3.3987460583528563e-05,-5.3852321772485032e-05
4729,-0.0060000000000000001,0.013000000000000001,0,1.1902311020013908e-05,-4.1163841510836388e-05,-6.6306490980614467e-05
4730,-0.005000000000000001,0.013000000000000001,0,1.1395481986944421e-05,-4.8022512307684673e-05,-7.835673214611776e-05
4731,-0.0040000000000000001,0.013000000000000001,0,1.0208937175608598e-05,-5.4243867576501649e-05,-8.9400305203376641e-05
4732,-0.0029999999999999992,0.013000000000000001,0,8.393843908416451e-06,-5.9527276648643854e-05,-9.8869287355556062e-05
4733,-0.0019999999999999983,0.013000000000000001,0,6.0320084533970934e-06,-6.361105315601221e-05,-0.00010626125496361561
4734,-0.0010000000000000009,0.013000000000000001,0,3.2625174282169804e-06,-6.6277490207486869e-05,-0.0001111588665541234
4735,0,0.013000000000000001,0,2.6198102131185812e-07,-6.739206676093533e-05,-0.00011327643197448612
4736,0.0010000000000000009,0.013000000000000001,0,-2.7718518978764944e-06,-6.6875728114341646e-05,-0.00011247365397314333
4737,0.0019999999999999983,0.013000000000000001,0,-5.6353841529150281e-06,-6.4727533996231868e-05,-0.00010878401059072267
4738,0.0029999999999999992,0.013000000000000001,0,-8.128969811070188e-06,-6.1096295121013726e-05,-0.00010241299811062607
4739,0.0040000000000000001,0.013000000000000001,0,-1.0105509211148203e-05,-5.6167738715115634e-05,-9.3713567259081317e-05
4740,0.005000000000000001,0.013000000000000001,0,-1.1467167488112501e-05,-5.0175381294871687e-05,-8.3137324109476196e-05
4741,0.0060000000000000019,0.013000000000000001,0,-1.2139516589315472e-05,-4.3380697409085595e-05,-7.1219892166148383e-05
4742,0.0069999999999999993,0.013000000000000001,0,-1.2105449918074034e-05,-3.6099115126975229e-05,-5.8570750905928898e-05
4743,0.0080000000000000002,0.013000000000000001,0,-1.1368781505969037e-05,-2.8670644055742757e-05,-4.5856404145102471e-05
4744,0.0090000000000000011,0.013000000000000001,0,-1.0000428542597183e-05,-2.1457428897209192e-05,-3.3762431613349254e-05
4745,0.0099999999999999985,0.013000000000000001,0,-8.1246493819148849e-06,-1.4834976130467667e-05,-2.3007438814437903e-05
4746,0.010999999999999999,0.013000000000000001,0,-5.9950071721339637e-06,-9.1808299887889673e-06,-1.4082986017165975e-05
4747,0.012,0.013000000000000001,0,-3.9163902204724072e-06,-4.8925793483589628e-06,-7.4594505403814724e-06
4748,0.013000000000000001,0.013000000000000001,0,-2.216688441523071e-06,-2.1767484117144691e-06,-3.0008667356480726e-06
4749,0.014000000000000002,0.013000000000000001,0,-9.2863136789715661e-07,-8.0772474364143283e-07,-8.0277846376227764e-07
4750,0.015000000000000003,0.013000000000000001,0,0,0,0
4751,0.016000000000000004,0.013000000000000001,0,0,0,0
4752,0.016999999999999998,0.013000000000000001,0,0,0,0
4753,0.017999999999999999,0.013000000000000001,0,0,0,0
4754,0.019,0.013000000000000001,0,0,0,0
4755,0.02,0.013000000000000001,0,0,0,0
4756,-0.02,0.014000000000000002,0,0,0,0
4757,-0.019,0.014000000000000002,0,0,0,0
4758,-0.018000000000000002,0.014000000000000002,0,0,0,0
4759,-0.017000000000000001,0.014000000000000002,0,0,0,0
4760,-0.016,0.014000000000000002,0,0,0,0
4761,-0.014999999999999999,0.014000000000000002,0,0,0,0
4762,-0.014,0.014000000000000002,0,4.2913086491611334e-07,-4.2778444831378555e-07,-2.340318901243742e-07
4763,-0.013000000000000001,0.014000000000000002,0,7.3358762697672635e-07,-8.041142860566015e-07,-7.0014163565529743e-07
4764,-0.012,0.014000000000000002,0,1.1866436591907419e-06,-1.7044890491946085e-06,-1.922496996913475e-06
4765,-0.010999999999999999,0.014000000000000002,0,1.8267962992074348e-06,-3.3013675970008e-06,-3.9197179113726591e-06
4766,-0.01,0.014000000000000002,0,2.5922265865916415e-06,-5.6122978744997386e-06,-6.8481635930753422e-06
4767,-0.0090000000000000011,0.014000000000000002,0,3.4014402682873527e-06,-8.5449043151750993e-06,-1.0578459757637791e-05
4768,-0.0080000000000000002,0.014000000000000002,0,4.1031878658153627e-06,-1.1889036099694768e-05,-1.4966163015990438e-05
4769,-0.0069999999999999993,0.014000000000000002,0,4.57829250283593e-06,-1.5452055642251654e-05,-1.9762891201480148e-05
4770,-0.0060000000000000001,0.014000000000000002,0,4.7656170215437379e-06,-1.9053644374267359e-05,-2.4701555841180794e-05
4771,-0.005000000000000001,0.014000000000000002,0,4.6351490175671903e-06,-2.2513175659200428e-05,-2.9510509818603807e-05
4772,-0.0040000000000000001,0.014000000000000002,0,4.1930321854367764e-06,-2.5667111697596959e-05,-3.3927147500942384e-05
4773,-0.0029999999999999992,0.014000000000000002,0,3.4618735632385395e-06,-2.8359632906878938e-05,-3.7708905845553107e-05
4774,-0.0019999999999999983,0.014000000000000002,0,2.4892599952958841e-06,-3.045012599224959e-05,-4.0641891364409386e-05
4775,-0.0010000000000000009,0.014000000000000002,0,1.336435694858125e-06,-3.1825231945340729e-05,-4.2557096916721718e-05
4776,0,0.014000000000000002,0,7.8205562943581619e-08,-3.2399684473188123e-05,-4.333185034581491e-05
4777,0.0010000000000000009,0.014000000000000002,0,-1.1973657623866869e-06,-3.2135488496001411e-05,-4.29116174829355e-05
4778,0.0019999999999999983,0.014000000000000002,0,-2.3977663239013198e-06,-3.1040145129940232e-05,-4.1317507173335214e-05
4779,0.0029999999999999992,0.014000000000000002,0,-3.4416201327674017e-06,-2.9153189156087614e-05,-3.8642307418968103e-05
4780,0.0040000000000000001,0.014000000000000002,0,-4.2482990265833509e-06,-2.6586339153351869e-05,-3.5041246130222769e-05
4781,0.005000000000000001,0.014000000000000002,0,-4.7539540985667606e-06,-2.349809271135321e-05,-3.0732694740196893e-05
4782,0.0060000000000000019,0.014000000000000002,0,-4.9304788023720978e-06,-2.0048511531168293e-05,-2.5945233758306989e-05
4783,0.0069999999999999993,0.014000000000000002,0,-4.7706829500615506e-06,-1.6392973894682664e-05,-2.0946524678948965e-05
4784,0.0080000000000000002,0.014000000000000002,0,-4.3087282946921304e-06,-1.2718861868579468e-05,-1.6016566471640297e-05
4785,0.0090000000000000011,0.014000000000000002,0,-3.6098260427632698e-06,-9.228097071041701e-06,-1.1434817455981687e-05
4786,0.0099999999999999985,0.014000000000000002,0,-2.7860121347042023e-06,-6.1253389064565812e-06,-7.4818829998260318e-06
4787,0.010999999999999999,0.014000000000000002,0,-1.9885559790282155e-06,-3.6491457558776345e-06,-4.3386404337064914e-06
4788,0.012,0.014000000000000002,0,-1.3109216078508509e-06,-1.9121573179521961e-06,-2.1572365859827631e-06
4789,0.013000000000000001,0.014000000000000002,0,-8.1291165812209675e-07,-8.9996778181140788e-07,-7.8641465284425584e-07
4790,0.014000000000000002,0.014000000000000002,0,-4.5962465390079929e-07,-4.5518997855916389e-07,-2.3514886344121604e-07
4791,0.015000000000000003,0.014000000000000002,0,0,0,0
4792,0.016000000000000004,0.014000000000000002,0,0,0,0
4793,0.016999999999999998,0.014000000000000002,0,0,0,0
4794,0.017999999999999999,0.014000000000000002,0,0,0,0
4795,0.019,0.014000000000000002,0,0,0,0
4796,0.02,0.014000000000000002,0,0,0,0
4797,-0.02,0.015000000000000003,0,0,0,0
4798,-0.019,0.015000000000000003,0,0,0,0
4799,-0.018000000000000002,0.015000000000000003,0,0,0,0
4800,-0.017000000000000001,0.015000000000000003,0,0,0,0
4801,-0.016,0.015000000000000003,0,0,0,0
4802,-0.014999999999999999,0.015000000000000003,0,0,0,0
4803,-0.014,0.015000000000000003,0,0,0,0
4804,-0.013000000000000001,0.015000000000000003,0,0,0,0
4805,-0.012,0.015000000000000003,0,0,0,0
4806,-0.010999999999999999,0.015000000000000003,0,0,0,0
4807,-0.01,0.015000000000000003,0,0,0,0
4808,-0.0090000000000000011,0.015000000000000003,0,0,0,0
4809,-0.0080000000000000002,0.015000000000000003,0,0,0,0
4810,-0.0069999999999999993,0.015000000000000003,0,0,0,0
4811,-0.0060000000000000001,0.015000000000000003,0,0,0,0
4812,-0.005000000000000001,0.015000000000000003,0,0,0,0
4813,-0.0040000000000000001,0.015000000000000003,0,0,0,0
4814,-0.0029999999999999992,0.015000000000000003,0,0,0,0
4815,-0.0019999999999999983,0.015000000000000003,0,0,0,0
4816,-0.0010000000000000009,0.015000000000000003,0,0,0,0
4817,0,0.015000000000000003,0,0,0,0
4818,0.0010000000000000009,0.015000000000000003,0,0,0,0
4819,0.0019999999999999983,0.015000000000000003,0,0,0,0
4820,0.0029999999999999992,0.015000000000000003,0,0,0,0
4821,0.0040000000000000001,0.015000000000000003,0,0,0,0
4822,0.005000000000000001,0.015000000000000003,0,0,0,0
4823,0.0060000000000000019,0.015000000000000003,0,0,0,0
4824,0.0069999999999999993,0.015000000000000003,0,0,0,0
4825,0.0080000000000000002,0.015000000000000003,0,0,0,0
4826,0.0090000000000000011,0.015000000000000003,0,0,0,0
4827,0.0099999999999999985,0.015000000000000003,0,0,0,0
4828,0.010999999999999999,0.015000000000000003,0,0,0,0
4829,0.012,0.015000000000000003,0,0,0,0
4830,0.013000000000000001,0.015000000000000003,0,0,0,0
4831,0.014000000000000002,0.015000000000000003,0,0,0,0
4832,0.015000000000000003,0.015000000000000003,0,0,0,0
4833,0.016000000000000004,0.015000000000000003,0,0,0,0
4834,0.016999999999999998,0.015000000000000003,0,0,0,0
4835,0.017999999999999999,0.015000000000000003,0,0,0,0
4836,0.019,0.015000000000000003,0,0,0,0
4837,0.02,0.015000000000000003,0,0,0,0
4838,-0.02,0.016000000000000004,0,0,0,0
4839,-0.019,0.016000000000000004,0,0,0,0
4840,-0.018000000000000002,0.016000000000000004,0,0,0,0
4841,-0.017000000000000001,0.016000000000000004,0,0,0,0
4842,-0.016,0.016000000000000004,0,0,0,0
4843,-0.014999999999999999,0.016000000000000004,0,0,0,0
4844,-0.014,0.016000000000000004,0,0,0,0
4845,-0.013000000000000001,0.016000000000000004,0,0,0,0
4846,-0.012,0.016000000000000004,0,0,0,0
4847,-0.010999999999999999,0.016000000000000004,0,0,0,0
4848,-0.01,0.016000000000000004,0,0,0,0
4849,-0.0090000000000000011,0.016000000000000004,0,0,0,0
4850,-0.0080000000000000002,0.016000000000000004,0,0,0,0
4851,-0.0069999999999999993,0.016000000000000004,0,0,0,0
4852,-0.0060000000000000001,0.016000000000000004,0,0,0,0
4853,-0.005000000000000001,0.016000000000000004,0,0,0,0
4854,-0.0040000000000000001,0.016000000000000004,0,0,0,0
4855,-0.0029999999999999992,0.016000000000000004,0,0,0,0
4856,-0.0019999999999999983,0.016000000000000004,0,0,0,0
4857,-0.0010000000000000009,0.016000000000000004,0,0,0,0
4858,0,0.016000000000000004,0,0,0,0
4859,0.0010000000000000009,0.016000000000000004,0,0,0,0
4860,0.0019999999999999983,0.016000000000000004,0,0,0,0
4861,0.0029999999999999992,0.016000000000000004,0,0,0,0
4862,0.0040000000000000001,0.016000000000000004,0,0,0,0
4863,0.005000000000000001,0.016000000000000004,0,0,0,0
4864,0.0060000000000000019,0.016000000000000004,0,0,0,0
4865,0.0069999999999999993,0.016000000000000004,0,0,0,0
4866,0.0080000000000000002,0.016000000000000004,0,0,0,0
4867,0.0090000000000000011,0.016000000000000004,0,0,0,0
4868,0.0099999999999999985,0.016000000000000004,0,0,0,0
4869,0.010999999999999999,0.016000000000000004,0,0,0,0
4870,0.012,0.016000000000000004,0,0,0,0
4871,0.013000000000000001,0.016000000000000004,0,0,0,0
4872,0.014000000000000002,0.016000000000000004,0,0,0,0
4873,0.015000000000000003,0.016000000000000004,0,0,0,0
4874,0.016000000000000004,0.016000000000000004,0,0,0,0
4875,0.016999999999999998,0.016000000000000004,0,0,0,0
4876,0.017999999999999999,0.016000000000000004,0,0,0,0
4877,0.019,0.016000000000000004,0,0,0,0
4878,0.02,0.016000000000000004,0,0,0,0
4879,-0.02,0.016999999999999998,0,0,0,0
4880,-0.019,0.016999999999999998,0,0,0,0
4881,-0.018000000000000002,0.016999999999999998,0,0,0,0
4882,-0.017000000000000001,0.016999999999999998,0,0,0,0
4883,-0.016,0.016999999999999998,0,0,0,0
4884,-0.014999999999999999,0.016999999999999998,0,0,0,0
4885,-0.014,0.016999999999999998,0,0,0,0
4886,-0.013000000000000001,0.016999999999999998,0,0,0,0
4887,-0.012,0.016999999999999998,0,0,0,0
4888,-0.010999999999999999,0.016999999999999998,0,0,0,0
4889,-0.01,0.016999999999999998,0,0,0,0
4890,-0.0090000000000000011,0.016999999999999998,0,0,0,0
4891,-0.0080000000000000002,0.016999999999999998,0,0,0,0
4892,-0.0069999999999999993,0.016999999999999998,0,0,0,0
4893,-0.0060000000000000001,0.016999999999999998,0,0,0,0
4894,-0.005000000000000001,0.016999999999999998,0,0,0,0
4895,-0.0040000000000000001,0.016999999999999998,0,0,0,0
4896,-0.0029999999999999992,0.016999999999999998,0,0,0,0
4897,-0.0019999999999999983,0.016999999999999998,0,0,0,0
4898,-0.0010000000000000009,0.016999999999999998,0,0,0,0
4899,0,0.016999999999999998,0,0,0,0
4900,0.0010000000000000009,0.016999999999999998,0,0,0,0
4901,0.0019999999999999983,0.016999999999999998,0,0,0,0
4902,0.0029999999999999992,0.016999999999999998,0,0,0,0
4903,0.0040000000000000001,0.016999999999999998,0,0,0,0
4904,0.005000000000000001,0.016999999999999998,0,0,0,0
4905,0.0060000000000000019,0.016999999999999998,0,0,0,0
4906,0.0069999999999999993,0.016999999999999998,0,0,0,0
4907,0.0080000000000000002,0.016999999999999998,0,0,0,0
4908,0.0090000000000000011,0.016999999999999998,0,0,0,0
4909,0.0099999999999999985,0.016999999999999998,0,0,0,0
4910,0.010999999999999999,0.016999999999999998,0,0,0,0
4911,0.012,0.016999999999999998,0,0,0,0
4912,0.013000000000000001,0.016999999999999998,0,0,0,0
4913,0.014000000000000002,0.016999999999999998,0,0,0,0
4914,0.015000000000000003,0.016999999999999998,0,0,0,0
4915,0.016000000000000004,0.016999999999999998,0,0,0,0
4916,0.016999999999999998,0.016999999999999998,0,0,0,0
4917,0.017999999999999999,0.016999999999999998,0,0,0,0
4918,0.019,0.016999999999999998,0,0,0,0
4919,0.02,0.016999999999999998,0,0,0,0
4920,-0.02,0.017999999999999999,0,0,0,0
4921,-0.019,0.017999999999999999,0,0,0,0
4922,-0.018000000000000002,0.017999999999999999,0,0,0,0
4923,-0.017000000000000001,0.017999999999999999,0,0,0,0
4924,-0.016,0.017999999999999999,0,0,0,0
4925,-0.014999999999999999,0.017999999999999999,0,0,0,0
4926,-0.014,0.017999999999999999,0,0,0,0
4927,-0.013000000000000001,0.017999999999999999,0,0,0,0
4928,-0.012,0.017999999999999999,0,0,0,0
4929,-0.010999999999999999,0.017999999999999999,0,0,0,0
4930,-0.01,0.017999999999999999,0,0,0,0
4931,-0.0090000000000000011,0.017999999999999999,0,0,0,0
4932,-0.0080000000000000002,0.017999999999999999,0,0,0,0
4933,-0.0069999999999999993,0.017999999999999999,0,0,0,0
4934,-0.0060000000000000001,0.017999999999999999,0,0,0,0
4935,-0.005000000000000001,0.017999999999999999,0,0,0,0
4936,-0.0040000000000000001,0.017999999999999999,0,0,0,0
4937,-0.0029999999999999992,0.017999999999999999,0,0,0,0
4938,-0.0019999999999999983,0.017999999999999999,0,0,0,0
4939,-0.0010000000000000009,0.017999999999999999,0,0,0,0
4940,0,0.017999999999999999,0,0,0,0
4941,0.0010000000000000009,0.017999999999999999,0,0,0,0
4942,0.0019999999999999983,0.017999999999999999,0,0,0,0
4943,0.0029999999999999992,0.017999999999999999,0,0,0,0
4944,0.0040000000000000001,0.017999999999999999,0,0,0,0
4945,0.005000000000000001,0.017999999999999999,0,0,0,0
4946,0.0060000000000000019,0.017999999999999999,0,0,0,0
4947,0.0069999999999999993,0.017999999999999999,0,0,0,0
4948,0.0080000000000000002,0.017999999999999999,0,0,0,0
4949,0.0090000000000000011,0.017999999999999999,0,0,0,0
4950,0.0099999999999999985,0.017999999999999999,0,0,0,0
4951,0.010999999999999999,0.017999999999999999,0,0,0,0
4952,0.012,0.017999999999999999,0,0,0,0
4953,0.013000000000000001,0.017999999999999999,0,0,0,0
4954,0.014000000000000002,0.017999999999999999,0,0,0,0
4955,0.015000000000000003,0.017999999999999999,0,0,0,0
4956,0.016000000000000004,0.017999999999999999,0,0,0,0
4957,0.016999999999999998,0.017999999999999999,0,0,0,0
4958,0.017999999999999999,0.017999999999999999,0,0,0,0
4959,0.019,0.017999999999999999,0,0,0,0
4960,0.02,0.017999999999999999,0,0,0,0
4961,-0.02,0.019,0,0,0,0
4962,-0.019,0.019,0,0,0,0
4963,-0.018000000000000002,0.019,0,0,0,0
4964,-0.017000000000000001,0.019,0,0,0,0
4965,-0.016,0.019,0,0,0,0
4966,-0.014999999999999999,0.019,0,0,0,0
4967,-0.014,0.019,0,0,0,0
4968,-0.013000000000000001,0.019,0,0,0,0
4969,-0.012,0.019,0,0,0,0
4970,-0.010999999999999999,0.019,0,0,0,0
4971,-0.01,0.019,0,0,0,0
4972,-0.0090000000000000011,0.019,0,0,0,0
4973,-0.0080000000000000002,0.019,0,0,0,0
4974,-0.0069999999999999993,0.019,0,0,0,0
4975,-0.0060000000000000001,0.019,0,0,0,0
4976,-0.005000000000000001,0.019,0,0,0,0
4977,-0.0040000000000000001,0.019,0,0,0,0
4978,-0.0029999999999999992,0.019,0,0,0,0
4979,-0.0019999999999999983,0.019,0,0,0,0
4980,-0.0010000000000000009,0.019,0,0,0,0
4981,0,0.019,0,0,0,0
4982,0.0010000000000000009,0.019,0,0,0,0
4983,0.0019999999999999983,0.019,0,0,0,0
4984,0.0029999999999999992,0.019,0,0,0,0
4985,0.0040000000000000001,0.019,0,0,0,0
4986,0.005000000000000001,0.019,0,0,0,0
4987,0.0060000000000000019,0.019,0,0,0,0
4988,0.0069999999999999993,0.019,0,0,0,0
4989,0.0080000000000000002,0.019,0,0,0,0
4990,0.0090000000000000011,0.019,0,0,0,0
4991,0.0099999999999999985,0.019,0,0,0,0
4992,0.010999999999999999,0.019,0,0,0,0
4993,0.012,0.019,0,0,0,0
4994,0.013000000000000001,0.019,0,0,0,0
4995,0.014000000000000002,0.019,0,0,0,0
4996,0.015000000000000003,0.019,0,0,0,0
4997,0.016000000000000004,0.019,0,0,0,0
4998,0.016999999999999998,0.019,0,0,0,0
4999,0.017999999999999999,0.019,0,0,0,0
5000,0.019,0.019,0,0,0,0
5001,0.02,0.019,0,0,0,0
5002,-0.02,0.02,0,0,0,0
5003,-0.019,0.02,0,0,0,0
5004,-0.018000000000000002,0.02,0,0,0,0
5005,-0.017000000000000001,0.02,0,0,0,0
5006,-0.016,0.02,0,0,0,0
5007,-0.014999999999999999,0.02,0,0,0,0
5008,-0.014,0.02,0,0,0,0
5009,-0.013000000000000001,0.02,0,0,0,0
5010,-0.012,0.02,0,0,0,0
5011,-0.010999999999999999,0.02,0,0,0,0
5012,-0.01,0.02,0,0,0,0
5013,-0.0090000000000000011,0.02,0,0,0,0
5014,-0.0080000000000000002,0.02,0,0,0,0
5015,-0.0069999999999999993,0.02,0,0,0,0
5016,-0.0060000000000000001,0.02,0,0,0,0
5017,-0.005000000000000001,0.02,0,0,0,0
5018,-0.0040000000000000001,0.02,0,0,0,0
5019,-0.0029999999999999992,0.02,0,0,0,0
5020,-0.0019999999999999983,0.02,0,0,0,0
5021,-0.0010000000000000009,0.02,0,0,0,0
5022,0,0.02,0,0,0,0
5023,0.0010000000000000009,0.02,0,0,0,0
5024,0.0019999999999999983,0.02,0,0,0,0
5025,0.0029999999999999992,0.02,0,0,0,0
5026,0.0040000000000000001,0.02,0,0,0,0
5027,0.005000000000000001,0.02,0,0,0,0
5028,0.0060000000000000019,0.02,0,0,0,0
5029,0.0069999999999999993,0.02,0,0,0,0
5030,0.0080000000000000002,0.02,0,0,0,0
5031,0.0090000000000000011,0.02,0,0,0,0
5032,0.0099999999999999985,0.02,0,0,0,0
5033,0.010999999999999999,0.02,0,0,0,0
5034,0.012,0.02,0,0,0,0
5035,0.013000000000000001,0.02,0,0,0,0
5036,0.014000000000000002,0.02,0,0,0,0
5037,0.015000000000000003,0.02,0,0,0,0
5038,0.016000000000000004,0.02,0,0,0,0
5039,0.016999999999999998,0.02,0,0,0,0
5040,0.017999999999999999,0.02,0,0,0,0
5041,0.019,0.02,0,0,0,0
5042,0.02,0.02,0,0,0,0
