step,increment,t,tool,cx,cy,cz,fx,fy,fz,active_nodes,max_penetration_m
1,1,0.0034398873916325085,tool,0.0050176167541990911,0,0.0056701630911775774,0,0,0,0,0
1,1,0.0034398873916325085,support,0.0058836692645847987,0,-0.0075315636430314777,0,0,0,0,0
1,2,0.006879774783265017,tool,0.0050176167541990911,0,0.0053403261823551538,0,0,0,0,0
1,2,0.006879774783265017,support,0.0067497217749705064,0,-0.0070316105959814419,0,0,0,0,0
1,3,0.010319662174897526,tool,0.0050176167541990911,0,0.0050104892735327302,0,0,0,0,0
1,3,0.010319662174897526,support,0.0076157742853562131,0,-0.006531657548931407,0,0,0,0,0
1,4,0.013759549566530034,tool,0.0050176167541990911,0,0.0046806523647103066,0,0,0,0,0
1,4,0.013759549566530034,support,0.0084818267957419216,0,-0.0060317045018813721,0,0,0,0,0
1,5,0.017199436958162541,tool,0.0050176167541990911,0,0.0043508154558878831,0,0,0,0,0
1,5,0.017199436958162541,support,0.0093478793061276284,0,-0.0055317514548313372,0,0,0,0,0
1,6,0.020639324349795048,tool,0.0050176167541990911,0,0.0040209785470654603,0,0,0,0,0
1,6,0.020639324349795048,support,0.010213931816513335,0,-0.0050317984077813023,0,0,0,0,0
1,7,0.020858110779133361,tool,0.0050176167541990911,0,0.0040000000000000001,0,0,0,0,0
1,7,0.020858110779133361,support,0.010269015170935831,0,-0.005000000000000001,0,0,0,0,0
1,8,0.024272249260987463,tool,0.0049500993011134886,0.00032009948665646807,0.0039878555870318131,0,0,0,0,0
1,8,0.024272249260987463,support,0.010081995474558082,0.0009823561641109466,-0.005000000000000001,0,0,0,0,0
1,9,0.027686387742841566,tool,0.004882581848027887,0.00064019897331293613,0.0039757111740636262,0,0,0,0,0
1,9,0.027686387742841566,support,0.0098949757781803312,0.0019647123282218932,-0.005000000000000001,0,0,0,0,0
1,10,0.030898408118205239,tool,0.0048190614500837935,0.00094134846644236124,0.0039642857142857145,0,0,0,0,0
1,10,0.030898408118205239,support,0.0097190277085421502,0.0028889126885057268,-0.0050000000000000001,0,0,0,0,0
1,11,0.034852780541590231,tool,0.0046254273207308556,0.0012670438332183596,0.0039502382464043605,0,0,0,0,0
1,11,0.034852780541590231,support,0.0092191434224187414,0.0037550048894213631,-0.0050000000000000001,0,0,0,0,0
1,12,0.038807152964975222,tool,0.0044317931913779177,0.0015927391999943576,0.0039361907785230065,7.3568249069310152,-8.712055323701291,45.349866478558248,1,3.3235272455141296e-08
1,12,0.038807152964975222,support,0.008719259136295331,0.0046210970903369994,-0.0050000000000000001,0,0,0,0,0
1,13,0.040952005516845684,tool,0.0043267659931262295,0.0017693964451316029,0.0039285714285714288,15.647164358225488,-16.903570859693957,116.20520894676237,1,8.4198691220616073e-08
1,13,0.040952005516845684,support,0.0084481217794820998,0.0050908657080583532,-0.0049999999999999992,0,0,0,0,0
1,14,0.045363678870321479,tool,0.0040192002916295717,0.0020594000440465211,0.0039129160502834734,16.579523332745168,-11.438779331745087,212.60765486653551,1,1.5178559559757276e-07
1,14,0.045363678870321479,support,0.0077250010456688181,0.0057815873628002199,-0.0049999999999999992,0.35450628950776242,-15.590119985894681,-124.96021571517092,1,8.9503223118549136e-08
1,15,0.049775352223797274,tool,0.0037116345901329136,0.0023494036429614392,0.0038972606719955183,0.10865542814557649,2.5647748239103851,132.32497687006639,1,9.4066462586264721e-08
1,15,0.049775352223797274,support,0.0070018803118555356,0.0064723090175420848,-0.0049999999999999992,0,0,0,0,0
1,16,0.051016263289866602,tool,0.0036251228173993589,0.0024309755650553369,0.0038928571428571428,-2.2691648608374564,4.2611142141013936,107.04454243766585,1,7.6158262587826264e-08
1,16,0.051016263289866602,support,0.0067984816354811611,0.0066665945133772657,-0.0049999999999999992,0,0,0,0,0
1,17,0.05629937428535782,tool,0.0031948787207508695,0.0026977317830622315,0.0038741339153443612,0,0,0,0,0
1,17,0.05629937428535782,support,0.0059478720807100045,0.0071923923693371535,-0.0049999999999999992,0,0,0,0,0
1,18,0.061093721111946317,tool,0.0028044384250263373,0.002939809193202881,0.0038571428571428572,0,0,0,0,0
1,18,0.061093721111946317,support,0.0051759562108629874,0.0076695463197840978,-0.0050000000000000001,0,0,0,0,0
1,19,0.066547176075380937,tool,0.0023167355246589642,0.0031274436570940959,0.0038378085008514973,31.259792587852232,-45.656035272693941,173.56828918383795,1,1.2947895800322073e-07
1,19,0.066547176075380937,support,0.0042462407787193634,0.0080378250392806154,-0.0049999999999999992,22.212772277270773,-4.0385621909371121,-142.89500393572661,1,1.028211359128256e-07
1,20,0.071167304414077301,tool,0.001903557088977412,0.0032864062431523706,0.0038214285714285715,14.588976959075479,-45.291328442409679,206.2147507523371,1,1.5041645245062601e-07
1,20,0.071167304414077301,support,0.0034585924633356744,0.0083498281565508956,-0.0049999999999999992,-1.0704956654966717,1.2284348419525846,-24.512754091137307,1,1.7460663960695844e-08
1,21,0.077443356834100141,tool,0.0013170121028704615,0.0034191299443457829,0.0037991806936875424,-11.966013429015012,-27.17267980592122,159.21312951193315,1,1.1511009387083632e-07
1,21,0.077443356834100141,support,0.0024759763369578557,0.0085354771484206331,-0.0050000000000000001,0,0,0,0,0
1,22,0.081242185798073935,tool,0.00096198255041038492,0.0034994662141147829,0.0037857142857142859,38.888834222821295,-16.707213632246059,108.75236048820928,1,8.2942416754216985e-08
1,22,0.081242185798073935,support,0.0018812090610436424,0.0086478485437259528,-0.0050000000000000001,0,0,0,0,0
1,23,0.08653966767498332,tool,0.00045589113514138554,0.0035386562969748027,0.0037669252823225368,55.345180533173334,-31.998381762092215,252.14867966453198,1,1.8488272934737843e-07
1,23,0.08653966767498332,support,0.0008915198450445696,0.0087910800197887884,-0.0050000000000000001,0,0,0,0,0
1,24,0.091311681096652345,tool,0,0.0035739590324536151,0.0037499999999999999,29.778470383300494,-34.020772998327359,293.81262165447959,1,2.112826187538816e-07
1,24,0.091311681096652345,support,0,0.0089201040621657065,-0.0050000000000000001,2.9880770959391891,6.4318892262920384,-29.45524018887636,1,2.1533324560951694e-08
1,25,0.09660916297356173,tool,-0.00050609141526900014,0.0035347689495935954,0.0037312109966082503,-6.320293308348635,-25.756886478659876,234.62729528233268,1,1.6782114784560237e-07
1,25,0.09660916297356173,support,-0.00098968921599907429,0.0087768725861028709,-0.0050000000000000001,0,0,0,0,0
1,26,0.10138117639523074,tool,-0.00096198255041038492,0.0034994662141147829,0.0037142857142857142,73.395277844766241,-23.108739228337452,193.26835349441549,1,1.4785039018170437e-07
1,26,0.10138117639523074,support,-0.0018812090610436424,0.0086478485437259528,-0.0050000000000000001,12.706881553645752,17.116415042014079,-96.532547932006963,1,7.0262653158355282e-08
1,27,0.10765722881525359,tool,-0.0015485275365173363,0.0033667425129213701,0.0036920378365446847,61.79319870546135,-40.310050975177603,285.81368621319086,1,2.0979832665579679e-07
1,27,0.10765722881525359,support,-0.0028638251874214624,0.0084621995518562153,-0.0050000000000000001,-0.25899032197432476,0.28831127119620326,-2.1452632930449758,1,1.5494075501776283e-09
1,28,0.11145605777922739,tool,-0.0019035570889774128,0.0032864062431523702,0.0036785714285714286,43.317834747176796,-55.711246257184683,348.98191857752329,1,2.5305624025070972e-07
1,28,0.11145605777922739,support,-0.0034585924633356753,0.0083498281565508974,-0.0050000000000000001,50.117692282183867,21.994637298104013,-207.68771769531543,1,1.5265173979647079e-07
1,29,0.11690951274266199,tool,-0.0023912599893447847,0.0030987717792611558,0.0036592370722800692,-1.4425458307019534,-19.495972440395189,278.83886866852049,2,1.5307318557405275e-07
1,29,0.11690951274266199,support,-0.0043883078954792976,0.007981549437054378,-0.0049999999999999992,-0.73269177467814117,6.8037335251862405,-226.59301039214205,1,1.6112233282641886e-07
1,30,0.12152964108135839,tool,-0.002804438425026339,0.0029398091932028797,0.003642857142857143,-14.70950289333039,36.073911820262644,128.44249199544907,1,9.5396065668412744e-08
1,30,0.12152964108135839,support,-0.0051759562108629909,0.0076695463197840961,-0.0049999999999999992,0,0,0,0,0
1,31,0.12681275207684964,tool,-0.0032346825216748309,0.0026730529751959843,0.0036241339153443614,78.824782592415431,63.222291966493842,271.0428399110649,1,2.0559292548613661e-07
1,31,0.12681275207684964,support,-0.0060265657656341457,0.0071437484638242083,-0.0049999999999999992,0,0,0,0,0
1,32,0.13160709890343814,tool,-0.0036251228173993623,0.0024309755650553351,0.0036071428571428574,64.89257256667868,58.641933638696692,353.36824817771685,1,2.5873216340059624e-07
1,32,0.13160709890343814,support,-0.0067984816354811576,0.0066665945133772674,-0.0050000000000000001,-8.5361042844805439,16.385480369317207,-73.488030697150307,1,5.3856336679376782e-08
1,33,0.13601877225691386,tool,-0.0039326885188960157,0.0021409719661404213,0.0035914874788549028,35.166924106257731,41.187571610585117,385.80960549852142,1,2.7689918083179804e-07
1,33,0.13601877225691386,support,-0.0075216023692944375,0.0059758728586353973,-0.005000000000000001,46.476307054240309,14.595880456498264,-234.81934332874943,1,1.7044924601264388e-07
1,34,0.14043044561038959,tool,-0.0042402542203926682,0.0018509683672255067,0.0035758321005669477,3.9167419550168638,9.9935931488860454,297.83119462489282,1,2.118182230587129e-07
1,34,0.14043044561038959,support,-0.0082447231031077175,0.0052851512038935271,-0.005000000000000001,0,0,0,0,0
1,35,0.14167135667645905,tool,-0.0043267659931262329,0.0017693964451315997,0.0035714285714285718,-2.3767974787760977,3.6376394870316364,284.65207747037516,1,2.0233743065322524e-07
1,35,0.14167135667645905,support,-0.0084481217794821171,0.0050908657080583203,-0.0050000000000000001,0,0,0,0,0
1,36,0.14562572909984409,tool,-0.0045204001224791717,0.0014437010783555971,0.0035573811035472173,-15.189653124293631,-10.051465509628837,191.94788685381542,1,1.370380404283264e-07
1,36,0.14562572909984409,support,-0.0089480060656055242,0.0042247735071426831,-0.0049999999999999992,0,0,0,0,0
1,37,0.14958010152322912,tool,-0.0047140342518321113,0.001118005711579595,0.0035433336356658638,-17.892091407825735,51.814240590011096,134.82400171930527,1,1.0344235214579389e-07
1,37,0.14958010152322912,support,-0.0094478903517289346,0.0033586813062270473,-0.0050000000000000001,0,0,0,0,0
1,38,0.15172495407509951,tool,-0.0048190614500837961,0.00094134846644235539,0.0035357142857142857,-34.539438136376127,70.43900923127768,208.24419127306982,1,1.5816222991450052e-07
1,38,0.15172495407509951,support,-0.0097190277085421519,0.0028889126885057151,-0.0050000000000000001,0,0,0,0,0
1,39,0.1551390925569536,tool,-0.004886578903169396,0.00062124897978588776,0.0035235698727460987,20.57038630668216,109.20339371274399,408.57845293250296,2,1.567908928037931e-07
1,39,0.1551390925569536,support,-0.0099060474049198991,0.0019065565243947661,-0.0049999999999999992,13.822305156121006,22.567670576856059,-302.55705294696662,1,2.1586069734024632e-07
1,40,0.1585532310388077,tool,-0.0049540963562549976,0.00030114949312942029,0.0035114254597779127,60.938739445006973,62.060008235349983,342.98069590268636,2,2.0078241627728005e-07
1,40,0.1585532310388077,support,-0.010093067101297648,0.00092420036028381745,-0.0050000000000000001,0,0,0,0,0
1,41,0.16176525141417139,tool,-0.0050176167541990902,-6.9161882733102028e-18,0.0035000000000000001,80.916345213959389,42.493265873711202,417.90414409194727,2,2.610410587654266e-07
1,41,0.16176525141417139,support,-0.010269015170935829,-2.6204395938756828e-17,-0.0050000000000000001,-14.682779469019714,32.362180540940265,-327.06376221483231,1,2.3382574566854775e-07
1,42,0.16517938989602549,tool,-0.0049500993011134878,-0.00032009948665647419,0.0034878555870318136,-66.890356689578184,4.096750758967918,251.38161171500661,1,1.8490714862734459e-07
1,42,0.16517938989602549,support,-0.010081995474558075,-0.00098235616411097111,-0.0049999999999999992,0,0,0,0,0
1,43,0.16859352837787958,tool,-0.0048825818480278853,-0.00064019897331294145,0.0034757111740636266,-78.556413317959027,-21.123227544747905,315.40101390217058,1,2.3150423569904405e-07
1,43,0.16859352837787958,support,-0.0098949757781803208,-0.0019647123282219158,-0.0050000000000000001,3.3896998092827175,32.150134988506963,-298.13632951901053,1,2.1313978394547906e-07
1,44,0.17180554875324328,tool,-0.0048190614500837909,-0.0009413484664423684,0.0034642857142857145,-54.000836198076989,86.406120331951612,222.18361977170127,1,1.7372877606121329e-07
1,44,0.17180554875324328,support,-0.0097190277085421346,-0.0028889126885057559,-0.0050000000000000001,0,0,0,0,0
1,45,0.17575992117662831,tool,-0.0046254273207308495,-0.0012670438332183702,0.00345023824640436,-72.379835143181012,92.420936146360546,329.60647604250931,1,2.4867896987468274e-07
1,45,0.17575992117662831,support,-0.0092191434224187224,-0.0037550048894213896,-0.0049999999999999992,2.3790371921681919,2.3674290875656299,-15.677168320746588,1,1.1394888150238758e-08
1,46,0.17971429360001334,tool,-0.004431793191377909,-0.0015927391999943721,0.0034361907785230065,-69.24811306993908,80.253906736930247,416.77272197488014,1,3.0564789667373443e-07
1,46,0.17971429360001334,support,-0.0087192591362953119,-0.0046210970903370237,-0.0050000000000000001,-53.33106661903448,-15.70232669655076,-229.20254412605925,1,1.6762724930081269e-07
1,47,0.1818591461518837,tool,-0.0043267659931262251,-0.001769396445131609,0.0034285714285714288,-48.890665673426483,51.008023354696249,351.68492297983153,1,2.5495137263506495e-07
1,47,0.1818591461518837,support,-0.0084481217794820963,-0.005090865708058348,-0.0050000000000000001,-0.050944513201825574,0.1010697059305746,-0.30420013216571318,1,2.3068785597046837e-10
1,48,0.18627081950535945,tool,-0.00401920029162957,-0.0020594000440465237,0.0034129160502834738,-34.45475802773462,22.864457746962657,425.10661328602237,1,3.0356668307991025e-07
1,48,0.18627081950535945,support,-0.0077250010456688147,-0.0057815873628002138,-0.0050000000000000001,0.061375062564895444,37.891116077044913,-295.15023362797604,1,2.1149694130317281e-07
1,49,0.19068249285883521,tool,-0.0037116345901329149,-0.0023494036429614379,0.0033972606719955187,-1.0925766585071734,-5.5962942581198583,286.13122166624629,1,2.0340552340982615e-07
1,49,0.19068249285883521,support,-0.0070018803118555312,-0.0064723090175420796,-0.0050000000000000001,-12.802956692945312,-1.6712255081665583,-38.656344939454641,1,2.8966693923701547e-08
1,50,0.19192340392490465,tool,-0.0036251228173993524,-0.0024309755650553425,0.0033928571428571428,5.7652522299545836,-12.402037721355828,311.74052783261249,1,2.2177985249671739e-07
1,50,0.19192340392490465,support,-0.0067984816354811368,-0.0066665945133772796,-0.0050000000000000001,-34.244897392884411,-11.802761946575895,-123.16452694256857,1,9.124517188433684e-08
1,51,0.19720651492039593,tool,-0.0031948787207508578,-0.0026977317830622393,0.0033741339153443612,22.644094800561057,73.829439733968229,185.31042421981346,1,1.4268641588491976e-07
1,51,0.19720651492039593,support,-0.0059478720807099785,-0.0071923923693371665,-0.0050000000000000001,0,0,0,0,0
1,52,0.20200086174698431,tool,-0.0028044384250263342,-0.0029398091932028828,0.0033571428571428572,-94.113340346925568,103.38898592690715,303.29239149229238,1,2.3736284123117291e-07
1,52,0.20200086174698431,support,-0.0051759562108629866,-0.0076695463197840943,-0.0050000000000000001,3.570984797906763,3.9703438114341099,-28.10347332508621,1,2.0331670648292277e-08
1,53,0.20745431671041886,tool,-0.0023167355246589681,-0.0031274436570940959,0.0033378085008514977,-78.079135682578809,113.63405148153683,428.16565706705853,1,3.1970295791185904e-07
1,53,0.20745431671041886,support,-0.0042462407787193651,-0.0080378250392806119,-0.0050000000000000001,-51.957034783230334,11.073758534632548,-333.40262898672711,1,2.3995212634474877e-07
1,54,0.21207444504911535,tool,-0.0019035570889774061,-0.0032864062431523749,0.0033214285714285715,-31.047311640889959,93.476308683190638,424.55774766531277,1,3.0976483312780689e-07
1,54,0.21207444504911535,support,-0.0034585924633356467,-0.0083498281565509026,-0.0050000000000000001,8.5927065187145324,-8.9341882693469294,-197.34774308255311,1,1.4053952060704561e-07
1,55,0.21835049746913823,tool,-0.0013170121028704528,-0.0034191299443457864,0.003299180693687542,-97.785632221271015,84.631995654709613,485.96661488373093,2,1.9629306627355625e-07
1,55,0.21835049746913823,support,-0.0024759763369578301,-0.0085354771484206435,-0.0050000000000000001,-78.493633677325917,-39.150787004978326,-352.77481668065457,1,2.5836588954993717e-07
1,56,0.222149326433112,tool,-0.00096198255041037917,-0.0034994662141147851,0.0032857142857142859,-157.61591282574199,66.82689220566796,436.38741231421324,1,3.3317191889918607e-07
1,56,0.222149326433112,support,-0.0018812090610436259,-0.0086478485437259632,-0.0050000000000000001,-23.051320251734079,-46.380886752094568,-333.41463320217576,1,2.3981355539055838e-07
1,57,0.22744680831002143,tool,-0.00045589113514137627,-0.0035386562969748044,0.0032669252823225364,-101.46860105190241,56.620160420223996,455.73006828696367,1,3.342686188539945e-07
1,57,0.22744680831002143,support,-0.00089151984504454987,-0.0087910800197887953,-0.0050000000000000001,-68.492468532849998,-36.481413667292159,-201.31092870490392,1,1.5334256787437328e-07
1,58,0.23221882173169039,tool,3.4692330927103653e-18,-0.003573959032453616,0.0032500000000000003,-50.534920451841856,54.905308588373039,483.51704789893421,1,3.4772381895132459e-07
1,58,0.23221882173169039,support,5.1208110632719114e-18,-0.0089201040621657082,-0.0050000000000000001,-33.137863372345493,-69.970068285899643,-325.31051601672829,1,2.3766908379199703e-07
1,59,0.23751630360859979,tool,0.00050609141526900502,-0.0035347689495935962,0.0032312109966082508,-107.97329660841766,28.456733261941537,256.40043168520026,2,1.6949294611833671e-07
1,59,0.23751630360859979,support,0.00098968921599907928,-0.0087768725861028761,-0.005000000000000001,0,0,0,0,0
1,60,0.24228831703026876,tool,0.000961982550410386,-0.0034994662141147838,0.0032142857142857142,-172.57916946785173,55.20852616489865,449.14918255103606,1,3.4422650520716386e-07
1,60,0.24228831703026876,support,0.0018812090610436376,-0.0086478485437259597,-0.005000000000000001,-45.977997192574982,-59.790302956547698,-342.97055071504781,1,2.495881181842699e-07
1,61,0.24856436945029167,tool,0.0015485275365173419,-0.0033667425129213706,0.0031920378365446847,-102.67650895246418,65.390573797741624,468.64841347700144,1,3.441407842924224e-07
1,61,0.24856436945029167,support,0.0028638251874214572,-0.0084621995518562188,-0.005000000000000001,23.073952900511813,-25.409673637935114,-194.79052990764305,1,1.4057837648302762e-07
1,62,0.25236319841426541,tool,0.0019035570889774128,-0.0032864062431523728,0.0031785714285714286,-61.64035493493904,76.925778567521618,485.94568321913727,1,3.5241590055652e-07
1,62,0.25236319841426541,support,0.0034585924633356558,-0.0083498281565509008,-0.0050000000000000001,-84.919861437211949,-35.522846797654978,-348.39104963285456,1,2.5611295696292141e-07
1,63,0.25811665132982192,tool,0.0024475782358774536,-0.003196945168221622,0.0031589904760134695,-124.1150300510707,-16.660013971315131,479.23312817389308,3,1.9450685789963729e-07
1,63,0.25811665132982192,support,0.0043578858204331924,-0.007912482231818261,-0.0050000000000000001,-1.2862581127956751,-5.6124098832110771,-366.55974981230963,1,2.6056112781280838e-07
1,64,0.26285709347180475,tool,0.0028958135493049445,-0.0031232355097099221,0.003142857142857143,-161.5434669253591,86.956035440365412,399.47699982825287,1,3.1243469084986375e-07
1,64,0.26285709347180475,support,0.0050988405463272199,-0.0075521398282815287,-0.0050000000000000001,-25.253629403621456,5.6026286086392236,-76.768617776238855,1,5.7576834731377924e-08
1,65,0.26838861559930866,tool,0.0033315959431529634,-0.0028214815892023482,0.0031239503250389657,-154.85925557712426,-44.271987796791436,591.48193995303427,2,2.7639286030983062e-07
1,65,0.26838861559930866,support,0.0059658848605433929,-0.0070539088003583371,-0.0050000000000000001,-40.731558827780987,-119.59687881077443,-371.23151730366675,1,2.7871130636215879e-07
1,66,0.27330593597911651,tool,0.0037189905150331794,-0.0025532334164939828,0.0031071428571428569,-77.930398988272913,-102.62211882446368,501.52107420877576,1,3.6802915756410648e-07
1,66,0.27330593597911651,support,0.0067366554691056374,-0.0066109996822193004,-0.0050000000000000001,30.375128251256985,-66.543026396677192,-327.27488870795617,1,2.3834678838235979e-07
1,67,0.27786463694338087,tool,0.0040196177231182099,-0.0022362991645307208,0.003091463085696214,-31.371667549977946,-68.350234198978896,497.43164984869912,1,3.5756282402033684e-07
1,67,0.27786463694338087,support,0.0074649808449030689,-0.0059257682271841991,-0.0050000000000000001,-72.883259751818585,-15.827555413643886,-338.8829231349003,1,2.4662207380888451e-07
1,68,0.28242333790764523,tool,0.0043202449312032395,-0.0019193649125674587,0.0030757833142495711,-146.08828913155079,-34.359206978516298,562.65350896608015,2,2.2733176252218157e-07
1,68,0.28242333790764523,support,0.0081933062207005004,-0.0052405367721490986,-0.0050000000000000001,-12.177736259851526,-119.85461899308061,-303.43897960525271,1,2.3204207506410252e-07
1,69,0.28368942589654028,tool,0.0044037381237322501,-0.0018313427648491392,0.0030714285714285713,-196.42944351848132,-22.230638127607836,560.79125907474395,2,3.1823925443139056e-07
1,69,0.28368942589654028,support,0.0083955840225421047,-0.0050502274446380712,-0.0050000000000000001,6.1020145548690401,-130.51517590951423,-379.6240135560837,1,2.8534792405332521e-07
1,70,0.28776658022013357,tool,0.0045872999319633671,-0.0014864649653984902,0.0030572898030447001,-219.20561814859394,20.277703762754442,510.73730016520352,1,3.9528622704579353e-07
1,70,0.28776658022013357,support,0.0089063120384411422,-0.0041904851031334539,-0.005000000000000001,73.520870858331861,-57.242406871078117,-428.66256900683288,1,3.1178250399239299e-07
1,71,0.29184373454372686,tool,0.0047708617401944825,-0.0011415871659478411,0.0030431510346608285,-92.684091009837218,-141.20780017764605,340.76420196377541,2,2.1906990377643099e-07
1,71,0.29184373454372686,support,0.0094170400543401762,-0.0033307427616288366,-0.005000000000000001,-2.0085877653537176,0.85251224930158531,-9.8232229721406537,1,7.1519359384417114e-09
1,72,0.29398824758034064,tool,0.0048674120935863294,-0.00096018737622666889,0.0030357142857142857,-132.84320839799275,-167.16638163545252,463.27149061550136,2,3.2034359479654606e-07
1,72,0.29398824758034064,support,0.0096856742048606545,-0.0028785330797886383,-0.005000000000000001,-42.758472358984953,-93.824440491242399,-294.27675309006918,1,2.2162139708473139e-07
1,73,0.29744153820411923,tool,0.0049185534986409011,-0.00063326455415464462,0.0030235543517648476,-95.556695342233809,-149.53639531157717,543.56828951464558,2,3.1726551675409498e-07
1,73,0.29744153820411923,support,0.0098842890581499754,-0.0018984554603865436,-0.005000000000000001,-25.448304652912014,-31.457714662103356,-432.81197124778532,1,3.0895848877453974e-07
1,74,0.30089482882789781,tool,0.0049696949036954728,-0.00030634173208262023,0.0030113944178154091,-89.639803934142151,-100.99964769588814,545.37193177029292,2,3.1524828392019699e-07
1,74,0.30089482882789781,support,0.010082903911439296,-0.0009183778409844487,-0.005000000000000001,-3.752781068618023,-130.50355634485442,-380.36249518698531,1,2.8582113395427683e-07
1,75,0.30413072109252515,tool,0.0050176167541990902,0,0.0030000000000000001,-91.44750489832235,-57.536411444655421,551.30023555328319,2,3.2634287986180177e-07
1,75,0.30413072109252515,support,0.010269015170935831,0,-0.005000000000000001,18.271702656228697,-46.228559358815424,-462.04171951395256,1,3.3028692849896429e-07
1,76,0.30751688917209219,tool,0.0049347770496374682,0.00031370521242444805,0.0029878505443408478,102.46741390513344,-5.6041113275039507,386.96066313169149,1,2.8453569836297404e-07
1,76,0.30751688917209219,support,0.01009308399483636,0.00098440246915387341,-0.005000000000000001,8.3846889370753406,-90.913597991192646,-245.57386718230379,1,1.8621153856281797e-07
1,77,0.31090305725165923,tool,0.004851937345075847,0.00062741042484889609,0.0029757010886816964,-34.086342948658945,-130.6070005191078,486.23617723457028,2,2.3873764917574369e-07
1,77,0.31090305725165923,support,0.0099171528187368893,0.0019688049383077468,-0.005000000000000001,-5.3595326224461033,-48.792640650044483,-451.4077972441346,1,3.2272522196893222e-07
1,78,0.31408462994762293,tool,0.0047741028915041697,0.00092216128038195345,0.0029642857142857144,6.2132870220950451,-166.29531278309764,421.83854753044318,2,1.9371703627139858e-07
1,78,0.31408462994762293,support,0.0097518515657883283,0.0028937289066713204,-0.0050000000000000001,0,0,0,0,0
1,79,0.31792944843620569,tool,0.0045705520127028287,0.0012292191291860791,0.0029502947228256847,17.220618909234872,-177.58819201501728,611.01874589230147,2,3.0218106960959445e-07
1,79,0.31792944843620569,support,0.0092599345571791163,0.0037643710011285966,-0.0049999999999999992,100.34135333578915,-77.200741702543667,-478.23107311067531,2,2.4874484916542067e-07
1,80,0.32177426692478844,tool,0.0043670011339014877,0.0015362769779902047,0.0029363037313656555,73.115937888120087,-108.62052644328239,530.7886558739001,2,3.7569907273670572e-07
1,80,0.32177426692478844,support,0.0087680175485699043,0.0046350130955858729,-0.0050000000000000001,100.98822833945496,27.965590256377666,-414.03053422383147,1,3.0354707429656319e-07
1,81,0.32389915570250627,tool,0.0042545061021219757,0.0017059764784923908,0.0029285714285714288,62.65814378897096,-77.970761860256502,491.99566177552208,1,3.5683523802367695e-07
1,81,0.32389915570250627,support,0.0084961532370903953,0.0051161847351352211,-0.0050000000000000001,52.158672047501426,-97.011366206704707,-295.05219619097011,1,2.2384109246015305e-07
1,82,0.32817424124008976,tool,0.0039430884085615552,0.0019720784093299557,0.0029129588953882481,35.127286328663338,-37.493157169746929,520.86582856008829,1,3.7199722167837596e-07
1,82,0.32817424124008976,support,0.0077819934801935066,0.0058161674789432224,-0.005000000000000001,4.7699395504347741,-51.685482679103458,-421.24887843341776,1,3.0166303300899894e-07
1,83,0.33244932677767325,tool,0.0036316707150011339,0.0022381803401675211,0.0028973463622050675,-5.1360771938531506,-165.41695857767024,589.97227755479867,2,2.4121116269822107e-07
1,83,0.33244932677767325,support,0.0070678337232966178,0.0065161502227512238,-0.005000000000000001,153.95675847129456,22.313664227630106,-439.00584151141186,1,3.3103033551720035e-07
1,84,0.33367858256109906,tool,0.0035421258398156282,0.0023146951454473589,0.0028928571428571428,-17.449965748924015,-216.86911788373672,550.2045272827778,2,3.3292890691278415e-07
1,84,0.33367858256109906,support,0.006862484613030231,0.0067174228823412424,-0.005000000000000001,133.64954698451373,47.306114503268105,-451.78183633288643,1,3.3653928057601062e-07
1,85,0.33869728660715909,tool,0.0031209629967567879,0.0025467846394512167,0.0028746320627931407,11.445247539759549,-137.56102140750448,496.69669207550078,2,2.6834434884489416e-07
1,85,0.33869728660715909,support,0.0060187843039692795,0.0072542373647189497,-0.005000000000000001,31.746556932079333,-90.807061975260936,-361.0841782938794,1,2.6558850709304527e-07
1,86,0.34351335034192543,tool,0.0027168054540383374,0.0027695030514224817,0.0028571428571428571,160.55080117544702,-106.09931765414166,554.95185981780105,2,2.8240313081941137e-07
1,86,0.34351335034192543,support,0.0052091500987665358,0.0077693768782565696,-0.005000000000000001,106.38143993733938,-45.60119396596825,-354.78239918112479,2,2.1726912767614653e-07
1,87,0.34866600973065304,tool,0.0022491298581158812,0.0029276826917763944,0.0028381263229785977,97.747548844079773,-122.16018828494749,578.08461551689584,2,3.5107084168321118e-07
1,87,0.34866600973065304,support,0.0042859521306282799,0.0081537016258664483,-0.005000000000000001,77.644221964546361,-3.9408249691038453,-465.31254407307574,1,3.353009274528404e-07
1,88,0.35319037918471402,tool,0.001838480323386236,0.0030665746850327778,0.0028214285714285715,30.609988473343449,-136.02435339522262,497.71382023666638,1,3.6736340505109238e-07
1,88,0.35319037918471402,support,0.0034753243805709776,0.0084911637046387895,-0.0050000000000000001,-9.9695916588854665,19.850106384201837,-257.96389166463899,1,1.8402395376895114e-07
1,89,0.35592843067732005,tool,0.0015798901192129835,0.0031108143173070161,0.002811349885526694,-0.98263230935524604,-123.59945249503683,505.09694630881256,1,3.6958573098114234e-07
1,89,0.35592843067732005,support,0.0029887100120909952,0.0086060830519603948,-0.0050000000000000001,149.35621991319869,51.092104640078347,-409.32921000771734,1,3.1181043195875613e-07
1,90,0.35866648216992614,tool,0.001321299915039726,0.0031550539495812553,0.002801271199624816,123.49957613793464,-130.06925524561467,544.57168289421099,2,2.3677732403915019e-07
1,90,0.35866648216992614,support,0.0025020956436110032,0.0087210023992820036,-0.005000000000000001,109.96728642488861,73.017908761192004,-474.35057116153973,1,3.4995084047338004e-07
1,91,0.36140453366253222,tool,0.0010627097108664683,0.0031992935818554945,0.0027911925137229384,197.78249159053263,-112.60030059286881,491.20475293009628,1,3.8477205031080958e-07
1,91,0.36140453366253222,support,0.0020154812751310108,0.0088359217466036106,-0.005000000000000001,46.552395479356562,80.881828448289298,-443.35268410329161,1,3.2201392418176877e-07
1,92,0.36289279021918636,tool,0.00092215407563220146,0.0032233398508807118,0.0027857142857142859,183.94643670272393,-112.92066370455257,509.8574432002614,1,3.9351043806812314e-07
1,92,0.36289279021918636,support,0.001750984049126267,0.0088983856822160892,-0.005000000000000001,14.639585103918304,78.407643141782842,-396.06822408137992,1,2.8715347753695969e-07
1,93,0.36563084171179239,tool,0.00065993226699407573,0.0032313526358692837,0.0027755586459554974,147.16938849870297,-103.75309634556689,513.24293436852531,1,3.8658150949485992e-07
1,93,0.36563084171179239,support,0.0012530778787895784,0.0089250720643115067,-0.0050000000000000001,119.19134470284339,59.692846527198483,-262.12160374979857,1,2.0900802443716421e-07
1,94,0.36836889320439847,tool,0.00039771045835594474,0.0032393654208578561,0.0027654030061967094,116.17356468526108,-106.02782725346933,536.79942492388909,1,3.9756521803043648e-07
1,94,0.36836889320439847,support,0.00075517170845287981,0.0089517584464069242,-0.0050000000000000001,130.28788241353826,99.229900244268009,-420.45620670056513,1,3.2070476981699292e-07
1,95,0.37110694469700456,tool,0.00013548864971781377,0.0032473782058464289,0.002755247366437921,80.539382245760862,-106.49315541343388,546.46949356949347,1,3.9982334175143325e-07
1,95,0.37110694469700456,support,0.00025726553811618124,0.0089784448285023417,-0.0050000000000000001,80.536804095754704,110.87576360157573,-461.95168605429444,1,3.4247014640744616e-07
1,96,0.37252168171494265,tool,0,0.0032515183703286247,0.0027499999999999998,61.903783080653483,-106.86669398466259,551.86776553344282,1,4.0193673841049798e-07
1,96,0.37252168171494265,support,0,0.0089922335438450511,-0.0050000000000000001,49.644311674590014,112.73228979473502,-465.19026158976254,1,3.4202449748690217e-07
1,97,0.37662875895385173,tool,-0.0003907637894383113,0.0032050864554993967,0.0027346741998159831,-0.26443882193445645,68.142834045746739,244.02334176732032,2,1.6645010928080517e-07
1,97,0.37662875895385173,support,-0.00074702273146041683,0.0089567519490641265,-0.0050000000000000001,0,0,0,0,0
1,98,0.3807358361927608,tool,-0.00078152757887662259,0.0031586545406701682,0.0027193483996319659,217.11327009438779,-101.1157727185132,481.15708501120588,1,3.8200235490289114e-07
1,98,0.3807358361927608,support,-0.0014940454629208337,0.0089212703542832002,-0.0050000000000000001,101.95488021091091,99.78687684976255,-419.76155232455187,1,3.1510114994071775e-07
1,99,0.3820925575060814,tool,-0.00091061148228665438,0.0031433163415561351,0.0027142857142857142,209.10741645876402,-108.59826140530377,505.75345555585642,1,3.9655648751465294e-07
1,99,0.3820925575060814,support,-0.0017408150273462944,0.0089095494556807008,-0.0050000000000000001,77.85514559565334,102.36701756913978,-440.10288207072938,1,3.2588144361148097e-07
1,100,0.38619963474499047,tool,-0.0012903556724913048,0.003040147171168444,0.0026988709716830863,196.20881237864506,-11.51932010280872,657.69301536199112,2,3.0522239991177813e-07
1,100,0.38619963474499047,support,-0.0024929072340830949,0.0087441166142353689,-0.005000000000000001,-9.7568508044112079,95.83988341726598,-464.69139618067243,1,3.3729769916782809e-07
1,101,0.39030671198389955,tool,-0.0016700998626959548,0.0029369780007807524,0.002683456229080458,124.30077002677538,43.087820280823166,646.98164734900638,2,2.9126078096054775e-07
1,101,0.39030671198389955,support,-0.0032449994408198951,0.008578683772790037,-0.005000000000000001,123.76716330340773,66.900124333959624,-405.43427241270194,1,3.0501539980375136e-07
1,102,0.39160820974512878,tool,-0.0017904375589800499,0.0029042845702761141,0.0026785714285714286,105.05443591729161,42.372477228880655,656.67375894557972,2,2.9977228150138147e-07
1,102,0.39160820974512878,support,-0.0034833310490089585,0.008526259515769713,-0.005000000000000001,106.54867957852525,66.869970246872583,-443.90562809222831,1,3.2792540011466337e-07
1,103,0.39571528698403785,tool,-0.0021502221415487131,0.0027449386767557414,0.0026627258498106545,32.311686720161489,129.85848094354404,549.43245343223805,1,4.0191957760993963e-07
1,103,0.39571528698403785,support,-0.0042562557674523669,0.0082269244563554986,-0.005000000000000001,14.832098165457896,38.052503258775573,-432.68117590504039,1,3.0889110042703338e-07
1,104,0.39982236422294692,tool,-0.0025100067241173767,0.0025855927832353692,0.0026468802710498799,2.1728651958967475,70.016909030412393,442.99707710543316,2,2.9847339777597931e-07
1,104,0.39982236422294692,support,-0.0050291804858957744,0.0079275893969412824,-0.005000000000000001,49.818281892218252,2.2182201397458168,-141.54897867386296,1,1.0666535528100485e-07
1,105,0.4008651344794999,tool,-0.0026013545706868708,0.0025451355070262088,0.002642857142857143,103.95275477938603,-30.583875267960266,534.12248329696308,2,2.11221047314962e-07
1,105,0.4008651344794999,support,-0.005225422937659709,0.0078515894391748275,-0.005000000000000001,102.20796141467764,-2.2275409166755349,-341.67808635526598,1,2.5348185960210462e-07
1,106,0.40497221171840897,tool,-0.0029266328456300436,0.0023236919301243917,0.0026272389451026295,251.55180291804817,-9.2162260036001271,657.55567108589958,2,3.4982728168951593e-07
1,106,0.40497221171840897,support,-0.0059827410142289962,0.0073684051829722907,-0.005000000000000001,52.408095791455722,121.15278933972019,-507.67186661673225,2,2.6109703087431879e-07
1,107,0.40907928895731804,tool,-0.003251911120573216,0.0021022483532225746,0.0026116207473481159,167.38448257125307,52.226020939927153,580.34130181168041,2,4.2808035181397808e-07
1,107,0.40907928895731804,support,-0.0067400590907982826,0.0068852209267697539,-0.0050000000000000001,-40.684022931596374,118.34805991856319,-420.99020320354578,1,3.1215541049928186e-07
1,108,0.41025682821180948,tool,-0.0033451715866170888,0.0020387583116946132,0.0026071428571428574,152.1817744237446,44.478194221163427,579.22227638725235,1,4.2682106473658499e-07
1,108,0.41025682821180948,support,-0.0069571895978284247,0.0067466872699296736,-0.0050000000000000001,-55.75979194172988,88.918942316187071,-364.66027294785533,1,2.6970049110675021e-07
1,109,0.41416295586832574,tool,-0.0036018984053898997,0.0017664960924596098,0.0025914286250239352,104.2014016799224,12.911874913045509,578.55858822367156,1,4.1792207974324092e-07
1,109,0.41416295586832574,support,-0.0076701578454464918,0.006045490950851759,-0.0050000000000000001,69.680521086422175,33.584746392582318,-429.96116322923098,1,3.1049689357652566e-07
1,110,0.41806908352484201,tool,-0.0038586252241627102,0.0014942338732246065,0.0025757143929050134,66.098157729940226,-27.397295618404833,576.36159501397754,1,4.1278826727695478e-07
1,110,0.41806908352484201,support,-0.008383126093064559,0.0053442946317738445,-0.0050000000000000001,-3.3584583696633956,153.93733352612085,-359.38230817391826,1,2.7788388053812119e-07
1,111,0.41913442134557211,tool,-0.0039286436192804775,0.001419978430286614,0.0025714285714285717,189.68112293956284,78.965032453227082,675.82424676517485,3,1.853781320558176e-07
1,111,0.41913442134557211,support,-0.0085775775052963354,0.005153053836756751,-0.0050000000000000001,-28.77779037240559,170.18000418781736,-452.40605057412506,1,3.4414878520919179e-07
1,112,0.42232810486711914,tool,-0.0040724722276309173,0.0011499788017626609,0.0025576450277634451,163.40577059885894,151.12932956450186,700.55767667849932,2,3.4605028768289886e-07
1,112,0.42232810486711914,support,-0.0090742430061991064,0.004285111799398846,-0.0050000000000000001,-107.49149340541724,79.354166813561676,-493.37444693926,1,3.6329207598034124e-07
1,113,0.42552178838866617,tool,-0.0042163008359813571,0.0008799791732387078,0.0025438614840983184,-4.5487272312752971,180.07519382935294,543.76474738903437,1,4.0712974671511942e-07
1,113,0.42552178838866617,support,-0.0095709085071018791,0.0034171697620409402,-0.0050000000000000001,53.801973594844249,-20.901586597745759,-327.51730871325941,1,2.3636714290183047e-07
1,114,0.42740951580173281,tool,-0.0043013152730520757,0.00072038737372452709,0.0025357142857142857,-14.344354481105423,163.08516268194165,567.04044190174204,2,4.160813648719161e-07
1,114,0.42740951580173281,support,-0.0098644783222864695,0.0029041452354028833,-0.0050000000000000001,33.84768250630507,112.86742097808749,-346.36156224752648,1,2.6002923127470962e-07
1,115,0.42998307398324054,tool,-0.0043366899396963567,0.00047646752043188883,0.0025236215927415587,89.24227637984427,166.51377406669044,696.05525248699678,2,3.2142696886321848e-07
1,115,0.42998307398324054,support,-0.010046306990523966,0.0019208150083646915,-0.0050000000000000001,7.3983395934622136,39.534256034176892,-496.42922041912243,1,3.539886625075761e-07
1,116,0.43255663216474827,tool,-0.0043720646063406376,0.00023254766713925058,0.0025115288997688318,104.95122355791653,120.57954427255058,696.6829454853314,2,2.8770407141907872e-07
1,116,0.43255663216474827,support,-0.010228135658761465,0.00093748478132649996,-0.0050000000000000001,-12.69947719215774,150.54942447182816,-429.67040429515441,1,3.2371344293753018e-07
1,117,0.43501020428394249,tool,-0.0044057900128334285,-3.2849420122988589e-18,0.0025000000000000001,116.0058856394588,78.574467643335055,707.19136983444355,2,2.6756779850870688e-07
1,117,0.43501020428394249,support,-0.010401486995468518,-1.3953807479001268e-17,-0.0050000000000000001,-39.071542427857544,52.397814967866346,-514.76073816939265,1,3.6879899200682742e-07
1,118,0.43755012175111352,tool,-0.0043447636822252396,-0.00023545625852762128,0.0024877913418033574,-59.304496512753516,26.282641253431208,547.21358024966969,1,3.9165013432460732e-07
1,118,0.43755012175111352,support,-0.010206244775594744,-0.00098075505381250397,-0.0050000000000000001,-23.203531075689604,133.32178996227142,-356.70816727459282,1,2.7115841179370381e-07
1,119,0.44009003921828455,tool,-0.0042837373516170507,-0.00047091251705523926,0.0024755826836067147,-53.403638795175333,-6.7799176024011487,564.93672606400628,1,4.0334240812133632e-07
1,119,0.44009003921828455,support,-0.010011002555720967,-0.0019615101076249941,-0.0050000000000000001,-7.0242203806773134,54.188737455860021,-489.05286553283139,1,3.4975272290242027e-07
1,120,0.44244028682472453,tool,-0.0042272681988608949,-0.00068878593821100848,0.0024642857142857144,7.771019725209662,160.92128187118067,341.58710095833374,2,2.1240426523443795e-07
1,120,0.44244028682472453,support,-0.0098303401657554162,-0.0028690266893720623,-0.0050000000000000001,0,0,0,0,0
1,121,0.44547935776663761,tool,-0.0040660486092688984,-0.00093113731833259006,0.0024504841716137893,50.827087371882875,258.48048841220799,670.17494933013541,2,3.6679249010643233e-07
1,121,0.44547935776663761,support,-0.0093136344465528879,-0.0037251897578020098,-0.005000000000000001,-131.25731856255948,96.773293372989201,-559.44102936437434,2,2.9791742101915875e-07
1,122,0.44851842870855069,tool,-0.0039048290196769006,-0.0011734886984541718,0.0024366826289418646,18.551330505493592,201.46319321241771,641.37849041506774,2,4.205204577412483e-07
1,122,0.44851842870855069,support,-0.0087969287273503595,-0.0045813528262319573,-0.005000000000000001,-129.31423234128542,-26.939517088218622,-505.48055767896045,1,3.7132961801938924e-07
1,123,0.45030449813106321,tool,-0.0038100798727224625,-0.0013159191970546374,0.0024285714285714288,-7.0593494792097573,149.35508857313914,547.91881461423441,1,4.0366814521575201e-07
1,123,0.45030449813106321,support,-0.0084932595129278646,-0.0050845219547040379,-0.005000000000000001,-46.879056520000404,78.011254183902651,-262.43219133183948,2,1.8471553359447612e-07
1,124,0.45409977949155572,tool,-0.0035365764290456237,-0.0015554343394426151,0.0024123878369446566,22.236917644454394,113.64233361597502,595.30826916832177,1,4.3104015262206835e-07
1,124,0.45409977949155572,support,-0.0077660497482711565,-0.0057709372504164249,-0.005000000000000001,-3.9238168223736061,61.650653050342527,-462.3722065103712,1,3.3154689938353493e-07
1,125,0.45789506085204823,tool,-0.0032630729853687845,-0.0017949494818305927,0.0023962042453178844,-128.60135484900178,92.49199921079061,703.76046166857327,2,3.0147555211794408e-07
1,125,0.45789506085204823,support,-0.0070388399836144467,-0.006457352546128811,-0.0050000000000000001,-173.08704168008944,-17.457806869172224,-499.43945367829213,1,3.7588964109380729e-07
1,126,0.45868000376669121,tool,-0.0032065067996626651,-0.0018444861817770628,0.0023928571428571428,-169.29477122098535,79.288715303565866,675.76408015391166,2,3.6890985639134038e-07
1,126,0.45868000376669121,support,-0.0068884379190485671,-0.0065993174682767927,-0.0050000000000000001,-153.05369540619262,-36.525625495457,-500.4768560765155,1,3.7287597327330391e-07
1,127,0.46278708100560029,tool,-0.0028628643132778847,-0.0020361354855539457,0.0023765008622500597,-191.86021228538345,45.965705970362905,644.64857582340994,2,4.5943797456760027e-07
1,127,0.46278708100560029,support,-0.0060578361416643699,-0.0070993842856855692,-0.0050000000000000001,-48.254685204994203,-105.07542560866656,-474.9443966823967,1,3.4742183222490064e-07
1,128,0.46689415824450936,tool,-0.0025192218268931046,-0.002227784789330829,0.0023601445816429771,-148.52638888399321,-3.4685677778089001,649.36970284210599,1,4.7345858102728483e-07
1,128,0.46689415824450936,support,-0.0052272343642801727,-0.0075994511030943474,-0.0050000000000000001,-121.8542447919166,-97.323483084824858,-395.78650111739807,2,2.477293629806962e-07
1,129,0.46764789405206075,tool,-0.0024561561400512862,-0.0022629565025336956,0.0023571428571428571,-138.14872051282322,-8.8783274929690492,652.58753200331773,1,4.7414159794548216e-07
1,129,0.46764789405206075,support,-0.00507480131639413,-0.0076912239733190561,-0.0050000000000000001,-152.42968126154892,-121.78226629424145,-389.05143282328868,2,2.6744756343680814e-07
1,130,0.47175497129096983,tool,-0.0020829822304900339,-0.0023875974253276737,0.0023400251589912081,-94.642424023750735,70.456136400839625,740.70361845843991,2,3.7521531826793103e-07
1,130,0.47175497129096983,support,-0.0042977700608662246,-0.007979702229783045,-0.005000000000000001,-89.541795234479579,25.261712914967276,-518.17265639009122,1,3.7417572173147062e-07
1,131,0.4758620485298789,tool,-0.001709808320928782,-0.0025122383481216517,0.0023229074608395587,-21.134870977364265,193.14839530407264,650.50190347628381,2,3.703867161751126e-07
1,131,0.4758620485298789,support,-0.0035207388053383202,-0.0082681804862470339,-0.005000000000000001,10.757339864940683,-10.771622218808059,-442.54788172662404,1,3.1472289882452514e-07
1,132,0.47621688087853459,tool,-0.001677567832843436,-0.0025230067434551047,0.0023214285714285715,-14.381247260170936,199.47190562465272,601.88274057280319,2,3.7449472025437996e-07
1,132,0.47621688087853459,support,-0.0034536069231409744,-0.0082931036642938157,-0.005000000000000001,15.368070636203484,-11.506486697940399,-372.58732401213308,1,2.6516434364388941e-07
1,133,0.48032395811744366,tool,-0.0012900014386112606,-0.0025908658619189905,0.0023048583540084605,-91.161860830118712,131.46240700028818,681.66658067256571,2,3.1755504729859968e-07
1,133,0.48032395811744366,support,-0.0026293869001769729,-0.0084542991662999896,-0.005000000000000001,-146.54119629772205,-48.052868487020341,-545.7013030144833,1,4.0304290189856207e-07
1,134,0.48443103535635273,tool,-0.0009024350443790853,-0.0026587249803828759,0.0022882881365883494,-205.50764391433469,-87.878885160931333,586.74326436611045,1,4.4625456209479442e-07
1,134,0.48443103535635273,support,-0.0018051668772129715,-0.0086154946683061617,-0.0050000000000000001,-26.717783383970051,-63.410047462619538,-488.23260890179534,1,3.5043614719787453e-07
1,135,0.48506898741655824,tool,-0.00084223437970093343,-0.0026692655331676256,0.0022857142857142859,-197.70467212447892,-91.423624934046103,592.41866977074176,1,4.486150399461708e-07
1,135,0.48506898741655824,support,-0.0016771408306777034,-0.0086405331559261354,-0.0050000000000000001,-9.8547288356657461,-60.55901527213345,-445.44646918425838,1,3.1958615999330003e-07
1,136,0.48917606465546731,tool,-0.00044888354774209009,-0.0026784334952866663,0.0022690345534009141,-185.38792354230009,36.530340228243304,794.66260777970319,2,3.4762718982908614e-07
1,136,0.48917606465546731,support,-0.00089386154766687108,-0.0086785958100600684,-0.0049999999999999992,-180.75370361803829,-83.639094134231854,-517.0182953741363,1,3.9378847891975016e-07
1,137,0.49328314189437639,tool,-5.55327157832469e-05,-0.0026876014574057075,0.0022523548210875424,-106.61429586773886,57.824668745175444,829.7908442677267,2,3.2703392816978843e-07
1,137,0.49328314189437639,support,-0.00011058226465603905,-0.0087166584641940031,-0.0050000000000000001,-79.008328941503251,-98.485122760337646,-573.08354677309137,1,4.1708219889260989e-07
1,138,0.49386297326748513,tool,-4.4596982108237199e-18,-0.0026888957773697274,0.0022500000000000003,-94.873359807969251,59.628680305805531,833.20808520779519,2,3.2538914737992308e-07
1,138,0.49386297326748513,support,-8.8614942008628745e-18,-0.0087220320960316403,-0.0050000000000000001,-62.697362613312222,-99.231744729292103,-573.66587855806733,1,4.1617529779151841e-07
1,139,0.4979700505063942,tool,0.00039075474664489743,-0.0026428978012537126,0.0022332054720255222,-4.6144387194073246,-85.404365769357327,510.15807841241656,1,3.676505604321631e-07
1,139,0.4979700505063942,support,0.00078313582089650313,-0.0086480996502716172,-0.0050000000000000001,-16.846848714767088,-14.373811531657164,-84.145680116127863,2,3.6113213637382902e-08
1,140,0.50207712774530333,tool,0.00078150949328980484,-0.0025968998251376971,0.0022164109440510446,-241.85817341671211,-103.61771873206564,609.80308750305528,2,4.3102329655517885e-07
1,140,0.50207712774530333,support,0.0015662716417930258,-0.008574167204511594,-0.0050000000000000001,-108.95746623539651,-74.260412648107632,-491.8829018818497,1,3.6194447438145372e-07
1,141,0.50259684957433626,tool,0.00083095676681698327,-0.0025910791037613494,0.0022142857142857142,-255.17255697142988,-99.760916347911717,580.50703569130087,1,4.5623456262217088e-07
1,141,0.50259684957433626,support,0.0016653719892034992,-0.0085648115718560264,-0.0050000000000000001,-96.129123446958175,-73.01158481305383,-492.25105214396643,1,3.6022895650612841e-07
1,142,0.50670392681324539,tool,0.0012103856476165101,-0.0024869871761480427,0.0021973819566222727,-238.40547360336731,-46.402075285864392,727.39883762002864,2,4.5719963946786596e-07
1,142,0.50670392681324539,support,0.0024922120062938731,-0.008362366039359137,-0.005000000000000001,10.126334551527393,-57.94700357762455,-523.01254133833868,1,3.7407021952207131e-07
1,143,0.51081100405215452,tool,0.0015898145284160368,-0.0023828952485347357,0.0021804781989588308,-161.09498465469511,-47.134055964693275,722.27619360765584,2,4.7255139887930619e-07
1,143,0.51081100405215452,support,0.0033190520233842471,-0.0081599205068622477,-0.0050000000000000001,-125.73989373220084,-25.971756078083423,-447.05470451366403,1,3.3058463386886894e-07
1,144,0.51127428880894332,tool,0.0016326147015159095,-0.0023711535157737475,0.0021785714285714286,-155.38551600600624,-38.835394975550045,733.68584877635897,2,4.6936585933101543e-07
1,144,0.51127428880894332,support,0.0034123208746714732,-0.0081370843331479425,-0.0050000000000000001,-120.19564988638716,-24.053267796918863,-468.72113339599161,1,3.4434279638784204e-07
1,145,0.51332782742839789,tool,0.0018120915013986275,-0.0022906591050380512,0.0021695984889908769,-130.28914856276123,-9.31412857223836,815.05089731053147,2,4.7802284229830211e-07
1,145,0.51332782742839789,support,0.0038023236545067828,-0.0079740621610933753,-0.0050000000000000001,-104.57682564803055,-165.63528115170749,-637.65246836505889,2,2.6557232316645057e-07
1,146,0.51538136604785245,tool,0.0019915683012813453,-0.0022101646943023545,0.0021606255494103247,-82.702433740182073,-40.971363182605508,726.15152170279407,2,4.8878668085748644e-07
1,146,0.51538136604785245,support,0.0041923264343420915,-0.0078110399890388097,-0.0049999999999999992,-34.823213472004682,-266.29122020269551,-503.39510232954461,1,4.0551505856283726e-07
1,147,0.51743490466730702,tool,0.0021710451011640636,-0.0021296702835666582,0.002151652609829773,-46.920544594463095,-49.509654486696036,695.24133365635282,1,4.9650895598239708e-07
1,147,0.51743490466730702,support,0.0045823292141774011,-0.0076480178169842424,-0.0049999999999999992,21.854663153040477,-247.69887236900149,-515.4493591536592,1,4.0675270986979817e-07
1,148,0.51944782707052706,tool,0.0023469720927090875,-0.0020507679433969294,0.002142857142857143,-15.3291093281142,-34.424500503356889,669.41387480936578,1,4.7653303758901644e-07
1,148,0.51944782707052706,support,0.0049646182665532956,-0.0074882200029857951,-0.0049999999999999992,69.006891538445856,-202.37453259398686,-466.23818249435112,1,3.6455909905447337e-07
1,149,0.52150136568998162,tool,0.0025092003436313929,-0.0019395011575024149,0.0021342849517755466,-225.04291713770351,-30.62341607413315,567.63114142678216,2,3.5600405362979509e-07
1,149,0.52150136568998162,support,0.0053834124650700647,-0.0072164994211036402,-0.0049999999999999992,84.122141887499197,-115.95032642301464,-307.2248757857202,1,2.4092766393209175e-07
1,150,0.52355490430943619,tool,0.0026714285945536984,-0.0018282343716079002,0.0021257127606939502,-280.06980995313853,-16.317838168512566,600.04580385411589,1,4.7078753779693921e-07
1,150,0.52355490430943619,support,0.0058022066635868338,-0.0069447788392214852,-0.0049999999999999992,-74.826705300982624,-146.60732806721231,-492.09040227951499,1,3.6879555020703086e-07
1,151,0.52560844292889075,tool,0.0028336568454760038,-0.0017169675857133856,0.0021171405696123534,-269.13069543427571,4.2577319844042023,637.00556675807104,1,4.9150468946213e-07
1,151,0.52560844292889075,support,0.0062210008621036029,-0.0066730582573393295,-0.0050000000000000001,-22.049886364796876,-119.70926101296834,-535.82161830074438,1,3.9053338158918233e-07
1,152,0.52766198154834532,tool,0.0029958850963983088,-0.0016057007998188707,0.002108568378530757,-250.41518923443368,25.387016757513692,663.99729137432223,1,5.0469840917610753e-07
1,152,0.52766198154834532,support,0.0066397950606203729,-0.0064013376754571746,-0.0050000000000000001,34.924132517535497,-80.735943977746302,-527.10770255848217,1,3.7981802026784695e-07
1,153,0.52800347687842442,tool,0.0030228630112872838,-0.0015871975745004299,0.0021071428571428569,-245.86792993869039,29.677623726867594,663.4599327816594,1,5.0332842588957094e-07
1,153,0.52800347687842442,support,0.0067094388753033817,-0.0063561516200696319,-0.0050000000000000001,41.873990298358109,-70.610558929417948,-500.07119483833577,1,3.6017838831586824e-07
1,154,0.53005701549787898,tool,0.0031562715961965348,-0.0014426996114883352,0.002097433394829637,-265.54527167966495,-63.208353449400491,826.77131119687351,2,4.6123986965473235e-07
1,154,0.53005701549787898,support,0.0071244827049724646,-0.0059320127996267619,-0.0050000000000000001,109.72723948099755,-327.21433437019289,-518.58031231860048,1,4.4273782899388603e-07
1,155,0.53211055411733355,tool,0.0032896801811057863,-0.0012982016484762407,0.0020877239325164179,-247.73652809592397,-157.07658504632818,874.91229587809255,2,3.5833699218133785e-07
1,155,0.53211055411733355,support,0.0075395265346415484,-0.0055078739791838936,-0.0050000000000000001,183.552006031697,-273.53054446904639,-543.97839309367657,1,4.5199027203651765e-07
1,156,0.53416409273678811,tool,0.0034230887660150369,-0.0011537036854641458,0.002078014470203198,-175.35501682767165,-225.11178900622366,720.29721316837561,2,4.6728174046568177e-07
1,156,0.53416409273678811,support,0.0079545703643106314,-0.0050837351587410236,-0.0050000000000000001,-49.92139295120613,-174.95296519697442,-489.32183181224048,1,3.7104249096808761e-07
1,157,0.53555700174052367,tool,0.0035135794036564531,-0.001055691156362329,0.0020714285714285713,-157.50332944142741,-225.77497627380677,721.91142626586475,2,4.913734952469162e-07
1,157,0.53555700174052367,support,0.0082360933324272523,-0.0047960430860272555,-0.0050000000000000001,-14.028798411221246,-151.03768368942534,-543.97026987196125,1,4.0137219398019702e-07
1,158,0.53761054035997824,tool,0.0036021203889081321,-0.0008801816663186557,0.0020600840425350365,-115.30241251709816,-237.89391341495065,687.15853342716071,1,5.2328823520447071e-07
1,158,0.53761054035997824,support,0.0086111949123161228,-0.0041143134115371625,-0.0050000000000000001,52.101584919038615,-64.79028610467472,-555.13788061768025,1,3.9895956246462083e-07
1,159,0.5396640789794328,tool,0.0036906613741598104,-0.00070467217627498218,0.0020487395136415017,-100.16375770482284,-205.29290369893732,692.82565125346798,1,5.1849279999235248e-07
1,159,0.5396640789794328,support,0.0089862964922049916,-0.0034325837370470695,-0.0050000000000000001,97.11200193444725,-259.91004200432707,-524.12580691017649,1,4.2149499172340621e-07
1,160,0.54171761759888737,tool,0.0037792023594114895,-0.00052916268623130866,0.0020373949847479669,-84.515325256767397,-176.11827390786925,707.34732908071385,1,5.2156017916592939e-07
1,160,0.54171761759888737,support,0.0093613980720938621,-0.0027508540625569766,-0.0050000000000000001,169.6089135705769,-175.85027556542704,-585.03842580451271,1,4.5061220039620958e-07
1,161,0.54202185062660801,tool,0.0037923197616192171,-0.00050316084577706113,0.0020357142857142857,-82.428432210782773,-172.25399081292443,711.67677070752086,1,5.2371025739423455e-07
1,161,0.54202185062660801,support,0.0094169696051886222,-0.0026498553859349515,-0.0050000000000000001,177.30371290742497,-158.96629500035138,-584.33650521995128,1,4.4847468353391429e-07
1,162,0.5439905871236298,tool,0.0038146138038734727,-0.00031617815976533493,0.0020224422810901296,-55.371183764263236,-146.09364730241438,724.36031455530633,1,5.2667152866756745e-07
1,162,0.5439905871236298,support,0.0095910638102601996,-0.0016651263837417028,-0.0050000000000000001,195.39534349811049,-8.8915220117315101,-507.69647581261268,1,3.8669404545891434e-07
1,163,0.54595932362065158,tool,0.0038369078461277287,-0.00012919547375360877,0.0020091702764659736,-168.10649218381906,-127.22633297174555,807.30013074237922,2,4.4244223586838854e-07
1,163,0.54595932362065158,support,0.0097651580153317787,-0.00068039738154845398,-0.0050000000000000001,264.00400201865233,-185.3957811521727,-597.73527402604907,1,4.8275848201027177e-07
1,164,0.5473196198590573,tool,0.0038523118892097759,0,0.002,-247.70754843976081,-113.37187439181861,912.464351219018,2,4.1873270088550046e-07
1,164,0.5473196198590573,support,0.0098854482078716902,0,-0.0050000000000000001,258.07210097522454,-84.400730240629841,-748.81199961242294,2,4.4749137779066112e-07
1,165,0.54937315847851187,tool,0.0037748484305546461,0.00018073842104357894,0.001989761775915499,-49.440339772563078,-50.143657131721298,749.71662527080832,2,5.0666811145759494e-07
1,165,0.54937315847851187,support,0.0095743693505796271,0.00089594659239633457,-0.0050000000000000001,296.33409892738746,-42.134984144560043,-665.84504517230175,2,3.418485857772241e-07
1,166,0.55142669709796643,tool,0.0036973849718995163,0.00036147684208715788,0.0019795235518309975,-35.702134600453036,-130.92712857667175,733.25134760383696,2,3.7542901239456111e-07
1,166,0.55142669709796643,support,0.009263290493287564,0.0017918931847926691,-0.0050000000000000001,227.82051201025033,-111.6671018662981,-639.95788779490886,1,4.8928601135804495e-07
1,167,0.553480235717421,tool,0.003619921513244387,0.00054221526313073679,0.0019692853277464969,-37.495469394781452,-282.54202861740947,651.81308073776302,2,4.363030552930261e-07
1,167,0.553480235717421,support,0.0089522116359954992,0.0026878397771890037,-0.0050000000000000001,165.58066118105268,40.060080386448988,-613.72680338250711,1,4.5269358110461982e-07
1,168,0.55553377433687556,tool,0.0035424580545892568,0.00072295368417431575,0.0019590471036619954,-48.557910734086519,-290.4952708058205,614.518759185004,1,4.8433673864589633e-07
1,168,0.55553377433687556,support,0.0086411327787034361,0.0035837863695853383,-0.0050000000000000001,104.09407236542854,-117.84101729234601,-544.03550620117915,1,4.0249318556968144e-07
1,169,0.55734840318371248,tool,0.0034740067358170327,0.00088266490141187973,0.0019500000000000001,-63.986393606213539,-277.34554929190983,650.33104304014341,1,5.0454855585104624e-07
1,169,0.55734840318371248,support,0.0083662450007306131,0.0043754980600231135,-0.0050000000000000001,69.925493097522491,-6.2272862182500077,-585.18435101610623,1,4.18896619502028e-07
1,170,0.55940194180316705,tool,0.0033246143246350953,0.0010105253608308842,0.0019397337495182774,103.79805299382637,-321.36388816761689,881.04724669549262,2,4.060204239235074e-07
1,170,0.55940194180316705,support,0.0079168051531235406,0.0048071496656922844,-0.0050000000000000001,374.30451159077541,71.836517758125439,-601.85785722260277,1,5.0632353731580593e-07
1,171,0.56145548042262161,tool,0.0031752219134531575,0.0011383858202498888,0.0019294674990365549,149.85206361943747,-294.64896485458382,909.14219753347982,2,4.0060865599735734e-07
1,171,0.56145548042262161,support,0.0074673653055164673,0.0052388012713614554,-0.0050000000000000001,306.90477721164098,156.49127588387859,-632.75200565812406,1,5.1205667851543513e-07
1,172,0.56350901904207618,tool,0.0030258295022712201,0.0012662462796688935,0.0019192012485548327,228.17877194292868,-205.69751331001032,726.1605577713118,2,5.1102231152927446e-07
1,172,0.56350901904207618,support,0.0070179254579093957,0.0056704528770306264,-0.005000000000000001,178.45170569587088,-85.492535695556171,-524.34229586800632,2,3.9010148209991935e-07
1,173,0.56556255766153074,tool,0.0028764370910892827,0.0013941067390878981,0.00190893499807311,223.86610388203013,-180.56264630389754,732.58605149933499,2,5.4125144755869103e-07
1,173,0.56556255766153074,support,0.0065684856103023232,0.0061021044826997974,-0.005000000000000001,128.94127427518498,-34.445354281709413,-596.10222713122221,1,4.3416330711490425e-07
1,174,0.56734980838569238,tool,0.0027464167970759719,0.0015053871876381921,0.0019,211.62668962280981,-158.05974058369975,734.9278619332199,1,5.5505524983526233e-07
1,174,0.56734980838569238,support,0.006177325840774254,0.0064777826596325826,-0.005000000000000001,69.464263238414759,23.363808512512477,-600.29234943358585,1,4.2982023161237254e-07
1,175,0.56940334700514694,tool,0.0025673555061203977,0.0015866502880532655,0.0018897458255916302,185.21823693919714,-124.3451598593325,734.83957984177073,1,5.4581784110496745e-07
1,175,0.56940334700514694,support,0.0057434355129226521,0.0066912377613547198,-0.0050000000000000001,312.79525082886107,55.957369521630454,-523.73698037780071,1,4.3539622539192496e-07
1,176,0.57145688562460151,tool,0.0023882942151648243,0.0016679133884683387,0.0018794916511832599,151.31368428374515,-107.63762123915754,741.54889891699202,1,5.433224286631802e-07
1,176,0.57145688562460151,support,0.0053095451850710511,0.006904692863076857,-0.0050000000000000001,282.1667918980495,104.20866621095561,-608.35099029005266,1,4.823456653188507e-07
1,177,0.57351042424405607,tool,0.0022092329242092506,0.0017491764888834123,0.0018692374767748901,117.21038843686316,-92.942407388087162,750.34687841979837,1,5.437966467255681e-07
1,177,0.57351042424405607,support,0.00487565485721945,0.0071181479647989942,-0.0050000000000000001,216.29063725191571,146.07510791737269,-639.37314312825765,1,4.9083209061225042e-07
1,178,0.57556396286351064,tool,0.0020301716332536768,0.0018304395892984858,0.0018589833023665201,83.206413676430685,-78.561079540257694,761.30948150749032,1,5.4717226994141499e-07
1,178,0.57556396286351064,support,0.004441764529367849,0.0073316030665211305,-0.0050000000000000001,141.28744919761945,183.21498790735257,-643.519910609357,1,4.8603853394432739e-07
1,179,0.57736299198133301,tool,0.001873302668992609,0.0019016311814439848,0.0018500000000000001,48.913988414031941,-105.25816250069721,692.05899599899271,2,4.3885295070589941e-07
1,179,0.57736299198133301,support,0.0040616492851978346,0.00751860317438755,-0.0050000000000000001,55.079380359304182,156.60756698176027,-467.84996844791516,1,3.5283344980083231e-07
1,180,0.57941653060078757,tool,0.0016813770054287342,0.0019444188010521706,0.0018397265013565616,263.68392945703306,-219.56788363306103,811.2949828937177,3,3.4868059903703924e-07
1,180,0.57941653060078757,support,0.0036373105559520617,0.0076280927552611188,-0.0049999999999999992,315.3316248378726,210.49188094100904,-513.5547827234476,1,4.5369510749768832e-07
1,181,0.58147006922024214,tool,0.0014894513418648593,0.0019872064206603569,0.0018294530027131229,291.1034646501484,-215.55408224345149,871.04069261324275,2,4.4829542207754092e-07
1,181,0.58147006922024214,support,0.0032129718267062892,0.0077375823361346876,-0.0049999999999999992,291.83214733297115,270.96919958483181,-608.75536022917777,1,5.1702349519039403e-07
1,182,0.5835236078396967,tool,0.0012975256783009847,0.0020299940402685426,0.0018191795040696842,280.07828562842428,-181.62818063510377,906.84115697730454,2,4.9685794933137378e-07
1,182,0.5835236078396967,support,0.0027886330974605167,0.0078470719170082564,-0.0049999999999999992,237.37177283074132,282.47743606666864,-689.74423579345762,2,5.0225246296751319e-07
1,183,0.58557714645915127,tool,0.0011056000147371097,0.0020727816598767289,0.0018089060054262457,281.10451829057769,-77.831258141768771,822.58571466199896,2,5.4320601873374119e-07
1,183,0.58557714645915127,support,0.0023642943682147441,0.0079565614978818269,-0.0049999999999999992,146.45174069438701,106.8363534175833,-714.78909717675583,2,3.3527513719402297e-07
1,184,0.58735734098903991,tool,0.00093922134857284372,0.0021098738701969223,0.0018,272.93349458359023,-3.4235922683714435,732.98193665072995,1,5.5590973177099129e-07
1,184,0.58735734098903991,support,0.0019964388638347656,0.0080514770505305013,-0.0049999999999999992,58.624861086409226,-10.395731713893522,-584.1990652575447,1,4.1736497292162861e-07
1,185,0.58941087960849448,tool,0.00074266878440156989,0.0021152271668600457,0.0017895015604455387,239.57571239653356,11.318438428639096,751.30303165897419,1,5.6053120210241419e-07
1,185,0.58941087960849448,support,0.0015786226131416551,0.0080760435213166632,-0.0049999999999999992,-1.1085911078808408,3.6666847243826792,-513.79223967503538,1,3.6518328221969709e-07
1,186,0.59146441822794904,tool,0.00054611622023029605,0.002120580463523169,0.0017790031208910775,195.55525032050699,10.210894922802407,735.21737229720259,1,5.4076623250826072e-07
1,186,0.59146441822794904,support,0.0011608063624485446,0.0081006099921028252,-0.0049999999999999992,231.47645873266413,273.42848101578932,-464.54803114412493,1,4.1695075017958438e-07
1,187,0.5935179568474036,tool,0.00034956365605902221,0.0021259337601862928,0.0017685046813366158,222.13962537180907,-191.76186163458976,997.36069156893359,2,4.4704364049030082e-07
1,187,0.5935179568474036,support,0.00074299011175543413,0.0081251764628889871,-0.005000000000000001,277.7852630810354,323.57721531509998,-814.41969305894202,2,4.6432937468761371e-07
1,188,0.59557149546685817,tool,0.0001530110918877484,0.0021312870568494162,0.0017580062417821547,178.13700007093757,-231.84741593846033,1049.4860621992605,2,4.2645842814482277e-07
1,188,0.59557149546685817,support,0.00032517386106232365,0.0081497429336751491,-0.0050000000000000001,190.87990191731598,305.95105750878997,-896.51620585193098,2,4.2035840632555915e-07
1,189,0.59713754979436617,tool,3.1176392946945438e-06,0.0021353695480800633,0.00175,137.99877347394548,-242.74975986457449,1069.161802875813,2,4.2313278742021204e-07
1,189,0.59713754979436617,support,6.5419437941166917e-06,0.0081684776326585492,-0.005000000000000001,111.30444716262436,296.70796189658552,-907.72535700330354,2,3.9720414072002413e-07
1,190,0.59919108841382074,tool,-0.00019144843028725791,0.0021069847758021548,0.0017395054885436954,73.740530541954428,-161.70189787621374,980.88613350490755,2,4.5487777304044352e-07
1,190,0.59919108841382074,support,-0.00041240356291962827,0.0081208306922834241,-0.005000000000000001,7.1786268607951769,342.35246580903066,-758.02210416993285,2,4.6521517846689897e-07
1,191,0.6012446270332753,tool,-0.00038601449986921038,0.0020786000035242463,0.0017290109770873908,211.13917958566847,20.212297371305532,716.83758158709327,2,2.8453094633174025e-07
1,191,0.6012446270332753,support,-0.00083134906963337328,0.0080731837519082989,-0.005000000000000001,142.81249070828244,226.63784993555902,-385.05504320477974,2,2.7121370561530855e-07
1,192,0.60329816565272987,tool,-0.00058058056945116279,0.0020502152312463378,0.0017185164656310862,303.58264443028975,21.393440517734557,734.36698393437109,2,4.6844494860052988e-07
1,192,0.60329816565272987,support,-0.0012502945763471181,0.0080255368115331738,-0.005000000000000001,187.54241773941192,297.15838960323822,-514.10976487928144,1,4.4259477862025609e-07
1,193,0.60535170427218443,tool,-0.00077514663903311526,0.0020218304589684293,0.0017080219541747814,383.88398115154115,-79.004727815830961,797.90461683032288,2,4.9364984679167723e-07
1,193,0.60535170427218443,support,-0.0016692400830608631,0.0079778898711580486,-0.005000000000000001,150.54094117646287,322.08540392949703,-657.95675012017091,2,4.8039078901288002e-07
1,194,0.60692141933419541,tool,-0.0009238720085419619,0.0020001332753098043,0.0017000000000000001,417.02051468776233,-187.89485085084442,937.86652581202702,2,4.5757356954053557e-07
1,194,0.60692141933419541,support,-0.0019894800171045956,0.0079414687786804015,-0.005000000000000001,101.76556005982893,323.48359414089305,-765.56192969353742,2,4.8835148190595756e-07
1,195,0.60897495795364998,tool,-0.0011094678246517556,0.0019352533456291447,0.0016892030898995362,359.03673627347564,-179.39273418529092,938.65647200762123,2,4.5766700808736599e-07
1,195,0.60897495795364998,support,-0.0024165355650079788,0.0078069316600600965,-0.005000000000000001,8.6211083582757482,348.30880818664548,-667.63778795246708,1,5.3524664420361717e-07
1,196,0.61102849657310454,tool,-0.0012950636407615492,0.0018703734159484851,0.001678406179799072,309.07532954975517,-165.65645749567915,950.21051929285159,2,4.9441886482495812e-07
1,196,0.61102849657310454,support,-0.0028435911129113616,0.0076723945414397905,-0.005000000000000001,-67.649568597665123,308.5350383027025,-635.7785216112253,2,5.0276754492463438e-07
1,197,0.6130820351925591,tool,-0.0014806594568713429,0.0018054934862678255,0.0016676092696986081,241.20111189480747,-130.52285778489409,889.79381315725357,2,5.080443278553809e-07
1,197,0.6130820351925591,support,-0.0032706466608147444,0.0075378574228194854,-0.0050000000000000001,205.30977847862795,269.9589502147565,-605.98133858329265,1,4.9356503835449456e-07
1,198,0.61513557381201367,tool,-0.0016662552729811363,0.0017406135565871659,0.0016568123595981439,203.61534234697075,-148.61529110030222,923.59969992517438,3,5.0859881059982237e-07
1,198,0.61513557381201367,support,-0.0036977022087181276,0.0074033203041991803,-0.0050000000000000001,141.87790318821865,269.81298420502856,-672.41652106357958,1,5.2473297756667342e-07
1,199,0.61643126335598786,tool,-0.0017833577983783395,0.0016996772694851784,0.00165,189.52414278117101,-1.0417188257244874,1014.9733594096535,3,4.7756037672899015e-07
1,199,0.61643126335598786,support,-0.0039671548515233307,0.0073184334965096104,-0.0050000000000000001,91.940967684162402,255.47452981446673,-681.33467584451773,1,5.21287263326696e-07
1,200,0.61848480197544242,tool,-0.0019516224357949193,0.0015979979435244464,0.0016390404394347297,130.88183402556734,190.1691493144329,1014.5693008318271,2,4.1281894452242091e-07
1,200,0.61848480197544242,support,-0.0044093727953825679,0.0070716939732216287,-0.005000000000000001,3.713954513690247,217.60929537408214,-663.87012650354973,1,4.9654857654009982e-07
1,201,0.62053834059489699,tool,-0.0021198870732114989,0.0014963186175637137,0.001628080878869459,86.21008244458335,225.49404385695095,1038.108540082485,2,4.4040195431270523e-07
1,201,0.62053834059489699,support,-0.0048515907392418043,0.0068249544499336453,-0.0050000000000000001,-75.213410898304716,385.08864862944142,-684.03574917305923,2,2.9429957962637254e-07
1,202,0.62259187921435155,tool,-0.0022881517106280785,0.0013946392916029814,0.0016171213183041886,181.17537950108252,217.36811381738571,1046.4800837351488,3,4.5991908646531715e-07
1,202,0.62259187921435155,support,-0.0052938086831010416,0.0065782149266456627,-0.0050000000000000001,-45.281198198119512,465.63511291547314,-731.5290881554904,2,4.4867987440602025e-07
1,203,0.62464541783380612,tool,-0.0024564163480446581,0.0012929599656422491,0.0016061617577389181,347.08842947858824,69.489524740502617,1170.7357730079671,3,4.3063239764211392e-07
1,203,0.62464541783380612,support,-0.0057360266269602779,0.0063314754033576802,-0.0050000000000000001,-45.205642029279886,339.65051377443581,-886.37684567758333,2,4.0333602869830482e-07
1,204,0.62579997210678384,tool,-0.0025510192224585614,0.001235793132182531,0.0016000000000000001,263.57518210036909,139.8554974699949,1072.8478059768186,2,4.3651233224382968e-07
1,204,0.62579997210678384,support,-0.0059846533690303717,0.0061927518516183451,-0.0050000000000000001,95.498090188257066,251.46601331232893,-808.78856191013188,2,3.6717894296312698e-07
1,205,0.62682674141651118,tool,-0.0026173429451954141,0.0011632671978059487,0.0015941605633605753,221.03134682573162,138.41836287268168,1057.6186872721605,2,4.2168348509362408e-07
1,205,0.62682674141651118,support,-0.0062242477382596544,0.005942757209132888,-0.0050000000000000001,35.820394411881324,390.47480812301978,-722.78796871605152,2,5.1077827229427386e-07
1,206,0.62785351072623841,tool,-0.0026836666679322593,0.0010907412634293741,0.0015883211267211513,194.13868155836087,121.99310884159509,1052.0260303359225,2,4.1205187108466629e-07
1,206,0.62785351072623841,support,-0.006463842107488911,0.0056927625666474578,-0.0049999999999999992,-13.626539743619936,382.2189263018011,-689.1391602523388,1,5.6017461682461578e-07
1,207,0.62888028003596563,tool,-0.0027499903906691046,0.0010182153290527996,0.0015824816900817272,280.58998555340366,183.90921343636612,1123.0021936061089,3,3.4087830202370745e-07
1,207,0.62888028003596563,support,-0.0067034364767181668,0.0054427679241620276,-0.0050000000000000001,-64.372406778719721,342.43592903667457,-714.06395629482824,1,5.6471189836208163e-07
1,208,0.62990704934569286,tool,-0.0028163141134059499,0.00094568939467622507,0.0015766422534423032,299.62172902078061,197.70661279496503,1129.3158982421505,3,3.4842797337186066e-07
1,208,0.62990704934569286,support,-0.0069430308459474234,0.0051927732816765965,-0.0050000000000000001,-113.11444415774946,292.26714795260261,-716.15411731872371,1,5.5560284886128214e-07
1,209,0.63093381865542009,tool,-0.0028826378361427952,0.00087316346029965076,0.0015708028168028793,290.88858515772358,207.88635854562835,1105.7829925264996,3,4.1704315945512854e-07
1,209,0.63093381865542009,support,-0.0071826252151766801,0.0049427786391911671,-0.0050000000000000001,-156.05848543436181,236.41479870439122,-697.16036935250531,1,5.3484313351608026e-07
1,210,0.63196058796514731,tool,-0.0029489615588796404,0.00080063752592307623,0.0015649633801634553,218.52057285602712,260.50502703425889,942.94375282121086,3,4.8387333056749277e-07
1,210,0.63196058796514731,support,-0.0074222195844059376,0.0046927839967057369,-0.0050000000000000001,14.004350428979009,150.79476146434996,-580.61189178970824,2,2.6282942564882783e-07
1,211,0.63298735727487454,tool,-0.0030152852816164861,0.00072811159154650181,0.0015591239435240312,252.3646935576561,228.7363874628997,1037.5297899445318,3,5.171611688562644e-07
1,211,0.63298735727487454,support,-0.0076618139536351933,0.0044427893542203067,-0.005000000000000001,7.6860255830569884,291.85537647322485,-749.93796711840355,2,3.9610912466996745e-07
1,212,0.63401412658460177,tool,-0.0030816090043533318,0.0006555856571699274,0.0015532845068846072,275.7364644325823,177.80972512109949,1098.9917751314727,3,5.2182378746865044e-07
1,212,0.63401412658460177,support,-0.0079014083228644508,0.0041927947117348765,-0.0050000000000000001,-123.55166831850698,363.25308495456642,-867.18519132965196,2,3.6127547642979957e-07
1,213,0.63459165333503076,tool,-0.0031189140968465416,0.00061479200780242067,0.0015499999999999999,270.10108246609491,169.8143717814807,1083.6977715853241,3,5.3458669467109504e-07
1,213,0.63459165333503076,support,-0.0080361729249724123,0.0040521802697843041,-0.0050000000000000001,-174.35873259492982,347.01212470404971,-871.48358102383941,2,3.8638791790071569e-07
1,214,0.63536173031732623,tool,-0.0031397393334628692,0.00054419190041979295,0.0015441504963073979,624.11782739019088,1.4990502428720021,1446.245153999675,4,4.7725304930853335e-07
1,214,0.63536173031732623,support,-0.0081865356907789583,0.0035885636316085098,-0.0050000000000000001,-517.87920635709281,775.8897356929142,-1250.5769343857023,2,8.1292924553316021e-07
1,215,0.63613180729962171,tool,-0.0031605645700791968,0.00047359179303716511,0.0015383009926147957,792.51851559675197,-78.402763935366011,1649.4142081341238,4,7.0517408792911823e-07
1,215,0.63613180729962171,support,-0.0083368984565855026,0.0031249469934327145,-0.0050000000000000001,-614.08711385377887,684.49536488064666,-1486.2533009940835,2,8.3831081258353701e-07
1,216,0.63690188428191719,tool,-0.0031813898066955244,0.00040299168565453733,0.001532451488922194,733.96906197335886,-23.537440177497846,1592.7791913512172,4,6.8083654405654698e-07
1,216,0.63690188428191719,support,-0.0084872612223920486,0.0026613303552569202,-0.0050000000000000001,-572.24693403362744,444.60037041856043,-1437.5286332999158,2,6.8490950295464759e-07
1,217,0.63767196126421266,tool,-0.0032022150433118519,0.0003323915782719096,0.001526601985229592,83.452455361714257,196.22409485784462,913.34376257448571,2,4.6563043361834422e-07
1,217,0.63767196126421266,support,-0.0086376239881985929,0.0021977137170811258,-0.0050000000000000001,-75.043030842973195,107.45976953001187,-704.24380074056967,1,5.0912981550653436e-07
1,218,0.63844203824650814,tool,-0.0032230402799281795,0.00026179147088928187,0.0015207524815369902,94.119668834554147,176.99868650650558,901.89013478932816,3,4.7632795668883787e-07
1,218,0.63844203824650814,support,-0.0087879867540051407,0.0017340970789053315,-0.0050000000000000001,-93.750649386042113,200.11445604052344,-651.21375940815346,2,2.5893007379873545e-07
1,219,0.63921211522880361,tool,-0.0032438655165445071,0.00019119136350665412,0.001514902977844388,647.50716556533314,291.21884408010391,1387.6748676011532,3,5.7968479842077786e-07
1,219,0.63921211522880361,support,-0.008938349519811685,0.0012704804407295369,-0.0050000000000000001,-647.22909900180309,673.68385121490655,-1210.0508233853502,2,6.1557588651797723e-07
1,220,0.63998219221109909,tool,-0.0032646907531608351,0.00012059125612402636,0.001509053474151786,775.53113159176849,296.91967149508906,1504.1782773576974,3,7.2386974408859828e-07
1,220,0.63998219221109909,support,-0.009088712285618231,0.00080686380255374243,-0.0050000000000000001,-826.53307496267735,561.18719094390713,-1367.9857111652009,2,7.2739512620417085e-07
1,221,0.64075226919339456,tool,-0.0032855159897771623,4.9991148741398582e-05,0.0015032039704591842,693.70974933632567,230.88262393027424,1319.7351775345555,3,6.2488378396903521e-07
1,221,0.64075226919339456,support,-0.009239075051424777,0.00034324716437794781,-0.0050000000000000001,-599.25690970645587,276.41245238709189,-1137.1131031515188,2,5.5883965731536034e-07
1,222,0.6411740663290546,tool,-0.0032969226742465851,1.1321088791655015e-05,0.0015,402.47206925143155,142.77865343006411,919.42079723153154,3,3.4441857748885446e-07
1,222,0.6411740663290546,support,-0.0093214338095557753,8.9308695208309858e-05,-0.0050000000000000001,-201.68259395541074,98.571402318029698,-706.11673870084746,1,5.2661678361185654e-07
1,223,0.64194414331135008,tool,-0.0032654082241665634,-5.519140803162858e-05,0.0014940662374077654,777.5054886842488,221.38215581434724,1670.527538995085,3,8.4782354215721251e-07
1,223,0.64194414331135008,support,-0.0091583455400923112,-0.00039390288337336633,-0.0050014517969188465,-1217.6873711460767,48.146385062232106,-1536.6907893916471,2,9.9414413402658386e-07
1,224,0.64271422029364556,tool,-0.0032338937740865421,-0.00012170390485491217,0.0014881324748155309,647.45566191824867,173.35800440236596,1596.962309541281,3,7.6614892122704725e-07
1,224,0.64271422029364556,support,-0.0089952572706288453,-0.0008771144619550426,-0.0050029035938376921,-1125.317786129679,115.99246877253056,-1487.7742467367116,2,9.6128014460353933e-07
1,225,0.64348429727594103,tool,-0.0032023793240065204,-0.00018821640167819578,0.0014821987122232961,21.060240594578062,70.856716882149229,981.78321913621335,3,3.7545142959026501e-07
1,225,0.64348429727594103,support,-0.0088321690011653811,-0.0013603260405367185,-0.0050043553907565376,-312.88066474291281,268.18345319602292,-842.93234402412702,2,5.1592740567870526e-07
1,226,0.64386933576708882,tool,-0.0031866220989665074,-0.00022147265008984237,0.0014792318309271785,86.17164423086669,79.393463905307598,1129.7739681808955,3,3.9824274020335004e-07
1,226,0.64386933576708882,support,-0.0087506248664336369,-0.0016019318298275916,-0.0050050812892159608,-521.47405209926774,275.25180369769885,-992.78085013749615,2,4.4545659147205569e-07
1,227,0.64425437425823651,tool,-0.0031708648739264987,-0.00025472889850147935,0.0014762649496310616,375.89044942144318,405.59013896084673,1469.9272082090881,5,3.789208098958774e-07
1,227,0.64425437425823651,support,-0.008669080731701917,-0.0018435376191183951,-0.0050058071876753832,-776.0125270334679,291.78599426117177,-1327.8173178625921,2,7.4438885249404618e-07
1,228,0.64463941274938419,tool,-0.0031551076488864904,-0.00028798514691311643,0.0014732980683349447,535.84012758494384,583.5852841572746,1583.1008803514421,5,6.0736828734562348e-07
1,228,0.64463941274938419,support,-0.0085875365969701953,-0.0020851434084091986,-0.0050065330861348064,-876.76367282835793,225.68345207667886,-1442.1941516291949,2,8.9315077509560803e-07
1,229,0.64502445124053187,tool,-0.0031393504238464813,-0.0003212413953247534,0.0014703311870388279,588.09494636536169,679.53714553799955,1580.0201964418568,5,7.1090100433289505e-07
1,229,0.64502445124053187,support,-0.0085059924622384736,-0.0023267491977000017,-0.0050072589845942296,-909.72301088627023,131.56724363346967,-1425.3958790222578,2,9.7950828082272318e-07
1,230,0.64540948973167955,tool,-0.003123593198806473,-0.00035449764373639042,0.0014673643057427112,566.62004093462656,733.43878841348396,1490.0370193538124,4,7.4697557052479102e-07
1,230,0.64540948973167955,support,-0.0084244483275067537,-0.0025683549869908052,-0.0050079848830536519,-899.06838823496958,35.899995718058946,-1298.016588588205,2,1.0239041769166679e-06
1,231,0.64579452822282724,tool,-0.0031078359737664648,-0.00038775389214802734,0.0014643974244465941,566.18021208461482,752.29115344855256,1412.1643773679104,3,7.4238087732509533e-07
1,231,0.64579452822282724,support,-0.0083429041927750337,-0.0028099607762816078,-0.0050087107815130743,-872.3128524969535,-48.039004721006222,-1171.5980062897077,1,1.0387227308440022e-06
1,232,0.64617956671397492,tool,-0.0030920787487264561,-0.00042101014055966437,0.0014614305431504772,617.36694162874016,795.37151238782178,1443.9254888058529,3,7.6732339602831462e-07
1,232,0.64617956671397492,support,-0.0082613600580433121,-0.0030515665655724117,-0.0050094366799724975,-850.48547852112983,-138.39875013031602,-1179.761948586965,1,1.038343008133262e-06
1,233,0.6465646052051226,tool,-0.0030763215236864479,-0.00045426638897130139,0.0014584636618543603,594.57461448372078,766.28211973668544,1379.908992066835,3,6.8552191725187311e-07
1,233,0.6465646052051226,support,-0.0081798159233115921,-0.0032931723548632144,-0.0050101625784319207,-751.07958713413575,-208.49742225487299,-1080.1207260273297,1,9.4671441710700299e-07
1,234,0.64694964369627028,tool,-0.0030605642986464392,-0.00048752263738293837,0.0014554967805582434,208.25273335649214,435.06195224374244,996.39837049965035,3,3.981494173460956e-07
1,234,0.64694964369627028,support,-0.0080982717885798722,-0.0035347781441540183,-0.0050108884768913431,-459.45123797748124,118.44248454636408,-719.20646474035061,2,4.6740194701612447e-07
1,235,0.64733468218741796,tool,-0.0030448070736064305,-0.00052077888579457534,0.0014525298992621265,149.7873064068566,378.6836478483466,949.949301089507,3,4.007551638223264e-07
1,235,0.64733468218741796,support,-0.0080167276538481505,-0.0037763839334448209,-0.0050116143753507663,-398.58372283874655,156.70970439967908,-665.62127191697368,1,5.6255423087556156e-07
1,236,0.64766300964558754,tool,-0.0030313706775989269,-0.00054913693248414847,0.0014499999999999999,186.65546978924343,406.88223400178765,1006.7406816890714,3,4.2361284328766569e-07
1,236,0.64766300964558754,support,-0.0079471938822885842,-0.0039824044132167457,-0.0050122333586512698,-413.65257912944065,124.59669093773155,-718.49287372132801,1,5.9586403726007847e-07
1,237,0.64804804813673522,tool,-0.0030030314722071056,-0.00057268579798120723,0.0014476738539244513,105.40728745424133,347.65436200843868,1041.113701709261,3,4.3815252869904703e-07
1,237,0.64804804813673522,support,-0.0078504071137356097,-0.0040763252943278334,-0.0050116642270669207,-440.15373636968718,89.078570406444456,-738.58310487854203,1,6.1435943529784126e-07
1,238,0.6484330866278829,tool,-0.0029746922668152853,-0.0005962346634782661,0.001445347707848903,67.252441857466522,317.38868992424869,1065.0912097139358,3,4.4875941569277183e-07
1,238,0.6484330866278829,support,-0.0077536203451826343,-0.0041702461754389211,-0.0050110950954825725,-429.10677903294845,68.642910294185512,-758.22077025042563,1,6.2113350933912931e-07
1,239,0.64881812511903059,tool,-0.0029463530614234641,-0.00061978352897532497,0.0014430215617733545,40.180672704017098,292.80526076614206,1076.6577191978606,3,4.5710439245186252e-07
1,239,0.64881812511903059,support,-0.007656833576629659,-0.0042641670565500087,-0.0050105259638982234,-412.99867835679339,47.737396487484027,-771.43887045978522,1,6.2284775850188906e-07
1,240,0.64920316361017827,tool,-0.0029180138560316433,-0.00064333239447238373,0.0014406954156978059,-11.126553957176597,293.44233046853213,1103.4675436876064,4,4.5122028353734162e-07
1,240,0.64920316361017827,support,-0.0075600468080766845,-0.0043580879376610964,-0.0050099568323138761,-393.98244683357251,26.733893024285457,-780.1236158595899,1,6.2145325247734556e-07
1,241,0.64958820210132595,tool,-0.0028896746506398225,-0.00066688125996944249,0.0014383692696222574,-84.620959860771933,325.59365971521805,1137.9245070517836,3,4.1701391512334596e-07
1,241,0.64958820210132595,support,-0.0074632600395237092,-0.0044520088187721841,-0.0050093877007295262,-372.56072476020688,5.5242792334261495,-783.21570863186639,1,6.1644584897248278e-07
1,242,0.64997324059247363,tool,-0.0028613354452480017,-0.00069043012546650135,0.001436043123546709,-110.88889136055799,348.79156728138071,1164.3064776076442,3,3.8086867651734857e-07
1,242,0.64997324059247363,support,-0.0073664732709707347,-0.0045459296998832718,-0.0050088185691451789,-354.07825054388218,-16.125142784556651,-790.53498373097386,1,6.1575635127743278e-07
1,243,0.65035827908362132,tool,-0.00283299623985618,-0.00071397899096356011,0.0014337169774711602,-126.06293270877414,358.01704692702435,1175.4512894799686,3,3.5235398279567093e-07
1,243,0.65035827908362132,support,-0.0072696865024177593,-0.0046398505809943594,-0.0050082494375608298,-333.9303700387635,-37.555485772699903,-794.15905959317649,1,6.1289129854071034e-07
1,244,0.650743317574769,tool,-0.0028046570344643596,-0.00073752785646061898,0.0014313908313956119,-135.03483563081147,360.03636070732358,1177.6013637821129,3,3.7309177296912521e-07
1,244,0.650743317574769,support,-0.0071728997338647849,-0.004733771462105448,-0.0050076803059764816,-312.82744387577696,-58.593574176573576,-795.06389124846771,1,6.0867840088844882e-07
1,245,0.65132087531149063,tool,-0.00276214822637662,-0.00077285115470621395,0.0014279016122822883,-143.56360850833619,355.54643941083617,1171.1323024958676,3,4.1646076048840186e-07
1,245,0.65132087531149063,support,-0.0070277195810352945,-0.0048746527837721064,-0.0050068266085999576,-280.16398843990561,-89.219520378682688,-792.24718456442019,1,6.0061074891662458e-07
1,246,0.65189843304821227,tool,-0.0027196394182888804,-0.00080817445295180892,0.0014244123931689652,-153.22232413456953,343.95288413800887,1154.9265625680337,3,4.5327494865073786e-07
1,246,0.65189843304821227,support,-0.0068825394282058042,-0.0050155341054387657,-0.0050059729112234353,-246.12309550259721,-118.05002177317185,-782.52573718308179,1,5.8904035230272073e-07
1,247,0.65276476965329466,tool,-0.002655876206157275,-0.00086115940032019812,0.0014191785644989802,-132.7624442630044,375.42449917426222,1186.4806653405758,3,5.0895997854953634e-07
1,247,0.65276476965329466,support,-0.0066647691989615825,-0.0052268560879387398,-0.0050046923651586505,-584.5203428872444,-187.13849441804621,-836.05135779190095,2,5.0170334676188227e-07
1,248,0.65363110625837706,tool,-0.0025921129940256701,-0.0009141443476885871,0.0014139447358289955,-134.72525834761328,331.98627330578876,1065.5963403561593,3,5.1959588144405433e-07
1,248,0.65363110625837706,support,-0.0064469989697173609,-0.005438178070438714,-0.0050034118190938667,-593.32181491064682,-160.0208542569888,-746.34639860819243,2,6.069006888544462e-07
1,249,0.65449744286345946,tool,-0.0025283497818940652,-0.0009671292950569762,0.0014087109071590108,-116.04466727836771,334.85607596222394,1131.4976622097263,3,5.376396422108326e-07
1,249,0.65449744286345946,support,-0.0062292287404731393,-0.0056495000529386882,-0.0050021312730290819,-556.6588658895206,-189.63696315646848,-894.17514193286684,2,5.9213398976264153e-07
1,250,0.65536377946854185,tool,-0.0024645865697624594,-0.0010201142424253655,0.0014034770784890258,-36.944283500778091,549.06370669799321,1289.1407404824595,4,5.5103991597211383e-07
1,250,0.65536377946854185,support,-0.0060114585112289176,-0.0058608220354386632,-0.0050008507269642972,-607.65669594081271,-306.47484567786427,-1095.9259969549089,2,7.1864390696098346e-07
1,251,0.65593932761192353,tool,-0.0024222256696883977,-0.0010553146344048222,0.0014000000000000002,46.141563515500152,778.91056836718212,1404.1769357871854,4,5.4691974219877454e-07
1,251,0.65593932761192353,support,-0.005866783508014211,-0.0060012131651336013,-0.0050000000000000001,-642.57439828925999,-403.94906107883662,-1232.208917894357,3,8.1425432956264143e-07
1,252,0.65680566421700592,tool,-0.0023463126562263867,-0.0010886823438990248,0.0013950649030663011,86.457903410494282,851.57468133811199,1506.4673184695935,4,6.3572905356981679e-07
1,252,0.65680566421700592,support,-0.0056645224714586776,-0.0061019241121346365,-0.0050015653287050054,-867.21364137133969,-465.00421383367257,-1346.1405071577415,2,8.1754186145692465e-07
1,253,0.65767200082208832,tool,-0.0022703996427643762,-0.0011220500533932272,0.0013901298061326018,104.65159238608025,855.56158793838551,1527.7047431833112,3,6.8393452467858246e-07
1,253,0.65767200082208832,support,-0.0054622614349031451,-0.0062026350591356709,-0.0050031306574100107,-796.4022065521558,-477.79759763891775,-1400.4286382913833,2,7.6847037433578486e-07
1,254,0.65853833742717072,tool,-0.0021944866293023657,-0.0011554177628874296,0.0013851947091989027,138.13049341273157,848.62721124671384,1523.1064432964868,3,6.7758287329404421e-07
1,254,0.65853833742717072,support,-0.0052600003983476118,-0.0063033460061367053,-0.005004695986115016,-703.5611621052301,-485.68242353251611,-1417.1749501270597,2,7.158563934865983e-07
1,255,0.65940467403225311,tool,-0.0021185736158403547,-0.0011887854723816322,0.0013802596122652036,142.87230624842965,777.4200637129012,1442.3979015945267,3,6.0117154893502694e-07
1,255,0.65940467403225311,support,-0.0050577393617920793,-0.0064040569531377406,-0.0050062613148200204,-574.55671917594032,-444.13221759433691,-1352.0766576181381,2,5.9582436163965052e-07
1,256,0.66027101063733551,tool,-0.0020426606023783442,-0.0012221531818758348,0.0013753245153315045,-3.4175190290703421,389.09520505093286,995.98102647007624,3,5.6250633951020895e-07
1,256,0.66027101063733551,support,-0.0048554783252365468,-0.0065047679001387759,-0.0050078266435250257,-308.28976858594785,-157.68548295773098,-912.84701153306492,2,5.5168807347547727e-07
1,257,0.66113734724241791,tool,-0.0019667475889163337,-0.0012555208913700372,0.0013703894183978052,-69.039875851240808,220.22714690250123,796.09181118724734,3,5.6938235472227955e-07
1,257,0.66113734724241791,support,-0.0046532172886810143,-0.0066054788471398103,-0.005009391972230031,-196.92271825196138,-59.264373056780741,-737.21484725777236,1,5.4397290694205985e-07
1,258,0.6620036838475003,tool,-0.0018908345754543227,-0.0012888886008642398,0.0013654543214641061,-63.192684368925349,202.11175326112283,786.48449045461052,1,5.788940942372256e-07
1,258,0.6620036838475003,support,-0.0044509562521254809,-0.0067061897941408455,-0.0050109573009350355,-157.78667571491022,-79.023981783446246,-737.67333589506097,1,5.3908809160424509e-07
1,259,0.66330318875512395,tool,-0.0017769650552613018,-0.0013389401651055456,0.001358051676063557,-51.389272043683931,337.47460193930823,888.5122142273666,2,5.2634535387206111e-07
1,259,0.66330318875512395,support,-0.0041475646972921687,-0.0068572562146424036,-0.0050133052939925439,-104.23256899068812,-112.55834472226782,-770.49379237379821,1,5.5837028572515435e-07
1,260,0.6646026936627476,tool,-0.001663095535068281,-0.0013889917293468516,0.0013506490306630081,-208.46854815838702,495.38424853155936,1015.3723770727407,3,3.5578034078206922e-07
1,260,0.6646026936627476,support,-0.0038441731424588561,-0.0070083226351439626,-0.0050156532870500514,-383.59309855728389,-148.99311236640403,-798.22952794082585,2,4.8446475993564608e-07
1,261,0.66471662840987389,tool,-0.0016531119675477026,-0.0013933800254445836,0.0013500000000000001,-224.15116316246531,489.60064719087194,995.28794223959903,3,3.4848602531098449e-07
1,261,0.66471662840987389,support,-0.0038175731351196029,-0.0070215674596291527,-0.0050158591485236726,-393.53505552288271,-144.13942888508439,-765.76048224986675,2,5.0978966283435345e-07
1,262,0.66601613331749754,tool,-0.0015314315611691389,-0.0014191429635246678,0.0013424916316056286,-289.57028413367522,768.0710192576671,1454.5224405761128,3,6.400433453139856e-07
1,262,0.66601613331749754,support,-0.0035290945615466278,-0.0070937061555371396,-0.0050175549690880126,-837.96069778837341,-780.19717926666476,-1232.8864677521476,2,6.9462985382174464e-07
1,263,0.66731563822512119,tool,-0.0014097511547905754,-0.001444905901604752,0.0013349832632112571,-271.81653263109581,822.56288184369782,1549.1869575236374,3,7.2280221645286413e-07
1,263,0.66731563822512119,support,-0.0032406159879736531,-0.0071658448514451273,-0.0050192507896523533,-807.66897270875393,-954.86296874080836,-1374.3577082342636,2,8.2579196012972506e-07
1,264,0.66861514313274484,tool,-0.0012880707484120119,-0.0014706688396848365,0.0013274748948168859,-256.31949106632356,838.54786316906336,1571.0342800257376,3,7.6034508372097021e-07
1,264,0.66861514313274484,support,-0.0029521374144006779,-0.0072379835473531141,-0.005020946610216695,-695.69732639399433,-1033.8471642916911,-1429.9782848147595,2,8.5447923547313925e-07
1,265,0.66991464804036849,tool,-0.0011663903420334482,-0.0014964317777649209,0.0013199665264225146,-255.56693497228719,792.15138246931872,1500.3819175490005,3,7.3433115617502903e-07
1,265,0.66991464804036849,support,-0.0026636588408277028,-0.0073101222432611001,-0.0050226424307810349,-529.38747570669591,-1000.4447169382368,-1388.3732357719698,2,7.7337338310039944e-07
1,266,0.67121415294799214,tool,-0.0010447099356548845,-0.0015221947158450052,0.0013124581580281429,-318.74452096274001,375.66847988977378,1201.7629990054709,3,5.8104201416508267e-07
1,266,0.67121415294799214,support,-0.0023751802672547281,-0.0073822609391690878,-0.0050243382513453757,-261.52123167090144,-563.38236956434434,-1001.5700782491461,2,5.4846384380056318e-07
1,267,0.67251365785561579,tool,-0.00092302952927632103,-0.0015479576539250896,0.0013049497896337717,-369.60726662121738,32.389795944037502,957.97993428785696,2,5.7580430367493163e-07
1,267,0.67251365785561579,support,-0.0020867016936817529,-0.0074543996350770747,-0.0050260340719097156,-102.21138451669363,-224.9698941386346,-665.49283116399533,1,5.0454557773329384e-07
1,268,0.67337033877255281,tool,-0.00084281337811127513,-0.0015649415200790066,0.0012999999999999999,-359.28675038089011,15.996358842913665,995.13786452518889,2,5.739964010669299e-07
1,268,0.67337033877255281,support,-0.0018965261218348525,-0.0075019560881497346,-0.0050271520185273064,-65.352832940606731,-223.57949782314535,-636.71165716931159,1,4.818699887894351e-07
1,269,0.67466984368017646,tool,-0.0007184471866960836,-0.0015673969717398565,0.0012927029416243336,-333.72947935862811,-47.856286699962496,1023.5328268644801,2,5.2293895932541828e-07
1,269,0.67466984368017646,support,-0.0016167121209294296,-0.0075184010961181005,-0.0050375325068692254,-328.32592976324719,-235.86328928266778,-596.0308681616325,2,4.5315806676115428e-07
1,270,0.67596934858780011,tool,-0.00059408099528089208,-0.0015698524234007069,0.0012854058832486674,-361.971875660715,96.185557506501681,1185.7758360226242,3,4.3360898777013851e-07
1,270,0.67596934858780011,support,-0.0013368981200240072,-0.0075348461040864673,-0.0050479129952111451,-372.21079055902419,-274.41982730280614,-678.9870850482032,1,5.8387721005997983e-07
1,271,0.67726885349542376,tool,-0.00046971480386570066,-0.0015723078750615571,0.0012781088248730015,-349.02499319779838,151.98711522884645,1278.3053272053817,3,3.8948787760371278e-07
1,271,0.67726885349542376,support,-0.0010570841191185848,-0.0075512911120548341,-0.0050582934835530641,-335.30723711518192,-298.7792258049061,-731.34650808693596,1,6.099828261966686e-07
1,272,0.67856835840304741,tool,-0.00034534861245050919,-0.0015747633267224072,0.0012708117664973349,-383.18727589031528,345.07073075701817,1560.188180451953,3,5.1997366609570633e-07
1,272,0.67856835840304741,support,-0.00077727011821316218,-0.0075677361200232,-0.0050686739718949839,-429.40125837736463,-662.61267257667828,-1006.1337441238347,2,6.0906337865079124e-07
1,273,0.67986786331067106,tool,-0.00022098242103531761,-0.0015772187783832574,0.0012635147081216688,-374.97315800667081,498.40242535682057,1737.07243214698,3,6.8971355116510119e-07
1,273,0.67986786331067106,support,-0.00049745611730773944,-0.0075841811279915676,-0.0050790544602369028,-462.39498383262656,-1060.1130528669478,-1264.3313207108579,2,6.9036194608011747e-07
1,274,0.68116736821829471,tool,-9.6616229620126161e-05,-0.0015796742300441076,0.0012562176497460027,-324.91024117511864,551.21241687491113,1785.036455669695,3,7.5478930653110482e-07
1,274,0.68116736821829471,support,-0.00021764211640231697,-0.0076006261359599335,-0.0050894349485788217,-365.86608401296826,-1186.0132738129307,-1342.9390706543682,2,7.8975871645181606e-07
1,275,0.68227464541724925,tool,9.3532417277563436e-06,-0.0015817664619558486,0.00125,-274.98232889276733,576.3949278529476,1812.913913496116,3,7.8057023081105903e-07
1,275,0.68227464541724925,support,2.0780733202302719e-05,-0.0076146385358001898,-0.005098279915602486,-254.65357111819179,-1210.2851118827225,-1356.0700232494196,2,7.9866745824556246e-07
1,276,0.6835741503248729,tool,0.00013227444054759969,-0.0015628819943881813,0.0012422552187703784,-208.48694768354346,540.01777061369671,1829.3021502452564,3,7.8024529085937711e-07
1,276,0.6835741503248729,support,0.00029933182964322734,-0.0075814674277189138,-0.0051028816755840116,-128.66079870929849,-1333.3001253009293,-1399.717009703144,2,9.0623122114656673e-07
1,277,0.68487365523249655,tool,0.00025519563936744305,-0.0015439975268205137,0.0012345104375407565,-121.13474652592558,345.29005803146606,1641.9220293513649,3,5.6032958774526048e-07
1,277,0.68487365523249655,support,0.00057788292608415201,-0.0075482963196376388,-0.0051074834355655371,-183.97413418865023,-1150.9420201657804,-1211.7715760837937,3,7.8875537656755007e-07
1,278,0.6861731601401202,tool,0.00037811683818728635,-0.0015251130592528464,0.0012267656563111347,-23.784199813340994,-123.81049032259632,1032.768945940255,3,3.7689260123235924e-07
1,278,0.6861731601401202,support,0.00085643402252507652,-0.0075151252115563619,-0.0051120851955470618,-291.76793414588769,-253.07298986025097,-613.96150415800093,1,5.1553125642294501e-07
1,279,0.68747266504774385,tool,0.00050103803700712966,-0.0015062285916851788,0.0012190208750815128,-203.95590814671655,-87.566704078158537,1089.2007671011456,4,3.1623992960937153e-07
1,279,0.68747266504774385,support,0.0011349851189660014,-0.0074819541034750851,-0.0051166869555285873,-264.76297763200904,-270.37603110475294,-682.81714632711942,1,5.5485234740342698e-07
1,280,0.6887721699553675,tool,0.00062395923582697296,-0.0014873441241175112,0.0012112760938518912,-285.93225846946734,-62.120593874799454,1040.3395907256167,3,4.6632910115362858e-07
1,280,0.6887721699553675,support,0.0014135362154069258,-0.0074487829953938101,-0.0051212887155101128,-210.61969652816697,-266.89019022438777,-693.63397055853773,1,5.4903022353881142e-07
1,281,0.69007167486299115,tool,0.00074688043464681637,-0.0014684596565498439,0.0012035313126222695,-460.4200449080638,-59.188608454856293,1035.4061049087993,4,4.9018639251569712e-07
1,281,0.69007167486299115,support,0.0016920873118478504,-0.0074156118873125341,-0.0051258904754916375,-157.04373677709202,-262.90944966452247,-702.33491106526162,1,5.4456778474185757e-07
1,282,0.69066419748524943,tool,0.00080292761894645338,-0.0014598490894196221,0.0012000000000000001,-678.61994701429899,199.56680642840686,1312.1309501445357,3,4.896675603102002e-07
1,282,0.69066419748524943,support,0.0018190955479290153,-0.0074004871795655871,-0.0051279886952638456,-214.47149355640346,-557.13565016434677,-967.09741100037036,2,5.6157378814855607e-07
1,283,0.69196370239287308,tool,0.000920145669330004,-0.0014182537735118166,0.001192517738996394,-792.76911798832373,413.22883786270211,1611.3867944407366,3,6.5611539191989809e-07
1,283,0.69196370239287308,support,0.0021105472671470189,-0.0073106336506350254,-0.0051369636458485314,-214.13922130091083,-1067.5284835927409,-1314.5087191170155,2,7.7668726290031076e-07
1,284,0.69326320730049673,tool,0.0010373637197135547,-0.0013766584576040111,0.001185035477992788,-783.1429971888748,502.68942635640144,1687.2851659274022,3,7.7019090075677171e-07
1,284,0.69326320730049673,support,0.0024019989863650233,-0.007220780121704462,-0.005145938596433218,-104.27869490578277,-1195.763377281764,-1393.7867899887829,2,9.4133930179061964e-07
1,285,0.69456271220812038,tool,0.0011545817700971055,-0.0013350631416962056,0.0011775532169891823,-743.04868368462644,547.93681037020224,1723.5537749967302,3,8.1609758141153871e-07
1,285,0.69456271220812038,support,0.0026934507055830269,-0.0071309265927739012,-0.0051549135470179046,26.961634557706539,-1248.1585146758837,-1381.0610340898672,2,1.0477621145395591e-06
1,286,0.69586221711574403,tool,0.0012717998204806562,-0.0012934678257884003,0.0011700709559855761,-644.73376459956114,486.66737141614715,1650.2829254414596,3,7.3674895122600309e-07
1,286,0.69586221711574403,support,0.0029849024248010309,-0.0070410730638433387,-0.0051638884976025912,144.81850506770971,-1200.3801528829754,-1197.9933044066863,2,1.0894680446257507e-06
1,287,0.69716172202336768,tool,0.0013890178708642067,-0.0012518725098805946,0.00116258869498197,-576.98689127057582,376.50574245334474,1688.3820069736298,3,6.1154267138457952e-07
1,287,0.69716172202336768,support,0.003276354144019035,-0.0069512195349127771,-0.005172863448187277,86.236803465533285,-1037.8110056427331,-1199.946092049468,2,9.1047835584345121e-07
1,288,0.69846122693099133,tool,0.0015062359212477574,-0.0012102771939727893,0.0011551064339783642,-295.96086734991161,-163.63374119106237,1088.9943774431104,3,4.8944683579948273e-07
1,288,0.69846122693099133,support,0.0035678058632370386,-0.0068613660059822154,-0.0051818383987719636,-139.70425275179912,-146.66775605114617,-602.34326924472361,1,4.5166791035663317e-07
1,289,0.69934810270452319,tool,0.0015862339639607405,-0.0011818895536071241,0.00115,-350.25388742694901,0.8514804150515829,1330.6674415432672,3,4.9266376241346305e-07
1,289,0.69934810270452319,support,0.0037667135144604049,-0.0068000434842223059,-0.0051879635516632744,-210.79714349051426,-481.61790290757426,-901.2819897479344,2,3.9926642010808255e-07
1,290,0.70064760761214684,tool,0.0016920366206055119,-0.0011165582348356172,0.0011420098494756932,-289.71696340608548,-27.106059365655653,1293.7536818352596,3,4.8948199621399319e-07
1,290,0.70064760761214684,support,0.0040802379137355885,-0.006624580030278493,-0.0051943526028629039,-136.1033330778863,-586.39921253373427,-896.83297853676083,2,5.8110057252029612e-07
1,291,0.70194711251977049,tool,0.0017978392772502836,-0.0010512269160641101,0.0011340196989513866,-218.9219689065236,-110.53180367967857,1157.6169057226971,3,4.8509425435317582e-07
1,291,0.70194711251977049,support,0.0043937623130107717,-0.0064491165763346809,-0.0052007416540625333,-52.305531045645381,-570.09433168446355,-743.21568904344463,2,6.4698094977538173e-07
1,292,0.70324661742739414,tool,0.0019036419338950552,-0.00098589559729260327,0.00112602954842708,-178.15398922281443,-129.27766026805949,1133.9935326235059,2,4.9737468046321537e-07
1,292,0.70324661742739414,support,0.0047072867122859557,-0.0062736531223908688,-0.0052071307052621637,22.990385031122258,-539.32561333695901,-736.17668839426779,1,6.4882379223214076e-07
1,293,0.70454612233501779,tool,0.0020094445905398271,-0.00092056427852109639,0.0011180393979027734,-303.93757449818673,35.824669934312141,1260.6273501755986,3,5.2647033190432457e-07
1,293,0.70454612233501779,support,0.0050208111115611388,-0.0060981896684470568,-0.0052135197564617932,113.99056717787562,-596.51783280967129,-886.37926399201092,1,7.636729601927586e-07
1,294,0.70584562724264144,tool,0.0021152472471845985,-0.00085523295974958963,0.0011100492473784668,-563.50888819165095,245.32243985270966,1377.0607257623019,4,5.5497844481111613e-07
1,294,0.70584562724264144,support,0.005334335510836322,-0.0059227262145032438,-0.0052199088076614227,223.13693082083429,-618.05419268928597,-1003.1769249323451,1,8.5233950495103294e-07
1,295,0.70714513215026509,tool,0.0022210499038293704,-0.00078990164097808265,0.00110205909685416,-376.86345456779202,-32.424054259450372,1161.1346388011789,3,5.2606722406468159e-07
1,295,0.70714513215026509,support,0.005647859910111506,-0.0057472627605594318,-0.005226297858861053,210.23780301891327,-373.28047824879025,-664.67957459065883,1,5.6204152692161669e-07
1,296,0.70748002026771839,tool,0.0022483157127520304,-0.00077306547343013534,0.0010999999999999998,-319.94153861816898,-81.60522228620755,1091.3082358827844,2,5.0556802457489558e-07
1,296,0.70748002026771839,support,0.005728656523677933,-0.0057020450584727572,-0.0052279443453929651,187.72669366653508,-301.88156932784284,-551.99171241696649,1,4.6664271917060129e-07
1,297,0.70877952517534204,tool,0.0023302424103972073,-0.00067970504725459386,0.0010900968233281429,-272.37390676070567,-99.938840519160124,1165.4889418055086,2,5.4826015849149257e-07
1,297,0.70877952517534204,support,0.0060978901850645851,-0.005294161414670308,-0.0052525061510182817,-54.712490506401032,-290.69127651103832,-698.55700532149126,1,5.3916932272503326e-07
1,298,0.71007903008296569,tool,0.0024121691080423841,-0.00058634462107905237,0.0010801936466562859,-272.40586439022997,-57.287246043707029,1211.0908562483946,2,5.5086746489699245e-07
1,298,0.71007903008296569,support,0.0064671238464512372,-0.0048862777708678596,-0.0052770679566435975,16.275226046122434,-230.17785655959477,-766.94685770123738,1,5.6923829313930419e-07
1,299,0.71137853499058934,tool,0.0024940958056875609,-0.00049298419490351078,0.0010702904699844292,-394.72409749504214,-64.126539444901482,1426.7275170628241,3,5.1443624226113482e-07
1,299,0.71137853499058934,support,0.0068363575078378876,-0.0044783941270654095,-0.0053016297622689133,124.83562668565187,-499.71762459202381,-965.14757915926714,3,3.8825617451263006e-07
1,300,0.71267803989821299,tool,0.0025760225033327373,-0.00039962376872796929,0.001060387293312572,-392.85072862414683,-136.60372298565022,1245.148025954381,3,4.3734721200290594e-07
1,300,0.71267803989821299,support,0.0072055911692245397,-0.0040705104832629603,-0.0053261915678942291,143.18833686140084,-534.58751581564445,-734.02629229359241,1,6.5337201016115593e-07
1,301,0.71397754480583664,tool,0.0026579492009779142,-0.00030626334255242781,0.0010504841166407153,-399.090427902653,-124.77286478565563,1262.4900929040207,3,5.0817574043151431e-07
1,301,0.71397754480583664,support,0.0075748248306111909,-0.0036626268394605115,-0.0053507533735195466,241.50712912482851,-461.50348515729155,-774.82964580087059,1,6.6357170652470848e-07
1,302,0.71404107108344606,tool,0.0026619541863440316,-0.0003016994195413125,0.0010500000000000002,-397.85713523876586,-126.33314406322263,1261.4535000299534,3,5.130495283950029e-07
1,302,0.71404107108344606,support,0.0075928748125222894,-0.0036426874537479038,-0.0053519540770133062,245.02302941001045,-455.7642528921964,-774.34381717414328,1,6.6193050504530226e-07
1,303,0.71490818193632455,tool,0.0026838079645097462,-0.00022255858614216408,0.0010368841588227996,-315.12677428448512,-140.08552087258855,1291.5102583371881,3,4.9103556380540592e-07
1,303,0.71490818193632455,support,0.0078876234651690368,-0.0026871492517171395,-0.005360319256189806,375.57606158910932,-269.83384609972092,-842.18051516457797,1,6.8287946213170525e-07
1,304,0.71577529278920304,tool,0.0027056617426754618,-0.00014341775274301569,0.001023768317645599,-200.04885506581061,-182.10120165376654,1042.9767818328851,2,4.5067875280389164e-07
1,304,0.71577529278920304,support,0.0081823721178157834,-0.0017316110496863753,-0.0053686844353663075,349.30068707155351,-463.23170597854516,-608.59652807759892,1,5.9760767652169977e-07
1,305,0.71664240364208154,tool,0.0027275155208411764,-6.4276919343867275e-05,0.0010106524764683987,-781.51351712242842,-240.96071498214519,1472.2921699815415,3,5.8789824684650493e-07
1,305,0.71664240364208154,support,0.00847712077046253,-0.00077607284765561101,-0.0053770496145428073,772.1442601403005,-512.48479529155043,-1152.6118511627187,1,1.051166615933033e-06
1,306,0.71734665721079949,tool,0.0027452648100030914,0,0.001,-1010.8215116062597,-269.88261729067244,1507.9613440823296,3,7.3429142370511069e-07
1,306,0.71734665721079949,support,0.0087165109128096076,0,-0.005383843679302185,820.44842191774637,-213.95962728051811,-1097.8803675733386,1,9.8592223495702624e-07
1,307,0.71888483337481035,tool,0.0026460225858380552,0.00010906194236263155,0.00099689737908407561,-946.71740114584622,-160.77176221843109,1643.1447473177041,3,8.3828215274514561e-07
1,307,0.71888483337481035,support,0.0082034654497873758,0.00085822946757163415,-0.0053988947212599715,957.02317304793519,133.60577981969169,-1417.2112693908382,1,1.2191291291832607e-06
1,308,0.72042300953882121,tool,0.002546780361673019,0.0002181238847252631,0.00099379475816815119,0.29434302536152757,-120.05139407923662,983.61924289840965,3,4.7282936651259211e-07
1,308,0.72042300953882121,support,0.0076904199867651448,0.0017164589351432683,-0.005413945763217758,399.12884569518121,-203.71786138349268,-822.60342706677386,1,6.6577914615596756e-07
1,309,0.72119209762082659,tool,0.0024971592495905046,0.00027265485590657499,0.00099224344771018909,-181.82002915446367,-438.19790365882312,1388.3009862809549,4,5.0827399954503361e-07
1,309,0.72119209762082659,support,0.007433897255254048,0.0021455736689290545,-0.0054214712841966512,916.50915054035409,-216.06473324192774,-1283.8240812011902,2,6.91358905026071e-07
1,310,0.72196118570283208,tool,0.0024475381375079828,0.00032718582708789467,0.00099069213725222678,-593.08904990185727,-761.08114476460912,1767.4985204243078,4,7.3911263015914025e-07
1,310,0.72196118570283208,support,0.007177374523742913,0.0025746884027149025,-0.0054289968051755445,1445.4672865637294,-116.66288797722405,-1822.9653775718029,2,9.9571273488342771e-07
1,311,0.7221534577233335,tool,0.0024351328594873489,0.00034081856988322855,0.00099030430963773625,-558.79489390954245,-784.71611591032206,1690.1409175235656,5,7.6655012265069294e-07
1,311,0.7221534577233335,support,0.007113243840865111,0.0026819670861613957,-0.0054308781854202695,1458.3608913788944,-65.851524850500468,-1773.5659141542583,2,1.0557155962799547e-06
1,312,0.72234572974383493,tool,0.0024227275814667146,0.00035445131267856244,0.00098991648202324551,-467.089144419837,-836.03054332561805,1614.3823659498896,5,7.7446002765945571e-07
1,312,0.72234572974383493,support,0.0070491131579873082,0.0027892457696078888,-0.0054327595656649928,1468.8719762896822,-18.841095045473111,-1697.4515404261658,2,1.1209501770900743e-06
1,313,0.72253800176433636,tool,0.0024103223034460811,0.00036808405547389628,0.00098952865440875477,-362.3518137263801,-813.81243509399371,1502.2578789081804,4,7.8826977046014129e-07
1,313,0.72253800176433636,support,0.006984982475109508,0.0028965244530543815,-0.005434640945909717,1465.5984899873649,24.345842562050017,-1584.0139765425092,2,1.1771262826672582e-06
1,314,0.72273027378483778,tool,0.0023979170254254467,0.00038171679826923017,0.00098914082679426403,-307.33579788468285,-793.42308765900884,1429.4989409463501,3,8.0029185383408835e-07
1,314,0.72273027378483778,support,0.0069208517922317052,0.0030038031365008746,-0.0054365223261544412,1474.2183389948682,66.903524314819066,-1506.9591735202921,2,1.2309195835833939e-06
1,315,0.72292254580533921,tool,0.0023855117474048133,0.00039534954106456406,0.0009887529991797735,-322.45281915403825,-812.90221982840865,1401.3612141916738,3,8.0956993422313245e-07
1,315,0.72292254580533921,support,0.0068567211093539023,0.0031110818199473682,-0.0054384037063991645,1493.2663698749991,113.19357805965502,-1472.3632151608344,2,1.2804468343266887e-06
1,316,0.72311481782584064,tool,0.0023731064693841789,0.00040898228385989789,0.00098836517156528276,-332.49569896874948,-822.25637962920541,1359.286537621671,3,8.1294767050217598e-07
1,316,0.72311481782584064,support,0.0067925904264761004,0.0032183605033938604,-0.0054402850866438895,1504.4596134614842,157.35900224997596,-1420.3020685162523,2,1.3243170403649113e-06
1,317,0.72330708984634207,tool,0.002360701191363545,0.00042261502665523178,0.00098797734395079202,-333.83361398707234,-822.50623340501272,1305.3291132880179,3,8.081160249445718e-07
1,317,0.72330708984634207,support,0.0067284597435982984,0.003325639186840354,-0.0054421664668886129,1507.1813172012414,198.72354821352647,-1352.4595241332772,2,1.3601815749848117e-06
1,318,0.72349936186684349,tool,0.0023482959133429111,0.00043624776945056556,0.00098758951633630128,-329.79704911164413,-813.67473404219129,1237.9060600444827,3,7.9394132653128058e-07
1,318,0.72349936186684349,support,0.0066643290607204964,0.0034329178702868462,-0.005444047847133337,1499.9264142796414,235.42911983342213,-1267.9703235542065,2,1.3865661864734952e-06
1,319,0.72369163388734492,tool,0.0023358906353222772,0.0004498805122458995,0.00098720168872181054,-329.6897524559156,-835.49945087707999,1240.1889761200871,3,8.1691666376382949e-07
1,319,0.72369163388734492,support,0.0066001983778426945,0.0035401965537333398,-0.0054459292273780612,1513.3902485412041,289.3949665895808,-1260.8244902313809,1,1.4150309293201394e-06
1,320,0.72388390590784635,tool,0.0023234853573016428,0.00046351325504123339,0.00098681386110732001,-333.17457434713202,-866.40889804195751,1275.5097886387343,2,8.5213132761021576e-07
1,320,0.72388390590784635,support,0.0065360676949648925,0.0036474752371798329,-0.0054478106076227854,1529.8698108973028,353.5401159429282,-1288.5387932022427,1,1.4436657434025238e-06
1,321,0.72407617792834778,tool,0.0023110800792810089,0.00047714599783656717,0.00098642603349282927,-335.17438872392472,-884.43990083884273,1319.2990598822851,2,8.7640440762232208e-07
1,321,0.72407617792834778,support,0.0064719370120870905,0.0037547539206263256,-0.0054496919878675096,1539.1161213454516,419.64938793637322,-1315.2369945379874,1,1.4695041719598595e-06
1,322,0.7242684499488492,tool,0.002298674801260375,0.00049077874063190106,0.00098603820587833853,-333.00907318382099,-897.1717626596959,1358.873721023431,2,8.9248350624779316e-07
1,322,0.7242684499488492,support,0.0064078063292092886,0.0038620326040728187,-0.0054515733681122329,1537.7691709755513,486.09538777318323,-1335.2558917434894,1,1.4881377534874465e-06
1,323,0.72446072196935063,tool,0.0022862695232397411,0.00050441148342723495,0.00098565037826384779,-307.04340193376106,-999.86917243038306,1609.931439765558,2,9.8910267624582882e-07
1,323,0.72446072196935063,support,0.0063436756463314866,0.0039693112875193119,-0.0054534547483569571,1702.1061639100601,447.96807252079952,-1601.6580356874292,2,1.4350362399885921e-06
1,324,0.72465299398985206,tool,0.0022738642452191067,0.00051804422622256884,0.00098526255064935726,-280.76830428922426,-1027.7620171767426,1718.6355847780956,2,1.0020320911630076e-06
1,324,0.72465299398985206,support,0.0062795449634536846,0.0040765899709658045,-0.0054553361286016813,1696.5231712680693,408.65630274555878,-1714.1249108245265,2,1.297261523253504e-06
1,325,0.72484526601035348,tool,0.0022614589671984728,0.00053167696901790273,0.00098487472303486652,-264.14498769037448,-1030.7477142691539,1728.632604748228,2,9.6955095274780384e-07
1,325,0.72484526601035348,support,0.0062154142805758818,0.0041838686544122981,-0.0054572175088464054,1600.8275848911635,390.65450408216134,-1719.536865813141,2,1.1587604882975708e-06
1,326,0.72503753803085491,tool,0.0022490536891778389,0.00054530971181323651,0.00098448689542037578,-231.70975633306517,-988.64883373245959,1670.2914516089763,2,8.9049207950813586e-07
1,326,0.72503753803085491,support,0.0061512835976980807,0.0042911473378587908,-0.0054590988890911296,1441.34281622599,359.4066653396024,-1647.3012672595924,2,9.8321311312998122e-07
1,327,0.72522981005135634,tool,0.002236648411157205,0.0005589424546085704,0.00098409906780588504,-160.66544235841391,-863.37547081952493,1489.618688080202,2,7.2005639944246885e-07
1,327,0.72522981005135634,support,0.0060871529148202779,0.0043984260213052835,-0.0054609802693358538,1171.1367800589851,269.11645415112105,-1450.9152486880757,2,7.0141319339321606e-07
1,328,0.72542208207185777,tool,0.0022242431331365711,0.00057257519740390428,0.00098371124019139451,-41.513191912324714,-633.69988929262513,1137.7683992213483,2,5.2971792353570524e-07
1,328,0.72542208207185777,support,0.0060230222319424759,0.004505704704751777,-0.005462861649580578,768.74443107161869,90.018969336600392,-1095.6466973637239,2,6.9605975078039506e-07
1,329,0.72561435409235919,tool,0.0022118378551159372,0.00058620794019923817,0.00098332341257690377,40.678431403865488,-472.60292994357661,874.28555512259925,2,5.1082279237286976e-07
1,329,0.72561435409235919,support,0.0059588915490646748,0.0046129833881982697,-0.0054647430298253013,488.45075501528765,-42.386939985119895,-836.81838160746292,1,6.8932548805827887e-07
1,330,0.72580662611286062,tool,0.0021994325770953033,0.00059984068299457206,0.00098293558496241303,30.415816560849606,-497.94994830691496,904.67464600740516,2,5.3076859346176675e-07
1,330,0.72580662611286062,support,0.005894760866186872,0.0047202620716447624,-0.0054666244100700255,484.15468097659078,-17.067037483805962,-861.68986411669346,1,7.0259400900083563e-07
1,331,0.72599889813336205,tool,0.0021870272990746694,0.00061347342578990584,0.0009825477573479225,27.55515825305946,-509.75293578742856,928.4475827455135,2,5.476476371453487e-07
1,331,0.72599889813336205,support,0.00583063018330907,0.0048275407550912551,-0.0054685057903147488,475.94941696310917,9.988668634921936,-878.3910824564332,1,7.1010036698480883e-07
1,332,0.72619117015386347,tool,0.002174622021054035,0.00062710616858523973,0.00098215992973343155,27.544605961513625,-516.2732430009994,946.69991723981025,2,5.6328211262349215e-07
1,332,0.72619117015386347,support,0.0057664995004312672,0.0049348194385377487,-0.0054703871705594738,464.52283767683997,37.661209183613877,-889.16934386032335,1,7.1351512728658889e-07
1,333,0.7264795781846155,tool,0.0021560141040230913,0.00064755528277823265,0.00098157818831169576,31.136412769811827,-519.52661380444022,965.32846653916181,2,5.8551958233895446e-07
1,333,0.7264795781846155,support,0.0056703034761146015,0.0050957374637074261,-0.0054732092409265588,442.77691510403071,79.24854381101629,-896.28768500828926,1,7.1275059314833411e-07
1,334,0.7269121902307436,tool,0.0021281022284766722,0.00067822895406772598,0.00098070557617909219,47.989134100503989,-510.84020459961164,973.19270124981153,2,6.2170495765574707e-07
1,334,0.7269121902307436,support,0.0055260094396395844,0.0053371145014619731,-0.0054774423464771863,400.70560726482825,138.64867384750312,-885.48525174505596,1,6.9778413009768253e-07
1,335,0.72740603369474277,tool,0.0020962397377533421,0.00071324414196817965,0.00097970945551590282,131.60863971640777,-404.76716958703037,813.5012437891221,1,6.5254431905886756e-07
1,335,0.72740603369474277,support,0.005361292189056727,0.0056126557711086034,-0.0054822746009816695,272.10134373410386,156.74913817250757,-670.50065086326697,1,5.2622695602584646e-07
1,336,0.72805495176393487,tool,0.0020389889977416864,0.00073757949851690986,0.00097839150364731949,155.36984139182516,-387.05477772099567,880.44754809893311,1,6.92430522910778e-07
1,336,0.72805495176393487,support,0.0052107853824760507,0.0056694891379128519,-0.0054944173747410877,320.52837197288665,237.69234315529548,-771.63980019784253,1,6.1743054926861191e-07
1,337,0.72870386983312696,tool,0.0019817382577300311,0.00076191485506564008,0.00097707355177873594,142.54199312804826,-386.85749581542206,893.32153744097275,1,6.9927664872026368e-07
1,337,0.72870386983312696,support,0.0050602785758953744,0.0057263225047170995,-0.0055065601485005059,292.0954029325265,254.14166493233375,-788.32996016046991,1,6.242278869266274e-07
1,338,0.72935278790231906,tool,0.0019244875177183754,0.00078625021161437029,0.00097575559991015261,128.87100865246876,-385.76798929005435,903.64939092967177,1,7.0431760995724041e-07
1,338,0.72935278790231906,support,0.0049097717693146982,0.0057831558715213472,-0.005518702922259925,258.95100076889236,267.18786175116605,-792.02339867571447,1,6.2194740015324851e-07
1,339,0.73032616500610725,tool,0.0018386114077008871,0.00082275324643746772,0.0009737786721072774,107.72693430414921,-382.43922277431784,916.7312729428678,1,7.1012261991954678e-07
1,339,0.73032616500610725,support,0.0046840115594436703,0.0058684059217277238,-0.0055369170828990528,204.18381174895327,279.23861552186116,-776.38312697976789,1,6.0410296190503004e-07
1,340,0.73129954210989545,tool,0.001752735297683399,0.00085925628126056505,0.00097180174430440218,82.653093284261558,-367.31056711835708,897.79738136865501,1,6.9193778392054317e-07
1,340,0.73129954210989545,support,0.0044582513495726433,0.0059536559719341013,-0.0055551312435381823,134.92141873267053,257.38778150063212,-675.37226734800686,1,5.2256611825663574e-07
1,341,0.73227291921368365,tool,0.0016668591876659112,0.00089575931608366249,0.00096982481650152697,59.003885434732126,-350.34984886913725,873.43295651221445,1,6.7017684211509443e-07
1,341,0.73227291921368365,support,0.0042324911397016163,0.0060389060221404771,-0.0055733454041773101,359.0015682553381,266.68326889391165,-598.89191242111201,2,3.6435365763365368e-07
1,342,0.73324629631747185,tool,0.0015809830776484226,0.00093226235090675981,0.00096784788869865176,37.842132650044192,-321.67754768365,834.02302137315917,1,6.3590570988699552e-07
1,342,0.73324629631747185,support,0.0040067309298305893,0.0061241560723468546,-0.0055915595648164396,523.57139134778515,322.53790617672252,-631.89459370859106,1,6.2668180685759856e-07
1,343,0.73421967342126004,tool,0.0014951069676309345,0.00096876538572985725,0.00096587096089577654,49.521652064874715,-291.79888593428996,880.86928638174379,2,6.2205298469522607e-07
1,343,0.73421967342126004,support,0.0037809707199595614,0.0062094061225532312,-0.0056097737254555673,526.47544421771431,380.95935773589207,-711.32747761571284,1,6.8478440826743453e-07
1,344,0.73519305052504824,tool,0.0014092308576134462,0.0010052684205529546,0.00096389403309290133,103.03365226493332,-601.58720299108961,1257.8541767043816,3,5.2076913389063895e-07
1,344,0.73519305052504824,support,0.0035552105100885344,0.0062946561727596079,-0.0056279878860946968,673.65109992265195,565.12665304004406,-1021.4421710195621,1,9.5792418001831858e-07
1,345,0.73616642762883644,tool,0.0013233547475959579,0.0010417714553760519,0.00096191710529002611,114.85387772452405,-852.0312692537575,1497.2795530296144,3,7.038864674275766e-07
1,345,0.73616642762883644,support,0.003329450300217507,0.0063799062229659845,-0.0056462020467338246,710.34881653778393,699.32319447314683,-1212.9404238548839,1,1.1158569877848731e-06
1,346,0.73713980473262464,tool,0.0012374786375784698,0.0010782744901991494,0.0009599401774871509,108.93113030326045,-938.90143878192202,1617.3403063620185,3,8.5676391036685479e-07
1,346,0.73713980473262464,support,0.00310369009034648,0.0064651562731723611,-0.0056644162073729533,664.551213301904,782.50007673297193,-1296.6685395544869,1,1.175472542190234e-06
1,347,0.73739645994879799,tool,0.0012148352535345187,0.0010878994282185915,0.00095941891103180552,105.67146147273876,-952.9398236090442,1637.3296776374495,3,8.8868439663668947e-07
1,347,0.73739645994879799,support,0.0030441627650762545,0.0064876345808902586,-0.0056692188263353866,645.2653394002906,798.78849038807402,-1308.3147535124776,1,1.1820793247661193e-06
1,348,0.73812649277663911,tool,0.0011456140084178475,0.0010982095071731144,0.00095796721929654262,171.59181102997982,-900.60706548173744,1718.9075036990671,4,8.8501642623011606e-07
1,348,0.73812649277663911,support,0.0028669024997531856,0.0065286559627179292,-0.0056614669861660815,603.51601246678433,865.18289986982472,-1367.2711693830629,1,1.2273824626894692e-06
1,349,0.73885652560448023,tool,0.0010763927633011764,0.0011085195861276372,0.00095651552756127961,252.07306744771665,-868.61551033551109,1745.3160121365577,4,8.4812799200882638e-07
1,349,0.73885652560448023,support,0.0026896422344301176,0.0065696773445455998,-0.0056537151459967773,525.06902645492687,880.57527888415302,-1359.3149454023537,1,1.2101075102903536e-06
1,350,0.73958655843232135,tool,0.0010071715181845051,0.0011188296650821599,0.00095506383582601693,287.73048759140397,-819.00988784203537,1742.4403141347545,3,7.9716034367006278e-07
1,350,0.73958655843232135,support,0.0025123819691070491,0.0066106987263732696,-0.0056459633058274722,440.3267769089361,881.57818332380918,-1329.9517343537791,1,1.1764509619078753e-06
1,351,0.74031659126016247,tool,0.00093795027306783397,0.0011291397440366829,0.00095361214409075403,301.44340207277725,-724.16822359228388,1723.3396490785804,3,6.877692897569801e-07
1,351,0.74031659126016247,support,0.0023351217037839806,0.0066517201082009402,-0.0056382114656581672,351.90127613337859,864.79023229544237,-1275.7781505120056,1,1.1236240869509639e-06
1,352,0.74104662408800359,tool,0.0008687290279511627,0.0011394498229912056,0.00095216045235549103,356.07665971560095,-392.21414571825045,1491.7498167904614,3,5.1429403977870658e-07
1,352,0.74104662408800359,support,0.0021578614384609122,0.0066927414900286109,-0.0056304596254888629,222.41300457721314,699.01785244780012,-1008.1947582224932,1,8.8616307388107718e-07
1,353,0.74177665691584471,tool,0.00079950778283449165,0.0011497599019457286,0.00095070876062022824,410.05215714237147,-27.889681386850043,1187.8670280873612,2,5.3447178256955941e-07
1,353,0.74177665691584471,support,0.0019806011731378437,0.0067337628718562815,-0.0056227077853195579,106.2948316207526,455.51204852420989,-643.58557850973898,1,5.6547116204178766e-07
1,354,0.74250668974368583,tool,0.00073028653771782038,0.0011600699809002513,0.00094925706888496545,390.31007208899564,-28.991337842101899,1200.0179745536632,2,5.4358545313690915e-07
1,354,0.74250668974368583,support,0.0018033409078147755,0.0067747842536839522,-0.0056149559451502528,64.31052485133138,422.66814419922144,-583.53561889347679,1,5.1414524555263436e-07
1,355,0.74323672257152695,tool,0.00066106529260114911,0.0011703800598547743,0.00094780537714970244,355.19466667302765,-33.263900407759934,1163.1122659766174,2,5.3429944338323487e-07
1,355,0.74323672257152695,support,0.001626080642491707,0.0068158056355116219,-0.0056072041049809486,24.796422393469832,337.67156736756067,-455.61874008069344,1,4.0345133227315255e-07
1,356,0.74396675539936807,tool,0.00059184404748447805,0.0011806901388092973,0.00094635368541443965,326.31805455693069,-37.928502823050735,1142.9602154921085,2,5.2419082313334697e-07
1,356,0.74396675539936807,support,0.0014488203771686387,0.0068568270173392934,-0.0055994522648116435,327.53828200992416,384.35454679840387,-447.0446089446454,2,4.7325600101202209e-07
1,357,0.74469678822720919,tool,0.00052262280236780678,0.00119100021776382,0.00094490199367917675,311.42516319464335,-31.762097371250746,1166.7262980900764,2,5.3227902594311233e-07
1,357,0.74469678822720919,support,0.0012715601118455703,0.0068978483991669641,-0.0055917004246423384,361.56198985444195,470.37658934184844,-528.66476704621959,1,5.6478977908305111e-07
1,358,0.74542682105505031,tool,0.00045340155725113562,0.0012013102967183427,0.00094345030194391386,312.81772234967087,-93.894288999059938,1226.9238242059764,3,5.3089545356925505e-07
1,358,0.74542682105505031,support,0.0010942998465225018,0.0069388697809946347,-0.0055839485844730334,384.40291921172064,562.49931909118538,-625.10658734499964,1,6.5716796805639216e-07
1,359,0.74615685388289144,tool,0.00038418031213446446,0.0012116203756728657,0.00094199861020865096,403.24098071249364,-494.03178385871377,1497.1378783458119,3,4.9781222602376246e-07
1,359,0.74615685388289144,support,0.00091703958119943344,0.0069798911628223045,-0.0055761967443037292,500.71159301638215,819.12496085908174,-913.57370700154138,1,9.4191123070196808e-07
1,360,0.74688688671073256,tool,0.00031495906701779324,0.0012219304546273884,0.00094054691847338806,412.61484329945961,-665.51687799274043,1580.9274366295178,3,6.7860381891722554e-07
1,360,0.74688688671073256,support,0.00073977931587636497,0.0070209125446499751,-0.0055684449041344241,503.45097397798651,941.5524091976414,-1018.1291141034172,1,1.0485705795896735e-06
1,361,0.74760025405215091,tool,0.00024731803264872645,0.0012320051709046708,0.00093912836654770832,402.67703449829253,-774.03444637350367,1625.8709269092928,3,7.8671413974908816e-07
1,361,0.74760025405215091,support,0.00056656562001206024,0.0070609974736828944,-0.0055608700261264993,474.10783735841505,1026.4646245775823,-1079.1899713809005,1,1.1109083798456487e-06
1,362,0.74833028687999203,tool,0.0001775405019170989,0.0012266213388381394,0.00093768044744731692,375.85441428792672,-778.97969409763834,1632.4628134713735,3,8.3320399185161931e-07
1,362,0.74833028687999203,support,0.00039825049750790131,0.0070200672588886671,-0.0055882439671826921,449.75627044235227,1158.5110694050607,-1119.9311676425798,1,1.1890153646517895e-06
1,363,0.74906031970783316,tool,0.00010776297118547132,0.001221237506771608,0.0009362325283469253,356.42599209259294,-832.26935191154132,1681.7130620876424,3,8.9966631450395795e-07
1,363,0.74906031970783316,support,0.00022993537500374221,0.0069791370440944397,-0.0056156179082388841,404.83589461538463,1223.3612956087616,-1198.2441517086468,1,1.2506401691238234e-06
1,364,0.74979035253567428,tool,3.7985440453843763e-05,0.0012158536747050763,0.00093478460924653389,333.94505722600616,-887.01981399349779,1729.1253365207908,3,9.5644337173850236e-07
1,364,0.74979035253567428,support,6.1620252499583223e-05,0.0069382068293002115,-0.005642991849295077,347.65512107629081,1268.6568538685606,-1268.582977957341,1,1.2988596168658079e-06
1,365,0.7505203853635154,tool,-3.1792090277783807e-05,0.0012104698426385449,0.00093333669014614238,307.03262212897448,-934.31928817338917,1771.761228881689,3,1.0013886235019087e-06
1,365,0.7505203853635154,support,-0.00010669487000457582,0.0068972766145059834,-0.0056703657903512689,280.20217589879576,1298.9232300715671,-1328.8054856647038,1,1.335632941522856e-06
1,366,0.75125041819135652,tool,-0.0001015696210094114,0.0012050860105720135,0.00093188877104575098,275.33993031135651,-970.19001986785997,1806.9695998189934,3,1.0321472395579886e-06
1,366,0.75125041819135652,support,-0.00027500999250873475,0.006856346399711756,-0.0056977397314074618,204.60054188138571,1313.5143193274409,-1376.3460325708925,1,1.3600077054471207e-06
1,367,0.75198045101919764,tool,-0.00017134715174103895,0.0011997021785054821,0.00093044085194535935,238.79755411577312,-989.34330176147409,1830.0742465516403,3,1.0438480117554855e-06
1,367,0.75198045101919764,support,-0.0004433251150128938,0.0068154161849175296,-0.0057251136724636546,123.40279611053822,1309.4204191775148,-1406.3645547255962,1,1.3685538560901864e-06
1,368,0.75307550026095926,tool,-0.00027601344783847499,0.0011916264304056854,0.00092826897329477236,99.942856708249678,-457.03578201000312,1188.5575459390761,3,5.1102216729742578e-07
1,368,0.75307550026095926,support,-0.00069579779876911959,0.0067540208627261903,-0.0057661745840479409,-0.79935746913710659,693.84793586831745,-774.04772378666144,1,7.3882031889974109e-07
1,369,0.75417054950272089,tool,-0.00038067974393591101,0.0011835506823058884,0.00092609709464418514,1.9996226660589644,96.637368829919851,409.4544055228771,2,2.5450829385480211e-07
1,369,0.75417054950272089,support,-0.00094827048252534539,0.0066926255405348519,-0.0058072354956322271,0,0,0,0,0
1,370,0.75526559874448251,tool,-0.00048534604003334702,0.0011754749342060915,0.00092392521599359804,-7.03086109574188,71.803970904063874,444.51258008699233,2,2.3098840059524589e-07
1,370,0.75526559874448251,support,-0.0012007431662815708,0.0066312302183435144,-0.0058482964072165142,43.932186894273904,70.610958081164782,-92.546646408668423,1,8.8431775562003434e-08
1,371,0.75690817260712506,tool,-0.0006423454841795117,0.0011633613120563956,0.00092066739801771711,-28.580745830998076,-33.460385363573877,730.34612297894091,3,3.2746355051443271e-07
1,371,0.75690817260712506,support,-0.0015794521919159353,0.0065391372350565007,-0.0059098877745929479,173.92651274164024,369.26596062332777,-518.95185751238137,1,4.6926059080621557e-07
1,372,0.7578306347164826,tool,-0.00073051566739552713,0.0011565583562232913,0.00091883782206361102,225.23458524534558,-135.13944850963907,803.65054562310502,3,3.7845189371915611e-07
1,372,0.7578306347164826,support,-0.001792133481058934,0.0064874182289575621,-0.005944477210088334,166.97603230016796,428.29266202497149,-629.32405912859826,1,5.5390582640989922e-07
1,373,0.75947320857912515,tool,-0.00088038968131167199,0.0011082725727430459,0.00091531053583820553,667.16150489212214,-688.483970662199,1230.7641801663231,3,6.3917833471524577e-07
1,373,0.75947320857912515,support,-0.0021503169291881021,0.0063587800174057327,-0.0059595629608326078,184.05507424180087,734.57634466604406,-1144.3872949521003,1,9.7532213239742704e-07
1,374,0.7611157824417677,tool,-0.001030263695227817,0.0010599867892628003,0.00091178324961279983,772.10878981615303,-825.27368025515261,1516.3757371863758,3,8.2086478999862655e-07
1,374,0.7611157824417677,support,-0.0025085003773172702,0.0062301418058539042,-0.0059746487115768816,77.273743155461304,787.40603391825914,-1322.7197977897326,1,1.0954559879466225e-06
1,375,0.76275835630441025,tool,-0.0011801377091439618,0.0010117010057825548,0.00090825596338739423,778.49890214600146,-783.174656385699,1732.0239689348386,3,8.3440803804422925e-07
1,375,0.76275835630441025,support,-0.0028666838254464383,0.006101503594302074,-0.0059897344623211553,-62.390153607938117,759.86833874580589,-1372.1888872514282,1,1.1157034931373253e-06
1,376,0.76440093016705279,tool,-0.0013300117230601067,0.00096341522230230928,0.00090472867716198863,451.52362125390988,-170.53957533489663,1286.2865914838055,3,4.2922976170502863e-07
1,376,0.76440093016705279,support,-0.0032248672735756064,0.0059728653827502438,-0.0060048202130654291,-112.69202023700568,388.67592825626758,-752.76470989609118,1,6.0743323495194429e-07
1,377,0.76604350402969534,tool,-0.0014798857369762513,0.00091512943882206374,0.00090120139093658315,196.93947708300348,194.05670164959275,741.83372156078781,2,5.2785332321867579e-07
1,377,0.76604350402969534,support,-0.0035830507217047749,0.0058442271711984153,-0.0060199059638097038,-7.351349994129178,13.976028018016185,-28.961563942457463,1,2.3445226984657175e-08
1,378,0.76727946191635965,tool,-0.0015926587292407742,0.00087879670745242926,0.00089854727757951382,178.8093505826123,203.41678700677684,769.07365951094619,2,5.530381227579137e-07
1,378,0.76727946191635965,support,-0.0038525665514986644,0.0057474330995832172,-0.0060312572661971901,0,0,0,0,0
1,379,0.7689220357790022,tool,-0.0017225388602863277,0.00078976797033154442,0.00089519851541949413,142.90047349585251,231.24921418339852,781.96469092775249,1,5.8839964769269448e-07
1,379,0.7689220357790022,support,-0.0042511272868739278,0.00546429827552027,-0.0060356892579304603,0,0,0,0,0
1,380,0.77056460964164475,tool,-0.0018524189913318809,0.00070073923321065958,0.00089184975325947444,122.79056306621447,225.62012809996727,828.79929682894385,1,6.1670449055892945e-07
1,380,0.77056460964164475,support,-0.0046496880222491911,0.005181163451457322,-0.0060401212496637305,-3.2990289611492862,44.262816387605454,-132.98554584490452,1,9.9643829012605045e-08
1,381,0.7722071835042873,tool,-0.0019822991223774344,0.00061171049608977485,0.00088850099109945475,98.549798762768248,211.5375982325321,857.52812824482533,1,6.3164619771780006e-07
1,381,0.7722071835042873,support,-0.0050482487576244545,0.0048980286273943756,-0.0060445532413970007,-19.106187819078215,100.41945378297071,-164.34078538931385,2,7.649011251990856e-08
1,382,0.77467104429825107,tool,-0.0021771193189457604,0.00047816739040845057,0.00088347784785942538,473.88736104879575,-41.172541351994852,1404.6583042797947,2,5.9145233044684276e-07
1,382,0.77467104429825107,support,-0.0056460898606873356,0.0044733263912999643,-0.0060512012289969073,-299.42500697530136,860.79235369078356,-970.79319475111322,1,9.4639574225834078e-07
1,383,0.77713490509221483,tool,-0.0023719395155140863,0.00034462428472712634,0.0008784547046193959,649.06111344860756,-271.07055069077273,1652.765974463387,3,8.6232869936451323e-07
1,383,0.77713490509221483,support,-0.0062439309637502185,0.0040486241552055531,-0.0060578492165968122,-602.7512420226692,869.12825201876649,-1170.0191212636553,1,1.120998016956691e-06
1,384,0.77723201048080237,tool,-0.0023796177459314929,0.0003393610997281437,0.00087825673309541662,621.71987874911031,-237.86019021239869,1581.3769199307997,3,7.9439107809019249e-07
1,384,0.77723201048080237,support,-0.0062674930062035696,0.004031885841185954,-0.006058111226293462,-571.27899710943586,804.31322090516733,-1089.1552703100569,1,1.0444598940841446e-06
1,385,0.77810585107822694,tool,-0.0023772743201808839,0.00025564370910890571,0.00087570506239250962,895.888084021238,-497.64173795313775,2034.7300706549499,3,1.3175210660260755e-06
1,385,0.77810585107822694,support,-0.0062491742964686028,0.0030322712716623988,-0.0060789711704439427,-1219.8074199650814,892.46678974513884,-1901.8366932181075,1,1.7265897907878941e-06
1,386,0.77897969167565151,tool,-0.002374930894430275,0.00017192631848966767,0.00087315339168960262,1069.8508112936545,-451.96283638536698,2475.1924184116547,4,1.2257112322801994e-06
1,386,0.77897969167565151,support,-0.0062308555867336343,0.0020326567021388435,-0.0060998311145944242,-1784.3511795046979,1170.1014401534071,-2681.7423485411196,2,1.6904131811216333e-06
1,387,0.77903430671299057,tool,-0.0023747844303208614,0.00016669398157596329,0.00087299391227067076,965.6127511217627,-381.94869500138515,2332.7882600618614,3,1.0686844835799611e-06
1,387,0.77903430671299057,support,-0.0062297106673751988,0.0019701807915435974,-0.0061011348611038291,-1698.3943408905186,1168.4355627913483,-2564.5466122543457,2,1.537881677468253e-06
1,388,0.77908892175032962,tool,-0.0023746379662114487,0.00016146164466225899,0.00087283443285173911,861.99332769587136,-308.38692001031546,2152.7179154285304,3,9.0351689645881e-07
1,388,0.77908892175032962,support,-0.0062285657480167633,0.0019077048809483517,-0.0061024386076132349,-1593.5359562183044,1146.0614298197447,-2402.4310814861187,2,1.3699615367870205e-06
1,389,0.77914353678766868,tool,-0.0023744915021020356,0.00015622930774855458,0.00087267495343280725,758.28612533401474,-232.53338281248705,1955.3960456038676,3,7.3427888805290692e-07
1,389,0.77914353678766868,support,-0.0062274208286583269,0.0018452289703531058,-0.0061037423541226397,-1475.4969422121403,1119.1181954587098,-2216.5338551196101,2,1.1910383183079409e-06
1,390,0.77919815182500773,tool,-0.0023743450379926224,0.0001509969708348502,0.0008725154740138756,653.0121691517968,-153.76797250132023,1745.4440781040371,3,5.6339981202233047e-07
1,390,0.77919815182500773,support,-0.0062262759092998905,0.001782753059757859,-0.0061050461006320455,-1347.1735252725271,1093.3874806280523,-2012.2117367123569,2,1.0230705854456443e-06
1,391,0.77925276686234679,tool,-0.0023741985738832093,0.00014576463392114588,0.00087235599459494384,543.38340402737379,-70.811171632998978,1520.9627669473766,3,5.6540082432610106e-07
1,391,0.77925276686234679,support,-0.0062251309899414558,0.0017202771491626136,-0.0061063498471414521,-1207.8536250233471,1071.803452606779,-1788.5101945561619,2,1.0386419321438065e-06
1,392,0.77930738189968585,tool,-0.0023740521097737957,0.00014053229700744144,0.00087219651517601198,430.08406708564814,15.44722740729766,1283.6819185975023,3,5.6436032805969732e-07
1,392,0.77930738189968585,support,-0.0062239860705830185,0.0016578012385673668,-0.006107653593650857,-1058.6455533148637,1056.3015673579555,-1547.7496673067835,2,1.051599579295244e-06
1,393,0.7793619969370249,tool,-0.002373905645664383,0.00013529996009373712,0.00087203703575708033,327.70477315465729,92.840853178284604,1061.4700207766866,3,5.573464948293444e-07
1,393,0.7793619969370249,support,-0.006222841151224583,0.0015953253279721213,-0.0061089573401602627,-917.49196288384019,1047.6120318874937,-1318.7182203386212,2,1.0619531889697123e-06
1,394,0.77941661197436396,tool,-0.0023737591815549699,0.00013006762318003274,0.00087187755633814858,324.52062747188393,99.362218588447021,1023.6966189567743,2,5.5944503905315524e-07
1,394,0.77941661197436396,support,-0.0062216962318661475,0.0015328494173768752,-0.0061102610866696685,-885.9586784484635,1056.0290139887902,-1276.4309305218821,2,1.0843764583975957e-06
1,395,0.77947122701170302,tool,-0.0023736127174455563,0.00012483528626632836,0.00087171807691921671,332.56371031929751,97.029074418470913,1000.6566837718137,2,5.5780278410740708e-07
1,395,0.77947122701170302,support,-0.0062205513125077111,0.0014703735067816291,-0.0061115648331790742,-867.89330958048231,1064.5235730046918,-1247.5377493507667,2,1.1047740470990219e-06
1,396,0.77952584204904207,tool,-0.0023734662533361436,0.00011960294935262402,0.00087155859750028507,337.38391301895808,94.936322969209101,971.20536734209259,2,5.5236922864160265e-07
1,396,0.77952584204904207,support,-0.0062194063931492755,0.0014078975961863834,-0.00611286857968848,-847.32129208582001,1071.9089622252811,-1210.5518347513907,2,1.1217917371556321e-06
1,397,0.77958045708638113,tool,-0.0023733197892267304,0.00011437061243891965,0.0008713991180813532,339.32998937877801,92.761725609753398,937.00216666351525,2,5.442991916435741e-07
1,397,0.77958045708638113,support,-0.00621826147379084,0.0013454216855911373,-0.006114172326197884,-823.69469648960899,1079.2115135448469,-1166.8825786621774,2,1.1363775266380952e-06
1,398,0.77963507212372019,tool,-0.0023731733251173173,0.00010913827552521523,0.00087123963866242156,338.91848826264675,90.25539425442264,899.19801533521434,2,5.3435504603419059e-07
1,398,0.77963507212372019,support,-0.0062171165544324045,0.0012829457749958912,-0.0061154760727072897,-797.42402327009347,1087.0223652283612,-1117.890710886395,2,1.1490120887221525e-06
1,399,0.77968968716105924,tool,-0.0023730268610079042,0.00010390593861151092,0.00087108015924348991,336.49113859190248,87.200508244047242,859.11857532409169,2,5.2314979350712859e-07
1,399,0.77968968716105924,support,-0.0062159716350739681,0.0012204698644006455,-0.0061167798192166964,-769.44377050005289,1095.6141904342305,-1065.2314990041127,2,1.1599379738328613e-06
1,400,0.7797443021983983,tool,-0.002372880396898491,9.8673601697806483e-05,0.00087092067982455805,332.70538996974392,83.892273682621948,817.46411454596921,2,5.1077538337166578e-07
1,400,0.7797443021983983,support,-0.0062148267157155317,0.001157993953805399,-0.0061180835657261012,-740.28717830604955,1104.9306675520675,-1009.9301444205274,2,1.169115888208401e-06
1,401,0.77979891723573735,tool,-0.0023727339327890779,9.3441264784102171e-05,0.0008707612004056264,330.82184528699844,80.733437445001258,808.34837139716456,2,5.0958899245213268e-07
1,401,0.77979891723573735,support,-0.0062136817963570961,0.0010955180432101533,-0.006119387312235507,-734.13701004966549,1114.9630285002343,-992.32198978193094,1,1.1822256229870529e-06
1,402,0.77985353227307641,tool,-0.0023725874686796647,8.8208927870397777e-05,0.00087060172098669454,331.46425832310069,79.212772623348243,828.38021589610275,2,5.187025645505064e-07
1,402,0.77985353227307641,support,-0.0062125368769986606,0.0010330421326149072,-0.0061206910587449127,-750.12310699914303,1123.8013629040649,-1009.9883068256291,1,1.1989611584991428e-06
1,403,0.77990814731041547,tool,-0.0023724410045702516,8.2976590956693424e-05,0.00087044224156776267,332.52759977031309,79.090140610190403,845.33326193740152,2,5.2638033518678101e-07
1,403,0.77990814731041547,support,-0.0062113919576402242,0.0009705662220196613,-0.0061219948052543185,-766.06469761819653,1130.9563781935053,-1025.7632697595645,1,1.2141209090052799e-06
1,404,0.77996276234775452,tool,-0.0023722945404608385,7.7744254042989044e-05,0.00087028276214883103,333.14837112585553,79.510851614455589,875.24662681497182,2,5.4036333538461101e-07
1,404,0.77996276234775452,support,-0.0062102470382817887,0.0009080903114244154,-0.0061232985517637242,-782.72072318679352,1144.6093736321816,-1058.1844363061232,2,1.2275262018983726e-06
1,405,0.78001737738509358,tool,-0.0023721480763514253,7.2511917129284691e-05,0.00087012328272989927,328.20559897228139,86.772833461210155,975.61971944209108,2,5.8525892228985382e-07
1,405,0.78001737738509358,support,-0.0062091021189233531,0.00084561440082916951,-0.0061246022982731291,-802.251079489326,1188.7706169041696,-1176.9539211116569,2,1.2310143987408553e-06
1,406,0.78007199242243264,tool,-0.0023720016122420126,6.7279580215580284e-05,0.00086996380331096751,336.91198234526757,95.641783821794746,1045.8275807514553,2,6.1491752535378086e-07
1,406,0.78007199242243264,support,-0.0062079571995649167,0.00078313849023392318,-0.0061259060447825349,-811.45729235091994,1212.0135814789028,-1263.2532258704703,2,1.2361670596091473e-06
1,407,0.78012660745977169,tool,-0.0023718551481325995,6.2047243301875958e-05,0.00086980432389203587,361.31439723307085,127.47037196995844,1117.1633524864719,3,6.2497637689281488e-07
1,407,0.78012660745977169,support,-0.0062068122802064812,0.00072066257963867772,-0.0061272097912919415,-822.2046483714247,1240.4565923088439,-1351.3630524773544,2,1.2557300206736052e-06
1,408,0.78018122249711075,tool,-0.0023717086840231859,5.6814906388171551e-05,0.000869644844473104,419.56564945340011,216.18466782540935,1219.0645401083186,3,6.0389653440233448e-07
1,408,0.78018122249711075,support,-0.0062056673608480439,0.00065818666904343096,-0.0061285135378013455,-835.81723828646034,1288.4144425703148,-1472.5087065132138,2,1.296021809480026e-06
1,409,0.78023583753444981,tool,-0.0023715622199137728,5.1582569474467198e-05,0.00086948536505417225,469.21417742828129,276.50542031819396,1284.9810166046439,3,5.9042990047716154e-07
1,409,0.78023583753444981,support,-0.0062045224414896093,0.0005957107584481855,-0.0061298172843107512,-850.68804487136515,1313.9102988555194,-1554.2367788441084,2,1.3212752020836521e-06
1,410,0.78029045257178886,tool,-0.0023714157558043601,4.6350232560762818e-05,0.00086932588563524049,506.31974177872098,318.40266779962661,1331.1730351002514,3,5.8276500067636072e-07
1,410,0.78029045257178886,support,-0.0062033775221311729,0.00053323484785293917,-0.006131121030820157,-865.30564950211783,1327.7352494268323,-1613.7290118562503,2,1.3409811527170801e-06
1,411,0.78034506760912792,tool,-0.0023712692916949469,4.1117895647058437e-05,0.00086916640621630874,534.17756307321088,349.14990981502962,1365.7139431658341,3,5.7850555432257394e-07
1,411,0.78034506760912792,support,-0.0062022326027727373,0.00047075893725769305,-0.0061324247773295627,-879.99680730331386,1335.091749225018,-1659.998510294547,2,1.3588017362172605e-06
1,412,0.78039968264646697,tool,-0.0023711228275855338,3.5885558733354112e-05,0.00086900692679737709,555.91930445548644,372.88875099041695,1392.5828605161614,3,5.760204927910198e-07
1,412,0.78039968264646697,support,-0.0062010876834143018,0.00040828302666244738,-0.0061337285238389685,-894.99818005392376,1338.4106765473832,-1697.2906019308684,2,1.376039364061471e-06
1,413,0.78045429768380603,tool,-0.0023709763634761202,3.0653221819649677e-05,0.00086884744737844523,573.36989301221581,391.85435571001614,1413.9388343431979,3,5.7470267476704417e-07
1,413,0.78045429768380603,support,-0.0061999427640558654,0.00034580711606720083,-0.0061350322703483734,-910.48393636849391,1338.9940568685283,-1727.9822338314095,2,1.3930951403458292e-06
1,414,0.78050891272114509,tool,-0.0023708298993667075,2.5420884905945351e-05,0.00086868796795951358,588.1489891431404,407.7720790193427,1431.2390360443783,3,5.7381663558491586e-07
1,414,0.78050891272114509,support,-0.006198797844697429,0.00028333120547195537,-0.0061363360168577791,-926.35629862022222,1337.6358058887699,-1753.6025815446901,2,1.4102358578821361e-06
1,415,0.78056352775848414,tool,-0.0023706834352572943,2.0188547992240944e-05,0.00086852848854058183,601.02140641488131,421.53238873416433,1445.3360933792055,3,5.7315142178594042e-07
1,415,0.78056352775848414,support,-0.0061976529253389943,0.00022085529487670904,-0.0061376397633671849,-942.64855718911781,1334.8542012069001,-1775.0923494472258,2,1.4275208924333788e-06
1,416,0.7806181427958232,tool,-0.0023705369711478812,1.4956211078536564e-05,0.00086836900912164996,612.60529054095718,433.691555802035,1456.6733898497066,3,5.7258752709891947e-07
1,416,0.7806181427958232,support,-0.0061965080059805571,0.00015837938428146315,-0.0061389435098765897,-959.38507011846468,1330.9777899155108,-1792.9707133075999,2,1.444964407994187e-06
1,417,0.78067275783316226,tool,-0.0023703905070384681,9.7238741648322379e-06,0.00086820952970271831,623.12439437152727,444.65239485990645,1465.5821176086631,3,5.7191347664891506e-07
1,417,0.78067275783316226,support,-0.0061953630866221224,9.5903473686217251e-05,-0.0061402472563859972,-976.57362252451526,1326.2273773261659,-1807.5419939304147,2,1.4625436751550605e-06
1,418,0.78072737287050131,tool,-0.0023702440429290549,4.4915372511278849e-06,0.00086805005028378656,632.65072111034488,454.6287946886892,1472.1980098010517,3,5.7097266883271436e-07
1,418,0.78072737287050131,support,-0.0061942181672636851,3.3427563090970922e-05,-0.0061415510028954012,-994.21938594710673,1320.7351239906943,-1818.8441673777315,2,1.4801960586960719e-06
1,419,0.78078198790784037,tool,-0.0023700975788196418,-7.407996625765224e-07,0.0008678905708648548,641.43454309805441,463.85803388066302,1476.6314582355183,3,5.6974276248233924e-07
1,419,0.78078198790784037,support,-0.0061930732479052505,-2.904834750427519e-05,-0.006142854749404807,-1012.3294167037568,1314.64729334296,-1826.9490999161958,2,1.4979129293254956e-06
1,420,0.78083660294517943,tool,-0.0023699511147102286,-5.9731365762809025e-06,0.00086773109144592305,649.55201211781718,472.53553247900072,1479.0098296685835,3,5.6808765733998984e-07
1,420,0.78083660294517943,support,-0.0061919283285468141,-9.1524258099521518e-05,-0.0061441584959142127,-1030.907072592848,1308.0509092737307,-1831.7848245725145,2,1.5156329800829552e-06
1,421,0.78089121798251848,tool,-0.0023698046506008155,-1.1205473489985228e-05,0.00086757161202699129,656.83727327625968,480.71594720705087,1479.5077265559321,3,5.659689874667681e-07
1,421,0.78089121798251848,support,-0.0061907834091883777,-0.00015400016869476676,-0.0061454622424236185,-1049.9452465738766,1301.0058840875333,-1833.2291925651969,2,1.5332490671702767e-06
1,422,0.78094583301985754,tool,-0.0023696581864914024,-1.6437810403689609e-05,0.00086741213260805943,663.36175256644447,488.48064236947835,1477.9297561867497,3,5.6325552177678012e-07
1,422,0.78094583301985754,support,-0.0061896384898299421,-0.00021647607929001287,-0.0061467659889330242,-1069.4327824027289,1293.5948613906637,-1831.0324649327295,2,1.5507280077230179e-06
1,423,0.78100044805719659,tool,-0.0023695117223819897,-2.1670147317393989e-05,0.00086725265318912778,669.23509101679235,495.87416290544741,1474.2642157385453,3,5.5988237607565439e-07
1,423,0.78100044805719659,support,-0.0061884935704715066,-0.00027895198988525899,-0.00614806973544243,-1089.3285366974126,1285.9122927685798,-1825.1174835246611,2,1.5680158605771433e-06
1,424,0.78105506309453565,tool,-0.0023693652582725761,-2.6902484231098369e-05,0.00086709317377019603,674.31645711463079,502.90624042854643,1468.6011597115803,3,5.5862424748129302e-07
1,424,0.78105506309453565,support,-0.0061873486511130702,-0.00034142790048050553,-0.0061493734819518349,-1109.6122602434166,1278.0420810371133,-1815.5354680667756,2,1.5850131691039562e-06
1,425,0.78110967813187471,tool,-0.0023692187941631629,-3.2134821144802695e-05,0.00086693369435126427,678.30597965159177,509.63756460712898,1461.3527431220664,3,5.6606341516073078e-07
1,425,0.78110967813187471,support,-0.0061862037317546347,-0.00040390381107575078,-0.0061506772284612406,-1130.2460656409055,1270.015609401778,-1802.5670981831222,2,1.6015268513233649e-06
1,426,0.78116429316921376,tool,-0.0023690723300537498,-3.7367158058507102e-05,0.00086677421493233252,681.41926374540162,516.02789541416314,1452.6639305993406,3,5.7318240378242263e-07
1,426,0.78116429316921376,support,-0.0061850588123961991,-0.00046637972167099711,-0.0061519809749706464,-1151.1282387874132,1261.923968564362,-1786.5218639467523,2,1.6175212293190189e-06
1,427,0.78121890820655282,tool,-0.0023689258659443371,-4.2599494972211482e-05,0.00086661473551340076,683.73611167827391,522.07267857050022,1442.6513429845145,3,5.7998544181463857e-07
1,427,0.78121890820655282,support,-0.0061839138930377627,-0.00052885563226624322,-0.0061532847214800512,-1172.1839364655841,1253.8261881481349,-1767.6421979376719,2,1.6329280555305373e-06
1,428,0.78127352324389188,tool,-0.0023687794018349235,-4.7831831885915862e-05,0.00086645525609446901,685.39104934783768,527.82819481925378,1431.593915922112,3,5.8654576963381583e-07
1,428,0.78127352324389188,support,-0.0061827689736793263,-0.00059133154286148933,-0.006154588467989457,-1193.2888400578274,1245.7282564420623,-1746.2716295051771,2,1.6476283910445144e-06
1,429,0.78132813828123093,tool,-0.0023686329377255104,-5.3064168799620161e-05,0.00086629577667553725,686.51331321961561,533.32136108122552,1419.6739474812273,3,5.9286437134598025e-07
1,429,0.78132813828123093,support,-0.0061816240543208908,-0.00065380745345673501,-0.0061558922144988627,-1214.3486567172829,1237.6488386768294,-1722.7121723277294,2,1.6615506992796042e-06
1,430,0.78138275331856999,tool,-0.0023684864736160972,-5.8296505713324541e-05,0.0008661362972566056,687.42367654363034,538.63376213209358,1407.1291900327162,3,5.989674010872803e-07
1,430,0.78138275331856999,support,-0.0061804791349624553,-0.00071628336405198112,-0.0061571959610082685,-1235.2810399243801,1229.6057705307355,-1697.3845788673857,2,1.6746530381618607e-06
1,431,0.78143736835590905,tool,-0.0023683400095066841,-6.3528842627028921e-05,0.00086597681783767374,688.16614363344729,543.70270580380031,1395.0049376027084,3,6.0477796085152413e-07
1,431,0.78143736835590905,support,-0.0061793342156040189,-0.00077875927464722723,-0.0061584997075176742,-1256.0006012486281,1221.5724077760863,-1671.6678511614241,2,1.6869111866546493e-06
1,432,0.7814919833932481,tool,-0.0023681935453972714,-6.8761179540733329e-05,0.00086581733841874209,688.96414002849735,548.69739500536991,1382.545255887426,3,6.1045291281820735e-07
1,432,0.7814919833932481,support,-0.0061781892962455825,-0.00084123518524247334,-0.00615980345402708,-1276.3336245251357,1213.4831377294645,-1644.8589647369879,2,1.69822056916933e-06
1,433,0.78154659843058716,tool,-0.0023680470812878582,-7.3993516454437655e-05,0.00086565785899981023,690.74540807354197,554.01198985484905,1379.7834270147239,3,6.1714124544032245e-07
1,433,0.78154659843058716,support,-0.0061770443768871478,-0.00090371109583771902,-0.0061611072005364849,-1297.253322943594,1205.9549896484427,-1628.8530700116823,1,1.7102669692178191e-06
1,434,0.78160121346792621,tool,-0.0023679006171784447,-7.9225853368142035e-05,0.00086549837958087847,696.40792325267773,561.33759112825089,1408.0723787477591,3,6.2748329571378492e-07
1,434,0.78160121346792621,support,-0.0061758994575287114,-0.00096618700643296513,-0.0061624109470458897,-1320.6430551154222,1199.3573683149743,-1649.1358449572097,1,1.7267061269473499e-06
1,435,0.78165582850526527,tool,-0.0023677541530690315,-8.4458190281846415e-05,0.00086533890016194683,705.55177617459196,571.41755025499037,1435.4519661585882,3,6.3815431023978714e-07
1,435,0.78165582850526527,support,-0.006174754538170275,-0.0010286629170282112,-0.0061637146935552955,-1343.0084723672906,1191.3897028765812,-1669.2633288876723,1,1.7423332104495731e-06
1,436,0.78171044354260433,tool,-0.0023676076889596188,-8.9690527195550795e-05,0.00086517942074301507,716.54673573190325,582.77172214305745,1462.4344175121917,3,6.4913407764669029e-07
1,436,0.78171044354260433,support,-0.0061736096188118395,-0.0010911388276234574,-0.0061650184400647012,-1364.9090928149153,1182.375854672787,-1689.5201811858879,1,1.7576246070889409e-06
1,437,0.78176505857994338,tool,-0.0023674612248502057,-9.4922864109255121e-05,0.00086501994132408321,728.7717196166891,594.79317201684012,1489.2336313410735,3,6.6023552749115699e-07
1,437,0.78176505857994338,support,-0.006172464699453404,-0.0011536147382187026,-0.006166322186574107,-1386.6591567105122,1172.4663852778194,-1709.9987574391112,1,1.7728100637961347e-06
1,438,0.78181967361728244,tool,-0.0023673147607407921,-0.0001001552010229595,0.00086486046190515156,741.8547087859979,607.23346642254262,1515.9878224780614,3,6.7134981796088816e-07
1,438,0.78181967361728244,support,-0.0061713197800949676,-0.0012160906488139491,-0.0061676259330835127,-1408.43307914805,1161.723994273239,-1730.7296882981755,1,1.7880058325340717e-06
1,439,0.7818742886546215,tool,-0.0023671682966313794,-0.00010538753793666391,0.0008647009824862197,755.58904490910766,620.0177966899638,1542.736159974889,3,6.8245524637283034e-07
1,439,0.7818742886546215,support,-0.0061701748607365312,-0.0012785665594091955,-0.0061689296795929185,-1430.3159288457327,1150.1504658929937,-1751.6980453472179,1,1.803251339469944e-06
1,440,0.78192890369196055,tool,-0.0023670218325219663,-0.00011061987485036829,0.00086454150306728805,769.7968384534995,633.09889098599228,1569.5440353556594,3,6.9354777930928646e-07
1,440,0.78192890369196055,support,-0.0061690299413780956,-0.0013410424700044416,-0.0061702334261023242,-1452.3532730112702,1137.730733682977,-1772.8849625812372,1,1.8185638151124381e-06
1,441,0.78198351872929961,tool,-0.0023668753684125531,-0.00011585221176407267,0.0008643820236483563,784.56323468299217,646.54928456581797,1596.4497749411562,3,7.0467510655120025e-07
1,441,0.78198351872929961,support,-0.0061678850220196601,-0.0014035183805996877,-0.0061715371726117291,-1474.5895580048182,1124.4640256440803,-1794.3205941606136,1,1.8339896223872054e-06
1,442,0.78203813376663867,tool,-0.00236672890430314,-0.00012108454867777698,0.00086422254422942454,799.86331604831173,660.40108052468406,1623.5088205237444,3,7.1583410449389817e-07
1,442,0.78203813376663867,support,-0.0061667401026612237,-0.0014659942911949334,-0.0061728409191211349,-1497.0580248267058,1110.3430718150712,-1816.0324027362767,1,1.8495681335297526e-06
1,443,0.78209274880397772,tool,-0.0023665824401937268,-0.00012631688559148135,0.00086406306481049279,815.68714424715893,674.70202750268743,1650.7293362822413,3,7.2704473772639e-07
1,443,0.78209274880397772,support,-0.0061655951833027882,-0.0015284702017901795,-0.0061741446656305397,-1519.7709069884097,1095.3379311559531,-1838.0113083304736,1,1.8653060665525106e-06
1,444,0.78214736384131678,tool,-0.0023664359760843137,-0.00013154922250518578,0.00086390358539156103,832.15486741748464,689.55908736043659,1678.1682454860934,3,7.3835184814102783e-07
1,444,0.78214736384131678,support,-0.0061644502639443518,-0.0015909461123854256,-0.0061754484121399455,-1542.7251727085738,1079.4180035141771,-1860.2646796641845,1,1.8812128647245629e-06
1,445,0.78220197887865583,tool,-0.0023662895119749006,-0.00013678155941889016,0.00086374410597262917,849.21644020614042,705.01933318422903,1705.778202737195,3,7.4974885972030336e-07
1,445,0.78220197887865583,support,-0.0061633053445859171,-0.0016534220229806717,-0.0061767521586493512,-1565.934557305616,1062.5571765820321,-1882.7882283463787,1,1.8973014069591232e-06
1,446,0.78225659391599489,tool,-0.0023661430478654874,-0.00014201389633259449,0.00086358462655369752,866.94572475983477,721.22869797514954,1733.5190436555972,3,7.6125782400102843e-07
1,446,0.78225659391599489,support,-0.0061621604252274807,-0.001715897933575917,-0.006178055905158757,-1589.3696442554156,1044.706475741267,-1905.5570223386335,1,1.9135507904315813e-06
1,447,0.78231120895333395,tool,-0.0023659965837560743,-0.00014724623324629887,0.00086342514713476576,884.21511455361258,742.39757753494621,1764.91236518139,4,7.7240453684197102e-07
1,447,0.78231120895333395,support,-0.0061610155058690443,-0.0017783738441711635,-0.0061793596516681627,-1615.29884262882,1027.5540543299257,-1931.7447589748267,1,1.9329924050561983e-06
1,448,0.782365823990673,tool,-0.0023658501196466611,-0.00015247857016000325,0.00086326566771583401,887.48282386331175,805.87709256462847,1827.4802852869877,4,7.7534315904258244e-07
1,448,0.782365823990673,support,-0.0061598705865106088,-0.0018408497547664096,-0.0061806633981775685,-1659.80067558064,1023.1671277896686,-1984.9682765250946,1,1.9775855918556171e-06
1,449,0.78242043902801206,tool,-0.002365703655537248,-0.00015771090707370763,0.00086310618829690225,890.33535136862031,864.7977214629924,1876.3407348059338,4,7.7689370732263174e-07
1,449,0.78242043902801206,support,-0.0061587256671521732,-0.0019033256653616557,-0.0061819671446869742,-1696.4757071201302,1010.8904737610751,-2024.4818031547734,1,2.0100846912004394e-06
1,450,0.78247505406535112,tool,-0.0023655571914278349,-0.00016294324398741195,0.0008629467088779705,895.23384431986051,916.35328088042354,1919.091939124381,4,7.801101082529488e-07
1,450,0.78247505406535112,support,-0.0061575807477937368,-0.0019658015759569008,-0.00618327089119638,-1729.4170479439526,994.33529966235142,-2058.2627785667382,1,2.0372406346995386e-06
1,451,0.78252966910269017,tool,-0.0023654107273184217,-0.00016817558090111631,0.00086278722945903874,902.37742509099417,962.14625784761222,1958.524021177835,4,7.8554897541601582e-07
1,451,0.78252966910269017,support,-0.0061564358284353013,-0.0020282774865521477,-0.0061845746377057849,-1760.5896692786973,974.97263374230488,-2089.2644455540981,1,2.0617945922377437e-06
1,452,0.78258428414002923,tool,-0.0023652642632090086,-0.00017340791781482071,0.00086262775004010699,911.6165707542832,1004.3079418321264,1995.9703543431683,4,7.9298360385060551e-07
1,452,0.78258428414002923,support,-0.0061552909090768658,-0.0020907533971473938,-0.0061858783842151906,-1790.8475977580904,953.43970492264316,-2118.8086039498262,1,2.0849716142901792e-06
1,453,0.78263889917736829,tool,-0.0023651177990995954,-0.00017864025472852512,0.00086246827062117534,922.715682287954,1044.4892330155999,2032.1408477750103,4,8.0205900302408872e-07
1,453,0.78263889917736829,support,-0.0061541459897184294,-0.00215322930774264,-0.0061871821307245964,-1820.5421652366522,930.01343204873012,-2147.5141668003907,1,2.1073335391636264e-06
1,454,0.78269351421470734,tool,-0.0023649713349901827,-0.00018387259164222939,0.00086230879120224348,935.344312015696,1083.9170615242533,2067.3227518988665,4,8.124497032991132e-07
1,454,0.78269351421470734,support,-0.006153001070359993,-0.0022157052183378852,-0.0061884858772340012,-1849.7787299094898,904.79596339975183,-2175.6302742516395,1,2.1291053523865566e-06
1,455,0.7827481292520464,tool,-0.0023648248708807692,-0.0001891049285559338,0.00086214931178331172,949.10381067218134,1123.4839243423919,2101.573161609826,4,8.2387669776695649e-07
1,455,0.7827481292520464,support,-0.0061518561510015574,-0.0022781811289331317,-0.006189789623743407,-1878.5300019166998,877.80417655099541,-2203.2027696420982,1,2.150330859408689e-06
1,456,0.78280274428938545,tool,-0.002364678406771356,-0.00019433726546963821,0.00086198983236437997,963.56568495414319,1163.9386637180469,2134.8653370849815,4,8.3611703901968759e-07
1,456,0.78280274428938545,support,-0.0061507112316431219,-0.0023406570395283779,-0.0061910933702528127,-1906.6634513339184,849.00530814629019,-2230.1350719456645,1,2.1709239216025425e-06
1,457,0.78285735932672451,tool,-0.0023645319426619433,-0.00019956960238334256,0.00086183035294544832,978.20803358251453,1205.8412342767228,2166.990802636185,4,8.4899136119660074e-07
1,457,0.78285735932672451,support,-0.0061495663122846864,-0.002403132950123624,-0.0061923971167622185,-1933.9759746905991,818.34252981611257,-2256.2333259231168,1,2.1907122678133106e-06
1,458,0.78291197436406357,tool,-0.0023643854785525302,-0.00020480193929704689,0.00086167087352651656,992.39596130426821,1249.6487181884354,2197.7338714051048,4,8.6234602953306344e-07
1,458,0.78291197436406357,support,-0.00614842139292625,-0.0024656088607188692,-0.0061937008632716242,-1960.1953593139865,785.74875562099373,-2281.2211637547657,1,2.2094482167063501e-06
1,459,0.78296658940140262,tool,-0.0023642390144431166,-0.00021003427621075127,0.00086151139410758481,1004.2517618334163,1295.9979706502781,2227.4227844681386,3,8.7598762503731525e-07
1,459,0.78296658940140262,support,-0.0061472764735678136,-0.0025280847713141153,-0.00619500460978103,-1984.8524066511193,751.08142782342657,-2304.5251953209477,1,2.2266274165407343e-06
1,460,0.78302120443874168,tool,-0.0023640925503337039,-0.0002152666131244557,0.00086135191468865295,1013.4050780932572,1344.6649509925669,2255.3454124095665,3,8.8976018566139237e-07
1,460,0.78302120443874168,support,-0.006146131554209378,-0.0025905606819093619,-0.0061963083562904349,-2007.6240472050695,714.35172215859802,-2326.0617641554877,1,2.2420934956751334e-06
1,461,0.78307581947608074,tool,-0.0023639460862242907,-0.00022049895003816005,0.00086119243526972119,1032.2392277112717,1382.3284429513194,2309.4258032815073,3,9.1500667400486874e-07
1,461,0.78307581947608074,support,-0.0061449866348509425,-0.002653036592504608,-0.0061976121027998406,-2041.3211744074849,685.5842106413844,-2372.5978049155942,2,2.2332985649122991e-06
1,462,0.78313043451341979,tool,-0.0023637996221148776,-0.00022573128695186435,0.00086103295585078954,1057.4618603034537,1408.9549130581081,2384.4314380154519,3,9.4816456689284651e-07
1,462,0.78313043451341979,support,-0.0061438417154925061,-0.0027155125030998532,-0.0061989158493092455,-2077.576705278771,662.15056491505948,-2438.5384314454873,2,2.189620011822796e-06
1,463,0.78318504955075885,tool,-0.002363653158005464,-0.00023096362386556876,0.00086087347643185779,1072.6168872475132,1452.213805586525,2434.3174348627686,3,9.7185863705013392e-07
1,463,0.78318504955075885,support,-0.0061426967961340697,-0.0027779884136950993,-0.0062002195958186512,-2096.3209217684011,628.88174553668478,-2480.7934342625135,2,2.1500883894166878e-06
1,464,0.78323966458809791,tool,-0.0023635066938960513,-0.00023619596077927311,0.00086071399701292603,1081.1119328701407,1505.1644173390673,2468.7951110566141,3,9.9104708149375109e-07
1,464,0.78323966458809791,support,-0.006141551876775635,-0.0028404643242903459,-0.006201523342328057,-2105.7452530616752,589.99839243296515,-2508.5317255073878,2,2.112509040194839e-06
1,465,0.78329427962543696,tool,-0.0023633602297866382,-0.00024142829769297755,0.00086055451759399428,1081.5206024842878,1564.410394092045,2491.7765618660128,3,1.0076063481027214e-06
1,465,0.78329427962543696,support,-0.0061404069574171986,-0.002902940234885592,-0.0062028270888374627,-2107.5554723989999,547.2366187257071,-2525.2699586225121,2,2.073700915596402e-06
1,466,0.78334889466277602,tool,-0.002363213765677225,-0.00024666063460668187,0.00086039503817506252,1070.3565955915901,1626.7055007686511,2505.2052038860688,3,1.0219564316755331e-06
1,466,0.78334889466277602,support,-0.0061392620380587622,-0.0029654161454808372,-0.0062041308353468685,-2101.5960310833311,501.57573173016294,-2532.5114155332944,2,2.0304269294805707e-06
1,467,0.78340350970011507,tool,-0.0023630673015678115,-0.00025189297152038625,0.00086023555875613077,1044.1102650356365,1684.9205571013574,2512.0408519492394,3,1.0337021742077776e-06
1,467,0.78340350970011507,support,-0.0061381171187003267,-0.0030278920560760834,-0.0062054345818562742,-2087.4705296805623,454.06015869458622,-2532.4112079372339,2,1.9776730454607386e-06
1,468,0.78345812473745413,tool,-0.0023629208374583988,-0.00025712530843409063,0.00086007607933719901,1008.1384314539289,1729.8320423292382,2519.3941465789949,3,1.0442270466917355e-06
1,468,0.78345812473745413,support,-0.0061369721993418912,-0.0030903679666713295,-0.0062067383283656791,-2069.4893474509186,406.22516049278249,-2531.1659303215811,2,1.9161636485142547e-06
1,469,0.78351273977479319,tool,-0.0023627743733489856,-0.00026235764534779501,0.00085991659991826726,972.37254820514795,1759.3679843640925,2530.1141129432553,3,1.0553153301845128e-06
1,469,0.78351273977479319,support,-0.0061358272799834548,-0.003152843877266576,-0.0062080420748750849,-2051.3889945130113,358.73758389033947,-2531.5629242374966,2,1.8481462288480813e-06
1,470,0.78356735481213224,tool,-0.0023626279092395725,-0.00026758998226149934,0.0008597571204993355,940.88701679545557,1777.4647750915387,2541.3334317712252,3,1.0675122363553238e-06
1,470,0.78356735481213224,support,-0.0061346823606250184,-0.0032153197878618213,-0.0062093458213844906,-2031.9005537555008,311.32063760964854,-2531.1928156785834,2,1.7729806319997932e-06
1,471,0.7836219698494713,tool,-0.0023624814451301593,-0.00027282231917520367,0.00085959764108040375,911.82289170906017,1786.8014755543052,2547.6571500940945,3,1.0802686462238476e-06
1,471,0.7836219698494713,support,-0.0061335374412665837,-0.0032777956984570674,-0.0062106495678938963,-2006.9207126025158,263.59223617245573,-2525.4644357207449,2,1.6880250128898863e-06
1,472,0.78367658488681036,tool,-0.0023623349810207462,-0.0002780546560889081,0.00085943816166147199,881.07888220642963,1785.8721649087265,2538.8809343401708,3,1.0925117806563286e-06
1,472,0.78367658488681036,support,-0.0061323925219081473,-0.0033402716090523135,-0.0062119533144033012,-1969.4656713481518,215.3114196331581,-2506.1342153969667,2,1.5876446745281131e-06
1,473,0.78373119992414941,tool,-0.0023621885169113331,-0.00028328699300261248,0.00085927868224254023,847.21146375544959,1771.5246353919224,2509.0438706011837,3,1.1002536319899489e-06
1,473,0.78373119992414941,support,-0.0061312476025497109,-0.0034027475196475605,-0.006213257060912707,-1915.6885939319172,166.61437637525671,-2467.4915610526914,2,1.472432651623487e-06
1,474,0.78378581496148847,tool,-0.0023620420528019199,-0.00028851932991631686,0.00085911920282360859,810.26013971939255,1743.9848516955524,2454.5220576222127,3,1.103449219956934e-06
1,474,0.78378581496148847,support,-0.0061301026831912754,-0.0034652234302428066,-0.0062145608074221127,-1843.466020406911,118.44513531842422,-2405.942698830434,2,1.3434933185032388e-06
1,475,0.78384042999882753,tool,-0.0023618955886925068,-0.00029375166683002119,0.00085895972340467672,766.47028306362517,1698.4433266392916,2367.9942722967971,3,1.0982557965269132e-06
1,475,0.78384042999882753,support,-0.0061289577638328398,-0.0035276993408380518,-0.0062158645539315185,-1747.7485005932924,71.988304249536839,-2314.1862140016319,2,1.1980142733828206e-06
1,476,0.78389504503616658,tool,-0.0023617491245830936,-0.00029898400374372557,0.00085880024398574497,713.1325328630528,1630.9797995685392,2243.7824017288835,3,1.0816959808562787e-06
1,476,0.78389504503616658,support,-0.0061278128444744034,-0.0035901752514332979,-0.0062171683004409242,-1624.4483139439712,29.089746577654239,-2186.4519768645478,2,1.0337616821566933e-06
1,477,0.78394966007350564,tool,-0.0023616026604736805,-0.00030421634065742995,0.00085864076456681321,647.63456582107301,1536.117131821758,2075.8776299886017,3,1.0484557967215674e-06
1,477,0.78394966007350564,support,-0.0061266679251159679,-0.0036526511620285445,-0.0062184720469503291,-1468.9099732308109,-7.7890881202764746,-2016.4939958882887,2,9.3356527701687203e-07
1,478,0.7840042751108447,tool,-0.0023614561963642678,-0.00030944867757113433,0.00085848128514788146,568.40719588215359,1410.758769772815,1859.6455847953357,3,9.9590413400567346e-07
1,478,0.7840042751108447,support,-0.0061255230057575315,-0.0037151270726237906,-0.0062197757934597349,-1277.4200356384754,-35.665359506742817,-1799.5781576767095,2,9.4081235410461289e-07
1,479,0.78405889014818375,tool,-0.0023613097322548542,-0.00031468101448483865,0.00085832180572894981,474.0380091708264,1251.3151905024367,1589.8593601702651,3,9.2055119439021782e-07
1,479,0.78405889014818375,support,-0.006124378086399096,-0.0037776029832190358,-0.0062210795399691406,-1046.2595574705606,-51.143891801506925,-1530.398792775185,2,9.2861700423749888e-07
1,480,0.78411350518552281,tool,-0.0023611632681454415,-0.00031991335139854309,0.00085816232631001806,362.91533764875396,1053.7313313045702,1261.1173313473805,3,8.1800940558880708e-07
1,480,0.78411350518552281,support,-0.0061232331670406596,-0.0038400788938142819,-0.0062223832864785463,-771.99991904821695,-50.368243000241399,-1203.548319336478,2,8.9302967549911155e-07
1,481,0.78416812022286186,tool,-0.0023610168040360279,-0.00032514568831224741,0.0008580028468910863,284.03509727378338,896.00273337580234,1000.064690286313,3,7.2377193941538381e-07
1,481,0.78416812022286186,support,-0.006122088247682224,-0.0039025548044095285,-0.0062236870329879521,-574.16427510451126,-49.974396690157278,-940.21015878952937,1,7.8380158016234935e-07
1,482,0.78418067415196235,tool,-0.0023609831374830983,-0.00032634840444767236,0.00085796618861131932,271.66396494453147,865.49057253767933,950.01753652484069,3,7.0239935143733001e-07
1,482,0.78418067415196235,support,-0.0061218250740737844,-0.0039169156506217552,-0.0062239867149444517,-541.6436974585597,-51.299015197550148,-889.41974580597025,1,7.4103961373618576e-07
1,483,0.78423528918930141,tool,-0.0023565164006002282,-0.00032907975559333998,0.00085785565564252977,248.26248761056254,965.80977715115228,1072.9269495002884,2,7.8072021974552597e-07
1,483,0.78423528918930141,support,-0.0061081415342741884,-0.0039242477373372274,-0.0062256011864425245,-711.74084029019605,-98.542136226257554,-1006.6066129978784,1,8.7900641526465761e-07
1,484,0.78428990422664047,tool,-0.0023520496637173577,-0.00033181110673900755,0.00085774512267374034,230.26506558126397,1077.7657276322493,1249.6436924591878,2,8.6038038961833846e-07
1,484,0.78428990422664047,support,-0.0060944579944745923,-0.0039315798240526995,-0.0062272156579405982,-884.18765761391387,-146.75762640806482,-1182.7372741552024,2,9.3870488749019793e-07
1,485,0.78434451926397952,tool,-0.0023475829268344876,-0.00033454245788467517,0.0008576345897049508,239.67140556083166,1215.5628689216269,1467.1447959013933,3,9.5278868255267019e-07
1,485,0.78434451926397952,support,-0.006080774454674997,-0.0039389119107681725,-0.006228830129438671,-1103.586299398866,-201.0619475738539,-1403.5970970115829,2,9.5443040057808376e-07
1,486,0.78439913430131858,tool,-0.0023431161899516175,-0.00033727380903034279,0.00085752405673616137,268.13699486658817,1331.822025755617,1670.4891607792081,3,1.013495879930229e-06
1,486,0.78439913430131858,support,-0.0060670909148754009,-0.0039462439974836446,-0.006230444600936743,-1306.5286308559728,-251.389131436958,-1606.4317835215722,2,9.5018279580583176e-07
1,487,0.78445374933865764,tool,-0.0023386494530687478,-0.00034000516017601042,0.00085741352376737193,293.59189750365056,1428.8993996181457,1851.0441195275907,3,1.061954600085728e-06
1,487,0.78445374933865764,support,-0.0060534073750758048,-0.0039535760841991167,-0.0062320590724348158,-1485.3759982529766,-294.75657368270089,-1787.0436168446352,2,9.3429689321765375e-07
1,488,0.78450836437599669,tool,-0.0023341827161858773,-0.00034273651132167798,0.00085730299079858239,322.06781570271244,1502.0597974910588,1999.237590940251,3,1.093273947161584e-06
1,488,0.78450836437599669,support,-0.0060397238352762088,-0.0039609081709145889,-0.0062336735439328895,-1633.4423172042577,-331.79850210812521,-1935.5758751585468,2,9.1637363338215733e-07
1,489,0.78456297941333575,tool,-0.0023297159793030072,-0.00034546786246734561,0.00085719245782979285,348.67497237855275,1553.5202595369917,2112.4184567389448,3,1.1098280340267677e-06
1,489,0.78456297941333575,support,-0.0060260402954766127,-0.0039682402576300619,-0.0062352880154309624,-1747.9052611074335,-361.96976380412866,-2048.9662077371154,2,1.0726392046869759e-06
1,490,0.7846175944506748,tool,-0.0023252492424201371,-0.00034819921361301323,0.00085708192486100331,372.13969146134974,1592.2717719537027,2204.3768936023921,3,1.1179336976262916e-06
1,490,0.7846175944506748,support,-0.0060123567556770166,-0.003975572344345534,-0.0062369024869290352,-1840.9533375542119,-388.45534275892282,-2140.8231381986766,2,1.2099439551114047e-06
1,491,0.78467220948801386,tool,-0.0023207825055372674,-0.00035093056475868085,0.00085697139189221398,391.27048247688765,1618.1200826830211,2280.482704174598,3,1.1192866344426899e-06
1,491,0.78467220948801386,support,-0.0059986732158774213,-0.0039829044310610061,-0.006238516958427108,-1913.4798046468818,-411.22002711477751,-2215.6905518848266,2,1.3192477749130599e-06
1,492,0.78472682452535292,tool,-0.0023163157686543969,-0.00035366191590434847,0.00085686085892342444,412.04244298245686,1639.4785069492636,2349.5247777252498,3,1.1191446542659425e-06
1,492,0.78472682452535292,support,-0.0059849896760778253,-0.0039902365177764791,-0.0062401314299251817,-1977.6579172688394,-433.13260880988838,-2282.9962112206267,2,1.4171566829392773e-06
1,493,0.78478143956269197,tool,-0.0023118490317715268,-0.00035639326705001609,0.0008567503259546349,433.80994254212567,1658.0770535090185,2413.7255439645951,3,1.1184517091020196e-06
1,493,0.78478143956269197,support,-0.0059713061362782292,-0.0039975686044919512,-0.0062417459014232545,-2035.2668772677275,-454.29643882808381,-2344.8271596293735,2,1.5057143335807377e-06
1,494,0.78483605460003103,tool,-0.0023073822948886566,-0.00035912461819568366,0.00085663979298584558,455.88590466374404,1674.8700950200271,2474.1690184661647,3,1.1175800883464135e-06
1,494,0.78483605460003103,support,-0.0059576225964786331,-0.0040049006912074234,-0.0062433603729213274,-2087.5072172031855,-474.82635384818229,-2402.3829841087681,2,1.5864794952798883e-06
1,495,0.78489066963737009,tool,-0.0023029155580057861,-0.00036185596934135128,0.00085652926001705603,477.91208266711499,1689.9331396430991,2531.1200074760663,3,1.1165899871925719e-06
1,495,0.78489066963737009,support,-0.005943939056679037,-0.0040122327779228955,-0.0062449748444194011,-2134.5167565047923,-494.4687420348024,-2455.9714853599567,2,1.6598177752487689e-06
1,496,0.78494528467470914,tool,-0.002298448821122916,-0.00036458732048701891,0.00085641872704826649,499.98997409752684,1703.8663970153525,2584.8003150164955,3,1.1157826625878345e-06
1,496,0.78494528467470914,support,-0.0059302555168794409,-0.0040195648646383685,-0.0062465893159174739,-2176.5633789775757,-513.1907422470714,-2505.8566064445672,2,1.7261592587004826e-06
1,497,0.7849998997120482,tool,-0.0022939820842400459,-0.00036731867163268647,0.00085630819407947706,521.45575804505643,1716.8443557427672,2634.9462844890468,3,1.1152880720361608e-06
1,497,0.7849998997120482,support,-0.0059165719770798448,-0.0040268969513538406,-0.0062482037874155459,-2214.0462273221196,-531.08110302521743,-2552.2370094404614,2,1.7861943356596924e-06
1,498,0.78505451474938726,tool,-0.0022895153473571758,-0.0003700500227783541,0.00085619766111068752,540.3622475215933,1727.9165475200621,2680.6680759754095,3,1.1148098917239738e-06
1,498,0.78505451474938726,support,-0.0059028884372802487,-0.0040342290380693127,-0.0062498182589136187,-2246.037635513871,-547.70935612955475,-2594.2275518383467,2,1.8391204009270828e-06
1,499,0.78510912978672631,tool,-0.0022850486104743057,-0.00037278137392402172,0.00085608712814189798,558.22569483466032,1738.120656574901,2723.4847000281229,3,1.1145522995264015e-06
1,499,0.78510912978672631,support,-0.0058892048974806535,-0.0040415611247847857,-0.0062514327304116924,-2274.1519768935468,-563.64262406433966,-2633.079381482677,2,1.8866893509699584e-06
1,500,0.78516374482406537,tool,-0.0022805818735914356,-0.00037551272506968934,0.00085597659517310854,574.32043563637285,1747.3203089098856,2762.862900163128,3,1.1147972669460146e-06
1,500,0.78516374482406537,support,-0.0058755213576810574,-0.004048893211500257,-0.0062530472019097652,-2298.3185856237205,-578.83525331001692,-2668.6793843858636,2,1.9291140358947828e-06
1,501,0.78521835986140442,tool,-0.0022761151367085655,-0.00037824407621535696,0.00085586606220431911,587.16483934714415,1754.5709956997157,2797.1218478849987,3,1.1158924083298424e-06
1,501,0.78521835986140442,support,-0.0058618378178814613,-0.00405622529821573,-0.0062546616734078381,-2317.1015685783291,-592.74307919633281,-2699.8487446244981,2,1.9646551467893819e-06
1,502,0.78527297489874348,tool,-0.0022716483998256954,-0.00038097542736102458,0.00085575552923552957,599.4047665066405,1761.6705700941716,2829.1381587809306,3,1.1172834109606303e-06
1,502,0.78527297489874348,support,-0.0058481542780818652,-0.0040635573849312021,-0.0062562761449059118,-2333.8116254777697,-606.681381291344,-2728.9709986779158,2,1.9970810499750011e-06
1,503,0.78532758993608254,tool,-0.0022671816629428248,-0.00038370677850669221,0.00085564499626674013,610.65359306366543,1768.3353575373649,2859.000117335403,3,1.1189433899395571e-06
1,503,0.78532758993608254,support,-0.0058344707382822691,-0.0040708894716466743,-0.0062578906164039837,-2348.3468363470552,-620.39914711960796,-2756.1362722893846,2,2.026601752691537e-06
1,504,0.78538220497342159,tool,-0.0022627149260599547,-0.00038643812965235972,0.00085553446329795059,620.91118635206863,1774.6168936218121,2886.9752462779234,3,1.120857050533261e-06
1,504,0.78538220497342159,support,-0.005820787198482673,-0.0040782215583621472,-0.0062595050879020566,-2360.9389155013109,-633.87607203594973,-2781.6318321220447,2,2.0535832534925025e-06
1,505,0.78543682001076065,tool,-0.0022582481891770846,-0.0003891694807980274,0.00085542393032916105,629.26135961489877,1779.8528561661606,2912.6458753450361,3,1.1229122644342351e-06
1,505,0.78543682001076065,support,-0.0058071036586830778,-0.0040855536450776194,-0.0062611195594001303,-2370.9579116135587,-646.67744630192578,-2805.1814262146067,2,2.0773657564577414e-06
1,506,0.78549143504809971,tool,-0.0022537814522942145,-0.00039190083194369496,0.00085531339736037162,636.8213540302205,1784.7809845124796,2936.6891700565639,3,1.1251726232241327e-06
1,506,0.78549143504809971,support,-0.0057934201188834826,-0.0040928857317930924,-0.006262734030898204,-2379.3376841470922,-659.239837043281,-2827.3822363068716,2,2.0988964377216535e-06
1,507,0.78554605008543876,tool,-0.0022493147154113444,-0.00039463218308936259,0.00085520286439158219,643.42751188984971,1789.2643879901482,2958.949322220763,3,1.1275719914612126e-06
1,507,0.78554605008543876,support,-0.0057797365790838865,-0.0041002178185085645,-0.0062643485023962768,-2385.9718334941558,-671.42730720965619,-2848.1651141358011,2,2.1182646008800071e-06
1,508,0.78560066512277782,tool,-0.0022448479785284743,-0.00039736353423503026,0.00085509233142279264,649.83944071373548,1793.8998103987892,2980.0813053205493,3,1.1301787149467155e-06
1,508,0.78560066512277782,support,-0.0057660530392842904,-0.0041075499052240366,-0.0062659629738943488,-2391.6760929328861,-683.71886754318007,-2867.9811314765052,2,2.1362849523020103e-06
1,509,0.78565528016011688,tool,-0.0022403812416456042,-0.00040009488538069788,0.00085498179845400332,655.82633492962407,1798.491806518824,3000.1941461479946,3,1.1329558564747433e-06
1,509,0.78565528016011688,support,-0.0057523694994846943,-0.0041148819919395088,-0.0062675774453924225,-2396.3961490838037,-695.95258018117238,-2886.9393246071068,2,2.15312114002289e-06
1,510,0.78570989519745593,tool,-0.0022359145047627341,-0.00040282623652636545,0.00085487126548521378,661.54964853729143,1803.0926505554867,3019.6022587150719,3,1.1359078320267654e-06
1,510,0.78570989519745593,support,-0.0057386859596850982,-0.0041222140786549809,-0.0062691919168904953,-2400.3330208053476,-708.13256786353259,-2905.3112886729432,2,2.1689987572456187e-06
1,511,0.78576451023479499,tool,-0.002231447767879864,-0.00040555758767203307,0.00085476073251642424,667.02254012394872,1807.6967865128217,3038.4289035213665,3,1.1390138969840854e-06
1,511,0.78576451023479499,support,-0.0057250024198855021,-0.0041295461653704539,-0.0062708063883885681,-2403.5606102507409,-720.25545536580194,-2923.1930409493339,2,2.1840399604322255e-06
1,512,0.78581912527213404,tool,-0.0022269810309969939,-0.0004082889388177007,0.00085465019954763469,672.27972622398431,1812.3092511300561,3056.6839339014878,3,1.1422390037516689e-06
1,512,0.78581912527213404,support,-0.0057113188800859069,-0.004136878252085926,-0.0062724208598866418,-2406.1238177122996,-732.33929237309644,-2940.6009341100817,2,2.19832887512518e-06
1,513,0.7858737403094731,tool,-0.0022225142941141238,-0.00041102028996336832,0.00085453966657884526,677.29608345727161,1816.8854569067603,3074.3992450326168,3,1.1455680945706564e-06
1,513,0.7858737403094731,support,-0.0056976353402863108,-0.0041442103388013981,-0.0062740353313847147,-2408.0460255397966,-744.36412771876326,-2957.5728612160597,2,2.2119300695042782e-06
1,514,0.78592835534681216,tool,-0.0022180475572312532,-0.00041375164110903583,0.00085442913361005572,682.11893692561944,1821.449305194637,3091.6372699938374,3,1.1489936749741955e-06
1,514,0.78592835534681216,support,-0.0056839518004867147,-0.0041515424255168703,-0.0062756498028827866,-2409.3800287054137,-756.33910372065588,-2974.158982443083,2,2.2249077489891467e-06
1,515,0.78598297038415121,tool,-0.0022135808203483831,-0.00041648299225470345,0.00085431860064126618,686.73038803451925,1825.9758757541172,3108.3725222231942,3,1.1525025501273045e-06
1,515,0.78598297038415121,support,-0.0056702682606871186,-0.0041588745122323433,-0.0062772642743808595,-2410.1157333556243,-768.25651296004503,-2990.3333596729481,2,2.2372719218786627e-06
1,516,0.78603758542149027,tool,-0.002209114083465513,-0.00041921434340037113,0.00085420806767247674,691.12057851448503,1830.4427148356933,3124.5706095815081,3,1.1560702779722307e-06
1,516,0.78603758542149027,support,-0.0056565847208875216,-0.0041662065989478154,-0.0062788787458789332,-2410.2429889586547,-780.10161692366091,-3006.0765256059103,2,2.2490355265523607e-06
1,517,0.78609220045882933,tool,-0.0022046473465826429,-0.0004219456945460387,0.00085409753470368731,695.35223925730918,1834.8804359337576,3140.3459107449439,3,1.1597054076625465e-06
1,517,0.78609220045882933,support,-0.0056429011810879256,-0.0041735386856632875,-0.006280493217377006,-2409.8842055140303,-791.93881481903475,-3021.4852359537672,2,2.2602969265662562e-06
1,518,0.78614681549616838,tool,-0.0022001806096997728,-0.00042467704569170632,0.00085398700173489777,699.4512325231384,1839.2859384458754,3155.7297617844542,3,1.1633844877855654e-06
1,518,0.78614681549616838,support,-0.0056292176412883303,-0.0041808707723787596,-0.0062821076888750788,-2409.064518383911,-803.76934073204905,-3036.5820052440545,2,2.2710957516035649e-06
1,519,0.78620143053350744,tool,-0.0021957138728169023,-0.00042740839683737394,0.00085387646876610834,703.42567803322299,1843.6539326238737,3170.7718544430309,3,1.1671041884346242e-06
1,519,0.78620143053350744,support,-0.0056155341014887342,-0.0041882028590942318,-0.0062837221603731517,-2407.8108860936159,-815.58470884652343,-3051.409560297112,2,2.2814967005407513e-06
1,520,0.7862560455708465,tool,-0.0021912471359340322,-0.00043013974798304156,0.00085376593579731879,707.27700762563768,1847.9776302349208,3185.4463676103342,3,1.1708575538664501e-06
1,520,0.7862560455708465,support,-0.0056018505616891381,-0.0041955349458097048,-0.0062853366318712245,-2406.1218408665723,-827.38609549979458,-3065.943404205967,2,2.2915142363112706e-06
1,521,0.78631066060818555,tool,-0.0021867803990511621,-0.00043287109912870913,0.00085365540282852925,711.02554655024926,1852.2691787618169,3199.7742693426858,3,1.1746265311547016e-06
1,521,0.78631066060818555,support,-0.005588167021889542,-0.0042028670325251769,-0.0062869511033692973,-2404.020607778958,-839.17866084807326,-3080.2006132966171,2,2.3011756219819268e-06
1,522,0.78636527564552461,tool,-0.0021823136621682919,-0.00043560245027437675,0.00085354486985973971,714.65173314681795,1856.5041326915195,3213.7182150257267,3,1.1783980425443541e-06
1,522,0.78636527564552461,support,-0.005574483482089946,-0.004210199119240649,-0.0062885655748673702,-2401.4995409943972,-850.95520591263778,-3094.1669638759772,2,2.3104764297621205e-06
1,523,0.78641989068286366,tool,-0.0021778469252854218,-0.00043833380142004437,0.00085343433689095039,718.16649683818719,1860.6606213832911,3227.314501595577,3,1.1821650160717331e-06
1,523,0.78641989068286366,support,-0.0055607999422903499,-0.004217531205956122,-0.0062901800463654439,-2398.5826507824099,-862.71345453470553,-3107.8755591044646,2,2.3194530042484549e-06
1,524,0.78647450572020272,tool,-0.0021733801884025517,-0.00044106515256571194,0.00085332380392216084,721.57814277420573,1864.7402974515589,3240.5650685259316,3,1.1859174545688148e-06
1,524,0.78647450572020272,support,-0.0055471164024907546,-0.0042248632926715941,-0.0062917945178635167,-2395.2833234890768,-874.45741549181105,-3121.3291206454569,2,2.3281218402924214e-06
1,525,0.78652912075754178,tool,-0.0021689134515196816,-0.00044379650371137956,0.0008532132709533713,724.90475686533591,1868.73943401357,3253.473223438501,3,1.1896340767116736e-06
1,525,0.78652912075754178,support,-0.0055334328626911585,-0.0042321953793870663,-0.0062934089893615895,-2391.6077126310411,-886.18067882460207,-3134.5316098419294,2,2.3365015229780128e-06
1,526,0.78658373579488083,tool,-0.0021644467146368115,-0.00044652785485704719,0.00085310273798458187,728.12332064063935,1872.638852891921,3266.0053168757922,3,1.1933105196950539e-06
1,526,0.78658373579488083,support,-0.0055197493228915625,-0.0042395274661025384,-0.0062950234608596632,-2387.5451410051523,-897.88165223701264,-3147.4529641770305,2,2.3445822347790968e-06
1,527,0.78663835083221989,tool,-0.0021599799777539414,-0.00044925920600271481,0.00085299220501579244,731.22514847642083,1876.4322083492798,3278.1622718587273,3,1.1969448808725122e-06
1,527,0.78663835083221989,support,-0.0055060657830919672,-0.0042468595528180114,-0.0062966379323577352,-2383.0992653253757,-909.55736891249012,-3160.0936710174251,2,2.3523660485046116e-06
1,528,0.78669296586955895,tool,-0.0021555132408710709,-0.00045199055714838243,0.0008528816720470029,734.20774863740849,1880.1132842291581,3289.9338153746494,3,1.2005290093326793e-06
1,528,0.78669296586955895,support,-0.0054923822432923703,-0.0042541916395334826,-0.006298252403855808,-2378.2691064204255,-921.2044140851159,-3172.4430205790713,2,2.3598543862843324e-06
1,529,0.786747580906898,tool,-0.0021510465039882012,-0.00045472190829405,0.00085277113907821335,737.05855398652886,1883.659852143735,3301.3078600822128,3,1.2040517108130241e-06
1,529,0.786747580906898,support,-0.005478698703492775,-0.0042615237262489556,-0.0062998668753538817,-2373.0509649038368,-932.81982241936339,-3184.4846374953136,2,2.3670407086392314e-06
1,530,0.78680219594423706,tool,-0.0021465797671053307,-0.00045745325943971767,0.00085266060610942392,739.77463086856596,1887.0690098043715,3312.2672546371678,3,1.2075061783288835e-06
1,530,0.78680219594423706,support,-0.005465015163693179,-0.0042688558129644286,-0.0063014813468519545,-2367.4407933286284,-944.39586773267695,-3196.2075997042316,2,2.3739264384458822e-06
1,531,0.78685681098157612,tool,-0.0021421130302224606,-0.00046018461058538524,0.00085255007314063449,742.35165014179597,1890.3397934376135,3322.7926932420596,3,1.2108905216500973e-06
1,531,0.78685681098157612,support,-0.0054513316238935837,-0.0042761878996799008,-0.0063030958183500282,-2361.4319507763771,-955.92606832960814,-3207.5949137898265,2,2.3805036870510124e-06
1,532,0.78691142601891517,tool,-0.0021376462933395905,-0.00046291596173105286,0.00085243954017184495,744.78059703848589,1893.4624433564063,3332.868433200003,3,1.2141927847372086e-06
1,532,0.78691142601891517,support,-0.0054376480840939876,-0.0042835199863953729,-0.0063047102898481002,-2355.0196388305426,-967.40241498526541,-3218.6330252435077,2,2.3867704871021259e-06
1,533,0.78696604105625423,tool,-0.0021331795564567204,-0.00046564731287672043,0.00085232900720305551,747.05599366672777,1896.4332097605925,3342.4750494662721,3,1.217408629140479e-06
1,533,0.78696604105625423,support,-0.0054239645442943915,-0.004290852073110845,-0.0063063247613461739,-2348.1987194543844,-978.81786297888004,-3229.3059029867095,2,2.3927231548922373e-06
1,534,0.78702065609359328,tool,-0.0021287128195738502,-0.00046837866402238805,0.00085221847423426597,749.16227447324081,1899.2514378359565,3351.5446799963406,3,1.2205217819636835e-06
1,534,0.78702065609359328,support,-0.0054102810044947955,-0.0042981841598263171,-0.0063079392328442467,-2340.9052175139786,-990.11632402748614,-3239.565297967064,2,2.3982935897426047e-06
1,535,0.78707527113093234,tool,-0.0021242460826909801,-0.00047111001516805568,0.00085210794126547654,751.09654832039348,1901.903026689007,3360.0869260455147,3,1.2235259487574854e-06
1,535,0.78707527113093234,support,-0.0053965974646951985,-0.0043055162465417893,-0.0063095537043423196,-2333.191205428353,-1001.3458751618263,-3249.410085366022,2,2.4035224452266177e-06
1,536,0.7871298861682714,tool,-0.0021197793458081096,-0.0004738413663137233,0.000851997408296687,752.841016995426,1904.3707164342356,3368.0807193909791,3,1.2264112383515366e-06
1,536,0.7871298861682714,support,-0.0053829139248956024,-0.0043128483332572623,-0.0063111681758403924,-2325.0461858427416,-1012.4922851000945,-3258.8202200016476,2,2.4084057914947749e-06
1,537,0.78718450120561045,tool,-0.0021153126089252399,-0.00047657271745939092,0.00085188687532789756,754.3833192764298,1906.6465691983424,3375.4982292101568,3,1.2291717992008941e-06
1,537,0.78718450120561045,support,-0.0053692303850960072,-0.0043201804199727353,-0.0063127826473384652,-2316.4583594378764,-1023.5425508369553,-3267.7704376234178,2,2.4129337664602346e-06
1,538,0.78723911624294951,tool,-0.0021108458720423698,-0.00047930406860505854,0.00085177634235910813,755.70817403098727,1908.7187346854544,3382.3124709441636,3,1.2317966244373979e-06
1,538,0.78723911624294951,support,-0.005355546845296412,-0.0043275125066882074,-0.0063143971188365389,-2307.4172877635342,-1034.4835402394767,-3276.2369717495258,2,2.4170950535884819e-06
1,539,0.78729373128028857,tool,-0.0021063791351594993,-0.00048203541975072616,0.00085166580939031859,756.79975269402053,1910.5771305471585,3388.4903392457431,3,1.2342782195126634e-06
1,539,0.78729373128028857,support,-0.0053418633054968159,-0.0043348445934036795,-0.0063160115903346118,-2297.9079221041966,-1045.3014727164493,-3284.1871502206482,2,2.4208710646808282e-06
1,540,0.78734834631762762,tool,-0.0021019123982766292,-0.00048476677089639373,0.00085155527642152915,757.64497608303805,1912.2113789575299,3393.9998644217694,3,1.2366069532645033e-06
1,540,0.78734834631762762,support,-0.0053281797656972198,-0.0043421766801191516,-0.0063176260618326846,-2287.918761941241,-1055.9842483963509,-3291.5894257256427,2,2.4242462253066394e-06
1,541,0.78740296135496668,tool,-0.0020974456613937591,-0.00048749812204206135,0.00085144474345273972,758.21649000781019,1913.5969493929747,3398.8015950353692,3,1.238760940218582e-06
1,541,0.78740296135496668,support,-0.0053144962258976237,-0.0043495087668346238,-0.0063192405333307583,-2277.4373787824297,-1066.5182115364285,-3298.4081518132571,2,2.4272102283392355e-06
1,542,0.78745757639230574,tool,-0.002092978924510889,-0.00049022947318772903,0.00085133421048395018,758.50094891054118,1914.7283760308856,3402.8578879002671,3,1.2407343314658689e-06
1,542,0.78745757639230574,support,-0.0053008126860980276,-0.0043568408535500959,-0.0063208550048288311,-2266.4520582954751,-1076.8879777362674,-3304.6130306609834,2,2.4297488127912603e-06
1,543,0.78751219142964479,tool,-0.0020885121876280189,-0.00049296082433339665,0.00085122367751516064,758.48304690519194,1915.5994053332531,3406.1315887790679,3,1.2425173866190478e-06
1,543,0.78751219142964479,support,-0.0052871291462984315,-0.0043641729402655689,-0.006322469476326904,-2254.9502750078273,-1087.0777176623287,-3310.1707813647986,2,2.4318448247706917e-06
1,544,0.78756680646698385,tool,-0.0020840454507451488,-0.00049569217547906427,0.0008511131445463711,758.14847232172372,1916.2029106305627,3408.577387394831,3,1.2440993229197519e-06
1,544,0.78756680646698385,support,-0.0052734456064988363,-0.0043715050269810419,-0.0063240839478249759,-2242.9152596144363,-1097.0682685175291,-3315.0403384099859,2,2.4334777651352155e-06
1,545,0.7876214215043229,tool,-0.0020795787138622786,-0.00049842352662473179,0.00085100261157758166,757.47984281247227,1916.5270758009567,3410.150868088851,3,1.2454681244181143e-06
1,545,0.7876214215043229,support,-0.0052597620666992402,-0.004378837113696514,-0.0063256984193230496,-2230.3304927804443,-1106.8401457279856,-3319.179747975702,2,2.4346264918201702e-06
1,546,0.78767603654166196,tool,-0.0020751119769794081,-0.00050115487777039941,0.00085089207860879223,756.43590479773093,1916.5322663289271,3410.8082419686343,3,1.2466054066882087e-06
1,546,0.78767603654166196,support,-0.0052460785268996441,-0.0043861692004119861,-0.0063273128908211225,-2217.1842906282686,-1116.3802821003969,-3322.5445234712779,2,2.4352726381970252e-06
1,547,0.78773065157900102,tool,-0.002070645240096538,-0.00050388622891606692,0.00085078154564000269,754.99794093318781,1916.2063454447991,3410.5072122106221,3,1.2474971837267076e-06
1,547,0.78773065157900102,support,-0.005232394987100048,-0.0043935012871274583,-0.0063289273623191953,-2203.4638906828359,-1125.6693855339324,-3325.0958808130772,2,2.4353994980087432e-06
1,548,0.78778526661634007,tool,-0.0020661785032136679,-0.00050661758006173454,0.00085067101267121315,753.14784051616289,1915.5402306028559,3409.2002923201308,3,1.2481302065206132e-06
1,548,0.78778526661634007,support,-0.0052187114473004519,-0.0044008333738429304,-0.006330541833817269,-2189.1551362598784,-1134.6865477282038,-3326.7918797767866,2,2.4349891338832502e-06
1,549,0.78783988165367913,tool,-0.0020617117663307978,-0.00050934893120740227,0.00085056047970242371,750.85403371436951,1914.5172703054557,3406.8185148004168,3,1.2484870362591133e-06
1,549,0.78783988165367913,support,-0.0052050279075008567,-0.0044081654605584025,-0.006332156305315341,-2174.2337413095279,-1143.4061772423661,-3327.5699357687326,2,2.4340142389406988e-06
1,550,0.78789449669101819,tool,-0.0020572450294479277,-0.0005120802823530699,0.00085044994673363417,748.08654534815264,1913.116348530207,3403.3002630456849,3,1.2485493741005993e-06
1,550,0.78789449669101819,support,-0.0051913443677012597,-0.0044154975472738747,-0.0063337707768134138,-2158.6794060849752,-1151.8034940818334,-3327.3720268220145,2,2.4324489842613567e-06
1,551,0.78794911172835724,tool,-0.0020527782925650576,-0.00051481163349873741,0.00085033941376484474,744.81310708748288,1911.3082352481808,3398.5864369261285,3,1.2482917617837042e-06
1,551,0.78794911172835724,support,-0.0051776608279016636,-0.0044228296339893476,-0.0063353852483114866,-2142.4721059300755,-1159.8547436717135,-3326.1338977082482,2,2.4302668145620779e-06
1,552,0.7880037267656963,tool,-0.0020483115556821875,-0.00051754298464440503,0.0008502288807960552,741.00467760105721,1909.0692689554501,3392.6193043803646,3,1.2476902510978258e-06
1,552,0.7880037267656963,support,-0.0051639772881020684,-0.0044301617207048198,-0.0063369997198095603,-2125.5934136229307,-1167.5318981352675,-3323.7978884530103,2,2.4274463412028713e-06
1,553,0.78805834180303536,tool,-0.0020438448187993174,-0.00052027433579007265,0.00085011834782726587,736.64647552932252,1906.3950131957517,3385.347325989525,3,1.2467328570865341e-06
1,553,0.78805834180303536,support,-0.0051502937483024723,-0.0044374938074202928,-0.0063386141913076332,-2108.0325108915517,-1174.8097031724449,-3320.3202419706759,2,2.4239695289168806e-06
1,554,0.78811295684037441,tool,-0.0020393780819164468,-0.00052300568693574028,0.00085000781485847633,731.71289605648349,1903.2634663088293,3376.7132623167618,3,1.2453985066829265e-06
1,554,0.78811295684037441,support,-0.0051366102085028762,-0.004444825894135764,-0.006340228662805706,-2089.7753621921956,-1181.6622981531416,-3315.645074918642,2,2.4198151583601155e-06
1,555,0.78816757187771347,tool,-0.0020349113450335767,-0.0005257370380814079,0.00084989728188968679,726.17718582168072,1899.6500561467601,3366.659030962358,3,1.2436634643691116e-06
1,555,0.78816757187771347,support,-0.0051229266687032801,-0.004452157980851237,-0.0063418431343037788,-2070.8077378016628,-1188.0623872813644,-3309.71407673354,2,2.4149614775972536e-06
1,556,0.78822218691505253,tool,-0.0020304446081507066,-0.00052846838922707552,0.00084978674892089725,720.00738768370866,1895.5271377073416,3355.114080611208,3,1.2414992631958055e-06
1,556,0.78822218691505253,support,-0.005109243128903684,-0.0044594900675667092,-0.0063434576058018517,-2051.1106575975696,-1193.9788963773419,-3302.4591630571263,2,2.4093826752483519e-06
1,557,0.78827680195239158,tool,-0.0020259778712678365,-0.00053119974037274314,0.00084967621595210771,713.16827544730836,1890.8607534737839,3342.0014928862065,3,1.2388743162762561e-06
1,557,0.78827680195239158,support,-0.0050955595891040879,-0.0044668221542821813,-0.0063450720772999245,-2030.6621450683108,-1199.379094780043,-3293.801352607878,2,2.4030506134880072e-06
1,558,0.78833141698973064,tool,-0.0020215111343849664,-0.00053393109151841076,0.00084956568298331816,705.6253300658027,1885.6199784020621,3327.2423198240899,3,1.2357532851543437e-06
1,558,0.78833141698973064,support,-0.0050818760493044918,-0.0044741542409976534,-0.0063466865487979973,-2009.4414861274968,-1204.2276888489955,-3283.6641986993027,2,2.395937658402833e-06
1,559,0.78838603202706969,tool,-0.0020170443975020963,-0.00053666244266407828,0.00084945515001452873,697.33671823571467,1879.7577216197576,3310.7579341387618,3,1.2320950575836487e-06
1,559,0.78838603202706969,support,-0.0050681925095048957,-0.0044814863277131255,-0.006348301020296071,-1987.4265381119128,-1208.489536834632,-3271.9623083251895,2,2.3880107719396332e-06
1,560,0.78844064706440875,tool,-0.0020125776606192258,-0.0005393937938097459,0.0008493446170457393,688.25656700535251,1873.2404992806462,3292.4346607530906,3,1.2278674207197998e-06
1,560,0.78844064706440875,support,-0.0050545089697052997,-0.0044888184144285985,-0.006349915491794143,-1964.5776050469419,-1212.1123243968536,-3258.589245099728,2,2.379221036284164e-06
1,561,0.78849526210174781,tool,-0.0020081109237363557,-0.00054212514495541352,0.00084923408407694986,678.34749791274294,1866.0325895153694,3272.1769576757847,3,1.2230266210437601e-06
1,561,0.78849526210174781,support,-0.0050408254299057044,-0.0044961505011440707,-0.0063515299632922167,-1940.869849846333,-1215.0535860764448,-3243.4502288576286,2,2.3695373183255791e-06
1,562,0.78854987713908686,tool,-0.0020036441868534855,-0.00054485649610108114,0.00084912355110816032,667.5573978251,1858.087038821312,3249.8667292752816,3,1.2175313212330757e-06
1,562,0.78854987713908686,support,-0.0050271418901061083,-0.0045034825878595437,-0.0063531444347902895,-1916.2647295287543,-1217.2614907921852,-3226.4270282219049,2,2.3589030214866274e-06
1,563,0.78860449217642592,tool,-0.0019991774499706159,-0.00054758784724674877,0.00084901301813937089,655.75116801304011,1849.3176241038293,3225.4501620915521,4,1.2112987593307367e-06
1,563,0.78860449217642592,support,-0.0050134583503065131,-0.0045108146745750158,-0.0063547589062883623,-1890.7145892422532,-1218.6769677771206,-3207.3794674150563,2,2.3472588390289692e-06
1,564,0.78865910721376498,tool,-0.0019947107130877453,-0.00055031919839241639,0.00084890248517058135,641.07630858290293,1838.9142326363744,3199.3919940729934,4,1.2036355329786419e-06
1,564,0.78865910721376498,support,-0.004999774810506917,-0.0045181467612904879,-0.006356373377786436,-1863.5887520662211,-1218.8575562738015,-3185.2831922906116,2,2.3339056848155348e-06
1,565,0.78871372225110403,tool,-0.0019902439762048757,-0.00055305054953808401,0.00084879195220179191,625.00185293736581,1826.8170788798134,3171.062006659653,4,1.1951749949966339e-06
1,565,0.78871372225110403,support,-0.0049860912707073209,-0.00452547884800596,-0.0063579878492845089,-1835.3110926071395,-1217.8662994236627,-3161.0877303466132,2,2.3192598522410457e-06
1,566,0.78876833728844309,tool,-0.0019857772393220051,-0.00055578190068375163,0.00084868141923300248,607.75468989756962,1813.4451469256765,3140.1950670655101,4,1.1858153303899097e-06
1,566,0.78876833728844309,support,-0.0049724077309077248,-0.0045328109347214322,-0.0063596023207825817,-1805.9989777719634,-1215.9291316918727,-3134.5227743681544,2,2.3032681151155532e-06
1,567,0.78882295232578215,tool,-0.001981310502439135,-0.00055851325182941914,0.00084857088626421294,589.35335259678743,1798.8581099385872,3106.6311891010691,4,1.1754358801218875e-06
1,567,0.78882295232578215,support,-0.0049587241911081287,-0.0045401430214369052,-0.0063612167922806554,-1775.6300225117407,-1213.009004956125,-3105.4159553384652,2,2.2859121338010893e-06
1,568,0.7888775673631212,tool,-0.0019768437655562649,-0.00056124460297508677,0.0008484603532954234,569.76458084749493,1783.0193745836771,3070.2171342834222,4,1.1639064333461221e-06
1,568,0.7888775673631212,support,-0.0049450406513085327,-0.0045474751081523773,-0.0063628312637787274,-1744.1583791513908,-1209.0276441597748,-3073.5969622411085,2,2.2671703728410764e-06
1,569,0.78893218240046026,tool,-0.0019723770286733944,-0.00056397595412075439,0.00084834982032663407,548.95220524498029,1765.8692289127353,3030.8279146678592,4,1.1511162328146224e-06
1,569,0.78893218240046026,support,-0.0049313571115089366,-0.0045548071948678503,-0.0063644457352768011,-1711.5523963464955,-1203.9110720118308,-3038.9227591529257,2,2.2470268445312983e-06
1,570,0.78898679743779931,tool,-0.0019679102917905247,-0.00056670730526642201,0.00084823928735784453,526.878574331408,1747.337298403784,2988.3425294666085,4,1.1369526669640848e-06
1,570,0.78898679743779931,support,-0.0049176735717093405,-0.0045621392815833224,-0.0063660602067748739,-1677.785930139295,-1197.5868610278883,-3001.2556678168148,2,2.2254662083564386e-06
1,571,0.78904141247513837,tool,-0.0019634435549076546,-0.00056943865641208963,0.00084812875438905499,503.50105462105842,1727.3400933528344,2942.6367255646328,4,1.1213007692564836e-06
1,571,0.78904141247513837,support,-0.0049039900319097452,-0.0045694713682987945,-0.0063676746782729467,-1642.8352368970802,-1189.9838803786718,-2960.4547196518888,2,2.2024652045734075e-06
1,572,0.78909602751247743,tool,-0.0019589768180247845,-0.00057217000755775725,0.00084801822142026556,478.76819539360019,1705.7730396565801,2893.5648620313768,4,1.1040341201104184e-06
1,572,0.78909602751247743,support,-0.00489030649211015,-0.0045768034550142667,-0.0063692891497710204,-1606.6689101323013,-1181.0241032044376,-2916.3564217410581,2,2.1779858510144467e-06
1,573,0.78915064254981648,tool,-0.0019545100811419144,-0.00057490135870342488,0.00084790768845147612,452.62541791355403,1682.5147983082343,2840.9732221129711,4,1.0850085043513646e-06
1,573,0.78915064254981648,support,-0.0048766229523105539,-0.0045841355417297388,-0.0063709036212690924,-1569.2579821553231,-1170.6277131236284,-2868.789398055831,2,2.1520023675810143e-06
1,574,0.78920525758715554,tool,-0.0019500433442590438,-0.0005776327098490925,0.00084779715548268658,425.01926333050034,1657.4458478727595,2784.7067536079248,4,1.0640847810019366e-06
1,574,0.78920525758715554,support,-0.0048629394125109578,-0.0045914676284452118,-0.0063725180927671661,-1530.5750306748657,-1158.7145333300036,-2817.581238937335,2,2.1244733980898753e-06
1,575,0.7892598726244946,tool,-0.0019455766073761737,-0.00058036406099476001,0.00084768662251389704,395.89702462143981,1630.4438102746442,2724.614227339131,4,1.0411252281865638e-06
1,575,0.7892598726244946,support,-0.0048492558727113617,-0.0045987997151606839,-0.0063741325642652389,-1490.5966006775407,-1145.2045820736353,-2762.5628975053141,2,2.0953511764157731e-06
1,576,0.78931448766183365,tool,-0.0019411098704933036,-0.00058309541214042763,0.0008475760895451075,365.20513751529739,1601.3744972724337,2660.5396124109084,4,1.0159819529937872e-06
1,576,0.78931448766183365,support,-0.0048355723329117657,-0.004606131801876156,-0.0063757470357633118,-1449.300633810142,-1130.0155711464979,-2703.5599422847285,2,2.064588873154638e-06
1,577,0.78936910269917271,tool,-0.0019366431336104335,-0.00058582676328609536,0.00084746555657631817,332.87849958898164,1570.0827254185638,2592.2933186632781,4,9.8848433574723338e-07
1,577,0.78936910269917271,support,-0.0048218887931121696,-0.0046134638885916282,-0.0063773615072613846,-1406.6487993171033,-1113.0478377041593,-2640.3665070121788,2,2.0321156844940041e-06
1,578,0.78942371773651177,tool,-0.0019321763967275634,-0.00058855811443176288,0.00084735502360752863,298.84280825792143,1536.3741050178901,2519.6221034243495,4,9.8730569007571961e-07
1,578,0.78942371773651177,support,-0.0048082052533125735,-0.0046207959753071012,-0.0063789759787594574,-1362.5781966243101,-1094.1787888493052,-2572.7086945475089,2,1.9978348710213839e-06
1,579,0.78947833277385082,tool,-0.0019277096598446931,-0.0005912894655774305,0.00084724449063873909,263.06266234381638,1500.1182209133017,2442.3562973266471,4,9.9056555763043369e-07
1,579,0.78947833277385082,support,-0.0047945217135129774,-0.0046281280620225733,-0.0063805904502575303,-1317.0694125125751,-1073.3167750926707,-2500.3971152379959,2,1.9616749867739161e-06
1,580,0.78953294781118988,tool,-0.0019232429229618228,-0.00059402081672309812,0.00084713395766994955,225.45877561710151,1461.1313015700512,2360.282806300595,4,9.9334863376716875e-07
1,580,0.78953294781118988,support,-0.0047808381737133813,-0.0046354601487380454,-0.0063822049217556031,-1270.0771398861689,-1050.342150637347,-2423.2148678642393,2,1.9234954506978583e-06
1,581,0.78958756284852893,tool,-0.0019187761860789529,-0.00059675216786876574,0.00084702342470116022,185.98349860178234,1419.2904560616896,2273.2943946016953,4,9.9559446856134493e-07
1,581,0.78958756284852893,support,-0.0047671546339137861,-0.0046427922354535175,-0.0063838193932536768,-1221.6173503660721,-1025.1846663578835,-2341.0488293305439,2,1.883226786308749e-06
1,582,0.78964217788586799,tool,-0.0019143094491960826,-0.00059948351901443337,0.00084691289173237068,144.59876999925982,1374.4928541763584,2181.2916785169341,4,9.9723483670214469e-07
1,582,0.78964217788586799,support,-0.00475347109411419,-0.0046501243221689905,-0.0063854338647517488,-1171.7029713286477,-997.76843435574506,-2253.7921642698161,2,1.8407771456858263e-06
1,583,0.78969679292320705,tool,-0.0019098427123132125,-0.00060221487016010088,0.00084680235876358114,101.2782523842865,1326.6580697748439,2084.1960063593492,4,9.9819391430420318e-07
1,583,0.78969679292320705,support,-0.0047397875543145939,-0.0046574564088844627,-0.0063870483362498225,-1120.3517625203576,-968.01766872075189,-2161.3582184319821,2,1.7960496130628792e-06
1,584,0.7897514079605461,tool,-0.0019053759754303424,-0.0006049462213057685,0.00084669182579479171,75.365267640860409,1289.2517636879168,2017.9238278388289,3,1.0000798934982e-06
1,584,0.7897514079605461,support,-0.0047261040145149986,-0.0046647884955999348,-0.0063886628077478962,-1084.288043936014,-950.16377833204331,-2097.0260909218164,2,1.7742253659519883e-06
1,585,0.78980602299788516,tool,-0.001900909238547472,-0.00060767757245143623,0.00084658129282600217,59.261453907716678,1256.6434748432464,1969.2111784779181,3,1.0021502784606298e-06
1,585,0.78980602299788516,support,-0.0047124204747154026,-0.0046721205823154078,-0.0063902772792459681,-1056.8867938873848,-938.98735096302437,-2048.5608444464092,2,1.7655614585809429e-06
1,586,0.78988794555389374,tool,-0.0018942091332231669,-0.00061177459916993756,0.00084641549337281796,48.371184399349353,1235.0497702983596,1943.3597308542162,3,1.0075619402451219e-06
1,586,0.78988794555389374,support,-0.0046918951650160075,-0.004683118712388616,-0.0063926989864930778,-1035.2522351208074,-941.21627007523864,-2023.5315196989568,1,1.7485257867849713e-06
1,587,0.79001082938790668,tool,-0.0018841589752367043,-0.00061792013924769258,0.00084616679419304149,34.82165130445172,1207.4281316051968,1909.3834815738137,3,1.0156049888992991e-06
1,587,0.79001082938790668,support,-0.0046611072004669029,-0.0046996159074984365,-0.0063963315473637436,-1001.1028160940152,-940.09447408353037,-1990.7082694148273,1,1.7188917204027584e-06
1,588,0.7901337132219195,tool,-0.0018741088172502512,-0.00062406567932544186,0.00084591809501326524,20.006943320175807,1177.0856015406193,1867.6690012326324,3,1.022840217264516e-06
1,588,0.7901337132219195,support,-0.004630319235917826,-0.0047161131026082414,-0.0063999641082344069,-962.08397368592637,-932.16236261717268,-1949.8141477288498,1,1.6813652234546825e-06
1,589,0.79025659705593232,tool,-0.0018640586592637979,-0.00063021121940319124,0.0008456693958334891,1.8841651426819939,1139.5400654379068,1812.1774090543636,3,1.028037158754512e-06
1,589,0.79025659705593232,support,-0.0045995312713687491,-0.0047326102977180472,-0.0064035966691050692,-916.37801023051338,-915.72219995490252,-1894.7411317082635,1,1.6313538232651595e-06
1,590,0.79037948088994514,tool,-0.0018540085012773446,-0.00063635675948094063,0.00084542069665371274,-20.477274990651551,1092.9306011284702,1742.0557338669291,2,1.0305278286366557e-06
1,590,0.79037948088994514,support,-0.0045687433068196722,-0.0047491074928278521,-0.0064072292299757316,-864.08290866066795,-890.41837380937659,-1824.119049689705,1,1.5679681683805971e-06
1,591,0.79050236472395796,tool,-0.0018439583432908913,-0.0006425022995586899,0.00084517199747393659,-46.484044218396775,1038.3286324395403,1675.8751271183851,2,1.0293301288795756e-06
1,591,0.79050236472395796,support,-0.0045379553422705953,-0.0047656046879376579,-0.0064108617908463939,-811.04413962040803,-861.52845327822308,-1750.0074720168952,1,1.5014221762688768e-06
1,592,0.79062524855797078,tool,-0.001833908185304438,-0.00064864783963643929,0.00084492329829416034,-77.763775177269792,972.53462402019704,1597.603947915648,2,1.0245656855241078e-06
1,592,0.79062524855797078,support,-0.0045071673777215184,-0.0047821018830474628,-0.0064144943517170563,-753.37258784357346,-825.13171178679886,-1662.0674119837172,1,1.4234137232531016e-06
1,593,0.7907481323919836,tool,-0.0018238580273179845,-0.00065479337971418856,0.00084467459911438409,-113.52301783960223,896.67364295451864,1506.6856164954206,2,1.0157687604841342e-06
1,593,0.7907481323919836,support,-0.0044763794131724415,-0.0047985990781572686,-0.0064181269125877186,-691.37752022531231,-781.01457619838311,-1559.8614845848458,1,1.3336866923575538e-06
1,594,0.79087101622599643,tool,-0.0018138078693315314,-0.00066093891979193795,0.00084442589993460795,-153.01725651325904,811.85849635429543,1403.7206664987355,2,1.0025782195164853e-06
1,594,0.79087101622599643,support,-0.0044455914486233646,-0.0048150962732670735,-0.006421759473458381,-625.64601015211349,-729.17375327583773,-1443.9495849227692,1,1.2327036721139495e-06
1,595,0.79099390006000925,tool,-0.0018037577113450779,-0.00066708445986968733,0.00084417720075483159,-195.81108859674225,719.01970516600602,1289.5099488565072,2,9.849364508698541e-07
1,595,0.79099390006000925,support,-0.0044148034840742877,-0.0048315934683768793,-0.0064253920343290442,-556.95690168520719,-669.88313695253692,-1315.320670528881,1,1.1213078147014402e-06
1,596,0.79111678389402207,tool,-0.0017937075533586248,-0.0006732299999474365,0.00084392850157505544,-235.73635433490387,630.88494891282994,1180.2878250345477,1,9.6584080103417208e-07
1,596,0.79111678389402207,support,-0.0043840155195252108,-0.0048480906634866842,-0.0064290245951997066,-492.26436084385722,-611.09087103929426,-1190.5127175213336,1,1.0134169597117784e-06
1,597,0.79123966772803489,tool,-0.0017836573953721713,-0.00067937554002518599,0.00084367980239527908,-232.24814751149668,629.68074390247614,1182.6181931277524,1,9.6645672940411098e-07
1,597,0.79123966772803489,support,-0.0043532275549761339,-0.0048645878585964891,-0.0064326571560703689,-473.55203443811928,-606.50390636873033,-1177.2245625181085,1,9.9958472594714048e-07
1,598,0.79136255156204771,tool,-0.0017736072373857182,-0.00068552108010293527,0.00084343110321550294,-227.79237957740781,627.65550603492068,1182.05195250204,1,9.6490435937644781e-07
1,598,0.79136255156204771,support,-0.0043224395904270562,-0.0048810850537062949,-0.0064362897169410313,-454.87062451456632,-602.04532732531266,-1159.4583460851336,1,9.8321678908969146e-07
1,599,0.79148543539606053,tool,-0.0017635570793992647,-0.00069166662018068465,0.00084318240403572669,-222.89613788089952,623.94468180641218,1178.6914139015003,1,9.6102652719781689e-07
1,599,0.79148543539606053,support,-0.0042916516258779801,-0.0048975822488161007,-0.0064399222778116945,-435.17415428444724,-595.59456091656978,-1137.3715918283908,1,9.6349922440539665e-07
1,600,0.79160831923007335,tool,-0.0017535069214128112,-0.00069781216025843404,0.00084293370485595054,-217.50676539054689,618.44469726631451,1172.2075386504598,1,9.5457908613240383e-07
1,600,0.79160831923007335,support,-0.0042608636613289032,-0.0049140794439259056,-0.0064435548386823568,-414.30320313197842,-586.64672716983353,-1110.6909318535425,1,9.4007021162866716e-07
1,601,0.79173120306408618,tool,-0.0017434567634263582,-0.00070395770033618332,0.00084268500567617429,-211.5345179133972,610.85105116869431,1161.9561931828073,1,9.45052321627525e-07
1,601,0.79173120306408618,support,-0.0042300756967798264,-0.0049305766390357105,-0.0064471873995530192,-392.16614562060829,-574.80983042576634,-1078.9087428300002,1,9.1247741034437835e-07
1,602,0.791854086898099,tool,-0.0017334066054399046,-0.0007101032404139327,0.00084243630649639804,-204.77974832633842,600.4619969254752,1146.5743641616657,1,9.3134775023054339e-07
1,602,0.791854086898099,support,-0.0041992877322307486,-0.0049470738341455154,-0.0064508199604236816,-368.57005749981431,-559.50999963421566,-1041.0679539058508,1,8.7991836000833601e-07
1,603,0.79197697073211182,tool,-0.0017233564474534516,-0.00071624878049168198,0.00084218760731662179,-197.17402301253728,587.05083023073598,1125.4810871229174,1,9.1302234088604106e-07
1,603,0.79197697073211182,support,-0.0041684997676816717,-0.0049635710292553212,-0.0064544525212943439,-343.52888805131909,-540.42112461783427,-996.75328670379656,1,8.4203571659204057e-07
1,604,0.79209985456612464,tool,-0.0017133062894669981,-0.00072239432056943136,0.00084193890813684554,-188.69770438039384,570.43344321779603,1098.2320050398605,1,8.8973703028707302e-07
1,604,0.79209985456612464,support,-0.0041377118031325948,-0.0049800682243651261,-0.0064580850821650063,-317.12174153874025,-517.29099142622658,-945.70023020289318,1,7.9859731741058204e-07
1,605,0.79222273840013746,tool,-0.001703256131480545,-0.00072853986064718075,0.00084169020895706929,-179.36566324186242,550.63989103164261,1064.7026054927055,1,8.6142493826903838e-07
1,605,0.79222273840013746,support,-0.0041069238385835179,-0.0049965654194749319,-0.0064617176430356695,-289.50127074963177,-489.97017054025372,-887.87326261288035,1,7.495538796595605e-07
1,606,0.79234562223415028,tool,-0.0016932059734940915,-0.00073468540072493002,0.00084144150977729303,-169.24604213538902,527.75899007784881,1024.952594256687,1,8.281584576797299e-07
1,606,0.79234562223415028,support,-0.004076135874034441,-0.0050130626145847377,-0.0064653502039063318,-260.85672034023855,-458.36973023978948,-823.313700095331,1,6.9492665703222573e-07
1,607,0.7924685060681631,tool,-0.0016831558155076382,-0.00074083094080267941,0.00084119281059751689,-158.39563457584302,501.87564720498915,979.0163211494056,1,7.8999134821983175e-07
1,607,0.7924685060681631,support,-0.0040453479094853641,-0.0050295598096945426,-0.0064689827647769951,-231.37789643656109,-422.40737413313599,-752.0773680102742,1,6.3474533540126138e-07
1,608,0.79259138990217592,tool,-0.0016731056575211849,-0.00074697648088042879,0.00084094411141774064,-146.83930865122457,473.03366405644937,926.81370347369636,1,7.4688897126837933e-07
1,608,0.79259138990217592,support,-0.0040145599449362872,-0.0050460570048043484,-0.0064726153256476574,-201.2615050504119,-382.02351129281607,-674.26795925483179,1,5.6907464132584934e-07
1,609,0.79271427373618875,tool,-0.0016630554995347316,-0.00075312202095817807,0.00084069541223796449,-134.67315303699118,441.2754253438834,868.41314604478612,1,6.9891606006323992e-07
1,609,0.79271427373618875,support,-0.0039837719803872094,-0.0050625541999141533,-0.0064762478865183206,-170.71196011606744,-337.17606399121843,-589.96283400645359,1,4.9796840087545924e-07
1,610,0.79283715757020157,tool,-0.0016530053415482783,-0.00075926756103592745,0.00084044671305818813,-122.0107627609907,406.74261946219156,804.04895898735822,1,6.4627447551261069e-07
1,610,0.79283715757020157,support,-0.0039529840158381334,-0.0050790513950239591,-0.006479880447388983,-140.00012697694589,-287.96706246943916,-499.51480307694749,1,4.2170363755578838e-07
1,611,0.79302148332122091,tool,-0.0016379301045685891,-0.00076848587115255706,0.00084007366428852349,-103.1319693322654,352.81204055662579,702.34650801620637,1,5.6341766096774243e-07
1,611,0.79302148332122091,support,-0.0039068020690144895,-0.0051037971876886816,-0.00648532928869498,-95.725709032748114,-209.62336435604146,-358.69938645646153,1,3.0302127209270308e-07
1,612,0.79320580907224025,tool,-0.0016228548675889002,-0.00077770418126918656,0.00083970061551885905,-84.752707566046936,297.59312450603409,596.73936702041181,1,4.777545654470472e-07
1,612,0.79320580907224025,support,-0.0038606201221908464,-0.005128542980353405,-0.006490778130000977,-54.237353990224818,-126.75238037519773,-213.97382496939366,1,1.8091482780445423e-07
1,613,0.79348229769876921,tool,-0.001600242012119371,-0.0007915316464441282,0.0008391410423643623,-59.340903400826633,216.5131999753952,439.19212707867013,1,3.5056822006353933e-07
1,613,0.79348229769876921,support,-0.0037913472019553951,-0.0051656616693504815,-0.0064989513919599716,0,0,0,0,0
1,614,0.79375878632529817,tool,-0.0015776291566498423,-0.00080535911161906974,0.00083858146920986543,-61.278313507251674,228.80778076965126,471.19381511196406,1,3.7483184324796359e-07
1,614,0.79375878632529817,support,-0.0037220742817199444,-0.0052027803583475588,-0.0065071246539189654,0,0,0,0,0
1,615,0.79403527495182713,tool,-0.0015550163011803131,-0.00081918657679401128,0.00083802189605536878,-62.05570610416148,241.18442939143472,501.82910524721632,1,3.9817557927982611e-07
1,615,0.79403527495182713,support,-0.0036528013614844932,-0.0052398990473446361,-0.0065152979158779592,0,0,0,0,0
1,616,0.79420636021436508,tool,-0.0015410239487161081,-0.00082774271720162222,0.00083767564412722212,-62.228570840688626,248.36231442952308,519.98788756647912,1,4.1194998138833344e-07
1,616,0.79420636021436508,support,-0.0036099367565492471,-0.0052628673000784032,-0.0065203553559817365,0,0,0,0,0
1,617,0.79482845962405524,tool,-0.0014833643570093314,-0.00084295854438340043,0.00083624590710814392,-64.458129615400551,245.24513640506669,556.92681492890836,1,4.3492897938614966e-07
1,617,0.79482845962405524,support,-0.0034882176158255191,-0.0052836263252189451,-0.0065365357163042394,0,0,0,0,0
1,618,0.79576160873859048,tool,-0.0013968749694491663,-0.00086578228515606765,0.0008341013015795264,-55.363419640015366,259.20943528111326,601.35384514729594,1,4.6708225703677442e-07
1,618,0.79576160873859048,support,-0.0033056389047399263,-0.0053147648629297568,-0.006560806256787996,0,0,0,0,0
1,619,0.79716133241039344,tool,-0.0012671408881089088,-0.00090001789631507113,0.00083088439328660017,-36.529482411843787,271.41685905420906,647.07374061649978,1,4.9939645340151689e-07
1,619,0.79716133241039344,support,-0.0030317708381115164,-0.0053614726694959786,-0.0065972120675136317,0,0,0,0,0
1,620,0.79926091791809784,tool,-0.0010725397660985272,-0.00095137131305357526,0.00082605903084721072,-2.3858222299435852,274.46555831480339,680.39357226302991,1,5.2144961691733688e-07
1,620,0.79926091791809784,support,-0.0026209687381689118,-0.0054315343793453104,-0.0066518207836020835,0,0,0,0,0
1,621,0.80241029617965443,tool,-0.00078063808308295496,-0.0010284014381613314,0.00081882098718812665,49.205190510150246,248.82848593196169,652.35658454173256,1,4.9747081050464242e-07
1,621,0.80241029617965443,support,-0.0020047655882550054,-0.0055366269441193081,-0.0067337338577347621,0,0,0,0,0
1,622,0.80303507177279321,tool,-0.00072273044798861592,-0.0010436827216740861,0.00081738509964312481,57.403967744248845,237.69675299169717,631.79982002737813,1,4.8150579971557167e-07
1,622,0.80303507177279321,support,-0.0018825228290472993,-0.0055574752716424352,-0.0067499838236730458,0,0,0,0,0
1,623,0.8061844500343498,tool,-0.00042092893225018839,-0.0010519752166180483,0.0008110841772468189,-136.10031911422072,-159.85856023218602,599.65924917479788,1,4.5156900268551736e-07
1,623,0.8061844500343498,support,-0.0011372492423998672,-0.0055078434974925213,-0.0068424542124345296,0,0,0,0,0
1,624,0.80933382829590639,tool,-0.00011912741651176086,-0.0010602677115620104,0.00080478325485051298,-115.39121971149544,-142.13986308792448,745.6369485153599,2,4.7105026753334334e-07
1,624,0.80933382829590639,support,-0.00039197565575243491,-0.0054582117233426073,-0.0069349246011960143,0,0,0,0,0
1,625,0.81317685668841555,tool,0.00024914584175091207,-0.0010703866273821232,0.00079709455515902762,-63.034327289492708,2.3455016099579922,804.60513703377387,2,3.0621581323820452e-07
1,625,0.81317685668841555,support,0.00051744433632486654,-0.0053976485577308499,-0.0070477615804228604,0,0,0,0,0
1,626,0.81790092408075044,tool,0.00068740148704344933,-0.00095624245987724799,0.00078779413107698789,44.583697248149946,-176.0701780089037,649.12484091738145,1,4.7907912479033116e-07
1,626,0.81790092408075044,support,0.0011902652925380721,-0.0048202242994228959,-0.0073492017598411272,0,0,0,0,0
1,627,0.82262499147308532,tool,0.0011256571323359865,-0.00084209829237237273,0.00077849370699494816,50.809165929314474,-66.827469005091871,273.47350542262882,1,2.0332063526730393e-07
1,627,0.82262499147308532,support,0.0018630862487512775,-0.0042428000411149401,-0.007650641939259393,0,0,0,0,0
1,628,0.82348325763578201,tool,0.0012052791952167359,-0.00082136063803713326,0.00077680401067493042,-48.49652806652378,30.632902526303234,209.01782318429912,2,1.2197915558002925e-07
1,628,0.82348325763578201,support,0.0019853240180955482,-0.0041378938953579884,-0.0077054074378404887,0,0,0,0,0
1,629,0.82774457525026812,tool,0.0015758039376594772,-0.00064947055755785891,0.0007658672428948409,-99.967662782852898,114.51014978845748,361.62674890939621,1,2.7880617311116379e-07
1,629,0.82774457525026812,support,0.002905351953424045,-0.0037460505252338099,-0.0077026923862958448,0,0,0,0,0
1,630,0.8313891084644891,tool,0.0018926988168237689,-0.00050245989931163484,0.00075651346619083311,-68.748257234748706,51.71190202782374,386.55171008399765,2,1.7681583894518099e-07
1,630,0.8313891084644891,support,0.0036922147671503143,-0.0034109226830060556,-0.0077003703121328818,0,0,0,0,0
1,631,0.83323893668917348,tool,0.001996433149865228,-0.00035870138465189346,0.0007507081501035844,-49.812932185305826,-97.909433836568226,495.07023349334833,1,3.6042489234226066e-07
1,631,0.83323893668917348,support,0.0035454213576961925,-0.0024350255433538285,-0.0078618524094669837,0,0,0,0,0
1,632,0.83508876491385786,tool,0.0021001674829066873,-0.00021494286999215211,0.00074490283401633557,-43.483549368626853,-95.682478009353446,595.15128423552994,1,4.295433385448702e-07
1,632,0.83508876491385786,support,0.0033986279482420712,-0.0014591284037016017,-0.0080233345068010872,0,0,0,0,0
1,633,0.83693859313854224,tool,0.0022039018159481466,-7.1184355332410673e-05,0.00073909751792908685,-30.252009663311711,-80.504084007547391,650.02279024144298,1,4.6602368620942553e-07
1,633,0.83693859313854224,support,0.0032518345387879495,-0.00048323126404937431,-0.0081848166041351891,0,0,0,0,0
1,634,0.83785456552432769,tool,0.0022552675499422094,0,0.00073622292170673592,-22.301107392120883,-70.264155122676399,664.94544525767424,1,4.7549935257296116e-07
1,634,0.83785456552432769,support,0.0031791474061769126,0,-0.0082647770782932652,0,0,0,0,0
1,635,0.84151459425193975,tool,0.0019752133442142651,0.00021150010939124597,0.00073622292170673592,22.303480642227498,-20.5224266458426,646.69210652832021,1,4.6013501838436388e-07
1,635,0.84151459425193975,support,0.0025731797266812769,0.00079548926542516777,-0.0082647770782932669,0,0,0,0,0
1,636,0.84426158888104041,tool,0.0017650217156109454,0.00037023920894225262,0.00073622292170673592,-9.3290970266991238,4.5488388587191082,512.60383512341787,1,3.6440315920923533e-07
1,636,0.84426158888104041,support,0.0021183772961907532,0.0013925350544771776,-0.0082647770782932669,0,0,0,0,0
1,637,0.84784148517716496,tool,0.0014809726530211687,0.00056296904954581111,0.00073622292170673592,-16.395845372544571,11.636817058346795,187.0424163444207,1,1.3370451275480921e-07
1,637,0.84784148517716496,support,0.0018209037833051872,0.0023423579581820396,-0.0081681025690927781,0,0,0,0,0
1,638,0.8513475406290274,tool,0.0012027825374115581,0.00075172354199191818,0.00073622292170673592,179.97064529306707,65.082692636557582,444.22146628991112,1,3.4377962677360069e-07
1,638,0.8513475406290274,support,0.0015295661172487211,0.0032725893097000488,-0.0080734221197162337,0,0,0,0,0
1,639,0.85711207200775974,tool,0.00066805985968343851,0.00089168977940336084,0.00073622292170673592,217.2310684745903,172.22953869810016,802.47850440079185,1,6.0342865126471884e-07
1,639,0.85711207200775974,support,0.00094778643973720904,0.0040359439237822531,-0.0077926693103019242,0,0,0,0,0
1,640,0.86161969533919003,tool,0.00024992900747491112,0.0010011375446971759,0.00073622292170673592,133.18868391998529,202.84810811973998,842.14323902423689,1,6.2289930479256239e-07
1,640,0.86161969533919003,support,0.00049285897455276693,0.0046328554231778191,-0.0075731323122469598,0,0,0,0,0
1,641,0.86466606501546184,tool,-3.2972697399919371e-05,0.00092839538681993398,0.00073622292170673581,73.574308905427415,238.79000734036822,873.72012772593291,1,6.4588345819426018e-07
1,641,0.86466606501546184,support,0.00012936026973026511,0.0037241760788187511,-0.0077784869828234245,0,0,0,0,0
1,642,0.86771243469173365,tool,-0.00031587440227474981,0.00085565322894269233,0.00073622292170673592,8.6932327520025012,222.39737224352623,876.48756759374703,1,6.4272614554942292e-07
1,642,0.86771243469173365,support,-0.00023413843509223663,0.0028154967344596834,-0.00798384165339989,0,0,0,0,0
1,643,0.87075880436800546,tool,-0.00059877610714958042,0.00078291107106545068,0.00073622292170673592,-47.986862882083088,176.64893544814745,753.88439541426601,1,5.5138525154561913e-07
1,643,0.87075880436800546,support,-0.00059763713991473847,0.0019068173901006153,-0.0081891963239763537,0,0,0,0,0
1,644,0.87188002024984756,tool,-0.00070289803528472878,0.00075613833126085691,0.00073622292170673592,-61.206461985350899,153.12367897167189,674.72051763405727,1,4.9366612007734761e-07
1,644,0.87188002024984756,support,-0.00073142278124727815,0.0015723780998421481,-0.0082647770782932652,0,0,0,0,0
1,645,0.87824836411055629,tool,-0.0012863312405445605,0.00057591480377162745,0.00073622292170673592,61.55682918398206,-64.895299910935563,193.67424582540625,1,1.5162345793923865e-07
1,645,0.87824836411055629,support,-0.0014689313434374609,0.0014903326491661852,-0.0082647770782932652,0,0,0,0,0
1,646,0.88097917031040385,tool,-0.0015344073896818016,0.00049212017381386887,0.00073622292170673592,64.346803976877212,-92.868542671838199,257.56563340928676,1,1.9990037541158662e-07
1,646,0.88097917031040385,support,-0.0023676410510423459,0.0018756056342448995,-0.00805528820406534,0,0,0,0,0
1,647,0.8837099765102514,tool,-0.0017824835388190424,0.00040832554385611034,0.00073622292170673592,40.144735693523053,1.0248261522142599,279.257299674602,2,1.4046725023159762e-07
1,647,0.8837099765102514,support,-0.0032663507586472313,0.0022608786193236132,-0.0078457993298374131,0,0,0,0,0
1,648,0.88644078271009896,tool,-0.0020305596879562834,0.0003245309138983517,0.00073622292170673592,20.776815427804848,51.025480998757473,330.3042215574784,1,2.3800391824209399e-07
1,648,0.88644078271009896,support,-0.0041650604662521167,0.0026461516044023279,-0.007636310455609488,0,0,0,0,0
1,649,0.88887295066160588,tool,-0.0022515064763071113,0.00024989998128108345,0.00073622292170673592,2.0314781180956984,40.583140097153446,299.94068046634152,1,2.1512744858859928e-07
1,649,0.88887295066160588,support,-0.0049654881746214515,0.0029892915192531724,-0.0074497310761856136,0,0,0,0,0
1,650,0.88974480298174463,tool,-0.0022515064763071113,0.00016630158357663118,0.00073622292170673592,-30.421106282910408,63.600413667004169,345.38093599767762,1,2.5053836483733549e-07
1,650,0.88974480298174463,support,-0.0049654881746214498,0.0019892915192532136,-0.0074497310761856153,0,0,0,0,0
1,651,0.89061665530188339,tool,-0.0022515064763071113,8.2703185872178933e-05,0.00073622292170673592,95.013104667777128,131.10007518235037,417.18050258559293,2,2.0294077635995417e-07
1,651,0.89061665530188339,support,-0.0049654881746214489,0.00098929151925325476,-0.0074497310761856179,0,0,0,0,0
1,652,0.89148850762202214,tool,-0.0022515064763071113,-8.9521183227334522e-07,0.00073622292170673592,231.23894446362547,201.37078939236952,506.58622316957309,1,4.2087096964113502e-07
1,652,0.89148850762202214,support,-0.0049654881746214481,-1.0708480746704063e-05,-0.0074497310761856197,0,0,0,0,0
1,653,0.8923603599421609,tool,-0.0022515064763071113,-8.4493609536725596e-05,0.00073622292170673603,282.4286501000355,230.02582906438147,619.82136144299704,1,5.1097094199564763e-07
1,653,0.8923603599421609,support,-0.0049654881746214472,-0.0010107084807466631,-0.0074497310761856214,0,0,0,0,0
1,654,0.89323221226229965,tool,-0.0022515064763071117,-0.00016809200724117785,0.00073622292170673603,321.76075120593725,245.08252362498837,710.27661076325467,1,5.809358884301466e-07
1,654,0.89323221226229965,support,-0.0049654881746214463,-0.0020107084807466213,-0.0074497310761856231,0,0,0,0,0
1,655,0.89408539215487004,tool,-0.0022515064763071117,-0.00024989998128108161,0.00073622292170673592,353.12060827097076,251.00578870108731,784.5329864362393,1,6.3697215032035293e-07
1,655,0.89408539215487004,support,-0.0049654881746214446,-0.0029892915192531538,-0.0074497310761856249,0,0,0,0,0
1,656,0.8968161983547176,tool,-0.0020034303271698681,-0.00033369461123884117,0.00073622292170673592,-54.195624025628184,-4.6922300346474088,448.08000712427167,1,3.2080709640690264e-07
1,656,0.8968161983547176,support,-0.0040667784670165514,-0.0026040185341744361,-0.0076592199504135509,0,0,0,0,0
1,657,0.89954700455456515,tool,-0.0017553541780326249,-0.00041748924119660072,0.00073622292170673592,-24.269880750421848,-13.703163205400308,413.50256296536639,1,2.9456000367154844e-07
1,657,0.89954700455456515,support,-0.0031680687594116581,-0.0022187455490957188,-0.0078687088246414752,0,0,0,0,0
1,658,0.90227781075441271,tool,-0.0015072780288953812,-0.00050128387115436028,0.00073622292170673592,1.0764720171853952,-14.908365615101797,274.5551517995782,1,1.9542652930897714e-07
1,658,0.90227781075441271,support,-0.0022693590518067649,-0.0018334725640170016,-0.0080781976988694021,0,0,0,0,0
1,659,0.90470997870591952,tool,-0.0012863312405445614,-0.00057591480377162604,0.00073622292170673592,-14.597389772048636,122.74797202579407,231.61973215060672,1,1.8659871108515913e-07
1,659,0.90470997870591952,support,-0.0014689313434374598,-0.0014903326491661696,-0.0082647770782932669,0,0,0,0,0
1,660,0.91107832256662824,tool,-0.00070289803528472911,-0.00075613833126085702,0.00073622292170673592,-204.39568768434719,-112.42892226263407,694.52760820579908,1,5.2072934568492268e-07
1,660,0.91107832256662824,support,-0.00073142278124727891,-0.0015723780998421503,-0.0082647770782932652,0,0,0,0,0
1,661,0.91412469224290005,tool,-0.00041999633040990176,-0.00082888048913809802,0.00073622292170673603,-184.28199625549416,-155.18998488002509,839.90288883088147,1,6.2102673127530789e-07
1,661,0.91412469224290005,support,-0.0003679240764247811,-0.002481057444201208,-0.0080594224077168031,0,0,0,0,0
1,662,0.91717106191917186,tool,-0.00013709462553507435,-0.0009016226470153388,0.00073622292170673592,-124.51407830926493,-174.55144170142458,860.01784671511621,1,6.2995967397075359e-07
1,662,0.91717106191917186,support,-4.4253716022832996e-06,-0.0033897367885602648,-0.0078540677371403411,0,0,0,0,0
1,663,0.92021743159544367,tool,0.00014580707933975308,-0.0009743648048925798,0.00073622292170673592,-88.83034162189584,49.97305133015324,854.94365913351112,2,3.3621974179689346e-07
1,663,0.92021743159544367,support,0.00035907333322021456,-0.0042984161329193225,-0.0076487130665638774,0,0,0,0,0
1,664,0.92133864747728589,tool,0.00024992900747491069,-0.0010011375446971759,0.00073622292170673592,-74.670906954422819,143.34149123014248,820.50500398451504,2,4.6284514659735571e-07
1,664,0.92133864747728589,support,0.00049285897455276606,-0.0046328554231778191,-0.0075731323122469598,0,0,0,0,0
1,665,0.92710317885601823,tool,0.00078465168520303063,-0.0008611713072857333,0.00073622292170673592,45.846753372096316,-118.04475282679535,484.70967412200218,1,3.5606623909837515e-07
1,665,0.92710317885601823,support,0.0010746386520642795,-0.0038695008090956161,-0.0078538851216612693,0,0,0,0,0
1,666,0.93161080218744852,tool,0.0012027825374115583,-0.00075172354199191829,0.00073622292170673592,-58.816246747245167,45.997006889084695,150.84052204251063,1,1.1962412214613916e-07
1,666,0.93161080218744852,support,0.0015295661172487224,-0.0032725893097000514,-0.008073422119716232,0,0,0,0,0
1,667,0.93519069848357306,tool,0.0014868316000013391,-0.00055899370138835672,0.00073622292170673592,-43.111666434243773,48.208315319041319,146.12519172386817,1,1.1357458453483543e-07
1,667,0.93519069848357306,support,0.0018270396301342928,-0.0023227664059951737,-0.0081700966289167225,0,0,0,0,0
1,668,0.93869675393543539,tool,0.0017650217156109454,-0.00037023920894225273,0.00073622292170673592,-56.583004442771198,-53.878871157645648,305.51867838915103,1,2.2413281393698914e-07
1,668,0.93869675393543539,support,0.0021183772961907536,-0.0013925350544771783,-0.0082647770782932652,0,0,0,0,0
1,669,0.94235678266304745,tool,0.0020450759213388897,-0.00015873909955100668,0.00073622292170673592,-56.450878552645904,-65.040490324974485,519.26427989072874,1,3.741038726579049e-07
1,669,0.94235678266304745,support,0.0027243449756863894,-0.00059704578905201008,-0.0082647770782932652,0,0,0,0,0
1,670,0.94510377729214812,tool,0.0022552675499422094,0,0.00073622292170673592,-68.931550722690247,-49.953752132561888,571.62725772946817,2,3.6194724607318401e-07
1,670,0.94510377729214812,support,0.0031791474061769126,0,-0.0082647770782932652,0,0,0,0,0
