node,X,Y,Z,ux,uy,uz
0,-0.02,-0.02,-0.001,0,0,0
1,-0.018000000000000002,-0.02,-0.001,0,0,0
2,-0.016,-0.02,-0.001,0,0,0
3,-0.014,-0.02,-0.001,0,0,0
4,-0.012,-0.02,-0.001,0,0,0
5,-0.01,-0.02,-0.001,0,0,0
6,-0.0080000000000000002,-0.02,-0.001,0,0,0
7,-0.0060000000000000001,-0.02,-0.001,0,0,0
8,-0.0040000000000000001,-0.02,-0.001,0,0,0
9,-0.0019999999999999983,-0.02,-0.001,0,0,0
10,0,-0.02,-0.001,0,0,0
11,0.0019999999999999983,-0.02,-0.001,0,0,0
12,0.0040000000000000001,-0.02,-0.001,0,0,0
13,0.0060000000000000019,-0.02,-0.001,0,0,0
14,0.0080000000000000002,-0.02,-0.001,0,0,0
15,0.0099999999999999985,-0.02,-0.001,0,0,0
16,0.012,-0.02,-0.001,0,0,0
17,0.014000000000000002,-0.02,-0.001,0,0,0
18,0.016000000000000004,-0.02,-0.001,0,0,0
19,0.017999999999999999,-0.02,-0.001,0,0,0
20,0.02,-0.02,-0.001,0,0,0
21,-0.02,-0.018000000000000002,-0.001,0,0,0
22,-0.018000000000000002,-0.018000000000000002,-0.001,0,0,0
23,-0.016,-0.018000000000000002,-0.001,0,0,0
24,-0.014,-0.018000000000000002,-0.001,0,0,0
25,-0.012,-0.018000000000000002,-0.001,0,0,0
26,-0.01,-0.018000000000000002,-0.001,0,0,0
27,-0.0080000000000000002,-0.018000000000000002,-0.001,0,0,0
28,-0.0060000000000000001,-0.018000000000000002,-0.001,0,0,0
29,-0.0040000000000000001,-0.018000000000000002,-0.001,0,0,0
30,-0.0019999999999999983,-0.018000000000000002,-0.001,0,0,0
31,0,-0.018000000000000002,-0.001,0,0,0
32,0.0019999999999999983,-0.018000000000000002,-0.001,0,0,0
33,0.0040000000000000001,-0.018000000000000002,-0.001,0,0,0
34,0.0060000000000000019,-0.018000000000000002,-0.001,0,0,0
35,0.0080000000000000002,-0.018000000000000002,-0.001,0,0,0
36,0.0099999999999999985,-0.018000000000000002,-0.001,0,0,0
37,0.012,-0.018000000000000002,-0.001,0,0,0
38,0.014000000000000002,-0.018000000000000002,-0.001,0,0,0
39,0.016000000000000004,-0.018000000000000002,-0.001,0,0,0
40,0.017999999999999999,-0.018000000000000002,-0.001,0,0,0
41,0.02,-0.018000000000000002,-0.001,0,0,0
42,-0.02,-0.016,-0.001,0,0,0
43,-0.018000000000000002,-0.016,-0.001,0,0,0
44,-0.016,-0.016,-0.001,0,0,0
45,-0.014,-0.016,-0.001,0,0,0
46,-0.012,-0.016,-0.001,0,0,0
47,-0.01,-0.016,-0.001,0,0,0
48,-0.0080000000000000002,-0.016,-0.001,0,0,0
49,-0.0060000000000000001,-0.016,-0.001,0,0,0
50,-0.0040000000000000001,-0.016,-0.001,0,0,0
51,-0.0019999999999999983,-0.016,-0.001,0,0,0
52,0,-0.016,-0.001,0,0,0
53,0.0019999999999999983,-0.016,-0.001,0,0,0
54,0.0040000000000000001,-0.016,-0.001,0,0,0
55,0.0060000000000000019,-0.016,-0.001,0,0,0
56,0.0080000000000000002,-0.016,-0.001,0,0,0
57,0.0099999999999999985,-0.016,-0.001,0,0,0
58,0.012,-0.016,-0.001,0,0,0
59,0.014000000000000002,-0.016,-0.001,0,0,0
60,0.016000000000000004,-0.016,-0.001,0,0,0
61,0.017999999999999999,-0.016,-0.001,0,0,0
62,0.02,-0.016,-0.001,0,0,0
63,-0.02,-0.014,-0.001,0,0,0
64,-0.018000000000000002,-0.014,-0.001,0,0,0
65,-0.016,-0.014,-0.001,0,0,0
66,-0.014,-0.014,-0.001,-2.4537826008984762e-07,-3.1191891246985646e-07,-1.265609051218549e-06
67,-0.012,-0.014,-0.001,-6.1973463459053457e-07,-1.7313829245751698e-06,-6.2248725686106793e-06
68,-0.01,-0.014,-0.001,-1.1722613625271175e-06,-4.3387888895672305e-06,-1.6280228098986497e-05
69,-0.0080000000000000002,-0.014,-0.001,-1.4891565348510277e-06,-7.9015581031424134e-06,-3.0905088123879277e-05
70,-0.0060000000000000001,-0.014,-0.001,-1.5366388552271436e-06,-1.2122668863000305e-05,-4.7459941345048088e-05
71,-0.0040000000000000001,-0.014,-0.001,-1.3186333678503738e-06,-1.6513632885450247e-05,-6.3135781058107552e-05
72,-0.0019999999999999983,-0.014,-0.001,-7.7535135827348234e-07,-2.0388876042381922e-05,-7.5469178177596082e-05
73,0,-0.014,-0.001,6.7385958513376437e-08,-2.2671440953771252e-05,-8.2446641699226108e-05
74,0.0019999999999999983,-0.014,-0.001,1.1311686514159107e-06,-2.3005184646235738e-05,-8.269557886310527e-05
75,0.0040000000000000001,-0.014,-0.001,2.2245428496763604e-06,-2.1315424620827156e-05,-7.5733986676267966e-05
76,0.0060000000000000019,-0.014,-0.001,3.1150406288726703e-06,-1.7860779657694188e-05,-6.2232498703429162e-05
77,0.0080000000000000002,-0.014,-0.001,3.5569534189022313e-06,-1.3254482032116182e-05,-4.4101290065625297e-05
78,0.0099999999999999985,-0.014,-0.001,3.2613900816451212e-06,-8.3760420394429759e-06,-2.5061055820376397e-05
79,0.012,-0.014,-0.001,2.1570446455315084e-06,-3.9221500687408413e-06,-1.0096865090508172e-05
80,0.014000000000000002,-0.014,-0.001,9.1850146365882708e-07,-9.221888621854895e-07,-2.2371668622577096e-06
81,0.016000000000000004,-0.014,-0.001,0,0,0
82,0.017999999999999999,-0.014,-0.001,0,0,0
83,0.02,-0.014,-0.001,0,0,0
84,-0.02,-0.012,-0.001,0,0,0
85,-0.018000000000000002,-0.012,-0.001,0,0,0
86,-0.016,-0.012,-0.001,0,0,0
87,-0.014,-0.012,-0.001,-1.5290848802189971e-06,-7.8569884843846523e-07,-6.1110719689882501e-06
88,-0.012,-0.012,-0.001,-3.5683596517606401e-06,-3.949763502733333e-06,-2.7590966920346597e-05
89,-0.01,-0.012,-0.001,-5.202929402125102e-06,-9.5660283300851815e-06,-6.5719780332886251e-05
90,-0.0080000000000000002,-0.012,-0.001,-6.1425057859657778e-06,-1.6965480245458494e-05,-0.00011536633923049411
91,-0.0060000000000000001,-0.012,-0.001,-6.4040717629103979e-06,-2.5772742402258365e-05,-0.00016959915613627954
92,-0.0040000000000000001,-0.012,-0.001,-5.9148448271205944e-06,-3.5453001235040845e-05,-0.00022093838117679112
93,-0.0019999999999999983,-0.012,-0.001,-4.4112842592937385e-06,-4.464739279975558e-05,-0.00026208036592549242
94,0,-0.012,-0.001,-1.6674017023057056e-06,-5.0891823273473629e-05,-0.00028668068929235202
95,0.0019999999999999983,-0.012,-0.001,1.9949380968528943e-06,-5.2618850540747421e-05,-0.00029023051033248172
96,0.0040000000000000001,-0.012,-0.001,5.8712352251640796e-06,-4.9127908453061704e-05,-0.00027063162402288682
97,0.0060000000000000019,-0.012,-0.001,9.2590247170971085e-06,-4.1335779519261989e-05,-0.00022917422285788353
98,0.0080000000000000002,-0.012,-0.001,1.130952472885861e-05,-3.0682618719213249e-05,-0.00017113082054756666
99,0.0099999999999999985,-0.012,-0.001,1.1201298805385611e-05,-1.9408298396008475e-05,-0.00010647365131055675
100,0.012,-0.012,-0.001,8.7658437951784179e-06,-9.6786862088632317e-06,-4.8867663919537922e-05
101,0.014000000000000002,-0.012,-0.001,4.4318190003704168e-06,-2.8294643230687944e-06,-1.1994973607308961e-05
102,0.016000000000000004,-0.012,-0.001,0,0,0
103,0.017999999999999999,-0.012,-0.001,0,0,0
104,0.02,-0.012,-0.001,0,0,0
105,-0.02,-0.01,-0.001,0,0,0
106,-0.018000000000000002,-0.01,-0.001,0,0,0
107,-0.016,-0.01,-0.001,0,0,0
108,-0.014,-0.01,-0.001,-3.8705818217212857e-06,-1.4339616413736995e-06,-1.5714073995455968e-05
109,-0.012,-0.01,-0.001,-8.7926040331318653e-06,-5.6272951864430131e-06,-6.4558307965125434e-05
110,-0.01,-0.01,-0.001,-1.2610336653564009e-05,-1.3309274180185872e-05,-0.00014305021034299696
111,-0.0080000000000000002,-0.01,-0.001,-1.5584102856558189e-05,-2.3924621710144568e-05,-0.00024104690986489119
112,-0.0060000000000000001,-0.01,-0.001,-1.7245391563520545e-05,-3.7290283102785162e-05,-0.00034766215190082373
113,-0.0040000000000000001,-0.01,-0.001,-1.661913585639731e-05,-5.3132683152819001e-05,-0.00045048472443865025
114,-0.0019999999999999983,-0.01,-0.001,-1.2827103448802948e-05,-6.9770340776913515e-05,-0.00053594911655742753
115,0,-0.01,-0.001,-5.8059210376487855e-06,-8.2482862212021439e-05,-0.00059096569769035584
116,0.0019999999999999983,-0.01,-0.001,3.649492755030295e-06,-8.7057628434966463e-05,-0.00060474626804825533
117,0.0040000000000000001,-0.01,-0.001,1.3757261002691099e-05,-8.2235788673315621e-05,-0.00057187890247572127
118,0.0060000000000000019,-0.01,-0.001,2.2242567769810742e-05,-6.9497551683528656e-05,-0.00049352805065596176
119,0.0080000000000000002,-0.01,-0.001,2.6779634778402696e-05,-5.1169160118084547e-05,-0.00037931173882664772
120,0.0099999999999999985,-0.01,-0.001,2.6165110506721261e-05,-3.1807989223727186e-05,-0.00024749624519040025
121,0.012,-0.01,-0.001,2.0799655559273663e-05,-1.6188285996207499e-05,-0.00012312619744944239
122,0.014000000000000002,-0.01,-0.001,1.0957483269016063e-05,-5.501538538779657e-06,-3.4413934454107332e-05
123,0.016000000000000004,-0.01,-0.001,0,0,0
124,0.017999999999999999,-0.01,-0.001,0,0,0
125,0.02,-0.01,-0.001,0,0,0
126,-0.02,-0.0080000000000000002,-0.001,0,0,0
127,-0.018000000000000002,-0.0080000000000000002,-0.001,0,0,0
128,-0.016,-0.0080000000000000002,-0.001,0,0,0
129,-0.014,-0.0080000000000000002,-0.001,-6.931052868941119e-06,-1.8126539156656271e-06,-2.9245207650822429e-05
130,-0.012,-0.0080000000000000002,-0.001,-1.5402729229308512e-05,-6.3927002274254849e-06,-0.0001109394623258481
131,-0.01,-0.0080000000000000002,-0.001,-2.2477711176679885e-05,-1.5677126345825819e-05,-0.00023594502379327957
132,-0.0080000000000000002,-0.0080000000000000002,-0.001,-2.9031230029132485e-05,-2.9451715777229008e-05,-0.00038958949406840113
133,-0.0060000000000000001,-0.0080000000000000002,-0.001,-3.3741931778752477e-05,-4.8004426424459264e-05,-0.00055829369697591141
134,-0.0040000000000000001,-0.0080000000000000002,-0.001,-3.3363498288968517e-05,-7.1147931540997784e-05,-0.00072609019783857569
135,-0.0019999999999999983,-0.0080000000000000002,-0.001,-2.6097032924574909e-05,-9.7117127144445267e-05,-0.0008714523170634715
136,0,-0.0080000000000000002,-0.001,-1.1999679522301022e-05,-0.0001208005342284272,-0.00097059793943606531
137,0.0019999999999999983,-0.0080000000000000002,-0.001,6.8446468615000833e-06,-0.00012926296817765759,-0.0010063913518530082
138,0.0040000000000000001,-0.0080000000000000002,-0.001,2.7361499123074923e-05,-0.00012556343199942625,-0.00096428834711140038
139,0.0060000000000000019,-0.0080000000000000002,-0.001,4.4678628821277907e-05,-0.00010711464071048256,-0.00084439435052013217
140,0.0080000000000000002,-0.0080000000000000002,-0.001,5.3454474169108485e-05,-7.8146885170055763e-05,-0.00066112151995049138
141,0.0099999999999999985,-0.0080000000000000002,-0.001,5.0784363179421541e-05,-4.6942124284019192e-05,-0.00044249542335390006
142,0.012,-0.0080000000000000002,-0.001,3.929234318230943e-05,-2.3198297786196635e-05,-0.00022989531415234941
143,0.014000000000000002,-0.0080000000000000002,-0.001,2.0207670886287389e-05,-8.1290474184575641e-06,-6.9680680579275618e-05
144,0.016000000000000004,-0.0080000000000000002,-0.001,0,0,0
145,0.017999999999999999,-0.0080000000000000002,-0.001,0,0,0
146,0.02,-0.0080000000000000002,-0.001,0,0,0
147,-0.02,-0.0060000000000000001,-0.001,0,0,0
148,-0.018000000000000002,-0.0060000000000000001,-0.001,0,0,0
149,-0.016,-0.0060000000000000001,-0.001,0,0,0
150,-0.014,-0.0060000000000000001,-0.001,-1.0315817948303771e-05,-1.8589926750705408e-06,-4.3821063591663991e-05
151,-0.012,-0.0060000000000000001,-0.001,-2.275516209324169e-05,-6.2206868759577642e-06,-0.00015882174339438575
152,-0.01,-0.0060000000000000001,-0.001,-3.4103262903526628e-05,-1.6097547617647702e-05,-0.0003314385980376631
153,-0.0080000000000000002,-0.0060000000000000001,-0.001,-4.6028968193490367e-05,-3.2106966206001533e-05,-0.00054395589655164807
154,-0.0060000000000000001,-0.0060000000000000001,-0.001,-5.5555964944034614e-05,-5.4883226992566456e-05,-0.00078169943571759369
155,-0.0040000000000000001,-0.0060000000000000001,-0.001,-5.6876696555723957e-05,-8.4798904531535593e-05,-0.0010271336157384756
156,-0.0019999999999999983,-0.0060000000000000001,-0.001,-4.5335029688948672e-05,-0.00011886811861446878,-0.0012506793101836309
157,0,-0.0060000000000000001,-0.001,-2.0847749125816933e-05,-0.00015345349924579632,-0.0014127213319059671
158,0.0019999999999999983,-0.0060000000000000001,-0.001,1.2950305043363515e-05,-0.00016929169206303447,-0.0014841237783662867
159,0.0040000000000000001,-0.0060000000000000001,-0.001,4.9799617564505938e-05,-0.00017256000763024869,-0.0014409699226299061
160,0.0060000000000000019,-0.0060000000000000001,-0.001,8.1508251430616256e-05,-0.00015264513653352721,-0.001278546827757012
161,0.0080000000000000002,-0.0060000000000000001,-0.001,9.6699976286287521e-05,-0.00010842910430287568,-0.0010104165016837274
162,0.0099999999999999985,-0.0060000000000000001,-0.001,9.0005562214878442e-05,-6.3452903826410133e-05,-0.00068156519845880546
163,0.012,-0.0060000000000000001,-0.001,6.6247243923272264e-05,-2.9100646840112329e-05,-0.00035885408185988045
164,0.014000000000000002,-0.0060000000000000001,-0.001,3.194216406752351e-05,-1.0042945738209354e-05,-0.00011232073163624398
165,0.016000000000000004,-0.0060000000000000001,-0.001,0,0,0
166,0.017999999999999999,-0.0060000000000000001,-0.001,0,0,0
167,0.02,-0.0060000000000000001,-0.001,0,0,0
168,-0.02,-0.0040000000000000001,-0.001,0,0,0
169,-0.018000000000000002,-0.0040000000000000001,-0.001,0,0,0
170,-0.016,-0.0040000000000000001,-0.001,0,0,0
171,-0.014,-0.0040000000000000001,-0.001,-1.3465068890673779e-05,-1.5467454073141169e-06,-5.6541436892295297e-05
172,-0.012,-0.0040000000000000001,-0.001,-3.0032273630464173e-05,-5.0764253899823175e-06,-0.00020025622558892796
173,-0.01,-0.0040000000000000001,-0.001,-4.6428011528073265e-05,-1.3677308260070847e-05,-0.00041521504337689092
174,-0.0080000000000000002,-0.0040000000000000001,-0.001,-6.4923068325693195e-05,-2.8548023259334741e-05,-0.00068332796516998035
175,-0.0060000000000000001,-0.0040000000000000001,-0.001,-8.1840593165233026e-05,-5.1456135303502218e-05,-0.00099150124063347115
176,-0.0040000000000000001,-0.0040000000000000001,-0.001,-8.6958116796185994e-05,-8.3141933766384292e-05,-0.0013208243357035025
177,-0.0019999999999999983,-0.0040000000000000001,-0.001,-7.1840151985899225e-05,-0.00012202272188292508,-0.0016431781646677947
178,0,-0.0040000000000000001,-0.001,-3.2868894549568796e-05,-0.00014924808502613543,-0.0018929585073133054
179,0.0019999999999999983,-0.0040000000000000001,-0.001,2.2077961653727328e-05,-0.00017850802069578349,-0.0020128152532410616
180,0.0040000000000000001,-0.0040000000000000001,-0.001,8.4477677642591398e-05,-0.00018965962010801136,-0.0019853553475070299
181,0.0060000000000000019,-0.0040000000000000001,-0.001,0.00014207786905803989,-0.0001816129325282737,-0.001781855726088204
182,0.0080000000000000002,-0.0040000000000000001,-0.001,0.00016916641914474444,-0.00012832444251327193,-0.0014102744769908173
183,0.0099999999999999985,-0.0040000000000000001,-0.001,0.00014939183042199459,-7.1351681521517892e-05,-0.00093948143109860976
184,0.012,-0.0040000000000000001,-0.001,0.00010225742535920351,-3.0677865053690739e-05,-0.00048897069354090171
185,0.014000000000000002,-0.0040000000000000001,-0.001,4.5097070650969462e-05,-1.0307544905695255e-05,-0.00015292391777574428
186,0.016000000000000004,-0.0040000000000000001,-0.001,0,0,0
187,0.017999999999999999,-0.0040000000000000001,-0.001,0,0,0
188,0.02,-0.0040000000000000001,-0.001,0,0,0
189,-0.02,-0.0019999999999999983,-0.001,0,0,0
190,-0.018000000000000002,-0.0019999999999999983,-0.001,0,0,0
191,-0.016,-0.0019999999999999983,-0.001,0,0,0
192,-0.014,-0.0019999999999999983,-0.001,-1.5704264166324246e-05,-8.8044043801040656e-07,-6.5126232599690579e-05
193,-0.012,-0.0019999999999999983,-0.001,-3.561862946236683e-05,-2.8956650826635438e-06,-0.00022834883909139423
194,-0.01,-0.0019999999999999983,-0.001,-5.6906558096736753e-05,-7.9885960618674872e-06,-0.00047278565142073938
195,-0.0080000000000000002,-0.0019999999999999983,-0.001,-8.2248597547016848e-05,-1.7128675684973341e-05,-0.00078140179830083086
196,-0.0060000000000000001,-0.0019999999999999983,-0.001,-0.00010674926937431843,-3.2004078944255085e-05,-0.0011465536810776565
197,-0.0040000000000000001,-0.0019999999999999983,-0.001,-0.00011985889839986069,-5.48582233318835e-05,-0.0015563433117980294
198,-0.0019999999999999983,-0.0019999999999999983,-0.001,-0.00011001793720731577,-8.5918767836576208e-05,-0.0019956842497785786
199,0,-0.0019999999999999983,-0.001,-7.0631745149560878e-05,-9.8545849453031e-05,-0.0024444054759432988
200,0.0019999999999999983,-0.0019999999999999983,-0.001,2.2437855735854805e-05,-0.00012383752252566603,-0.0025600129554175202
201,0.0040000000000000001,-0.0019999999999999983,-0.001,0.0001215179791755066,-0.00013121359977818738,-0.0025528815050219751
202,0.0060000000000000019,-0.0019999999999999983,-0.001,0.0002296661222218327,-0.00014118153788866299,-0.0023746313671870671
203,0.0080000000000000002,-0.0019999999999999983,-0.001,0.00027183840938748024,-0.0001076779186334924,-0.0017982142112552885
204,0.0099999999999999985,-0.0019999999999999983,-0.001,0.00023041867895681428,-4.9470727543299619e-05,-0.0011553391926339372
205,0.012,-0.0019999999999999983,-0.001,0.00014453377458934711,-2.1938255511485734e-05,-0.00058679547977853784
206,0.014000000000000002,-0.0019999999999999983,-0.001,5.8395981549077517e-05,-7.2823917828116363e-06,-0.00018209061481819387
207,0.016000000000000004,-0.0019999999999999983,-0.001,0,0,0
208,0.017999999999999999,-0.0019999999999999983,-0.001,0,0,0
209,0.02,-0.0019999999999999983,-0.001,0,0,0
210,-0.02,0,-0.001,0,0,0
211,-0.018000000000000002,0,-0.001,0,0,0
212,-0.016,0,-0.001,0,0,0
213,-0.014,0,-0.001,-1.6504935066230744e-05,-3.2985578132118886e-20,-6.8136642053986366e-05
214,-0.012,0,-0.001,-3.7624954464991747e-05,-7.3006927287668406e-20,-0.00023827841786887592
215,-0.01,0,-0.001,-6.085513506509836e-05,-2.1306060254980683e-19,-0.00049326711143433965
216,-0.0080000000000000002,0,-0.001,-9.1267579905069527e-05,-1.8716279356298395e-19,-0.00081647650790423788
217,-0.0060000000000000001,0,-0.001,-0.00012413865887841045,1.4045049923707587e-19,-0.0012036409691650192
218,-0.0040000000000000001,0,-0.001,-0.00013200925541911778,4.2024141861044454e-20,-0.0016474995302792979
219,-0.0019999999999999983,0,-0.001,-0.00013060054301100032,4.6139486170207023e-19,-0.002231439912903024
220,0,0,-0.001,-0.00013898453660971021,5.2219377490551318e-19,-0.0029836547682775129
221,0.0019999999999999983,0,-0.001,-9.1894925162560735e-06,-2.0159568118053728e-19,-0.0030927973946772609
222,0.0040000000000000001,0,-0.001,0.00014368593039007228,8.6885480303049084e-19,-0.00309087296128366
223,0.0060000000000000019,0,-0.001,0.00029981841907193881,1.2578861262226245e-18,-0.0029087416093460192
224,0.0080000000000000002,0,-0.001,0.00038317519746087987,-3.5995373053465692e-19,-0.0022612635040880659
225,0.0099999999999999985,0,-0.001,0.00027487806920734292,3.8694811819983318e-19,-0.0012367930628335872
226,0.012,0,-0.001,0.00017443684174814681,-1.2396187548648817e-19,-0.00062691286687324005
227,0.014000000000000002,0,-0.001,6.4648650222299352e-05,-5.9327819068796833e-20,-0.00019220029277602032
228,0.016000000000000004,0,-0.001,0,0,0
229,0.017999999999999999,0,-0.001,0,0,0
230,0.02,0,-0.001,0,0,0
231,-0.02,0.0019999999999999983,-0.001,0,0,0
232,-0.018000000000000002,0.0019999999999999983,-0.001,0,0,0
233,-0.016,0.0019999999999999983,-0.001,0,0,0
234,-0.014,0.0019999999999999983,-0.001,-1.5704264166324267e-05,8.8044043801035055e-07,-6.5126232599690674e-05
235,-0.012,0.0019999999999999983,-0.001,-3.5618629462366925e-05,2.8956650826633778e-06,-0.00022834883909139445
236,-0.01,0.0019999999999999983,-0.001,-5.6906558096736834e-05,7.988596061867233e-06,-0.0004727856514207396
237,-0.0080000000000000002,0.0019999999999999983,-0.001,-8.2248597547016997e-05,1.7128675684972857e-05,-0.00078140179830083107
238,-0.0060000000000000001,0.0019999999999999983,-0.001,-0.0001067492693743187,3.2004078944254902e-05,-0.0011465536810776572
239,-0.0040000000000000001,0.0019999999999999983,-0.001,-0.00011985889839986067,5.4858223331883764e-05,-0.0015563433117980294
240,-0.0019999999999999983,0.0019999999999999983,-0.001,-0.00011001793720731593,8.5918767836576506e-05,-0.0019956842497785786
241,0,0.0019999999999999983,-0.001,-7.0631745149561122e-05,9.8545849453030918e-05,-0.0024444054759432971
242,0.0019999999999999983,0.0019999999999999983,-0.001,2.2437855735855503e-05,0.00012383752252566576,-0.0025600129554175189
243,0.0040000000000000001,0.0019999999999999983,-0.001,0.00012151797917550723,0.00013121359977818735,-0.0025528815050219738
244,0.0060000000000000019,0.0019999999999999983,-0.001,0.00022966612222183262,0.00014118153788866331,-0.0023746313671870662
245,0.0080000000000000002,0.0019999999999999983,-0.001,0.00027183840938747986,0.00010767791863349307,-0.0017982142112552867
246,0.0099999999999999985,0.0019999999999999983,-0.001,0.00023041867895681376,4.9470727543299883e-05,-0.0011553391926339357
247,0.012,0.0019999999999999983,-0.001,0.00014453377458934676,2.1938255511485538e-05,-0.00058679547977853752
248,0.014000000000000002,0.0019999999999999983,-0.001,5.8395981549077489e-05,7.2823917828114821e-06,-0.00018209061481819385
249,0.016000000000000004,0.0019999999999999983,-0.001,0,0,0
250,0.017999999999999999,0.0019999999999999983,-0.001,0,0,0
251,0.02,0.0019999999999999983,-0.001,0,0,0
252,-0.02,0.0040000000000000001,-0.001,0,0,0
253,-0.018000000000000002,0.0040000000000000001,-0.001,0,0,0
254,-0.016,0.0040000000000000001,-0.001,0,0,0
255,-0.014,0.0040000000000000001,-0.001,-1.3465068890673862e-05,1.54674540731408e-06,-5.6541436892295419e-05
256,-0.012,0.0040000000000000001,-0.001,-3.0032273630464339e-05,5.0764253899822227e-06,-0.00020025622558892832
257,-0.01,0.0040000000000000001,-0.001,-4.6428011528073394e-05,1.3677308260070639e-05,-0.00041521504337689135
258,-0.0080000000000000002,0.0040000000000000001,-0.001,-6.4923068325693507e-05,2.8548023259334558e-05,-0.0006833279651699809
259,-0.0060000000000000001,0.0040000000000000001,-0.001,-8.1840593165233337e-05,5.1456135303502211e-05,-0.0009915012406334718
260,-0.0040000000000000001,0.0040000000000000001,-0.001,-8.6958116796186549e-05,8.3141933766384143e-05,-0.0013208243357035031
261,-0.0019999999999999983,0.0040000000000000001,-0.001,-7.1840151985899645e-05,0.00012202272188292482,-0.0016431781646677947
262,0,0.0040000000000000001,-0.001,-3.2868894549568539e-05,0.00014924808502613451,-0.0018929585073133057
263,0.0019999999999999983,0.0040000000000000001,-0.001,2.2077961653728036e-05,0.00017850802069578362,-0.0020128152532410608
264,0.0040000000000000001,0.0040000000000000001,-0.001,8.4477677642591818e-05,0.00018965962010801093,-0.0019853553475070291
265,0.0060000000000000019,0.0040000000000000001,-0.001,0.00014207786905803997,0.00018161293252827386,-0.0017818557260882032
266,0.0080000000000000002,0.0040000000000000001,-0.001,0.00016916641914474479,0.00012832444251327182,-0.001410274476990816
267,0.0099999999999999985,0.0040000000000000001,-0.001,0.00014939183042199464,7.1351681521517851e-05,-0.00093948143109860889
268,0.012,0.0040000000000000001,-0.001,0.00010225742535920335,3.0677865053690461e-05,-0.0004889706935409015
269,0.014000000000000002,0.0040000000000000001,-0.001,4.5097070650969367e-05,1.0307544905695118e-05,-0.0001529239177757442
270,0.016000000000000004,0.0040000000000000001,-0.001,0,0,0
271,0.017999999999999999,0.0040000000000000001,-0.001,0,0,0
272,0.02,0.0040000000000000001,-0.001,0,0,0
273,-0.02,0.0060000000000000019,-0.001,0,0,0
274,-0.018000000000000002,0.0060000000000000019,-0.001,0,0,0
275,-0.016,0.0060000000000000019,-0.001,0,0,0
276,-0.014,0.0060000000000000019,-0.001,-1.0315817948303841e-05,1.858992675070541e-06,-4.3821063591664079e-05
277,-0.012,0.0060000000000000019,-0.001,-2.2755162093241873e-05,6.2206868759577431e-06,-0.00015882174339438602
278,-0.01,0.0060000000000000019,-0.001,-3.410326290352696e-05,1.6097547617647624e-05,-0.00033143859803766348
279,-0.0080000000000000002,0.0060000000000000019,-0.001,-4.6028968193490686e-05,3.2106966206001668e-05,-0.00054395589655164851
280,-0.0060000000000000001,0.0060000000000000019,-0.001,-5.5555964944035007e-05,5.4883226992566551e-05,-0.00078169943571759423
281,-0.0040000000000000001,0.0060000000000000019,-0.001,-5.6876696555724194e-05,8.4798904531535471e-05,-0.0010271336157384758
282,-0.0019999999999999983,0.0060000000000000019,-0.001,-4.5335029688948781e-05,0.00011886811861446856,-0.0012506793101836312
283,0,0.0060000000000000019,-0.001,-2.084774912581694e-05,0.00015345349924579624,-0.0014127213319059667
284,0.0019999999999999983,0.0060000000000000019,-0.001,1.295030504336399e-05,0.00016929169206303447,-0.0014841237783662859
285,0.0040000000000000001,0.0060000000000000019,-0.001,4.9799617564506636e-05,0.00017256000763024828,-0.0014409699226299048
286,0.0060000000000000019,0.0060000000000000019,-0.001,8.1508251430616988e-05,0.00015264513653352721,-0.0012785468277570114
287,0.0080000000000000002,0.0060000000000000019,-0.001,9.6699976286287887e-05,0.00010842910430287569,-0.0010104165016837268
288,0.0099999999999999985,0.0060000000000000019,-0.001,9.0005562214878551e-05,6.3452903826410092e-05,-0.0006815651984588047
289,0.012,0.0060000000000000019,-0.001,6.6247243923272332e-05,2.9100646840112213e-05,-0.00035885408185988007
290,0.014000000000000002,0.0060000000000000019,-0.001,3.194216406752349e-05,1.004294573820929e-05,-0.00011232073163624383
291,0.016000000000000004,0.0060000000000000019,-0.001,0,0,0
292,0.017999999999999999,0.0060000000000000019,-0.001,0,0,0
293,0.02,0.0060000000000000019,-0.001,0,0,0
294,-0.02,0.0080000000000000002,-0.001,0,0,0
295,-0.018000000000000002,0.0080000000000000002,-0.001,0,0,0
296,-0.016,0.0080000000000000002,-0.001,0,0,0
297,-0.014,0.0080000000000000002,-0.001,-6.9310528689411986e-06,1.8126539156656421e-06,-2.9245207650822517e-05
298,-0.012,0.0080000000000000002,-0.001,-1.5402729229308665e-05,6.3927002274254722e-06,-0.00011093946232584836
299,-0.01,0.0080000000000000002,-0.001,-2.2477711176680133e-05,1.5677126345825823e-05,-0.00023594502379328011
300,-0.0080000000000000002,0.0080000000000000002,-0.001,-2.9031230029132763e-05,2.9451715777229008e-05,-0.00038958949406840205
301,-0.0060000000000000001,0.0080000000000000002,-0.001,-3.3741931778752728e-05,4.8004426424458959e-05,-0.00055829369697591238
302,-0.0040000000000000001,0.0080000000000000002,-0.001,-3.3363498288968584e-05,7.1147931540997391e-05,-0.00072609019783857688
303,-0.0019999999999999983,0.0080000000000000002,-0.001,-2.6097032924574719e-05,9.7117127144444575e-05,-0.00087145231706347258
304,0,0.0080000000000000002,-0.001,-1.1999679522300929e-05,0.00012080053422842664,-0.00097059793943606639
305,0.0019999999999999983,0.0080000000000000002,-0.001,6.8446468615001748e-06,0.00012926296817765688,-0.0010063913518530089
306,0.0040000000000000001,0.0080000000000000002,-0.001,2.7361499123075052e-05,0.00012556343199942574,-0.00096428834711140114
307,0.0060000000000000019,0.0080000000000000002,-0.001,4.4678628821278273e-05,0.00010711464071048214,-0.00084439435052013282
308,0.0080000000000000002,0.0080000000000000002,-0.001,5.3454474169108932e-05,7.8146885170055519e-05,-0.00066112151995049192
309,0.0099999999999999985,0.0080000000000000002,-0.001,5.0784363179421893e-05,4.6942124284019042e-05,-0.00044249542335390044
310,0.012,0.0080000000000000002,-0.001,3.9292343182309579e-05,2.3198297786196588e-05,-0.00022989531415234949
311,0.014000000000000002,0.0080000000000000002,-0.001,2.0207670886287433e-05,8.1290474184575539e-06,-6.9680680579275618e-05
312,0.016000000000000004,0.0080000000000000002,-0.001,0,0,0
313,0.017999999999999999,0.0080000000000000002,-0.001,0,0,0
314,0.02,0.0080000000000000002,-0.001,0,0,0
315,-0.02,0.0099999999999999985,-0.001,0,0,0
316,-0.018000000000000002,0.0099999999999999985,-0.001,0,0,0
317,-0.016,0.0099999999999999985,-0.001,0,0,0
318,-0.014,0.0099999999999999985,-0.001,-3.8705818217212764e-06,1.4339616413736947e-06,-1.5714073995455975e-05
319,-0.012,0.0099999999999999985,-0.001,-8.7926040331318466e-06,5.6272951864429529e-06,-6.4558307965125489e-05
320,-0.01,0.0099999999999999985,-0.001,-1.2610336653563963e-05,1.330927418018575e-05,-0.00014305021034299721
321,-0.0080000000000000002,0.0099999999999999985,-0.001,-1.5584102856558098e-05,2.3924621710144236e-05,-0.00024104690986489165
322,-0.0060000000000000001,0.0099999999999999985,-0.001,-1.7245391563520349e-05,3.7290283102784492e-05,-0.00034766215190082443
323,-0.0040000000000000001,0.0099999999999999985,-0.001,-1.6619135856397185e-05,5.3132683152817917e-05,-0.00045048472443865096
324,-0.0019999999999999983,0.0099999999999999985,-0.001,-1.2827103448802853e-05,6.9770340776912308e-05,-0.00053594911655742829
325,0,0.0099999999999999985,-0.001,-5.8059210376487982e-06,8.2482862212019935e-05,-0.00059096569769035649
326,0.0019999999999999983,0.0099999999999999985,-0.001,3.6494927550303666e-06,8.7057628434964796e-05,-0.00060474626804825587
327,0.0040000000000000001,0.0099999999999999985,-0.001,1.3757261002691172e-05,8.2235788673314089e-05,-0.00057187890247572171
328,0.0060000000000000019,0.0099999999999999985,-0.001,2.2242567769810731e-05,6.9497551683527327e-05,-0.00049352805065596209
329,0.0080000000000000002,0.0099999999999999985,-0.001,2.6779634778402546e-05,5.1169160118083571e-05,-0.00037931173882664793
330,0.0099999999999999985,0.0099999999999999985,-0.001,2.6165110506721064e-05,3.180798922372663e-05,-0.00024749624519040025
331,0.012,0.0099999999999999985,-0.001,2.0799655559273558e-05,1.6188285996207312e-05,-0.00012312619744944239
332,0.014000000000000002,0.0099999999999999985,-0.001,1.0957483269016005e-05,5.5015385387796231e-06,-3.4413934454107284e-05
333,0.016000000000000004,0.0099999999999999985,-0.001,0,0,0
334,0.017999999999999999,0.0099999999999999985,-0.001,0,0,0
335,0.02,0.0099999999999999985,-0.001,0,0,0
336,-0.02,0.012,-0.001,0,0,0
337,-0.018000000000000002,0.012,-0.001,0,0,0
338,-0.016,0.012,-0.001,0,0,0
339,-0.014,0.012,-0.001,-1.5290848802189632e-06,7.856988484384682e-07,-6.1110719689882365e-06
340,-0.012,0.012,-0.001,-3.5683596517605533e-06,3.9497635027333144e-06,-2.759096692034657e-05
341,-0.01,0.012,-0.001,-5.2029294021249741e-06,9.5660283300851357e-06,-6.5719780332886238e-05
342,-0.0080000000000000002,0.012,-0.001,-6.1425057859656042e-06,1.6965480245458358e-05,-0.00011536633923049417
343,-0.0060000000000000001,0.012,-0.001,-6.4040717629101997e-06,2.5772742402258088e-05,-0.00016959915613627965
344,-0.0040000000000000001,0.012,-0.001,-5.9148448271204207e-06,3.5453001235040493e-05,-0.00022093838117679131
345,-0.0019999999999999983,0.012,-0.001,-4.4112842592936148e-06,4.4647392799755051e-05,-0.00026208036592549253
346,0,0.012,-0.001,-1.6674017023056374e-06,5.0891823273473026e-05,-0.00028668068929235208
347,0.0019999999999999983,0.012,-0.001,1.9949380968528528e-06,5.261885054074673e-05,-0.00029023051033248183
348,0.0040000000000000001,0.012,-0.001,5.871235225163928e-06,4.9127908453061148e-05,-0.00027063162402288693
349,0.0060000000000000019,0.012,-0.001,9.2590247170968798e-06,4.1335779519261569e-05,-0.00022917422285788355
350,0.0080000000000000002,0.012,-0.001,1.1309524728858417e-05,3.0682618719212957e-05,-0.00017113082054756671
351,0.0099999999999999985,0.012,-0.001,1.1201298805385464e-05,1.9408298396008357e-05,-0.00010647365131055682
352,0.012,0.012,-0.001,8.7658437951783078e-06,9.6786862088632131e-06,-4.8867663919537922e-05
353,0.014000000000000002,0.012,-0.001,4.4318190003703744e-06,2.8294643230688041e-06,-1.1994973607308954e-05
354,0.016000000000000004,0.012,-0.001,0,0,0
355,0.017999999999999999,0.012,-0.001,0,0,0
356,0.02,0.012,-0.001,0,0,0
357,-0.02,0.014000000000000002,-0.001,0,0,0
358,-0.018000000000000002,0.014000000000000002,-0.001,0,0,0
359,-0.016,0.014000000000000002,-0.001,0,0,0
360,-0.014,0.014000000000000002,-0.001,-2.4537826008983666e-07,3.1191891246984963e-07,-1.2656090512185425e-06
361,-0.012,0.014000000000000002,-0.001,-6.1973463459051117e-07,1.7313829245751546e-06,-6.2248725686106683e-06
362,-0.01,0.014000000000000002,-0.001,-1.1722613625270701e-06,4.3387888895672026e-06,-1.6280228098986476e-05
363,-0.0080000000000000002,0.014000000000000002,-0.001,-1.4891565348509714e-06,7.9015581031423355e-06,-3.0905088123879243e-05
364,-0.0060000000000000001,0.014000000000000002,-0.001,-1.5366388552270718e-06,1.2122668863000204e-05,-4.7459941345048095e-05
365,-0.0040000000000000001,0.014000000000000002,-0.001,-1.3186333678502976e-06,1.6513632885450125e-05,-6.3135781058107552e-05
366,-0.0019999999999999983,0.014000000000000002,-0.001,-7.7535135827341966e-07,2.0388876042381736e-05,-7.5469178177596069e-05
367,0,0.014000000000000002,-0.001,6.7385958513420046e-08,2.2671440953771036e-05,-8.244664169922604e-05
368,0.0019999999999999983,0.014000000000000002,-0.001,1.1311686514158955e-06,2.3005184646235511e-05,-8.2695578863105189e-05
369,0.0040000000000000001,0.014000000000000002,-0.001,2.224542849676288e-06,2.1315424620826983e-05,-7.5733986676267912e-05
370,0.0060000000000000019,0.014000000000000002,-0.001,3.1150406288725717e-06,1.7860779657694019e-05,-6.2232498703429176e-05
371,0.0080000000000000002,0.014000000000000002,-0.001,3.5569534189021475e-06,1.3254482032116095e-05,-4.4101290065625331e-05
372,0.0099999999999999985,0.014000000000000002,-0.001,3.2613900816450488e-06,8.37604203944292e-06,-2.5061055820376424e-05
373,0.012,0.014000000000000002,-0.001,2.1570446455314728e-06,3.9221500687408413e-06,-1.0096865090508194e-05
374,0.014000000000000002,0.014000000000000002,-0.001,9.1850146365881522e-07,9.2218886218549267e-07,-2.2371668622577125e-06
375,0.016000000000000004,0.014000000000000002,-0.001,0,0,0
376,0.017999999999999999,0.014000000000000002,-0.001,0,0,0
377,0.02,0.014000000000000002,-0.001,0,0,0
378,-0.02,0.016000000000000004,-0.001,0,0,0
379,-0.018000000000000002,0.016000000000000004,-0.001,0,0,0
380,-0.016,0.016000000000000004,-0.001,0,0,0
381,-0.014,0.016000000000000004,-0.001,0,0,0
382,-0.012,0.016000000000000004,-0.001,0,0,0
383,-0.01,0.016000000000000004,-0.001,0,0,0
384,-0.0080000000000000002,0.016000000000000004,-0.001,0,0,0
385,-0.0060000000000000001,0.016000000000000004,-0.001,0,0,0
386,-0.0040000000000000001,0.016000000000000004,-0.001,0,0,0
387,-0.0019999999999999983,0.016000000000000004,-0.001,0,0,0
388,0,0.016000000000000004,-0.001,0,0,0
389,0.0019999999999999983,0.016000000000000004,-0.001,0,0,0
390,0.0040000000000000001,0.016000000000000004,-0.001,0,0,0
391,0.0060000000000000019,0.016000000000000004,-0.001,0,0,0
392,0.0080000000000000002,0.016000000000000004,-0.001,0,0,0
393,0.0099999999999999985,0.016000000000000004,-0.001,0,0,0
394,0.012,0.016000000000000004,-0.001,0,0,0
395,0.014000000000000002,0.016000000000000004,-0.001,0,0,0
396,0.016000000000000004,0.016000000000000004,-0.001,0,0,0
397,0.017999999999999999,0.016000000000000004,-0.001,0,0,0
398,0.02,0.016000000000000004,-0.001,0,0,0
399,-0.02,0.017999999999999999,-0.001,0,0,0
400,-0.018000000000000002,0.017999999999999999,-0.001,0,0,0
401,-0.016,0.017999999999999999,-0.001,0,0,0
402,-0.014,0.017999999999999999,-0.001,0,0,0
403,-0.012,0.017999999999999999,-0.001,0,0,0
404,-0.01,0.017999999999999999,-0.001,0,0,0
405,-0.0080000000000000002,0.017999999999999999,-0.001,0,0,0
406,-0.0060000000000000001,0.017999999999999999,-0.001,0,0,0
407,-0.0040000000000000001,0.017999999999999999,-0.001,0,0,0
408,-0.0019999999999999983,0.017999999999999999,-0.001,0,0,0
409,0,0.017999999999999999,-0.001,0,0,0
410,0.0019999999999999983,0.017999999999999999,-0.001,0,0,0
411,0.0040000000000000001,0.017999999999999999,-0.001,0,0,0
412,0.0060000000000000019,0.017999999999999999,-0.001,0,0,0
413,0.0080000000000000002,0.017999999999999999,-0.001,0,0,0
414,0.0099999999999999985,0.017999999999999999,-0.001,0,0,0
415,0.012,0.017999999999999999,-0.001,0,0,0
416,0.014000000000000002,0.017999999999999999,-0.001,0,0,0
417,0.016000000000000004,0.017999999999999999,-0.001,0,0,0
418,0.017999999999999999,0.017999999999999999,-0.001,0,0,0
419,0.02,0.017999999999999999,-0.001,0,0,0
420,-0.02,0.02,-0.001,0,0,0
421,-0.018000000000000002,0.02,-0.001,0,0,0
422,-0.016,0.02,-0.001,0,0,0
423,-0.014,0.02,-0.001,0,0,0
424,-0.012,0.02,-0.001,0,0,0
425,-0.01,0.02,-0.001,0,0,0
426,-0.0080000000000000002,0.02,-0.001,0,0,0
427,-0.0060000000000000001,0.02,-0.001,0,0,0
428,-0.0040000000000000001,0.02,-0.001,0,0,0
429,-0.0019999999999999983,0.02,-0.001,0,0,0
430,0,0.02,-0.001,0,0,0
431,0.0019999999999999983,0.02,-0.001,0,0,0
432,0.0040000000000000001,0.02,-0.001,0,0,0
433,0.0060000000000000019,0.02,-0.001,0,0,0
434,0.0080000000000000002,0.02,-0.001,0,0,0
435,0.0099999999999999985,0.02,-0.001,0,0,0
436,0.012,0.02,-0.001,0,0,0
437,0.014000000000000002,0.02,-0.001,0,0,0
438,0.016000000000000004,0.02,-0.001,0,0,0
439,0.017999999999999999,0.02,-0.001,0,0,0
440,0.02,0.02,-0.001,0,0,0
441,-0.02,-0.02,-0.00050000000000000001,0,0,0
442,-0.018000000000000002,-0.02,-0.00050000000000000001,0,0,0
443,-0.016,-0.02,-0.00050000000000000001,0,0,0
444,-0.014,-0.02,-0.00050000000000000001,0,0,0
445,-0.012,-0.02,-0.00050000000000000001,0,0,0
446,-0.01,-0.02,-0.00050000000000000001,0,0,0
447,-0.0080000000000000002,-0.02,-0.00050000000000000001,0,0,0
448,-0.0060000000000000001,-0.02,-0.00050000000000000001,0,0,0
449,-0.0040000000000000001,-0.02,-0.00050000000000000001,0,0,0
450,-0.0019999999999999983,-0.02,-0.00050000000000000001,0,0,0
451,0,-0.02,-0.00050000000000000001,0,0,0
452,0.0019999999999999983,-0.02,-0.00050000000000000001,0,0,0
453,0.0040000000000000001,-0.02,-0.00050000000000000001,0,0,0
454,0.0060000000000000019,-0.02,-0.00050000000000000001,0,0,0
455,0.0080000000000000002,-0.02,-0.00050000000000000001,0,0,0
456,0.0099999999999999985,-0.02,-0.00050000000000000001,0,0,0
457,0.012,-0.02,-0.00050000000000000001,0,0,0
458,0.014000000000000002,-0.02,-0.00050000000000000001,0,0,0
459,0.016000000000000004,-0.02,-0.00050000000000000001,0,0,0
460,0.017999999999999999,-0.02,-0.00050000000000000001,0,0,0
461,0.02,-0.02,-0.00050000000000000001,0,0,0
462,-0.02,-0.018000000000000002,-0.00050000000000000001,0,0,0
463,-0.018000000000000002,-0.018000000000000002,-0.00050000000000000001,0,0,0
464,-0.016,-0.018000000000000002,-0.00050000000000000001,0,0,0
465,-0.014,-0.018000000000000002,-0.00050000000000000001,0,0,0
466,-0.012,-0.018000000000000002,-0.00050000000000000001,0,0,0
467,-0.01,-0.018000000000000002,-0.00050000000000000001,0,0,0
468,-0.0080000000000000002,-0.018000000000000002,-0.00050000000000000001,0,0,0
469,-0.0060000000000000001,-0.018000000000000002,-0.00050000000000000001,0,0,0
470,-0.0040000000000000001,-0.018000000000000002,-0.00050000000000000001,0,0,0
471,-0.0019999999999999983,-0.018000000000000002,-0.00050000000000000001,0,0,0
472,0,-0.018000000000000002,-0.00050000000000000001,0,0,0
473,0.0019999999999999983,-0.018000000000000002,-0.00050000000000000001,0,0,0
474,0.0040000000000000001,-0.018000000000000002,-0.00050000000000000001,0,0,0
475,0.0060000000000000019,-0.018000000000000002,-0.00050000000000000001,0,0,0
476,0.0080000000000000002,-0.018000000000000002,-0.00050000000000000001,0,0,0
477,0.0099999999999999985,-0.018000000000000002,-0.00050000000000000001,0,0,0
478,0.012,-0.018000000000000002,-0.00050000000000000001,0,0,0
479,0.014000000000000002,-0.018000000000000002,-0.00050000000000000001,0,0,0
480,0.016000000000000004,-0.018000000000000002,-0.00050000000000000001,0,0,0
481,0.017999999999999999,-0.018000000000000002,-0.00050000000000000001,0,0,0
482,0.02,-0.018000000000000002,-0.00050000000000000001,0,0,0
483,-0.02,-0.016,-0.00050000000000000001,0,0,0
484,-0.018000000000000002,-0.016,-0.00050000000000000001,0,0,0
485,-0.016,-0.016,-0.00050000000000000001,0,0,0
486,-0.014,-0.016,-0.00050000000000000001,0,0,0
487,-0.012,-0.016,-0.00050000000000000001,0,0,0
488,-0.01,-0.016,-0.00050000000000000001,0,0,0
489,-0.0080000000000000002,-0.016,-0.00050000000000000001,0,0,0
490,-0.0060000000000000001,-0.016,-0.00050000000000000001,0,0,0
491,-0.0040000000000000001,-0.016,-0.00050000000000000001,0,0,0
492,-0.0019999999999999983,-0.016,-0.00050000000000000001,0,0,0
493,0,-0.016,-0.00050000000000000001,0,0,0
494,0.0019999999999999983,-0.016,-0.00050000000000000001,0,0,0
495,0.0040000000000000001,-0.016,-0.00050000000000000001,0,0,0
496,0.0060000000000000019,-0.016,-0.00050000000000000001,0,0,0
497,0.0080000000000000002,-0.016,-0.00050000000000000001,0,0,0
498,0.0099999999999999985,-0.016,-0.00050000000000000001,0,0,0
499,0.012,-0.016,-0.00050000000000000001,0,0,0
500,0.014000000000000002,-0.016,-0.00050000000000000001,0,0,0
501,0.016000000000000004,-0.016,-0.00050000000000000001,0,0,0
502,0.017999999999999999,-0.016,-0.00050000000000000001,0,0,0
503,0.02,-0.016,-0.00050000000000000001,0,0,0
504,-0.02,-0.014,-0.00050000000000000001,0,0,0
505,-0.018000000000000002,-0.014,-0.00050000000000000001,0,0,0
506,-0.016,-0.014,-0.00050000000000000001,0,0,0
507,-0.014,-0.014,-0.00050000000000000001,5.9160625521275774e-07,5.1749101021229983e-07,-1.3041786860745111e-06
508,-0.012,-0.014,-0.00050000000000000001,1.3176490715752833e-06,1.3311050659572312e-06,-6.2336955040984531e-06
509,-0.01,-0.014,-0.00050000000000000001,2.2118408244020459e-06,2.4449213795902081e-06,-1.6159208215472813e-05
510,-0.0080000000000000002,-0.014,-0.00050000000000000001,2.8262733652587014e-06,3.5299268255782212e-06,-3.0609982556593919e-05
511,-0.0060000000000000001,-0.014,-0.00050000000000000001,2.9562186970459894e-06,4.5878399275573113e-06,-4.7008810330849013e-05
512,-0.0040000000000000001,-0.014,-0.00050000000000000001,2.6367937408403571e-06,5.369644137017878e-06,-6.2539091059884085e-05
513,-0.0019999999999999983,-0.014,-0.00050000000000000001,1.9863802246532716e-06,5.8031021058909752e-06,-7.4747865628167054e-05
514,0,-0.014,-0.00050000000000000001,1.1188257798299758e-06,5.8494832370048964e-06,-8.1603705982943585e-05
515,0.0019999999999999983,-0.014,-0.00050000000000000001,2.0730795427787925e-07,5.7226882256813324e-06,-8.1770852323710712e-05
516,0.0040000000000000001,-0.014,-0.00050000000000000001,-6.4773194618860989e-07,5.4256590471174443e-06,-7.4800282506377899e-05
517,0.0060000000000000019,-0.014,-0.00050000000000000001,-1.3504469748920715e-06,4.895809504083877e-06,-6.1371075985889123e-05
518,0.0080000000000000002,-0.014,-0.00050000000000000001,-1.7114687692427259e-06,4.0591987071747256e-06,-4.3394384025484486e-05
519,0.0099999999999999985,-0.014,-0.00050000000000000001,-1.5570046814865285e-06,2.9934945300637567e-06,-2.4575694820140061e-05
520,0.012,-0.014,-0.00050000000000000001,-9.6171441473898206e-07,1.6041459687065618e-06,-9.8411400310285964e-06
521,0.014000000000000002,-0.014,-0.00050000000000000001,-4.2051012455644667e-07,5.3873011048512635e-07,-2.1479646791785697e-06
522,0.016000000000000004,-0.014,-0.00050000000000000001,0,0,0
523,0.017999999999999999,-0.014,-0.00050000000000000001,0,0,0
524,0.02,-0.014,-0.00050000000000000001,0,0,0
525,-0.02,-0.012,-0.00050000000000000001,0,0,0
526,-0.018000000000000002,-0.012,-0.00050000000000000001,0,0,0
527,-0.016,-0.012,-0.00050000000000000001,0,0,0
528,-0.014,-0.012,-0.00050000000000000001,1.5075515714751645e-06,1.0861068038726069e-06,-6.1343019148171613e-06
529,-0.012,-0.012,-0.00050000000000000001,4.0559700085220199e-06,3.5526713968953035e-06,-2.778857319779047e-05
530,-0.01,-0.012,-0.00050000000000000001,6.1864941827912391e-06,6.376577220467713e-06,-6.622611538837366e-05
531,-0.0080000000000000002,-0.012,-0.00050000000000000001,7.4000265350468321e-06,8.9435495232662506e-06,-0.00011645347103999663
532,-0.0060000000000000001,-0.012,-0.00050000000000000001,7.440808748375576e-06,1.0875198300733341e-05,-0.00017148991892606394
533,-0.0040000000000000001,-0.012,-0.00050000000000000001,6.3066050786969488e-06,1.1559649019374214e-05,-0.0002237324578279856
534,-0.0019999999999999983,-0.012,-0.00050000000000000001,4.3758159690224094e-06,1.1145873317521304e-05,-0.0002657032950622008
535,0,-0.012,-0.00050000000000000001,2.1628610526077896e-06,1.0479679307034701e-05,-0.00029092601270219509
536,0.0019999999999999983,-0.012,-0.00050000000000000001,-6.536371230059315e-08,9.9430954435760123e-06,-0.00029453675155314819
537,0.0040000000000000001,-0.012,-0.00050000000000000001,-2.153601938633842e-06,1.0087328388265608e-05,-0.0002745536822289254
538,0.0060000000000000019,-0.012,-0.00050000000000000001,-3.8716288656009135e-06,1.0153280538131832e-05,-0.00023221009368833406
539,0.0080000000000000002,-0.012,-0.00050000000000000001,-4.914025920655201e-06,9.5435207966355905e-06,-0.00017305956168464374
540,0.0099999999999999985,-0.012,-0.00050000000000000001,-4.9473836854369219e-06,7.7659510426251212e-06,-0.00010735302078868703
541,0.012,-0.012,-0.00050000000000000001,-3.6422488028325947e-06,4.6621926987026659e-06,-4.8992683416086514e-05
542,0.014000000000000002,-0.012,-0.00050000000000000001,-1.3751000613469473e-06,1.3946469800662307e-06,-1.1650710231845837e-05
543,0.016000000000000004,-0.012,-0.00050000000000000001,0,0,0
544,0.017999999999999999,-0.012,-0.00050000000000000001,0,0,0
545,0.02,-0.012,-0.00050000000000000001,0,0,0
546,-0.02,-0.01,-0.00050000000000000001,0,0,0
547,-0.018000000000000002,-0.01,-0.00050000000000000001,0,0,0
548,-0.016,-0.01,-0.00050000000000000001,0,0,0
549,-0.014,-0.01,-0.00050000000000000001,2.712491011442534e-06,1.7485527639317673e-06,-1.5626920026619531e-05
550,-0.012,-0.01,-0.00050000000000000001,7.1363615081626715e-06,5.2427201734685448e-06,-6.5064420094126748e-05
551,-0.01,-0.01,-0.00050000000000000001,9.8548296009301674e-06,8.4512441737067233e-06,-0.00014430310413028738
552,-0.0080000000000000002,-0.01,-0.00050000000000000001,1.0584046420595943e-05,1.0766348032368929e-05,-0.00024344882573500024
553,-0.0060000000000000001,-0.01,-0.00050000000000000001,9.6672537876920445e-06,1.1397288616942499e-05,-0.00035166441660923801
554,-0.0040000000000000001,-0.01,-0.00050000000000000001,7.7390247643733386e-06,9.6275456703956309e-06,-0.00045641608953127136
555,-0.0019999999999999983,-0.01,-0.00050000000000000001,5.4579784262256042e-06,5.5133672676806778e-06,-0.00054360981937034037
556,0,-0.01,-0.00050000000000000001,3.3782026072817062e-06,1.7299524573514839e-06,-0.00059982739978319888
557,0.0019999999999999983,-0.01,-0.00050000000000000001,1.5501523051461762e-06,5.5410453526714536e-07,-0.00061446584526075019
558,0.0040000000000000001,-0.01,-0.00050000000000000001,-3.0449794996823032e-07,2.4376058668963807e-06,-0.00058123058567125234
559,0.0060000000000000019,-0.01,-0.00050000000000000001,-2.4573291714928629e-06,5.685957386192498e-06,-0.00050130839653219738
560,0.0080000000000000002,-0.01,-0.00050000000000000001,-4.9689799520682297e-06,8.9289408567683725e-06,-0.0003848385725054483
561,0.0099999999999999985,-0.01,-0.00050000000000000001,-6.9760810032280507e-06,9.8130475579062629e-06,-0.00025064236542440312
562,0.012,-0.01,-0.00050000000000000001,-6.5978372916835094e-06,7.1358096177857264e-06,-0.00012425386035691034
563,0.014000000000000002,-0.01,-0.00050000000000000001,-2.8844296626847263e-06,2.4332101179550521e-06,-3.3678785872894421e-05
564,0.016000000000000004,-0.01,-0.00050000000000000001,0,0,0
565,0.017999999999999999,-0.01,-0.00050000000000000001,0,0,0
566,0.02,-0.01,-0.00050000000000000001,0,0,0
567,-0.02,-0.0080000000000000002,-0.00050000000000000001,0,0,0
568,-0.018000000000000002,-0.0080000000000000002,-0.00050000000000000001,0,0,0
569,-0.016,-0.0080000000000000002,-0.00050000000000000001,0,0,0
570,-0.014,-0.0080000000000000002,-0.00050000000000000001,3.8466539400227989e-06,2.0825345695555218e-06,-2.9009558734725546e-05
571,-0.012,-0.0080000000000000002,-0.00050000000000000001,9.9305545121593307e-06,5.954366612580562e-06,-0.00011199171077942815
572,-0.01,-0.0080000000000000002,-0.00050000000000000001,1.2628950086826526e-05,8.5261563949196734e-06,-0.00023828915706597311
573,-0.0080000000000000002,-0.0080000000000000002,-0.00050000000000000001,1.1779968531572944e-05,9.0819243768269021e-06,-0.00039367032276793135
574,-0.0060000000000000001,-0.0080000000000000002,-0.00050000000000000001,8.952237088077852e-06,6.668910935368158e-06,-0.00056501147167153443
575,-0.0040000000000000001,-0.0080000000000000002,-0.00050000000000000001,6.1928996023978307e-06,5.738648241597572e-07,-0.00073623008873096815
576,-0.0019999999999999983,-0.0080000000000000002,-0.00050000000000000001,5.1049291413005889e-06,-9.2844596827465874e-06,-0.0008849892844462802
577,0,-0.0080000000000000002,-0.00050000000000000001,5.4825086593387418e-06,-2.0215921132860311e-05,-0.00098585035393483427
578,0.0019999999999999983,-0.0080000000000000002,-0.00050000000000000001,6.6500849183917102e-06,-2.2428353555573459e-05,-0.0010235074723980522
579,0.0040000000000000001,-0.0080000000000000002,-0.00050000000000000001,7.647278792740963e-06,-1.9893948002687413e-05,-0.00098086327552953496
580,0.0060000000000000019,-0.0080000000000000002,-0.00050000000000000001,6.7310259444020684e-06,-1.1190174253084033e-05,-0.00085924928489448742
581,0.0080000000000000002,-0.0080000000000000002,-0.00050000000000000001,2.2044317654851902e-06,-2.3922514106168169e-07,-0.00067258217161512708
582,0.0099999999999999985,-0.0080000000000000002,-0.00050000000000000001,-4.4425920753452978e-06,7.4330938010283238e-06,-0.00044977686841979266
583,0.012,-0.0080000000000000002,-0.00050000000000000001,-7.9830546326764342e-06,7.6050954416943571e-06,-0.00023316015197297646
584,0.014000000000000002,-0.0080000000000000002,-0.00050000000000000001,-4.4154598749369051e-06,2.8064644103675445e-06,-6.8562146684797892e-05
585,0.016000000000000004,-0.0080000000000000002,-0.00050000000000000001,0,0,0
586,0.017999999999999999,-0.0080000000000000002,-0.00050000000000000001,0,0,0
587,0.02,-0.0080000000000000002,-0.00050000000000000001,0,0,0
588,-0.02,-0.0060000000000000001,-0.00050000000000000001,0,0,0
589,-0.018000000000000002,-0.0060000000000000001,-0.00050000000000000001,0,0,0
590,-0.016,-0.0060000000000000001,-0.00050000000000000001,0,0,0
591,-0.014,-0.0060000000000000001,-0.00050000000000000001,4.8898329489301072e-06,1.9409576828987411e-06,-4.345440268447052e-05
592,-0.012,-0.0060000000000000001,-0.00050000000000000001,1.2087072408069032e-05,5.5429173415573384e-06,-0.00016056884350549899
593,-0.01,-0.0060000000000000001,-0.00050000000000000001,1.3930994000756879e-05,7.078631187782578e-06,-0.00033519688901054119
594,-0.0080000000000000002,-0.0060000000000000001,-0.00050000000000000001,1.045789624397003e-05,5.5121702384303607e-06,-0.0005504128726456901
595,-0.0060000000000000001,-0.0060000000000000001,-0.00050000000000000001,4.5352691508469505e-06,-2.7109814772447224e-07,-0.0007923457949395291
596,-0.0040000000000000001,-0.0060000000000000001,-0.00050000000000000001,5.1202656780621427e-07,-1.1700138702151374e-05,-0.0010430735869150589
597,-0.0019999999999999983,-0.0060000000000000001,-0.00050000000000000001,1.7783482659207236e-06,-2.716460283091699e-05,-0.0012722843331078989
598,0,-0.0060000000000000001,-0.00050000000000000001,8.3919996965859461e-06,-4.5666304181572413e-05,-0.0014395165726051248
599,0.0019999999999999983,-0.0060000000000000001,-0.00050000000000000001,1.7896187541531441e-05,-5.2204998469839534e-05,-0.0015123615084825679
600,0.0040000000000000001,-0.0060000000000000001,-0.00050000000000000001,2.6743047318739758e-05,-5.2765485614104715e-05,-0.0014693946238589733
601,0.0060000000000000019,-0.0060000000000000001,-0.00050000000000000001,2.9920952622001334e-05,-4.0510982845263546e-05,-0.0013038537388979485
602,0.0080000000000000002,-0.0060000000000000001,-0.00050000000000000001,2.3256165341432402e-05,-1.7034076355847866e-05,-0.0010322086975034512
603,0.0099999999999999985,-0.0060000000000000001,-0.00050000000000000001,7.7066031821651502e-06,3.9067902731520164e-08,-0.00069582444759774213
604,0.012,-0.0060000000000000001,-0.00050000000000000001,-5.2337870131411004e-06,5.3172385919616454e-06,-0.00036563651113620651
605,0.014000000000000002,-0.0060000000000000001,-0.00050000000000000001,-5.6522738024555594e-06,1.9606071914815156e-06,-0.00011088452880606331
606,0.016000000000000004,-0.0060000000000000001,-0.00050000000000000001,0,0,0
607,0.017999999999999999,-0.0060000000000000001,-0.00050000000000000001,0,0,0
608,0.02,-0.0060000000000000001,-0.00050000000000000001,0,0,0
609,-0.02,-0.0040000000000000001,-0.00050000000000000001,0,0,0
610,-0.018000000000000002,-0.0040000000000000001,-0.00050000000000000001,0,0,0
611,-0.016,-0.0040000000000000001,-0.00050000000000000001,0,0,0
612,-0.014,-0.0040000000000000001,-0.00050000000000000001,5.6024392420531528e-06,1.4345217576546117e-06,-5.6053829043072304e-05
613,-0.012,-0.0040000000000000001,-0.00050000000000000001,1.3086890928316463e-05,4.150640460754539e-06,-0.0002026847548776231
614,-0.01,-0.0040000000000000001,-0.00050000000000000001,1.3312885665080987e-05,4.7132673359377282e-06,-0.00042050924619535659
615,-0.0080000000000000002,-0.0040000000000000001,-0.00050000000000000001,6.4434038146379578e-06,1.9673598287317882e-06,-0.00069253851528044421
616,-0.0060000000000000001,-0.0040000000000000001,-0.00050000000000000001,-4.162585483213762e-06,-5.4683516625450287e-06,-0.001006591807895797
617,-0.0040000000000000001,-0.0040000000000000001,-0.00050000000000000001,-1.1909867067921896e-05,-2.0344337779396098e-05,-0.0013435156768410006
618,-0.0019999999999999983,-0.0040000000000000001,-0.00050000000000000001,-8.5328642177199858e-06,-3.9523393571641769e-05,-0.0016742105508504124
619,0,-0.0040000000000000001,-0.00050000000000000001,9.254596816431707e-06,-5.2312113146024359e-05,-0.0019345959624880124
620,0.0019999999999999983,-0.0040000000000000001,-0.00050000000000000001,3.7160627221572366e-05,-6.9525231053661836e-05,-0.002055291082155933
621,0.0040000000000000001,-0.0040000000000000001,-0.00050000000000000001,6.5434914236135321e-05,-7.4840953323574225e-05,-0.0020300284169321582
622,0.0060000000000000019,-0.0040000000000000001,-0.00050000000000000001,7.9984410359908297e-05,-6.7733994563743153e-05,-0.0018263585875992123
623,0.0080000000000000002,-0.0040000000000000001,-0.00050000000000000001,6.9787223226061619e-05,-3.5235266734006014e-05,-0.0014455802244002667
624,0.0099999999999999985,-0.0040000000000000001,-0.00050000000000000001,3.7467591133937331e-05,-9.6861112364645163e-06,-0.0009642134917211832
625,0.012,-0.0040000000000000001,-0.00050000000000000001,5.1655647209955416e-06,1.3957658195135839e-06,-0.00050045157617104692
626,0.014000000000000002,-0.0040000000000000001,-0.00050000000000000001,-4.894564950267813e-06,1.3194031009645348e-07,-0.00015098870695018888
627,0.016000000000000004,-0.0040000000000000001,-0.00050000000000000001,0,0,0
628,0.017999999999999999,-0.0040000000000000001,-0.00050000000000000001,0,0,0
629,0.02,-0.0040000000000000001,-0.00050000000000000001,0,0,0
630,-0.02,-0.0019999999999999983,-0.00050000000000000001,0,0,0
631,-0.018000000000000002,-0.0019999999999999983,-0.00050000000000000001,0,0,0
632,-0.016,-0.0019999999999999983,-0.00050000000000000001,0,0,0
633,-0.014,-0.0019999999999999983,-0.00050000000000000001,5.9870246354943895e-06,7.4848383273497707e-07,-6.455208060703453e-05
634,-0.012,-0.0019999999999999983,-0.00050000000000000001,1.3194000655514369e-05,2.1850426251504099e-06,-0.00023123801005673494
635,-0.01,-0.0019999999999999983,-0.00050000000000000001,1.1073302098057726e-05,2.1893661652063831e-06,-0.00047908438116302346
636,-0.0080000000000000002,-0.0019999999999999983,-0.00050000000000000001,2.121276058073313e-07,1.1025272267580886e-07,-0.00079275582246428387
637,-0.0060000000000000001,-0.0019999999999999983,-0.00050000000000000001,-1.4664927370074015e-05,-5.2349253170317602e-06,-0.0011656611998328503
638,-0.0040000000000000001,-0.0019999999999999983,-0.00050000000000000001,-2.736433591542376e-05,-1.6787209718632482e-05,-0.0015851670082754476
639,-0.0019999999999999983,-0.0019999999999999983,-0.00050000000000000001,-2.8461910355637716e-05,-3.1868169247353356e-05,-0.002036788840913259
640,0,-0.0019999999999999983,-0.00050000000000000001,-1.294456277369731e-05,-3.8148345877890966e-05,-0.0024957382484159184
641,0.0019999999999999983,-0.0019999999999999983,-0.00050000000000000001,5.0531843789277966e-05,-5.2310399052941955e-05,-0.0026152483927460706
642,0.0040000000000000001,-0.0019999999999999983,-0.00050000000000000001,0.00012062798092479111,-5.6903223126411404e-05,-0.002609914646244296
643,0.0060000000000000019,-0.0019999999999999983,-0.00050000000000000001,0.0001788564321304343,-6.1124384189614075e-05,-0.0024357522190909323
644,0.0080000000000000002,-0.0019999999999999983,-0.00050000000000000001,0.00015748999735543462,-3.2953880121805183e-05,-0.0018543998487895335
645,0.0099999999999999985,-0.0019999999999999983,-0.00050000000000000001,8.9025639772737157e-05,-9.9499211657992745e-06,-0.0011906889792741031
646,0.012,-0.0019999999999999983,-0.00050000000000000001,2.6734119106580439e-05,-1.705663129178501e-06,-0.00060192127197907061
647,0.014000000000000002,-0.0019999999999999983,-0.00050000000000000001,-1.8491569751428278e-07,-9.0167204512377227e-07,-0.00017883957810071199
648,0.016000000000000004,-0.0019999999999999983,-0.00050000000000000001,0,0,0
649,0.017999999999999999,-0.0019999999999999983,-0.00050000000000000001,0,0,0
650,0.02,-0.0019999999999999983,-0.00050000000000000001,0,0,0
651,-0.02,0,-0.00050000000000000001,0,0,0
652,-0.018000000000000002,0,-0.00050000000000000001,0,0,0
653,-0.016,0,-0.00050000000000000001,0,0,0
654,-0.014,0,-0.00050000000000000001,6.1039079369633197e-06,-1.7597735874240763e-20,-6.7534772041680769e-05
655,-0.012,0,-0.00050000000000000001,1.3236984389874587e-05,-3.5697656251430605e-20,-0.00024137355619557188
656,-0.01,0,-0.00050000000000000001,1.0132449197528355e-05,-1.368515431621815e-19,-0.00049987505416636258
657,-0.0080000000000000002,0,-0.00050000000000000001,-4.2188850381378992e-06,-4.6845524812473926e-20,-0.00082760560950189798
658,-0.0060000000000000001,0,-0.00050000000000000001,-2.5373647475039735e-05,6.3066557154691436e-20,-0.0012240965614416408
659,-0.0040000000000000001,0,-0.00050000000000000001,-3.5318817487631445e-05,-1.2106410722773781e-20,-0.0016820430678351572
660,-0.0019999999999999983,0,-0.00050000000000000001,-3.8348845378477019e-05,4.9317332784744793e-19,-0.0022774199678162938
661,0,0,-0.00050000000000000001,-6.0007942913517614e-05,6.4781474950352998e-20,-0.0030301558612399527
662,0.0019999999999999983,0,-0.00050000000000000001,2.7879432488991575e-05,-1.4123368374907099e-19,-0.0031454905114731918
663,0.0040000000000000001,0,-0.00050000000000000001,0.00013977318368032759,3.5645123122875711e-19,-0.0031467922577671651
664,0.0060000000000000019,0,-0.00050000000000000001,0.00024858114684503542,5.4601103507423452e-19,-0.0029681823687931542
665,0.0080000000000000002,0,-0.00050000000000000001,0.00027750032130864643,4.0588273050806915e-19,-0.0023229400596301766
666,0.0099999999999999985,0,-0.00050000000000000001,0.00013884859822334961,1.9791900044081341e-19,-0.0012732613646794951
667,0.012,0,-0.00050000000000000001,4.6007585896552108e-05,-1.7261840998975189e-19,-0.00064124211634616218
668,0.014000000000000002,0,-0.00050000000000000001,2.6420004897474514e-06,-7.4332442120366812e-20,-0.00018762782781598107
669,0.016000000000000004,0,-0.00050000000000000001,0,0,0
670,0.017999999999999999,0,-0.00050000000000000001,0,0,0
671,0.02,0,-0.00050000000000000001,0,0,0
672,-0.02,0.0019999999999999983,-0.00050000000000000001,0,0,0
673,-0.018000000000000002,0.0019999999999999983,-0.00050000000000000001,0,0,0
674,-0.016,0.0019999999999999983,-0.00050000000000000001,0,0,0
675,-0.014,0.0019999999999999983,-0.00050000000000000001,5.9870246354943887e-06,-7.4848383273502154e-07,-6.4552080607034612e-05
676,-0.012,0.0019999999999999983,-0.00050000000000000001,1.3194000655514327e-05,-2.1850426251504879e-06,-0.00023123801005673519
677,-0.01,0.0019999999999999983,-0.00050000000000000001,1.1073302098057647e-05,-2.1893661652065318e-06,-0.00047908438116302368
678,-0.0080000000000000002,0.0019999999999999983,-0.00050000000000000001,2.1212760580724029e-07,-1.1025272267618005e-07,-0.0007927558224642842
679,-0.0060000000000000001,0.0019999999999999983,-0.00050000000000000001,-1.4664927370074012e-05,5.2349253170316603e-06,-0.0011656611998328509
680,-0.0040000000000000001,0.0019999999999999983,-0.00050000000000000001,-2.7364335915423801e-05,1.6787209718632689e-05,-0.0015851670082754476
681,-0.0019999999999999983,0.0019999999999999983,-0.00050000000000000001,-2.8461910355638215e-05,3.1868169247353647e-05,-0.0020367888409132582
682,0,0.0019999999999999983,-0.00050000000000000001,-1.2944562773697435e-05,3.814834587789083e-05,-0.0024957382484159176
683,0.0019999999999999983,0.0019999999999999983,-0.00050000000000000001,5.0531843789278291e-05,5.2310399052941582e-05,-0.0026152483927460697
684,0.0040000000000000001,0.0019999999999999983,-0.00050000000000000001,0.00012062798092479126,5.6903223126411567e-05,-0.0026099146462442938
685,0.0060000000000000019,0.0019999999999999983,-0.00050000000000000001,0.00017885643213043375,6.1124384189614251e-05,-0.0024357522190909318
686,0.0080000000000000002,0.0019999999999999983,-0.00050000000000000001,0.00015748999735543424,3.2953880121806158e-05,-0.0018543998487895316
687,0.0099999999999999985,0.0019999999999999983,-0.00050000000000000001,8.9025639772736804e-05,9.9499211657996269e-06,-0.0011906889792741016
688,0.012,0.0019999999999999983,-0.00050000000000000001,2.673411910658033e-05,1.7056631291782748e-06,-0.00060192127197907018
689,0.014000000000000002,0.0019999999999999983,-0.00050000000000000001,-1.849156975143026e-07,9.0167204512360435e-07,-0.00017883957810071202
690,0.016000000000000004,0.0019999999999999983,-0.00050000000000000001,0,0,0
691,0.017999999999999999,0.0019999999999999983,-0.00050000000000000001,0,0,0
692,0.02,0.0019999999999999983,-0.00050000000000000001,0,0,0
693,-0.02,0.0040000000000000001,-0.00050000000000000001,0,0,0
694,-0.018000000000000002,0.0040000000000000001,-0.00050000000000000001,0,0,0
695,-0.016,0.0040000000000000001,-0.00050000000000000001,0,0,0
696,-0.014,0.0040000000000000001,-0.00050000000000000001,5.6024392420531308e-06,-1.4345217576546457e-06,-5.6053829043072413e-05
697,-0.012,0.0040000000000000001,-0.00050000000000000001,1.3086890928316325e-05,-4.150640460754611e-06,-0.00020268475487762348
698,-0.01,0.0040000000000000001,-0.00050000000000000001,1.3312885665080892e-05,-4.7132673359378358e-06,-0.00042050924619535708
699,-0.0080000000000000002,0.0040000000000000001,-0.00050000000000000001,6.4434038146377028e-06,-1.9673598287318449e-06,-0.00069253851528044486
700,-0.0060000000000000001,0.0040000000000000001,-0.00050000000000000001,-4.1625854832141474e-06,5.4683516625450151e-06,-0.0010065918078957976
701,-0.0040000000000000001,0.0040000000000000001,-0.00050000000000000001,-1.1909867067922167e-05,2.0344337779395895e-05,-0.001343515676841001
702,-0.0019999999999999983,0.0040000000000000001,-0.00050000000000000001,-8.5328642177203009e-06,3.9523393571641668e-05,-0.0016742105508504126
703,0,0.0040000000000000001,-0.00050000000000000001,9.2545968164320459e-06,5.231211314602379e-05,-0.0019345959624880128
704,0.0019999999999999983,0.0040000000000000001,-0.00050000000000000001,3.7160627221573274e-05,6.9525231053662093e-05,-0.0020552910821559321
705,0.0040000000000000001,0.0040000000000000001,-0.00050000000000000001,6.5434914236136012e-05,7.4840953323573859e-05,-0.0020300284169321573
706,0.0060000000000000019,0.0040000000000000001,-0.00050000000000000001,7.9984410359908704e-05,6.773399456374356e-05,-0.0018263585875992114
707,0.0080000000000000002,0.0040000000000000001,-0.00050000000000000001,6.9787223226061917e-05,3.523526673400615e-05,-0.0014455802244002654
708,0.0099999999999999985,0.0040000000000000001,-0.00050000000000000001,3.7467591133937446e-05,9.6861112364645044e-06,-0.00096421349172118233
709,0.012,0.0040000000000000001,-0.00050000000000000001,5.1655647209955026e-06,-1.3957658195137562e-06,-0.00050045157617104648
710,0.014000000000000002,0.0040000000000000001,-0.00050000000000000001,-4.8945649502678918e-06,-1.3194031009659785e-07,-0.00015098870695018883
711,0.016000000000000004,0.0040000000000000001,-0.00050000000000000001,0,0,0
712,0.017999999999999999,0.0040000000000000001,-0.00050000000000000001,0,0,0
713,0.02,0.0040000000000000001,-0.00050000000000000001,0,0,0
714,-0.02,0.0060000000000000019,-0.00050000000000000001,0,0,0
715,-0.018000000000000002,0.0060000000000000019,-0.00050000000000000001,0,0,0
716,-0.016,0.0060000000000000019,-0.00050000000000000001,0,0,0
717,-0.014,0.0060000000000000019,-0.00050000000000000001,4.8898329489300666e-06,-1.940957682898744e-06,-4.3454402684470622e-05
718,-0.012,0.0060000000000000019,-0.00050000000000000001,1.2087072408068912e-05,-5.5429173415573604e-06,-0.00016056884350549929
719,-0.01,0.0060000000000000019,-0.00050000000000000001,1.3930994000756603e-05,-7.0786311877826043e-06,-0.00033519688901054173
720,-0.0080000000000000002,0.0060000000000000019,-0.00050000000000000001,1.0457896243969698e-05,-5.5121702384301726e-06,-0.00055041287264569075
721,-0.0060000000000000001,0.0060000000000000019,-0.00050000000000000001,4.5352691508465693e-06,2.7109814772459189e-07,-0.00079234579493952964
722,-0.0040000000000000001,0.0060000000000000019,-0.00050000000000000001,5.1202656780590373e-07,1.1700138702151388e-05,-0.0010430735869150594
723,-0.0019999999999999983,0.0060000000000000019,-0.00050000000000000001,1.7783482659204805e-06,2.7164602830916851e-05,-0.0012722843331078989
724,0,0.0060000000000000019,-0.00050000000000000001,8.3919996965858258e-06,4.5666304181572298e-05,-0.0014395165726051248
725,0.0019999999999999983,0.0060000000000000019,-0.00050000000000000001,1.789618754153159e-05,5.2204998469839581e-05,-0.0015123615084825671
726,0.0040000000000000001,0.0060000000000000019,-0.00050000000000000001,2.6743047318740561e-05,5.2765485614104586e-05,-0.0014693946238589727
727,0.0060000000000000019,0.0060000000000000019,-0.00050000000000000001,2.992095262200214e-05,4.0510982845263749e-05,-0.001303853738897948
728,0.0080000000000000002,0.0060000000000000019,-0.00050000000000000001,2.3256165341432642e-05,1.7034076355847951e-05,-0.0010322086975034508
729,0.0099999999999999985,0.0060000000000000019,-0.00050000000000000001,7.7066031821653924e-06,-3.9067902731356978e-08,-0.00069582444759774158
730,0.012,0.0060000000000000019,-0.00050000000000000001,-5.2337870131409454e-06,-5.31723859196162e-06,-0.00036563651113620619
731,0.014000000000000002,0.0060000000000000019,-0.00050000000000000001,-5.6522738024555272e-06,-1.9606071914815614e-06,-0.00011088452880606319
732,0.016000000000000004,0.0060000000000000019,-0.00050000000000000001,0,0,0
733,0.017999999999999999,0.0060000000000000019,-0.00050000000000000001,0,0,0
734,0.02,0.0060000000000000019,-0.00050000000000000001,0,0,0
735,-0.02,0.0080000000000000002,-0.00050000000000000001,0,0,0
736,-0.018000000000000002,0.0080000000000000002,-0.00050000000000000001,0,0,0
737,-0.016,0.0080000000000000002,-0.00050000000000000001,0,0,0
738,-0.014,0.0080000000000000002,-0.00050000000000000001,3.8466539400227667e-06,-2.0825345695555265e-06,-2.9009558734725607e-05
739,-0.012,0.0080000000000000002,-0.00050000000000000001,9.930554512159246e-06,-5.9543666125806086e-06,-0.00011199171077942836
740,-0.01,0.0080000000000000002,-0.00050000000000000001,1.2628950086826356e-05,-8.5261563949197395e-06,-0.00023828915706597365
741,-0.0080000000000000002,0.0080000000000000002,-0.00050000000000000001,1.1779968531572727e-05,-9.0819243768269665e-06,-0.00039367032276793211
742,-0.0060000000000000001,0.0080000000000000002,-0.00050000000000000001,8.9522370880775843e-06,-6.6689109353685095e-06,-0.0005650114716715353
743,-0.0040000000000000001,0.0080000000000000002,-0.00050000000000000001,6.1928996023977265e-06,-5.7386482416026203e-07,-0.00073623008873096901
744,-0.0019999999999999983,0.0080000000000000002,-0.00050000000000000001,5.104929141300749e-06,9.2844596827458014e-06,-0.00088498928444628107
745,0,0.0080000000000000002,-0.00050000000000000001,5.4825086593387613e-06,2.021592113285963e-05,-0.00098585035393483492
746,0.0019999999999999983,0.0080000000000000002,-0.00050000000000000001,6.6500849183918305e-06,2.2428353555572602e-05,-0.0010235074723980529
747,0.0040000000000000001,0.0080000000000000002,-0.00050000000000000001,7.6472787927410697e-06,1.989394800268683e-05,-0.00098086327552953517
748,0.0060000000000000019,0.0080000000000000002,-0.00050000000000000001,6.7310259444024318e-06,1.1190174253083427e-05,-0.00085924928489448775
749,0.0080000000000000002,0.0080000000000000002,-0.00050000000000000001,2.2044317654855912e-06,2.3922514106134081e-07,-0.00067258217161512729
750,0.0099999999999999985,0.0080000000000000002,-0.00050000000000000001,-4.442592075345042e-06,-7.4330938010285246e-06,-0.00044977686841979277
751,0.012,0.0080000000000000002,-0.00050000000000000001,-7.9830546326762936e-06,-7.6050954416943571e-06,-0.00023316015197297644
752,0.014000000000000002,0.0080000000000000002,-0.00050000000000000001,-4.4154598749368687e-06,-2.8064644103675615e-06,-6.8562146684797865e-05
753,0.016000000000000004,0.0080000000000000002,-0.00050000000000000001,0,0,0
754,0.017999999999999999,0.0080000000000000002,-0.00050000000000000001,0,0,0
755,0.02,0.0080000000000000002,-0.00050000000000000001,0,0,0
756,-0.02,0.0099999999999999985,-0.00050000000000000001,0,0,0
757,-0.018000000000000002,0.0099999999999999985,-0.00050000000000000001,0,0,0
758,-0.016,0.0099999999999999985,-0.00050000000000000001,0,0,0
759,-0.014,0.0099999999999999985,-0.00050000000000000001,2.7124910114425463e-06,-1.7485527639317862e-06,-1.5626920026619554e-05
760,-0.012,0.0099999999999999985,-0.00050000000000000001,7.1363615081627257e-06,-5.242720173468649e-06,-6.5064420094126856e-05
761,-0.01,0.0099999999999999985,-0.00050000000000000001,9.8548296009302979e-06,-8.4512441737069724e-06,-0.00014430310413028768
762,-0.0080000000000000002,0.0099999999999999985,-0.00050000000000000001,1.0584046420596122e-05,-1.0766348032369478e-05,-0.00024344882573500086
763,-0.0060000000000000001,0.0099999999999999985,-0.00050000000000000001,9.6672537876922732e-06,-1.1397288616943444e-05,-0.00035166441660923882
764,-0.0040000000000000001,0.0099999999999999985,-0.00050000000000000001,7.7390247643735369e-06,-9.6275456703970132e-06,-0.00045641608953127244
765,-0.0019999999999999983,0.0099999999999999985,-0.00050000000000000001,5.4579784262256711e-06,-5.5133672676821135e-06,-0.00054360981937034145
766,0,0.0099999999999999985,-0.00050000000000000001,3.3782026072816481e-06,-1.7299524573531375e-06,-0.00059982739978319997
767,0.0019999999999999983,0.0099999999999999985,-0.00050000000000000001,1.5501523051461554e-06,-5.5410453526893281e-07,-0.00061446584526075117
768,0.0040000000000000001,0.0099999999999999985,-0.00050000000000000001,-3.0449794996821105e-07,-2.4376058668979427e-06,-0.00058123058567125299
769,0.0060000000000000019,0.0099999999999999985,-0.00050000000000000001,-2.4573291714929509e-06,-5.6859573861938414e-06,-0.00050130839653219792
770,0.0080000000000000002,0.0099999999999999985,-0.00050000000000000001,-4.9689799520684152e-06,-8.9289408567694178e-06,-0.00038483857250544873
771,0.0099999999999999985,0.0099999999999999985,-0.00050000000000000001,-6.9760810032282345e-06,-9.813047557906822e-06,-0.00025064236542440333
772,0.012,0.0099999999999999985,-0.00050000000000000001,-6.5978372916836196e-06,-7.1358096177858704e-06,-0.00012425386035691045
773,0.014000000000000002,0.0099999999999999985,-0.00050000000000000001,-2.8844296626847648e-06,-2.4332101179550885e-06,-3.3678785872894421e-05
774,0.016000000000000004,0.0099999999999999985,-0.00050000000000000001,0,0,0
775,0.017999999999999999,0.0099999999999999985,-0.00050000000000000001,0,0,0
776,0.02,0.0099999999999999985,-0.00050000000000000001,0,0,0
777,-0.02,0.012,-0.00050000000000000001,0,0,0
778,-0.018000000000000002,0.012,-0.00050000000000000001,0,0,0
779,-0.016,0.012,-0.00050000000000000001,0,0,0
780,-0.014,0.012,-0.00050000000000000001,1.5075515714751922e-06,-1.0861068038726047e-06,-6.1343019148171537e-06
781,-0.012,0.012,-0.00050000000000000001,4.0559700085221046e-06,-3.5526713968953205e-06,-2.778857319779045e-05
782,-0.01,0.012,-0.00050000000000000001,6.186494182791373e-06,-6.3765772204677655e-06,-6.622611538837366e-05
783,-0.0080000000000000002,0.012,-0.00050000000000000001,7.4000265350470193e-06,-8.9435495232664098e-06,-0.0001164534710399967
784,-0.0060000000000000001,0.012,-0.00050000000000000001,7.4408087483757802e-06,-1.0875198300733639e-05,-0.0001714899189260641
785,-0.0040000000000000001,0.012,-0.00050000000000000001,6.3066050786970978e-06,-1.1559649019374572e-05,-0.00022373245782798584
786,-0.0019999999999999983,0.012,-0.00050000000000000001,4.3758159690225077e-06,-1.1145873317521822e-05,-0.00026570329506220096
787,0,0.012,-0.00050000000000000001,2.1628610526078544e-06,-1.0479679307035338e-05,-0.00029092601270219525
788,0.0019999999999999983,0.012,-0.00050000000000000001,-6.5363712300631941e-08,-9.9430954435766679e-06,-0.00029453675155314836
789,0.0040000000000000001,0.012,-0.00050000000000000001,-2.153601938633997e-06,-1.008732838826619e-05,-0.00027455368222892556
790,0.0060000000000000019,0.012,-0.00050000000000000001,-3.8716288656011176e-06,-1.0153280538132249e-05,-0.00023221009368833416
791,0.0080000000000000002,0.012,-0.00050000000000000001,-4.9140259206553764e-06,-9.543520796635892e-06,-0.00017305956168464385
792,0.0099999999999999985,0.012,-0.00050000000000000001,-4.9473836854370888e-06,-7.7659510426252331e-06,-0.00010735302078868711
793,0.012,0.012,-0.00050000000000000001,-3.6422488028327086e-06,-4.6621926987026651e-06,-4.8992683416086527e-05
794,0.014000000000000002,0.012,-0.00050000000000000001,-1.3751000613469852e-06,-1.3946469800662104e-06,-1.1650710231845836e-05
795,0.016000000000000004,0.012,-0.00050000000000000001,0,0,0
796,0.017999999999999999,0.012,-0.00050000000000000001,0,0,0
797,0.02,0.012,-0.00050000000000000001,0,0,0
798,-0.02,0.014000000000000002,-0.00050000000000000001,0,0,0
799,-0.018000000000000002,0.014000000000000002,-0.00050000000000000001,0,0,0
800,-0.016,0.014000000000000002,-0.00050000000000000001,0,0,0
801,-0.014,0.014000000000000002,-0.00050000000000000001,5.9160625521276643e-07,-5.1749101021230226e-07,-1.3041786860745071e-06
802,-0.012,0.014000000000000002,-0.00050000000000000001,1.3176490715753053e-06,-1.3311050659572369e-06,-6.2336955040984531e-06
803,-0.01,0.014000000000000002,-0.00050000000000000001,2.2118408244020908e-06,-2.4449213795902098e-06,-1.615920821547281e-05
804,-0.0080000000000000002,0.014000000000000002,-0.00050000000000000001,2.8262733652587624e-06,-3.5299268255782377e-06,-3.0609982556593926e-05
805,-0.0060000000000000001,0.014000000000000002,-0.00050000000000000001,2.9562186970460652e-06,-4.5878399275573774e-06,-4.7008810330849081e-05
806,-0.0040000000000000001,0.014000000000000002,-0.00050000000000000001,2.6367937408404367e-06,-5.36964413701795e-06,-6.2539091059884153e-05
807,-0.0019999999999999983,0.014000000000000002,-0.00050000000000000001,1.9863802246533326e-06,-5.8031021058911344e-06,-7.4747865628167136e-05
808,0,0.014000000000000002,-0.00050000000000000001,1.1188257798300118e-06,-5.8494832370050607e-06,-8.1603705982943639e-05
809,0.0019999999999999983,0.014000000000000002,-0.00050000000000000001,2.0730795427786327e-07,-5.7226882256814958e-06,-8.1770852323710739e-05
810,0.0040000000000000001,0.014000000000000002,-0.00050000000000000001,-6.4773194618866485e-07,-5.425659047117579e-06,-7.4800282506377953e-05
811,0.0060000000000000019,0.014000000000000002,-0.00050000000000000001,-1.3504469748921601e-06,-4.8958095040839803e-06,-6.1371075985889231e-05
812,0.0080000000000000002,0.014000000000000002,-0.00050000000000000001,-1.7114687692428091e-06,-4.0591987071747722e-06,-4.3394384025484574e-05
813,0.0099999999999999985,0.014000000000000002,-0.00050000000000000001,-1.5570046814865997e-06,-2.9934945300637948e-06,-2.4575694820140128e-05
814,0.012,0.014000000000000002,-0.00050000000000000001,-9.6171441473902314e-07,-1.6041459687065495e-06,-9.8411400310286269e-06
815,0.014000000000000002,0.014000000000000002,-0.00050000000000000001,-4.2051012455646134e-07,-5.3873011048512275e-07,-2.1479646791785756e-06
816,0.016000000000000004,0.014000000000000002,-0.00050000000000000001,0,0,0
817,0.017999999999999999,0.014000000000000002,-0.00050000000000000001,0,0,0
818,0.02,0.014000000000000002,-0.00050000000000000001,0,0,0
819,-0.02,0.016000000000000004,-0.00050000000000000001,0,0,0
820,-0.018000000000000002,0.016000000000000004,-0.00050000000000000001,0,0,0
821,-0.016,0.016000000000000004,-0.00050000000000000001,0,0,0
822,-0.014,0.016000000000000004,-0.00050000000000000001,0,0,0
823,-0.012,0.016000000000000004,-0.00050000000000000001,0,0,0
824,-0.01,0.016000000000000004,-0.00050000000000000001,0,0,0
825,-0.0080000000000000002,0.016000000000000004,-0.00050000000000000001,0,0,0
826,-0.0060000000000000001,0.016000000000000004,-0.00050000000000000001,0,0,0
827,-0.0040000000000000001,0.016000000000000004,-0.00050000000000000001,0,0,0
828,-0.0019999999999999983,0.016000000000000004,-0.00050000000000000001,0,0,0
829,0,0.016000000000000004,-0.00050000000000000001,0,0,0
830,0.0019999999999999983,0.016000000000000004,-0.00050000000000000001,0,0,0
831,0.0040000000000000001,0.016000000000000004,-0.00050000000000000001,0,0,0
832,0.0060000000000000019,0.016000000000000004,-0.00050000000000000001,0,0,0
833,0.0080000000000000002,0.016000000000000004,-0.00050000000000000001,0,0,0
834,0.0099999999999999985,0.016000000000000004,-0.00050000000000000001,0,0,0
835,0.012,0.016000000000000004,-0.00050000000000000001,0,0,0
836,0.014000000000000002,0.016000000000000004,-0.00050000000000000001,0,0,0
837,0.016000000000000004,0.016000000000000004,-0.00050000000000000001,0,0,0
838,0.017999999999999999,0.016000000000000004,-0.00050000000000000001,0,0,0
839,0.02,0.016000000000000004,-0.00050000000000000001,0,0,0
840,-0.02,0.017999999999999999,-0.00050000000000000001,0,0,0
841,-0.018000000000000002,0.017999999999999999,-0.00050000000000000001,0,0,0
842,-0.016,0.017999999999999999,-0.00050000000000000001,0,0,0
843,-0.014,0.017999999999999999,-0.00050000000000000001,0,0,0
844,-0.012,0.017999999999999999,-0.00050000000000000001,0,0,0
845,-0.01,0.017999999999999999,-0.00050000000000000001,0,0,0
846,-0.0080000000000000002,0.017999999999999999,-0.00050000000000000001,0,0,0
847,-0.0060000000000000001,0.017999999999999999,-0.00050000000000000001,0,0,0
848,-0.0040000000000000001,0.017999999999999999,-0.00050000000000000001,0,0,0
849,-0.0019999999999999983,0.017999999999999999,-0.00050000000000000001,0,0,0
850,0,0.017999999999999999,-0.00050000000000000001,0,0,0
851,0.0019999999999999983,0.017999999999999999,-0.00050000000000000001,0,0,0
852,0.0040000000000000001,0.017999999999999999,-0.00050000000000000001,0,0,0
853,0.0060000000000000019,0.017999999999999999,-0.00050000000000000001,0,0,0
854,0.0080000000000000002,0.017999999999999999,-0.00050000000000000001,0,0,0
855,0.0099999999999999985,0.017999999999999999,-0.00050000000000000001,0,0,0
856,0.012,0.017999999999999999,-0.00050000000000000001,0,0,0
857,0.014000000000000002,0.017999999999999999,-0.00050000000000000001,0,0,0
858,0.016000000000000004,0.017999999999999999,-0.00050000000000000001,0,0,0
859,0.017999999999999999,0.017999999999999999,-0.00050000000000000001,0,0,0
860,0.02,0.017999999999999999,-0.00050000000000000001,0,0,0
861,-0.02,0.02,-0.00050000000000000001,0,0,0
862,-0.018000000000000002,0.02,-0.00050000000000000001,0,0,0
863,-0.016,0.02,-0.00050000000000000001,0,0,0
864,-0.014,0.02,-0.00050000000000000001,0,0,0
865,-0.012,0.02,-0.00050000000000000001,0,0,0
866,-0.01,0.02,-0.00050000000000000001,0,0,0
867,-0.0080000000000000002,0.02,-0.00050000000000000001,0,0,0
868,-0.0060000000000000001,0.02,-0.00050000000000000001,0,0,0
869,-0.0040000000000000001,0.02,-0.00050000000000000001,0,0,0
870,-0.0019999999999999983,0.02,-0.00050000000000000001,0,0,0
871,0,0.02,-0.00050000000000000001,0,0,0
872,0.0019999999999999983,0.02,-0.00050000000000000001,0,0,0
873,0.0040000000000000001,0.02,-0.00050000000000000001,0,0,0
874,0.0060000000000000019,0.02,-0.00050000000000000001,0,0,0
875,0.0080000000000000002,0.02,-0.00050000000000000001,0,0,0
876,0.0099999999999999985,0.02,-0.00050000000000000001,0,0,0
877,0.012,0.02,-0.00050000000000000001,0,0,0
878,0.014000000000000002,0.02,-0.00050000000000000001,0,0,0
879,0.016000000000000004,0.02,-0.00050000000000000001,0,0,0
880,0.017999999999999999,0.02,-0.00050000000000000001,0,0,0
881,0.02,0.02,-0.00050000000000000001,0,0,0
882,-0.02,-0.02,0,0,0,0
883,-0.018000000000000002,-0.02,0,0,0,0
884,-0.016,-0.02,0,0,0,0
885,-0.014,-0.02,0,0,0,0
886,-0.012,-0.02,0,0,0,0
887,-0.01,-0.02,0,0,0,0
888,-0.0080000000000000002,-0.02,0,0,0,0
889,-0.0060000000000000001,-0.02,0,0,0,0
890,-0.0040000000000000001,-0.02,0,0,0,0
891,-0.0019999999999999983,-0.02,0,0,0,0
892,0,-0.02,0,0,0,0
893,0.0019999999999999983,-0.02,0,0,0,0
894,0.0040000000000000001,-0.02,0,0,0,0
895,0.0060000000000000019,-0.02,0,0,0,0
896,0.0080000000000000002,-0.02,0,0,0,0
897,0.0099999999999999985,-0.02,0,0,0,0
898,0.012,-0.02,0,0,0,0
899,0.014000000000000002,-0.02,0,0,0,0
900,0.016000000000000004,-0.02,0,0,0,0
901,0.017999999999999999,-0.02,0,0,0,0
902,0.02,-0.02,0,0,0,0
903,-0.02,-0.018000000000000002,0,0,0,0
904,-0.018000000000000002,-0.018000000000000002,0,0,0,0
905,-0.016,-0.018000000000000002,0,0,0,0
906,-0.014,-0.018000000000000002,0,0,0,0
907,-0.012,-0.018000000000000002,0,0,0,0
908,-0.01,-0.018000000000000002,0,0,0,0
909,-0.0080000000000000002,-0.018000000000000002,0,0,0,0
910,-0.0060000000000000001,-0.018000000000000002,0,0,0,0
911,-0.0040000000000000001,-0.018000000000000002,0,0,0,0
912,-0.0019999999999999983,-0.018000000000000002,0,0,0,0
913,0,-0.018000000000000002,0,0,0,0
914,0.0019999999999999983,-0.018000000000000002,0,0,0,0
915,0.0040000000000000001,-0.018000000000000002,0,0,0,0
916,0.0060000000000000019,-0.018000000000000002,0,0,0,0
917,0.0080000000000000002,-0.018000000000000002,0,0,0,0
918,0.0099999999999999985,-0.018000000000000002,0,0,0,0
919,0.012,-0.018000000000000002,0,0,0,0
920,0.014000000000000002,-0.018000000000000002,0,0,0,0
921,0.016000000000000004,-0.018000000000000002,0,0,0,0
922,0.017999999999999999,-0.018000000000000002,0,0,0,0
923,0.02,-0.018000000000000002,0,0,0,0
924,-0.02,-0.016,0,0,0,0
925,-0.018000000000000002,-0.016,0,0,0,0
926,-0.016,-0.016,0,0,0,0
927,-0.014,-0.016,0,0,0,0
928,-0.012,-0.016,0,0,0,0
929,-0.01,-0.016,0,0,0,0
930,-0.0080000000000000002,-0.016,0,0,0,0
931,-0.0060000000000000001,-0.016,0,0,0,0
932,-0.0040000000000000001,-0.016,0,0,0,0
933,-0.0019999999999999983,-0.016,0,0,0,0
934,0,-0.016,0,0,0,0
935,0.0019999999999999983,-0.016,0,0,0,0
936,0.0040000000000000001,-0.016,0,0,0,0
937,0.0060000000000000019,-0.016,0,0,0,0
938,0.0080000000000000002,-0.016,0,0,0,0
939,0.0099999999999999985,-0.016,0,0,0,0
940,0.012,-0.016,0,0,0,0
941,0.014000000000000002,-0.016,0,0,0,0
942,0.016000000000000004,-0.016,0,0,0,0
943,0.017999999999999999,-0.016,0,0,0,0
944,0.02,-0.016,0,0,0,0
945,-0.02,-0.014,0,0,0,0
946,-0.018000000000000002,-0.014,0,0,0,0
947,-0.016,-0.014,0,0,0,0
948,-0.014,-0.014,0,1.4198744922595891e-06,1.3394438526042198e-06,-1.6647708085295029e-06
949,-0.012,-0.014,0,3.5469305260561213e-06,4.6012269071386792e-06,-7.4695558741844307e-06
950,-0.01,-0.014,0,5.9100665111392951e-06,1.0053695431449814e-05,-1.8651215158587681e-05
951,-0.0080000000000000002,-0.014,0,7.5632941040644862e-06,1.6498114909373873e-05,-3.4445420300499468e-05
952,-0.0060000000000000001,-0.014,0,7.9024305727663246e-06,2.3187973298335983e-05,-5.225400041013924e-05
953,-0.0040000000000000001,-0.014,0,6.9669891319848173e-06,2.9239607086547651e-05,-6.906579995020264e-05
954,-0.0019999999999999983,-0.014,0,4.939092955474816e-06,3.3992785438125064e-05,-8.2231836787177696e-05
955,0,-0.014,0,2.1334635605319243e-06,3.6473184551250294e-05,-8.960616975478214e-05
956,0.0019999999999999983,-0.014,0,-9.6713084883855363e-07,3.6536912208645959e-05,-8.9771806453766483e-05
957,0.0040000000000000001,-0.014,0,-3.927747469078203e-06,3.4195918747421342e-05,-8.2245959797204966e-05
958,0.0060000000000000019,-0.014,0,-6.276134261418965e-06,2.9524114372655868e-05,-6.7748877093213274e-05
959,0.0080000000000000002,-0.014,0,-7.3932736364710686e-06,2.2824185475060861e-05,-4.8350570671799647e-05
960,0.0099999999999999985,-0.014,0,-6.6935850835441424e-06,1.5002720491263035e-05,-2.7977398176826831e-05
961,0.012,-0.014,0,-4.3797011594772889e-06,7.2468069508786847e-06,-1.1625746023625728e-05
962,0.014000000000000002,-0.014,0,-1.7880413436637291e-06,2.0269675047182629e-06,-2.6417459433092254e-06
963,0.016000000000000004,-0.014,0,0,0,0
964,0.017999999999999999,-0.014,0,0,0,0
965,0.02,-0.014,0,0,0,0
966,-0.02,-0.012,0,0,0,0
967,-0.018000000000000002,-0.012,0,0,0,0
968,-0.016,-0.012,0,0,0,0
969,-0.014,-0.012,0,4.7523595646720866e-06,3.2525570610833446e-06,-7.3758112201320942e-06
970,-0.012,-0.012,0,1.1713452953162624e-05,1.1091841683220793e-05,-2.9876447487799558e-05
971,-0.01,-0.012,0,1.761826603392549e-05,2.2333970843253979e-05,-6.913890733468067e-05
972,-0.0080000000000000002,-0.012,0,2.1055588141001993e-05,3.5173986878021099e-05,-0.00012047412623398454
973,-0.0060000000000000001,-0.012,0,2.1451656160740019e-05,4.8111394264100751e-05,-0.00017687669158007412
974,-0.0040000000000000001,-0.012,0,1.8637857494539928e-05,5.9328498339675317e-05,-0.00023059044336569455
975,-0.0019999999999999983,-0.012,0,1.3167101533747184e-05,6.7635981412651137e-05,-0.00027386684809794002
976,0,-0.012,0,5.9620915893056154e-06,7.2559968585278478e-05,-0.00030015220631390599
977,0.0019999999999999983,-0.012,0,-2.1881649809928239e-06,7.3437426640897356e-05,-0.00030413253988471786
978,0.0040000000000000001,-0.012,0,-1.0309762118652613e-05,7.0353169338568513e-05,-0.00028377632581965171
979,0.0060000000000000019,-0.012,0,-1.7138212267998647e-05,6.256131520689116e-05,-0.0002402048782594465
980,0.0080000000000000002,-0.012,0,-2.1202675835387699e-05,5.0454885287467461e-05,-0.00017942559430272757
981,0.0099999999999999985,-0.012,0,-2.1097957673560382e-05,3.5160939467581558e-05,-0.00011203626962248619
982,0.012,-0.012,0,-1.6099169873290777e-05,1.8892848779546439e-05,-5.2221333722808286e-05
983,0.014000000000000002,-0.012,0,-7.4043413024488179e-06,5.912453531028904e-06,-1.355839039672576e-05
984,0.016000000000000004,-0.012,0,0,0,0
985,0.017999999999999999,-0.012,0,0,0,0
986,0.02,-0.012,0,0,0,0
987,-0.02,-0.01,0,0,0,0
988,-0.018000000000000002,-0.01,0,0,0,0
989,-0.016,-0.01,0,0,0,0
990,-0.014,-0.01,0,1.0122751588755937e-05,5.2483006649515484e-06,-1.8115070211779609e-05
991,-0.012,-0.01,0,2.3077528892203097e-05,1.615772713660924e-05,-6.7967273060201113e-05
992,-0.01,-0.01,0,3.2087145914342071e-05,2.9988693816518091e-05,-0.00014767365152529028
993,-0.0080000000000000002,-0.01,0,3.6605453611691008e-05,4.514071114365158e-05,-0.00024777003811883434
994,-0.0060000000000000001,-0.01,0,3.6401132971920875e-05,5.989520522824167e-05,-0.00035746875114719734
995,-0.0040000000000000001,-0.01,0,3.1862051440364705e-05,7.2344015308511454e-05,-0.00046421093401035902
996,-0.0019999999999999983,-0.01,0,2.360727020236652e-05,8.0756665110202344e-05,-0.000553331081617929
997,0,-0.01,0,1.2517592814724231e-05,8.5627530250807237e-05,-0.0006108874635360308
998,0.0019999999999999983,-0.01,0,-4.9697457648799946e-07,8.8157273188246089e-05,-0.00062670636032646754
999,0.0040000000000000001,-0.01,0,-1.4252816775448865e-05,8.7141155678063768e-05,-0.00059331487302794156
1000,0.0060000000000000019,-0.01,0,-2.6952344820187176e-05,8.0916340287684772e-05,-0.00051216632025819007
1001,0.0080000000000000002,-0.01,0,-3.6466688241289073e-05,6.9056694229862125e-05,-0.0003937044480276685
1002,0.0099999999999999985,-0.01,0,-3.973933312808729e-05,5.1483883004497932e-05,-0.00025742689288142803
1003,0.012,-0.01,0,-3.3955698749783433e-05,3.029973270717262e-05,-0.00012932603857525635
1004,0.014000000000000002,-0.01,0,-1.7527784842716262e-05,1.0744310845759015e-05,-3.7688680573181729e-05
1005,0.016000000000000004,-0.01,0,0,0,0
1006,0.017999999999999999,-0.01,0,0,0,0
1007,0.02,-0.01,0,0,0,0
1008,-0.02,-0.0080000000000000002,0,0,0,0
1009,-0.018000000000000002,-0.0080000000000000002,0,0,0,0
1010,-0.016,-0.0080000000000000002,0,0,0,0
1011,-0.014,-0.0080000000000000002,0,1.6168670315124623e-05,6.4030469852721331e-06,-3.2801117496217332e-05
1012,-0.012,-0.0080000000000000002,0,3.558445211155783e-05,1.8430090220128546e-05,-0.000115948796073232
1013,-0.01,-0.0080000000000000002,0,4.7417791969657786e-05,3.2564805870603595e-05,-0.00024254513639784196
1014,-0.0080000000000000002,-0.0080000000000000002,0,5.2415221663246283e-05,4.7459373180753356e-05,-0.00039902254587356197
1015,-0.0060000000000000001,-0.0080000000000000002,0,5.1411282083665304e-05,6.1431116118984194e-05,-0.0005723890989023418
1016,-0.0040000000000000001,-0.0080000000000000002,0,4.57782559859812e-05,7.2737080943389122e-05,-0.00074650067026310921
1017,-0.0019999999999999983,-0.0080000000000000002,0,3.6202007397850368e-05,7.9159626652259223e-05,-0.00089831678060015312
1018,0,-0.0080000000000000002,0,2.3051328486614977e-05,8.120325084426653e-05,-0.0010011764911251921
1019,0.0019999999999999983,-0.0080000000000000002,0,6.5111708611311263e-06,8.5166975722913372e-05,-0.0010406315942236243
1020,0.0040000000000000001,-0.0080000000000000002,0,-1.2023457404698043e-05,8.6287587522071151e-05,-0.00099788258798062367
1021,0.0060000000000000019,-0.0080000000000000002,0,-3.1194025210909932e-05,8.4812720812704365e-05,-0.00087502511036044006
1022,0.0080000000000000002,-0.0080000000000000002,0,-4.8639774492077682e-05,7.7788857488362916e-05,-0.00068609280167314087
1023,0.0099999999999999985,-0.0080000000000000002,0,-5.9190256709843582e-05,6.1899711547245059e-05,-0.00046022194631427642
1024,0.012,-0.0080000000000000002,0,-5.5360041362428001e-05,3.8295938728782646e-05,-0.0002410853582263768
1025,0.014000000000000002,-0.0080000000000000002,0,-3.0612670808831935e-05,1.4328961122640336e-05,-7.5242199597408611e-05
1026,0.016000000000000004,-0.0080000000000000002,0,0,0,0
1027,0.017999999999999999,-0.0080000000000000002,0,0,0,0
1028,0.02,-0.0080000000000000002,0,0,0,0
1029,-0.02,-0.0060000000000000001,0,0,0,0
1030,-0.018000000000000002,-0.0060000000000000001,0,0,0,0
1031,-0.016,-0.0060000000000000001,0,0,0,0
1032,-0.014,-0.0060000000000000001,0,2.2006749602667369e-05,6.207500693419777e-06,-4.8561351176346234e-05
1033,-0.012,-0.0060000000000000001,0,4.7522968552691605e-05,1.7478396098382034e-05,-0.00016576435339550873
1034,-0.01,-0.0060000000000000001,0,6.1788264775128823e-05,3.0143055827405574e-05,-0.00034072204367814515
1035,-0.0080000000000000002,-0.0060000000000000001,0,6.6945672578112809e-05,4.3068982195758077e-05,-0.00055739738312158844
1036,-0.0060000000000000001,-0.0060000000000000001,0,6.5051601661603634e-05,5.4763340630349066e-05,-0.00080222091827794042
1037,-0.0040000000000000001,-0.0060000000000000001,0,5.8684408812528354e-05,6.2781967797131884e-05,-0.0010568622016510474
1038,-0.0019999999999999983,-0.0060000000000000001,0,4.9405200301373793e-05,6.6898426161605986e-05,-0.0012907079851172593
1039,0,-0.0060000000000000001,0,3.768649346656302e-05,6.5480924742097502e-05,-0.0014622429127525919
1040,0.0019999999999999983,-0.0060000000000000001,0,2.3150937748501369e-05,6.8423912507891736e-05,-0.0015365453340802793
1041,0.0040000000000000001,-0.0060000000000000001,0,3.3461661716159522e-06,7.0315067627521672e-05,-0.0014942284459756826
1042,0.0060000000000000019,-0.0060000000000000001,0,-2.2228233101431394e-05,7.3918468489697278e-05,-0.0013273679429801105
1043,0.0080000000000000002,-0.0060000000000000001,0,-5.1410079063571991e-05,7.5443316602729753e-05,-0.0010529871132819145
1044,0.0099999999999999985,-0.0060000000000000001,0,-7.4594264870697747e-05,6.3705525998328241e-05,-0.00071202546618581784
1045,0.012,-0.0060000000000000001,0,-7.7169111825937378e-05,3.997097493662824e-05,-0.00037786135439073822
1046,0.014000000000000002,-0.0060000000000000001,0,-4.483563040939925e-05,1.4639134849340026e-05,-0.00012077339293100894
1047,0.016000000000000004,-0.0060000000000000001,0,0,0,0
1048,0.017999999999999999,-0.0060000000000000001,0,0,0,0
1049,0.02,-0.0060000000000000001,0,0,0,0
1050,-0.02,-0.0040000000000000001,0,0,0,0
1051,-0.018000000000000002,-0.0040000000000000001,0,0,0,0
1052,-0.016,-0.0040000000000000001,0,0,0,0
1053,-0.014,-0.0040000000000000001,0,2.6713718997965342e-05,4.8172158702658544e-06,-6.2283865078075607e-05
1054,-0.012,-0.0040000000000000001,0,5.6997877798775368e-05,1.3518507566610239e-05,-0.00020908850258078221
1055,-0.01,-0.0040000000000000001,0,7.2998443093985854e-05,2.3001146937498114e-05,-0.00042750256710440327
1056,-0.0080000000000000002,-0.0040000000000000001,0,7.8345546325264443e-05,3.2480952836659902e-05,-0.00070147405922059121
1057,-0.0060000000000000001,-0.0040000000000000001,0,7.4855672274793289e-05,4.0945863835989287e-05,-0.0010190092789977327
1058,-0.0040000000000000001,-0.0040000000000000001,0,6.5959416721779002e-05,4.4339150652705856e-05,-0.0013604136627276642
1059,-0.0019999999999999983,-0.0040000000000000001,0,5.5290697476435983e-05,4.7427685546273881e-05,-0.0016975171887487902
1060,0,-0.0040000000000000001,0,5.1523827113927832e-05,4.5297589617085865e-05,-0.0019646314433758305
1061,0.0019999999999999983,-0.0040000000000000001,0,5.3054588595231403e-05,4.2737162921924569e-05,-0.0020863896659142015
1062,0.0040000000000000001,-0.0040000000000000001,0,4.553279531966223e-05,4.2481464996522917e-05,-0.0020608352358055418
1063,0.0060000000000000019,-0.0040000000000000001,0,1.635994951679658e-05,5.0092812727660237e-05,-0.0018581682049858333
1064,0.0080000000000000002,-0.0040000000000000001,0,-3.0582975859167961e-05,6.1722076627264243e-05,-0.0014755163299265783
1065,0.0099999999999999985,-0.0040000000000000001,0,-7.8168420252356123e-05,5.3558431338323916e-05,-0.00098795029179095709
1066,0.012,-0.0040000000000000001,0,-9.3711757117878697e-05,3.2844330561136866e-05,-0.00051838806518175284
1067,0.014000000000000002,-0.0040000000000000001,0,-5.6310324984871175e-05,1.0913001357052442e-05,-0.00016400522118425296
1068,0.016000000000000004,-0.0040000000000000001,0,0,0,0
1069,0.017999999999999999,-0.0040000000000000001,0,0,0,0
1070,0.02,-0.0040000000000000001,0,0,0,0
1071,-0.02,-0.0019999999999999983,0,0,0,0
1072,-0.018000000000000002,-0.0019999999999999983,0,0,0,0
1073,-0.016,-0.0019999999999999983,0,0,0,0
1074,-0.014,-0.0019999999999999983,0,2.975820467511994e-05,2.6124551612359057e-06,-7.1543308260592578e-05
1075,-0.012,-0.0019999999999999983,0,6.2900620703449519e-05,7.3385502575132145e-06,-0.00023846998488764997
1076,-0.01,-0.0019999999999999983,0,7.9103621650239279e-05,1.2288133934007292e-05,-0.00048708260080075041
1077,-0.0080000000000000002,-0.0019999999999999983,0,8.3550356162033851e-05,1.719049914972966e-05,-0.00080341655068473755
1078,-0.0060000000000000001,-0.0019999999999999983,0,7.9840388971297196e-05,2.2043352246057232e-05,-0.0011806588666233163
1079,-0.0040000000000000001,-0.0019999999999999983,0,7.1013825092991535e-05,2.0551686969058503e-05,-0.0016056968904044437
1080,-0.0019999999999999983,-0.0019999999999999983,0,5.898330057350995e-05,2.4806206412108003e-05,-0.0020638110711701046
1081,0,-0.0019999999999999983,0,4.6008103847144511e-05,2.0003826672063856e-05,-0.0025266533405863987
1082,0.0019999999999999983,-0.0019999999999999983,0,7.8304801710591198e-05,1.6911513608237857e-05,-0.0026491223959195323
1083,0.0040000000000000001,-0.0019999999999999983,0,0.0001138721220369788,1.2263237413190035e-05,-0.0026421257853063312
1084,0.0060000000000000019,-0.0019999999999999983,0,0.00011616595476716248,1.0193910458786722e-05,-0.0024677645627885821
1085,0.0080000000000000002,-0.0019999999999999983,0,2.5988836349370316e-05,4.5836646154831402e-05,-0.0018931647061303698
1086,0.0099999999999999985,-0.0019999999999999983,0,-6.1464678763224425e-05,2.9419114340079669e-05,-0.001223350769801986
1087,0.012,-0.0019999999999999983,0,-9.3258785715233755e-05,1.7608293288790032e-05,-0.00062468382314632206
1088,0.014000000000000002,-0.0019999999999999983,0,-6.0928723296708094e-05,5.0748997155544765e-06,-0.00019334945639438788
1089,0.016000000000000004,-0.0019999999999999983,0,0,0,0
1090,0.017999999999999999,-0.0019999999999999983,0,0,0,0
1091,0.02,-0.0019999999999999983,0,0,0,0
1092,-0.02,0,0,0,0,0
1093,-0.018000000000000002,0,0,0,0,0
1094,-0.016,0,0,0,0,0
1095,-0.014,0,0,3.0795358941833402e-05,-5.0140398463655308e-21,-7.48004557988743e-05
1096,-0.012,0,0,6.5026272714491937e-05,-1.1438388225834774e-20,-0.00024896432008312072
1097,-0.01,0,0,8.1072732996666889e-05,-7.7069335507602504e-20,-0.0005080977206193178
1098,-0.0080000000000000002,0,0,8.3525934323276825e-05,-1.4359723045749792e-20,-0.00083830422801844289
1099,-0.0060000000000000001,0,0,7.7198757988227593e-05,7.5564222956488323e-20,-0.0012399167322251364
1100,-0.0040000000000000001,0,0,6.5956524465012113e-05,-1.290335662376489e-19,-0.0017053018437615615
1101,-0.0019999999999999983,0,0,4.3818072940194879e-05,7.1192593286296273e-19,-0.0023020201336784911
1102,0,0,0,1.3052870813233276e-05,-1.4882098132259615e-19,-0.0030545040410224419
1103,0.0019999999999999983,0,0,8.1777618008543537e-05,-8.7719677405496577e-20,-0.0031732640005028849
1104,0.0040000000000000001,0,0,0.00015927871762203607,1.8390319486808777e-19,-0.0031738839088257401
1105,0.0060000000000000019,0,0,0.00021672575454479781,6.9468311750358261e-20,-0.0029940450572132384
1106,0.0080000000000000002,0,0,0.00019824761135313129,1.0108645757536261e-18,-0.0023409122866943697
1107,0.0099999999999999985,0,0,-1.1148743694776984e-05,-3.8307030003558873e-20,-0.0012978119713971995
1108,0.012,0,0,-8.5350485648193563e-05,-1.6256014052629297e-19,-0.00066376634877161108
1109,0.014000000000000002,0,0,-6.1323552438072334e-05,-9.19702031915258e-20,-0.00020253900481271114
1110,0.016000000000000004,0,0,0,0,0
1111,0.017999999999999999,0,0,0,0,0
1112,0.02,0,0,0,0,0
1113,-0.02,0.0019999999999999983,0,0,0,0
1114,-0.018000000000000002,0.0019999999999999983,0,0,0,0
1115,-0.016,0.0019999999999999983,0,0,0,0
1116,-0.014,0.0019999999999999983,0,2.9758204675119977e-05,-2.6124551612359464e-06,-7.1543308260592646e-05
1117,-0.012,0.0019999999999999983,0,6.2900620703449506e-05,-7.3385502575132171e-06,-0.00023846998488765019
1118,-0.01,0.0019999999999999983,0,7.9103621650239211e-05,-1.2288133934007361e-05,-0.00048708260080075058
1119,-0.0080000000000000002,0.0019999999999999983,0,8.3550356162033742e-05,-1.7190499149729883e-05,-0.00080341655068473809
1120,-0.0060000000000000001,0.0019999999999999983,0,7.9840388971297372e-05,-2.2043352246057123e-05,-0.001180658866623317
1121,-0.0040000000000000001,0.0019999999999999983,0,7.1013825092991359e-05,-2.0551686969058442e-05,-0.0016056968904044433
1122,-0.0019999999999999983,0.0019999999999999983,0,5.8983300573509476e-05,-2.4806206412107404e-05,-0.0020638110711701037
1123,0,0.0019999999999999983,0,4.6008103847144172e-05,-2.0003826672064114e-05,-0.0025266533405863983
1124,0.0019999999999999983,0.0019999999999999983,0,7.8304801710591605e-05,-1.6911513608238009e-05,-0.0026491223959195318
1125,0.0040000000000000001,0.0019999999999999983,0,0.00011387212203697782,-1.2263237413190594e-05,-0.002642125785306329
1126,0.0060000000000000019,0.0019999999999999983,0,0.00011616595476716192,-1.0193910458786487e-05,-0.0024677645627885813
1127,0.0080000000000000002,0.0019999999999999983,0,2.598883634936977e-05,-4.5836646154829993e-05,-0.0018931647061303681
1128,0.0099999999999999985,0.0019999999999999983,0,-6.1464678763224669e-05,-2.9419114340079398e-05,-0.0012233507698019843
1129,0.012,0.0019999999999999983,0,-9.32587857152337e-05,-1.7608293288790333e-05,-0.00062468382314632151
1130,0.014000000000000002,0.0019999999999999983,0,-6.0928723296708094e-05,-5.0748997155546628e-06,-0.00019334945639438791
1131,0.016000000000000004,0.0019999999999999983,0,0,0,0
1132,0.017999999999999999,0.0019999999999999983,0,0,0,0
1133,0.02,0.0019999999999999983,0,0,0,0
1134,-0.02,0.0040000000000000001,0,0,0,0
1135,-0.018000000000000002,0.0040000000000000001,0,0,0,0
1136,-0.016,0.0040000000000000001,0,0,0,0
1137,-0.014,0.0040000000000000001,0,2.6713718997965359e-05,-4.8172158702658773e-06,-6.2283865078075729e-05
1138,-0.012,0.0040000000000000001,0,5.6997877798775287e-05,-1.3518507566610286e-05,-0.00020908850258078251
1139,-0.01,0.0040000000000000001,0,7.2998443093985732e-05,-2.3001146937498121e-05,-0.00042750256710440382
1140,-0.0080000000000000002,0.0040000000000000001,0,7.8345546325264416e-05,-3.2480952836659929e-05,-0.00070147405922059186
1141,-0.0060000000000000001,0.0040000000000000001,0,7.4855672274792747e-05,-4.0945863835989212e-05,-0.0010190092789977335
1142,-0.0040000000000000001,0.0040000000000000001,0,6.5959416721778351e-05,-4.4339150652706012e-05,-0.0013604136627276644
1143,-0.0019999999999999983,0.0040000000000000001,0,5.5290697476435657e-05,-4.7427685546273658e-05,-0.0016975171887487902
1144,0,0.0040000000000000001,0,5.152382711392809e-05,-4.5297589617086434e-05,-0.0019646314433758305
1145,0.0019999999999999983,0.0040000000000000001,0,5.3054588595232094e-05,-4.2737162921924128e-05,-0.0020863896659142006
1146,0.0040000000000000001,0.0040000000000000001,0,4.5532795319662935e-05,-4.2481464996522808e-05,-0.0020608352358055405
1147,0.0060000000000000019,0.0040000000000000001,0,1.6359949516796868e-05,-5.0092812727659776e-05,-0.0018581682049858327
1148,0.0080000000000000002,0.0040000000000000001,0,-3.0582975859167704e-05,-6.1722076627263741e-05,-0.0014755163299265764
1149,0.0099999999999999985,0.0040000000000000001,0,-7.8168420252355906e-05,-5.3558431338323848e-05,-0.00098795029179095601
1150,0.012,0.0040000000000000001,0,-9.3711757117878684e-05,-3.2844330561136873e-05,-0.0005183880651817523
1151,0.014000000000000002,0.0040000000000000001,0,-5.6310324984871243e-05,-1.091300135705261e-05,-0.00016400522118425296
1152,0.016000000000000004,0.0040000000000000001,0,0,0,0
1153,0.017999999999999999,0.0040000000000000001,0,0,0,0
1154,0.02,0.0040000000000000001,0,0,0,0
1155,-0.02,0.0060000000000000019,0,0,0,0
1156,-0.018000000000000002,0.0060000000000000019,0,0,0,0
1157,-0.016,0.0060000000000000019,0,0,0,0
1158,-0.014,0.0060000000000000019,0,2.2006749602667372e-05,-6.2075006934197914e-06,-4.8561351176346335e-05
1159,-0.012,0.0060000000000000019,0,4.7522968552691551e-05,-1.7478396098382044e-05,-0.00016576435339550903
1160,-0.01,0.0060000000000000019,0,6.1788264775128674e-05,-3.0143055827405605e-05,-0.00034072204367814574
1161,-0.0080000000000000002,0.0060000000000000019,0,6.694567257811243e-05,-4.3068982195757813e-05,-0.0005573973831215892
1162,-0.0060000000000000001,0.0060000000000000019,0,6.5051601661603363e-05,-5.4763340630348971e-05,-0.00080222091827794118
1163,-0.0040000000000000001,0.0060000000000000019,0,5.8684408812527934e-05,-6.2781967797131708e-05,-0.0010568622016510481
1164,-0.0019999999999999983,0.0060000000000000019,0,4.9405200301373678e-05,-6.6898426161606244e-05,-0.0012907079851172596
1165,0,0.0060000000000000019,0,3.7686493466562871e-05,-6.5480924742097529e-05,-0.0014622429127525924
1166,0.0019999999999999983,0.0060000000000000019,0,2.3150937748501606e-05,-6.8423912507891492e-05,-0.0015365453340802789
1167,0.0040000000000000001,0.0060000000000000019,0,3.3461661716167599e-06,-7.031506762752151e-05,-0.0014942284459756822
1168,0.0060000000000000019,0.0060000000000000019,0,-2.2228233101430547e-05,-7.3918468489696994e-05,-0.0013273679429801103
1169,0.0080000000000000002,0.0060000000000000019,0,-5.1410079063571896e-05,-7.5443316602729672e-05,-0.001052987113281914
1170,0.0099999999999999985,0.0060000000000000019,0,-7.4594264870697516e-05,-6.3705525998327808e-05,-0.00071202546618581741
1171,0.012,0.0060000000000000019,0,-7.7169111825937175e-05,-3.9970974936628084e-05,-0.0003778613543907379
1172,0.014000000000000002,0.0060000000000000019,0,-4.4835630409399203e-05,-1.4639134849340072e-05,-0.00012077339293100886
1173,0.016000000000000004,0.0060000000000000019,0,0,0,0
1174,0.017999999999999999,0.0060000000000000019,0,0,0,0
1175,0.02,0.0060000000000000019,0,0,0,0
1176,-0.02,0.0080000000000000002,0,0,0,0
1177,-0.018000000000000002,0.0080000000000000002,0,0,0,0
1178,-0.016,0.0080000000000000002,0,0,0,0
1179,-0.014,0.0080000000000000002,0,1.6168670315124606e-05,-6.4030469852721492e-06,-3.2801117496217379e-05
1180,-0.012,0.0080000000000000002,0,3.5584452111557797e-05,-1.8430090220128624e-05,-0.00011594879607323222
1181,-0.01,0.0080000000000000002,0,4.741779196965765e-05,-3.256480587060371e-05,-0.00024254513639784236
1182,-0.0080000000000000002,0.0080000000000000002,0,5.241522166324612e-05,-4.7459373180753498e-05,-0.00039902254587356257
1183,-0.0060000000000000001,0.0080000000000000002,0,5.1411282083665006e-05,-6.1431116118984601e-05,-0.00057238909890234245
1184,-0.0040000000000000001,0.0080000000000000002,0,4.5778255985981037e-05,-7.2737080943389827e-05,-0.00074650067026310976
1185,-0.0019999999999999983,0.0080000000000000002,0,3.6202007397850436e-05,-7.9159626652259982e-05,-0.00089831678060015355
1186,0,0.0080000000000000002,0,2.3051328486614987e-05,-8.120325084426737e-05,-0.0010011764911251925
1187,0.0019999999999999983,0.0080000000000000002,0,6.511170861131222e-06,-8.5166975722914321e-05,-0.0010406315942236245
1188,0.0040000000000000001,0.0080000000000000002,0,-1.2023457404697905e-05,-8.6287587522071937e-05,-0.00099788258798062389
1189,0.0060000000000000019,0.0080000000000000002,0,-3.1194025210909498e-05,-8.4812720812704989e-05,-0.00087502511036043995
1190,0.0080000000000000002,0.0080000000000000002,0,-4.863977449207735e-05,-7.7788857488363309e-05,-0.00068609280167314076
1191,0.0099999999999999985,0.0080000000000000002,0,-5.9190256709843345e-05,-6.1899711547245358e-05,-0.00046022194631427626
1192,0.012,0.0080000000000000002,0,-5.5360041362427858e-05,-3.8295938728782599e-05,-0.00024108535822637666
1193,0.014000000000000002,0.0080000000000000002,0,-3.0612670808831901e-05,-1.4328961122640355e-05,-7.5242199597408556e-05
1194,0.016000000000000004,0.0080000000000000002,0,0,0,0
1195,0.017999999999999999,0.0080000000000000002,0,0,0,0
1196,0.02,0.0080000000000000002,0,0,0,0
1197,-0.02,0.0099999999999999985,0,0,0,0
1198,-0.018000000000000002,0.0099999999999999985,0,0,0,0
1199,-0.016,0.0099999999999999985,0,0,0,0
1200,-0.014,0.0099999999999999985,0,1.0122751588755964e-05,-5.2483006649515823e-06,-1.811507021177966e-05
1201,-0.012,0.0099999999999999985,0,2.3077528892203185e-05,-1.6157727136609382e-05,-6.7967273060201263e-05
1202,-0.01,0.0099999999999999985,0,3.2087145914342295e-05,-2.9988693816518433e-05,-0.00014767365152529072
1203,-0.0080000000000000002,0.0099999999999999985,0,3.6605453611691292e-05,-4.5140711143652244e-05,-0.0002477700381188351
1204,-0.0060000000000000001,0.0099999999999999985,0,3.64011329719212e-05,-5.9895205228242768e-05,-0.00035746875114719837
1205,-0.0040000000000000001,0.0099999999999999985,0,3.1862051440364983e-05,-7.2344015308512918e-05,-0.00046421093401036038
1206,-0.0019999999999999983,0.0099999999999999985,0,2.3607270202366594e-05,-8.0756665110203916e-05,-0.00055333108161793041
1207,0,0.0099999999999999985,0,1.2517592814724143e-05,-8.5627530250808944e-05,-0.00061088746353603221
1208,0.0019999999999999983,0.0099999999999999985,0,-4.9697457648805018e-07,-8.8157273188247946e-05,-0.00062670636032646895
1209,0.0040000000000000001,0.0099999999999999985,0,-1.4252816775448935e-05,-8.7141155678065367e-05,-0.00059331487302794264
1210,0.0060000000000000019,0.0099999999999999985,0,-2.6952344820187346e-05,-8.0916340287686127e-05,-0.00051216632025819094
1211,0.0080000000000000002,0.0099999999999999985,0,-3.6466688241289324e-05,-6.905669422986325e-05,-0.00039370444802766926
1212,0.0099999999999999985,0.0099999999999999985,0,-3.9739333128087527e-05,-5.1483883004498514e-05,-0.00025742689288142846
1213,0.012,0.0099999999999999985,0,-3.3955698749783582e-05,-3.0299732707172786e-05,-0.00012932603857525657
1214,0.014000000000000002,0.0099999999999999985,0,-1.7527784842716313e-05,-1.0744310845759063e-05,-3.7688680573181784e-05
1215,0.016000000000000004,0.0099999999999999985,0,0,0,0
1216,0.017999999999999999,0.0099999999999999985,0,0,0,0
1217,0.02,0.0099999999999999985,0,0,0,0
1218,-0.02,0.012,0,0,0,0
1219,-0.018000000000000002,0.012,0,0,0,0
1220,-0.016,0.012,0,0,0,0
1221,-0.014,0.012,0,4.7523595646721112e-06,-3.2525570610833438e-06,-7.3758112201320984e-06
1222,-0.012,0.012,0,1.1713452953162714e-05,-1.1091841683220817e-05,-2.9876447487799565e-05
1223,-0.01,0.012,0,1.7618266033925629e-05,-2.2333970843254047e-05,-6.9138907334680724e-05
1224,-0.0080000000000000002,0.012,0,2.1055588141002196e-05,-3.5173986878021303e-05,-0.0001204741262339847
1225,-0.0060000000000000001,0.012,0,2.1451656160740226e-05,-4.8111394264101043e-05,-0.0001768766915800744
1226,-0.0040000000000000001,0.012,0,1.863785749454006e-05,-5.9328498339675717e-05,-0.00023059044336569493
1227,-0.0019999999999999983,0.012,0,1.3167101533747262e-05,-6.7635981412651693e-05,-0.00027386684809794029
1228,0,0.012,0,5.9620915893056585e-06,-7.2559968585279115e-05,-0.00030015220631390637
1229,0.0019999999999999983,0.012,0,-2.1881649809928599e-06,-7.3437426640898007e-05,-0.00030413253988471813
1230,0.0040000000000000001,0.012,0,-1.0309762118652762e-05,-7.0353169338569096e-05,-0.00028377632581965198
1231,0.0060000000000000019,0.012,0,-1.7138212267998816e-05,-6.2561315206891526e-05,-0.00024020487825944669
1232,0.0080000000000000002,0.012,0,-2.1202675835387865e-05,-5.0454885287467725e-05,-0.0001794255943027277
1233,0.0099999999999999985,0.012,0,-2.1097957673560558e-05,-3.5160939467581646e-05,-0.00011203626962248631
1234,0.012,0.012,0,-1.6099169873290896e-05,-1.8892848779546425e-05,-5.222133372280832e-05
1235,0.014000000000000002,0.012,0,-7.4043413024488526e-06,-5.9124535310288803e-06,-1.355839039672577e-05
1236,0.016000000000000004,0.012,0,0,0,0
1237,0.017999999999999999,0.012,0,0,0,0
1238,0.02,0.012,0,0,0,0
1239,-0.02,0.014000000000000002,0,0,0,0
1240,-0.018000000000000002,0.014000000000000002,0,0,0,0
1241,-0.016,0.014000000000000002,0,0,0,0
1242,-0.014,0.014000000000000002,0,1.419874492259598e-06,-1.3394438526042213e-06,-1.6647708085295027e-06
1243,-0.012,0.014000000000000002,0,3.5469305260561463e-06,-4.6012269071386758e-06,-7.4695558741844425e-06
1244,-0.01,0.014000000000000002,0,5.9100665111393443e-06,-1.0053695431449804e-05,-1.8651215158587701e-05
1245,-0.0080000000000000002,0.014000000000000002,0,7.5632941040645624e-06,-1.6498114909373859e-05,-3.4445420300499495e-05
1246,-0.0060000000000000001,0.014000000000000002,0,7.9024305727664109e-06,-2.3187973298336027e-05,-5.2254000410139368e-05
1247,-0.0040000000000000001,0.014000000000000002,0,6.9669891319849096e-06,-2.9239607086547678e-05,-6.9065799950202762e-05
1248,-0.0019999999999999983,0.014000000000000002,0,4.9390929554748829e-06,-3.399278543812518e-05,-8.2231836787177885e-05
1249,0,0.014000000000000002,0,2.1334635605319557e-06,-3.6473184551250395e-05,-8.9606169754782289e-05
1250,0.0019999999999999983,0.014000000000000002,0,-9.6713084883856993e-07,-3.6536912208646053e-05,-8.9771806453766619e-05
1251,0.0040000000000000001,0.014000000000000002,0,-3.9277474690782614e-06,-3.419591874742143e-05,-8.2245959797205116e-05
1252,0.0060000000000000019,0.014000000000000002,0,-6.2761342614190607e-06,-2.9524114372655939e-05,-6.7748877093213436e-05
1253,0.0080000000000000002,0.014000000000000002,0,-7.3932736364711617e-06,-2.2824185475060902e-05,-4.835057067179979e-05
1254,0.0099999999999999985,0.014000000000000002,0,-6.6935850835442262e-06,-1.5002720491263074e-05,-2.7977398176826929e-05
1255,0.012,0.014000000000000002,0,-4.3797011594773414e-06,-7.2468069508786711e-06,-1.1625746023625767e-05
1256,0.014000000000000002,0.014000000000000002,0,-1.7880413436637477e-06,-2.0269675047182595e-06,-2.6417459433092352e-06
1257,0.016000000000000004,0.014000000000000002,0,0,0,0
1258,0.017999999999999999,0.014000000000000002,0,0,0,0
1259,0.02,0.014000000000000002,0,0,0,0
1260,-0.02,0.016000000000000004,0,0,0,0
1261,-0.018000000000000002,0.016000000000000004,0,0,0,0
1262,-0.016,0.016000000000000004,0,0,0,0
1263,-0.014,0.016000000000000004,0,0,0,0
1264,-0.012,0.016000000000000004,0,0,0,0
1265,-0.01,0.016000000000000004,0,0,0,0
1266,-0.0080000000000000002,0.016000000000000004,0,0,0,0
1267,-0.0060000000000000001,0.016000000000000004,0,0,0,0
1268,-0.0040000000000000001,0.016000000000000004,0,0,0,0
1269,-0.0019999999999999983,0.016000000000000004,0,0,0,0
1270,0,0.016000000000000004,0,0,0,0
1271,0.0019999999999999983,0.016000000000000004,0,0,0,0
1272,0.0040000000000000001,0.016000000000000004,0,0,0,0
1273,0.0060000000000000019,0.016000000000000004,0,0,0,0
1274,0.0080000000000000002,0.016000000000000004,0,0,0,0
1275,0.0099999999999999985,0.016000000000000004,0,0,0,0
1276,0.012,0.016000000000000004,0,0,0,0
1277,0.014000000000000002,0.016000000000000004,0,0,0,0
1278,0.016000000000000004,0.016000000000000004,0,0,0,0
1279,0.017999999999999999,0.016000000000000004,0,0,0,0
1280,0.02,0.016000000000000004,0,0,0,0
1281,-0.02,0.017999999999999999,0,0,0,0
1282,-0.018000000000000002,0.017999999999999999,0,0,0,0
1283,-0.016,0.017999999999999999,0,0,0,0
1284,-0.014,0.017999999999999999,0,0,0,0
1285,-0.012,0.017999999999999999,0,0,0,0
1286,-0.01,0.017999999999999999,0,0,0,0
1287,-0.0080000000000000002,0.017999999999999999,0,0,0,0
1288,-0.0060000000000000001,0.017999999999999999,0,0,0,0
1289,-0.0040000000000000001,0.017999999999999999,0,0,0,0
1290,-0.0019999999999999983,0.017999999999999999,0,0,0,0
1291,0,0.017999999999999999,0,0,0,0
1292,0.0019999999999999983,0.017999999999999999,0,0,0,0
1293,0.0040000000000000001,0.017999999999999999,0,0,0,0
1294,0.0060000000000000019,0.017999999999999999,0,0,0,0
1295,0.0080000000000000002,0.017999999999999999,0,0,0,0
1296,0.0099999999999999985,0.017999999999999999,0,0,0,0
1297,0.012,0.017999999999999999,0,0,0,0
1298,0.014000000000000002,0.017999999999999999,0,0,0,0
1299,0.016000000000000004,0.017999999999999999,0,0,0,0
1300,0.017999999999999999,0.017999999999999999,0,0,0,0
1301,0.02,0.017999999999999999,0,0,0,0
1302,-0.02,0.02,0,0,0,0
1303,-0.018000000000000002,0.02,0,0,0,0
1304,-0.016,0.02,0,0,0,0
1305,-0.014,0.02,0,0,0,0
1306,-0.012,0.02,0,0,0,0
1307,-0.01,0.02,0,0,0,0
1308,-0.0080000000000000002,0.02,0,0,0,0
1309,-0.0060000000000000001,0.02,0,0,0,0
1310,-0.0040000000000000001,0.02,0,0,0,0
1311,-0.0019999999999999983,0.02,0,0,0,0
1312,0,0.02,0,0,0,0
1313,0.0019999999999999983,0.02,0,0,0,0
1314,0.0040000000000000001,0.02,0,0,0,0
1315,0.0060000000000000019,0.02,0,0,0,0
1316,0.0080000000000000002,0.02,0,0,0,0
1317,0.0099999999999999985,0.02,0,0,0,0
1318,0.012,0.02,0,0,0,0
1319,0.014000000000000002,0.02,0,0,0,0
1320,0.016000000000000004,0.02,0,0,0,0
1321,0.017999999999999999,0.02,0,0,0,0
1322,0.02,0.02,0,0,0,0
